Algorithm: Kruskal's MST

MST edges:
154 155 1
233 14463 1
306 307 1
324 325 1
393 394 1
481 482 1
574 34053 1
708 709 1
829 33743 1
913 40392 1
921 37508 1
929 38499 1
976 977 1
1122 31336 1
1135 37782 1
1195 1196 1
1296 1297 1
1313 1314 1
1338 1339 1
1350 1351 1
1539 37398 1
1652 1653 1
1754 1755 1
2084 2085 1
2288 2289 1
2630 2631 1
2693 2694 1
2738 2739 1
2924 21275 1
2939 2940 1
3019 18865 1
3033 3034 1
3073 3074 1
3093 3094 1
3140 20237 1
3169 3170 1
3202 3203 1
3301 15629 1
3423 3424 1
3492 3493 1
3672 3673 1
3691 3692 1
3730 3731 1
3813 3814 1
3916 3917 1
4109 4110 1
4218 4219 1
4504 4505 1
4510 36652 1
4515 4516 1
4515 21833 1
4624 4625 1
4712 4713 1
4727 4728 1
4739 4740 1
4774 4775 1
4903 4904 1
4909 4910 1
4977 4978 1
5004 5005 1
5188 5189 1
5218 5219 1
5291 5292 1
5350 5351 1
5401 5402 1
5458 5459 1
5474 5475 1
5519 5520 1
5671 5672 1
5746 5747 1
5896 5897 1
5931 5932 1
5954 5955 1
6002 40901 1
6132 6133 1
6136 6137 1
6203 6204 1
6351 39076 1
6430 6431 1
6516 17277 1
6584 40356 1
6721 6722 1
6785 6786 1
6817 21453 1
6837 6838 1
6969 6970 1
7008 7009 1
7289 7290 1
7321 7322 1
7334 7335 1
7391 7392 1
7399 7400 1
7404 35921 1
7473 7474 1
7643 7644 1
7941 7942 1
7979 7980 1
8006 8007 1
8322 8323 1
8590 8591 1
8602 28535 1
8689 15337 1
8851 8852 1
8941 8942 1
8957 39399 1
9086 9087 1
9204 9205 1
9251 40916 1
9297 9298 1
9543 9544 1
9665 9666 1
9801 9802 1
9829 16737 1
9910 9911 1
9951 9952 1
9963 9964 1
10006 10007 1
10078 10079 1
10080 10081 1
10108 43592 1
10268 10269 1
10305 10306 1
10408 10409 1
10449 10450 1
10450 10451 1
10491 10492 1
10660 10661 1
10856 10857 1
11211 11212 1
11218 11219 1
11262 11263 1
11289 35040 1
11404 11405 1
11411 11412 1
11466 11467 1
11609 11610 1
11625 26807 1
11668 11669 1
11721 11722 1
12019 12020 1
12027 33984 1
12134 12135 1
12225 12226 1
12232 12233 1
12254 12255 1
12442 12443 1
12742 12743 1
12779 12780 1
12865 12866 1
12875 12876 1
13077 13078 1
13124 13125 1
13191 13192 1
13410 13411 1
13417 22386 1
13419 13420 1
13451 33616 1
13604 13605 1
13623 13624 1
13714 13715 1
13720 13721 1
13891 13892 1
13907 13908 1
13944 13945 1
13955 13956 1
14038 14039 1
14062 14063 1
14139 14140 1
14143 14144 1
14149 14150 1
14304 14305 1
14405 26315 1
14448 14449 1
14455 14456 1
14520 14521 1
14533 14534 1
14562 14563 1
14666 14667 1
14691 14692 1
14884 15087 1
14993 14994 1
15051 37414 1
15185 18943 1
15395 15396 1
15709 15710 1
15845 15846 1
15854 15855 1
15895 15896 1
16057 16058 1
16239 16240 1
16279 16280 1
16646 16647 1
16649 16650 1
16665 16666 1
16764 36090 1
16838 16839 1
16950 16951 1
17058 17059 1
17108 17109 1
17167 17168 1
17228 17229 1
17253 48605 1
17483 17484 1
17569 17570 1
17605 17606 1
17770 17771 1
17791 17792 1
17864 17865 1
17914 17915 1
17939 17940 1
17970 17971 1
18018 18019 1
18208 18209 1
18344 18345 1
18352 18353 1
18556 18557 1
18580 18581 1
18665 18666 1
18775 18776 1
18810 18811 1
18924 18925 1
18993 18994 1
19017 19018 1
19084 33785 1
19148 19149 1
19356 19357 1
19367 19368 1
19406 19407 1
19672 19673 1
20124 20125 1
20271 20272 1
20468 20469 1
20734 20735 1
20775 20776 1
20844 20845 1
20923 20924 1
21103 21104 1
21120 21121 1
21249 21250 1
21373 21374 1
21512 21513 1
21542 21543 1
21767 21768 1
21797 21798 1
21803 21804 1
21850 21851 1
22043 22044 1
22075 22076 1
22129 22130 1
22195 22196 1
22205 22206 1
22219 22220 1
22234 22235 1
22255 22256 1
22265 22266 1
22290 22291 1
22307 22308 1
22450 22451 1
22593 22594 1
22709 22710 1
22713 22714 1
22747 22748 1
22751 22752 1
22825 22826 1
23100 23101 1
23348 23349 1
23478 23479 1
23571 23572 1
23638 23639 1
23717 23718 1
23728 23729 1
23775 23776 1
23906 23907 1
24080 24081 1
24119 24120 1
24194 24195 1
24297 24298 1
24406 24407 1
24574 24575 1
24676 24677 1
24710 24711 1
24734 24735 1
24810 24811 1
24830 24831 1
24863 24864 1
24927 24928 1
24971 24972 1
25087 25088 1
25099 25100 1
25367 25368 1
25430 25431 1
25519 25520 1
25714 25715 1
25732 25733 1
25760 36242 1
25787 25788 1
25794 25795 1
25835 46091 1
25907 25908 1
25951 25952 1
26051 26052 1
26054 26055 1
26238 26239 1
26290 26291 1
26374 26375 1
26603 26604 1
26650 26651 1
26779 26780 1
26782 26783 1
26958 26959 1
26980 26981 1
27004 27005 1
27090 38226 1
27244 27245 1
27481 27482 1
27496 27497 1
27691 45107 1
27719 27720 1
27984 27985 1
27987 38280 1
28181 28182 1
28205 28206 1
28242 28243 1
28331 28332 1
28335 28336 1
28354 28355 1
28453 28454 1
28470 28471 1
28547 28548 1
28606 28607 1
28635 28636 1
28984 28985 1
29158 29159 1
29171 49434 1
29186 29187 1
29306 29307 1
29435 29436 1
29535 29536 1
29558 48403 1
29711 29712 1
29962 29963 1
29975 29976 1
30017 30018 1
30098 30099 1
30126 30127 1
30163 32731 1
30329 30330 1
30330 30331 1
30366 30367 1
30430 30431 1
30451 30452 1
30490 30491 1
30615 30616 1
30627 30628 1
30687 30688 1
30773 30774 1
30823 30824 1
30935 30936 1
30951 30952 1
30993 30994 1
31100 31101 1
31490 31491 1
31551 31552 1
31896 31897 1
32038 32039 1
32136 32137 1
32446 32447 1
32478 32479 1
32686 32687 1
32707 32708 1
32715 32716 1
32722 32723 1
32911 32912 1
33143 33144 1
33227 33228 1
33250 33251 1
33289 33290 1
33458 33459 1
33468 33469 1
33613 33614 1
33725 33726 1
33864 33865 1
33939 33940 1
33947 33948 1
34028 34029 1
34075 34076 1
34093 34094 1
34130 34131 1
34133 34134 1
34166 34167 1
34343 34344 1
34458 34459 1
34518 34519 1
34521 34522 1
34638 34639 1
34660 34661 1
34681 34682 1
35025 35026 1
35059 35060 1
35071 35072 1
35226 35227 1
35387 35388 1
35560 35561 1
35792 35793 1
35892 35893 1
36041 36042 1
36130 39736 1
36140 36141 1
36344 36345 1
36398 36399 1
36421 36422 1
36537 36538 1
36575 36576 1
37066 37067 1
37072 37073 1
37256 37257 1
37264 37265 1
37323 37324 1
37407 37408 1
37414 37415 1
37530 37531 1
37735 37736 1
37795 37796 1
37801 37802 1
37819 37820 1
37922 37923 1
38062 38063 1
38123 38124 1
38175 38176 1
38237 38238 1
38409 38410 1
38412 38413 1
38473 38474 1
38481 38482 1
38535 38536 1
38556 38557 1
38565 38566 1
38632 38633 1
38687 38688 1
38695 38696 1
39303 39304 1
39376 39377 1
39397 39398 1
39409 39410 1
39457 39458 1
39610 39611 1
39643 39644 1
39710 39711 1
39890 39891 1
39941 40073 1
39979 39980 1
39999 40000 1
40020 40021 1
40076 40077 1
40175 40176 1
40181 40182 1
40246 40247 1
40347 40348 1
40356 40357 1
40398 40399 1
40401 40402 1
40412 40413 1
40416 40417 1
40594 40595 1
40683 40684 1
40706 40707 1
40906 40907 1
41042 41043 1
41217 41218 1
41229 41230 1
41299 41300 1
41327 41328 1
41384 41385 1
41504 41505 1
41560 41561 1
41599 41600 1
41676 41677 1
41852 41853 1
41922 41923 1
41947 41948 1
41973 41974 1
41981 41982 1
41984 41985 1
41994 41995 1
42018 42019 1
42111 42112 1
42302 42303 1
42708 42709 1
42793 42794 1
42878 42879 1
43018 43019 1
43030 43031 1
43047 43048 1
43078 43079 1
43199 45331 1
43201 43202 1
43235 43236 1
43413 43414 1
43507 43508 1
43585 43586 1
43713 46023 1
43842 43843 1
44013 44014 1
44037 44038 1
44136 44137 1
44674 44675 1
44727 44728 1
44788 44789 1
44801 45024 1
45045 45046 1
45100 47449 1
45110 45111 1
45260 45261 1
45345 45346 1
45440 45441 1
45495 45496 1
45569 45570 1
45699 45700 1
45715 45716 1
45761 45762 1
45948 49208 1
46084 46085 1
46129 46130 1
46191 46192 1
46393 46394 1
46495 46496 1
46557 46558 1
46741 46742 1
46917 46918 1
47027 47028 1
47055 47056 1
47131 47132 1
47225 47226 1
47255 47256 1
47395 47396 1
47681 47682 1
47686 47687 1
47805 47806 1
47936 47937 1
47964 47965 1
48097 48098 1
48104 48105 1
48148 48149 1
48265 48266 1
48282 48283 1
48284 48285 1
48409 48410 1
48568 48569 1
48728 48729 1
48761 48762 1
49075 49076 1
49290 49291 1
49295 49296 1
49326 49327 1
49338 49339 1
49372 49373 1
49580 49581 1
49610 49611 1
49684 49685 1
49984 49985 1
1655 1656 2
3472 3473 2
24361 24362 2
12049 12050 2
24487 48813 2
24547 24548 2
12066 12067 2
24613 24614 2
12082 12083 2
12092 12093 2
12122 12123 2
6202 6203 2
1724 1725 2
6240 6241 2
12250 12251 2
3519 3520 2
12284 12285 2
12315 12316 2
25145 25146 2
25176 25177 2
25200 45094 2
12351 12352 2
25404 25405 2
12400 12401 2
12425 12426 2
25656 25657 2
25670 25671 2
3589 3590 2
25726 25727 2
12501 12502 2
12536 15647 2
12554 12555 2
12685 12686 2
25804 25805 2
25827 25828 2
6491 6492 2
25906 25907 2
12755 12756 2
12759 12760 2
26021 26022 2
12760 12761 2
1746 1747 2
26069 26070 2
26086 26087 2
12782 12783 2
12795 12796 2
26313 26314 2
26323 47493 2
26325 26326 2
12841 12842 2
6562 6563 2
1016 4180 2
26688 26689 2
6598 6599 2
13112 13113 2
26922 26923 2
3724 3725 2
13190 13191 2
6752 6753 2
13361 13362 2
27132 27133 2
1833 1834 2
27261 27262 2
27382 27383 2
13416 13417 2
6800 32331 2
6803 6804 2
27692 27693 2
3787 3788 2
13541 13542 2
13563 13564 2
28112 46134 2
28114 28115 2
6823 34303 2
13612 13613 2
1845 1846 2
13689 13690 2
6886 6887 2
28351 28352 2
1871 1872 2
28355 28356 2
28371 28372 2
28408 28409 2
13834 13835 2
28456 28457 2
13867 13868 2
28485 33226 2
28518 28519 2
13882 13883 2
3990 3991 2
7014 7015 2
28696 28697 2
28704 28705 2
28730 28731 2
28748 28749 2
28771 28772 2
28796 40318 2
28858 28859 2
28942 28943 2
7030 7031 2
29029 29030 2
29107 29108 2
7060 7061 2
14007 14008 2
7287 7288 2
4032 4033 2
4072 4073 2
29494 29495 2
29503 29504 2
29521 29522 2
1940 1941 2
4123 42782 2
14258 14259 2
29758 29759 2
29820 29821 2
29898 29899 2
29906 29907 2
4199 4200 2
14357 38366 2
30011 30012 2
1051 1052 2
30050 30051 2
4262 4263 2
7484 7485 2
14479 14480 2
30204 30205 2
7535 7536 2
14532 14533 2
7540 7541 2
7608 8748 2
14604 14605 2
14646 14647 2
30608 30609 2
4368 4369 2
30621 30622 2
14673 14674 2
14685 17317 2
7644 7645 2
30820 30821 2
14815 14816 2
30871 30872 2
30889 30890 2
30891 30892 2
7749 7750 2
7839 7840 2
15030 15031 2
15044 15045 2
31123 31124 2
31204 31205 2
31301 31302 2
31316 31317 2
31383 31384 2
7854 7855 2
15076 15077 2
31729 31730 2
31786 31787 2
15119 39828 2
31897 31898 2
31929 31930 2
32000 32001 2
7859 25764 2
15327 15328 2
32169 32170 2
32178 32179 2
32180 32181 2
32428 32429 2
15342 15343 2
32476 32477 2
15362 37072 2
15394 15395 2
4375 4376 2
15490 15491 2
15674 15675 2
32812 32813 2
2109 2110 2
32981 32982 2
33140 33141 2
15808 15809 2
33162 33163 2
33163 33164 2
33197 33198 2
2131 2132 2
8015 8016 2
33279 33280 2
15863 16575 2
33310 33311 2
33397 33398 2
8024 8025 2
15945 15946 2
33493 33494 2
15978 15979 2
8165 8166 2
16068 16069 2
33907 33908 2
16112 35247 2
16143 35307 2
33981 33982 2
34022 34023 2
8176 47645 2
34068 34069 2
8180 8181 2
34084 34085 2
34085 34086 2
16404 41622 2
16414 16415 2
16461 16462 2
34146 39251 2
16534 16535 2
34172 34173 2
34337 34338 2
16535 16536 2
34396 34397 2
34446 34447 2
8213 8214 2
8258 8259 2
2137 2138 2
34632 34633 2
16666 45612 2
34648 34649 2
16683 16684 2
16722 16723 2
35002 35003 2
16735 16736 2
8347 8348 2
16805 16806 2
35222 35223 2
8371 8372 2
35297 35298 2
35327 35328 2
35365 35366 2
16839 30843 2
35455 35456 2
35458 35459 2
35507 35508 2
8398 8399 2
35660 35661 2
35673 41472 2
8511 8512 2
35852 35853 2
17064 17065 2
8533 8534 2
36089 36090 2
36094 36095 2
8572 8573 2
17222 42790 2
36275 36276 2
36277 36278 2
36282 36283 2
2285 2286 2
36352 36353 2
17239 17240 2
1070 21809 2
36422 36423 2
17302 17303 2
17315 17316 2
36613 36614 2
36743 36744 2
36961 36962 2
36966 36967 2
37057 37058 2
17366 17367 2
17388 17389 2
37158 37159 2
37252 37253 2
17393 17394 2
17402 17403 2
37300 37301 2
37313 37314 2
8604 8605 2
17490 17491 2
17535 17536 2
37438 37439 2
17547 17548 2
37710 37711 2
8626 8627 2
37737 37738 2
17584 17585 2
17603 19671 2
8631 28856 2
37821 37822 2
37828 37829 2
37849 37850 2
37859 37860 2
17622 17623 2
37958 37959 2
37974 37975 2
17765 17766 2
8681 8682 2
38138 38139 2
38172 38173 2
4700 4701 2
38182 38183 2
38218 38219 2
38220 38221 2
8745 8746 2
38313 38314 2
38357 38358 2
2324 25562 2
17933 17934 2
4716 4717 2
17961 17962 2
38506 38507 2
2362 2363 2
8989 8990 2
18154 18155 2
2546 2547 2
4757 4758 2
9220 9221 2
39077 39078 2
39202 39203 2
39214 39215 2
18419 19241 2
39337 43529 2
18518 18519 2
9244 23704 2
2565 2566 2
39430 39431 2
18601 18602 2
4829 4830 2
9309 9310 2
18783 18784 2
39732 39733 2
39777 39778 2
39833 39834 2
18784 18785 2
9336 9337 2
39942 39943 2
9407 9408 2
18973 18974 2
1075 1076 2
40061 40062 2
595 596 2
40083 40084 2
19027 19028 2
9729 9730 2
40187 40188 2
19090 19091 2
40285 40286 2
19105 19106 2
4916 4917 2
4917 4918 2
9842 12818 2
40410 40411 2
9886 9887 2
9890 19108 2
40423 40424 2
19684 19685 2
19782 19783 2
19791 19792 2
40855 40856 2
40903 40904 2
19798 19799 2
40928 40929 2
40943 40944 2
40946 40947 2
19962 19963 2
41055 41056 2
41144 41145 2
20118 20119 2
41220 49133 2
2713 29865 2
20184 20185 2
691 692 2
20390 20391 2
41419 41420 2
41452 41453 2
20449 38497 2
5107 43495 2
20492 20493 2
20544 20545 2
41818 41819 2
41826 41827 2
41836 41837 2
20605 20606 2
20623 20624 2
20679 20680 2
41958 41959 2
9968 9969 2
20748 20749 2
20756 20757 2
41987 41988 2
5122 38370 2
41999 42000 2
20827 20828 2
42071 42072 2
5179 5180 2
42128 42129 2
42229 42230 2
20900 20901 2
42388 42389 2
42572 42573 2
42586 42587 2
42596 42597 2
42697 42698 2
2825 2826 2
42740 42741 2
42750 42751 2
21099 21100 2
10108 10109 2
42924 42925 2
42950 42951 2
2858 2859 2
57 58 2
21256 21257 2
43063 43064 2
21365 21366 2
10279 14484 2
21380 34207 2
43207 43208 2
21382 21383 2
43278 43279 2
43296 43297 2
21458 21459 2
43424 43425 2
43438 43439 2
43442 43443 2
43479 43480 2
5325 5326 2
43519 43520 2
10317 10318 2
43617 43618 2
43637 43638 2
43704 43705 2
21580 21581 2
43756 43757 2
21734 21735 2
43920 43921 2
43921 43922 2
43996 43997 2
10380 10381 2
1197 1198 2
5388 5389 2
44289 44290 2
44377 44378 2
44385 44386 2
44390 44391 2
44552 44553 2
1209 1210 2
21895 21896 2
21942 21943 2
44790 44791 2
21952 21953 2
21977 34423 2
45069 45070 2
45080 45081 2
238 239 2
45107 45108 2
10658 10659 2
45185 45186 2
414 15769 2
45340 45341 2
10689 10690 2
45412 46362 2
10696 10697 2
299 300 2
10894 10895 2
11026 11027 2
22263 49534 2
11142 22608 2
45831 45832 2
22277 22278 2
46049 46050 2
504 505 2
1406 1407 2
22351 22352 2
46268 46269 2
46298 46299 2
46311 46312 2
160 161 2
11270 11271 2
22651 22652 2
46572 46573 2
46596 46597 2
46657 46658 2
22655 22656 2
46860 46861 2
46864 46865 2
22704 22705 2
3229 7505 2
11324 11325 2
47057 47058 2
47072 47073 2
47116 47117 2
11353 11354 2
994 995 2
3357 3358 2
47305 47306 2
22958 22959 2
47405 47406 2
47406 47407 2
47506 47507 2
23077 23078 2
11450 11451 2
47768 47769 2
23113 23114 2
23228 23229 2
11456 11457 2
47986 47987 2
6004 6005 2
6073 38766 2
23579 23580 2
23584 23585 2
6084 6085 2
23658 23659 2
23661 23662 2
6091 6092 2
48599 48600 2
11698 11699 2
23765 23766 2
48845 48846 2
49041 49042 2
23773 29252 2
49093 49094 2
49177 49178 2
6101 6102 2
23802 23803 2
49302 49303 2
23826 23827 2
23881 23882 2
11735 11736 2
49404 49405 2
49577 49578 2
23944 23945 2
11772 11773 2
49621 49622 2
11828 11829 2
49690 49691 2
49751 49752 2
49835 49836 2
49844 49845 2
49850 49851 2
49860 49861 2
49890 49891 2
24173 24174 2
3628 3629 3
31974 46822 3
31997 31998 3
31999 32000 3
5715 5716 3
32032 32033 3
3633 3634 3
8634 8635 3
20557 20558 3
8677 8678 3
13438 13439 3
32307 32308 3
20678 20679 3
5831 5832 3
2208 2209 3
2230 9939 3
32600 32601 3
13595 13596 3
8767 8768 3
20788 20789 3
5948 5949 3
32794 32795 3
8898 8899 3
32832 32833 3
32888 32889 3
3716 48730 3
13707 13708 3
33036 33037 3
33051 33052 3
33136 33137 3
20976 20977 3
5956 5957 3
33157 33158 3
5975 5976 3
13777 13778 3
21171 21172 3
13828 13829 3
9003 9004 3
21333 21334 3
13854 13855 3
9020 9021 3
5985 45447 3
9087 9088 3
21425 21426 3
9128 9129 3
33495 33496 3
33581 33582 3
21461 21462 3
33700 33701 3
5998 5999 3
33745 33746 3
21521 21522 3
33904 33905 3
3717 3718 3
33917 33918 3
9223 9224 3
21630 21631 3
21639 21640 3
21679 21680 3
21719 21720 3
9224 9225 3
21751 21752 3
21765 21766 3
817 818 3
21777 21778 3
14102 14103 3
14104 14105 3
14112 14113 3
14121 14122 3
9245 9246 3
34224 34225 3
34264 34265 3
34283 34284 3
34314 34315 3
6054 6055 3
21953 21954 3
34378 34379 3
1380 1381 3
34412 34413 3
14178 14179 3
22073 22074 3
14235 14236 3
3734 3735 3
34543 34544 3
34553 34554 3
34626 34627 3
3737 3738 3
3773 38688 3
9455 24699 3
2324 2325 3
14452 14453 3
34705 34706 3
34748 34749 3
34786 34787 3
34809 34810 3
9567 9568 3
9624 9625 3
1052 8853 3
6182 6183 3
35106 35107 3
35188 36030 3
6200 6201 3
3817 3818 3
35233 35234 3
22416 22417 3
3910 3911 3
35337 35338 3
2359 2360 3
14657 14658 3
9890 9891 3
22656 28309 3
6270 6271 3
6317 6318 3
35577 35578 3
6318 6319 3
14754 14755 3
35735 35736 3
35789 35790 3
14760 14761 3
35826 35827 3
35843 44839 3
1434 5286 3
22878 22879 3
36040 36041 3
22915 22916 3
36044 36045 3
36086 36087 3
14846 14847 3
23041 23042 3
36116 36117 3
23062 23063 3
36138 36139 3
6404 6405 3
36144 36145 3
36224 36225 3
14987 14988 3
2522 2523 3
36279 36280 3
23177 30151 3
36284 36285 3
4050 4051 3
1482 1483 3
23363 23364 3
10090 10091 3
23561 23562 3
36501 36502 3
10090 45161 3
4075 4076 3
23580 23581 3
36693 36694 3
15165 15166 3
36955 36956 3
23597 23598 3
15176 15177 3
37054 37055 3
23653 23654 3
1067 1068 3
15233 15234 3
37098 37099 3
37115 37116 3
37147 37148 3
15262 15263 3
15292 48194 3
15301 15302 3
10136 10137 3
6592 6593 3
1573 1574 3
4178 47289 3
2687 2688 3
15428 15429 3
37434 37435 3
23931 23932 3
37483 37484 3
23934 23935 3
37537 37538 3
37662 37663 3
15449 15450 3
23947 23948 3
23961 23962 3
37769 37770 3
15459 15460 3
24099 24100 3
10321 10322 3
15584 15585 3
10351 10352 3
24203 24204 3
24296 24297 3
6770 6771 3
24348 24349 3
15768 31098 3
24386 24387 3
38113 38114 3
15786 15787 3
24407 24408 3
24436 37469 3
24448 24449 3
24477 24478 3
38188 38189 3
1611 12596 3
24520 24521 3
4223 48467 3
38258 38259 3
38287 38288 3
254 255 3
38345 38346 3
24584 24585 3
38378 38379 3
24595 35264 3
10452 10453 3
24627 24628 3
24659 24660 3
15888 28750 3
24701 49407 3
38545 38546 3
4362 4363 3
15942 15943 3
38600 38601 3
24784 24785 3
38674 38675 3
24790 24791 3
10552 10553 3
38774 38775 3
38796 38797 3
38804 38805 3
38872 38873 3
38900 38901 3
38912 38913 3
39005 41472 3
39030 39031 3
39067 39068 3
15958 15959 3
39146 39147 3
10596 10597 3
24872 24873 3
39279 39280 3
39287 39288 3
24901 24902 3
15992 15993 3
39368 39369 3
24937 24938 3
24952 24953 3
10614 27206 3
903 904 3
6825 6826 3
39524 39525 3
25120 25121 3
16131 16132 3
6832 6833 3
39714 39715 3
16185 16186 3
25316 25317 3
25344 25345 3
2768 2769 3
16256 16257 3
10769 10770 3
39951 39952 3
25463 25464 3
25510 25511 3
10808 10809 3
25606 25607 3
40068 40069 3
4392 4393 3
25662 25663 3
40146 40147 3
10859 10860 3
25696 37332 3
16466 16467 3
40227 40228 3
16516 16517 3
40279 40280 3
25728 25729 3
40341 40342 3
609 610 3
10921 10922 3
25770 25771 3
10969 10970 3
1732 26929 3
2879 2880 3
11172 11173 3
11193 11194 3
40501 40502 3
40531 40532 3
16704 16705 3
40654 40655 3
2907 2908 3
4585 4586 3
25987 25988 3
11220 11221 3
7077 7078 3
7121 7122 3
7161 7162 3
7196 7197 3
26151 26152 3
26214 26215 3
41063 41064 3
11352 11353 3
41197 41198 3
7213 10989 3
17072 17073 3
17083 17084 3
41236 41237 3
41291 41292 3
17097 17098 3
11375 11376 3
41378 41379 3
11384 11385 3
26643 26644 3
7273 15899 3
41482 41483 3
639 28992 3
41526 41527 3
4641 4642 3
41589 41590 3
4665 4666 3
26880 26881 3
17285 17286 3
26951 26952 3
7326 7327 3
11498 11499 3
26985 26986 3
11605 11606 3
27076 27077 3
17379 17380 3
11606 11607 3
27137 27138 3
27192 27193 3
4694 4695 3
679 680 3
42000 42001 3
3000 3001 3
27426 27427 3
1803 1804 3
11715 11716 3
42206 42207 3
27505 27506 3
42251 42252 3
27528 40575 3
42376 42377 3
27583 31839 3
42452 42453 3
27585 27586 3
42582 42583 3
27587 27588 3
27621 27622 3
27645 27646 3
3021 3022 3
17561 17562 3
27714 27715 3
42762 42763 3
1813 1814 3
27910 27911 3
11736 11737 3
27985 27986 3
17599 17600 3
27999 28000 3
4755 4756 3
3059 3060 3
28177 28178 3
43086 43087 3
43155 43156 3
43159 43160 3
43199 43200 3
11968 11969 3
17658 17659 3
28241 28242 3
17718 38058 3
28305 28306 3
17725 17726 3
43311 43312 3
43390 43391 3
17750 17751 3
17758 17759 3
7543 7544 3
7563 7564 3
7604 7605 3
43483 43484 3
17801 17802 3
43518 43519 3
28444 37414 3
43528 43529 3
43538 43539 3
17834 31524 3
948 949 3
17870 25969 3
4792 4793 3
156 24734 3
28523 28524 3
43769 43770 3
43806 43807 3
43826 43827 3
7688 18365 3
43881 43882 3
28567 28568 3
4865 4866 3
7824 7825 3
17985 17986 3
44023 44024 3
3129 3130 3
18130 18131 3
44198 44199 3
44202 44203 3
1850 1851 3
1238 20773 3
18221 18222 3
18294 18295 3
44481 44482 3
44548 44549 3
28866 37764 3
44575 44576 3
44637 44638 3
1879 1880 3
4958 4959 3
44751 44752 3
12333 12334 3
29073 29074 3
18436 18437 3
44819 44820 3
44867 44868 3
44899 44900 3
45018 45019 3
29120 29121 3
18442 18443 3
18460 26742 3
18461 18462 3
18498 18499 3
29383 29384 3
45168 45169 3
12349 12350 3
45218 45219 3
29471 29472 3
45302 45303 3
29483 40778 3
1255 1256 3
45399 45400 3
29500 29501 3
12381 42002 3
3260 3261 3
45501 45502 3
3282 35037 3
45575 45576 3
8159 8160 3
45714 45715 3
3283 3284 3
45721 45722 3
29747 29748 3
1984 1985 3
45844 45845 3
45920 45921 3
29770 29771 3
46037 46038 3
18801 18802 3
3349 39194 3
18836 18837 3
29942 29943 3
46220 46221 3
29951 29952 3
18854 18855 3
18867 18868 3
46312 46313 3
46326 46327 3
46331 46332 3
46377 46378 3
18895 18896 3
18916 18917 3
12585 12586 3
46560 46561 3
12643 12644 3
46574 46575 3
46581 46582 3
30112 30113 3
2012 2013 3
46689 46690 3
46727 46728 3
8241 8242 3
46816 46817 3
3410 3411 3
30207 30208 3
30215 30216 3
46981 46982 3
30296 47376 3
47033 47034 3
19036 19037 3
19038 19039 3
30332 30333 3
8289 8290 3
30410 30411 3
47199 47200 3
30421 30422 3
47237 47238 3
2017 2018 3
12777 12778 3
990 991 3
30493 35092 3
30565 30566 3
47442 47443 3
47465 47466 3
30605 30606 3
8351 19830 3
8358 8359 3
47766 47767 3
125 126 3
19416 19417 3
47874 47875 3
19480 19481 3
30690 30691 3
19502 19503 3
48091 48092 3
30790 30791 3
19555 19556 3
757 758 3
30844 30845 3
8440 8441 3
19726 19727 3
19739 19740 3
48424 48425 3
12964 12965 3
12991 12992 3
48643 48644 3
48687 48688 3
48689 48690 3
13029 13030 3
31070 31071 3
48779 48780 3
48835 48836 3
5443 5444 3
48920 48921 3
48938 48939 3
49021 49022 3
20045 20046 3
31191 31192 3
20096 20097 3
13095 13096 3
49221 49222 3
49233 49234 3
20121 20122 3
31318 31319 3
31351 31352 3
31377 31378 3
3585 3586 3
31394 31395 3
1346 1347 3
49447 49448 3
49528 49529 3
49573 49574 3
31546 31547 3
20251 20252 3
49591 49592 3
31555 31556 3
31563 31564 3
49645 49646 3
31658 31659 3
3593 3594 3
20372 20373 3
49788 49789 3
31808 31809 3
31850 31851 3
31858 31859 3
31892 31893 3
5637 5638 3
49916 49917 3
49980 49981 3
20419 20420 3
20636 20637 4
37162 37163 4
6895 6896 4
11741 37185 4
11748 17375 4
27733 27734 4
27894 40658 4
20747 20748 4
37355 37356 4
37368 37369 4
37386 37387 4
27935 27936 4
27945 32125 4
37429 37430 4
6930 6931 4
11783 11784 4
8964 8965 4
15493 15494 4
28012 28013 4
37605 37606 4
37644 37645 4
20826 20827 4
11895 11896 4
15660 15661 4
6947 6948 4
11993 40907 4
15748 15749 4
37800 37801 4
15758 15759 4
322 323 4
38 39 4
9065 9066 4
21180 21181 4
21247 21248 4
3292 3293 4
885 2262 4
28372 28373 4
37985 37986 4
38048 38049 4
28379 37191 4
9125 9126 4
28425 28426 4
12114 12115 4
38141 38142 4
4224 4225 4
9131 9132 4
9132 9133 4
21402 21403 4
4236 4237 4
5527 5528 4
2597 2598 4
16004 16005 4
38279 38280 4
16041 16042 4
38304 38305 4
28613 28614 4
7164 7165 4
21556 21557 4
196 197 4
21620 21621 4
2644 2645 4
16125 16126 4
28782 28783 4
38490 38491 4
3415 3416 4
38521 38522 4
28839 28840 4
9264 9265 4
16160 16161 4
38558 38559 4
28910 28911 4
16166 16167 4
38620 38621 4
28947 28948 4
38673 38674 4
28954 28955 4
28965 28966 4
9281 9282 4
28993 28994 4
16220 16221 4
2677 2678 4
38814 38815 4
38868 38869 4
29091 29092 4
5892 5893 4
16276 16277 4
12427 12428 4
29167 29168 4
16365 16366 4
21927 21928 4
29212 29213 4
39152 39153 4
39196 39197 4
16373 16374 4
29315 29316 4
39254 39255 4
16387 16388 4
29390 29391 4
39293 39294 4
29394 29395 4
39306 39307 4
7292 7293 4
7299 7300 4
22014 22015 4
16455 16456 4
12523 12524 4
4436 4437 4
39445 39446 4
22080 23779 4
29530 29531 4
39542 39543 4
39579 39580 4
16472 16473 4
29545 29546 4
39644 39645 4
9531 9532 4
29570 29571 4
1071 1072 4
639 640 4
16586 16587 4
39877 39878 4
16619 16620 4
29785 29786 4
29802 29803 4
12659 12660 4
9581 9582 4
12687 12688 4
29928 29929 4
12690 12691 4
9593 9594 4
1924 1925 4
22373 22374 4
16718 16719 4
3574 3575 4
22475 22476 4
30072 30073 4
22518 22519 4
9683 9684 4
5969 5970 4
9741 9742 4
40305 40306 4
9746 9747 4
22689 22690 4
22694 22695 4
9748 9749 4
16876 16877 4
9776 9777 4
16971 16972 4
16999 17000 4
22772 22773 4
40450 40451 4
22778 22779 4
22794 22795 4
17002 17003 4
40618 40619 4
40653 40654 4
22829 29619 4
22841 22842 4
40698 40699 4
12846 12847 4
40750 40751 4
22883 49987 4
40859 40860 4
40899 40900 4
22890 22891 4
22901 22902 4
7421 7422 4
22935 22936 4
30650 30651 4
12870 12871 4
23010 23011 4
30738 30739 4
41115 41116 4
30742 30743 4
23031 23032 4
4533 4534 4
30817 30818 4
12947 12948 4
396 397 4
41251 41252 4
30842 30843 4
7507 7508 4
17188 17189 4
23126 23127 4
7534 7535 4
30913 30914 4
30917 30918 4
17226 17227 4
41491 41492 4
23282 23283 4
23324 23325 4
41544 41545 4
13068 13069 4
31088 39011 4
4589 43798 4
23471 23472 4
41778 41779 4
4591 4592 4
23540 23541 4
31263 31264 4
23553 23554 4
41879 41880 4
4600 4601 4
41939 41940 4
13115 13116 4
1959 1960 4
17321 17322 4
13156 13157 4
4630 4631 4
23635 23636 4
31505 31506 4
17387 17388 4
9986 9987 4
42005 42006 4
13272 13273 4
17401 17402 4
31653 31654 4
13280 13281 4
42156 42157 4
42170 42171 4
2800 2801 4
13387 13388 4
42241 42242 4
42250 42251 4
10045 10046 4
42270 42271 4
31823 31824 4
31827 31828 4
3600 30289 4
42434 42435 4
42444 42445 4
6092 6093 4
23823 23824 4
7651 7652 4
23878 23879 4
7672 39071 4
42620 42621 4
31964 31965 4
42699 42700 4
7683 7684 4
13528 13529 4
2824 2825 4
17619 17620 4
32007 32008 4
32030 32031 4
42888 42889 4
275 24876 4
32036 32037 4
17634 17635 4
32054 32055 4
32072 32073 4
24014 24015 4
24041 24042 4
32171 32172 4
43115 43116 4
13591 48084 4
10159 10160 4
32210 32211 4
24117 24118 4
32335 32336 4
10195 10196 4
10219 10220 4
43239 43240 4
1541 1542 4
7829 13860 4
32551 32552 4
32559 32560 4
1544 1545 4
32639 32640 4
17782 17783 4
24316 24317 4
24339 24340 4
2883 16739 4
32730 32731 4
32771 32772 4
24356 24357 4
1572 19468 4
13726 13727 4
43568 43569 4
43581 43582 4
32874 32875 4
17849 23124 4
13756 13757 4
43645 43646 4
43700 43701 4
32936 32937 4
24434 24435 4
33011 33012 4
43764 43765 4
4744 4745 4
7949 7950 4
24463 24464 4
43835 43836 4
24473 24474 4
1152 1153 4
43896 43897 4
43911 43912 4
13838 13839 4
24519 47735 4
43929 43930 4
43966 43967 4
7994 7995 4
33181 33182 4
7996 7997 4
33212 33213 4
44084 44085 4
7997 7998 4
18016 24367 4
2936 2937 4
44263 44264 4
44288 44289 4
24603 24604 4
33301 33302 4
18090 18091 4
13898 13899 4
932 933 4
13931 13932 4
24696 24697 4
10581 10582 4
209 210 4
44658 44659 4
33587 33588 4
33611 33612 4
18332 18333 4
44773 44774 4
44781 44782 4
33669 33670 4
8037 8038 4
14017 14018 4
10655 10656 4
44826 44827 4
6337 6338 4
24832 24833 4
44900 44901 4
14078 14079 4
18443 18444 4
45055 45056 4
33926 33927 4
33930 33931 4
2169 2170 4
142 143 4
2227 2228 4
34021 34022 4
10705 10706 4
10723 10724 4
45234 45235 4
18563 18564 4
8200 8201 4
10800 10801 4
8201 15312 4
25151 25152 4
34096 34097 4
18745 18746 4
25195 25196 4
14233 14234 4
45551 45552 4
34150 34151 4
34156 34157 4
25285 25286 4
45707 45708 4
10813 10814 4
34218 34219 4
6432 6433 4
18785 23348 4
45810 45811 4
34278 34279 4
45833 45834 4
25388 25389 4
6453 29513 4
1664 1665 4
45964 45965 4
25440 26617 4
14359 14360 4
6501 6502 4
10940 10941 4
46147 46148 4
25568 25569 4
25604 25605 4
46221 46222 4
34497 34498 4
34508 34509 4
10960 46376 4
25618 25619 4
46323 46324 4
34542 34543 4
3895 3896 4
11013 11014 4
34601 34602 4
18951 18952 4
46550 46551 4
14498 14499 4
25710 25711 4
6526 6527 4
19008 19009 4
11111 11112 4
6529 6530 4
46640 46641 4
6553 6554 4
46661 46662 4
14571 14572 4
8366 8367 4
34975 34976 4
46784 46785 4
2281 2282 4
19091 19092 4
513 514 4
25831 25832 4
46930 46931 4
35095 35096 4
47012 49073 4
19131 19132 4
3956 35967 4
47037 47038 4
8445 22682 4
767 768 4
14688 14689 4
35264 35265 4
6645 6646 4
19468 19469 4
14722 14723 4
11313 11314 4
35386 35387 4
8534 8535 4
47391 47392 4
26094 27203 4
26112 26113 4
35501 35502 4
47429 47430 4
5010 12773 4
26200 26201 4
19679 19680 4
47640 47641 4
35643 35644 4
5027 5028 4
47689 47690 4
47742 47743 4
35661 45484 4
997 998 4
47804 47805 4
14886 14887 4
47841 47842 4
14934 14935 4
47903 47904 4
47910 47911 4
14957 40835 4
35797 35798 4
769 770 4
47993 47994 4
26508 26509 4
26560 26561 4
35864 35865 4
19804 19805 4
48151 48152 4
26627 26628 4
26633 26634 4
19856 19857 4
48288 48289 4
48304 48305 4
48344 48345 4
36060 36061 4
19880 27865 4
3173 3174 4
48597 48598 4
26707 26708 4
15006 26828 4
48657 48658 4
1786 1787 4
20105 20106 4
26910 26911 4
11440 11441 4
36201 36202 4
48795 48796 4
1324 33255 4
5286 5287 4
48893 48894 4
2389 2390 4
5291 47982 4
49011 49012 4
20267 20268 4
27035 38453 4
8736 8737 4
20296 29229 4
36378 36379 4
49191 49192 4
20332 20333 4
36420 36421 4
49239 49240 4
20336 20337 4
4124 4125 4
36437 36438 4
15219 15220 4
8757 25829 4
49347 49348 4
27265 27266 4
27272 27273 4
36618 36619 4
49449 49450 4
49527 49528 4
27368 27369 4
36715 36716 4
6850 6851 4
36830 36831 4
36949 36950 4
8796 8797 4
49616 49617 4
6856 6857 4
4154 4155 4
36988 36989 4
37027 37028 4
37029 37030 4
37037 37038 4
8899 8900 4
20571 20572 4
20574 20575 4
20604 20605 4
37074 37075 4
8913 24771 4
49966 49967 4
20617 20618 4
15376 15377 4
12034 12035 5
38921 38922 5
38962 38963 5
24300 24301 5
39010 39011 5
9257 27086 5
214 215 5
19034 19035 5
5691 5692 5
7302 7303 5
24368 24369 5
24377 24378 5
2204 2205 5
12117 12118 5
913 914 5
5765 5766 5
9442 9443 5
30988 30989 5
2222 13438 5
31045 31046 5
39341 39342 5
19152 19153 5
19352 19353 5
415 416 5
31118 31119 5
15387 15388 5
31156 31157 5
31175 31176 5
7403 7404 5
9544 9545 5
39550 39551 5
31247 31248 5
24521 24522 5
19419 19420 5
24567 26822 5
39666 39667 5
39667 41779 5
39702 39703 5
9546 9547 5
647 648 5
4307 4308 5
31379 31380 5
19512 19513 5
19519 19520 5
19547 19548 5
15478 15479 5
19603 19604 5
19620 19621 5
19635 19636 5
1605 1606 5
31606 31607 5
9599 9600 5
15495 15496 5
31711 31712 5
31718 31719 5
15518 15519 5
40154 40155 5
12385 12386 5
15659 15660 5
9623 9624 5
12407 12408 5
922 6674 5
1617 1618 5
24911 27579 5
3291 3292 5
40320 40321 5
40328 40329 5
19936 19937 5
12451 12452 5
24955 24956 5
40359 40360 5
24970 24971 5
20013 20014 5
25035 25036 5
25063 42123 5
25066 25067 5
25068 25069 5
4408 4409 5
20084 20085 5
25105 25106 5
40590 40591 5
15806 15807 5
40604 40605 5
2290 2291 5
40636 40637 5
32082 32083 5
4490 4491 5
40670 42574 5
3299 47880 5
7587 7588 5
15866 15867 5
20216 20217 5
40755 40756 5
40851 40852 5
32202 32203 5
20221 20222 5
40869 40870 5
32277 32278 5
32296 32403 5
15874 15875 5
40908 40909 5
1625 9858 5
32384 32385 5
32413 32414 5
6034 6035 5
20288 48887 5
25409 25410 5
12671 12672 5
32489 32490 5
20319 20320 5
20331 20332 5
3321 25993 5
1638 45364 5
25562 25563 5
41242 41243 5
20338 48831 5
41262 41263 5
41282 41283 5
32714 32715 5
2347 18073 5
20381 33018 5
32723 32724 5
32727 32728 5
12733 43103 5
15994 15995 5
440 441 5
1162 1163 5
20473 20474 5
20475 20476 5
9935 33191 5
20503 20504 5
41565 41566 5
41582 41583 5
32930 32931 5
1162 2137 5
41607 41608 5
20552 20553 5
41761 41762 5
7718 7719 5
16122 16123 5
25781 25782 5
33134 33135 5
7720 7721 5
6129 6130 5
41902 41903 5
3442 3443 5
25810 25811 5
2409 2410 5
12845 12846 5
6173 6174 5
25839 32813 5
20661 45094 5
1673 1674 5
25926 25927 5
2537 2538 5
20701 20702 5
33294 33295 5
26005 39136 5
16252 21895 5
42084 42085 5
33381 33382 5
42115 42116 5
7899 7900 5
12911 12912 5
12945 48328 5
42203 42204 5
1679 1680 5
1719 1720 5
33532 33533 5
1180 1181 5
26126 26127 5
26127 26128 5
42291 42292 5
26145 26146 5
112 113 5
42380 42381 5
26178 26179 5
33721 33722 5
33722 33723 5
10173 10174 5
33727 33728 5
33728 33729 5
33733 33734 5
20851 21825 5
20858 20859 5
20881 20882 5
6274 6275 5
935 936 5
20942 20943 5
26344 26345 5
33937 33938 5
8001 8002 5
26460 26461 5
33966 33967 5
21000 21001 5
42940 42941 5
33999 34000 5
26522 26523 5
26542 26543 5
26550 26551 5
21069 21070 5
4726 4727 5
16493 16494 5
179 180 5
43145 43146 5
43151 43152 5
21128 21129 5
4728 4729 5
3631 3632 5
10332 10333 5
26711 26712 5
26757 26758 5
43215 43216 5
43228 43229 5
13197 13198 5
13219 13220 5
26798 26799 5
34201 34202 5
26819 26820 5
21297 21298 5
34244 34245 5
10333 10334 5
8066 8067 5
13292 13293 5
43470 43471 5
34290 34291 5
13300 36523 5
43504 43505 5
10355 10356 5
10362 10363 5
10369 10370 5
34380 34381 5
34394 34395 5
8117 8118 5
10394 10395 5
34417 34418 5
43604 43605 5
1226 1227 5
34452 34453 5
4753 4754 5
6443 6444 5
13510 13511 5
27221 27222 5
43751 43752 5
974 975 5
6455 6456 5
43765 43766 5
10513 10514 5
1812 1813 5
34583 34584 5
27273 27274 5
17051 17052 5
27378 27379 5
719 720 5
34644 34645 5
1276 1277 5
27461 27462 5
34664 34665 5
27464 27465 5
2798 2799 5
43997 43998 5
10625 10626 5
8267 8268 5
13693 13694 5
34818 34819 5
34895 34896 5
17157 17158 5
4849 4850 5
44205 44206 5
35006 35007 5
44281 44282 5
35010 35011 5
8308 8309 5
21883 21884 5
8315 8316 5
35082 47994 5
21925 21926 5
6539 6540 5
21929 21930 5
35204 35205 5
44600 44601 5
8344 8345 5
10715 10716 5
27751 27752 5
27759 27760 5
44746 44747 5
27771 27772 5
27873 27874 5
13783 13784 5
13812 33517 5
35380 35381 5
44794 44795 5
22007 22008 5
6548 16560 5
35417 35418 5
35420 37570 5
17314 17315 5
10749 10750 5
44903 44904 5
44935 44936 5
44967 44968 5
44986 44987 5
44999 45000 5
45008 45009 5
4855 4856 5
13840 13841 5
35551 35552 5
22125 47738 5
1840 1841 5
4891 4892 5
1843 1844 5
10845 10846 5
45135 45136 5
35664 35665 5
8383 8384 5
28220 48009 5
45225 45226 5
250 1589 5
17472 17473 5
28261 28262 5
8424 8425 5
28316 28317 5
22267 22268 5
759 760 5
28341 28342 5
45463 45464 5
6653 36454 5
6668 6669 5
45534 45535 5
14013 14014 5
45561 45562 5
36045 36046 5
28370 28371 5
45662 45663 5
45683 45684 5
22370 22371 5
8525 8526 5
520 521 5
28404 28405 5
45716 45717 5
4951 4952 5
22462 22463 5
11063 11064 5
14084 14085 5
17611 17612 5
28467 28468 5
36248 36249 5
45923 45924 5
22606 22607 5
28475 28476 5
6763 6764 5
1005 1006 5
2884 2885 5
22659 22660 5
46143 46144 5
22679 22680 5
28599 28600 5
46206 46207 5
14118 14119 5
36416 36417 5
4986 4987 5
28623 28624 5
22703 22704 5
11197 11198 5
28701 28702 5
3848 3849 5
3871 3872 5
36583 36584 5
22728 22729 5
46431 46432 5
46490 46491 5
6822 6823 5
36651 36652 5
14227 14228 5
36706 36707 5
8640 8641 5
11268 11269 5
14237 14238 5
358 359 5
46633 46634 5
28867 28868 5
17843 17844 5
17849 21466 5
46667 46668 5
1018 1019 5
14313 14314 5
17868 17869 5
14353 14354 5
37045 37046 5
1021 1022 5
17926 17927 5
3935 3936 5
23002 23003 5
29092 29093 5
2937 2938 5
37113 37114 5
47032 47033 5
6855 14416 5
5207 5208 5
3968 3969 5
5227 5228 5
47063 47064 5
37173 37174 5
37225 37226 5
6898 6899 5
47137 47138 5
47188 47189 5
18019 18020 5
29288 29289 5
14502 14503 5
23164 23165 5
47282 47283 5
47295 47296 5
18125 18126 5
47341 47342 5
37337 37338 5
29388 29389 5
6914 6915 5
37376 37377 5
47415 47416 5
23255 36839 5
23264 23265 5
5233 5234 5
18166 18167 5
29489 29490 5
47645 47646 5
23347 23348 5
5238 5239 5
37509 37510 5
47698 47699 5
37513 37514 5
47748 47749 5
14549 14550 5
23382 23383 5
18234 35291 5
29534 29535 5
18245 18246 5
1024 1025 5
14565 14566 5
11478 17840 5
29572 29573 5
29623 33210 5
29667 29668 5
23567 23568 5
48013 48014 5
48068 48069 5
48089 48090 5
29736 29737 5
8961 8962 5
18383 18384 5
29767 29768 5
11541 11542 5
48164 48165 5
48168 48169 5
37889 37890 5
37890 37891 5
11564 11565 5
37953 37954 5
37955 37956 5
48321 48322 5
6971 6972 5
48361 48362 5
48392 48393 5
48407 48408 5
23633 23634 5
6991 6992 5
48517 48518 5
48530 48531 5
4001 4002 5
29925 31842 5
9008 9009 5
2970 2971 5
18515 18516 5
7021 7022 5
23724 23725 5
14748 14749 5
48746 48747 5
23730 23731 5
126 127 5
1448 1449 5
9115 9116 5
7062 7063 5
18668 18669 5
14868 14869 5
30186 30187 5
30187 30188 5
2071 2072 5
4085 4086 5
23892 23893 5
30230 30231 5
38399 38400 5
30278 30279 5
11750 11751 5
38435 38436 5
5438 5439 5
4086 4087 5
1465 1466 5
30336 30337 5
38517 38518 5
18832 18833 5
130 131 5
23989 23990 5
49377 49378 5
38553 38554 5
30429 30430 5
18839 18840 5
49454 49455 5
49493 49494 5
7226 7227 5
24046 24047 5
24075 24076 5
38621 38622 5
30516 30517 5
38643 38644 5
49602 49603 5
38653 38654 5
38660 38661 5
38669 38670 5
49622 49623 5
1501 1502 5
49681 49682 5
15050 15051 5
12012 12013 5
49732 49733 5
15054 15055 5
38714 38715 5
49800 49801 5
38716 38717 5
24169 24170 5
49849 49850 5
611 612 5
18972 18973 5
24197 24198 5
38846 38847 5
49924 49925 5
49931 49932 5
49952 49953 5
3098 3099 5
24268 24269 5
15123 15124 5
33793 33794 6
33855 33856 6
7650 18913 6
18469 18470 6
15375 23360 6
27724 27725 6
12885 40734 6
40916 40917 6
9036 9037 6
27758 42780 6
12939 12940 6
40957 40958 6
41016 41017 6
22799 22800 6
27803 27804 6
717 718 6
15402 15403 6
5309 5310 6
18642 18643 6
41201 41202 6
12949 12950 6
27975 27976 6
12957 17456 6
18684 18685 6
34084 39232 6
171 39185 6
9093 9094 6
13011 13012 6
41284 41285 6
41288 41289 6
28037 28038 6
28054 28055 6
22969 22970 6
41337 41338 6
4486 4487 6
28157 28158 6
23003 23004 6
41447 41448 6
41450 41451 6
9124 9125 6
41478 41479 6
15574 15575 6
7715 7716 6
15592 15593 6
34227 34228 6
13083 13084 6
28255 28256 6
13094 13095 6
41574 41575 6
28276 28277 6
41586 41587 6
10822 10823 6
13107 13108 6
23141 23142 6
23162 23163 6
9126 9127 6
23170 23171 6
234 235 6
23210 24767 6
34408 34409 6
28359 28360 6
41878 41879 6
1762 1763 6
59 32801 6
23256 23257 6
10898 10899 6
28399 28400 6
10920 10921 6
15832 15833 6
1381 1382 6
28439 28440 6
13208 13209 6
6651 6652 6
34568 34569 6
15864 15865 6
34587 34588 6
42007 42008 6
28461 28462 6
23417 23418 6
13266 13267 6
618 619 6
23502 23503 6
7840 7841 6
23547 23548 6
42163 42164 6
3722 3723 6
15926 15927 6
6675 6676 6
42213 42214 6
34733 34734 6
34740 34741 6
19128 19129 6
34772 34773 6
23578 23579 6
28621 28622 6
13330 13331 6
28630 28631 6
13344 13345 6
7859 37315 6
19198 19199 6
19288 39625 6
19310 19311 6
42461 42462 6
35033 35034 6
42573 42574 6
15985 15986 6
23639 23640 6
19353 19354 6
156 7497 6
42621 42622 6
28798 28799 6
35109 35110 6
35187 35188 6
28815 28816 6
13395 13396 6
6737 42146 6
19410 19411 6
16006 16007 6
16040 16041 6
35293 35294 6
9270 9271 6
35317 35318 6
11185 12203 6
4588 4589 6
16106 16107 6
43048 43049 6
1124 17245 6
23825 23826 6
16116 16117 6
7981 7982 6
43126 43127 6
19557 19558 6
19559 19560 6
1834 1835 6
35463 35464 6
29112 29113 6
35502 35503 6
9365 9366 6
5671 16717 6
5680 5681 6
13565 13566 6
23958 23959 6
1449 1450 6
19711 19712 6
11281 11282 6
3753 3754 6
19779 19780 6
13608 30164 6
11304 11305 6
8011 8012 6
29398 44113 6
35839 35840 6
19800 19801 6
29455 29456 6
13654 13655 6
43506 43507 6
19826 19827 6
43510 43511 6
35917 35918 6
35976 44670 6
19835 19836 6
13669 14489 6
5735 5736 6
19908 47084 6
24217 48332 6
29523 29524 6
5741 5742 6
9566 9567 6
43644 43645 6
11365 11366 6
43657 43658 6
20038 20039 6
960 961 6
1142 1143 6
13729 13730 6
20098 20099 6
5781 5782 6
36231 36232 6
5787 5788 6
43790 43791 6
36258 36259 6
43808 43809 6
29714 29715 6
29723 29724 6
4654 4655 6
43854 43855 6
3097 3098 6
9650 9651 6
36303 36304 6
43916 43917 6
16569 16570 6
960 35364 6
43924 43925 6
43926 43927 6
800 801 6
16624 16625 6
16638 49732 6
9728 9729 6
11502 11503 6
20300 20301 6
36436 36437 6
24507 24508 6
20306 20307 6
36522 36523 6
11534 11535 6
350 351 6
44220 44221 6
6907 6908 6
16686 16687 6
3146 3147 6
3158 3159 6
44291 44292 6
36692 43766 6
2551 2552 6
20389 20390 6
2553 2554 6
9827 9828 6
36800 36801 6
36809 36810 6
44597 44598 6
20447 20448 6
4733 4734 6
24694 24695 6
44664 44665 6
44673 44674 6
16811 16812 6
2559 2560 6
9879 9880 6
16861 16862 6
30254 44577 6
30259 30260 6
37038 37039 6
7003 7004 6
20517 20518 6
30317 31404 6
20520 20521 6
24820 24821 6
16883 16884 6
14057 14058 6
16962 16963 6
1900 5443 6
11739 11740 6
1912 1913 6
1171 1172 6
30431 30432 6
20612 20613 6
9927 9928 6
24953 24954 6
11771 11772 6
6040 6041 6
17074 17075 6
45094 45095 6
7045 7046 6
25037 25038 6
7 8 6
45122 45123 6
842 843 6
30649 30650 6
11935 11936 6
17159 17160 6
20747 44225 6
11955 11956 6
45235 45236 6
14182 14183 6
45291 45292 6
9984 9985 6
30788 30789 6
4055 4056 6
45360 45361 6
20799 20800 6
45405 45406 6
37527 37528 6
852 48344 6
8439 21583 6
25210 25211 6
37629 37630 6
37635 37636 6
12023 12024 6
2006 2007 6
4076 4077 6
30890 30891 6
45607 45608 6
45620 45621 6
45639 45640 6
8483 8484 6
20888 46595 6
8490 8491 6
20910 20911 6
6108 6109 6
17362 17363 6
14398 14399 6
30997 30998 6
2704 20197 6
45784 45785 6
37858 37859 6
45823 45824 6
21043 21044 6
31081 31082 6
31084 31085 6
45909 45910 6
37910 42221 6
17385 17475 6
37946 37947 6
21098 21099 6
31102 31103 6
4878 4879 6
46072 46073 6
2707 2708 6
10169 10170 6
31174 31175 6
21127 21128 6
38111 38112 6
46204 46205 6
14463 14464 6
38121 38122 6
874 875 6
881 882 6
21187 21188 6
46304 46305 6
21209 21210 6
21238 21239 6
10203 10204 6
31325 31326 6
10211 48234 6
46354 46355 6
17496 17497 6
14522 14523 6
46417 46418 6
3409 3410 6
17557 17558 6
31413 31414 6
46496 46497 6
46497 46498 6
46539 46540 6
10221 10222 6
25801 25802 6
38332 38333 6
17562 17563 6
38349 38350 6
46579 46580 6
4141 4142 6
38369 38370 6
46602 46603 6
2762 2763 6
46639 46640 6
21404 21405 6
38408 38409 6
10285 38380 6
260 261 6
25848 25849 6
46719 46720 6
4185 4186 6
17609 17610 6
46744 46745 6
25920 25921 6
1019 1020 6
46823 46824 6
25940 45676 6
25950 25951 6
46915 46916 6
14649 14650 6
17621 17622 6
46951 46952 6
1261 1262 6
21583 21584 6
7394 7395 6
12415 12416 6
38593 38594 6
31920 31921 6
38615 38616 6
26058 26059 6
31959 31960 6
17718 17719 6
47100 47101 6
26070 26071 6
14674 14675 6
17722 44718 6
26110 26111 6
10343 10344 6
47206 47207 6
21750 21751 6
4222 4223 6
8723 8724 6
4223 4224 6
32047 32048 6
38717 38718 6
38719 38720 6
47376 47377 6
38720 38721 6
38758 49902 6
47400 47401 6
14735 14736 6
21785 21786 6
21789 21790 6
47423 48365 6
26215 26216 6
47441 49714 6
32156 32157 6
47455 47456 6
32157 32158 6
26225 26226 6
47538 47539 6
38889 38890 6
559 560 6
26239 26240 6
26279 26280 6
38928 38929 6
38946 38947 6
10369 18809 6
12529 17345 6
32254 32255 6
14763 14764 6
47796 47797 6
39047 39048 6
14782 14783 6
14814 14815 6
32325 32326 6
1282 1283 6
47907 47908 6
39188 39189 6
32347 32348 6
26379 36475 6
47976 47977 6
26424 26425 6
10388 30671 6
39263 39264 6
6417 6418 6
48081 48082 6
26517 26518 6
12628 12629 6
6426 6427 6
39304 39305 6
12657 12658 6
17931 17932 6
26569 26570 6
10442 10443 6
39373 39374 6
22019 22020 6
2840 2841 6
22056 22057 6
22072 22073 6
17942 17943 6
48334 48335 6
8892 23523 6
26708 26709 6
15006 15007 6
48394 48395 6
26746 32062 6
39555 39556 6
32776 32777 6
1291 1292 6
48528 48529 6
26758 38807 6
32816 32817 6
10466 21416 6
32840 32841 6
22163 22164 6
3582 3583 6
12734 12735 6
26829 26830 6
48703 48704 6
10499 47211 6
39810 39811 6
22231 22232 6
18092 18093 6
4325 4326 6
48814 48815 6
48821 48822 6
39924 39925 6
39940 39941 6
18129 48367 6
33095 33096 6
33111 33112 6
48995 48996 6
39959 39960 6
39976 39977 6
26960 26961 6
2872 24510 6
15109 35834 6
49107 49108 6
40056 40057 6
10568 10569 6
18186 18187 6
33158 33159 6
18188 18189 6
49281 49282 6
22310 22311 6
27094 27095 6
40173 40174 6
49308 49309 6
10571 10572 6
8949 8950 6
49346 49347 6
6462 6463 6
18237 18238 6
22445 22446 6
49400 49401 6
40270 40271 6
40272 40273 6
15183 15184 6
40282 40283 6
33291 33292 6
49513 49514 6
12791 20153 6
22471 22472 6
49571 49572 6
33304 33305 6
18318 30608 6
33349 33350 6
40353 49123 6
27335 27336 6
22507 22508 6
33419 37924 6
15202 15203 6
18340 18341 6
694 30601 6
49656 49657 6
22641 22642 6
33498 33499 6
18346 18347 6
12805 12806 6
1026 1027 6
49765 49766 6
33606 33607 6
18395 18396 6
49828 49829 6
18412 25874 6
27571 27572 6
33676 37715 6
15276 15277 6
33703 33704 6
18433 18434 6
8983 8984 6
49918 49919 6
27590 27591 6
5266 5267 6
40710 40711 6
4385 14474 6
27647 27648 6
146 147 6
17582 17583 7
17582 26787 7
5807 6430 7
29339 29340 7
35012 35013 7
12787 12788 7
41662 41663 7
24634 24635 7
41731 49666 7
41749 41750 7
24656 24657 7
35065 35066 7
41787 41788 7
35069 35070 7
20828 20829 7
29398 29399 7
24663 28578 7
20829 20830 7
24681 24682 7
6811 6812 7
7905 7906 7
29488 29489 7
35221 35222 7
9242 9243 7
14864 37058 7
35228 35229 7
24713 24714 7
24726 24727 7
12807 12808 7
14880 14881 7
20901 20902 7
2202 2203 7
2819 2820 7
29540 29541 7
35370 35371 7
42082 42083 7
14899 14900 7
20944 20945 7
14914 14915 7
42118 42119 7
42127 42128 7
35414 35415 7
1810 29004 7
29593 29594 7
21017 21018 7
21027 21028 7
5912 5913 7
10875 10876 7
4842 4843 7
17757 17758 7
42242 42243 7
35511 35512 7
1523 1524 7
42256 42257 7
21105 44118 7
29764 29765 7
35581 35582 7
1127 1128 7
4859 4860 7
1825 10624 7
42396 47633 7
29796 29797 7
25041 45638 7
35693 35694 7
35711 35712 7
42553 42554 7
35718 35719 7
6858 19652 7
35772 35773 7
35783 35964 7
29871 29872 7
42597 42598 7
29872 29873 7
9362 9363 7
42653 42654 7
42685 42686 7
35805 35806 7
10978 10979 7
4874 4875 7
21214 21215 7
35851 35852 7
29939 29940 7
42765 42766 7
35853 35854 7
35854 35855 7
21220 21221 7
35870 35871 7
35888 35889 7
1288 1289 7
29953 29954 7
43023 43024 7
8036 8037 7
25149 25150 7
11069 20962 7
43055 43056 7
36043 36044 7
15160 15161 7
25187 25188 7
25190 25191 7
13063 13064 7
30106 30107 7
17871 17872 7
30120 30121 7
21342 21343 7
30143 30144 7
30145 30146 7
25253 25254 7
36145 36146 7
36151 36152 7
21352 21353 7
21362 21363 7
289 22568 7
43241 43242 7
11133 11134 7
11135 11136 7
13093 13094 7
43339 43340 7
9492 9493 7
43412 43413 7
9499 9500 7
9526 9639 7
30284 30285 7
25449 25450 7
43462 43463 7
36310 36311 7
30309 30310 7
15269 15270 7
36370 36371 7
30321 30322 7
25480 25481 7
25500 25501 7
11188 11189 7
8043 8044 7
8065 8066 7
15305 15306 7
521 7428 7
8094 8095 7
18106 18107 7
25619 25620 7
1306 1307 7
331 332 7
6933 6934 7
1609 1610 7
36647 36648 7
43671 43672 7
13224 13225 7
21725 21726 7
13225 13226 7
13244 13245 7
18202 18203 7
18204 18205 7
36758 36759 7
13260 13261 7
36807 36808 7
18220 18221 7
6951 6952 7
36851 36852 7
43827 43828 7
36921 36922 7
8189 8190 7
15467 15468 7
4940 4941 7
428 429 7
21859 21860 7
21873 21874 7
13298 13299 7
9660 9661 7
13300 47438 7
25850 25851 7
25879 25880 7
25891 25892 7
21926 21927 7
15562 15563 7
13326 13327 7
37075 37076 7
30906 30907 7
44060 44061 7
11338 11339 7
44131 44132 7
2347 2348 7
25948 25949 7
30949 30950 7
15595 15596 7
44215 44216 7
30964 30965 7
44235 44236 7
44250 44251 7
30982 30983 7
18407 18408 7
25957 25958 7
15638 15639 7
1334 1335 7
44308 44309 7
13367 13368 7
37321 37322 7
22031 22032 7
44395 44396 7
44459 44460 7
2955 2956 7
44511 44512 7
44540 44541 7
13390 13391 7
15729 15730 7
18458 18459 7
434 435 7
13402 13403 7
22105 22106 7
951 952 7
44662 44663 7
18487 18488 7
31188 31189 7
37478 37479 7
22133 22134 7
26139 26140 7
31220 31221 7
22141 22142 7
15770 15771 7
31274 31275 7
37545 37546 7
37598 37599 7
44797 44798 7
26173 26174 7
44815 44816 7
37627 37628 7
44823 44824 7
8298 8299 7
5011 5012 7
37641 37642 7
26207 35122 7
22216 22217 7
37674 37675 7
7037 7038 7
26216 26217 7
5021 5022 7
9808 9809 7
714 715 7
31461 31462 7
31463 31464 7
26257 26258 7
6150 6151 7
45092 45093 7
5069 5070 7
26308 27443 7
2399 2400 7
18680 18681 7
6183 6184 7
31609 31610 7
18729 18730 7
45178 45179 7
1930 1931 7
45217 45218 7
31662 31663 7
31702 31703 7
26378 26379 7
5162 14028 7
15917 15918 7
2433 2434 7
37989 37990 7
26502 26503 7
22379 22380 7
45354 45355 7
15932 15933 7
22418 22419 7
9918 9919 7
4415 13255 7
38124 38125 7
18827 18828 7
22469 22470 7
38157 38158 7
45502 45503 7
26597 26598 7
18829 18830 7
8429 8430 7
7269 17961 7
11692 11693 7
9952 9953 7
26684 26685 7
45634 45635 7
2501 2502 7
26694 26695 7
38283 38284 7
18885 18886 7
13706 13707 7
1935 1936 7
38315 38316 7
26727 26728 7
16024 16025 7
1352 1353 7
22663 22664 7
210 211 7
1971 1972 7
26783 26784 7
11741 11742 7
10035 10036 7
45858 45859 7
13776 13777 7
45919 45920 7
38425 38426 7
26862 26863 7
5261 5262 7
7319 7320 7
46026 46027 7
26915 26916 7
46047 46048 7
13788 13789 7
479 480 7
32295 32296 7
46103 46104 7
38525 38526 7
38532 38533 7
13822 13823 7
46158 46159 7
16152 16153 7
26975 26976 7
32330 32331 7
26976 26977 7
10085 10086 7
46247 46248 7
38575 38576 7
46272 46273 7
32352 32353 7
26984 26985 7
22783 22784 7
8568 8569 7
5280 5281 7
1402 1403 7
19146 19147 7
46343 46344 7
16221 16222 7
32516 32517 7
11932 11933 7
19156 39411 7
16243 16244 7
7348 7349 7
32651 32652 7
32661 44737 7
32667 32668 7
27226 29871 7
19292 19293 7
22930 22931 7
13875 26563 7
38773 38774 7
10135 10136 7
4517 4518 7
16288 16289 7
16332 16333 7
16353 16354 7
3152 3153 7
32789 32790 7
19412 19413 7
32810 32811 7
27440 27441 7
27444 27445 7
27453 27454 7
3837 3838 7
38958 38959 7
32872 32873 7
16376 16377 7
32880 32881 7
39020 39021 7
5320 31118 7
39031 39032 7
39036 39037 7
23101 23102 7
39048 39049 7
32920 32921 7
39074 39075 7
892 893 7
39089 39090 7
8662 29720 7
27538 27539 7
16454 16455 7
27583 27584 7
8670 8671 7
39205 39206 7
33067 33068 7
19529 19530 7
47074 47075 7
47084 47085 7
12038 12039 7
5337 5338 7
14020 14021 7
27631 27632 7
47164 47165 7
47179 47180 7
23224 23225 7
16480 45033 7
16481 16482 7
14032 14033 7
27704 27705 7
39353 39354 7
27705 27706 7
47294 47295 7
19634 19635 7
2583 2584 7
304 305 7
8691 8692 7
27747 27748 7
2059 48416 7
14081 14082 7
23376 23377 7
3220 3221 7
23391 23392 7
33305 33306 7
33307 33308 7
27814 27815 7
33342 33343 7
47443 47444 7
33346 33347 7
39659 39660 7
47477 47478 7
14091 14092 7
23421 23422 7
47560 47561 7
47578 47579 7
1446 1447 7
39703 39704 7
47647 47648 7
47676 47677 7
12127 12128 7
3237 3238 7
23532 23533 7
39769 39770 7
3247 3248 7
39801 39802 7
6550 6551 7
39818 39819 7
47776 47777 7
23551 23552 7
33499 34208 7
10339 10340 7
7565 7566 7
47847 47848 7
19831 19832 7
47878 47879 7
28043 46032 7
8878 18539 7
14174 14175 7
5477 5478 7
28137 31175 7
12324 23476 7
47977 47978 7
39998 39999 7
14197 14198 7
7596 37426 7
40022 40023 7
19994 19995 7
20010 20011 7
634 635 7
2099 2100 7
20040 20041 7
7628 7629 7
33776 33777 7
48158 48159 7
40157 40158 7
14249 14250 7
48191 48192 7
48207 48208 7
48261 48262 7
16863 33036 7
28313 28314 7
33871 49195 7
40199 40200 7
48289 48290 7
48300 48301 7
1114 13288 7
7643 8369 7
12405 12406 7
14318 14319 7
5665 11724 7
48362 48363 7
20180 20181 7
16978 16979 7
20187 20188 7
20214 20215 7
10431 43499 7
48428 48429 7
48441 48442 7
33985 33986 7
6630 6631 7
14370 14371 7
48531 48532 7
12426 12427 7
6638 6639 7
28405 28406 7
20287 25971 7
8985 8986 7
48669 48670 7
20290 20291 7
14450 31615 7
23956 23957 7
7665 36615 7
40473 40474 7
12485 12486 7
48769 48770 7
48776 48777 7
23977 23978 7
40532 40533 7
48810 48811 7
10461 10462 7
24004 24005 7
8991 8992 7
14487 45798 7
6639 6640 7
12536 12537 7
14504 14505 7
14506 14507 7
2127 23703 7
34235 34236 7
49036 49037 7
217 218 7
49063 49064 7
34250 34251 7
40716 40717 7
40741 40742 7
49145 49146 7
34255 34256 7
20407 20408 7
49204 49205 7
40767 40768 7
40782 40783 7
4061 4062 7
17269 17270 7
28634 28635 7
12597 12598 7
40894 40895 7
49307 49308 7
28654 28655 7
28669 28670 7
9047 9048 7
17310 17311 7
4062 4063 7
9084 9085 7
34404 34405 7
4070 4071 7
20514 20515 7
40960 40961 7
40978 40979 7
41011 41012 7
41011 45079 7
17347 17348 7
34427 34428 7
17351 34870 7
49536 49537 7
14586 14587 7
1266 1267 7
14632 14633 7
14633 14634 7
14639 14640 7
7752 7753 7
9102 9103 7
7761 7762 7
12727 12728 7
17407 17408 7
7822 7823 7
24453 24454 7
34589 34590 7
2139 2140 7
34623 34624 7
29024 29025 7
2760 2761 7
2149 46016 7
17531 17532 7
20721 20722 7
49814 49815 7
12758 12759 7
20745 20746 7
41435 41436 7
5771 5772 7
29149 29150 7
29150 29151 7
49872 49873 7
41457 41458 7
250 34319 7
34742 34743 7
12774 12775 7
10737 10738 7
2199 2200 7
29193 29194 7
49974 49975 7
24585 38074 7
29234 29235 7
32420 32421 8
3787 8062 8
11342 11343 8
32450 32451 8
606 607 8
21308 21309 8
28239 28240 8
32497 32498 8
43148 43149 8
21316 21317 8
32528 32529 8
24550 24551 8
24555 24556 8
32560 32561 8
37452 37453 8
2325 2326 8
32627 32628 8
7953 7954 8
43234 43235 8
32640 32641 8
18525 40432 8
28312 36859 8
3832 3833 8
32672 32673 8
18557 43500 8
43316 43317 8
28319 42542 8
37612 47291 8
2055 2056 8
18574 18575 8
32718 32719 8
2792 2793 8
28348 28349 8
10121 10122 8
18609 18610 8
32752 41095 8
11414 11415 8
21433 21434 8
28359 33428 8
37787 37788 8
37791 37792 8
28361 35020 8
12970 12971 8
12978 12979 8
21469 21470 8
43546 43547 8
28378 28379 8
37827 37828 8
18671 18672 8
32865 44023 8
18672 18673 8
12985 12986 8
9000 9001 8
24718 24719 8
18725 18726 8
1163 1164 8
37923 37924 8
24768 24769 8
43713 43714 8
5253 5254 8
43733 43734 8
13055 13056 8
33001 33002 8
10165 10166 8
24817 24818 8
21663 21664 8
43774 43775 8
2348 13249 8
38049 38050 8
33068 33069 8
38069 38070 8
38088 38089 8
38089 38090 8
33083 33084 8
33093 33094 8
21688 21689 8
16541 16542 8
33112 33113 8
16551 16552 8
16555 16556 8
38150 39130 8
24910 24911 8
3284 3285 8
33153 33154 8
24924 24925 8
38185 38186 8
16580 16581 8
5275 5276 8
24946 24947 8
44033 46553 8
14613 14614 8
353 354 8
9074 9075 8
44109 44110 8
33216 33217 8
11547 37022 8
44149 44150 8
33228 33229 8
33230 33231 8
9076 9077 8
33271 33272 8
44218 44219 8
8016 8017 8
44233 44234 8
21803 24758 8
10245 10246 8
6289 6290 8
38376 38377 8
1073 1074 8
3941 3942 8
10303 10304 8
44299 44300 8
9100 9101 8
11700 11701 8
44384 44385 8
25118 25119 8
14701 14702 8
25122 36385 8
44399 44400 8
16767 16768 8
44477 44478 8
33382 33383 8
13213 13214 8
13216 13217 8
25162 25163 8
44549 44550 8
16823 28321 8
21954 21955 8
7079 19060 8
2091 2092 8
16847 16848 8
11724 11725 8
33576 33577 8
7153 7154 8
19130 19131 8
38584 38585 8
44678 44679 8
25296 25297 8
44742 44743 8
22048 22049 8
38606 38607 8
6340 6341 8
33638 33639 8
33649 33650 8
33650 33651 8
14806 14807 8
16944 16945 8
3967 3968 8
38662 38663 8
46 47 8
19179 19180 8
29160 29161 8
38685 38686 8
1480 44094 8
38689 38690 8
25448 25449 8
19205 19206 8
33730 33731 8
19251 31573 8
3996 3997 8
16996 16997 8
45017 45018 8
38727 38728 8
29242 29243 8
33849 33850 8
25505 25506 8
33859 33860 8
25509 25510 8
22188 22189 8
29326 29327 8
19299 19300 8
29378 29379 8
14867 14868 8
1097 1098 8
17003 17004 8
17048 17049 8
4678 47480 8
22240 22241 8
38949 38950 8
7278 7279 8
45227 45228 8
2438 2439 8
38969 38970 8
33988 33989 8
29462 29463 8
39015 39016 8
25663 34093 8
17068 17069 8
25676 25677 8
25682 25683 8
45380 45381 8
45392 45393 8
17071 17072 8
11790 11791 8
39051 39052 8
19421 19422 8
6448 6449 8
45478 45479 8
11834 11835 8
19480 38833 8
39100 39101 8
34105 46417 8
45539 45540 8
25743 25744 8
39187 39188 8
11839 11840 8
29536 29537 8
45584 45585 8
25768 25769 8
14972 14973 8
25773 25774 8
39232 39233 8
39248 39249 8
45678 45679 8
11892 11893 8
22381 22382 8
4033 4034 8
11903 11904 8
29627 29628 8
8249 8250 8
29673 29674 8
45737 45738 8
17206 17207 8
25817 25818 8
2445 24424 8
29734 29735 8
19567 19568 8
11948 14789 8
25837 25838 8
19614 19615 8
22501 22502 8
34351 34352 8
39434 40540 8
5451 5452 8
6489 6490 8
13434 13435 8
46024 46025 8
25904 25905 8
2464 2465 8
17278 17279 8
17284 43063 8
25922 25923 8
39616 39617 8
39627 39628 8
34425 34426 8
15089 15090 8
17291 17292 8
2487 2488 8
46190 46191 8
15114 15115 8
13473 13474 8
34500 34501 8
39707 39708 8
13499 13500 8
25964 25965 8
39725 39726 8
29958 29959 8
1708 1709 8
13526 13527 8
39777 43448 8
5480 5481 8
46316 46317 8
34561 34562 8
26042 26043 8
34574 34575 8
39845 39846 8
5495 5496 8
30062 30063 8
17364 17365 8
26056 26057 8
46423 46424 8
19831 20555 8
46478 46479 8
19834 19835 8
13558 17985 8
22761 22762 8
19841 19842 8
2136 2137 8
19871 19872 8
22791 22792 8
3469 3470 8
46570 46571 8
30199 30200 8
15221 15222 8
19919 27755 8
13576 13577 8
30218 30219 8
15237 15238 8
46624 46625 8
40098 40099 8
40110 40111 8
34782 34783 8
15248 15249 8
9375 9376 8
12056 12057 8
34858 34859 8
40177 40178 8
34867 34868 8
46732 46733 8
10558 10559 8
5540 5541 8
34977 34978 8
46801 46802 8
40245 40246 8
9423 9424 8
20078 20079 8
1712 1713 8
46875 46876 8
20087 20088 8
26252 26253 8
10592 10593 8
26264 26265 8
1898 1899 8
3512 3513 8
781 782 8
13699 13700 8
12186 12187 8
20170 20171 8
9503 9504 8
40388 40389 8
17575 20300 8
8400 8401 8
40408 40409 8
20211 20212 8
26387 26388 8
26416 26417 8
13719 13720 8
40447 40448 8
40449 40450 8
23142 23143 8
47183 47184 8
26500 26501 8
9530 26868 8
12253 12254 8
10688 10689 8
40569 40570 8
47243 47244 8
47246 47247 8
35303 35304 8
12275 12276 8
3536 47779 8
30715 30716 8
35344 35345 8
40637 40638 8
30726 30727 8
323 324 8
2555 2556 8
26564 26565 8
47401 47402 8
4811 13325 8
2556 2557 8
7553 7554 8
17649 17650 8
35422 44939 8
40749 40750 8
35452 35453 8
12379 12380 8
20324 20325 8
2193 2194 8
47470 47471 8
40830 40831 8
35472 35473 8
30855 30856 8
23357 23358 8
40864 40865 8
13837 13838 8
9583 9584 8
1917 1918 8
15644 15645 8
23407 23408 8
10804 10805 8
20385 20386 8
13855 13856 8
15665 15666 8
3598 3599 8
40949 40950 8
10810 45974 8
538 539 8
15740 15741 8
40993 44160 8
13887 13888 8
31002 31003 8
35743 35744 8
47852 47853 8
3071 3072 8
26843 26844 8
2589 2590 8
240 241 8
41131 41132 8
17863 17864 8
41166 41167 8
23573 23574 8
35807 35808 8
4887 4888 8
20516 30903 8
48003 48004 8
10871 10872 8
13952 13953 8
3096 3097 8
10876 10877 8
10887 10888 8
41274 41275 8
35857 35858 8
9699 9700 8
3682 3683 8
4229 17680 8
35891 35892 8
2615 25589 8
35909 35910 8
41365 41366 8
48213 48214 8
27049 34061 8
3698 3699 8
41392 41393 8
41400 41401 8
36001 36002 8
36016 36017 8
8636 34634 8
17981 17982 8
4920 24845 8
8645 8646 8
27150 27151 8
31361 31362 8
36078 36079 8
23741 23742 8
11000 11001 8
9804 9805 8
18072 18073 8
36123 36124 8
36130 36131 8
48433 48434 8
12682 12683 8
41583 41584 8
36136 36137 8
31441 31442 8
305 306 8
48547 48548 8
9824 9825 8
1265 1266 8
23829 23830 8
41690 41691 8
36200 36201 8
48659 48660 8
41741 41742 8
48679 48680 8
27340 27341 8
2655 2656 8
31554 31555 8
48711 48712 8
23880 23881 8
36254 36255 8
31558 31559 8
14130 14131 8
12729 12730 8
27431 27432 8
36280 36281 8
1958 31313 8
23910 39036 8
41929 41930 8
18171 18172 8
31671 31672 8
36328 36329 8
20797 28897 8
41975 41976 8
728 8980 8
49009 49010 8
31711 32975 8
14157 14158 8
4382 4383 8
31784 31785 8
12750 12751 8
16060 16061 8
31811 31812 8
23968 32528 8
8698 8699 8
1395 19293 8
18231 18232 8
31887 31888 8
14204 14205 8
18235 18236 8
49238 49239 8
1065 1066 8
24071 24072 8
36622 36623 8
7779 7780 8
20909 20910 8
18271 18272 8
7795 7796 8
36703 36704 8
20933 20934 8
18310 18311 8
4394 4395 8
24191 24192 8
36771 36772 8
42254 42255 8
20973 20974 8
36801 36802 8
42287 42288 8
14241 14242 8
16150 16151 8
21003 21004 8
32041 32042 8
36872 36873 8
36902 36903 8
36911 36912 8
1992 1993 8
246 247 8
14303 14304 8
9962 9963 8
42569 42570 8
24309 28756 8
18387 18388 8
18393 18394 8
16190 16191 8
7836 7837 8
27926 27927 8
1427 1428 8
6905 6906 8
18421 18422 8
42678 42679 8
32216 32217 8
24382 24383 8
21156 21157 8
5111 5112 8
11297 11298 8
5114 5115 8
42757 42758 8
32319 32320 8
42764 42765 8
37121 37122 8
21190 21191 8
42854 44951 8
14392 14393 8
49907 49908 8
4449 4450 8
32337 32338 8
37219 37220 8
4458 4459 8
42967 42968 8
16319 16320 8
21244 21245 8
32384 44111 8
18463 18464 8
25199 32800 9
19543 19544 9
22206 22207 9
33403 33404 9
13395 39450 9
38264 38265 9
38271 38272 9
38276 47578 9
38278 38279 9
25270 25271 9
2802 2803 9
25295 25296 9
38301 38302 9
43676 43677 9
11884 11885 9
43701 43702 9
4657 4658 9
43705 43706 9
2812 2813 9
33519 33520 9
3637 3638 9
33559 33560 9
10427 10428 9
9199 9200 9
22266 22267 9
25421 25422 9
19625 19626 9
25437 25438 9
29217 29218 9
22272 22273 9
29241 29242 9
25445 25446 9
3661 3662 9
941 942 9
38482 40973 9
22292 22293 9
25471 28176 9
19656 19657 9
33724 33725 9
43916 47277 9
29350 29351 9
25482 25483 9
15157 15158 9
6260 6261 9
5308 5309 9
43941 43942 9
9234 9235 9
22377 22378 9
33791 33792 9
19717 19718 9
29422 33253 9
12013 12014 9
25588 25589 9
29461 29462 9
38608 38609 9
17326 44712 9
33875 33876 9
33891 33892 9
19759 19760 9
13534 13535 9
15198 15199 9
2822 2823 9
15204 15205 9
12020 12021 9
8121 8122 9
12026 12027 9
8145 28889 9
5317 5318 9
44259 44260 9
22522 22523 9
22530 27396 9
25720 25721 9
22549 27192 9
15251 15252 9
10522 10523 9
44302 44303 9
12047 12048 9
44359 44360 9
25758 25759 9
10540 10541 9
29597 29598 9
17410 17411 9
34089 34090 9
1281 1282 9
3692 3693 9
15303 15304 9
29697 29698 9
44502 44503 9
44506 44507 9
10564 10565 9
34144 34145 9
22680 22681 9
12087 12088 9
15331 15332 9
15337 15338 9
13674 13675 9
34190 34191 9
44615 44616 9
9265 9266 9
4178 4179 9
38964 38965 9
1462 14113 9
20051 45396 9
17573 17574 9
29795 29796 9
34245 34246 9
34247 34248 9
4729 4730 9
22765 22766 9
6364 6365 9
12131 12132 9
44782 44783 9
6392 6393 9
17588 17589 9
2060 2061 9
15440 15441 9
12218 32699 9
22828 22829 9
25930 25931 9
20138 20139 9
22831 22832 9
22840 22841 9
44898 44899 9
6412 6413 9
15466 47674 9
29992 29993 9
44907 44908 9
13750 13751 9
12226 12227 9
8255 8256 9
26013 26014 9
39257 39258 9
4187 4188 9
30081 30082 9
22924 22925 9
390 391 9
17651 17652 9
45075 45076 9
13787 13788 9
45084 45085 9
13787 20349 9
8278 8279 9
13807 13808 9
4215 4216 9
23020 23681 9
23026 23027 9
45126 45127 9
9474 9475 9
45156 45157 9
23033 23034 9
45176 45177 9
20290 40020 9
39422 39423 9
45213 45214 9
39426 39427 9
15603 15604 9
39431 39432 9
23074 23075 9
12312 12313 9
23078 23079 9
45246 45247 9
45255 45256 9
26175 26176 9
45278 45279 9
23097 45659 9
34640 34641 9
1902 1903 9
26202 26203 9
45346 45347 9
20318 20319 9
3262 3263 9
4769 4770 9
45382 45383 9
39630 39631 9
15661 49807 9
9516 9517 9
2323 2324 9
15691 15692 9
20344 35282 9
39696 39697 9
12354 12355 9
26258 26259 9
12374 12375 9
23220 23221 9
8332 30221 9
26293 26294 9
8334 8335 9
45567 45568 9
23239 31407 9
34940 34941 9
41 42 9
15768 15769 9
30582 30583 9
45623 45624 9
7345 7346 9
26351 26352 9
5498 5499 9
39857 39858 9
23284 23285 9
23312 23313 9
30632 37684 9
7362 7363 9
8365 8366 9
30667 30668 9
30674 30675 9
7372 7373 9
1219 30807 9
35108 35109 9
45804 45805 9
30708 30709 9
30709 30710 9
20491 20492 9
10860 10861 9
35219 35220 9
45853 45854 9
10863 10864 9
1044 20876 9
30765 30766 9
12464 12465 9
26528 26529 9
45933 45934 9
8395 8396 9
17996 17997 9
23445 23446 9
23451 23452 9
23467 23468 9
2596 2597 9
23472 30988 9
15881 15882 9
20556 20557 9
23510 23511 9
5548 5549 9
46130 46131 9
46142 46143 9
8406 8407 9
4252 4253 9
40247 40248 9
46184 46185 9
40261 40262 9
4854 4855 9
9677 9678 9
40275 40276 9
12561 12562 9
14089 14090 9
30958 30959 9
40295 40296 9
26725 26726 9
7463 7464 9
10947 10948 9
40338 40339 9
12598 12599 9
20677 20678 9
12620 12621 9
18181 18182 9
23593 23594 9
40361 40362 9
35532 35533 9
35544 35545 9
46378 46379 9
5667 5668 9
23614 23615 9
20718 20719 9
20720 20721 9
46462 46463 9
46467 46468 9
46477 46478 9
35624 35625 9
3779 3780 9
4289 4290 9
7529 7530 9
7531 7532 9
4297 4298 9
23662 23663 9
23677 23678 9
11041 36082 9
20752 20753 9
31214 31215 9
23726 23727 9
14172 14173 9
11053 11054 9
40619 40620 9
2336 2337 9
31293 31294 9
46627 46628 9
2119 45892 9
16113 16114 9
27049 27050 9
46653 46654 9
4337 4338 9
27063 27064 9
23777 23778 9
23788 49107 9
23795 23796 9
7545 7546 9
8589 24106 9
31399 31400 9
9825 27882 9
46753 46754 9
18327 18328 9
31447 31448 9
40785 40786 9
5738 5739 9
46830 46831 9
46835 46836 9
23859 23860 9
11182 42562 9
35936 35937 9
4342 4343 9
31544 31545 9
9835 48742 9
46941 46942 9
1653 1654 9
46960 46961 9
23896 34745 9
46996 46997 9
47005 47006 9
27293 27294 9
14259 14260 9
14268 14269 9
36058 36059 9
31567 31568 9
31596 31597 9
36084 36085 9
23923 23924 9
27372 27373 9
40966 40967 9
3325 34618 9
11206 11207 9
41008 45554 9
23937 23938 9
9885 9886 9
31683 43868 9
3827 3828 9
14329 14330 9
20946 20947 9
5780 5781 9
11241 11242 9
47208 47209 9
3338 3339 9
21002 21003 9
41178 41179 9
23992 23993 9
16283 16284 9
47271 47272 9
12802 12803 9
27545 27546 9
36253 36254 9
7619 7620 9
16330 37565 9
14397 14398 9
41256 41257 9
47394 47395 9
21070 21071 9
21090 22137 9
24092 24093 9
9912 9913 9
11273 26474 9
31950 31951 9
36306 36307 9
41302 41303 9
14405 33500 9
14439 14440 9
41357 41358 9
36342 36343 9
5783 5784 9
31992 31993 9
4919 4920 9
47479 47480 9
27699 27700 9
6716 6717 9
36407 36408 9
2953 2954 9
6728 6729 9
587 588 9
5834 5835 9
47667 47668 9
36432 36433 9
14496 14497 9
6754 37204 9
27748 30947 9
41512 41513 9
41513 41514 9
32048 32049 9
5837 5838 9
7688 7689 9
24312 24313 9
47790 47791 9
2962 4912 9
41581 41582 9
21240 21241 9
27806 27807 9
32168 32169 9
7708 40760 9
36660 36661 9
27831 27832 9
41634 41635 9
27832 27833 9
1824 1825 9
16538 16539 9
47946 47947 9
47961 47962 9
41692 41693 9
32204 32205 9
1944 1945 9
12971 12972 9
18703 18704 9
12976 12977 9
5930 5931 9
18732 18733 9
8877 8878 9
1528 1529 9
1113 1114 9
2403 2404 9
24457 44806 9
41901 41902 9
7774 7775 9
48152 48153 9
18790 18791 9
14631 14632 9
11467 11468 9
24491 24492 9
24495 24496 9
28159 28160 9
28161 28162 9
10116 10117 9
13074 13075 9
16673 16674 9
32477 32478 9
16678 16679 9
7778 7779 9
21475 21476 9
48309 48310 9
48320 48321 9
32499 32500 9
24553 24554 9
42029 42030 9
21475 33809 9
21493 21494 9
48372 48373 9
3945 3946 9
42095 42096 9
28291 28292 9
32569 32570 9
37124 40933 9
28293 28294 9
16690 16691 9
32636 32637 9
48448 48449 9
48491 48492 9
42158 42159 9
5966 5967 9
21548 21549 9
2162 30685 9
14670 40397 9
16726 16727 9
48581 48582 9
11546 11547 9
37285 37286 9
48628 48629 9
3060 3061 9
37305 37306 9
13109 13110 9
16783 21662 9
11550 11551 9
16808 16809 9
32721 32722 9
2710 2711 9
5092 5093 9
32726 32727 9
37390 37391 9
10175 10176 9
21745 21746 9
48774 48775 9
48775 48776 9
42416 42417 9
1965 1966 9
32758 32759 9
3076 3077 9
32773 32774 9
42520 42521 9
42531 42532 9
37468 37469 9
37477 37478 9
16858 16859 9
11655 11656 9
1540 1541 9
19122 19123 9
11688 11689 9
1421 1422 9
16914 16915 9
5126 5127 9
24823 24824 9
7864 7865 9
11706 11707 9
24853 34065 9
16965 16966 9
49154 49155 9
32889 32890 9
49178 49179 9
49179 49180 9
37638 37639 9
21881 21882 9
16967 16968 9
5136 5137 9
4541 4542 9
19225 19226 9
19251 19252 9
42852 42853 9
9039 9040 9
33022 33023 9
28569 28570 9
7933 16153 9
28 29 9
3585 33820 9
3586 3587 9
37809 37810 9
19316 48241 9
86 87 9
24973 24974 9
25001 25002 9
33128 33129 9
37856 37857 9
14906 14907 9
49472 49473 9
49491 49492 9
28662 28663 9
6948 6949 9
25040 40681 9
14919 14920 9
37918 37919 9
49540 49541 9
25057 25058 9
17069 21348 9
28745 28746 9
28746 28747 9
14921 14922 9
2009 2010 9
37962 37963 9
37963 37964 9
33210 33211 9
37984 37985 9
28776 45659 9
22058 22059 9
37989 48725 9
43249 43250 9
38024 38025 9
38040 38041 9
19414 19415 9
14938 14939 9
2797 2798 9
43361 43362 9
49807 49808 9
2509 2510 9
378 19942 9
33276 33277 9
28863 28864 9
43434 43435 9
33287 33288 9
25136 25137 9
43452 43453 9
22121 46605 9
6162 6163 9
28932 39995 9
11823 11824 9
43491 43492 9
19488 19489 9
6165 6166 9
28960 28961 9
17177 17178 9
15023 15024 9
4645 4646 9
19721 19722 10
10857 10858 10
32627 42987 10
2660 16886 10
19752 19753 10
17819 17820 10
5594 5595 10
2334 2335 10
13381 13382 10
44680 44681 10
44704 44705 10
44722 44723 10
19797 19798 10
7036 7037 10
23921 23922 10
40032 40033 10
44758 44759 10
29356 29357 10
14655 14656 10
16208 16209 10
3946 25785 10
7856 7857 10
16233 16234 10
4442 4443 10
40118 40119 10
36154 36155 10
36188 36189 10
26281 26282 10
397 398 10
21876 21877 10
44868 44869 10
44869 44870 10
44874 44875 10
9839 9840 10
9841 9842 10
16261 16262 10
4451 4452 10
403 404 10
44916 44917 10
5688 49717 10
26352 41861 10
3562 3563 10
40258 40259 10
29496 29497 10
32829 32830 10
1645 1646 10
36288 36289 10
21948 21949 10
17988 17989 10
8858 8859 10
8875 38086 10
32878 32879 10
26458 26459 10
32882 32883 10
36359 49490 10
24083 24084 10
36375 36376 10
45119 45120 10
545 546 10
12318 12319 10
1103 1104 10
45142 45143 10
32928 32929 10
8884 16778 10
24160 24161 10
22028 22029 10
36428 36429 10
11051 11052 10
9931 9932 10
26552 33445 10
36499 36500 10
40435 40436 10
16409 16410 10
36504 36505 10
20088 20089 10
24198 49433 10
36568 36569 10
40522 40523 10
45284 45285 10
45285 45286 10
7184 7185 10
12373 12374 10
36605 36606 10
20099 20100 10
14866 14867 10
9936 9937 10
45356 45357 10
1875 1876 10
29742 29743 10
22113 22114 10
22115 22116 10
7197 7198 10
26703 26704 10
9959 9960 10
45434 45435 10
6476 6477 10
29787 29788 10
14889 14890 10
2364 2365 10
7263 7264 10
33190 33191 10
24371 24372 10
22172 22173 10
1262 1263 10
40756 40757 10
276 277 10
6515 6516 10
36880 36881 10
29910 29911 10
45605 45606 10
20219 20220 10
13681 13682 10
33253 33254 10
20241 20242 10
24439 24440 10
3594 3595 10
40895 40896 10
16568 24532 10
45688 45689 10
11201 11202 10
45706 45707 10
26881 26882 10
26909 42671 10
20272 47332 10
40918 40919 10
45719 45720 10
8017 8018 10
10054 10055 10
30020 30021 10
45772 45773 10
16600 16601 10
33333 33334 10
4547 11310 10
12497 12498 10
40967 40968 10
20297 20298 10
2130 2131 10
91 92 10
45857 45858 10
33396 33397 10
7300 7301 10
37133 37134 10
5791 5792 10
13730 13731 10
45927 45928 10
45928 45929 10
33440 33441 10
18376 18377 10
41120 41121 10
41126 41127 10
37194 37195 10
41140 41141 10
3619 41185 10
8072 8073 10
27058 27059 10
13767 13768 10
37261 37262 10
46117 46118 10
30190 30191 10
41218 41219 10
8088 29641 10
2431 2432 10
33551 33552 10
27093 27094 10
46180 46181 10
24586 24587 10
46188 46189 10
27107 44779 10
12590 12591 10
46192 46193 10
30241 30242 10
37358 37359 10
18419 18420 10
20386 20387 10
46227 46228 10
27153 27154 10
27155 27156 10
8095 8096 10
46287 46288 10
8108 8109 10
27226 27227 10
41348 41349 10
11312 11313 10
5121 5122 10
12629 12630 10
898 899 10
46328 46329 10
20451 20452 10
5842 14516 10
22527 22528 10
46356 46357 10
30412 30413 10
33729 33730 10
37519 37520 10
30419 30420 10
27329 27330 10
37531 37532 10
16784 16785 10
37541 37542 10
22531 22532 10
4077 4078 10
22570 22571 10
41514 41515 10
41516 41517 10
22574 22575 10
41529 41530 10
22579 22580 10
24742 24743 10
30546 30547 10
24757 24758 10
4083 40684 10
1684 1685 10
22622 22623 10
24790 49177 10
37701 37702 10
22630 22631 10
37725 37726 10
41623 41624 10
7388 7389 10
1698 4916 10
12687 17641 10
4646 36573 10
5202 5203 10
33949 33950 10
24833 24834 10
10235 12337 10
46691 46692 10
16862 29719 10
30698 30699 10
33993 33994 10
30707 33648 10
5206 5207 10
37835 37836 10
41850 41851 10
18566 24696 10
34026 34027 10
2454 2455 10
34052 34053 10
22702 22703 10
12735 12736 10
5962 5963 10
16922 31057 10
46885 46886 10
46887 46888 10
46910 46911 10
18611 18612 10
27649 27650 10
12749 12750 10
22740 22741 10
46942 46943 10
37954 37955 10
27695 27696 10
7454 7455 10
6713 28666 10
134 19265 10
13990 13991 10
14001 14002 10
25018 25019 10
9206 9207 10
9213 9214 10
42069 42070 10
6718 6719 10
38025 38026 10
47068 47069 10
38027 38028 10
15372 15373 10
15375 15376 10
30924 30925 10
47114 47115 10
2484 2485 10
3231 14940 10
8302 35241 10
47157 47158 10
6734 6735 10
5234 5235 10
30979 30980 10
5987 20918 10
47193 47194 10
10367 20609 10
433 434 10
27876 27877 10
42214 42215 10
34287 34288 10
38141 46535 10
351 352 10
31006 31007 10
47258 47259 10
47262 47263 10
20795 20796 10
31065 31066 10
34349 34350 10
22910 22911 10
3707 3708 10
38214 38215 10
47370 47371 10
6779 6780 10
42306 42307 10
42318 42319 10
42349 42350 10
20805 20806 10
38236 38237 10
7558 7559 10
2831 2832 10
34406 34407 10
9292 9293 10
22978 22979 10
34413 34414 10
12874 12875 10
42493 42494 10
8363 8364 10
25201 25202 10
38291 38292 10
34439 34440 10
66 39512 10
47486 47487 10
15554 15555 10
47516 47517 10
47534 47535 10
7570 7571 10
42584 42585 10
47562 47563 10
34472 34473 10
47628 47629 10
28122 28123 10
31219 31220 10
38353 38354 10
8366 35912 10
34510 34511 10
10 11 10
1949 1950 10
42691 42692 10
38379 38380 10
23042 23043 10
8390 8391 10
480 481 10
6821 6822 10
38421 38422 10
2881 2882 10
31324 31325 10
15649 48843 10
42791 42792 10
47824 47825 10
31338 31339 10
42835 42836 10
31342 31343 10
42853 42854 10
42854 42855 10
10520 10521 10
14222 14223 10
9456 9457 10
47927 47928 10
47932 47933 10
23124 23125 10
10525 10526 10
25447 25448 10
11752 11753 10
42989 42990 10
3736 3737 10
19118 19119 10
10548 10549 10
34672 34673 10
8417 9004 10
1038 1039 10
31464 49024 10
23186 23187 10
23197 23198 10
43107 43108 10
31531 31636 10
48114 48115 10
31533 31534 10
31543 31544 10
13058 13059 10
34788 34789 10
19138 19139 10
11816 11817 10
43185 43186 10
34834 34835 10
15762 15763 10
48231 48232 10
14279 14280 10
175 47376 10
13073 13074 10
34944 34945 10
19191 19192 10
31590 31591 10
34979 34980 10
3771 3772 10
1166 1167 10
25638 25639 10
31625 31626 10
35023 35024 10
21134 21135 10
43336 43337 10
2916 2917 10
35047 35048 10
23336 23337 10
8465 8466 10
5342 5343 10
15847 37025 10
8484 8485 10
636 637 10
5372 5373 10
31728 31729 10
8522 28858 10
35136 35137 10
48510 48511 10
11948 11949 10
13123 13124 10
43488 43489 10
2249 2250 10
23434 23435 10
15891 15892 10
28479 28480 10
4807 4808 10
2274 2275 10
21267 21268 10
38974 38975 10
38993 43981 10
48658 48659 10
28532 28533 10
43554 43555 10
43558 43559 10
48681 48682 10
43565 43566 10
39009 39010 10
43577 43578 10
21276 21277 10
23474 23475 10
35298 35299 10
21284 21285 10
28596 28597 10
23500 23501 10
14450 14451 10
8561 8562 10
35348 35349 10
23520 23521 10
48796 48797 10
48803 48804 10
25813 25814 10
23531 23532 10
3350 3351 10
21329 21330 10
39104 39105 10
48856 48857 10
17577 17578 10
25836 25837 10
13199 13200 10
15953 48611 10
43758 43759 10
35447 35448 10
13205 13206 10
15960 15961 10
28710 28711 10
1177 1178 10
43796 43797 10
43798 43799 10
39247 39248 10
49139 49140 10
2005 29372 10
35492 35493 10
23575 23576 10
311 312 10
32129 32130 10
28754 28755 10
43869 43870 10
49215 49216 10
43878 43879 10
10741 10742 10
43891 43892 10
3844 42830 10
21418 21419 10
49285 49286 10
804 37485 10
35574 35575 10
13227 24468 10
25937 25938 10
35614 35615 10
35617 35618 10
49337 49338 10
23604 23605 10
28844 28845 10
12029 12030 10
43991 43992 10
13258 13259 10
49397 49398 10
1372 1373 10
25953 25954 10
44020 44021 10
28882 28883 10
49453 49454 10
32283 32284 10
147 18168 10
16063 16064 10
32299 32300 10
49505 49506 10
25972 25973 10
19612 19613 10
21508 21958 10
14543 14544 10
39591 39592 10
16084 16085 10
12043 12044 10
19630 19631 10
28998 28999 10
49589 49590 10
39632 39633 10
21552 21553 10
26055 32055 10
29031 29032 10
39665 39666 10
29052 29053 10
89 90 10
49651 49652 10
39672 39673 10
39686 39687 10
667 668 10
17751 17752 10
32452 32453 10
19666 29652 10
35885 35886 10
7817 7818 10
49795 49796 10
49796 49797 10
39718 39719 10
5533 5534 10
21642 21643 10
21659 21660 10
26125 26126 10
8654 46335 10
35954 35955 10
39802 39803 10
39804 39805 10
21677 21678 10
35981 35982 10
49899 49900 10
44526 44527 10
16127 16128 10
21686 21687 10
3490 3491 10
29205 29206 10
39878 39879 10
44578 44579 10
44582 44583 10
44584 44585 10
32592 32593 10
49993 49994 10
37014 37015 11
6488 6489 11
4972 4973 11
37036 37037 11
24455 24456 11
40659 40660 11
4466 4467 11
22208 22209 11
8029 8030 11
27064 27065 11
37059 37060 11
16244 16245 11
27086 27087 11
40744 40745 11
20126 20127 11
13435 13436 11
40754 40755 11
37077 37078 11
37089 37090 11
8901 8902 11
33573 33574 11
4480 29954 11
40810 40811 11
14743 14744 11
30308 30309 11
14746 14747 11
30311 30312 11
30317 30318 11
5743 5744 11
45294 45295 11
13492 13493 11
45335 45336 11
30322 30323 11
10992 10993 11
33676 33677 11
3588 3589 11
33687 33688 11
40915 40916 11
33692 33693 11
18126 18127 11
14772 14773 11
45394 45395 11
22294 22295 11
11005 11006 11
37312 37313 11
40954 40955 11
18135 18136 11
45445 45446 11
22318 22319 11
45469 45470 11
27266 27267 11
3198 3199 11
45498 45499 11
13530 13531 11
1948 44704 11
45517 45518 11
30438 30439 11
27296 27297 11
37381 37382 11
20287 47951 11
14818 14819 11
37404 37405 11
3215 3216 11
14857 14858 11
45592 45593 11
20296 20297 11
24666 48708 11
12364 12365 11
16422 16423 11
30611 30612 11
16426 16427 11
8979 41422 11
6540 6541 11
18223 18224 11
22486 22487 11
13572 13573 11
9954 9955 11
16469 16470 11
11065 11066 11
8984 8985 11
1832 1833 11
30706 30707 11
1403 1404 11
22536 22537 11
41278 41279 11
5784 5785 11
37616 37617 11
18313 24099 11
3614 3615 11
45814 45815 11
45817 45818 11
3230 3231 11
13667 13668 11
5799 5800 11
27627 27628 11
22617 22618 11
10013 10014 11
41364 41365 11
45908 45909 11
13677 38406 11
22640 22641 11
10014 10015 11
24892 24893 11
24899 24900 11
41403 41404 11
18357 18358 11
34104 34105 11
10023 10024 11
18378 18379 11
34132 34133 11
10034 10035 11
5800 5801 11
6626 6627 11
16606 16607 11
41495 41496 11
15015 15016 11
10050 12701 11
46124 46125 11
30927 30928 11
16626 16627 11
30939 30940 11
37857 37858 11
13708 13709 11
34221 34222 11
20527 43341 11
41562 41563 11
16640 48761 11
37898 41904 11
20550 20551 11
3622 49212 11
1047 1048 11
2354 20912 11
37925 37926 11
11247 11248 11
22760 22761 11
46238 46239 11
16667 16668 11
15072 15073 11
37957 37958 11
31023 31024 11
41677 41678 11
3239 3240 11
850 851 11
41725 41726 11
37972 44340 11
9077 9078 11
41746 42476 11
34319 36638 11
18469 43036 11
7410 7411 11
25108 25109 11
38000 38001 11
16699 16700 11
22812 22813 11
13763 32032 11
16712 16713 11
28026 28027 11
5134 5135 11
18538 18539 11
15151 15152 11
38079 38080 11
31189 31190 11
11284 11285 11
3248 3249 11
16757 16758 11
4598 4599 11
25192 25193 11
34441 34442 11
11298 11299 11
18592 18593 11
41990 41991 11
28166 28167 11
38148 38149 11
16771 16772 11
5168 5169 11
28193 28194 11
3256 34689 11
46620 46621 11
13796 13797 11
42068 42069 11
16807 16808 11
28240 28241 11
34538 34539 11
5943 5944 11
22970 22971 11
2599 2600 11
13820 13821 11
2154 2155 11
228 229 11
16839 40860 11
42134 42135 11
34585 34586 11
3695 35214 11
31404 31405 11
13836 13837 11
46755 46756 11
31434 31435 11
2631 2632 11
15252 15253 11
2370 2371 11
18778 18779 11
9172 9173 11
46847 46848 11
38317 38318 11
42248 42249 11
31481 31482 11
4167 4168 11
2386 2387 11
20906 35623 11
924 1806 11
38368 38369 11
9207 9208 11
46933 46934 11
18801 45253 11
869 870 11
31550 31551 11
9219 9220 11
46961 46962 11
229 230 11
3315 3316 11
4205 5840 11
11470 11471 11
31565 31566 11
10307 23141 11
42439 42440 11
38446 38447 11
38448 38449 11
34819 34820 11
7592 42961 11
38482 38483 11
273 274 11
3735 45488 11
15382 15383 11
38511 38512 11
34907 34908 11
34920 34921 11
4219 4220 11
38529 38530 11
18950 18951 11
798 799 11
23237 23238 11
25659 25660 11
34989 34990 11
3334 3335 11
3336 3337 11
15417 15418 11
25674 47605 11
15427 15428 11
11553 11554 11
28506 28507 11
35043 35044 11
35045 35046 11
25690 25691 11
25691 25692 11
47263 47264 11
31798 31799 11
21107 21108 11
25701 25702 11
42814 42815 11
21108 21109 11
11555 44272 11
28589 41356 11
673 674 11
15451 15452 11
42868 42869 11
35119 35120 11
47399 47400 11
1638 1639 11
35164 35165 11
19049 30700 11
4229 32114 11
25753 25754 11
2027 2028 11
2046 2047 11
15483 15484 11
12866 12867 11
38739 38740 11
12868 12869 11
31983 31984 11
17220 17221 11
23425 23426 11
43085 43086 11
3375 3376 11
43087 43088 11
6889 13524 11
17227 28306 11
32020 32021 11
35326 35327 11
2745 2746 11
5376 6779 11
38911 38912 11
15568 15569 11
1777 1778 11
9398 9399 11
38933 38934 11
38942 38943 11
23489 23490 11
9405 9406 11
21296 21297 11
1906 9345 11
23510 32511 11
5430 39746 11
32135 32136 11
9438 9439 11
32144 32145 11
19227 19228 11
17304 17305 11
8489 8490 11
35459 35460 11
6198 6199 11
1471 1472 11
28879 28880 11
12972 12973 11
32201 32202 11
21368 21369 11
21372 21373 11
8514 8515 11
21376 21377 11
6946 6947 11
25948 28381 11
2496 2497 11
3450 3451 11
6222 6223 11
23589 23590 11
10536 10537 11
13036 13037 11
13052 13053 11
26001 26002 11
29067 29068 11
48004 48005 11
39225 39226 11
48063 48064 11
39229 39230 11
635 636 11
39243 39244 11
29080 29081 11
48092 48093 11
43551 43552 11
48099 48100 11
7790 24697 11
21466 21467 11
48125 48126 11
48137 48138 11
1921 1922 11
11797 11798 11
10553 10554 11
21483 21484 11
8573 8574 11
43603 43604 11
48181 48182 11
19471 19472 11
23666 23667 11
6974 6975 11
23693 23694 11
23707 23708 11
32483 32484 11
39361 39362 11
17437 17438 11
21541 21542 11
23725 23726 11
29216 29217 11
17462 17463 11
43712 43713 11
32536 32537 11
2518 2519 11
26138 26139 11
43747 43748 11
9555 9556 11
35874 35875 11
15833 15834 11
39449 39450 11
23743 23744 11
39483 39484 11
29310 29311 11
32625 32626 11
23754 23755 11
4379 4380 11
43801 43802 11
17528 17529 11
21590 21591 11
35963 35964 11
11886 11887 11
4872 4873 11
43840 43841 11
35984 35985 11
15858 15859 11
242 243 11
43877 43878 11
48585 48586 11
36023 36024 11
23808 23809 11
48616 48617 11
5517 5518 11
13114 13115 11
2317 2318 11
4885 24103 11
8639 8640 11
29447 29448 11
14400 14401 11
13125 13126 11
15916 15917 11
39708 39709 11
48692 48693 11
43940 43941 11
23882 23883 11
3927 3928 11
14424 19285 11
13166 13167 11
32761 32762 11
39746 39747 11
15941 15942 11
26321 26322 11
44024 44025 11
48787 48788 11
1928 1929 11
4402 4403 11
44046 44047 11
29505 29506 11
26332 26333 11
23925 23926 11
19692 19693 11
48844 48845 11
39830 39831 11
4904 4905 11
48873 48874 11
12000 12001 11
7882 7883 11
19722 19723 11
44212 44213 11
5617 5618 11
29555 29556 11
21828 21829 11
44221 44222 11
19736 26041 11
49054 49055 11
7079 7080 11
23976 23977 11
19743 19744 11
23983 23984 11
21875 21876 11
9707 9708 11
9708 48106 11
10746 10747 11
44292 44293 11
40016 40017 11
17677 17678 11
32984 32985 11
32985 32986 11
17702 17703 11
5621 5622 11
29732 29733 11
13226 13227 11
33046 33047 11
7935 7936 11
21937 26553 11
44460 44461 11
44476 44477 11
7118 7119 11
16051 16052 11
44490 44491 11
40153 40154 11
26613 26614 11
518 41063 11
40163 40164 11
49354 49355 11
40172 40173 11
4912 9335 11
766 767 11
8753 8754 11
4424 4425 11
49429 49430 11
36429 36430 11
24187 24188 11
40214 40215 11
10839 10840 11
19868 19869 11
29829 29830 11
7180 7181 11
22030 23396 11
24202 24203 11
26719 26720 11
36555 36556 11
13299 13300 11
19902 19903 11
49560 49561 11
33193 33194 11
36597 36598 11
24230 24231 11
17805 17806 11
29941 29942 11
49590 49591 11
10849 10850 11
49596 49597 11
44750 44751 11
9810 9811 11
22058 39039 11
22060 22061 11
8775 8776 11
8780 8781 11
29977 34789 11
3155 3156 11
49658 49659 11
29993 29994 11
16137 16138 11
8814 8815 11
49701 49702 11
49726 49727 11
33290 33291 11
49749 49750 11
24357 24358 11
1395 39828 11
49780 49781 11
3159 3160 11
22116 49143 11
40424 40425 11
12159 42522 11
40440 40441 11
24379 24380 11
40448 40449 11
20056 20057 11
974 28650 11
40452 40453 11
24401 24402 11
40497 40498 11
44942 44943 11
9842 9843 11
40503 40504 11
49900 49901 11
40521 40522 11
6475 20102 11
36922 36923 11
36927 36928 11
40548 40549 11
16206 16207 11
49953 49954 11
45066 45067 11
30146 30147 11
2833 2834 11
30174 30175 11
10900 10901 11
31530 31531 12
21817 21818 12
9013 9014 12
8223 8224 12
45556 45557 12
9022 9023 12
34562 34563 12
16721 16722 12
28592 28593 12
8233 8234 12
505 36734 12
18250 18251 12
18255 18256 12
6795 6796 12
34603 34604 12
21916 21917 12
16747 16748 12
45647 45648 12
45653 45654 12
25922 43346 12
15411 26429 12
1915 7129 12
45686 45687 12
38122 38123 12
10906 10907 12
10917 10918 12
34657 34658 12
1538 1539 12
6809 6810 12
10934 10935 12
34677 34678 12
14238 14239 12
38170 38171 12
31679 31680 12
20185 20186 12
38178 38179 12
3901 3902 12
25958 25959 12
23845 23846 12
21997 21998 12
2749 2750 12
12110 31305 12
31761 31762 12
16824 16825 12
38250 38251 12
16833 16834 12
20220 20221 12
45872 45873 12
51 52 12
3921 3922 12
20242 20243 12
34877 34878 12
20246 20247 12
31837 31838 12
41910 41911 12
5555 5556 12
12126 12127 12
16853 16854 12
45986 45987 12
34971 34972 12
7569 7570 12
6175 6176 12
28886 28887 12
28904 28905 12
46056 46057 12
5592 5593 12
28927 28928 12
1335 1336 12
14334 14335 12
12161 12162 12
16889 16890 12
18450 18451 12
3050 3051 12
12205 12206 12
7599 7600 12
23984 23985 12
46176 46177 12
6850 49830 12
14394 14395 12
42074 42075 12
22147 22148 12
22151 22152 12
35088 35089 12
24016 24017 12
35101 35102 12
24023 24024 12
4666 4667 12
13271 13272 12
24051 24052 12
42151 42152 12
46259 46260 12
24069 24070 12
38508 38509 12
22174 24762 12
35172 35173 12
38518 38519 12
29113 29114 12
22181 22182 12
29146 44413 12
18494 18495 12
5109 5110 12
3939 3940 12
15662 15663 12
20358 20359 12
9192 11068 12
7634 7635 12
11113 11114 12
6208 6209 12
29210 29211 12
24185 24186 12
32207 32208 12
12299 12300 12
15739 15740 12
2200 2201 12
4291 27194 12
35347 35348 12
12316 12317 12
20449 20450 12
42397 42398 12
42398 42399 12
22269 22270 12
26353 26354 12
2787 2788 12
24218 24219 12
3069 3070 12
26383 26384 12
22283 22284 12
42501 42502 12
26413 26414 12
35440 35441 12
42535 42536 12
42547 42548 12
46623 46624 12
5133 5134 12
38715 38716 12
4320 4321 12
475 476 12
22303 22304 12
32406 32407 12
42585 42586 12
3319 3320 12
42593 42594 12
17152 17153 12
35483 35484 12
46693 46694 12
5164 5165 12
32433 32434 12
2361 2362 12
35503 35504 12
29438 29439 12
29440 29441 12
18682 44752 12
13409 13410 12
26538 26539 12
24358 24359 12
38909 38910 12
4351 49280 12
20524 20525 12
18715 18716 12
38927 38928 12
35597 35598 12
32511 32512 12
20538 20539 12
3971 23349 12
38948 38949 12
46913 46914 12
35629 35630 12
17195 17196 12
35649 35650 12
1433 1434 12
24396 24397 12
14535 14536 12
42902 42903 12
35667 35668 12
13418 13419 12
42942 42943 12
221 222 12
18780 18781 12
2218 2219 12
5209 46544 12
10237 10238 12
14572 14573 12
7771 7772 12
14587 14588 12
20642 20643 12
20645 20646 12
20653 20654 12
13468 14094 12
22560 22561 12
20662 20663 12
20669 20670 12
26761 35699 12
56 57 12
10279 10280 12
29698 29699 12
2077 4832 12
5785 5786 12
20715 20716 12
29728 29729 12
32740 32741 12
32749 32750 12
17305 17306 12
47201 47202 12
10292 10293 12
17311 17312 12
35915 35916 12
24569 42864 12
207 208 12
1364 1365 12
6452 6453 12
17325 17326 12
39283 49062 12
29769 29770 12
26921 26922 12
10316 10317 12
47292 47293 12
15966 15967 12
4801 4802 12
22685 22686 12
47329 47330 12
3371 3372 12
47362 47363 12
43398 43399 12
43410 43411 12
29806 29807 12
5257 5258 12
5814 13414 12
9410 9411 12
24666 24667 12
26993 26994 12
36082 36083 12
12560 12561 12
19032 19033 12
29925 29926 12
16011 16012 12
5814 40014 12
8585 27971 12
43494 43495 12
32961 32962 12
14712 14713 12
20831 20832 12
16044 17616 12
43515 43516 12
39538 39539 12
27080 27081 12
6476 15012 12
17408 17409 12
20877 20878 12
12591 12592 12
36161 36162 12
36170 36171 12
47615 47616 12
33047 33048 12
3711 3712 12
47642 47643 12
27124 27125 12
7104 7105 12
33082 33083 12
39652 39653 12
382 30225 12
33085 33086 12
43631 43632 12
43633 43634 12
2415 2416 12
2428 2429 12
24804 24805 12
12637 12638 12
33115 33116 12
27202 36198 12
47795 47796 12
17523 17524 12
6509 6510 12
6514 6515 12
27229 27230 12
10399 10400 12
9525 9526 12
20959 20960 12
24840 24841 12
27267 27268 12
47895 47896 12
33173 33174 12
43753 43754 12
5875 18185 12
24861 24862 12
22889 22890 12
5877 5878 12
30190 42939 12
27322 27323 12
36408 36409 12
7191 17707 12
43797 43798 12
22903 22904 12
13711 13712 12
17569 27413 12
33236 46232 12
2626 2627 12
8661 8662 12
19254 19255 12
22951 22952 12
36440 36441 12
36452 36453 12
36483 36484 12
43875 43876 12
1868 1869 12
10454 10455 12
30288 30289 12
5904 5905 12
22977 22978 12
43905 43906 12
36554 36555 12
3731 3732 12
5926 5927 12
10498 10499 12
48167 48168 12
40036 40037 12
16215 16216 12
27501 27502 12
25017 25018 12
36607 36608 12
27523 27524 12
14893 14894 12
43986 43987 12
11566 11567 12
36631 36632 12
19380 19381 12
30341 30342 12
30343 30344 12
21121 34179 12
30375 30376 12
48313 48314 12
19397 19398 12
25054 25055 12
16228 42598 12
36734 36735 12
21132 21133 12
44091 44092 12
30428 30429 12
19408 19409 12
36794 36795 12
40217 40218 12
44192 44193 12
14901 14902 12
40243 40244 12
25070 25071 12
8688 8689 12
25095 25096 12
2432 2433 12
9592 9593 12
30499 30500 12
48518 48519 12
27655 27656 12
3170 3171 12
3460 3461 12
48545 48546 12
23123 23124 12
48555 48556 12
10533 10534 12
30606 30607 12
9612 13840 12
33623 33624 12
19473 19474 12
13790 13791 12
44293 44294 12
23156 23157 12
33656 33657 12
8701 8702 12
2636 2637 12
27742 27743 12
16307 16308 12
23175 23176 12
3181 3182 12
8738 8739 12
23195 42788 12
19525 19526 12
12794 12795 12
16344 16345 12
1374 1375 12
9667 9668 12
10566 10567 12
30718 30719 12
33732 33733 12
30721 30722 12
44520 44521 12
27847 30156 12
33748 33749 12
6613 13906 12
19561 19562 12
30744 30745 12
33825 33826 12
33833 33834 12
30759 30760 12
37188 37189 12
12831 43967 12
37218 37219 12
44612 44613 12
25317 25318 12
40553 40554 12
48932 48933 12
25328 25329 12
12838 12839 12
49004 49005 12
30815 30816 12
44667 44668 12
15063 46342 12
27950 27951 12
17812 17813 12
27977 27978 12
49055 49056 12
5961 26814 12
23319 23320 12
25417 25418 12
668 669 12
28008 28009 12
7303 7304 12
6636 44761 12
15112 47864 12
8031 8032 12
21386 21387 12
49189 49190 12
28094 47274 12
21394 21395 12
30938 30939 12
2660 2661 12
5371 5372 12
25470 25471 12
11755 11756 12
49259 49260 12
44817 44818 12
37432 37433 12
34054 34055 12
30961 30962 12
37448 37449 12
23413 23414 12
37453 41229 12
4175 48230 12
30980 30981 12
8865 8866 12
28169 28170 12
40873 40874 12
8045 8046 12
44913 44914 12
9787 9788 12
37516 37517 12
44941 44942 12
16528 16529 12
49414 49415 12
37522 37523 12
8060 8061 12
31011 31012 12
31014 31694 12
37532 37533 12
49456 49457 12
25529 25530 12
49488 49489 12
45022 45023 12
45034 45035 12
40930 40931 12
40932 40933 12
13987 13988 12
17949 17950 12
37566 37567 12
37579 37580 12
1477 1478 12
2676 2677 12
16549 17964 12
671 672 12
8084 8085 12
25625 25626 12
16562 16563 12
19786 19787 12
31136 31137 12
553 554 12
6702 6703 12
2000 2001 12
18054 18055 12
28322 28323 12
1308 1309 12
4924 4925 12
21604 21605 12
4938 4939 12
23555 23556 12
15254 15255 12
25697 25698 12
11904 11905 12
6058 6059 12
37803 37804 12
4213 4214 12
6080 6081 12
8172 8173 12
18150 18151 12
49781 49782 12
6747 6748 12
5476 5477 12
41254 41255 12
18170 23277 12
31348 31349 12
19913 19914 12
11985 11986 12
21737 21738 12
8186 8187 12
6089 6090 12
37891 37892 12
16677 16678 12
21755 21756 12
37914 42008 12
49894 49895 12
2488 13956 12
25799 25800 12
31433 31434 12
4595 4596 12
34450 34451 12
20015 20016 12
20027 41048 12
49947 49948 12
9920 9921 12
20038 33222 12
28498 29541 12
1169 1170 12
23683 23684 12
14155 14156 12
31529 31530 12
17376 17377 13
20407 43098 13
6786 6787 13
20444 20445 13
38733 38734 13
28006 28007 13
1991 1992 13
38765 38766 13
30448 30449 13
35986 35987 13
38782 38783 13
22077 22078 13
30487 30488 13
28014 28015 13
38833 38834 13
45924 45925 13
36026 36027 13
38865 38866 13
3651 3652 13
1991 35839 13
18826 18827 13
30532 30533 13
313 314 13
6221 6222 13
12785 12786 13
5711 5712 13
8205 8206 13
42330 42331 13
42333 42334 13
22132 22133 13
6230 6231 13
17419 17420 13
38943 38944 13
131 46322 13
36115 36116 13
17456 17457 13
12800 12801 13
42426 42427 13
22166 22167 13
1554 1555 13
17473 17474 13
5173 5174 13
42453 42454 13
18965 18966 13
38995 38996 13
30689 30690 13
28236 28237 13
16179 16180 13
281 282 13
36158 36159 13
17509 17510 13
12831 12832 13
6279 6280 13
4748 4749 13
22225 22226 13
4359 4360 13
11817 11818 13
30734 36027 13
22238 22239 13
28306 28307 13
8276 8277 13
39102 39103 13
12848 12849 13
9915 9916 13
14996 14997 13
19085 19086 13
10788 10789 13
5751 5752 13
15010 15011 13
23981 23982 13
22273 25174 13
11880 11881 13
20663 20664 13
46421 46422 13
42761 42762 13
9055 9056 13
46436 46437 13
46458 46459 13
23993 23994 13
9926 9927 13
998 999 13
4035 4036 13
12931 12932 13
17601 17602 13
42851 42852 13
2568 2569 13
46528 46529 13
36403 36404 13
2370 27292 13
17608 17609 13
24070 24071 13
30937 30938 13
42879 42880 13
22372 22373 13
1602 1603 13
8319 8320 13
13951 13952 13
30954 34600 13
11941 11942 13
22385 22386 13
7614 7615 13
39395 39396 13
33708 33709 13
36470 36471 13
30976 30977 13
13973 13974 13
19231 19232 13
19235 27442 13
1439 1440 13
1336 1337 13
2215 2216 13
19283 19284 13
9106 9107 13
43108 43109 13
39516 39517 13
46735 46736 13
17683 17684 13
11987 11988 13
17711 17712 13
28561 28562 13
46779 46780 13
10870 10871 13
46791 46792 13
15174 15175 13
20832 20833 13
36620 36621 13
5239 5240 13
24242 44257 13
24248 24249 13
19355 19356 13
1055 1056 13
16458 16459 13
2842 2843 13
14056 14057 13
36704 36705 13
33895 33896 13
6944 6945 13
6438 6439 13
46918 46919 13
24338 24339 13
20904 20905 13
28666 28667 13
36789 36790 13
36793 36794 13
12022 19344 13
31205 31206 13
28677 28678 13
28682 28683 13
907 908 13
47011 47012 13
13061 13062 13
22632 22633 13
39750 39751 13
3456 3457 13
43443 43444 13
28716 28717 13
13064 40439 13
39784 39785 13
34018 34019 13
31302 31303 13
2628 2629 13
10041 10042 13
36929 36930 13
6961 6962 13
34032 34033 13
17837 17838 13
2416 2417 13
47143 47144 13
47149 47150 13
22666 27285 13
28781 28782 13
4103 4104 13
10064 10065 13
39939 39940 13
6460 6461 13
43549 43550 13
12052 12053 13
1797 1798 13
28840 28841 13
37051 37052 13
43567 43568 13
26333 26334 13
43572 43573 13
21024 21025 13
26350 26351 13
31420 31421 13
43586 43587 13
31426 31427 13
28865 28866 13
14152 14153 13
9210 9211 13
28869 28870 13
28872 28873 13
21048 21049 13
26362 26363 13
19532 19533 13
12071 12072 13
16594 16595 13
47384 47385 13
31521 31522 13
22745 22746 13
6994 6995 13
6470 6471 13
7751 7752 13
40156 40157 13
4120 4121 13
1158 1159 13
19585 19586 13
26468 26469 13
21116 21117 13
17954 21219 13
29003 49009 13
782 783 13
34294 37781 13
26513 26514 13
14207 36427 13
47471 47472 13
15381 15382 13
24558 24559 13
4124 14587 13
47487 47488 13
29077 29078 13
34374 34375 13
47532 47533 13
37339 37340 13
37344 37345 13
37351 37352 13
22816 22817 13
47564 47565 13
43834 43835 13
5318 5319 13
31628 31629 13
682 683 13
40284 40285 13
21162 21163 13
920 921 13
15397 15398 13
37395 37396 13
47677 47678 13
6505 6506 13
43885 43886 13
12144 12145 13
21199 21200 13
5332 5333 13
19682 43254 13
47757 47758 13
4165 4166 13
21222 21223 13
629 630 13
26686 26687 13
10197 10198 13
22917 22918 13
31787 31788 13
1022 1023 13
47809 47810 13
22926 22927 13
16705 16706 13
7834 7835 13
10218 10219 13
47864 47865 13
7091 7092 13
31844 31845 13
19738 19739 13
31851 31852 13
47906 47907 13
44022 44023 13
31855 31856 13
18141 18142 13
13242 13243 13
15473 15474 13
19758 38788 13
37552 37553 13
44074 44075 13
3808 3809 13
34584 34585 13
37584 37585 13
44130 44131 13
40525 40526 13
31913 31914 13
24769 24770 13
44174 44175 13
37611 37612 13
48074 48075 13
8544 8545 13
3567 3568 13
7849 7850 13
10252 10253 13
6531 38512 13
15533 16163 13
15536 15537 13
23045 23046 13
26904 26905 13
34644 45509 13
44243 44244 13
37694 37695 13
7855 7856 13
32001 32002 13
23065 23066 13
40694 40695 13
23069 23070 13
34667 34668 13
37761 37762 13
19819 19820 13
44295 44296 13
40739 40740 13
37779 43306 13
24844 24845 13
14373 14374 13
44376 44377 13
1831 1832 13
3576 3577 13
14396 14397 13
24885 24886 13
7163 7164 13
2476 2477 13
44420 44421 13
37820 37821 13
11261 15216 13
5403 5404 13
74 75 13
44480 44481 13
9450 9451 13
15650 15651 13
29507 29508 13
13348 13349 13
27057 27058 13
7900 7901 13
37881 37882 13
12370 20221 13
7903 7904 13
19942 19943 13
13384 13385 13
16882 16883 13
18335 18336 13
4207 4208 13
23199 23200 13
44590 46082 13
11 12 13
37924 37925 13
16891 16892 13
37939 37940 13
1291 41316 13
32282 32283 13
21543 21544 13
1027 1028 13
48598 48599 13
25049 38148 13
6600 6601 13
29681 29682 13
35027 35028 13
7952 7953 13
44685 44686 13
10361 32074 13
48664 48665 13
23258 23259 13
5458 13781 13
29719 29720 13
4974 4975 13
6627 6628 13
38006 38007 13
44755 44756 13
32359 32360 13
44761 44762 13
21607 21608 13
9534 9535 13
38031 38032 13
32390 32391 13
10374 10375 13
15777 15778 13
2997 2998 13
21658 21659 13
29760 29761 13
15797 15798 13
27276 27277 13
3273 3274 13
41234 41235 13
44866 44867 13
927 928 13
48841 48842 13
38117 38118 13
5490 5491 13
1117 1118 13
27332 27333 13
23405 23406 13
1707 1708 13
27359 27360 13
29814 29815 13
6652 6653 13
35259 35260 13
25189 40215 13
35274 35275 13
13503 13504 13
49028 49029 13
44945 44946 13
2746 2747 13
5025 5026 13
23432 23433 13
3617 3618 13
29917 37838 13
32594 40442 13
5057 5058 13
49118 49119 13
38219 38220 13
20210 20211 13
25216 25217 13
25239 25240 13
27470 27471 13
41429 41430 13
5059 5060 13
27492 27493 13
27495 27496 13
2146 2147 13
25272 25273 13
15887 15888 13
18506 18507 13
5554 36366 13
49241 49242 13
10477 10478 13
49266 49267 13
21793 21794 13
30016 30017 13
25319 25320 13
20235 47871 13
15894 15895 13
30054 30055 13
35469 35470 13
10480 28894 13
45202 45203 13
10490 10491 13
5086 39442 13
30089 30090 13
7364 7365 13
15930 15931 13
23544 23545 13
2531 2532 13
35513 35514 13
6733 6734 13
49413 49414 13
13605 13606 13
49418 49419 13
4260 4261 13
27665 27666 13
14678 16706 13
30170 30171 13
12653 12654 13
45295 45296 13
49460 49461 13
49462 49463 13
49468 49469 13
21900 21901 13
45322 45323 13
35600 35601 13
38479 38480 13
45344 45345 13
41703 41704 13
41711 41712 13
38480 38481 13
41728 41729 13
2536 2537 13
21921 21922 13
41744 41745 13
32842 32843 13
8083 8084 13
32866 32867 13
41774 41775 13
38507 38508 13
41782 41783 13
4285 4286 13
41797 41798 13
45459 45460 13
41807 41808 13
45465 45466 13
27718 36703 13
5624 5625 13
41834 41835 13
25494 40055 13
11607 11608 13
4699 4700 13
45516 45517 13
11616 11617 13
32896 32897 13
41895 41896 13
2147 2148 13
49746 49747 13
18692 18693 13
8894 8895 13
49762 49763 13
30282 30283 13
25535 25536 13
41934 41935 13
45579 45580 13
11660 11661 13
41940 41941 13
49798 49799 13
27778 27779 13
49805 49806 13
21967 21968 13
35797 45574 13
7412 7413 13
35806 35807 13
20339 20340 13
41986 41987 13
35814 35815 13
10555 10556 13
3070 31343 13
20368 20369 13
6194 6195 13
20381 20382 13
27889 27890 13
42010 42011 13
25650 25651 13
25651 25652 13
38670 38671 13
7461 7462 13
8929 11449 13
6782 6783 13
22055 22056 13
30391 30392 13
27956 27957 13
4293 4294 13
14844 14845 13
49992 49993 13
30420 30421 13
376 377 14
1867 1868 14
45930 45931 14
13857 13858 14
4858 4859 14
45953 45954 14
12954 12955 14
5713 5714 14
45989 45990 14
38993 38994 14
15019 44495 14
17583 17584 14
36182 36183 14
24021 24022 14
583 584 14
8770 8771 14
7653 31843 14
19200 19201 14
11067 49450 14
22387 22388 14
28334 28335 14
8193 37143 14
16298 45136 14
33420 33421 14
22419 22420 14
13936 13937 14
33463 33464 14
16318 16319 14
30761 30762 14
36295 36296 14
25962 25963 14
25963 25964 14
42587 42588 14
42589 42590 14
30779 30780 14
46213 46214 14
24094 24095 14
39194 39195 14
24097 24098 14
2757 2758 14
33557 33558 14
7114 7115 14
39216 39217 14
39222 39223 14
1560 1561 14
15084 15085 14
13953 19003 14
42737 42738 14
36396 36397 14
28387 28388 14
33604 33605 14
2159 2160 14
16365 35330 14
26053 26054 14
13963 13964 14
16374 16375 14
19325 19326 14
39289 39290 14
13012 13013 14
13977 13978 14
13023 13024 14
26077 26078 14
39330 39331 14
22538 22539 14
7150 7151 14
46455 46456 14
26097 26098 14
7701 7702 14
14003 14004 14
42890 42891 14
36494 46506 14
28486 28487 14
39382 42170 14
13040 13041 14
24243 24244 14
42952 42953 14
16432 16433 14
16446 16447 14
1563 34423 14
28538 28539 14
22608 22609 14
20943 20944 14
8242 10539 14
4881 38243 14
4883 4884 14
15189 15190 14
46598 46599 14
43083 43084 14
36611 36612 14
36612 36613 14
31003 31004 14
33782 33783 14
5758 5759 14
24345 24346 14
39562 39563 14
17797 23634 14
14045 14046 14
39600 39601 14
31030 31031 14
10344 10345 14
43172 47977 14
15218 15219 14
3853 3854 14
33869 33870 14
24367 24368 14
17827 40746 14
17833 17834 14
36718 36719 14
36724 36725 14
5767 21513 14
46776 46777 14
6719 17006 14
12132 12133 14
134 135 14
22695 22696 14
46804 46805 14
14086 14087 14
26306 26307 14
11229 11230 14
46832 46833 14
9617 9618 14
46839 46840 14
24411 24412 14
24432 24433 14
36816 36817 14
444 445 14
14103 14104 14
13096 13097 14
36877 36878 14
39753 39754 14
13099 13100 14
4524 4525 14
12194 12195 14
39781 39782 14
19587 19588 14
3897 3898 14
36923 36924 14
36925 36926 14
28792 28793 14
8313 8314 14
4907 4908 14
31313 31314 14
28808 28809 14
34059 34060 14
21143 21144 14
43509 43510 14
37001 37002 14
19615 19616 14
3296 3297 14
22789 22790 14
43524 43525 14
12231 12232 14
9671 9672 14
17968 17969 14
21189 21190 14
47079 47080 14
12237 12238 14
22824 22825 14
34111 34112 14
16630 16631 14
31387 31388 14
47134 47135 14
14168 14169 14
13163 13164 14
28883 28884 14
47154 47155 14
37076 37077 14
28884 28885 14
40042 40043 14
4911 4912 14
37090 37091 14
34163 34164 14
43621 43622 14
37109 37110 14
22839 22840 14
18005 18006 14
10409 10410 14
31435 31436 14
22855 22856 14
47244 47245 14
43664 43665 14
22870 22871 14
1583 1584 14
47259 47260 14
1597 1598 14
8336 28967 14
16669 16670 14
5321 5322 14
26592 26593 14
919 7122 14
824 24342 14
29017 29018 14
34274 34275 14
47337 47338 14
47338 47339 14
2808 2809 14
26626 26627 14
3323 3324 14
37297 37298 14
11349 11350 14
829 830 14
24691 24692 14
12335 12336 14
37316 37317 14
12341 12342 14
13232 13233 14
37325 37326 14
43799 43800 14
15455 38659 14
26695 26696 14
31564 31565 14
47441 47442 14
5363 5364 14
19788 19789 14
1159 1160 14
2595 2596 14
3128 3129 14
10494 10495 14
34407 34408 14
650 651 14
26742 26743 14
11413 48853 14
37406 37407 14
47501 47502 14
14322 14323 14
18207 18208 14
12378 12379 14
3658 3659 14
43901 43902 14
47545 47546 14
43902 43903 14
29207 29208 14
24805 24806 14
47574 47575 14
11428 11429 14
21416 21417 14
19835 40029 14
7351 7352 14
34484 34485 14
23068 23069 14
12391 12392 14
9071 9072 14
24837 24838 14
34514 34515 14
26886 26887 14
26891 26892 14
5901 5902 14
7883 7884 14
31821 31822 14
29342 29343 14
24851 24852 14
7884 13237 14
2219 2220 14
11474 11475 14
10537 10538 14
44045 44046 14
19922 19923 14
15606 15607 14
31873 31874 14
6444 6445 14
12448 12449 14
5908 48558 14
26983 26984 14
18323 18324 14
11521 11522 14
34636 34637 14
31926 31927 14
13391 13392 14
26995 26996 14
11529 11530 14
16873 16874 14
3986 3987 14
29481 29482 14
16879 16880 14
27051 27052 14
18348 18349 14
44229 44230 14
9856 9857 14
18356 19276 14
9868 9869 14
27075 27076 14
15670 15671 14
405 406 14
8455 8456 14
25032 25033 14
29529 29530 14
3363 3364 14
9109 9110 14
40799 40800 14
34794 34795 14
34805 34806 14
27101 34036 14
8466 10950 14
29538 29539 14
32118 32119 14
34847 34848 14
44381 44382 14
21672 21673 14
40891 40892 14
2419 2420 14
5939 5940 14
4298 41603 14
48163 48164 14
37861 37862 14
44426 44427 14
44450 44451 14
37864 40990 14
48187 48188 14
34895 46656 14
34901 34902 14
6871 6872 14
7978 7979 14
29574 29575 14
27164 27165 14
29594 29595 14
27189 27190 14
20130 20131 14
2073 2074 14
29635 29636 14
27215 27216 14
35003 35004 14
25078 25079 14
29674 29675 14
25081 25082 14
40992 40993 14
13485 13486 14
35024 35025 14
21741 36941 14
4313 4314 14
13494 13495 14
15794 15795 14
48399 48400 14
29721 29722 14
12620 29731 14
48410 48411 14
41079 41080 14
35055 35056 14
17051 35131 14
7990 7991 14
29733 29734 14
48483 48484 14
17059 17060 14
48495 48496 14
38009 42714 14
18468 18469 14
41173 41174 14
10664 10665 14
17065 17066 14
44725 44726 14
10671 10672 14
4316 4317 14
6483 6484 14
18501 18502 14
23443 23444 14
9944 9945 14
23450 23451 14
15850 30205 14
8540 25501 14
48609 48610 14
13556 13557 14
17106 17107 14
3388 3389 14
21879 21880 14
25240 25241 14
17125 17126 14
9209 9210 14
733 734 14
18573 18574 14
35 21042 14
21919 21920 14
29912 29913 14
38152 38153 14
48699 48700 14
27493 27494 14
5491 5492 14
35300 35301 14
17174 17175 14
44880 44881 14
18599 18600 14
15886 15887 14
20317 20318 14
21932 21933 14
90 91 14
21939 21940 14
48791 48792 14
44915 44916 14
12700 12701 14
44923 44924 14
44925 44926 14
27574 27575 14
38232 38233 14
226 227 14
8586 8587 14
29983 29984 14
41476 41477 14
29988 29989 14
14661 14662 14
48886 48887 14
15915 15916 14
12733 12734 14
3441 3442 14
21981 21982 14
48952 48953 14
11747 11748 14
30040 30041 14
22005 22006 14
10803 24750 14
3718 3719 14
41538 41539 14
8596 8597 14
41546 41547 14
23613 23614 14
45099 45100 14
45100 45101 14
502 503 14
45106 45107 14
3449 3450 14
30103 30104 14
14695 14696 14
25501 25502 14
25504 25505 14
10819 10820 14
2446 2447 14
18762 18763 14
41602 41603 14
20394 20395 14
25522 25523 14
22057 22058 14
49220 49221 14
30172 30173 14
27737 27738 14
14720 14721 14
6965 6966 14
15979 35456 14
49247 49248 14
49252 49253 14
13696 13697 14
49262 49263 14
22072 26550 14
41714 41715 14
32835 32836 14
25605 34655 14
45259 45260 14
2287 6333 14
35641 35642 14
11815 11816 14
2112 2113 14
18793 18794 14
1400 1401 14
41771 41772 14
9285 9286 14
16020 16021 14
49355 49356 14
30260 30261 14
4766 4767 14
2483 2484 14
23752 23753 14
35727 35728 14
32901 32902 14
1659 6924 14
32918 32919 14
20511 20512 14
27899 27900 14
45390 45391 14
14792 14793 14
27925 27926 14
30316 30317 14
9311 9312 14
13728 13729 14
41905 41906 14
27944 27945 14
49473 49474 14
49480 49481 14
32994 32995 14
9319 9320 14
9326 42156 14
49502 49503 14
8077 8078 14
9359 9360 14
18900 18901 14
30338 30339 14
12818 12819 14
17405 17406 14
30356 30357 14
4780 7994 14
30373 30374 14
49574 49575 14
45532 45533 14
8669 8670 14
28002 34459 14
22200 22201 14
33098 33099 14
35903 47218 14
33103 33104 14
23869 23870 14
12835 45776 14
9374 44519 14
20576 20577 14
42039 42040 14
1660 37641 14
194 195 14
28050 28051 14
567 568 14
42075 42076 14
45636 45637 14
7609 7610 14
35987 35988 14
42087 42088 14
25777 25778 14
45673 45674 14
36010 36011 14
36012 36013 14
42116 42117 14
13793 13794 14
12863 12864 14
45703 45704 14
28128 28129 14
10174 10175 14
42138 42139 14
30498 30499 14
10939 22671 14
38824 38825 14
22263 22264 14
38839 38840 14
2136 44457 14
38848 38849 14
38854 38855 14
9412 9413 14
19080 19081 14
36068 36069 14
694 695 14
33218 33219 14
3566 3567 14
28188 28189 14
8137 8138 14
42255 42256 14
14953 14954 14
38925 38926 14
45860 45861 14
45864 45865 14
49951 49952 14
7631 7632 14
45873 45874 14
20683 20684 14
9453 9454 14
30632 30633 14
1201 1202 14
30638 30639 14
30644 30645 14
42617 42618 15
15322 15323 15
39369 39370 15
36751 36752 15
42657 42658 15
18730 18731 15
10402 10403 15
17491 17492 15
18751 18752 15
23444 44075 15
42706 42707 15
15330 15331 15
42734 42735 15
31584 31585 15
224 225 15
18776 18777 15
3578 3579 15
34192 34193 15
31607 31608 15
7625 18468 15
39461 39462 15
42784 42785 15
39482 39483 15
2871 2872 15
20309 20310 15
36894 36895 15
13508 13509 15
17538 17539 15
4180 4181 15
13515 13516 15
1970 1971 15
2607 2608 15
17566 17567 15
31702 37082 15
42886 42887 15
23530 23531 15
5573 5574 15
39620 39621 15
29501 29502 15
31724 31725 15
25202 48039 15
14399 14400 15
31731 31732 15
46394 46395 15
31758 31759 15
4710 21756 15
43009 43010 15
5249 12038 15
34347 34348 15
12035 41438 15
43044 43045 15
37041 37042 15
39678 39679 15
43052 43053 15
8594 8595 15
39693 39694 15
37050 37051 15
10469 10470 15
27287 27288 15
12825 12826 15
16474 16475 15
37062 37063 15
5955 5956 15
909 910 15
37073 37074 15
34405 34406 15
43147 43148 15
18909 18910 15
13586 13587 15
46582 46583 15
23577 23578 15
27354 27355 15
16503 16504 15
18930 18931 15
29583 29584 15
25348 25349 15
20409 20410 15
15443 15444 15
46635 46636 15
11254 11255 15
25406 25407 15
43233 43234 15
10484 10485 15
39825 39826 15
29646 36063 15
12839 12840 15
17613 17614 15
34485 34486 15
43281 43282 15
18977 18978 15
7664 7665 15
29687 29688 15
39914 39915 15
46743 46744 15
37220 37221 15
46750 46751 15
43360 43361 15
34509 34510 15
43387 43388 15
20470 20471 15
13606 13607 15
8109 8110 15
39950 39951 15
20487 20488 15
215 216 15
7669 7670 15
25465 25466 15
39992 39993 15
7672 7673 15
16567 27403 15
40006 40007 15
271 272 15
19041 19042 15
46870 46871 15
19045 19046 15
17679 43952 15
10514 48493 15
40038 40039 15
37335 37336 15
23712 23713 15
14527 14528 15
29761 29762 15
8149 8150 15
40080 40081 15
46935 46936 15
15523 15524 15
14532 21757 15
37366 37367 15
16603 16604 15
27624 27625 15
19116 21184 15
46992 46993 15
12869 12870 15
25561 25562 15
8642 8643 15
23748 23749 15
40165 45908 15
8150 8151 15
34656 34657 15
17756 17757 15
19130 41863 15
3405 3406 15
14561 14562 15
37435 37436 15
8656 8657 15
9248 9249 15
19149 19150 15
40239 40240 15
5646 5647 15
32227 32228 15
37472 37473 15
32230 32231 15
12138 12139 15
32266 32267 15
34751 34752 15
34756 34757 15
23813 23814 15
23814 23815 15
47161 47162 15
19162 19163 15
47167 47168 15
6792 6793 15
15633 43924 15
47185 47186 15
47186 47187 15
43709 43710 15
7243 7244 15
40301 40302 15
29944 29945 15
13713 13714 15
17813 17814 15
40329 40330 15
47227 47228 15
47233 47234 15
40330 40331 15
3408 3409 15
32332 32333 15
37561 37562 15
9948 9949 15
47256 47257 15
22249 22250 15
3762 3763 15
34886 34887 15
27782 27783 15
29984 29985 15
47273 47274 15
47274 47275 15
5986 5987 15
34905 34906 15
23891 23892 15
11378 11379 15
29997 29998 15
7277 7278 15
34958 34959 15
4446 4447 15
19280 19281 15
43837 43838 15
27867 27868 15
37676 37677 15
20733 20734 15
13736 13737 15
17859 17860 15
40470 40471 15
12227 12228 15
7283 7284 15
19301 19302 15
15696 15697 15
40510 40511 15
37762 37763 15
30093 30094 15
10576 10577 15
867 868 15
20777 20778 15
25784 25785 15
27949 27950 15
17877 17878 15
35046 35047 15
15737 15738 15
37815 37816 15
37818 37819 15
22320 22321 15
43959 43960 15
12996 38467 15
47488 47489 15
35060 35061 15
37822 37823 15
13001 13002 15
40656 40657 15
44012 44013 15
32589 32590 15
16750 16751 15
19370 19371 15
8206 8207 15
32618 32619 15
1721 1722 15
8214 8215 15
5298 5299 15
40725 40726 15
17957 17958 15
35112 35113 15
5305 5306 15
754 755 15
17969 17970 15
9363 9364 15
35177 35178 15
12314 12315 15
40764 40765 15
19467 19468 15
28078 28079 15
24055 24056 15
6049 14808 15
15795 15796 15
30272 30273 15
10665 10666 15
19474 19475 15
35235 35236 15
40862 40863 15
22499 22500 15
20907 20908 15
6482 6483 15
3418 3419 15
15822 15823 15
20928 20929 15
2793 2794 15
1728 1729 15
24126 24127 15
24129 24130 15
24158 24159 15
30326 30327 15
8788 8789 15
28231 28232 15
1069 49971 15
24171 24172 15
44304 44305 15
40937 40938 15
38025 42902 15
47938 47939 15
47939 47940 15
19528 19529 15
22556 22557 15
14765 14766 15
4496 4497 15
8826 8827 15
22577 22578 15
28288 28289 15
8830 29595 15
30404 30405 15
26036 26037 15
41002 41003 15
8847 8848 15
601 602 15
10106 10107 15
15880 15881 15
13100 13101 15
21034 21035 15
41060 41061 15
21041 21042 15
14826 14827 15
5745 5746 15
11599 11600 15
131 132 15
16939 16940 15
44542 44543 15
14861 14862 15
5333 5334 15
24315 24316 15
44564 44565 15
2016 2017 15
22671 22672 15
41179 41180 15
30518 30519 15
19626 19627 15
28367 28368 15
6123 6124 15
1495 1496 15
48260 48261 15
41226 41227 15
33043 33044 15
30597 30598 15
15920 15921 15
21117 21118 15
33057 33058 15
26165 26166 15
38246 38247 15
44677 44678 15
28384 38367 15
48317 48318 15
38251 38252 15
5076 5077 15
44695 44696 15
22701 22702 15
19662 19663 15
21122 21123 15
48366 48367 15
2993 2994 15
35666 35667 15
28419 28420 15
9522 9523 15
35683 35684 15
38296 38297 15
3314 3315 15
41358 41359 15
35708 35709 15
44779 44780 15
6160 38534 15
35715 35716 15
30658 30659 15
41387 41388 15
33122 33123 15
2561 2562 15
30667 35860 15
44807 44808 15
41411 41412 15
24389 24390 15
30682 30683 15
28459 28460 15
10192 10193 15
19693 19694 15
21164 21165 15
18239 18240 15
14902 14903 15
2688 2689 15
33178 33179 15
44893 44894 15
22770 22771 15
4093 4094 15
48619 48620 15
4574 4575 15
18278 18279 15
28519 28520 15
19736 39997 15
38471 38472 15
7456 7457 15
44917 44918 15
35856 35857 15
28537 28538 15
21216 21217 15
15981 15982 15
3682 38291 15
21229 21230 15
30771 30772 15
44971 44972 15
44975 44976 15
13217 35431 15
44987 44988 15
44993 44994 15
48773 48774 15
14952 14953 15
15997 15998 15
3320 3321 15
4309 4310 15
48780 48781 15
18339 18340 15
21266 21267 15
45036 45037 15
8368 8369 15
30830 30831 15
35974 35975 15
1595 1596 15
41644 41645 15
12544 12545 15
7935 21211 15
30867 30868 15
38561 38562 15
9588 25584 15
38573 38574 15
3522 3523 15
26389 26390 15
48897 48898 15
7947 7948 15
22895 22896 15
3913 3914 15
26434 26435 15
48960 48961 15
48976 48977 15
28687 28688 15
26440 26441 15
26457 36010 15
13263 13264 15
9603 9604 15
33424 33425 15
13267 13268 15
30947 30948 15
38663 38664 15
17198 17199 15
41798 41799 15
24605 24606 15
33480 33481 15
33491 33492 15
16072 16073 15
19838 19839 15
36103 36104 15
49152 49153 15
18397 18398 15
6979 6980 15
18411 18412 15
8402 8403 15
41896 41897 15
33550 33551 15
12601 12602 15
19891 19892 15
41909 41910 15
12615 12616 15
191 192 15
17231 17232 15
19919 19920 15
26582 26583 15
33590 33591 15
14113 14114 15
7954 7955 15
31013 31014 15
15078 15079 15
19936 38650 15
716 717 15
38827 38828 15
579 580 15
38837 38838 15
36230 36231 15
24732 24733 15
36246 36247 15
45419 45420 15
45421 45422 15
19976 19977 15
33659 33660 15
10962 10963 15
42013 42014 15
8437 8438 15
49375 49376 15
38874 38875 15
36269 36270 15
42046 42047 15
13341 13342 15
38901 38902 15
12644 12645 15
21505 21506 15
4157 4158 15
10984 10985 15
28909 28910 15
31140 31141 15
31141 31142 15
45542 45543 15
6642 6643 15
17313 17314 15
13369 13370 15
31178 31179 15
20047 20048 15
20051 20052 15
49483 49484 15
13376 13377 15
26741 26742 15
7016 7017 15
28976 28977 15
11866 11867 15
11003 11004 15
4358 4359 15
6650 6651 15
33818 33819 15
39007 39008 15
23159 23160 15
18552 18553 15
42233 42234 15
45666 45667 15
36418 36419 15
14217 14218 15
11017 11018 15
26811 26812 15
18560 18561 15
21640 21641 15
13395 20273 15
26856 26857 15
17373 17374 15
5860 5861 15
21662 21663 15
29108 29109 15
36474 36475 15
42310 42311 15
13397 13398 15
11027 11028 15
36497 36498 15
4888 4889 15
7039 7040 15
49721 49722 15
45808 45809 15
24928 24929 15
49733 49734 15
5196 5197 15
18608 18609 15
39199 39200 15
7590 7591 15
42415 42416 15
45836 47584 15
16285 16286 15
18636 18637 15
23260 23261 15
18639 18640 15
5197 5198 15
4158 4159 15
25012 25013 15
42457 42458 15
16305 16306 15
42474 42475 15
9769 9770 15
17411 17412 15
29222 32788 15
31465 31466 15
39258 39259 15
832 833 15
49888 49889 15
42548 42549 15
20237 20238 15
21774 21775 15
6301 6302 15
45957 45958 15
23360 23361 15
6304 6305 15
20245 20246 15
45998 45999 15
46007 46008 15
46023 46024 15
1894 1895 15
13472 13473 15
20252 20253 15
34102 34103 15
11994 11995 15
42595 42596 15
21807 31366 15
17477 17478 15
40567 40568 16
30816 30817 16
8740 8741 16
9232 9233 16
33147 33148 16
28831 28832 16
10944 10945 16
22264 22265 16
28842 28843 16
43630 43631 16
20963 20964 16
26876 26877 16
46649 46650 16
17391 17392 16
25134 25135 16
40660 40661 16
43655 43656 16
46675 46676 16
46677 46678 16
40669 40670 16
17392 17393 16
38102 38103 16
46716 46717 16
25138 25139 16
23649 23650 16
30911 30912 16
13075 13076 16
16399 16400 16
16403 16404 16
1543 28593 16
40740 40741 16
33227 46933 16
10952 40030 16
35704 35705 16
3653 3654 16
3912 3913 16
33241 33242 16
9830 9831 16
40759 40760 16
26965 26966 16
43768 43769 16
40766 40767 16
12444 12445 16
28928 28929 16
18524 18525 16
40795 40796 16
46853 46854 16
26979 26980 16
3426 3427 16
3063 20822 16
38189 38190 16
13104 13105 16
25205 25206 16
25207 25208 16
5699 8078 16
38223 38224 16
5310 5311 16
14597 14598 16
46921 46922 16
35816 35817 16
12496 12497 16
23742 23743 16
18565 18566 16
17488 17489 16
46943 46944 16
3064 3065 16
46959 46960 16
33362 33363 16
29033 29034 16
22383 22384 16
33385 33386 16
4444 4445 16
1846 1847 16
47007 47008 16
31036 31037 16
23774 23775 16
22410 22411 16
18590 18591 16
17500 17501 16
15559 15560 16
47054 47055 16
17512 44926 16
17519 31144 16
33477 33478 16
11775 11776 16
40989 40990 16
21136 21137 16
47077 47078 16
29125 29126 16
43985 43986 16
21140 21141 16
41004 41005 16
12532 12533 16
16512 38163 16
13141 28260 16
2363 2364 16
47138 47139 16
33537 33538 16
23849 31127 16
27177 27178 16
31183 31184 16
44025 44026 16
21169 21170 16
41092 41093 16
41110 41111 16
27191 27192 16
15591 15592 16
38443 38444 16
36035 36036 16
23874 23875 16
11021 11022 16
2864 2865 16
20009 20010 16
11800 11801 16
20011 20012 16
29233 29234 16
31268 31269 16
27232 27233 16
27237 48570 16
2269 2270 16
29275 29276 16
13193 13194 16
25490 25491 16
20016 20017 16
38520 38521 16
44224 44225 16
41244 41245 16
47265 47266 16
31322 31323 16
11028 11029 16
44236 44237 16
740 741 16
29332 29333 16
44251 44252 16
13846 13847 16
13849 13850 16
3696 3697 16
31357 31358 16
18728 18729 16
25511 25512 16
47344 47345 16
27310 27311 16
4778 4779 16
3088 3089 16
693 33277 16
6498 6499 16
25558 25559 16
29408 29409 16
44329 44330 16
18749 18750 16
33753 33754 16
12614 12615 16
17600 17601 16
21290 21291 16
13886 13887 16
47428 47429 16
9344 9345 16
27423 27424 16
33826 33827 16
31453 31454 16
31460 31461 16
47444 47445 16
47445 47446 16
44445 44446 16
11084 29421 16
44458 44459 16
2490 2491 16
29476 29477 16
38683 38684 16
27439 27440 16
9360 10812 16
13930 13931 16
25634 25635 16
25636 25637 16
11128 11129 16
21345 21346 16
13234 13235 16
44524 44525 16
9927 31863 16
15750 15751 16
20158 20159 16
12641 12642 16
18804 18805 16
8890 8891 16
18816 18817 16
36377 36378 16
47632 47633 16
9935 9936 16
38777 38778 16
27533 27534 16
41569 41570 16
44591 44592 16
14794 14795 16
22711 22712 16
8040 8041 16
22719 22720 16
44633 44634 16
22726 22727 16
38831 38832 16
31588 31589 16
13264 13265 16
22739 22740 16
17682 48580 16
34040 34041 16
1461 1462 16
17694 17695 16
18859 18860 16
21426 21427 16
3978 3979 16
27633 27634 16
47817 47818 16
44705 44706 16
13983 13984 16
41707 41708 16
624 625 16
16701 16702 16
34090 34091 16
15804 15805 16
22781 22782 16
3521 3522 16
29677 29678 16
14856 14857 16
21482 21483 16
41754 41755 16
13998 13999 16
25793 25794 16
29699 29700 16
29704 46069 16
31756 31757 16
41786 41787 16
13279 13280 16
44805 44806 16
21495 21496 16
11961 11962 16
6148 6149 16
8915 8916 16
21514 21515 16
36614 36615 16
48050 48051 16
44835 44836 16
31801 31802 16
3100 3101 16
34214 34215 16
25824 25825 16
36632 36633 16
21528 21529 16
22838 22839 16
29737 29738 16
31835 31836 16
21536 21537 16
8074 8075 16
48134 48135 16
16752 16753 16
41915 41916 16
19003 19004 16
31854 31855 16
9421 9422 16
21550 21551 16
27789 34038 16
19011 19012 16
22886 22887 16
13317 13318 16
13325 13326 16
22892 22893 16
27842 27843 16
29797 29798 16
25915 25916 16
8466 8467 16
9424 28652 16
39201 39202 16
34350 34351 16
13331 13332 16
34369 34370 16
36842 36843 16
29827 29828 16
27888 27889 16
48305 48306 16
8075 8076 16
896 897 16
45062 45063 16
3558 22526 16
27904 27905 16
8969 8970 16
27920 27921 16
2907 48253 16
7703 12672 16
39260 39261 16
9462 47394 16
48374 48375 16
14940 14941 16
29929 29930 16
45103 45104 16
29930 36099 16
325 326 16
902 903 16
21664 21665 16
48427 48428 16
22976 22977 16
32074 32075 16
720 721 16
32100 32101 16
10578 10579 16
39342 39343 16
27979 37797 16
5460 5461 16
1178 42293 16
15939 15940 16
6916 6917 16
16869 16870 16
26017 26018 16
425 31438 16
2946 2947 16
26037 26038 16
48558 48559 16
15953 15954 16
21742 21743 16
17943 17944 16
16881 16882 16
39434 39435 16
8556 23559 16
3163 3164 16
48610 48611 16
9024 29122 16
17963 17964 16
39458 39459 16
34575 34576 16
39478 39479 16
11347 11348 16
12089 12090 16
24519 24520 16
3165 3166 16
16927 16928 16
42351 42352 16
16927 20787 16
24522 24523 16
2537 37260 16
48698 48699 16
7384 7385 16
32305 32306 16
48709 48710 16
39583 39584 16
42406 42407 16
48744 48745 16
39587 39588 16
2539 2540 16
30140 30141 16
37186 37187 16
9564 9565 16
23138 41979 16
45433 45434 16
24561 24562 16
1412 1413 16
20509 20510 16
12835 12836 16
42462 42463 16
28234 28235 16
42492 42493 16
48807 48808 16
24581 24582 16
3790 3791 16
39664 45032 16
42525 42526 16
48838 48839 16
6632 6633 16
37284 37285 16
16013 16014 16
48851 48852 16
26206 26207 16
34689 34690 16
30203 30204 16
48892 48893 16
39689 39690 16
45544 45545 16
24592 24593 16
45553 45554 16
28255 47204 16
48940 48941 16
10717 10718 16
15101 15102 16
12133 12134 16
17015 17016 16
32463 32464 16
30244 30245 16
49 50 16
871 872 16
13499 20486 16
1198 1199 16
18143 18144 16
49047 49048 16
20570 20571 16
32506 32507 16
28319 28320 16
26272 26273 16
32519 32520 16
49094 49095 16
7411 7412 16
15156 15157 16
49131 49132 16
32536 42850 16
34887 34888 16
14251 19444 16
42725 42726 16
39812 39813 16
45694 45695 16
24683 24684 16
37415 37416 16
26299 26300 16
23244 23245 16
11445 11446 16
16076 16077 16
18179 18180 16
30323 30324 16
10178 10179 16
13516 13517 16
37454 37455 16
10764 10765 16
24725 38841 16
30335 30336 16
1080 1081 16
9600 9601 16
32641 32642 16
10795 17285 16
35007 35008 16
42874 42875 16
9601 9602 16
3388 32164 16
7426 7427 16
6992 6993 16
32702 32703 16
14346 14347 16
16147 16148 16
42939 42940 16
4913 4914 16
22025 22026 16
37548 37549 16
6999 7000 16
20698 20699 16
49387 49388 16
40054 40055 16
14358 36758 16
20709 20710 16
45926 45927 16
9647 9648 16
43024 43025 16
3404 3405 16
18252 18253 16
37606 37607 16
5556 5557 16
35073 35074 16
43053 43054 16
40111 40112 16
17219 17220 16
40136 40137 16
5934 5935 16
26481 34984 16
19536 19537 16
773 774 16
10269 14384 16
5591 5592 16
13608 13609 16
2826 2827 16
24874 24875 16
30519 30520 16
24876 24877 16
46116 46117 16
28525 28526 16
30553 30554 16
49550 49551 16
4129 4130 16
17240 17241 16
9159 9160 16
35220 35221 16
16234 16235 16
46154 46155 16
37779 37780 16
2828 2829 16
14418 14419 16
13666 13667 16
26584 26585 16
23504 23505 16
6365 6366 16
18348 21676 16
23515 23516 16
43243 43244 16
46209 46210 16
3042 3043 16
49657 49658 16
28617 28618 16
49672 49673 16
23523 23524 16
3875 39900 16
15354 15355 16
30662 30663 16
9205 9206 16
26683 26684 16
35334 35335 16
11620 11621 16
43374 43375 16
1373 1374 16
11643 11644 16
5282 5283 16
14486 14487 16
49770 49771 16
33010 33011 16
30693 47592 16
33018 33019 16
49790 49791 16
20888 20889 16
1730 1731 16
18398 21659 16
14488 14489 16
43451 43452 16
17345 17346 16
49809 49810 16
35433 35434 16
43468 43469 16
28707 28708 16
23574 23575 16
35449 35450 16
14491 14492 16
49854 49855 16
4965 4966 16
37936 37937 16
33077 33078 16
25060 25061 16
26746 26747 16
46476 46477 16
35464 35465 16
28747 28748 16
8712 24748 16
7083 7084 16
16345 16346 16
23581 23582 16
17372 17373 16
8331 8332 16
25086 25087 16
35508 35509 16
33117 33118 16
10922 10923 16
35529 35530 16
5982 5983 16
28807 28808 16
40564 40565 16
10233 10234 17
46938 46939 17
28498 28499 17
44121 44122 17
26629 26630 17
5415 5416 17
15503 15504 17
12399 12400 17
26664 26665 17
44178 44179 17
26680 26681 17
14593 14594 17
6191 6192 17
34505 34506 17
23634 23635 17
12401 12402 17
36788 36789 17
22298 22299 17
15551 15552 17
26701 26702 17
9602 9603 17
14625 14626 17
30427 30428 17
2346 2347 17
453 454 17
10883 10884 17
26720 26721 17
14638 29834 17
19857 29009 17
44274 44275 17
23682 23683 17
47103 47104 17
30472 30473 17
19859 19860 17
47127 47128 17
6649 6650 17
1474 1475 17
39015 44223 17
5806 5807 17
41598 41599 17
2090 2091 17
23720 23721 17
39032 39033 17
34619 34620 17
39039 39040 17
41640 41641 17
32570 32571 17
14656 14657 17
13141 13142 17
2207 2208 17
30545 30546 17
23727 23728 17
39084 39085 17
41706 41707 17
34642 34643 17
13144 13145 17
30557 30558 17
39103 39104 17
6665 6666 17
30569 30570 17
1983 1984 17
39153 39154 17
39160 39161 17
6671 6672 17
26853 26854 17
13848 13849 17
1904 1905 17
10924 10925 17
44519 44520 17
9110 9111 17
9114 9115 17
9684 9685 17
15686 15687 17
26892 26893 17
47289 47290 17
10943 10944 17
41800 41801 17
39224 39225 17
44558 44559 17
47313 47314 17
37071 37072 17
12533 25787 17
15698 15699 17
5139 26957 17
18707 18708 17
15713 15714 17
15717 15718 17
21211 21212 17
4514 4515 17
32748 32749 17
14742 14743 17
16664 16665 17
3715 3716 17
25321 25322 17
1990 1991 17
8610 8611 17
20067 20068 17
14751 48614 17
25386 25387 17
23869 40077 17
8 9 17
41943 41944 17
2116 2117 17
9747 9748 17
41972 41973 17
21257 21258 17
9141 9142 17
14766 14767 17
11811 11812 17
37238 37239 17
15784 15785 17
41988 41989 17
37254 37255 17
4528 4529 17
17679 17680 17
17679 39013 17
3992 3993 17
44775 44776 17
21315 21316 17
12603 12604 17
9187 9188 17
20155 20156 17
10376 10377 17
42035 42036 17
20158 42881 17
5500 5501 17
42055 42056 17
17705 17706 17
25496 25497 17
25498 25499 17
39473 39474 17
4235 4236 17
15809 15810 17
32943 32944 17
39487 39488 17
35035 35036 17
42100 42101 17
3083 3084 17
39530 39531 17
29028 29029 17
16740 24630 17
37363 37364 17
47730 47731 17
2367 2368 17
32988 32989 17
8650 8651 17
13274 13275 17
37382 37383 17
17755 17756 17
21388 21389 17
33015 33016 17
16753 43328 17
5919 12172 17
25539 25540 17
44938 44939 17
25547 25548 17
27230 27231 17
24008 24009 17
44954 44955 17
20223 20224 17
22735 22736 17
11043 11044 17
37436 37437 17
25573 25574 17
5920 5921 17
35162 35163 17
33079 33080 17
45011 45012 17
10413 10414 17
42284 42285 17
35173 35174 17
17773 17774 17
37473 37474 17
15860 15861 17
3293 3294 17
35196 35197 17
16793 16794 17
973 10019 17
22766 22767 17
2702 2703 17
47999 48000 17
25637 25638 17
1913 1914 17
48007 48008 17
2378 2379 17
20278 36819 17
33125 33126 17
22781 47756 17
18986 18987 17
16822 16823 17
24109 24199 17
33142 33143 17
1115 1116 17
33144 33145 17
5947 5948 17
35306 35307 17
37591 37592 17
19008 36901 17
27398 27399 17
29282 29283 17
42469 42470 17
25681 25682 17
42480 42481 17
9851 9852 17
25685 25686 17
22813 22814 17
14080 14081 17
31094 31095 17
48176 48177 17
29327 29328 17
39906 39907 17
5564 5565 17
31116 31117 17
20298 20299 17
42560 42561 17
35389 35390 17
3103 3104 17
8694 8695 17
15902 15903 17
27478 27479 17
39952 39953 17
8236 8237 17
45320 45321 17
35438 35439 17
5576 5577 17
45339 45340 17
14098 14099 17
3116 3117 17
33249 33250 17
22854 22855 17
20329 20330 17
24205 24206 17
24217 24218 17
7313 7314 17
12004 12005 17
21584 21585 17
16874 16875 17
48382 48383 17
27563 27564 17
8731 8732 17
24245 24246 17
24245 31503 17
31270 31271 17
42714 42715 17
45431 45432 17
17927 17928 17
4627 4628 17
1225 37879 17
3322 3323 17
24298 24299 17
31314 31315 17
7824 13565 17
40143 40144 17
35554 35555 17
11215 11216 17
14997 14998 17
17952 17953 17
37864 37865 17
2715 2716 17
37878 37879 17
42846 42847 17
35584 35585 17
31329 31330 17
1393 1394 17
35606 35607 17
48582 48583 17
5636 5637 17
1579 1580 17
22940 22941 17
24352 24353 17
22942 22943 17
29531 29532 17
20396 20397 17
33468 45755 17
22953 22954 17
20404 20405 17
33481 33482 17
33488 33489 17
6469 6470 17
5642 5643 17
21697 21698 17
6472 6473 17
8791 8792 17
40281 40282 17
33504 33505 17
2404 2405 17
35716 35717 17
1580 1581 17
43038 43039 17
40296 40297 17
27740 47883 17
14192 14193 17
48740 48741 17
2287 2288 17
16990 16991 17
20455 20456 17
43060 43061 17
31458 31459 17
43067 43068 17
19216 19217 17
23034 23035 17
6481 6482 17
10562 10563 17
18022 18023 17
45752 45753 17
45755 45756 17
27784 27785 17
12814 12815 17
18064 18065 17
43119 43120 17
15080 15081 17
35827 35828 17
33626 33627 17
13470 13471 17
17044 17045 17
18096 18097 17
25981 25982 17
43170 43171 17
24467 24468 17
18101 18102 17
38119 38120 17
23097 23098 17
1510 1511 17
14229 14230 17
35871 35872 17
7401 7402 17
45874 45875 17
40460 40461 17
6030 6031 17
24512 24513 17
1775 41911 17
48988 48989 17
26048 26049 17
12102 12103 17
19327 19328 17
43256 43257 17
31581 36761 17
38171 38172 17
20545 20546 17
4698 4699 17
4112 5291 17
6053 6054 17
10588 45585 17
8884 8885 17
17073 19970 17
7419 7420 17
10021 10022 17
40591 40592 17
29781 29782 17
20593 20594 17
29786 33542 17
38230 38231 17
26104 42654 17
31678 31679 17
16114 16115 17
27986 27987 17
36032 36033 17
23193 23194 17
27990 33093 17
49201 49202 17
14286 14287 17
13518 13519 17
21928 21929 17
20615 20616 17
17111 17112 17
26140 26141 17
26143 26144 17
29879 29880 17
28031 28032 17
4118 4299 17
10633 10634 17
24608 24609 17
8892 8893 17
29919 29920 17
28057 28058 17
1592 1593 17
1043 1044 17
6510 6511 17
14344 14345 17
38359 38360 17
5311 5312 17
9454 9455 17
38374 38375 17
26208 26209 17
43560 43561 17
33994 33995 17
2960 2961 17
46276 46277 17
17204 17205 17
34020 34021 17
7469 7470 17
28164 28165 17
20682 20683 17
29973 29974 17
49409 49410 17
43600 43601 17
17214 17215 17
38437 38438 17
12920 12921 17
49444 49445 17
46339 46340 17
20699 20700 17
16189 16190 17
20708 32954 17
46367 46368 17
28196 28197 17
10693 10694 17
43643 43644 17
36247 36248 17
1013 10922 17
13594 13595 17
26280 26281 17
23371 23372 17
16214 16215 17
7481 7482 17
49497 49498 17
6090 6091 17
2058 2059 17
30055 30056 17
3870 3871 17
38519 38520 17
12956 18455 17
10730 10731 17
10107 10108 17
13622 13623 17
12968 12969 17
9509 9510 17
18347 18348 17
3188 3741 17
12255 12256 17
49583 49584 17
34164 34165 17
20797 20798 17
17306 17307 17
36374 36375 17
34178 34179 17
12265 12266 17
41025 41026 17
32069 32070 17
12271 12272 17
49628 49629 17
34207 34208 17
46611 46612 17
11478 34983 17
30157 30158 17
32094 32095 17
34223 34224 17
32097 32098 17
38637 38638 17
41125 41126 17
3197 3198 17
12296 12297 17
38658 38659 17
43844 43845 17
28334 43558 17
23485 23486 17
6112 6113 17
1245 1246 17
46679 46680 17
419 420 17
2331 21909 17
20846 20847 17
8447 8448 17
4751 4752 17
43899 43900 17
6140 46292 17
2333 2334 17
18418 18419 17
34304 34305 17
7564 11085 17
19710 19711 17
10812 10813 17
41247 45831 17
36505 36506 17
36517 36518 17
8475 8476 17
32211 32212 17
18430 42314 17
13725 13726 17
15432 15433 17
43981 43982 17
22229 22230 17
1258 9708 17
36590 36591 17
5776 5777 17
3029 3030 17
43998 43999 17
41310 41311 17
12368 12369 17
13734 13735 17
2475 2476 17
3427 3428 17
1100 1101 17
11613 11614 17
6636 6637 17
14570 14571 17
26600 26601 17
16435 16436 17
23587 23588 17
28481 28482 17
3690 3691 17
20589 20590 18
41720 48402 18
21808 21809 18
27454 27455 18
37278 37279 18
41736 41737 18
35052 35053 18
44278 44279 18
17329 17330 18
39264 39265 18
20602 20603 18
27468 44969 18
39286 39287 18
1530 1531 18
23055 23056 18
29279 29280 18
25790 40816 18
15596 24224 18
16437 16438 18
12756 12757 18
44338 44339 18
44346 44347 18
37333 37334 18
6017 6018 18
1437 1438 18
24378 24379 18
20625 20626 18
14000 14001 18
35116 35117 18
44392 44393 18
23081 23082 18
23095 23096 18
41858 41859 18
777 778 18
29374 29375 18
37373 37374 18
16463 16464 18
41900 41901 18
39411 39412 18
44462 44463 18
44468 44469 18
4563 4564 18
11327 11328 18
19537 19538 18
7945 17727 18
35193 35194 18
35195 35196 18
7422 7423 18
25869 25870 18
20673 20674 18
25888 25889 18
4571 4572 18
27626 27627 18
39477 39478 18
8962 8963 18
29445 29446 18
12788 12789 18
8420 8421 18
33209 33210 18
14049 14050 18
14054 14055 18
39531 39532 18
16527 16528 18
35295 35296 18
7439 7440 18
4572 4573 18
47278 47279 18
12797 12798 18
4032 34143 18
17435 17436 18
29493 29494 18
3097 33274 18
42022 42023 18
47306 47307 18
4586 25554 18
24517 24518 18
31289 31290 18
33262 33263 18
15724 15725 18
8444 8445 18
4278 4279 18
19640 19641 18
16563 16564 18
780 781 18
24549 24550 18
13408 13409 18
27744 27745 18
37563 37564 18
1725 6651 18
19675 19676 18
37580 37581 18
16573 16574 18
16578 16579 18
42122 42123 18
26006 26007 18
14100 14101 18
42129 42130 18
35444 35445 18
19690 19691 18
31358 31359 18
37615 37616 18
12827 12828 18
31375 31376 18
47459 47460 18
42168 42169 18
4912 4913 18
1379 1380 18
5733 17175 18
14868 45551 18
23329 23330 18
33412 33413 18
1297 48901 18
15778 15779 18
44822 44823 18
27838 27839 18
47530 47531 18
15780 15781 18
23352 23353 18
44847 44848 18
44853 44854 18
37722 37723 18
27864 27865 18
29660 29661 18
47570 47571 18
29662 29663 18
19727 19728 18
47591 47592 18
42274 42275 18
26061 47650 18
22092 22093 18
31457 31458 18
1119 1120 18
39844 39845 18
17553 17554 18
47666 47667 18
16631 16632 18
42329 42330 18
17558 17559 18
37799 37800 18
12163 12164 18
47688 47689 18
15788 15789 18
42368 42369 18
2935 2936 18
47737 47738 18
14136 14137 18
20893 20894 18
31510 31511 18
44949 44950 18
482 483 18
12202 15032 18
477 478 18
35627 35628 18
4310 4311 18
4936 4937 18
13483 13484 18
27965 27966 18
47812 47813 18
2446 34611 18
37856 46282 18
33594 33595 18
14169 14170 18
1761 1762 18
9075 9076 18
47871 47872 18
18600 18601 18
47876 47877 18
45040 45041 18
33616 33617 18
11519 11520 18
4946 4947 18
7014 27525 18
791 792 18
18633 18634 18
3806 9564 18
37905 37906 18
4664 4665 18
42540 42541 18
47945 47946 18
40079 40080 18
4331 4332 18
18653 18654 18
35737 35738 18
35738 35739 18
18655 18656 18
45109 45110 18
31597 31598 18
11548 11549 18
22245 22246 18
21017 45047 18
1567 1568 18
3339 3340 18
21032 21033 18
28067 28068 18
48072 48073 18
2605 2606 18
7051 7052 18
40168 40169 18
29836 49070 18
45209 45210 18
28105 28106 18
16742 16743 18
48102 48103 18
1987 1988 18
26284 26285 18
45226 45227 18
42658 42659 18
13544 16135 18
12313 12314 18
300 301 18
24871 24872 18
7075 7076 18
12969 12970 18
1138 1139 18
33810 33811 18
7624 7625 18
9691 9692 18
22297 22298 18
48183 48184 18
31775 31776 18
9697 9698 18
6645 38723 18
5392 5393 18
4364 4365 18
15940 15941 18
18766 18767 18
35922 35923 18
48280 48281 18
42786 42787 18
12995 30074 18
40287 40288 18
24943 24944 18
33892 33893 18
20019 20020 18
42847 42848 18
3171 3172 18
17734 17735 18
33916 33917 18
16823 17490 18
24959 24960 18
48329 48330 18
1791 1792 18
8129 8130 18
40344 40345 18
21145 21146 18
40352 40353 18
14341 14342 18
5427 5428 18
2488 2489 18
15142 15143 18
25021 25022 18
40389 40390 18
25030 25031 18
5833 5834 18
10935 10936 18
48419 48420 18
33998 33999 18
22423 22424 18
34016 34017 18
43016 43017 18
18807 18808 18
3000 40347 18
48466 48467 18
31939 31940 18
31947 31948 18
40443 40444 18
18811 18812 18
5440 5441 18
9783 9784 18
1088 1089 18
22482 22483 18
5858 5859 18
2259 2260 18
30116 30117 18
3028 15879 18
23723 23724 18
6294 6295 18
48577 48578 18
45596 45597 18
10964 10965 18
10966 10967 18
2365 2366 18
30151 30152 18
21243 21244 18
15213 15214 18
3030 3031 18
17846 17847 18
43143 43144 18
40560 40561 18
48635 48636 18
18901 18902 18
48649 48650 18
30175 30176 18
1271 1272 18
16909 16910 18
18919 18920 18
17853 17854 18
43172 43173 18
26649 26650 18
4749 4750 18
26657 26658 18
25147 25148 18
30212 30213 18
40648 40649 18
36250 36251 18
26672 26673 18
28441 28442 18
16056 16460 18
14419 14420 18
25152 25153 18
7217 7218 18
25164 48009 18
25168 25169 18
43252 43253 18
45806 45807 18
34219 34220 18
25172 47426 18
14433 14434 18
9231 9232 18
7225 7226 18
6735 6736 18
48794 48795 18
17917 17918 18
10433 10434 18
48797 48798 18
38462 38463 18
23816 23817 18
48809 48810 18
6331 6332 18
43377 43378 18
43380 43381 18
10446 10447 18
19009 19010 18
14461 14462 18
32276 32277 18
45902 45903 18
15300 15301 18
22661 22662 18
48864 48865 18
43420 43421 18
26756 26757 18
34292 34293 18
32285 32286 18
697 698 18
11803 11804 18
3048 34392 18
48933 48934 18
25242 25243 18
25244 25245 18
21379 21380 18
25257 25258 18
5482 5483 18
6756 6757 18
45974 45975 18
4436 33951 18
9883 44797 18
17962 17963 18
46004 46005 18
16144 16145 18
13128 13129 18
32368 32369 18
3678 3679 18
49048 49049 18
5922 5923 18
23915 23916 18
28643 28644 18
28649 28650 18
38594 38595 18
28651 28652 18
25343 43610 18
16154 16155 18
19099 19100 18
25362 25363 18
36518 36519 18
15357 15358 18
17987 17988 18
49155 49156 18
49170 49171 18
40955 40956 18
34442 34443 18
38649 38650 18
38651 38652 18
938 939 18
21463 21464 18
30471 30472 18
8263 8264 18
46189 46190 18
26930 26931 18
36592 36593 18
30489 30490 18
43612 43613 18
26934 26935 18
28708 35260 18
18004 18005 18
11875 11876 18
1692 1693 18
41039 41040 18
28735 28736 18
21479 21480 18
3929 3930 18
30535 30536 18
13791 13792 18
43658 43659 18
25443 25444 18
41104 41105 18
49336 49337 18
2528 2529 18
8280 14599 18
38721 38722 18
4192 4193 18
5940 5941 18
26991 26992 18
34565 34566 18
38764 38765 18
14556 14557 18
7307 7308 18
36709 36710 18
20362 20363 18
19163 19164 18
15404 15405 18
41210 41211 18
46379 48546 18
36726 36727 18
15407 15408 18
43767 43768 18
41219 41220 18
11914 11915 18
13823 13824 18
34592 34593 18
11924 12729 18
11158 11159 18
2836 2837 18
20392 20393 18
19226 19227 18
16257 16258 18
25506 25507 18
46489 46490 18
30659 30660 18
4479 4480 18
9348 9349 18
19241 19242 18
1697 1698 18
5177 5178 18
43841 43842 18
20443 36180 18
847 848 18
2845 2846 18
43861 43862 18
20448 20449 18
46578 46579 18
43870 43871 18
22864 22865 18
16293 16294 18
17225 17226 18
4835 4836 18
9365 30845 18
43890 43891 18
24143 24144 18
28946 28947 18
11213 11214 18
19309 19310 18
3268 3269 18
30735 30736 18
36965 36966 18
3464 3465 18
2857 2858 18
24176 24177 18
25631 25632 18
46658 46659 18
6843 37825 18
28999 29000 18
19346 19347 18
29016 29017 18
3282 3283 18
10565 10566 18
17283 17284 18
34843 34844 18
46699 46700 18
43983 43984 18
8355 8356 18
49742 49743 18
46721 46722 18
41489 41490 18
3975 3976 18
5213 25645 18
1066 1067 18
37061 37062 18
24207 24208 18
15547 15548 18
30840 30841 18
803 804 18
13289 13290 18
29089 29090 18
17307 17308 18
13291 13292 18
34928 34929 18
21770 21826 18
34942 34943 18
44059 44060 18
10019 10020 18
41571 41572 18
39107 39108 18
44090 44091 18
6477 6478 18
32952 32953 18
21780 21781 18
24251 24252 18
49877 49878 18
39184 39185 18
22983 22984 18
37129 37130 18
44165 44166 18
29129 29130 18
22988 22989 18
49915 49916 18
22989 22990 18
27371 27372 18
49920 49921 18
18290 18291 18
27375 27376 18
46928 46929 18
2310 2311 18
13300 13301 18
16417 16418 18
23024 33901 18
2313 2314 18
35031 35032 18
24327 24328 18
23030 23031 18
9451 9452 18
10411 10412 19
19006 19007 19
47009 47010 19
27638 27639 19
20140 20141 19
47014 47015 19
41769 41770 19
31001 31002 19
2629 2630 19
5523 5524 19
12246 12247 19
23517 23518 19
11615 11616 19
227 228 19
1885 1886 19
31027 31028 19
33088 33089 19
4993 18226 19
21205 39269 19
21208 21209 19
2400 2401 19
29433 29434 19
31078 31079 19
23546 23547 19
3101 3102 19
14083 14084 19
16392 16393 19
35126 35127 19
24773 24774 19
19042 19043 19
7054 7055 19
12276 12277 19
19064 46549 19
22391 45248 19
14788 16742 19
26105 26106 19
37399 37400 19
31147 31148 19
3413 3414 19
31163 31164 19
31169 40641 19
2527 2528 19
2813 2814 19
2817 2818 19
47202 47203 19
1304 4845 19
14816 14817 19
41976 41977 19
5582 5583 19
22463 22464 19
12889 43241 19
15678 45371 19
1377 1378 19
44532 44533 19
44535 44536 19
26154 26155 19
22479 22480 19
41995 41996 19
13482 13483 19
10483 10484 19
12923 12924 19
9502 9503 19
35302 35303 19
22505 22506 19
4612 4613 19
33244 33245 19
47287 47288 19
12331 12332 19
22519 22520 19
14140 14141 19
6 7 19
5314 5315 19
2663 2664 19
18200 18201 19
12347 29803 19
21363 21364 19
24941 24942 19
7119 7120 19
29600 29601 19
44669 44670 19
26261 26262 19
10502 10503 19
15756 15757 19
1134 1135 19
27968 27969 19
13522 13523 19
31363 31364 19
9987 9988 19
5100 5101 19
17352 17353 19
17357 17358 19
47409 47410 19
24973 49385 19
47416 47417 19
44730 44731 19
44740 44741 19
31392 31393 19
7887 7888 19
29694 29695 19
14911 14912 19
7895 12952 19
11072 11073 19
37643 37644 19
42188 42189 19
31425 31426 19
7151 7152 19
33434 33435 19
19259 19260 19
42223 42224 19
13552 49106 19
13553 13554 19
33465 33466 19
20379 20380 19
17385 17386 19
14218 14219 19
35518 40945 19
12981 12982 19
3803 3804 19
21467 21468 19
14954 14955 19
44824 44825 19
11786 25979 19
25064 25065 19
28089 28090 19
14968 14969 19
8652 8653 19
14982 14983 19
33528 33529 19
42313 42314 19
31509 31939 19
29762 29763 19
26407 26408 19
26408 35426 19
42335 42336 19
42342 47921 19
13570 13571 19
21488 34747 19
42358 42359 19
28152 28153 19
23814 36502 19
8275 11166 19
39986 39987 19
25092 25093 19
15842 15843 19
47720 47721 19
47722 47723 19
827 828 19
37852 37853 19
40014 40015 19
1382 1383 19
40018 40019 19
29799 33726 19
44964 44965 19
17412 17413 19
47779 47780 19
23831 23832 19
29810 29811 19
23842 23843 19
35698 35699 19
44989 44990 19
40046 40047 19
28190 28191 19
26501 26502 19
7910 7911 19
9572 9573 19
29856 29857 19
29862 29863 19
42496 46279 19
29867 29868 19
28216 28217 19
42521 42522 19
8663 8664 19
28225 28226 19
17441 17442 19
37919 37920 19
3647 3648 19
11822 11823 19
10072 10073 19
756 757 19
31666 31667 19
26546 26547 19
16658 16659 19
15040 15041 19
22755 22756 19
12432 22358 19
28266 28267 19
25172 25173 19
19456 19457 19
47985 47986 19
35833 35834 19
1623 1624 19
26589 38937 19
40193 40194 19
40195 40196 19
45153 45154 19
40196 40197 19
5123 5124 19
18402 18403 19
21598 21599 19
31732 31733 19
31739 31740 19
12447 12448 19
8312 8313 19
26620 26621 19
40246 46682 19
48093 48094 19
31768 31769 19
40248 40249 19
40255 40256 19
18412 18413 19
42727 42728 19
33839 33840 19
597 598 19
38032 38033 19
48143 48144 19
10098 10099 19
45272 45273 19
19497 19498 19
3834 3835 19
7203 7204 19
45286 45287 19
16687 43186 19
19524 19525 19
42777 42778 19
7951 7952 19
26665 26666 19
42788 42789 19
38092 38093 19
13085 13086 19
40304 40305 19
48230 48231 19
42818 42819 19
6583 6584 19
8710 26938 19
1548 1549 19
35978 35979 19
26685 26686 19
45371 45372 19
17555 23507 19
11909 11910 19
3487 36040 19
1551 1552 19
36007 36008 19
45398 45399 19
25291 25292 19
20582 20583 19
36014 36015 19
33958 33959 19
30099 30100 19
36025 36026 19
48335 48336 19
42912 42913 19
22848 22849 19
42934 42935 19
28392 28393 19
21729 21730 19
2248 2249 19
15144 15145 19
16730 16731 19
31932 31933 19
34013 34014 19
10163 10164 19
25333 25334 19
26732 26733 19
24042 24043 19
18470 18471 19
21749 21750 19
18485 18486 19
25366 25367 19
19597 34543 19
9653 9654 19
48456 48457 19
48460 48461 19
12558 12559 19
9659 9660 19
24079 25984 19
34071 34072 19
32019 32020 19
5397 26704 19
28485 28486 19
7264 7265 19
40530 40531 19
24087 24088 19
28495 28496 19
43093 43094 19
40540 40541 19
25425 25426 19
6891 6892 19
28503 28504 19
32049 43163 19
43129 43130 19
38307 38308 19
24093 24094 19
40580 40581 19
45665 45666 19
36177 46836 19
1923 1924 19
38324 38325 19
40600 40601 19
34120 34121 19
20661 20662 19
26859 26860 19
43176 43177 19
40625 40626 19
40635 40636 19
36213 36214 19
30254 30255 19
43203 43204 19
26860 26861 19
11976 11977 19
43217 43218 19
13130 13131 19
18533 18534 19
14431 43596 19
38377 38378 19
45767 45768 19
11982 11983 19
8757 8758 19
7623 7624 19
32154 32155 19
26893 26894 19
13154 13155 19
397 39500 19
24167 24168 19
43290 43291 19
21843 21844 19
11306 11307 19
12617 12618 19
32196 32197 19
43338 43339 19
32199 32200 19
9685 9686 19
16022 16023 19
43373 43374 19
28629 28630 19
36320 36321 19
10207 10208 19
17623 17624 19
22996 22997 19
28636 28637 19
32220 32221 19
24195 24196 19
32229 32230 19
2265 2266 19
7279 7280 19
43433 43434 19
16834 16835 19
40813 43063 19
6325 6326 19
40833 40834 19
199 36799 19
48879 48880 19
23025 23026 19
48890 48891 19
3528 3529 19
8385 8386 19
25545 25546 19
34326 34327 19
202 203 19
24229 24230 19
43490 43491 19
12654 12655 19
9739 24264 19
18640 43129 19
8814 26242 19
5990 5991 19
16863 47520 19
20779 29918 19
956 957 19
36462 36463 19
19766 19767 19
30432 30433 19
19767 19768 19
18667 18668 19
8034 8035 19
9758 9759 19
32388 49471 19
36502 36503 19
38633 38634 19
21976 21977 19
28778 28779 19
20823 20824 19
34419 34420 19
1118 1119 19
27103 27104 19
36553 36554 19
12048 12049 19
2366 42045 19
28806 28807 19
41008 41009 19
25653 29833 19
32462 32463 19
10301 10302 19
32465 32466 19
41018 45334 19
13259 13260 19
14550 14551 19
19809 19810 19
34486 34487 19
25666 30018 19
18705 18706 19
19825 19826 19
1854 1855 19
16897 16898 19
1411 1412 19
183 4334 19
9288 42356 19
14569 14570 19
49259 49347 19
34534 34535 19
36655 36656 19
8054 8055 19
11460 11461 19
17797 17798 19
706 707 19
46345 46346 19
4139 4140 19
32565 32566 19
16163 16164 19
38798 38799 19
22074 22075 19
4945 4946 19
1123 1124 19
43763 43764 19
46411 46412 19
28915 28916 19
6978 6979 19
20930 20931 19
3723 3724 19
10348 10349 19
12762 12763 19
34595 34596 19
46459 46460 19
49408 49409 19
34596 34597 19
38862 38863 19
4956 4957 19
32637 32638 19
36796 36797 19
41259 41260 19
36797 36798 19
30668 30669 19
11515 29424 19
27303 27304 19
20950 20951 19
8078 8079 19
43838 43839 19
49467 49468 19
46552 46553 19
46556 46557 19
17008 17009 19
17013 17014 19
38923 38924 19
23280 23281 19
32689 32690 19
6447 6448 19
24478 24479 19
41356 41357 19
23283 23284 19
19960 19961 19
17017 17018 19
18809 18810 19
43883 43884 19
46613 46614 19
19993 19994 19
17861 17862 19
17862 17863 19
29044 29045 19
34688 34689 19
27397 34985 19
17039 17040 19
12784 12785 19
30752 30753 19
4329 4330 19
36978 36979 19
7383 7384 19
24536 24537 19
9843 9844 19
37015 37016 19
13966 13967 19
30776 30777 19
4962 4963 19
25863 25864 19
7732 7733 19
41501 41502 19
23378 25562 19
25886 28175 19
29122 29123 19
5251 5252 19
34820 34821 19
49685 49686 19
46734 46735 19
41525 41526 19
7007 7008 19
44001 44002 19
14672 14673 19
30836 30837 19
13350 13351 19
22233 22234 19
46763 46764 19
46771 46772 19
46773 46774 19
25910 27836 19
13996 13997 19
4557 4558 19
34889 34890 19
27503 27504 19
39148 39149 19
27504 27505 19
46818 46819 19
24585 24586 19
27520 27521 19
12197 12198 19
44078 44079 19
37092 37093 19
46844 46845 19
27527 27528 19
49829 49830 19
17075 17076 19
5506 36906 19
46861 46862 19
2387 2388 19
21121 21122 19
12217 25598 19
39203 39204 19
8968 8969 19
44160 44161 19
39207 39208 19
49892 49893 19
14706 14707 19
24623 24624 19
41688 41689 19
37156 37157 19
29248 29249 19
10404 10405 19
17964 17965 19
30954 30955 19
44216 44217 19
49930 49931 19
41709 41710 19
27586 27587 19
32989 32990 19
30957 30958 19
24635 24636 19
49956 49957 19
16313 16314 19
49968 49969 19
7402 7403 19
5518 5519 19
46991 46992 19
17973 17974 19
19001 19002 19
12575 12576 20
34091 34092 20
8777 8778 20
11890 11891 20
6011 6012 20
20071 20072 20
1557 1558 20
22247 22248 20
32273 32274 20
9880 9881 20
38074 38075 20
36055 36056 20
25877 25878 20
1190 46748 20
7509 29791 20
36072 36073 20
17958 17959 20
17091 17092 20
15418 15419 20
13211 13212 20
28951 28952 20
27399 27400 20
32312 32313 20
36104 36105 20
42468 42469 20
24607 24608 20
23463 23464 20
2657 2658 20
28983 28984 20
424 425 20
21141 21142 20
44840 44841 20
38153 38154 20
14592 14593 20
6748 6749 20
6043 18767 20
794 795 20
1502 1503 20
8854 8855 20
15465 15466 20
34241 34242 20
36165 36166 20
27474 27475 20
38204 38205 20
40293 40294 20
17187 17188 20
18000 18001 20
29036 29037 20
36193 36194 20
4665 32055 20
17192 26293 20
5773 5774 20
7960 7961 20
30677 30678 20
47438 47439 20
47439 49008 20
44939 44940 20
27500 27501 20
22342 22343 20
24702 24703 20
7969 7970 20
38261 38262 20
44962 44963 20
42625 42626 20
6772 6773 20
30695 30696 20
13252 13253 20
25992 25993 20
40364 40365 20
32496 32497 20
23541 23542 20
6073 6074 20
45002 45003 20
32500 32501 20
11214 11215 20
45016 45017 20
13924 13925 20
42718 42719 20
7138 7139 20
14660 14661 20
24764 24765 20
20234 20235 20
15526 18653 20
45050 45051 20
42746 42747 20
18105 18106 20
47580 47581 20
348 349 20
18124 18125 20
12676 12677 20
45078 45079 20
9390 9391 20
9393 9394 20
12009 12010 20
4445 4446 20
4056 4057 20
32597 32598 20
30774 30775 20
12693 12694 20
29214 29215 20
3509 3510 20
26084 26085 20
12704 12705 20
22472 22473 20
15588 15589 20
18167 18168 20
38423 38424 20
45137 45138 20
45140 45141 20
21312 21313 20
21314 21315 20
29259 29260 20
9955 9956 20
13980 13981 20
22504 22505 20
47780 47781 20
9956 9957 20
26134 26135 20
45207 45208 20
40584 40585 20
30870 30871 20
26136 26137 20
1757 1758 20
21336 21337 20
23647 23648 20
47825 47826 20
40616 40617 20
30899 30900 20
42947 42948 20
27732 27733 20
29336 29337 20
42965 42966 20
24882 28462 20
1268 1269 20
9417 9418 20
47900 47901 20
32745 32746 20
40652 40653 20
18191 18192 20
26157 26158 20
26159 26160 20
20304 20305 20
26166 40134 20
18198 18199 20
20308 20309 20
27765 27766 20
40686 40687 20
47954 47955 20
14726 14727 20
38551 38552 20
29404 29405 20
29406 29407 20
26198 26199 20
29422 29423 20
11275 11276 20
34614 34615 20
29426 29427 20
40743 40744 20
38581 38582 20
22551 22552 20
19212 19213 20
10557 32025 20
38598 38599 20
27805 27806 20
4705 4706 20
8903 8904 20
17324 17325 20
36625 36626 20
8912 8913 20
6805 8269 20
22600 22601 20
43169 43170 20
32885 32886 20
40807 40808 20
45464 45465 20
19239 19240 20
26248 26249 20
40816 40817 20
18226 18227 20
27870 27871 20
48150 48151 20
26256 26257 20
12757 12758 20
10001 10002 20
34687 34688 20
45527 45528 20
31038 31039 20
24981 24982 20
31053 31054 20
40884 40885 20
32938 32939 20
48185 48186 20
4709 4710 20
25003 25004 20
26275 44895 20
32962 32963 20
7606 7607 20
14042 14043 20
34774 34775 20
45578 45579 20
20374 20375 20
15675 15676 20
40925 40926 20
592 593 20
12768 12769 20
25034 25035 20
48296 48297 20
33004 33005 20
33009 33010 20
18253 18254 20
12062 12063 20
33012 33013 20
27955 27956 20
34845 34846 20
4473 4474 20
27961 27962 20
33027 33028 20
40970 40971 20
38789 38790 20
48352 48353 20
33034 33035 20
31144 31145 20
8957 8958 20
25046 34745 20
45697 45698 20
14801 45818 20
1858 1859 20
43437 43438 20
18296 18297 20
4718 4719 20
5248 5249 20
7221 7222 20
8038 8039 20
23815 27656 20
41032 41033 20
128 129 20
19357 19358 20
43480 43481 20
45766 45767 20
266 267 20
36983 36984 20
3550 3551 20
21518 21519 20
38878 38879 20
7251 7252 20
38896 38897 20
45812 45813 20
28016 28017 20
37020 37021 20
14095 14096 20
22717 22718 20
48533 48534 20
45832 45833 20
9515 9516 20
38913 38914 20
7636 14884 20
41163 41164 20
31277 31278 20
12803 33466 20
41177 41178 20
3558 3559 20
48587 48588 20
45866 45867 20
45870 45871 20
28055 28056 20
7263 40039 20
25126 25127 20
5530 5531 20
17416 17417 20
1947 1948 20
18358 18359 20
43573 43574 20
22753 22754 20
41221 41222 20
10102 10103 20
10703 10704 20
15785 15786 20
3244 3245 20
152 153 20
17469 17470 20
41246 41247 20
48688 48689 20
13439 13440 20
39005 39006 20
21628 21629 20
13445 13446 20
19496 19497 20
17476 17477 20
2994 2995 20
14145 14146 20
35090 35091 20
3716 3717 20
35098 35099 20
48748 48749 20
37126 37127 20
14913 14914 20
33224 33225 20
35107 41755 20
37153 37154 20
26568 26569 20
5883 5884 20
3252 3253 20
29775 29776 20
10124 10125 20
20559 20560 20
12842 12843 20
4521 4522 20
6549 6550 20
25238 25239 20
823 824 20
39138 39139 20
21703 21704 20
41410 41411 20
9062 9063 20
3401 3402 20
7693 28479 20
37257 37258 20
43772 43773 20
25254 25255 20
43780 43781 20
24012 24013 20
22847 23391 20
7697 7698 20
41470 41471 20
22849 22850 20
37290 37291 20
3112 3113 20
8130 35136 20
29865 29866 20
37309 37310 20
48924 48925 20
31496 31497 20
35231 35232 20
48936 48937 20
26667 26668 20
37319 37320 20
48947 48948 20
19580 19581 20
35248 35249 20
22864 25923 20
12239 12240 20
39237 46820 20
29888 29889 20
9597 9598 20
46330 46331 20
1957 1958 20
49026 49027 20
3127 3128 20
41561 41562 20
20631 20632 20
6928 6929 20
41567 41568 20
7717 34903 20
29922 29923 20
8609 35247 20
5017 5018 20
43897 43898 20
10215 10216 20
33426 33427 20
10216 10217 20
49125 49126 20
5610 38009 20
35339 35340 20
46427 46428 20
3272 15450 20
22919 22920 20
2174 2175 20
9645 9646 20
35369 35370 20
19646 19647 20
14266 14267 20
7341 7342 20
25428 25429 20
39362 39363 20
6624 6625 20
35409 35410 20
4784 4785 20
14289 14290 20
49224 49225 20
22953 26848 20
46510 46511 20
46514 46515 20
37442 37443 20
2740 2741 20
10265 10266 20
31634 31635 20
35439 35440 20
16787 16788 20
15082 15083 20
25456 25457 20
16796 19011 20
41740 41741 20
52 53 20
19708 19709 20
17616 17617 20
31683 31684 20
4573 4574 20
21892 21893 20
3947 3948 20
5648 5649 20
16813 16814 20
21917 21918 20
10281 10282 20
33605 33606 20
49369 49370 20
17642 17643 20
46632 46633 20
15962 15963 20
11682 11683 20
20773 31796 20
33618 33619 20
4822 4823 20
12349 34620 20
9133 9134 20
11694 11695 20
19757 19758 20
4581 4582 20
44188 44189 20
33657 33658 20
8218 8219 20
13644 13645 20
9165 26031 20
637 21695 20
49455 49456 20
9186 9187 20
1472 1473 20
6320 12532 20
21980 21981 20
46724 46725 20
9198 9199 20
16023 16024 20
8671 8672 20
15191 15192 20
10337 10338 20
23112 23113 20
26990 26991 20
30195 30196 20
1248 1249 20
15202 41868 20
3756 6437 20
41967 41968 20
3974 3975 20
39692 39693 20
13070 13071 20
27045 27046 20
35692 35693 20
14421 14422 20
33779 33780 20
7404 7405 20
33786 40966 20
20894 20895 20
16908 16909 20
33801 33802 20
44326 44327 20
4857 4858 20
15236 15237 20
1113 41092 20
27074 27075 20
9211 9212 20
6355 19404 20
11772 15974 20
37815 43075 20
49643 49644 20
24388 24389 20
39789 39790 20
49655 49656 20
11773 11774 20
9215 9216 20
1552 1553 20
5983 5984 20
44425 44426 20
28695 28696 20
33890 33891 20
6380 6381 20
7026 7027 20
27109 47671 20
27112 27113 20
23222 23223 20
14482 14483 20
39863 39864 20
7861 7862 20
12478 27258 20
9820 9821 20
44484 44485 20
18801 25665 20
339 340 20
20974 20975 20
17851 17852 20
44517 44518 20
5718 5719 20
24471 24472 20
24472 24473 20
13764 13765 20
37900 37901 20
35872 35873 20
30367 30368 20
7443 7444 20
1556 1557 20
32102 32103 20
42193 42194 20
22157 22158 20
30401 30402 20
8747 8748 20
17028 17029 20
2215 17148 20
42226 42227 20
49863 49864 20
21030 21031 20
7459 7460 20
44593 44594 20
35941 35942 20
34025 34026 20
47104 47105 20
4203 28038 20
35964 35965 20
11054 11055 20
1908 25137 20
18841 18842 20
11866 29728 20
17922 17923 20
22214 22215 20
3998 3999 20
40069 40070 20
18877 18878 20
24551 24552 20
27301 27302 20
9269 9270 20
40092 40093 20
30484 30485 20
44701 44702 20
38010 38011 20
38023 38024 20
44716 44717 20
47194 47195 20
7058 7059 20
16560 16561 21
14503 14504 21
44994 44995 21
25911 25912 21
25912 25913 21
22690 22691 21
36937 36938 21
21668 21669 21
24783 24784 21
36959 36960 21
13916 13917 21
45025 45026 21
11279 11280 21
31601 31602 21
28675 28676 21
14519 14520 21
45047 45048 21
6143 6144 21
19775 19776 21
37004 37005 21
16569 31114 21
183 184 21
33343 49814 21
21706 21707 21
40774 40775 21
42969 42970 21
28703 28704 21
42999 43000 21
10798 10799 21
40792 40793 21
24828 24829 21
5405 5406 21
18002 18003 21
33395 33396 21
21730 21731 21
28717 28718 21
22730 33927 21
28734 28735 21
35155 35156 21
45129 45130 21
45134 45135 21
12898 12899 21
22736 22737 21
6759 6760 21
11299 11300 21
14542 14543 21
38840 38841 21
1337 1338 21
7053 46124 21
18039 18040 21
13407 13408 21
45189 45190 21
18055 18056 21
47575 47576 21
8758 8759 21
18870 18871 21
27383 27384 21
47611 47612 21
3737 31709 21
47616 47617 21
37100 37101 21
18077 18078 21
18892 18893 21
27416 27417 21
26050 45847 21
30305 30306 21
43150 43151 21
15909 15910 21
31802 31803 21
35252 35253 21
19846 19847 21
37150 37151 21
4605 4606 21
33529 33530 21
35277 35278 21
15218 34376 21
33533 33534 21
11920 11921 21
28847 41988 21
30318 30319 21
28851 28852 21
1677 1678 21
47764 47765 21
10820 10821 21
4800 4801 21
35319 35320 21
23817 23818 21
37253 37254 21
6783 6784 21
39000 39001 21
45357 45358 21
2056 2057 21
657 658 21
22821 22822 21
6186 6187 21
232 233 21
43279 43280 21
12472 30714 21
47831 47832 21
13466 39427 21
5941 5942 21
23868 23869 21
11972 11973 21
47865 47866 21
37304 37305 21
18997 18998 21
15295 15296 21
45432 45433 21
47890 47891 21
30397 30398 21
7428 7429 21
10862 10863 21
25022 39719 21
11393 11394 21
31981 31982 21
33675 33676 21
8828 8829 21
21904 21905 21
5942 5943 21
22859 22860 21
27559 27560 21
41185 41186 21
8846 43632 21
27567 27568 21
8103 8104 21
17411 18713 21
3143 3144 21
33724 39189 21
12007 12008 21
43445 43446 21
47997 47998 21
13027 13028 21
48001 48002 21
731 732 21
26186 26187 21
4832 23576 21
22891 22892 21
48017 48018 21
16738 16739 21
10888 10889 21
20940 20941 21
22902 22903 21
13044 13045 21
30506 30507 21
2794 2795 21
7135 7136 21
35530 35531 21
12570 12571 21
45608 45609 21
45610 45611 21
48100 48101 21
35533 35534 21
25094 25095 21
35550 41589 21
4476 4477 21
39239 39240 21
41294 41295 21
26244 26245 21
20957 20958 21
21970 21971 21
5016 5017 21
32152 32153 21
33836 33837 21
45680 45681 21
41354 41355 21
25116 25117 21
23990 23991 21
30573 30574 21
30575 30576 21
33861 46276 21
10037 10038 21
19094 19095 21
524 525 21
5485 5486 21
19110 19111 21
19116 19117 21
2072 38743 21
48244 48245 21
39319 39320 21
45722 45723 21
39323 39324 21
14705 14706 21
39334 39335 21
45760 45761 21
11482 11483 21
41449 41450 21
32205 32206 21
11496 11497 21
45783 45784 21
35671 35672 21
41463 41464 21
1853 1854 21
41475 41476 21
30633 30634 21
39363 39364 21
29168 29169 21
33932 33933 21
17514 17515 21
24049 49576 21
10061 10062 21
48358 48359 21
22045 26757 21
6841 26163 21
39397 43170 21
19141 40233 21
27768 27769 21
41524 41525 21
16085 16086 21
918 919 21
1637 1638 21
9670 9671 21
13583 13584 21
6577 6578 21
48415 48416 21
35783 35784 21
24091 24092 21
26356 26357 21
7193 7194 21
23028 23029 21
3285 3286 21
43770 43771 21
32316 32317 21
20186 20187 21
39479 39480 21
5983 38273 21
37695 37696 21
37699 37700 21
45944 45945 21
35812 35813 21
27843 27844 21
4691 4692 21
27849 43778 21
8564 25123 21
26405 30000 21
48535 48536 21
22085 22086 21
32355 32356 21
3987 3988 21
32360 32361 21
26409 26410 21
32381 32382 21
27879 27880 21
39598 39599 21
16842 16843 21
6310 6311 21
25251 25252 21
39617 39618 21
46077 46078 21
29359 29360 21
46093 46094 21
46101 46102 21
23064 23065 21
19223 19224 21
14177 14178 21
882 25700 21
13122 13123 21
39645 39646 21
24172 24173 21
29397 29398 21
19228 19229 21
16153 16154 21
7224 30873 21
35919 35920 21
25312 25313 21
9310 9311 21
16867 43284 21
32481 32482 21
48696 48697 21
30822 30823 21
1927 1928 21
21144 21145 21
30833 30834 21
34185 34186 21
14812 14813 21
46211 46212 21
10527 10528 21
20259 20260 21
43952 43953 21
39713 39714 21
46231 46232 21
10132 10133 21
46239 46240 21
13137 47052 21
15533 15534 21
26559 26560 21
23136 23137 21
11006 11007 21
2814 2815 21
2201 2202 21
3836 3837 21
24239 24240 21
16892 16893 21
48801 48802 21
3706 3707 21
36039 36040 21
16898 16899 21
15557 15558 21
30925 30926 21
30926 30927 21
48823 48824 21
44032 44033 21
16225 16226 21
13157 13158 21
39819 39820 21
23184 23185 21
19349 19350 21
12139 12140 21
32632 32633 21
48865 48866 21
3844 28267 21
16236 19844 21
26635 26636 21
15573 15574 21
44100 44101 21
23205 23206 21
44114 44115 21
48898 48899 21
32643 32644 21
13702 13703 21
39907 39908 21
12731 12732 21
39922 43659 21
19367 41270 21
4531 6498 21
11029 11030 21
14874 14875 21
8607 8608 21
17683 31983 21
32709 32710 21
48991 48992 21
42001 42002 21
17692 17693 21
841 842 21
19413 19414 21
12187 12188 21
11678 11679 21
22275 22276 21
6362 6363 21
46541 46542 21
22278 22279 21
46551 46552 21
18496 18497 21
28186 28187 21
19432 19433 21
19437 19438 21
36189 36190 21
3845 3846 21
23328 23329 21
2941 2942 21
28207 28208 21
36223 36224 21
10194 10195 21
6047 6048 21
31068 44537 21
42103 42104 21
13220 13221 21
14324 14325 21
38134 38135 21
17022 17023 21
24416 24417 21
32815 32816 21
26750 26751 21
7611 22530 21
31098 31099 21
21356 39371 21
42139 42140 21
38156 38157 21
44354 44355 21
46654 46655 21
22346 22347 21
31103 31104 21
32851 32852 21
25579 25580 21
19484 19485 21
34527 34528 21
17037 17038 21
10200 10201 21
36304 36305 21
16327 16328 21
38195 38196 21
25616 25617 21
23394 23395 21
18557 18558 21
19507 19508 21
11708 11709 21
21377 21378 21
38228 38229 21
36355 36356 21
14923 14924 21
42252 42253 21
28315 28316 21
15671 15672 21
1996 1997 21
715 716 21
23439 23440 21
18571 18572 21
16361 16362 21
49386 49387 21
746 747 21
15685 19025 21
34598 34599 21
18586 18587 21
10587 36575 21
6054 48461 21
16375 16376 21
20488 20489 21
40271 40272 21
36423 36424 21
40274 40275 21
21437 21438 21
6057 6058 21
7971 37188 21
5817 5818 21
44566 44567 21
33002 33003 21
1224 1225 21
42385 42386 21
12262 12263 21
40289 40290 21
29807 29808 21
31309 31310 21
105 106 21
49481 49482 21
49482 49483 21
7987 7988 21
44610 44611 21
1656 1657 21
33021 33022 21
29822 29823 21
46927 46928 21
42437 42438 21
49509 49510 21
42438 42439 21
40326 40327 21
6686 6687 21
38371 38372 21
539 540 21
18651 18652 21
8332 8333 21
8673 8674 21
15013 41111 21
26986 26987 21
42472 42473 21
34714 34715 21
22530 22531 21
31353 31354 21
38413 38414 21
9861 9862 21
47006 47007 21
28428 28429 21
11210 11211 21
29896 29897 21
5606 5607 21
44734 44735 21
12823 12824 21
19642 19643 21
25776 25777 21
13835 13836 21
25779 25780 21
17870 46186 21
7322 7323 21
10695 10696 21
47064 47065 21
42571 42572 21
17888 17889 21
40445 40446 21
42577 42578 21
5844 5845 21
34827 34828 21
8338 8339 21
38505 38506 21
22586 22587 21
44800 44801 21
49745 49746 21
17919 17920 21
34846 34847 21
24663 24664 21
44812 44813 21
34854 34855 21
27085 27086 21
49772 49773 21
34863 34864 21
47148 47149 21
4582 4583 21
10300 10301 21
11813 11814 21
4752 4753 21
19703 19704 21
44839 44840 21
21589 21590 21
44846 44847 21
5375 44667 21
14466 14467 21
2406 2407 21
3466 3467 21
49834 49835 21
2222 2223 21
49841 49842 21
40563 40564 21
27135 27136 21
36754 36755 21
44892 44893 21
11826 11827 21
44895 44896 21
30003 42028 21
25853 25854 21
5392 37005 21
47241 47242 21
34960 34961 21
44906 44907 21
34964 34965 21
31519 31520 21
24714 29270 21
38604 38605 21
15824 15825 21
27171 27172 21
1486 1487 21
27182 27183 21
31534 31535 21
3485 3486 21
36833 36834 21
11844 11845 21
30066 30067 21
22674 22675 21
33240 33241 21
28628 28629 21
42830 42831 21
25900 25901 21
30090 30091 21
15128 15129 21
40679 40680 21
5653 5654 21
8559 8560 22
1901 1902 22
1079 1080 22
20269 20270 22
16384 16385 22
104 105 22
17284 17285 22
29169 29170 22
36168 36169 22
19150 19151 22
36176 36177 22
29177 30008 22
34277 34278 22
16390 16391 22
40327 40328 22
38229 38230 22
27646 27647 22
3156 14039 22
24918 24919 22
32487 32488 22
47349 47350 22
10629 20710 22
12027 38813 22
22569 22570 22
44924 44925 22
24935 24936 22
23690 23691 22
11305 11306 22
32507 32508 22
1083 1084 22
40375 40376 22
44943 44944 22
34348 34349 22
36251 36252 22
40391 40392 22
23711 23712 22
10649 10650 22
18183 18184 22
32529 32530 22
42687 42688 22
810 811 22
9546 24337 22
9058 9059 22
32555 32556 22
5383 5384 22
34400 34401 22
36285 36286 22
45006 45007 22
516 5653 22
36292 36293 22
9066 9067 22
36301 36302 22
30804 30805 22
29289 29290 22
40453 48267 22
38361 38362 22
38364 38365 22
29304 29305 22
11348 11349 22
47510 47511 22
15607 15608 22
34416 34417 22
40506 40507 22
8135 8136 22
10122 10123 22
19237 47534 22
17327 17328 22
42795 42796 22
15642 15643 22
26250 26251 22
17330 17331 22
17337 17338 22
42837 42838 22
29353 41393 22
5710 5711 22
15648 15649 22
19260 19261 22
16468 16469 22
14775 14776 22
3020 3021 22
32664 32665 22
8147 8148 22
27809 27810 22
30910 30911 22
2697 2698 22
9079 9080 22
21484 21948 22
40613 40614 22
29402 29403 22
26287 26288 22
26289 26290 22
45158 45159 22
14799 14800 22
3704 7821 22
17374 17375 22
36455 36456 22
21497 21498 22
15669 15670 22
7374 7375 22
10720 10721 22
14813 14814 22
30953 30954 22
4362 49366 22
10727 10728 22
32752 40790 22
5720 5721 22
8173 8174 22
23851 23852 22
20410 20411 22
36520 36521 22
14820 14821 22
30978 30979 22
10739 10740 22
11449 11450 22
10740 10741 22
5732 5733 22
6663 6664 22
26379 26380 22
47842 47843 22
1401 1402 22
7781 7782 22
557 558 22
21585 21586 22
45321 45322 22
1725 1726 22
9117 9118 22
12165 12166 22
6369 6370 22
20482 20483 22
25160 25161 22
7820 7821 22
18377 18378 22
15756 17286 22
40791 40792 22
21631 21632 22
31058 31059 22
3531 3532 22
36648 36649 22
19455 19456 22
28002 28003 22
13459 13460 22
43160 43161 22
40819 40820 22
36662 36663 22
40831 44031 22
36673 36674 22
36678 36679 22
32912 32913 22
8655 8656 22
47996 47997 22
29562 29563 22
34713 38451 22
26490 26491 22
8207 8208 22
40874 40875 22
3180 31446 22
29578 29579 22
23963 23964 22
48021 48022 22
6398 6399 22
7405 7406 22
10224 10225 22
23978 23979 22
28047 28048 22
43247 43248 22
38725 38726 22
16632 48563 22
29631 29632 22
40923 40924 22
20529 20530 22
38742 38743 22
43282 43283 22
43283 43284 22
48103 48104 22
40929 40930 22
34796 34797 22
14907 39765 22
34806 34807 22
43318 43319 22
43326 43327 22
48147 48148 22
9149 9150 22
19492 19493 22
8664 8665 22
10830 10831 22
17503 17504 22
7831 7832 22
36812 36813 22
8229 49659 22
20569 20570 22
29690 29691 22
19514 19515 22
1344 1345 22
45629 45630 22
36864 36865 22
43411 43412 22
19521 19522 22
33033 33034 22
48217 48218 22
31208 31209 22
6016 6017 22
43431 43432 22
48247 48248 22
1651 1652 22
1345 1346 22
14949 14950 22
26604 26605 22
2734 2735 22
45685 45686 22
3 4 22
11603 11604 22
45689 45690 22
3947 39150 22
6439 6440 22
2251 2252 22
16690 35102 22
41062 41063 22
14974 14975 22
29740 29741 22
34950 34951 22
34951 34952 22
41109 41110 22
26647 26648 22
28200 28201 22
41117 41118 22
3370 3371 22
33102 33103 22
7453 7454 22
28209 32918 22
41132 41133 22
14992 14993 22
24091 40437 22
41154 41155 22
4677 4678 22
29768 29769 22
10886 10887 22
45807 45808 22
3575 3576 22
26676 26677 22
22918 25974 22
35022 35023 22
14998 14999 22
14245 45585 22
1347 1348 22
31362 31363 22
29789 29790 22
3374 3375 22
15884 15885 22
45850 45851 22
48479 48480 22
12958 12959 22
21847 21848 22
9776 20055 22
22952 22953 22
19627 19628 22
560 36376 22
48526 48527 22
10325 10326 22
33192 33193 22
5485 15548 22
9794 9795 22
48534 48535 22
45888 45889 22
17606 17607 22
15041 44612 22
43634 43635 22
315 316 22
11690 11691 22
1023 1024 22
12343 12344 22
21914 21915 22
14316 14317 22
31454 31455 22
43661 43662 22
26754 26755 22
45943 45944 22
3391 23252 22
33237 33453 22
43691 43692 22
18582 18583 22
48622 48623 22
29892 29893 22
29893 29894 22
7489 42704 22
10347 10348 22
45996 45997 22
31479 31480 22
9811 9812 22
33267 33268 22
9241 9242 22
48671 48672 22
43745 43746 22
37200 37201 22
37217 37218 22
14340 26611 22
12356 12357 22
35185 35186 22
3587 3588 22
16818 16819 22
31517 31518 22
8323 8324 22
7127 7128 22
14354 14355 22
48724 48725 22
35212 35213 22
14357 14358 22
13633 13634 22
2034 2035 22
33308 33309 22
25537 25538 22
39230 39231 22
17685 17686 22
26877 26878 22
13649 13650 22
31549 31550 22
35240 35241 22
3994 3995 22
26882 26883 22
421 422 22
15152 15153 22
24306 24307 22
7942 7943 22
35279 35280 22
2613 2614 22
4725 4726 22
39285 39286 22
43852 43853 22
16859 16860 22
31572 31573 22
22008 22009 22
24335 24336 22
29996 29997 22
22012 22013 22
7542 7543 22
41552 41553 22
46265 46266 22
37361 37362 22
46271 46272 22
16005 16006 22
18690 18691 22
17742 17743 22
43894 43895 22
23121 23122 22
48889 48890 22
46309 46310 22
26964 26965 22
15167 15168 22
33473 33474 22
46322 46323 22
2489 14798 22
11751 11752 22
35359 35360 22
31635 31636 22
33484 33485 22
22044 22045 22
4031 4032 22
33492 33493 22
279 280 22
20893 37677 22
7176 7177 22
41636 41637 22
31676 31677 22
20895 20896 22
23161 36514 22
30096 30097 22
12410 12411 22
41678 41679 22
25664 25665 22
7560 44377 22
49031 49032 22
8834 8835 22
35442 35443 22
7177 30689 22
30115 30116 22
4232 4233 22
31727 31728 22
251 252 22
13090 13091 22
37505 37506 22
30132 30133 22
30135 30136 22
37515 37516 22
11022 11023 22
16896 16897 22
2168 2169 22
5550 5551 22
46506 46507 22
20937 20938 22
7576 7577 22
33612 33613 22
6144 6145 22
37538 39639 22
11032 11033 22
49185 49186 22
8392 8393 22
16095 16096 22
16105 16106 22
12474 12475 22
1072 1073 22
19888 19889 22
39607 39608 22
22138 22139 22
49231 49232 22
20972 20973 22
4254 4255 22
2513 2514 22
4976 4977 22
20984 20985 22
35558 35559 22
15275 26048 22
33677 33678 22
33681 33682 22
4053 4054 22
12510 12511 22
27143 27144 22
9366 9367 22
1952 1953 22
21022 21023 22
39670 39671 22
31890 31891 22
27163 27164 22
17865 17866 22
8893 8894 22
24534 24535 22
44240 44241 22
19948 19949 22
44244 44245 22
10481 10482 22
4993 4994 22
44252 44253 22
15314 15315 22
11848 11849 22
17880 17881 22
19998 19999 22
25829 25830 22
46713 46714 22
17884 17885 22
37738 47023 22
27228 27229 22
25832 25833 22
23378 23379 22
11089 11090 22
39752 39753 22
28759 28760 22
4281 4282 22
13792 13793 22
49452 49453 22
41996 41997 22
13149 45168 22
21104 21105 22
7238 7239 22
33827 33828 22
33829 48433 22
37804 37805 22
28786 28787 22
28787 28788 22
9947 9948 22
25866 25867 22
8431 8432 22
13814 13815 22
32045 32046 22
17049 17050 22
25880 25881 22
12563 12564 22
35801 35802 22
16191 16192 22
32067 32068 22
46840 46841 22
2945 2946 22
49526 49527 22
39886 39887 22
30379 30380 22
42094 42095 22
7245 7246 22
49546 49547 22
1120 1121 22
9414 9415 22
39915 39916 22
46881 46882 22
32095 32096 22
20057 20058 22
20061 20062 22
13196 13197 22
30414 30415 22
24643 24644 22
11900 11901 22
27361 32133 22
27364 27365 22
49609 49610 22
27365 27366 22
39973 39974 22
6858 6859 22
10518 33893 22
8916 8917 22
2645 2646 22
39995 39996 22
42183 42184 22
16235 25706 22
13847 29063 22
24676 40853 22
25945 25946 22
1690 1691 22
9434 9435 22
35908 35909 22
22308 22309 22
19007 19008 22
11928 11929 22
49704 49705 22
11202 11203 22
17109 17110 22
7266 29753 22
37961 37962 22
13864 13865 22
23526 23527 22
5921 34658 22
2957 2958 22
13876 13877 22
28979 28980 22
32236 32237 22
32240 32241 22
7273 20106 22
32257 32258 22
32263 32264 22
20168 20169 22
18008 18009 22
21218 21219 22
20176 20177 22
42319 42320 22
18011 18012 22
49802 49803 22
29009 29010 22
34101 34102 22
8048 8049 22
26035 44261 22
42347 42348 22
30590 30591 22
34110 34111 22
44733 44734 22
38050 38051 22
36036 36037 22
5619 5620 22
6565 6566 22
49853 49854 22
6569 6570 22
20191 20192 22
3648 3649 22
9465 9466 22
29037 46003 22
49885 49886 22
42404 42405 22
21250 21251 22
13917 13918 22
6580 35707 22
35 36 22
11988 11989 22
34170 34171 22
1003 1004 22
21283 21284 22
5937 5938 22
1811 1812 22
2984 2985 22
47212 47213 22
9002 9003 22
36107 36108 22
36110 36111 22
2991 2992 22
18118 18119 22
49954 49955 22
44820 44821 22
4577 4578 22
23628 23629 22
42475 42476 22
32402 32403 22
42490 42491 22
5346 5347 22
12708 12709 22
49997 49998 22
32457 32458 23
8950 8951 23
43209 43210 23
30940 30941 23
13561 13562 23
21419 21420 23
39178 39179 23
37405 37406 23
41105 41106 23
43238 43239 23
1037 1038 23
2305 2306 23
16258 16259 23
10797 10798 23
37422 37423 23
2968 2969 23
22494 31496 23
43259 43260 23
43261 43262 23
43276 43277 23
9371 9372 23
45305 45306 23
47605 47606 23
11977 11978 23
707 708 23
34038 34039 23
16286 24699 23
7166 7167 23
43292 43293 23
45343 45344 23
12551 12552 23
17771 17772 23
32515 32516 23
24589 24590 23
30992 40323 23
24590 24591 23
8202 9300 23
45364 45365 23
35733 35734 23
32535 32536 23
17774 17775 23
47702 47703 23
17779 17780 23
8589 8590 23
10811 10812 23
35777 35778 23
12 13 23
21494 21495 23
2380 2381 23
12564 12565 23
18619 18620 23
32587 32588 23
32588 32589 23
19604 19605 23
8592 8593 23
24647 24648 23
32596 32597 23
14883 14884 23
31051 31052 23
11390 11391 23
16339 16340 23
37573 37574 23
83 84 23
21531 21532 23
41290 41291 23
43453 43454 23
29765 29766 23
41293 41294 23
35849 35850 23
45522 45523 23
18645 18646 23
7875 7876 23
5950 5951 23
7190 33498 23
34186 34187 23
39371 39372 23
47888 47889 23
17839 17840 23
24685 24686 23
35866 35867 23
32645 32646 23
2026 2027 23
34208 34209 23
13661 13662 23
13661 38146 23
13664 13665 23
18674 18675 23
286 287 23
10852 10853 23
21586 21587 23
16381 16382 23
24719 24720 23
47959 47960 23
12025 12026 23
10853 10854 23
47970 47971 23
16388 16389 23
31168 31169 23
39469 39470 23
18704 18705 23
31172 31173 23
35962 35963 23
5723 5724 23
20632 20633 23
43584 43585 23
29828 29829 23
2604 2605 23
43594 43595 23
48011 48012 23
39506 39507 23
14924 14925 23
39517 39518 23
17131 17132 23
48051 48052 23
23671 23672 23
16400 16401 23
6272 6273 23
21652 21653 23
34319 34320 23
4937 4938 23
24800 24801 23
9448 9449 23
12633 12634 23
28545 28546 23
32792 32793 23
17886 17887 23
28554 28555 23
39605 39606 23
8243 8244 23
45741 45742 23
48116 48117 23
34367 34368 23
32814 32815 23
23714 23715 23
17892 30905 23
28587 28588 23
17184 17185 23
29921 29922 23
36046 36047 23
13132 13133 23
10869 10870 23
16429 16430 23
7216 7217 23
37862 37863 23
43746 43747 23
2396 2397 23
45813 45814 23
32870 32871 23
364 33512 23
4369 4370 23
18789 38389 23
25975 25976 23
8648 8649 23
37898 37899 23
39691 39692 23
690 691 23
3842 13791 23
36106 36107 23
25994 25995 23
37914 37915 23
2747 2748 23
48273 48274 23
29968 29969 23
15757 15758 23
21741 21742 23
9490 9491 23
39716 39717 23
6616 6617 23
374 375 23
10903 10904 23
14377 14378 23
45913 45914 23
11538 11539 23
34487 34488 23
29995 29996 23
2750 2751 23
12698 12699 23
28684 28685 23
11544 11545 23
36167 36168 23
4048 4049 23
37971 37972 23
2756 2757 23
20780 20781 23
12711 13589 23
3852 3853 23
39817 39818 23
9083 9084 23
5999 6000 23
45988 45989 23
48396 48397 23
4409 4410 23
48405 48406 23
3412 3413 23
20811 20812 23
26081 26082 23
1738 1739 23
39848 39849 23
27393 27394 23
10463 10464 23
691 17487 23
36242 36243 23
21822 21823 23
27414 27415 23
18006 18007 23
31470 31471 23
31472 34748 23
24979 24980 23
21835 47443 23
43922 43923 23
14435 14436 23
48499 48500 23
5782 5783 23
46119 46120 23
38077 38078 23
48524 48525 23
34596 43976 23
12145 23378 23
46141 46142 23
25013 25014 23
26129 26130 23
33073 33074 23
36283 36284 23
15841 15842 23
46169 46170 23
5269 5270 23
33080 33081 23
22853 22854 23
27468 27469 23
4619 4620 23
10955 27390 23
18931 18932 23
44007 44008 23
48591 48592 23
41978 41979 23
13255 13256 23
14458 14459 23
28836 28837 23
40017 40018 23
6965 31759 23
20890 20891 23
21899 21900 23
19923 19924 23
36353 36354 23
25047 25048 23
38167 38168 23
21902 21903 23
19927 46558 23
6372 6373 23
17335 17336 23
33135 33136 23
38180 40644 23
18976 33687 23
18079 18080 23
7625 7626 23
31577 31578 23
34729 34730 23
12190 12191 23
12763 12764 23
28881 33088 23
4998 4999 23
44151 44152 23
723 724 23
30248 30249 23
34767 34768 23
20919 20920 23
19995 19996 23
33175 33176 23
10974 10975 23
375 376 23
22927 22928 23
42109 42110 23
27581 27582 23
36453 36454 23
15885 15886 23
23985 23986 23
8713 8714 23
8718 8719 23
14500 14501 23
40188 40189 23
22949 22950 23
23998 23999 23
9129 9130 23
340 341 23
19029 19030 23
28966 28967 23
1210 1211 23
36515 36516 23
25139 25140 23
17381 17382 23
33239 43243 23
25146 25147 23
16656 16657 23
11689 14548 23
38337 38338 23
13295 46209 23
27653 27654 23
36557 36558 23
4642 4643 23
29011 29012 23
42239 48159 23
17390 17391 23
30339 30340 23
38366 38367 23
27687 27688 23
3428 3429 23
19055 19056 23
46558 46559 23
44352 44353 23
5024 13427 23
6431 6432 23
13879 13880 23
13880 13881 23
23006 23007 23
38382 38383 23
38390 38391 23
6692 6693 23
31794 31795 23
4843 4844 23
18194 18195 23
6071 6072 23
40327 44444 23
14547 14548 23
33334 33335 23
7336 7337 23
3431 3432 23
5557 5558 23
5034 5035 23
16702 16703 23
36670 36671 23
33364 33365 23
30423 30424 23
36684 36685 23
21065 21066 23
15245 15246 23
22067 22068 23
40380 40381 23
23050 23051 23
20128 20129 23
49088 49089 23
5053 5054 23
40394 40395 23
38494 38495 23
3439 3440 23
46694 46695 23
24150 24151 23
42417 42418 23
49141 49142 23
36720 36721 23
42431 42432 23
4456 4457 23
13357 37667 23
26412 46881 23
1216 45070 23
44554 44555 23
8789 8790 23
15274 15275 23
40442 40443 23
44574 44575 23
18240 18241 23
49202 49203 23
2266 2267 23
30494 30495 23
12837 12838 23
13380 13381 23
8792 40559 23
2354 37557 23
494 495 23
31968 31969 23
46787 46788 23
5094 41461 23
30524 30525 23
26496 26497 23
44628 44629 23
44631 44632 23
23112 28552 23
36814 36815 23
49270 49271 23
6121 6122 23
46833 46834 23
49286 49287 23
1115 28044 23
7396 7397 23
44666 44667 23
46842 46843 23
22140 22141 23
18304 18305 23
42538 42539 23
5886 5887 23
14638 14639 23
25366 46442 23
9686 9687 23
8842 8843 23
38619 38620 23
33547 33548 23
7400 7401 23
27914 27915 23
32044 32045 23
49382 49383 23
35183 35184 23
25402 25403 23
16791 16792 23
49398 49399 23
10604 10605 23
10611 10612 23
19237 19238 23
32060 32061 23
2550 2551 23
40610 40611 23
33597 33598 23
15364 15365 23
17555 17556 23
19242 26889 23
42622 42623 23
33609 33610 23
42626 44683 23
42649 42650 23
10618 10619 23
60 61 23
35229 35230 23
5897 5898 23
8454 44241 23
10638 10639 23
8864 8865 23
11821 11822 23
37031 37032 23
15390 26040 23
33642 33643 23
35262 35263 23
35263 35264 23
4878 25700 23
14675 14676 23
47040 47041 23
42732 42733 23
38738 38739 23
40696 40697 23
29384 29385 23
32147 32148 23
42 43 23
23234 23235 23
13449 13450 23
5115 39629 23
35299 35300 23
7084 7085 23
15410 15411 23
29401 29402 23
33682 33683 23
33685 33686 23
26651 26652 23
16848 16849 23
7089 7090 23
42808 42809 23
40758 44511 23
12952 12953 23
10666 12929 23
33714 33715 23
10667 10668 23
32203 32204 23
40776 40777 23
4695 4696 23
10687 10688 23
40786 40787 23
49631 49632 23
12963 12964 23
47182 47183 23
7101 7102 23
42856 42857 23
8134 11431 23
18424 18425 23
19374 19375 23
5644 41373 23
19385 19386 23
35396 35397 23
37155 37156 23
47205 47206 23
44947 44948 23
35397 35398 23
21300 21301 23
47218 47219 23
10221 45186 23
40834 40835 23
40836 40837 23
40843 40844 23
47239 47240 23
9779 9780 23
33758 33759 23
9780 9781 23
35430 35431 23
42963 42964 23
8499 8500 23
3756 3757 23
21318 21319 23
42983 42984 23
33790 33791 23
21324 21325 23
45013 45014 23
14759 14760 23
35445 35446 23
9789 9790 23
24441 24442 23
28160 28161 23
17647 17648 23
26743 26744 23
49818 49819 23
18462 18463 23
1798 1799 23
22359 22360 23
29526 29527 23
38984 38985 23
30831 30832 23
16194 16195 23
1230 1231 23
23415 23416 23
29532 29533 23
17675 17676 23
7430 7431 23
40947 40948 23
23422 23423 23
43088 43089 23
32339 32340 23
18475 18476 23
29539 29540 23
14125 14126 23
12450 12451 23
24492 24493 23
7120 10974 23
24502 24503 23
40986 40987 23
6174 6175 23
3948 3949 23
15528 15529 23
30914 30915 23
4132 4133 23
30921 30922 23
3484 3485 23
43164 43165 23
43168 43169 23
13545 13546 23
37365 37366 23
49961 49962 23
41015 41016 23
26863 26864 23
2460 2461 23
33976 33977 23
45200 45201 23
16952 16953 23
1810 1811 23
8564 8565 23
47515 47516 24
12778 12779 24
1715 1716 24
39335 39336 24
35861 35862 24
12780 12781 24
9731 9732 24
47556 47557 24
11109 11110 24
18887 18888 24
16555 23929 24
24855 24856 24
45318 45319 24
43356 43357 24
39366 39367 24
1006 1007 24
582 583 24
47602 47603 24
31200 31201 24
28555 28556 24
12257 12258 24
28563 28564 24
47620 47621 24
31212 31213 24
18044 18045 24
37652 37653 24
21788 21789 24
19842 19843 24
18053 18054 24
27249 27250 24
21794 21795 24
41313 41314 24
12258 12259 24
2443 2444 24
34303 34304 24
19858 19859 24
37724 37725 24
31284 31285 24
15136 15137 24
12263 12264 24
39466 39467 24
4758 40923 24
7505 7506 24
31303 31304 24
37767 37768 24
18952 18953 24
35989 35990 24
8551 8552 24
29936 29937 24
14498 47955 24
12802 41936 24
6628 6629 24
7842 7843 24
39528 39529 24
45493 45494 24
47798 47799 24
18982 18983 24
13870 13871 24
83 33456 24
7853 7854 24
31343 31344 24
18998 18999 24
39561 44302 24
3982 3983 24
43536 43537 24
801 802 24
1516 1517 24
3989 3990 24
15896 15897 24
22868 22869 24
5514 5515 24
41506 41507 24
31371 31372 24
9800 9801 24
20909 34509 24
34424 34425 24
1726 12862 24
36076 36077 24
7862 7863 24
27391 27392 24
7254 7255 24
39635 39636 24
2456 2457 24
32940 32941 24
3316 6047 24
32946 32947 24
7557 7558 24
45627 45628 24
34459 34460 24
34463 34464 24
26123 26124 24
4194 4195 24
5277 5278 24
95 96 24
45654 45655 24
22904 22905 24
43641 43642 24
39682 39683 24
10293 36067 24
37911 37912 24
23951 23952 24
21933 30606 24
31444 31445 24
5531 5532 24
41614 41615 24
28762 28763 24
28763 28764 24
20945 20946 24
36155 36156 24
2461 2462 24
21943 21944 24
34531 34532 24
352 353 24
12367 44154 24
20042 20043 24
14575 14576 24
43719 43720 24
15261 15262 24
4604 4605 24
36185 36186 24
15963 15964 24
30128 30129 24
3166 3167 24
10308 10309 24
2172 2173 24
21994 21995 24
19103 19104 24
31511 31512 24
10753 19342 24
15291 15292 24
38007 38008 24
13984 13985 24
39812 40556 24
34594 34595 24
17465 34463 24
5299 5300 24
14621 14622 24
28849 28850 24
45818 45819 24
12892 12893 24
12894 12895 24
20101 20102 24
39847 39848 24
16737 16738 24
43816 43817 24
43825 43826 24
11873 11874 24
406 407 24
4410 4411 24
34633 34634 24
11290 11291 24
18256 18257 24
8641 8642 24
30208 30209 24
9011 9012 24
19151 36058 24
26262 26263 24
41867 41868 24
30228 30229 24
48267 48268 24
43862 43863 24
7294 7295 24
2180 2181 24
19158 19159 24
45921 45922 24
30246 30247 24
27602 27603 24
15343 15344 24
28924 28925 24
33150 33151 24
4422 4423 24
1454 21474 24
45936 45937 24
5581 5582 24
13453 13454 24
25177 25178 24
16786 16787 24
5067 5068 24
45960 45961 24
30293 30294 24
48357 48358 24
34741 34742 24
24100 24101 24
4045 49125 24
9048 9049 24
11329 37911 24
10357 10358 24
45999 46000 24
11931 11932 24
46005 46006 24
38176 38177 24
38177 38178 24
9899 9900 24
26331 26332 24
48408 48409 24
14680 14681 24
2861 2862 24
31689 31690 24
7320 7321 24
25212 25213 24
813 814 24
25221 25222 24
14085 14086 24
3183 3184 24
27721 27722 24
38222 38223 24
34823 34824 24
2748 2749 24
48467 48468 24
48478 48479 24
27728 27729 24
16117 16118 24
36473 36474 24
19244 19245 24
42038 42039 24
36481 36482 24
11356 11357 24
2299 2300 24
12493 12494 24
46166 46167 24
18385 18386 24
5102 5103 24
44041 44042 24
44042 44043 24
2876 2877 24
16139 16140 24
21207 21208 24
30396 30397 24
42085 42086 24
12997 12998 24
526 527 24
46207 46208 24
48579 48580 24
31799 31800 24
16146 16147 24
11386 11387 24
12522 12523 24
5344 5345 24
13026 13027 24
24229 49811 24
40203 40204 24
21220 35363 24
44137 44138 24
46257 46258 24
44147 44148 24
6480 28870 24
23180 23181 24
44157 44158 24
29131 29132 24
40242 40243 24
33344 33345 24
29142 29143 24
36602 36603 24
48661 48662 24
44191 44192 24
13536 13537 24
34966 34967 24
22230 22231 24
34972 34973 24
44211 44212 24
670 671 24
11992 11993 24
13039 13040 24
911 912 24
42198 42199 24
7371 7372 24
25395 25396 24
8692 34597 24
27859 27860 24
31906 36313 24
11425 11426 24
19366 19367 24
20309 28158 24
5643 5644 24
10421 10422 24
48754 48755 24
48760 48761 24
46404 46405 24
17648 17649 24
33450 33451 24
14793 14794 24
2491 2492 24
40303 40304 24
21287 21288 24
24337 24338 24
36700 36701 24
29228 29229 24
33469 33470 24
4471 9501 24
1994 1995 24
30538 30539 24
8361 8362 24
10445 10446 24
6179 6180 24
16911 16912 24
44309 44310 24
12577 12578 24
18479 18480 24
44336 44337 24
2321 2322 24
33496 33497 24
46520 46521 24
7673 7674 24
40360 40361 24
25477 25478 24
44360 44361 24
36787 36788 24
7674 24871 24
16931 16932 24
22301 22302 24
42360 42361 24
16237 16238 24
36795 36796 24
7681 24807 24
30609 30610 24
14214 14215 24
4263 4264 24
48906 48907 24
30619 30620 24
44442 44443 24
48926 48927 24
46587 46588 24
22311 22312 24
35152 35153 24
32057 32058 24
38548 38549 24
9552 9553 24
24392 24393 24
48956 48957 24
9998 9999 24
12037 12038 24
38559 38560 24
32073 32074 24
15580 44586 24
7686 7687 24
17741 17742 24
33601 33602 24
22369 22370 24
25528 25529 24
16988 16989 24
36918 36919 24
40489 40490 24
35197 35198 24
46663 46664 24
16263 16264 24
49053 49054 24
35208 35209 24
33610 33611 24
32106 32107 24
23402 23403 24
2776 2777 24
17752 17753 24
2785 2786 24
32141 32142 24
42512 42513 24
36960 36961 24
10927 10928 24
10931 10932 24
26698 26699 24
36967 36968 24
49147 49148 24
42537 42538 24
2932 2933 24
8754 8755 24
35246 35247 24
33652 33653 24
8046 8047 24
22403 22404 24
46751 46752 24
2322 2323 24
14254 14255 24
29430 29431 24
44617 44618 24
15634 15635 24
20460 38645 24
30713 30714 24
19527 19528 24
44640 44641 24
24490 24491 24
44661 44662 24
29442 29443 24
9143 38454 24
40620 40621 24
42592 42593 24
4502 9615 24
28125 28126 24
28126 28127 24
23452 23453 24
38724 38725 24
33713 33714 24
28132 28133 24
23456 23457 24
32226 32227 24
29480 29481 24
28140 28141 24
40665 40666 24
46863 46864 24
9150 9151 24
49325 49326 24
20477 20478 24
15647 15648 24
40681 40682 24
38772 38773 24
787 788 24
46903 46904 24
5165 5166 24
37082 37083 24
16333 16334 24
13131 25452 24
5705 5706 24
28174 28175 24
30807 30808 24
14292 14293 24
25663 25664 24
32284 32285 24
42736 42737 24
14293 24796 24
24541 24542 24
12663 12664 24
37128 37129 24
42755 42756 24
29528 29529 24
1773 1774 24
17835 43677 24
33803 33804 24
35424 35425 24
5410 5411 24
19591 19592 24
33824 33825 24
1408 42486 24
17073 17074 24
38883 38884 24
9610 9611 24
6238 6239 24
26868 26869 24
8434 8435 24
29542 29543 24
32345 32346 24
49478 49479 24
44842 44843 24
26876 28176 24
33858 33859 24
38914 38915 24
29548 29549 24
20546 20547 24
13709 13710 24
17089 17090 24
40832 40833 24
30907 30908 24
32370 32371 24
33884 33885 24
40839 40840 24
35498 35499 24
33886 33887 24
25711 25712 24
47112 47113 24
15683 15684 24
42891 42892 24
23545 23546 24
44908 44909 24
711 712 24
33902 33903 24
6552 46631 24
23548 23549 24
9636 9637 24
49585 49586 24
37308 37309 24
42943 42944 24
25745 25746 24
25750 25751 24
8802 38143 24
42960 42961 24
23554 23555 24
29630 29631 24
25760 25761 24
33942 33943 24
29632 29633 24
1622 1623 24
49637 49638 24
18691 18697 24
1161 1162 24
17126 17127 24
7764 7765 24
12722 12723 24
44981 44982 24
2949 2950 24
13202 13203 24
49680 49681 24
44988 44989 24
7429 7430 24
35616 35617 24
16420 16421 24
39054 39055 24
2014 2015 24
8460 8461 24
19685 19686 24
17898 17899 24
16428 16429 24
15744 15745 24
26992 26993 24
43079 43080 24
11664 16520 24
14379 14380 24
5200 5201 24
40990 40991 24
730 731 24
23616 23617 24
12741 13059 24
17209 17210 24
13772 25640 24
8849 8850 24
21650 21651 24
35701 35702 24
37430 37431 24
31020 31021 24
32556 32557 24
15014 15015 24
7783 7784 24
16465 16466 24
8123 8124 24
8128 8129 24
28410 28411 24
11050 11051 24
15039 15040 24
41073 41074 24
45108 45109 24
41075 41076 24
37457 37458 24
31056 31057 24
22697 22698 24
35762 35763 24
28430 28431 24
20691 20692 24
4318 4319 24
1328 1329 24
6589 6590 24
29780 29781 24
9698 9699 24
4138 4139 24
43223 43224 24
43225 43226 24
16506 16507 24
41134 41135 24
47430 47431 24
11711 11712 24
45188 45189 24
13255 14627 24
16521 16522 24
13257 13258 24
17297 17298 24
32644 32645 24
21732 21733 24
17301 20337 24
37543 37544 24
3119 18518 24
8881 8882 24
19801 19802 24
19803 21080 24
32684 32685 24
1494 1495 24
23733 23734 24
45258 45259 24
39320 39321 24
32701 32702 24
45267 45268 24
22207 22208 25
45735 45736 25
21311 21312 25
12098 12099 25
23083 23084 25
33901 33902 25
24067 24068 25
14515 14516 25
31077 31078 25
18093 39167 25
9478 9479 25
27342 27343 25
15042 15043 25
45793 45794 25
47875 47876 25
16248 16249 25
16840 16841 25
32538 32539 25
19666 19667 25
38626 38627 25
6211 6212 25
28631 28632 25
29881 29882 25
45816 45817 25
21341 21342 25
47925 47926 25
25097 25098 25
45820 45821 25
12112 12113 25
3577 12763 25
16850 16851 25
47942 47943 25
27379 27380 25
883 884 25
7842 32556 25
44011 44012 25
37097 44822 25
6760 6761 25
20505 20506 25
4094 4095 25
40417 40418 25
47979 47980 25
10692 10693 25
11681 11682 25
44031 44032 25
32621 32622 25
2292 2293 25
45882 45883 25
18162 18163 25
19709 19710 25
7568 7569 25
18889 18890 25
19712 19713 25
2694 2695 25
34046 34047 25
5792 5793 25
44076 44077 25
11157 11158 25
21403 21404 25
34061 34062 25
6261 6262 25
40477 40478 25
37185 37186 25
25165 25166 25
18902 18903 25
7318 7319 25
15744 18890 25
862 863 25
7591 7592 25
7872 7873 25
2506 2507 25
18941 18942 25
22314 22315 25
32 33 25
35622 35623 25
11720 11721 25
22322 22323 25
9170 9171 25
23257 23258 25
32717 32718 25
18958 18959 25
44200 44201 25
8834 38814 25
18206 18207 25
2705 2706 25
30031 30032 25
16347 16348 25
30046 30047 25
32738 32739 25
35682 35683 25
18217 18218 25
17567 17568 25
42423 42424 25
19792 19793 25
46109 46110 25
26282 26283 25
17568 17569 25
7601 7602 25
35705 35706 25
9190 9191 25
16364 16365 25
24273 24274 25
23331 23332 25
506 507 25
46145 46146 25
25269 25270 25
14614 14615 25
30101 30102 25
25271 25272 25
2434 2435 25
19814 19815 25
16937 31951 25
31386 31387 25
12714 12715 25
34231 34232 25
32830 32831 25
48308 48309 25
1062 1063 25
5818 5819 25
25314 26487 25
23372 23373 25
10776 10777 25
16955 16956 25
11226 31639 25
38972 38973 25
44343 44344 25
8555 8556 25
34276 34277 25
11231 11232 25
5828 5829 25
28902 28903 25
12248 12249 25
12737 12738 25
4877 4878 25
21577 21578 25
10377 10378 25
24363 24364 25
4130 4131 25
18311 18312 25
28933 28934 25
30193 30194 25
40769 40770 25
13626 13627 25
44438 44439 25
44440 44441 25
20711 20712 25
6046 6047 25
19075 19076 25
26422 26423 25
14670 14671 25
7934 7935 25
23444 23445 25
26455 26456 25
30222 30223 25
21605 21606 25
32970 32971 25
3142 3143 25
15850 15851 25
48482 48483 25
42650 42651 25
11273 11274 25
35910 35911 25
30245 30246 25
48502 48503 25
26477 26478 25
42684 42685 25
24405 24406 25
3031 47400 25
15855 15856 25
4580 27692 25
31538 31539 25
44537 44538 25
35955 35956 25
5449 5450 25
17674 17675 25
16441 16442 25
42722 42723 25
34423 34424 25
5259 5260 25
21654 21655 25
21657 21658 25
44570 44571 25
870 41086 25
24452 24453 25
44577 44578 25
19944 19945 25
11285 11286 25
35995 35996 25
37595 37596 25
34448 34449 25
26548 26549 25
12285 12286 25
729 17473 25
46549 46550 25
31571 31572 25
30316 49123 25
44613 44614 25
36018 36019 25
21666 21667 25
13680 13681 25
31582 31583 25
15289 15290 25
21673 21674 25
40945 40946 25
48665 48666 25
31589 31590 25
7390 7391 25
12302 12303 25
37660 37661 25
21685 21686 25
30328 30329 25
1787 1788 25
20000 20001 25
39284 39285 25
46612 46613 25
26594 26595 25
7133 7134 25
36056 47127 25
5882 30656 25
26602 26603 25
5465 5466 25
29140 29141 25
36073 36074 25
17712 17713 25
3887 3888 25
37760 37761 25
16482 16483 25
44728 44729 25
215 3583 25
1662 1663 25
42918 42919 25
27911 27912 25
42925 42926 25
2173 2174 25
1182 1183 25
20868 20869 25
39354 39355 25
24532 24533 25
42944 42945 25
16514 16515 25
42948 42949 25
30402 30403 25
27937 27938 25
5701 5702 25
25570 25571 25
6093 6094 25
14756 14757 25
19210 19211 25
17118 27190 25
48833 48834 25
20055 23564 25
12342 12343 25
11331 38010 25
44811 44812 25
12346 12347 25
17145 17146 25
2327 2328 25
23585 23586 25
34628 34629 25
20077 20078 25
7675 7676 25
24582 24583 25
41136 41137 25
29270 29271 25
31793 31794 25
11883 11884 25
44841 44842 25
30474 30475 25
10084 12746 25
48907 48908 25
15943 15944 25
1960 1961 25
31806 31807 25
17784 23255 25
10087 10088 25
41191 41192 25
6904 6905 25
44879 44880 25
21805 21806 25
4049 4050 25
37892 37893 25
33243 33244 25
29317 29318 25
28019 28020 25
20934 20935 25
8643 8644 25
46869 46870 25
39529 39530 25
9302 9303 25
1512 1513 25
10892 10893 25
17818 17819 25
33276 42560 25
31865 31866 25
26744 26745 25
4756 4757 25
7689 7690 25
34753 34754 25
29373 29374 25
28060 28061 25
1068 1069 25
14307 14308 25
15408 15409 25
41285 41286 25
41287 41288 25
49099 49100 25
18517 47385 25
28103 41613 25
1234 1235 25
18523 43488 25
26775 26776 25
22787 22788 25
20173 20174 25
2280 2281 25
1 2 25
5125 5126 25
19343 19344 25
41347 41348 25
25738 25739 25
39646 39647 25
33378 33379 25
49183 49184 25
34839 34840 25
25741 25742 25
16623 16624 25
36369 36370 25
21014 21015 25
14843 14844 25
20190 20191 25
43260 43261 25
6658 6659 25
43273 43274 25
32002 32003 25
7445 7446 25
33415 33416 25
24703 24704 25
29443 29444 25
41420 41421 25
26871 26872 25
17858 17859 25
43294 43295 25
41443 41444 25
24712 24713 25
17245 17246 25
47111 47112 25
10524 10525 25
19362 19363 25
11429 12897 25
5935 5936 25
26890 26891 25
18569 18570 25
23746 23747 25
21058 21059 25
43362 43363 25
20227 20228 25
24751 24752 25
47152 47153 25
10526 10527 25
10151 32924 25
4929 4930 25
39764 39765 25
13337 13338 25
16045 16046 25
16659 16660 25
8356 23258 25
11457 11458 25
41520 41521 25
29524 29525 25
47191 47192 25
34991 34992 25
36498 36499 25
23797 23798 25
41537 41538 25
24795 24796 25
21968 21969 25
9766 9767 25
10538 10539 25
28285 28286 25
22887 22888 25
10167 10168 25
33538 33539 25
20268 20269 25
9365 25769 25
16068 42128 25
11471 11472 25
45222 45223 25
1284 1285 25
39852 39853 25
47249 47250 25
38184 38185 25
30785 30786 25
21126 36780 25
18625 18626 25
45251 45252 25
30791 30792 25
38203 38204 25
7744 7745 25
35054 35055 25
32194 32195 25
41624 46591 25
15517 15518 25
2771 2772 25
3185 3186 25
5324 10443 25
25896 49017 25
49522 49523 25
49524 49525 25
29576 29577 25
29577 29578 25
12489 12490 25
15531 34602 25
45310 45311 25
4354 4355 25
35096 35097 25
36628 36629 25
13855 20865 25
39977 39978 25
27061 27062 25
36640 36641 25
25908 25909 25
29611 29612 25
19482 19483 25
18660 18661 25
5749 5750 25
25914 25915 25
30872 30873 25
16717 16718 25
38292 38293 25
25918 42799 25
4787 4788 25
36689 36690 25
6976 6977 25
2978 2979 25
36696 36697 25
9060 9061 25
8700 8701 25
47432 47433 25
38328 38329 25
40060 40061 25
9413 9414 25
40064 40065 25
40065 40066 25
28396 28397 25
5761 5762 25
32292 32293 25
47450 47451 25
35186 35187 25
41833 41834 25
27109 27110 25
15572 15573 25
41840 41841 25
40086 40087 25
4510 4511 25
45477 45478 25
40095 40096 25
28409 28410 25
24932 24933 25
28418 28419 25
47507 47508 25
1986 1987 25
33718 33719 25
12031 12032 25
47518 47519 25
43738 43739 25
32321 32322 25
6188 6189 25
22987 37839 25
7530 7531 25
10599 10600 25
40159 40160 25
13423 13424 25
22997 22998 25
7269 43978 25
14975 14976 25
13921 13922 25
33740 33741 25
25986 25987 25
18003 18004 25
23969 23970 25
8089 8090 25
27199 27200 25
32377 32378 25
8733 8734 25
35270 35271 25
24983 24984 25
8090 8091 25
28489 28490 25
35292 35293 25
30985 30986 25
43815 43816 25
47662 48388 25
14995 14996 25
30988 47208 25
36912 36913 25
32411 32412 25
41997 41998 25
11593 11594 25
4513 20103 25
4809 4810 25
1419 1420 25
291 292 25
12589 12590 25
26043 26044 25
3430 3431 25
13965 13966 25
33840 33841 25
49946 49947 25
33844 33845 25
8116 8117 25
5979 5980 25
17418 17419 25
42050 42051 25
47770 47771 25
21291 21292 25
4668 21532 25
31035 31036 25
7556 7557 25
15031 16261 25
49983 49984 25
33874 33875 25
18083 18084 25
31047 31048 25
23076 23077 25
13486 13487 26
13488 13489 26
20359 20360 26
3369 3370 26
30504 30505 26
2235 2236 26
34306 34307 26
37199 37200 26
31701 31702 26
43939 43940 26
37210 37211 26
24235 24236 26
43950 43951 26
6278 6279 26
3258 3259 26
25140 25141 26
30531 30532 26
6542 6543 26
13103 13104 26
42179 42180 26
10579 10580 26
6548 6549 26
14487 26094 26
26078 26079 26
35764 35765 26
31733 31734 26
37269 37270 26
3517 3518 26
42219 42220 26
35782 35783 26
4997 4998 26
24292 24293 26
5428 5429 26
26096 26097 26
4661 4662 26
25167 25168 26
28347 28348 26
42249 42250 26
2653 2654 26
21894 21895 26
19021 19022 26
26116 26117 26
23458 23459 26
6313 6314 26
425 42182 26
27204 27205 26
42276 42277 26
44082 44083 26
11443 11444 26
40523 40524 26
4493 4494 26
21905 21906 26
48010 48011 26
5249 5250 26
17265 17266 26
31828 31829 26
19039 19040 26
48042 48043 26
17799 17800 26
42321 42322 26
5015 5016 26
45956 45957 26
14999 24366 26
38881 38882 26
12338 12339 26
27245 36259 26
35865 35866 26
21926 36711 26
40585 40586 26
40588 40589 26
44183 45975 26
37374 37375 26
21204 21205 26
10994 10995 26
33170 33171 26
31867 31868 26
30669 30670 26
48123 48124 26
29543 37336 26
46032 46033 26
46033 46034 26
34491 34492 26
48146 48147 26
33179 33180 26
4314 4315 26
8679 8680 26
27268 27269 26
26171 26172 26
35911 35912 26
48159 48160 26
13559 13560 26
24369 24370 26
11465 11466 26
2123 2124 26
15611 15612 26
28449 28450 26
23534 23535 26
1051 48659 26
34539 34540 26
11939 25698 26
27316 27317 26
22758 22759 26
48216 48217 26
11010 11011 26
1911 1912 26
13578 13579 26
44280 44281 26
37469 37470 26
21961 21962 26
367 368 26
19114 19115 26
34581 34582 26
14069 14070 26
29633 29634 26
29634 29635 26
1193 1194 26
29644 29645 26
32008 32009 26
48295 48296 26
46202 46203 26
24414 24415 26
24415 30591 26
23558 23559 26
6846 48101 26
22782 22783 26
28509 28510 26
39073 39074 26
42544 42545 26
36034 36035 26
39076 39077 26
512 513 26
34607 34608 26
34613 34614 26
26259 26260 26
5908 5909 26
21992 21993 26
37554 37555 26
10666 28730 26
27390 27391 26
44397 44398 26
13198 13199 26
36048 36049 26
21264 21265 26
26278 26279 26
33322 33323 26
40811 40812 26
6854 6855 26
1056 1057 26
21268 21269 26
22820 22821 26
39190 39191 26
21269 21270 26
48417 48418 26
9980 9981 26
30838 30839 26
39200 39201 26
29730 29731 26
25400 25401 26
40844 40845 26
7884 7885 26
34670 34671 26
22826 22827 26
13618 13619 26
334 16757 26
18492 18493 26
12390 12391 26
7144 7145 26
3287 3288 26
23631 23632 26
2962 2963 26
39236 39237 26
34726 34727 26
33418 33419 26
30904 30905 26
25440 25441 26
21301 21302 26
26341 26342 26
6868 6869 26
48529 48530 26
23637 23638 26
3573 20768 26
28638 28639 26
19867 19868 26
8737 36453 26
25451 25452 26
40934 40935 26
19187 19188 26
28659 28660 26
46508 46509 26
36175 36176 26
9361 9362 26
28665 28666 26
46522 46523 26
24533 24534 26
39298 39299 26
7162 7163 26
10370 10371 26
17920 17921 26
34815 34816 26
21330 21331 26
28683 28684 26
15723 15724 26
2514 2515 26
11558 11559 26
17928 17929 26
15735 15736 26
36233 36234 26
39343 39344 26
15154 15155 26
23701 23702 26
11561 11562 26
32255 32256 26
48662 48663 26
33531 33532 26
8179 8180 26
42877 42878 26
32262 32263 26
37844 37845 26
41021 41022 26
6115 6116 26
46622 46623 26
44691 44692 26
11587 11588 26
46625 46626 26
19236 41179 26
33548 33549 26
22128 22129 26
28732 28733 26
13681 21548 26
48723 48724 26
3077 3078 26
48727 48728 26
33569 33570 26
48737 48738 26
27595 41970 26
11122 11123 26
36287 36288 26
32288 32289 26
46660 46661 26
37888 37889 26
42945 47218 26
15181 15182 26
26474 26475 26
39446 39447 26
33592 33593 26
413 414 26
16294 20163 26
10042 10043 26
39463 39464 26
26495 26496 26
42971 42972 26
19996 19997 26
29914 29915 26
31022 31023 26
43003 43004 26
41143 41144 26
16300 16301 26
9367 9368 26
11138 11139 26
7656 7657 26
8197 8198 26
10058 10059 26
9720 9721 26
17431 17432 26
48836 48837 26
41182 41183 26
31049 31050 26
3711 29982 26
29931 29932 26
36380 36381 26
15217 15218 26
48859 48860 26
35013 35014 26
26544 26545 26
46786 46787 26
21427 21428 26
32369 32370 26
39560 39561 26
22966 22967 26
25607 25608 26
28833 28834 26
22967 22968 26
43096 43097 26
27717 27718 26
35037 35038 26
43111 43112 26
13278 13279 26
21435 21436 26
44887 44888 26
43123 43124 26
2603 2604 26
21448 21449 26
6133 6134 26
12505 12506 26
36441 36442 26
12890 12891 26
38021 43135 26
35058 35059 26
9737 9738 26
14703 14704 26
48994 48995 26
44914 44915 26
22994 22995 26
14228 49183 26
31139 31140 26
49019 49020 26
11195 11196 26
41292 41293 26
4897 4898 26
38047 38048 26
14713 14714 26
3300 3301 26
41305 47736 26
11675 11676 26
7950 44757 26
41325 41326 26
23847 23848 26
30023 30024 26
41344 41345 26
18046 18047 26
2870 2871 26
36509 36510 26
43227 43228 26
5518 33964 26
12094 12095 26
26640 26641 26
36519 36520 26
46993 46994 26
3583 3584 26
20779 31803 26
36535 36536 26
13327 13328 26
33775 33776 26
31194 31195 26
20097 20098 26
49174 49175 26
5520 48843 26
36558 36559 26
36563 36564 26
39721 39722 26
30083 30084 26
3584 3585 26
8545 8546 26
8806 8807 26
2982 2983 26
23896 23897 26
19411 19412 26
41455 41456 26
24786 24787 26
39772 39773 26
32549 32550 26
14285 14286 26
10114 10115 26
845 846 26
2448 2449 26
27872 27873 26
32563 32564 26
35210 35211 26
23921 31002 26
20136 20137 26
2149 2150 26
33848 33849 26
32585 32586 26
27886 27887 26
39822 39823 26
39824 39825 26
7692 7693 26
39828 39829 26
47150 47151 26
43395 43396 26
29008 29009 26
10847 10848 26
23936 33031 26
10848 10849 26
19454 19455 26
36671 36672 26
9791 9792 26
49350 49351 26
43429 43430 26
32602 32603 26
32605 32606 26
11266 11267 26
20871 20872 26
15344 15345 26
18131 18132 26
47197 47198 26
39897 39898 26
38242 38243 26
43450 43451 26
22324 22325 26
45194 45195 26
30177 30178 26
16980 23497 26
13818 13819 26
29048 38529 26
23118 23119 26
25791 25792 26
2341 2342 26
24868 24869 26
30202 30203 26
29078 29079 26
16447 16448 26
22365 22366 26
43497 43498 26
9799 9800 26
4227 4228 26
1078 1079 26
41653 41654 26
35325 35326 26
41664 41665 26
41675 41676 26
20204 20205 26
25818 34196 26
35329 35330 26
14813 17771 26
33982 33983 26
27981 27982 26
23991 39919 26
10496 10497 26
20212 20213 26
1900 1901 26
47302 47303 26
3227 3228 26
43563 43564 26
31431 31432 26
26822 26823 26
14817 14818 26
45323 45324 26
26837 26838 26
3105 7708 26
4092 4093 26
36849 36850 26
18806 18807 26
3333 3334 26
36868 36869 26
47387 47388 26
8014 8015 26
26861 26862 26
3738 3739 26
28027 28028 26
38389 38390 26
40077 40078 26
36900 49474 26
23191 23192 26
4599 4600 26
5789 5790 26
10885 10886 26
35434 35435 26
47424 47425 26
49617 49618 26
22453 33889 26
22457 39623 26
41815 41816 26
1371 1372 26
43648 43649 26
41822 41823 26
15948 15949 26
40128 40129 26
17617 17618 26
40139 40140 26
24073 24074 26
45446 45447 26
47447 47448 26
35446 35447 26
40149 40150 26
49682 49683 26
31500 31501 26
38458 38459 26
15950 15951 26
49692 49693 26
24078 24079 26
20256 28990 26
49705 49706 26
43710 43711 26
49722 49723 26
23231 49547 26
2022 2023 26
2737 16958 26
49741 49742 26
47493 47494 26
16524 16525 26
45509 45510 26
14384 14385 26
21715 21716 26
36994 36995 26
13427 13428 26
49767 49768 26
49768 49769 26
5988 5989 26
37009 37010 26
32857 32858 26
29283 29284 26
38512 38513 26
18874 18875 26
30355 30356 26
9513 9514 26
41963 41964 26
29296 29297 26
32875 32876 26
45570 45571 26
7763 7764 26
1753 1754 26
30374 30375 26
20289 20290 26
47598 47599 26
25039 25040 26
13062 13063 26
22523 22524 26
35546 35547 26
6226 6227 26
2918 2919 26
23320 23321 26
43807 43808 26
4122 4123 26
11344 11345 26
15460 15461 26
25960 25961 26
18908 43399 26
13464 13465 26
49886 49887 26
1287 1288 26
2356 2357 26
38596 38597 26
47679 47680 26
42011 42012 26
4470 4471 26
25075 32856 26
15477 15478 26
34230 34231 26
37094 37095 26
1179 1180 26
12260 12261 26
10227 10228 26
20321 20322 26
10230 10231 26
16026 16027 26
47754 47755 26
7295 11300 26
34251 37010 26
35661 35662 26
16602 16603 26
15495 20491 26
16043 16044 26
38656 38657 26
25109 25110 26
35668 35669 26
31665 31666 26
29421 29422 26
49991 49992 26
38668 38669 26
42105 42106 26
19667 48741 26
33796 33797 27
39490 39491 27
39492 39493 27
31273 35826 27
38011 38012 27
32539 32540 27
33804 33805 27
32547 32548 27
44495 44496 27
33817 33818 27
23963 41962 27
20131 20132 27
41113 41114 27
24862 24863 27
21582 21583 27
7766 7767 27
7511 7512 27
48111 48112 27
6508 6509 27
2157 2158 27
25803 25804 27
8662 8663 27
6268 6269 27
1499 1500 27
36584 36585 27
24886 24887 27
44553 44554 27
31320 31321 27
22363 42009 27
30163 42875 27
14212 14213 27
48154 48155 27
48157 48158 27
29038 29039 27
42917 42918 27
31330 47117 27
2330 2331 27
9362 22936 27
20891 34877 27
33883 46599 27
33883 47386 27
29059 29060 27
563 564 27
10911 10912 27
35249 35250 27
29075 29076 27
5841 41367 27
48214 48215 27
1045 1046 27
6285 6286 27
18756 18757 27
35266 35267 27
18761 18762 27
36661 36662 27
10531 10532 27
24038 24039 27
64 65 27
22406 32279 27
16415 16416 27
32656 32657 27
29117 29118 27
15310 15311 27
14753 14754 27
25881 25882 27
48290 48291 27
48294 48295 27
29126 39952 27
25882 25883 27
46437 46438 27
31415 31416 27
35308 35309 27
8367 8368 27
17563 17564 27
22428 22429 27
5457 5458 27
32712 32713 27
29147 29148 27
46486 46487 27
48333 48334 27
44712 44713 27
29148 29149 27
48343 48344 27
11894 11895 27
48346 48347 27
5658 5659 27
21671 21672 27
28029 28030 27
24993 24994 27
8380 8381 27
25002 25003 27
44739 44740 27
18150 22939 27
734 735 27
48385 48386 27
48388 48389 27
35379 35380 27
16982 16983 27
18165 18166 27
23255 23256 27
26905 35036 27
28065 28066 27
2103 2104 27
9396 9397 27
35413 35414 27
16445 16446 27
5095 5096 27
29219 29220 27
28101 28102 27
21704 21705 27
14264 14265 27
41417 41418 27
11919 11920 27
10193 10194 27
31513 31514 27
4037 4038 27
5672 5673 27
23295 23296 27
38326 38327 27
19552 19553 27
23313 23314 27
25052 25053 27
43192 43193 27
11432 11433 27
38346 38347 27
10960 10961 27
21735 21736 27
34109 34110 27
24163 24164 27
48520 48521 27
5888 5889 27
4169 4170 27
12389 12390 27
7071 7072 27
4041 4042 27
28170 28171 27
4763 4764 27
17613 20524 27
25084 25085 27
44877 44878 27
27005 27006 27
29337 29338 27
27012 40643 27
39962 39963 27
9818 9819 27
21026 21027 27
1669 1670 27
32907 32908 27
774 775 27
39991 39992 27
21031 21032 27
27056 27057 27
38415 38416 27
12406 12407 27
48606 48607 27
38422 38423 27
23377 23378 27
7324 7325 27
10220 10221 27
44918 44919 27
2971 2972 27
11001 11002 27
32941 32942 27
13332 13333 27
26050 26051 27
7329 7330 27
44940 44941 27
31619 31620 27
6360 6361 27
37046 37047 27
37048 37049 27
48666 48667 27
34233 34234 27
3182 3183 27
10600 10601 27
2682 2683 27
13351 13352 27
28262 28263 27
22633 22634 27
28272 28273 27
44979 44980 27
8136 8137 27
29424 29425 27
48701 48702 27
34267 34268 27
19650 19651 27
30503 30504 27
11500 11501 27
3919 3920 27
41681 41682 27
3544 3545 27
31685 31686 27
43422 43423 27
29437 29438 27
18282 18283 27
12459 12460 27
20355 20356 27
8756 35905 27
21855 21856 27
2576 2577 27
5128 5129 27
19682 19683 27
46891 46892 27
46900 46901 27
27159 27160 27
25169 25170 27
31730 31731 27
4338 4339 27
26114 26115 27
43460 43461 27
16019 16020 27
11536 11537 27
41748 41749 27
17143 17144 27
30589 30590 27
33081 33082 27
2114 2115 27
18989 18990 27
38603 38604 27
4346 4347 27
37171 37172 27
27201 27202 27
4953 4954 27
14402 14403 27
18337 18338 27
5322 5323 27
15496 15497 27
41808 41809 27
29516 29517 27
8482 8483 27
38634 38635 27
1799 1800 27
7136 7137 27
34415 34416 27
6427 6428 27
3667 3668 27
41843 41844 27
26158 26159 27
8493 8494 27
40259 40260 27
7933 7934 27
40267 40268 27
4212 4213 27
8810 8811 27
23531 33032 27
48925 48926 27
11087 11088 27
17763 23412 27
877 46294 27
26196 26197 27
20450 20451 27
47078 47079 27
16638 16639 27
9921 9922 27
24391 24392 27
38692 38693 27
9925 9926 27
48987 48988 27
22759 22760 27
33172 33173 27
20465 20466 27
16644 16645 27
41954 41955 27
9527 20720 27
1806 1807 27
40316 40317 27
16103 16104 27
21955 21956 27
19057 19058 27
8523 8524 27
49032 49033 27
2126 2127 27
33201 33202 27
18409 18410 27
27357 27358 27
38746 38747 27
2030 2031 27
31948 31949 27
35901 35902 27
47180 47181 27
22785 22786 27
13021 13022 27
20495 20496 27
21255 21256 27
17253 17254 27
25360 25361 27
42002 42003 27
34546 34547 27
11136 31082 27
5181 5182 27
43728 43729 27
22001 22002 27
28513 28514 27
22815 22816 27
24469 24470 27
29661 29662 27
40407 40408 27
297 298 27
11145 11146 27
37401 37402 27
27392 27393 27
9188 9189 27
49186 49187 27
27395 46466 27
30794 30795 27
3016 3017 27
11658 11659 27
11162 11163 27
22023 22024 27
5365 5366 27
21285 21286 27
25424 25425 27
38887 38888 27
9561 9562 27
32052 32053 27
38898 38899 27
30827 30828 27
12119 12120 27
38903 38904 27
2044 2045 27
2914 2915 27
13490 13491 27
309 310 27
23643 23644 27
45472 45473 27
30841 45302 27
26340 26341 27
32088 32089 27
87 88 27
17852 17853 27
5564 16682 27
5377 5378 27
49311 49312 27
3827 33833 27
8242 8243 27
49329 49330 27
19151 19152 27
47356 47357 27
16176 16177 27
25469 25470 27
47373 47374 27
40556 40557 27
26375 26376 27
30901 30902 27
18480 18481 27
22874 22875 27
8571 8572 27
34682 34683 27
34683 34684 27
12640 12641 27
102 103 27
11212 11213 27
12146 40107 27
7685 7686 27
36090 36091 27
47417 47418 27
11707 11708 27
34722 34723 27
45589 45590 27
4401 4949 27
23715 23716 27
32183 32184 27
45606 45607 27
39028 39029 27
23716 23717 27
3244 33869 27
12168 12169 27
37587 37588 27
12184 12185 27
21364 21365 27
18519 18520 27
43932 43933 27
12674 12675 27
6957 6958 27
45648 45649 27
22131 22132 27
13550 13551 27
15102 15103 27
23740 23741 27
34787 34788 27
22134 22135 27
40675 40676 27
42320 42321 27
37633 37634 27
39095 39096 27
34789 34790 27
19955 19956 27
40687 40688 27
24612 28116 27
21378 21379 27
7989 7990 27
22933 22934 27
17918 17919 27
32248 32249 27
47541 47542 27
11223 11224 27
33521 37351 27
37693 37694 27
6704 6705 27
8275 8276 27
6963 6964 27
47573 47574 27
11738 11739 27
5397 5398 27
45740 45741 27
37711 37712 27
1696 1697 27
32275 32276 27
21408 21409 27
28769 28770 27
22191 24221 27
20005 20006 27
9244 12933 27
36237 36238 27
22204 22205 27
33567 46082 27
22975 48440 27
20688 20689 27
21421 21422 27
16253 16254 27
28796 28797 27
8279 8280 27
27705 37881 27
14090 14091 27
34924 34925 27
18576 18577 27
7999 8000 27
10038 10039 27
8910 8911 27
113 114 27
47692 47693 27
7234 7235 27
11757 11758 27
47705 47706 27
47709 47710 27
15753 21657 27
9261 9262 27
13598 29270 27
23865 23866 27
23021 23022 27
37829 44861 27
44194 44195 27
20050 20051 27
28855 28856 27
5608 5609 27
32365 32366 27
28860 28861 27
11277 11278 27
26630 26631 27
22252 22253 27
36351 36352 27
16297 16298 27
26639 26640 27
20751 20752 27
7242 21931 27
37875 37876 27
49782 49783 27
17413 17414 27
9268 9269 27
1088 12699 27
31133 35757 27
39348 39349 27
27797 27798 27
7467 36631 27
42590 42591 27
40927 40928 27
45941 45942 27
28895 28896 27
33689 33690 27
30015 30016 27
47871 48307 27
6724 6725 27
7247 7248 27
28907 28908 27
7476 7477 27
30024 30025 27
24803 24804 27
27830 27831 27
42627 42628 27
42640 42641 27
39386 39387 27
39391 39392 27
39393 39394 27
47912 47913 27
26669 26670 27
4413 4414 27
40961 40962 27
40965 40966 27
5618 5619 27
27839 27840 27
19365 19366 27
28935 28936 27
40979 40980 27
337 338 27
17464 17465 27
35086 35087 27
1300 1301 27
30085 30086 27
40997 40998 27
20810 20811 27
355 356 27
14678 14679 27
2542 40107 27
41009 41010 27
13207 13208 27
24839 24840 27
31239 31240 27
32523 32524 27
12290 12291 27
31259 31260 27
49976 49977 27
8973 27990 27
14690 14691 27
15814 15815 27
49989 49990 27
35137 35138 27
41054 41055 27
35148 35149 27
44461 44462 27
1593 1594 28
7554 7555 28
12039 12040 28
14623 14624 28
17199 25116 28
24637 24638 28
8704 21696 28
10595 10596 28
38055 38056 28
2465 2466 28
11552 11553 28
41074 41075 28
30180 30181 28
33897 33898 28
21113 21114 28
26679 26680 28
2629 33767 28
14064 14065 28
48135 48136 28
35251 35252 28
4583 4584 28
5777 5778 28
38116 38117 28
33922 42379 28
48149 48150 28
11044 11045 28
32673 32674 28
934 935 28
21123 21124 28
36645 36646 28
12595 12596 28
33940 33941 28
10612 10613 28
17232 22100 28
17235 17236 28
44556 44557 28
8730 8731 28
23734 43149 28
33975 33976 28
15277 15278 28
5558 33135 28
29103 29104 28
9080 24279 28
30241 32863 28
27962 27963 28
35311 35312 28
2003 2004 28
2823 2824 28
17892 17893 28
23751 23752 28
13076 13077 28
6235 6236 28
10639 42435 28
1050 1051 28
13086 13087 28
6239 6240 28
14110 14111 28
23785 23786 28
35356 35357 28
21188 21189 28
14682 14683 28
9097 9098 28
277 278 28
26777 26778 28
11618 11619 28
29165 29166 28
22898 41774 28
24788 24789 28
28023 28024 28
21205 21206 28
35407 35408 28
6517 6518 28
29179 29180 28
28028 28029 28
14123 14124 28
36810 36811 28
24799 24800 28
29206 29207 28
38272 38273 28
28036 28037 28
32844 32845 28
6520 6521 28
32852 32853 28
41323 41324 28
43066 43067 28
18675 18676 28
41326 41327 28
48371 48372 28
22033 22034 28
41330 41331 28
36855 36856 28
22036 22037 28
17940 17941 28
10253 40796 28
11649 11650 28
14137 14138 28
31557 31558 28
6522 6523 28
10267 10268 28
29237 29238 28
18694 18695 28
28083 28084 28
4244 4245 28
41391 41392 28
14721 14722 28
32905 32906 28
10672 10673 28
10680 10681 28
12669 12670 28
24847 24848 28
18723 18724 28
13118 13119 28
12670 12671 28
35506 35507 28
41438 41439 28
10683 10684 28
11144 11145 28
255 256 28
29307 29308 28
17975 17976 28
43183 43184 28
44834 44835 28
39928 39929 28
39930 39931 28
9469 9470 28
7599 44670 28
29318 29319 28
8138 8139 28
14180 14181 28
32972 32973 28
44860 44861 28
44864 44865 28
19609 19610 28
21282 45386 28
39961 39962 28
3642 3643 28
7865 7866 28
3036 3037 28
20438 20439 28
2646 2647 28
8153 8154 28
9505 9506 28
38429 38430 28
5599 5600 28
14786 14787 28
9914 9915 28
22146 22147 28
46729 46730 28
41535 41536 28
40007 40008 28
16076 36113 28
29387 29388 28
5802 5803 28
7102 7103 28
40019 40020 28
28206 28207 28
18800 18801 28
5600 5601 28
17389 17390 28
28218 28219 28
13183 13184 28
30530 30531 28
5600 14192 28
16105 43587 28
33064 33065 28
24961 24962 28
30537 30538 28
1656 17844 28
3267 3268 28
9152 9153 28
19676 19677 28
48673 48674 28
43343 43344 28
8182 8183 28
213 14012 28
6043 6044 28
12738 12739 28
6563 6564 28
20506 20507 28
30585 30586 28
2309 2310 28
40105 40106 28
9939 9940 28
34399 34400 28
22226 22227 28
48714 48715 28
16135 16136 28
40130 42138 28
46865 46866 28
41679 41680 28
45005 45006 28
46871 46872 28
17414 17415 28
40138 40139 28
18843 18844 28
7925 7926 28
46888 46889 28
43426 43427 28
9945 9946 28
16143 16144 28
9187 17594 28
3977 3978 28
35770 35771 28
45035 45036 28
41713 41714 28
43440 43441 28
23105 23106 28
37182 37183 28
37184 37185 28
27098 27099 28
631 632 28
11765 43564 28
30634 30635 28
16148 16149 28
26025 26026 28
10366 10367 28
14864 14865 28
30652 30653 28
7638 7639 28
45096 45097 28
33160 33161 28
5620 5621 28
37233 38629 28
3281 3282 28
34454 34455 28
20566 20567 28
3395 3396 28
40238 40239 28
4471 4472 28
31906 31907 28
34477 34478 28
235 236 28
31907 31908 28
14311 14312 28
33182 33183 28
11788 11789 28
19761 19762 28
1978 1979 28
6599 6600 28
37302 37303 28
14888 14889 28
47067 47068 28
48915 48916 28
28376 28377 28
48921 48922 28
9977 9978 28
34511 34512 28
41857 41858 28
13749 13750 28
26074 26075 28
16837 16838 28
8562 8563 28
16212 16213 28
13753 13754 28
18968 18969 28
27208 36036 28
2106 2107 28
16217 16218 28
24142 36743 28
37341 37342 28
2166 2167 28
29567 29568 28
37354 37355 28
25111 25112 28
49008 49009 28
1212 1213 28
5447 5448 28
18985 18986 28
17541 17542 28
26120 26121 28
35937 35938 28
38773 48992 28
2964 9145 28
22331 22332 28
13774 13775 28
35956 35957 28
38794 38795 28
18216 18217 28
20666 20667 28
41983 41984 28
45301 45302 28
22357 22358 28
43667 43668 28
45309 45310 28
38807 38808 28
21499 21500 28
23245 23246 28
49110 49111 28
21501 21502 28
955 956 28
16235 16236 28
10412 10413 28
2029 2030 28
49142 49143 28
8250 8251 28
45341 45342 28
14362 14363 28
18232 42535 28
28496 47041 28
10015 10016 28
37431 37432 28
4006 4007 28
33337 33338 28
30829 30830 28
20696 20697 28
11319 11320 28
5031 5032 28
42031 42032 28
22396 22397 28
40435 41852 28
12815 12816 28
27343 27344 28
42049 42050 28
49219 49220 28
33372 33373 28
7425 7426 28
42060 42061 28
49229 49230 28
29693 29694 28
11858 11859 28
4321 36953 28
21573 21574 28
47293 47294 28
49246 49247 28
13809 13810 28
14973 14974 28
8268 8269 28
4170 4171 28
19892 19893 28
40476 40477 28
28556 28557 28
38926 38927 28
1780 3732 28
43809 43810 28
25206 25207 28
28564 28565 28
47350 47351 28
6409 6410 28
40507 40508 28
7438 7439 28
49320 49321 28
45499 45500 28
34707 34708 28
19917 19918 28
4692 4693 28
25220 25221 28
23374 23375 28
45519 45520 28
37540 37541 28
1326 1327 28
9664 9665 28
34734 34735 28
45535 45536 28
18305 18306 28
7695 7696 28
19080 25765 28
589 590 28
5284 5285 28
22497 22498 28
49394 49395 28
26266 26267 28
40576 40577 28
42191 42192 28
42192 42193 28
36118 36119 28
10067 10068 28
39009 41888 28
40586 40587 28
49415 49416 28
10068 10069 28
23412 23413 28
12857 12858 28
15011 15012 28
40595 40596 28
19100 19101 28
37603 37604 28
8307 8308 28
45614 45615 28
11907 11908 28
6124 6125 28
25299 25300 28
5071 5072 28
13352 13353 28
15029 15030 28
3094 3095 28
3581 3582 28
29805 29806 28
24375 24376 28
32281 32282 28
15035 15036 28
7236 7237 28
14465 14466 28
39090 39091 28
2877 25314 28
12404 12405 28
22558 22559 28
49508 49509 28
21678 21679 28
2453 2454 28
21680 21681 28
34861 34862 28
1838 1839 28
25374 25375 28
44002 44003 28
39149 39150 28
47571 47572 28
7747 7748 28
28715 28716 28
10932 10933 28
18384 48878 28
4196 4197 28
26372 26373 28
12904 12905 28
17682 17683 28
15760 15761 28
27577 27578 28
42375 42376 28
5933 5934 28
32346 32347 28
36257 36258 28
9717 9718 28
36266 36267 28
37782 37783 28
49612 49613 28
47644 47645 28
2610 2611 28
40757 40758 28
47654 47655 28
10941 10942 28
16393 16394 28
29916 29917 28
45798 45799 28
16396 16397 28
33635 33636 28
33637 33638 28
3318 3319 28
44101 44102 28
44108 44109 28
11451 11452 28
37811 37812 28
11454 11455 28
27615 27616 28
17713 17714 28
3720 3721 28
22660 22661 28
44138 44139 28
4206 4207 28
18423 18424 28
26426 44399 28
9353 9354 28
45847 45848 28
11461 11462 28
49730 49731 28
1589 1590 28
21756 21757 28
21759 21760 28
7767 7768 28
47777 47778 28
32443 32444 28
18437 18438 28
13422 13423 28
28835 28836 28
27666 27667 28
20102 20103 28
42515 42516 28
26478 26479 28
8052 8053 28
26484 26485 28
42526 42527 28
4553 38930 28
10137 24905 28
10147 10148 28
1590 1591 28
8060 22673 28
17087 22467 28
37890 40366 28
13440 13441 28
9018 9019 28
19253 19254 28
22718 22719 28
47873 47874 28
14554 14555 28
269 270 28
3228 3229 28
3009 3010 28
9035 9036 28
25526 25527 28
3111 3112 28
49848 49849 28
21829 21830 28
17784 17785 28
21840 21841 28
45967 45968 28
45970 45971 28
30056 30057 28
19293 19294 28
37934 37935 28
17122 17123 28
5754 5755 28
23627 23628 28
44297 44298 28
17794 17795 28
24571 24572 28
39400 39401 28
3919 13921 28
37956 37957 28
39412 39413 28
33806 33807 28
11527 11528 28
10185 39705 28
13007 13008 28
17149 17150 28
8376 8377 28
3330 3331 28
9395 9396 28
15212 15213 28
46088 46089 28
39451 39452 28
14023 14024 28
24595 24596 28
26627 28522 28
39462 39463 28
17828 17829 28
25621 25622 28
14603 14604 28
21901 21902 28
18544 18545 28
30139 30140 28
49987 49988 28
36552 36553 28
16495 16496 28
32611 32612 28
27858 27859 28
4579 28363 28
41395 41396 29
37083 37084 29
43065 43066 29
33155 33156 29
17155 17156 29
43072 43073 29
28697 28698 29
2735 2736 29
6149 6150 29
14531 14532 29
23950 46850 29
23167 23168 29
10170 10171 29
23172 23173 29
20302 37797 29
219 220 29
265 266 29
48192 48193 29
48194 48195 29
32022 32023 29
1670 1671 29
24808 24809 29
34430 34431 29
14539 45308 29
24812 24813 29
13160 13161 29
33206 33207 29
15589 15590 29
25707 25708 29
11434 11435 29
35791 35792 29
16635 35547 29
43158 43159 29
40037 42086 29
9803 9804 29
25719 25720 29
23200 23201 29
9067 9068 29
11898 11899 29
15027 15028 29
10189 10190 29
40062 40063 29
2011 2012 29
21772 41553 29
18971 18972 29
13596 24889 29
40071 40072 29
2839 2840 29
44799 44800 29
25755 25756 29
35840 35841 29
29826 44758 29
20350 20351 29
14088 14089 29
2187 2188 29
29832 37698 29
43226 43227 29
24019 24020 29
30918 30919 29
29838 48604 29
29842 29843 29
34532 34533 29
29854 29855 29
4438 4439 29
2532 2533 29
8104 8105 29
9427 36804 29
5951 33168 29
13613 13614 29
29878 29879 29
40150 40151 29
44851 44852 29
27783 27784 29
5147 5148 29
32173 32174 29
5343 5344 29
15075 15076 29
24058 24059 29
32193 32194 29
21819 21820 29
18381 18382 29
17796 17797 29
48420 48421 29
38671 38672 29
17264 17265 29
21832 21833 29
43299 43300 29
43308 43309 29
5768 5769 29
24930 31228 29
16162 24334 29
8422 8423 29
43332 43333 29
4762 4763 29
5163 5164 29
26724 26725 29
19024 19025 29
7847 7848 29
46686 46687 29
48497 48498 29
24949 24950 29
26736 26737 29
22612 22613 29
37369 37370 29
35979 35980 29
32235 32236 29
5775 5776 29
33419 33420 29
4124 29831 29
17294 17295 29
32249 32250 29
1671 1672 29
48532 48533 29
38757 38758 29
25843 25844 29
24967 24968 29
23361 23362 29
16715 16716 29
32265 32266 29
9860 9861 29
32268 32269 29
1731 38746 29
12396 12397 29
19044 19045 29
15119 15120 29
24985 24986 29
3194 3195 29
4777 4778 29
33485 33486 29
24146 24147 29
24149 24150 29
25009 25010 29
34697 34698 29
17849 17850 29
19063 19064 29
1732 1733 29
18431 18432 29
38845 38846 29
37462 37463 29
37467 37468 29
12832 12833 29
15714 15715 29
12834 12835 29
36071 36072 29
33521 33522 29
46846 46847 29
32315 32316 29
30018 30019 29
3420 3421 29
48667 48668 29
15150 15151 29
3305 3306 29
24178 24179 29
38893 38894 29
3839 3840 29
149 150 29
40366 40367 29
41930 41931 29
40371 40372 29
8151 8152 29
43542 43543 29
34768 34769 29
2542 2543 29
32342 32343 29
9901 9902 29
23438 23439 29
45101 45102 29
6761 6762 29
33560 33561 29
29032 29033 29
25939 25940 29
8476 8477 29
43569 43570 29
25944 45979 29
8479 18761 29
48747 48748 29
139 140 29
797 2930 29
26894 26895 29
26903 26904 29
48765 48766 29
6246 23161 29
21949 21950 29
4022 4023 29
30102 30103 29
36160 36161 29
22723 22724 29
17885 17886 29
25959 25960 29
3222 3223 29
5609 5610 29
28034 28035 29
26932 26933 29
29105 29106 29
10306 10307 29
34864 34865 29
14686 14687 29
8495 8496 29
437 12354 29
48811 48812 29
10694 10695 29
33641 33642 29
8501 8502 29
33647 38168 29
20554 20555 29
23501 23502 29
32468 32469 29
24270 24271 29
30158 38168 29
37675 37676 29
24272 24273 29
39046 39047 29
40534 40535 29
37685 37686 29
3713 3714 29
31273 31274 29
16287 16288 29
6019 29517 29
32492 32493 29
21292 21293 29
31281 31282 29
19154 19155 29
43742 43743 29
13306 13307 29
48900 48901 29
8831 8832 29
7349 7350 29
29156 29157 29
18532 18533 29
33706 33707 29
5221 5222 29
19901 19902 29
27008 27009 29
24326 24327 29
19180 19181 29
47153 47154 29
27038 27039 29
40607 40608 29
7911 7912 29
12918 12919 29
42154 42155 29
16306 16307 29
7917 7918 29
39172 39173 29
36302 36303 29
21325 21326 29
15805 15806 29
19206 19207 29
30226 30227 29
45379 45380 29
20616 20617 29
33739 33740 29
3857 3858 29
23549 49776 29
26073 26074 29
33752 33753 29
713 714 29
19932 19933 29
43828 43829 29
27078 27079 29
47223 47224 29
25170 25171 29
33778 33779 29
19213 19214 29
7095 7096 29
49059 49060 29
15252 44841 29
7634 23163 29
49077 49078 29
49082 49083 29
321 322 29
43848 43849 29
4501 4502 29
1973 1974 29
67 68 29
21369 48797 29
45466 45467 29
19971 19972 29
45470 45471 29
49133 49134 29
6819 6820 29
45476 45477 29
9216 9217 29
18580 20374 29
27126 27127 29
42273 42274 29
11205 11206 29
6305 6306 29
27136 27137 29
22102 22103 29
29308 29309 29
8563 16926 29
30320 30321 29
49181 49182 29
35118 35119 29
1982 1983 29
23590 23591 29
35128 35129 29
10789 29242 29
6822 48672 29
7122 7123 29
776 777 29
42331 42332 29
27166 46430 29
39313 39314 29
43925 43926 29
35160 35161 29
4345 4346 29
28287 28288 29
32671 32672 29
1772 1773 29
17472 37386 29
47389 47390 29
42365 42366 29
16894 16895 29
28295 28296 29
8573 48150 29
43978 43979 29
29368 29369 29
11697 11698 29
5456 5457 29
42393 42394 29
33888 39590 29
14340 14341 29
45616 45617 29
6839 6840 29
13403 13404 29
45626 45627 29
18647 18648 29
2685 2686 29
30381 30382 29
6067 6068 29
22162 22163 29
45642 45865 29
19321 19322 29
23654 23655 29
37983 37984 29
40857 40858 29
25302 25303 29
12600 12601 29
18043 18044 29
42450 42451 29
49363 49364 29
19332 19333 29
19334 19335 29
5654 5655 29
39401 39402 29
40890 40891 29
35236 35237 29
16405 16406 29
3597 22946 29
7160 7161 29
33943 33944 29
32756 32757 29
412 413 29
20778 20779 29
5056 5057 29
6597 6598 29
44099 44100 29
45717 45718 29
1703 1704 29
6087 6088 29
7172 7173 29
18688 33791 29
32804 32805 29
27294 27295 29
44122 44123 29
44129 44130 29
35282 35283 29
45757 45758 29
42530 42531 29
30456 30457 29
24526 24527 29
38065 38066 29
45771 45772 29
27298 27299 29
8951 8952 29
3606 3607 29
30486 30487 29
12170 12171 29
36658 36659 29
49486 49487 29
6612 6613 29
471 472 29
7434 16936 29
4214 4215 29
16992 16993 29
18710 18711 29
18123 18124 29
24554 24555 29
27345 27346 29
20133 20134 29
7185 7186 29
32873 32874 29
5479 5480 29
39549 39550 29
6373 6374 29
30526 30527 29
929 930 29
9714 9715 29
45848 45849 29
49567 49568 29
42611 42612 29
36711 36712 29
39565 39566 29
47690 47691 29
39574 39575 29
28457 28458 29
30533 30534 29
28458 28459 29
35366 35367 29
30536 30537 29
26297 26298 29
23745 26569 29
11303 11304 29
34099 34100 29
1180 29055 29
42660 42661 29
20874 20875 29
14885 14886 29
6629 24126 29
32921 32922 29
31692 31693 29
47774 47775 29
25453 25454 29
21578 21579 29
34123 34196 29
9726 9727 29
10097 10098 29
15977 15978 29
4711 4712 29
49667 49668 29
13938 13939 29
34149 34150 29
24597 24598 29
10489 10490 29
23789 25996 29
17050 17051 29
18168 18169 29
49691 49692 29
23798 23799 29
47829 47830 29
39683 39684 29
6906 6907 29
28522 28523 29
34179 34180 29
41142 41143 29
49729 49730 29
8654 8655 29
860 861 29
39695 39696 29
20905 20906 29
4548 4549 29
17061 17062 29
13956 13957 29
33007 33008 29
11332 11333 29
42803 42804 29
24653 24654 29
26391 26392 29
44432 44433 29
12703 47127 29
41193 41194 29
34222 34223 29
16516 20149 29
44446 44447 29
49785 49786 29
46068 46069 29
20920 20921 29
6409 45862 29
13504 13505 29
10109 10110 29
24667 24668 29
14931 14932 29
7753 13335 29
5294 5295 29
8351 8352 29
38320 38321 29
20941 20942 29
39780 39781 29
29640 29641 29
39783 39784 29
46131 46132 29
26442 26443 29
31838 31839 29
27509 27510 29
29650 29651 29
34270 34271 29
9754 13091 29
38352 38353 29
46165 46166 29
31852 31853 29
46167 46168 29
2407 2408 29
10128 10129 29
31857 31858 29
566 30954 29
26464 26465 29
37025 37026 29
2337 2338 29
49896 49897 29
35602 35603 29
1659 16161 29
11836 11837 29
29684 29685 29
7770 7771 29
4224 47350 29
3639 3640 29
48083 48084 29
10156 10157 29
41324 41325 29
34323 34324 29
16066 16067 29
49949 49950 29
38401 38402 29
22389 22390 29
864 865 29
22393 22394 29
17131 25851 29
23132 38655 29
20997 20998 29
30767 30768 29
31940 31941 29
39923 39924 29
1611 1612 29
24759 24760 29
16069 16070 29
44625 44626 29
11868 11869 29
23933 23934 29
2170 2171 29
25658 25960 29
46313 46314 29
48169 48170 30
9400 9401 30
41550 41551 30
36095 36096 30
17720 17721 30
46403 46404 30
18954 25023 30
17171 17172 30
11228 11229 30
46418 46419 30
30406 30407 30
16621 16622 30
43195 43196 30
16622 16623 30
38729 38730 30
335 336 30
46442 46443 30
27437 27438 30
48256 48257 30
25623 25624 30
28469 28470 30
24789 24790 30
34936 34937 30
6574 33814 30
4459 4460 30
37470 37471 30
46480 46481 30
40182 40183 30
40184 40185 30
5499 5500 30
41631 41632 30
6836 6837 30
13656 13657 30
40194 40195 30
34954 34955 30
33762 33763 30
37500 37501 30
38783 38784 30
40205 40206 30
25647 25648 30
38790 38791 30
5703 5704 30
40234 40235 30
12520 12521 30
4462 4463 30
30453 30454 30
6840 6841 30
41701 41702 30
3751 3752 30
13668 13669 30
46562 46563 30
32681 32682 30
38829 38830 30
43293 43294 30
16120 16121 30
10136 30206 30
846 847 30
1069 1070 30
1962 1963 30
5717 5718 30
41729 41730 30
43320 43321 30
15619 15620 30
15630 45209 30
21168 21169 30
21871 21872 30
38864 38865 30
44882 44883 30
18390 18391 30
37558 37559 30
24845 24846 30
1735 1736 30
27530 27531 30
46634 46635 30
4067 4068 30
25696 46641 30
38885 38886 30
35036 35037 30
43384 43385 30
586 587 30
26552 35093 30
30527 30528 30
6107 6108 30
2457 2458 30
33857 33858 30
23351 23352 30
48481 48482 30
18404 18405 30
5337 14419 30
11296 11380 30
32755 32756 30
22647 49687 30
5529 5530 30
28600 28601 30
33878 33879 30
32767 32768 30
5736 5737 30
21206 21207 30
35089 35090 30
15654 24363 30
46723 46724 30
4481 5386 30
41859 41860 30
6890 6891 30
41875 41876 30
20471 20472 30
13310 13311 30
43455 43456 30
17289 17290 30
35107 35108 30
29618 29619 30
12586 18246 30
4482 4483 30
24110 24111 30
15103 15104 30
38991 38992 30
15108 15109 30
15109 15110 30
25772 25773 30
19793 19794 30
24135 24136 30
4967 4968 30
33933 33934 30
1857 1858 30
9479 9480 30
989 7967 30
5360 5361 30
45028 49157 30
18453 18454 30
36381 36382 30
11320 11321 30
2260 2261 30
24957 24958 30
12181 12182 30
7189 7190 30
36411 36412 30
718 719 30
40451 40452 30
26673 26674 30
16749 16750 30
5941 14102 30
20532 42465 30
9864 9865 30
9166 9167 30
25819 25820 30
2652 2653 30
2398 2399 30
32907 40477 30
11345 11346 30
17872 17873 30
28725 28726 30
24999 33029 30
1922 1923 30
28733 28734 30
36469 36470 30
20555 27379 30
39121 39122 30
9518 9519 30
28743 28744 30
43629 43630 30
45133 45134 30
39147 39148 30
17881 17882 30
40541 40542 30
40543 40544 30
25842 25843 30
40552 40553 30
200 201 30
7212 7213 30
28752 28753 30
39167 39168 30
19862 19863 30
35250 35251 30
10223 10224 30
16790 16791 30
26730 35556 30
36508 36509 30
32979 32980 30
27781 27782 30
30739 30740 30
1869 1870 30
18516 34747 30
4842 30913 30
30757 30758 30
34093 35746 30
11373 11374 30
31856 31857 30
45229 45230 30
8875 14448 30
37901 37902 30
22773 22774 30
23519 23520 30
15190 15191 30
22780 47219 30
42136 42137 30
7458 7459 30
15192 15193 30
14707 21534 30
45273 45274 30
21331 21332 30
19181 19182 30
14255 14256 30
12664 12665 30
37931 37932 30
15766 15767 30
35321 35322 30
30802 30803 30
28834 28835 30
48875 48876 30
2867 2868 30
15207 15208 30
39280 39281 30
47118 47119 30
26791 26792 30
19928 19929 30
43787 43788 30
9536 9537 30
15771 49268 30
37959 37960 30
7220 7221 30
6453 6454 30
23552 23553 30
8883 8884 30
13817 13818 30
40714 40715 30
29835 29836 30
39308 39309 30
47163 47164 30
39311 39312 30
48937 48938 30
880 881 30
30837 30838 30
13060 13061 30
37988 37989 30
40747 40748 30
926 927 30
25095 33601 30
4373 4374 30
8601 42608 30
24346 24347 30
6962 8012 30
4118 4119 30
14757 14758 30
38017 38018 30
25112 34146 30
43858 43859 30
30884 30885 30
47207 47208 30
17966 17967 30
4377 4378 30
13071 44187 30
8608 8609 30
40783 40784 30
7488 7489 30
45455 45456 30
2675 2676 30
7499 7500 30
39375 39376 30
15271 29087 30
14327 14328 30
302 303 30
34257 34258 30
38051 38052 30
17449 17450 30
40814 40815 30
49090 49091 30
27964 27965 30
19274 19275 30
34273 34274 30
49106 49107 30
17454 17455 30
28934 28935 30
49117 49118 30
3985 34134 30
24387 24388 30
16362 16363 30
26008 26009 30
36759 36760 30
26929 26930 30
2786 2787 30
43930 43931 30
24390 24391 30
9237 19031 30
5420 5421 30
13460 20725 30
14795 14796 30
4540 4541 30
43953 43954 30
47335 47336 30
1059 1060 30
43964 43965 30
35505 35506 30
32127 32128 30
26969 26970 30
6986 6987 30
34338 34339 30
649 650 30
25174 25175 30
267 268 30
13877 13878 30
23644 32483 30
10327 10328 30
38169 38170 30
42466 42467 30
36844 36845 30
22193 22194 30
39503 39504 30
44016 44017 30
29020 29021 30
13102 13103 30
8646 8647 30
30987 30988 30
7807 7808 30
1378 1379 30
9628 9629 30
47423 47424 30
36888 36889 30
44036 44037 30
16401 16402 30
30010 30011 30
14825 14826 30
38194 38195 30
35586 35587 30
22210 22211 30
36915 36916 30
6218 28031 30
13900 13901 30
42536 42537 30
11064 11065 30
22222 22223 30
42539 42540 30
13909 13910 30
44096 44097 30
47457 47458 30
16961 16962 30
14855 14856 30
11485 11486 30
21515 21516 30
13495 13496 30
42561 42562 30
33281 33282 30
45710 45711 30
49374 49375 30
32219 32220 30
15914 15915 30
34435 34436 30
41001 41002 30
44133 44134 30
49389 49390 30
19384 19385 30
18108 18109 30
19388 19389 30
29101 29102 30
5065 5066 30
49407 49408 30
28119 28120 30
30082 30083 30
25268 25269 30
5996 5997 30
13502 13503 30
16986 16987 30
38286 38287 30
5066 5067 30
15385 42618 30
18738 18739 30
32264 32265 30
21563 21564 30
31082 31083 30
2886 17829 30
44204 44205 30
33360 33361 30
41067 41068 30
32269 32270 30
33363 33364 30
42651 42652 30
32272 32273 30
35729 35730 30
24527 24528 30
41099 41100 30
47627 47628 30
42669 42670 30
11073 11074 30
30104 30105 30
18750 18751 30
30108 30109 30
18132 18133 30
6000 10984 30
45843 45844 30
18760 18761 30
42700 42701 30
24543 24544 30
13949 13950 30
25322 25323 30
44266 44267 30
32294 32295 30
28178 28179 30
28179 28180 30
23750 23751 30
32303 32304 30
23015 23016 30
33432 33433 30
23017 23018 30
45880 45881 30
6002 6003 30
42745 42746 30
10709 10710 30
31164 31165 30
4562 15576 30
9289 9290 30
44307 44308 30
39779 39780 30
20197 20198 30
44314 44315 30
44320 44321 30
24565 24566 30
1579 34023 30
44330 44331 30
29195 29196 30
25373 25374 30
7027 39582 30
35841 35842 30
49623 49624 30
49625 49626 30
47789 47790 30
8105 8106 30
30176 30177 30
6511 6512 30
7033 7034 30
18786 18787 30
26235 26236 30
44378 44379 30
31206 31207 30
15958 40995 30
49663 49664 30
15424 15425 30
23047 23048 30
15426 15427 30
44394 44395 30
38450 38451 30
39831 39832 30
38456 38457 30
44414 44415 30
24587 24588 30
8393 8394 30
32379 32380 30
20224 20225 30
7296 7297 30
37192 37193 30
20230 20231 30
3246 41785 30
49727 49728 30
30211 30212 30
29258 29259 30
2298 2299 30
13551 13552 30
35906 35907 30
18805 18806 30
5822 5823 30
44466 44467 30
13994 13995 30
39916 39917 30
49758 49759 30
46098 46099 30
39921 39922 30
22362 22363 30
15987 15988 30
24616 24617 30
39925 39926 30
14917 14918 30
171 172 30
6020 6021 30
10400 10401 30
33575 33576 30
30252 30253 30
2601 2602 30
38543 38544 30
6273 6274 30
34691 34692 30
11183 11184 30
2697 41332 30
46159 46160 30
39966 39967 30
28320 28321 30
1249 1250 30
11191 11192 30
14022 14023 30
20996 20997 30
27299 27300 30
49838 49839 30
41390 41391 30
6042 14329 30
30300 30301 30
8702 8703 30
6284 20070 30
23895 45540 30
13209 13210 30
2004 2005 30
37329 37330 30
48057 48058 30
19581 19582 30
49879 49880 30
29369 29370 30
15503 39038 30
9056 9057 30
4440 4441 30
38617 40939 30
26345 26346 30
17681 17682 30
17123 17124 30
16046 16047 30
32537 32538 30
18897 18898 30
46264 46265 30
3485 38981 30
2436 2437 30
5852 5853 30
38647 38648 30
28388 28389 30
49933 49934 30
17687 17688 30
3368 3369 30
32558 32559 30
49950 49951 30
25542 25543 30
27374 27375 30
3264 3265 30
1481 1482 30
34828 34829 30
17151 17152 30
43132 43133 30
46324 46325 30
2080 2081 30
9761 9762 30
33693 33694 30
8461 8462 30
21769 21770 30
2315 2316 30
23964 23965 30
28431 28432 30
37416 37417 30
24762 24763 30
30393 30394 30
14330 14331 31
4039 43617 31
17395 17396 31
34457 34458 31
38495 38496 31
41382 41383 31
14336 14337 31
46335 46336 31
18523 18524 31
15851 15852 31
33282 33283 31
19886 19887 31
5464 5465 31
48195 48196 31
48200 48201 31
10544 10545 31
43081 43082 31
9844 9845 31
9506 9507 31
33297 33298 31
48220 48221 31
30971 30972 31
38522 38523 31
34498 34499 31
2549 2550 31
37215 37216 31
11807 11808 31
28949 28950 31
27983 27984 31
3883 3884 31
33321 33322 31
44714 44715 31
48281 48282 31
37232 37233 31
21343 21344 31
34516 34517 31
4870 4871 31
19193 19194 31
38562 38563 31
5061 5062 31
2763 2764 31
16890 16891 31
38577 38578 31
18561 18562 31
48307 48308 31
5893 5894 31
41498 41499 31
18564 44981 31
17428 17429 31
29000 29001 31
30000 30001 31
5696 5697 31
22103 41153 31
33377 33378 31
37301 37302 31
14366 35331 31
14853 14854 31
15369 15370 31
1817 7217 31
34579 34580 31
23612 41453 31
2463 2464 31
2771 9338 31
1206 1207 31
25191 25192 31
30033 30034 31
38639 38640 31
23626 23627 31
28039 28040 31
46564 46565 31
30047 30048 31
1737 1738 31
24430 24431 31
14390 14391 31
33429 33430 31
38659 38660 31
16923 16924 31
30061 30062 31
41584 41585 31
17986 17987 31
6102 6103 31
46606 46607 31
34617 34618 31
11394 11395 31
33462 44676 31
2468 2469 31
13098 13099 31
43263 43264 31
32293 32294 31
31086 31087 31
40160 40161 31
37372 37373 31
2473 47872 31
17481 17482 31
33475 33476 31
32297 37891 31
11855 11856 31
27053 32664 31
37389 37390 31
21423 21424 31
20704 20705 31
43306 43307 31
30097 30098 31
9545 9546 31
48512 48513 31
29094 29095 31
15403 15404 31
29102 29103 31
10590 10591 31
451 452 31
29106 29107 31
27071 27072 31
40210 40211 31
22179 48092 31
43353 43354 31
31153 31154 31
46701 46702 31
6400 18363 31
17502 17503 31
13932 13933 31
32346 43655 31
44936 44937 31
17506 17507 31
13499 22935 31
22198 22199 31
37440 37441 31
18041 18042 31
22929 22930 31
10247 10248 31
43396 43397 31
44948 44949 31
2885 2886 31
31184 31185 31
30144 30145 31
27101 27102 31
41756 41757 31
43417 43418 31
41759 41760 31
3027 3028 31
33562 33563 31
44982 44983 31
17521 27703 31
9559 9560 31
26153 26154 31
22947 22948 31
46802 46803 31
16985 16986 31
20773 20774 31
41793 41794 31
32404 35653 31
10608 10609 31
17534 17535 31
10610 10611 31
15431 15432 31
31229 31230 31
45015 45016 31
11886 43960 31
27140 27141 31
37521 37522 31
18086 18087 31
33608 33609 31
6894 6895 31
25339 25340 31
40318 40319 31
29187 29188 31
38879 38880 31
29189 29190 31
18091 18092 31
7436 7437 31
28212 28213 31
41872 44957 31
20092 20093 31
22236 22237 31
34829 34830 31
3259 3260 31
34836 34837 31
26207 26208 31
18094 18095 31
37562 37563 31
3750 3751 31
6634 6635 31
25372 25373 31
41914 41915 31
10629 10630 31
5726 5727 31
31315 31316 31
33654 33655 31
5728 5729 31
10634 29147 31
30240 30241 31
38929 38930 31
17026 17027 31
41950 41951 31
38941 38942 31
20123 20124 31
10286 10287 31
37609 37610 31
16497 16498 31
28269 28270 31
31336 31337 31
13145 13146 31
32532 32533 31
28275 28276 31
156 157 31
28278 33764 31
38980 38981 31
4542 5240 31
25419 25420 31
29284 29285 31
6641 49236 31
21572 21573 31
20861 20862 31
6924 6925 31
22280 22281 31
45212 45213 31
33719 33720 31
47058 47059 31
15492 15493 31
40454 40455 31
40458 40459 31
13159 13160 31
40468 40469 31
725 726 31
203 204 31
11480 11481 31
17594 17595 31
40485 40486 31
206 207 31
19430 19431 31
10666 10667 31
19435 19436 31
43693 43694 31
23056 23057 31
42047 42048 31
12371 12372 31
17603 17604 31
20897 20898 31
26304 26305 31
29354 29355 31
4400 4401 31
24638 24639 31
22319 41001 31
45298 45299 31
33771 33772 31
37772 37773 31
37777 37778 31
48966 48967 31
24645 24646 31
25481 25482 31
32623 32624 31
18779 18780 31
19465 19466 31
29381 29382 31
14024 14025 31
13577 13578 31
14034 14035 31
1625 1626 31
23092 23093 31
14040 14041 31
18787 18788 31
40582 40583 31
5124 5125 31
8062 8063 31
37817 39748 31
2064 2065 31
15548 28256 31
25512 25513 31
4742 4743 31
17094 17095 31
6449 6450 31
16571 16572 31
30401 39928 31
7777 7778 31
3376 3377 31
37848 37849 31
23914 23915 31
13601 20603 31
42190 42191 31
7240 7241 31
14074 14075 31
33852 33853 31
18217 42074 31
43830 43831 31
25555 25556 31
7242 7243 31
28440 28441 31
10692 47736 31
3387 3388 31
23146 23147 31
23147 23148 31
1920 1921 31
47266 47267 31
3961 3962 31
5763 5764 31
33881 33882 31
36457 36458 31
7248 7249 31
47285 47286 31
15591 48181 31
28466 28467 31
10353 10354 31
43874 43875 31
30461 30462 31
23167 45399 31
35166 35167 31
4245 4246 31
12418 12419 31
136 137 31
22439 22440 31
39282 39283 31
42278 42279 31
20287 20288 31
21001 42163 31
18246 18247 31
772 773 31
35192 35193 31
29506 29507 31
37926 37927 31
13240 13241 31
4430 4431 31
43918 43919 31
15059 15060 31
32791 32792 31
42327 42328 31
4943 4944 31
18269 18270 31
17701 17702 31
5774 5775 31
32811 32812 31
23216 23217 31
5978 5979 31
8407 8408 31
6990 29497 31
24813 24814 31
24815 24816 31
33969 33970 31
27512 27513 31
18905 18906 31
33977 33978 31
9689 9690 31
39357 39358 31
39360 39361 31
45624 45625 31
4256 4257 31
6480 6481 31
28551 28552 31
2494 2495 31
37996 37997 31
17722 17723 31
32865 32866 31
24020 24021 31
9042 9043 31
10392 10393 31
32871 32872 31
30566 30567 31
27561 27562 31
6727 6728 31
39394 39395 31
29571 29572 31
17216 17217 31
42449 42450 31
28581 28582 31
31704 31705 31
18331 18332 31
42456 42457 31
45691 45692 31
15107 15108 31
16675 16676 31
40866 40867 31
1007 1008 31
17223 17224 31
44053 44054 31
509 510 31
49431 49432 31
49443 49444 31
39427 39428 31
44063 44064 31
44066 44067 31
40889 40890 31
34060 34061 31
42477 42478 31
44080 44081 31
4271 4272 31
42482 42483 31
804 805 31
6737 6738 31
30617 30618 31
5590 5591 31
22559 22560 31
27601 27602 31
1293 1294 31
31760 31761 31
15121 15122 31
26617 26618 31
27623 38160 31
38105 38106 31
20365 20366 31
24884 24885 31
49495 49496 31
27626 33080 31
22570 47011 31
13290 13291 31
6497 6498 31
36717 36718 31
3825 3826 31
18367 18368 31
9384 9385 31
31804 31805 31
35371 46924 31
29663 29664 31
38146 43576 31
34125 34126 31
1781 1782 31
31809 31810 31
6503 6504 31
28667 28668 31
310 311 31
19695 19696 31
10435 10436 31
31829 31830 31
49579 49580 31
34161 34162 31
28680 28681 31
47701 47702 31
22620 22621 31
3568 3569 31
2102 2103 31
33014 33015 31
49599 49600 31
29696 29697 31
12537 12538 31
41007 41008 31
49611 49612 31
44228 44229 31
8746 8747 31
409 410 31
24132 24133 31
19716 19717 31
24137 24138 31
27706 27707 31
28706 28707 31
34212 43223 31
49634 49635 31
38209 38210 31
45918 45919 31
24139 24140 31
31872 31873 31
9765 9766 31
15734 15735 31
36867 36868 31
17292 45130 31
23393 23394 31
30741 30742 31
6769 6770 31
28722 28723 31
27725 27726 31
6246 6247 31
35493 35494 31
19732 19733 31
42702 42703 31
41082 41083 31
31916 31917 31
42713 42714 31
47843 47844 31
31918 31919 31
47848 47849 31
1247 1248 31
442 443 31
9090 9091 31
49728 49729 31
76 77 31
34254 34255 31
14228 14229 31
9094 9095 31
24989 24990 31
33108 33109 31
19754 19755 31
19756 19757 31
7610 7611 31
35535 35536 31
49753 49754 31
39706 39707 31
27760 27761 31
748 749 31
8768 8769 31
3579 3580 31
36981 36982 31
41159 41160 31
26728 26729 31
28773 28774 31
41171 46769 31
20472 20473 31
5423 5424 31
1148 1149 31
39738 39739 31
11725 11726 31
4824 4825 31
42829 42830 31
41186 41187 31
41190 41191 31
19069 19070 31
38344 38345 31
25023 25024 31
491 492 31
12990 12991 31
8505 8506 31
19081 19082 31
23464 23465 31
34341 34342 31
12153 12154 31
49843 49844 31
34344 34345 31
4030 4031 31
28828 28829 31
35640 35641 31
49852 49853 31
14261 14262 31
12611 12612 31
20510 20511 31
1458 1459 31
42894 42895 31
34368 34369 31
42908 42909 31
49880 49881 31
21265 21266 31
6807 6808 31
26784 26785 31
49889 49890 31
26790 26791 31
14276 14277 31
13008 13009 31
13813 13814 31
7354 12841 31
42941 42942 31
21282 21283 31
4324 4325 31
28859 28860 31
30905 30906 31
24284 24285 31
26840 26841 31
46224 46225 31
39851 39852 31
979 980 31
48108 48109 31
42954 42955 31
6817 6818 31
1667 1668 31
39870 39871 31
32103 32104 31
48132 48133 31
3868 3869 31
23525 23526 31
5455 5456 31
48138 48139 31
38449 38450 31
1263 1264 31
10179 10180 31
9836 9837 31
13041 13042 31
5258 5259 31
49986 49987 31
10918 10919 31
4494 31119 31
41352 41353 31
24336 24337 31
46315 46316 31
931 932 31
40778 40779 32
21648 21649 32
6395 6396 32
27449 27450 32
35752 35753 32
40788 40789 32
35760 35761 32
30347 30348 32
45032 45033 32
14540 14541 32
15498 15499 32
12885 12886 32
14999 15000 32
8899 31817 32
25622 25623 32
1844 1845 32
35788 35789 32
12517 12518 32
39510 39511 32
32510 32511 32
17103 42200 32
30386 30387 32
30386 31145 32
32517 32518 32
17644 17645 32
48375 48376 32
17646 17647 32
9845 47967 32
30396 47406 32
37086 37087 32
38300 38301 32
12090 12091 32
10188 10189 32
12902 12903 32
9848 9849 32
35831 35832 32
20238 20239 32
42293 42294 32
46746 46747 32
34636 42927 32
45120 45121 32
13687 13688 32
45123 45124 32
43760 43761 32
43762 43763 32
10521 10522 32
16570 16571 32
48443 48444 32
37119 37120 32
25660 25661 32
2018 2019 32
176 177 32
4188 4189 32
546 547 32
26547 26548 32
20969 20970 32
962 963 32
20260 20261 32
20262 20263 32
25678 25679 32
34679 34680 32
37160 37161 32
3002 3003 32
30444 30445 32
39650 39651 32
24838 24839 32
42373 42374 32
30449 30450 32
5395 5396 32
20986 20987 32
23229 23230 32
16600 35300 32
1851 9714 32
8943 8944 32
38395 38396 32
23239 23240 32
7107 7108 32
20282 20283 32
48544 48545 32
6624 11544 32
46877 46878 32
45253 45254 32
16077 16078 32
3117 3118 32
13323 13324 32
19589 19590 32
6844 6845 32
40982 40983 32
16099 16100 32
35938 35939 32
19599 19600 32
48592 48593 32
19601 19602 32
21766 21767 32
30514 30515 32
6846 6847 32
2459 2460 32
21770 21771 32
48613 48614 32
18308 18309 32
34775 34776 32
17193 17194 32
38460 43406 32
39733 39734 32
9908 9909 32
16634 16635 32
46952 46953 32
24921 24922 32
28638 35294 32
21054 21055 32
46962 46963 32
46972 46973 32
5215 5216 32
39767 39768 32
17200 17201 32
15596 15597 32
914 915 32
7873 7874 32
48677 48678 32
21096 21097 32
30547 30548 32
25783 25784 32
5963 5964 32
28667 30209 32
10928 10929 32
47024 47025 32
2343 2344 32
15612 15613 32
25792 25793 32
15096 15097 32
31631 31632 32
47045 47046 32
3474 3475 32
20334 20335 32
43951 43952 32
13760 13761 32
47061 47062 32
28694 28695 32
33781 33782 32
14199 14200 32
38536 38537 32
22618 22619 32
43980 43981 32
19664 19665 32
14201 14202 32
2155 2156 32
47082 47083 32
21836 47797 32
48772 48773 32
10243 32405 32
43992 43993 32
12178 12179 32
45458 45459 32
18981 18982 32
42578 42579 32
33805 33806 32
48789 48790 32
34897 34898 32
48793 48794 32
8141 8142 32
22649 22650 32
37378 37379 32
9595 9596 32
48800 48801 32
3130 3131 32
31 32 32
41172 41173 32
45482 45483 32
45483 45484 32
2708 2709 32
32788 32789 32
9277 9278 32
30645 30646 32
20380 20381 32
31712 31713 32
25842 33563 32
39917 39918 32
47170 47171 32
29704 29705 32
22662 22663 32
15660 37249 32
10949 27537 32
12201 12202 32
44057 44058 32
2813 16420 32
5789 43832 32
15145 15146 32
2620 2621 32
440 42094 32
16181 16182 32
39949 39950 32
38635 38636 32
45562 45563 32
24208 32897 32
7909 7910 32
33872 33873 32
42690 42691 32
27812 27813 32
10282 10283 32
42698 42699 32
45586 45587 32
45587 45588 32
9619 9620 32
4223 29271 32
11388 11389 32
9298 9299 32
26785 26786 32
9301 31249 32
47248 47249 32
16736 16737 32
27844 27845 32
12242 12243 32
10297 10298 32
28797 28798 32
27855 27856 32
48968 48969 32
14263 14264 32
16216 16217 32
24246 24247 32
26836 26837 32
33908 33909 32
31826 31827 32
10988 45618 32
47279 47280 32
45640 45641 32
18429 18430 32
49015 49016 32
6465 6466 32
15718 15719 32
5446 5447 32
13421 13422 32
5634 5635 32
9957 9958 32
19073 19074 32
15193 18056 32
19078 19079 32
488 489 32
2353 2354 32
8719 8720 32
10314 10315 32
17344 17345 32
11435 11436 32
3518 3519 32
18464 18465 32
49078 49079 32
4523 4524 32
23536 23537 32
41366 41367 32
31891 31892 32
3640 3641 32
1657 1658 32
3645 3646 32
6685 6686 32
12287 12288 32
38779 48900 32
4105 4106 32
6935 6936 32
38785 38786 32
41407 41408 32
44262 44263 32
41408 41409 32
36293 36294 32
24355 24356 32
36296 36297 32
49151 49152 32
29869 29870 32
16264 16265 32
23550 23551 32
49159 49160 32
28903 28904 32
18491 18492 32
42910 47557 32
16819 16820 32
14768 14769 32
17895 17896 32
37625 37626 32
36330 36331 32
45800 45801 32
36339 36340 32
7680 7681 32
6691 6692 32
26956 26957 32
22798 22799 32
4535 4536 32
38850 38851 32
31973 31974 32
14783 14784 32
921 922 32
49226 49227 32
30881 34007 32
18517 18518 32
30886 30887 32
49236 49237 32
45829 45830 32
33049 33050 32
2940 25895 32
17921 17922 32
38880 38881 32
44365 44366 32
21307 21308 32
14789 14790 32
15783 15784 32
2118 2119 32
10352 10353 32
5841 5842 32
4406 4407 32
22833 22834 32
11475 11476 32
12332 12333 32
2632 2633 32
21328 40324 32
15279 23573 32
36426 36427 32
45876 45877 32
15287 15288 32
16325 16326 32
45887 45888 32
43051 43052 32
13908 13909 32
8765 8766 32
29964 29965 32
21340 21341 32
3393 3394 32
23629 23630 32
9389 9390 32
35261 35262 32
37793 37794 32
26095 26096 32
34152 34153 32
16337 16338 32
15299 15300 32
35267 35268 32
21349 21350 32
14365 39370 32
26106 48591 32
32091 32092 32
4556 4557 32
41628 41629 32
24458 24459 32
47652 47653 32
45954 45955 32
47662 47663 32
2231 2232 32
16350 16351 32
38987 38988 32
7231 7232 32
28115 28116 32
8246 8247 32
34200 34201 32
29057 29058 32
5105 5106 32
29062 29063 32
6732 33626 32
19943 19944 32
14839 14840 32
47700 47701 32
21374 21375 32
22137 22138 32
40336 40337 32
23664 23665 32
20657 20658 32
17461 26574 32
46030 46031 32
9403 9404 32
35332 35333 32
22908 22909 32
33183 33184 32
19959 19960 32
47759 47760 32
23685 23686 32
31009 37125 32
46069 46070 32
25305 25306 32
35354 35355 32
36585 36586 32
39058 39059 32
27114 27115 32
3663 3664 32
47784 47785 32
28172 28173 32
44602 44603 32
4259 4260 32
4736 4737 32
15857 15858 32
3547 3548 32
46123 46124 32
40403 40404 32
4423 4424 32
13149 13150 32
5118 5119 32
43229 43230 32
22177 22178 32
17478 17479 32
33231 33232 32
13153 13154 32
2638 2639 32
40434 40435 32
4747 4748 32
19270 19271 32
3554 3555 32
1830 1831 32
16933 16934 32
40444 40445 32
16936 16937 32
1235 1236 32
28219 28220 32
33259 33260 32
39169 39170 32
1237 1238 32
35436 35437 32
20036 20037 32
10755 10756 32
15888 15889 32
25389 25390 32
33 34 32
13188 13189 32
47911 47912 32
7010 7011 32
47922 47923 32
46216 46217 32
27219 31354 32
14441 14442 32
416 417 32
10429 10430 32
18080 18081 32
47940 47941 32
41889 41890 32
20750 20751 32
23757 23758 32
47951 47952 32
46253 46254 32
40505 40506 32
6764 6765 32
35467 35468 32
14894 14895 32
40516 40517 32
855 20691 32
26265 26266 32
37998 37999 32
36719 36720 32
28281 28282 32
11586 11587 32
43372 43373 32
35495 35496 32
39242 39243 32
5729 5730 32
34398 34399 32
23782 23783 32
12816 14733 32
445 43431 32
17554 17555 32
2567 2568 32
16444 16445 32
8321 8322 32
23799 23800 32
35515 35516 32
33354 33355 32
35521 35522 32
20091 20092 32
3089 3090 32
46355 46356 32
21513 21514 32
20796 20797 32
5151 5152 32
18713 18714 32
8326 8327 32
2494 49808 32
48095 48096 32
18724 18725 32
46399 46400 32
19383 19384 32
48101 48102 32
35557 35558 32
29294 29295 32
14037 14038 32
28343 28344 32
38097 38098 32
28345 28346 32
20824 20825 32
2197 2198 32
8876 8877 32
15438 15439 32
42016 42017 32
40634 40635 32
9817 9818 32
43473 43474 32
21553 21554 32
27346 48911 32
18737 18738 32
544 545 32
15445 15446 32
2584 2585 32
6568 6569 32
11635 11636 32
8609 8610 32
49867 49868 32
33459 33460 32
2374 2375 32
42063 42064 32
20154 20155 32
6572 6573 32
35659 35660 32
38154 38508 32
6118 6119 32
29367 29368 32
39382 39383 32
44926 44927 32
12045 12046 32
39385 39386 32
18774 18775 32
15980 42462 32
32394 32395 32
22328 22329 32
25541 25542 32
15471 15472 32
42110 42111 32
23103 23104 32
13248 13249 32
35688 35689 32
22342 31376 32
27397 27398 32
3097 33984 32
19461 19462 32
43578 44368 32
11664 11665 32
25564 25565 32
34544 34545 32
38196 38197 32
28434 28435 32
42140 42141 32
48276 48277 32
42142 42143 32
2508 2509 32
44991 44992 32
43611 43612 32
48285 48286 32
38208 38209 32
10493 10494 32
4604 6519 32
6125 6126 32
6585 6586 32
29410 29411 32
20202 20203 32
13784 13785 33
11934 24489 33
16565 16566 33
34183 34184 33
30125 30126 33
18112 18113 33
9975 9976 33
22017 22018 33
21332 21333 33
10269 10270 33
10547 10548 33
36415 36416 33
46867 46868 33
46868 46869 33
5422 5423 33
34211 34212 33
9722 9723 33
24889 24890 33
17591 17592 33
17079 17080 33
38788 38789 33
30153 30154 33
25684 25685 33
15598 15599 33
42615 42616 33
24907 24908 33
23440 23441 33
37689 37690 33
24911 24912 33
22750 22751 33
42626 42627 33
43994 43995 33
32224 32225 33
22042 22043 33
48508 48509 33
10869 13015 33
11957 11958 33
46934 46935 33
16101 16102 33
11567 11568 33
31111 31112 33
24930 24931 33
34252 34253 33
13420 13421 33
9433 9434 33
17105 17106 33
14236 14237 33
27463 27464 33
15630 19277 33
5082 13608 33
46975 46976 33
40132 40133 33
7965 7966 33
17114 17115 33
29325 29326 33
14240 14241 33
42701 42702 33
44043 44044 33
20065 20066 33
4383 4384 33
14244 14245 33
42712 42713 33
28432 28433 33
6285 24976 33
37796 37797 33
14247 35236 33
29349 35237 33
6865 6866 33
26588 26589 33
41383 41384 33
25766 25767 33
36541 36542 33
19389 19390 33
6867 24841 33
45513 45514 33
16134 16135 33
22795 22796 33
9744 9745 33
4613 4614 33
22805 22806 33
13441 13442 33
15158 15159 33
3175 3176 33
45536 45537 33
42769 42770 33
25785 25786 33
17652 17653 33
10302 10303 33
36591 36592 33
6885 6886 33
36594 36595 33
48678 48679 33
31238 31239 33
20112 20113 33
18213 18214 33
16645 16646 33
3349 3350 33
42828 42829 33
5770 5771 33
44168 44169 33
2925 2926 33
26644 28931 33
18797 18798 33
24252 24253 33
22834 29295 33
48713 48714 33
45597 45598 33
37876 37877 33
1958 1959 33
44196 44197 33
7998 7999 33
22839 24037 33
16661 16662 33
11647 11648 33
47172 47173 33
22154 22155 33
22156 22157 33
35491 35492 33
41508 41509 33
41511 41512 33
28531 28532 33
45633 45634 33
33414 33415 33
42889 42890 33
32366 32367 33
14739 14740 33
37904 37905 33
371 372 33
42906 42907 33
24302 24303 33
28543 28544 33
41527 41528 33
14288 14289 33
41532 41533 33
18236 18237 33
23566 23567 33
6315 6316 33
4918 4919 33
17201 17202 33
33443 33444 33
2385 2386 33
4643 4644 33
25861 25862 33
30365 30366 33
36705 36706 33
4644 4645 33
45702 45703 33
41568 41569 33
31344 31345 33
11664 46843 33
35537 35538 33
41579 41580 33
4284 4285 33
34474 34475 33
48849 48850 33
27663 27664 33
2622 2623 33
25 26 33
12402 48419 33
19511 32777 33
16697 16698 33
41601 41602 33
24354 24355 33
12403 12404 33
9230 9231 33
39141 39142 33
22896 22897 33
29512 29513 33
45764 45765 33
43041 43042 33
9795 9796 33
45770 45771 33
11300 11301 33
18870 31443 33
10936 10937 33
17232 17233 33
39165 39166 33
41659 41660 33
43057 43058 33
45803 45804 33
22905 22906 33
16707 35627 33
30413 30414 33
12041 12042 33
18888 18889 33
48942 48943 33
9511 9512 33
12804 12805 33
38013 38014 33
48957 48958 33
44407 44408 33
15250 15251 33
6533 6534 33
39197 39198 33
48978 48979 33
16230 16231 33
35653 35654 33
28655 28656 33
31443 31444 33
36834 36835 33
45835 45836 33
26772 26773 33
40436 40437 33
5624 30339 33
38033 38034 33
1790 1791 33
1654 1655 33
49022 49023 33
47426 47427 33
13521 13522 33
29554 29555 33
19576 19577 33
13922 13923 33
47433 47434 33
49044 49045 33
10088 10089 33
25946 25947 33
22946 22947 33
35689 35690 33
8264 8265 33
12819 12820 33
12061 12062 33
41758 41759 33
5958 17999 33
39250 39251 33
2943 2944 33
47456 47457 33
13538 13539 33
35706 35707 33
17296 17297 33
49098 49099 33
4418 4419 33
619 620 33
12456 12457 33
36926 36927 33
49112 49113 33
23683 30137 33
33607 34858 33
49121 49122 33
34608 34609 33
1357 1358 33
44551 44552 33
40513 40514 33
4667 4668 33
12469 12470 33
27816 27817 33
10965 10966 33
47517 47518 33
7377 41614 33
8530 8531 33
1756 1757 33
36972 40521 33
20288 20289 33
49173 49174 33
3387 44405 33
49176 49177 33
2789 2790 33
8301 8302 33
2232 2233 33
1893 1894 33
32614 32615 33
27853 27854 33
13988 13989 33
18994 27920 33
15332 15333 33
19658 19659 33
43251 43252 33
29668 29669 33
20990 20991 33
23019 25821 33
38180 38181 33
33664 33665 33
14405 45854 33
28761 28762 33
17848 17849 33
38187 38188 33
44652 44653 33
16814 16815 33
40592 40593 33
30566 47176 33
33678 33679 33
19005 19006 33
16815 16816 33
4834 4835 33
2571 24652 33
39379 39380 33
49261 49262 33
41949 41950 33
4836 4837 33
41952 41953 33
23032 23033 33
15351 15352 33
4838 4839 33
19015 19016 33
12130 12131 33
23756 23757 33
23044 23045 33
26959 26960 33
27931 27932 33
1801 1802 33
43347 43348 33
46134 46135 33
7201 7202 33
3395 29013 33
28812 28813 33
31642 46883 33
13237 13238 33
43369 43370 33
33726 33727 33
28825 28826 33
19030 19031 33
34773 34774 33
23780 23781 33
7205 7206 33
29744 29745 33
43389 43390 33
44764 44765 33
3303 3304 33
30648 30649 33
29757 29758 33
22376 22377 33
26104 26769 33
6981 6982 33
5509 5510 33
47783 47784 33
40711 40712 33
4847 4848 33
9870 9871 33
43421 43422 33
42023 42024 33
3304 3305 33
14462 14463 33
11421 11422 33
4327 4328 33
38308 38309 33
29774 29775 33
3849 3850 33
30683 30684 33
15401 45709 33
46251 46252 33
31726 31727 33
37177 37178 33
2182 2183 33
27021 27022 33
30692 30693 33
35977 35978 33
25347 25348 33
40765 40766 33
27994 27995 33
38348 38349 33
10725 10726 33
32800 32801 33
44852 44853 33
4220 4221 33
15406 15407 33
28878 28879 33
2717 26879 33
13639 13640 33
12936 12937 33
25368 25369 33
47905 47906 33
32820 32821 33
10731 10732 33
23838 23839 33
32831 32832 33
22430 22431 33
47918 47919 33
12941 12942 33
14065 14066 33
15421 15422 33
47929 47930 33
27072 27073 33
49537 49538 33
5366 5367 33
10182 10183 33
21125 21126 33
6622 6623 33
39616 41467 33
23138 23139 33
3727 3728 33
46385 46386 33
19770 19771 33
21130 21131 33
42161 42162 33
26195 32280 33
42165 42166 33
20426 20427 33
27095 27096 33
30775 30776 33
40856 40857 33
15429 15430 33
38428 38429 33
20442 20443 33
439 440 33
39656 39657 33
17935 17936 33
39660 39661 33
15922 15923 33
33884 38609 33
19112 19113 33
18509 18510 33
34995 34996 33
30795 30796 33
8360 8361 33
14509 14510 33
27116 27117 33
19794 19795 33
10467 10468 33
7667 7668 33
48064 48065 33
26237 26238 33
8606 8607 33
24671 24672 33
44984 44985 33
30825 30826 33
9634 9635 33
15450 15451 33
8362 8363 33
17960 17961 33
46535 46536 33
36126 36127 33
49689 49690 33
628 18040 33
11845 11846 33
29019 29020 33
27162 27163 33
17463 17464 33
2413 2414 33
3246 3247 33
6229 6230 33
669 670 33
23954 23955 33
48120 49172 33
42312 42313 33
13697 13698 33
48126 48127 33
13322 13323 33
15476 15477 33
37398 37399 33
48136 48137 33
27198 27199 33
29957 29958 33
12980 48644 33
10798 36805 33
5386 5387 33
40984 40985 33
14114 14115 33
14552 14553 33
46608 46609 33
1207 6758 33
29976 29977 33
9121 9122 33
35097 35098 33
46621 46622 33
48160 48161 33
29981 29982 33
42363 42364 33
6826 6827 33
28198 28199 33
36204 36205 33
5895 5896 33
1566 1567 33
362 363 33
13005 13006 33
46637 46638 33
1601 1602 33
41012 45755 33
49819 49820 33
46646 46647 33
10814 10815 33
48196 48197 33
18013 34452 33
11510 11511 33
48210 48211 33
42401 42402 33
19894 19895 33
11167 11168 33
17520 17521 33
2672 2673 33
18032 18033 33
1817 1818 33
33070 33071 33
6267 6268 33
48254 48255 33
9138 9139 33
21277 21278 33
27274 27275 33
14164 14165 33
30037 30038 33
46696 46697 33
645 646 33
12282 12283 33
35184 35185 33
38646 38647 33
39887 39888 33
15550 15551 33
28265 28266 33
20572 20573 33
24045 24046 33
13754 13755 33
37526 37527 33
8887 8888 33
4893 37811 33
18076 18077 33
17040 42391 33
11912 11913 33
29159 45911 33
46748 46749 33
22687 22688 33
518 519 33
10249 39442 33
14188 14189 33
42500 42501 33
25627 25628 33
29171 29172 33
3437 3438 33
36335 36336 33
16058 16059 33
2111 2112 33
38703 38704 33
10854 32404 33
36346 36347 33
36348 37686 33
7284 7285 33
23378 47862 33
31014 31015 33
16558 16559 33
22706 41829 33
4160 12186 33
18103 18104 33
32167 32168 33
46838 46839 33
22470 22471 34
5665 5666 34
27225 32425 34
18508 18509 34
34094 34095 34
27 28 34
29123 29124 34
44009 44010 34
3017 3018 34
5977 5978 34
20387 20388 34
28238 28239 34
37590 37591 34
42655 42656 34
8649 8650 34
14900 14901 34
29146 29147 34
13206 13207 34
5512 5513 34
34124 34125 34
40037 40038 34
4633 4634 34
19774 19775 34
8397 8398 34
16921 16922 34
34140 34141 34
23946 23947 34
14910 14911 34
45486 45487 34
14025 14026 34
10824 10825 34
3799 3800 34
6419 6420 34
47020 47021 34
30100 30101 34
24737 24738 34
45508 45509 34
25538 25539 34
37646 37647 34
15419 33248 34
19140 19141 34
4286 4287 34
34175 34176 34
25544 25545 34
8405 8406 34
47059 47060 34
37678 37679 34
19799 19800 34
10176 10177 34
18558 18559 34
32162 32163 34
40115 42214 34
23972 23973 34
5681 5682 34
44124 44125 34
8945 8946 34
835 836 34
14936 48496 34
2759 2760 34
7684 7685 34
16963 16964 34
14059 14060 34
1253 1254 34
42790 42791 34
19177 19178 34
37751 37752 34
37753 37754 34
38869 38870 34
48663 48664 34
13619 13620 34
9538 9539 34
20478 20479 34
36491 36492 34
21880 21881 34
4295 4296 34
195 196 34
18581 18582 34
21893 21894 34
44197 44198 34
20489 41210 34
44199 44200 34
32214 32215 34
22623 22624 34
3814 3815 34
38899 38900 34
21896 21897 34
36514 36515 34
37797 37798 34
26450 26451 34
48705 48706 34
31095 31096 34
24034 24035 34
41500 41501 34
21897 21898 34
19847 19848 34
32232 32233 34
20494 34701 34
10196 10197 34
48734 48735 34
40224 40225 34
32239 32240 34
8963 8964 34
13648 13649 34
41517 41518 34
15971 15972 34
32252 32253 34
24843 24844 34
6619 6620 34
26483 26484 34
19211 19212 34
28400 28401 34
2619 2620 34
35418 35419 34
27429 27430 34
28406 28407 34
31155 31156 34
35425 35426 34
34317 34318 34
20512 20513 34
5706 5707 34
14528 14529 34
10210 36652 34
34329 34330 34
2692 2693 34
1483 1484 34
17016 17017 34
18065 18066 34
45748 45749 34
7700 7701 34
8445 25940 34
14536 14537 34
1340 1341 34
12086 12087 34
44332 44333 34
8454 8455 34
9574 9575 34
39018 39019 34
43020 43021 34
7963 7964 34
48839 48840 34
45779 45780 34
30270 30271 34
47298 47299 34
48847 48848 34
5854 5855 34
24894 24895 34
48854 48855 34
40324 40325 34
19925 19926 34
47320 47321 34
6629 6630 34
35486 35487 34
2775 2776 34
751 752 34
36667 36668 34
21964 21965 34
47348 47349 34
15521 15522 34
11301 11302 34
9278 9279 34
36680 36681 34
26585 26586 34
19261 19262 34
12529 12530 34
37930 37931 34
19947 19948 34
5866 5867 34
33394 33395 34
5868 5869 34
9924 38691 34
1734 1735 34
23441 23442 34
2860 2861 34
39110 39111 34
44452 44453 34
26606 26607 34
34425 49674 34
19963 19964 34
25763 25764 34
5720 23540 34
43119 49218 34
4810 4811 34
28516 28517 34
19992 19993 34
12547 12548 34
9029 9030 34
36748 36749 34
6640 6641 34
19312 19313 34
14153 14154 34
15061 15062 34
43152 43153 34
15567 33768 34
11328 11329 34
30357 30358 34
32389 32390 34
15066 15067 34
18147 18148 34
21334 35142 34
16579 22699 34
23488 23489 34
9612 41022 34
3049 3050 34
25796 25797 34
18156 18157 34
4687 4688 34
30389 35883 34
27630 27631 34
35630 35631 34
20668 20669 34
36831 36832 34
12142 12143 34
25805 25806 34
14170 34364 34
31372 31373 34
43222 43223 34
25004 38435 34
24226 24227 34
40499 40500 34
47529 47530 34
34526 34527 34
31377 34556 34
28598 28599 34
33516 33517 34
7760 7761 34
39252 39253 34
5560 5561 34
30409 30410 34
16100 16101 34
22069 22070 34
47567 47568 34
47568 47569 34
15086 15087 34
13334 13335 34
38095 38096 34
27672 27673 34
9317 9318 34
2214 2215 34
8743 49567 34
9331 9332 34
1055 11690 34
47599 47600 34
17134 17135 34
23535 23536 34
9338 9339 34
47614 47615 34
22097 22098 34
13763 13764 34
30440 30441 34
36941 36942 34
16633 16634 34
41933 41934 34
9339 15436 34
10294 10295 34
12175 12176 34
1000 1001 34
49194 49195 34
38150 38151 34
43307 43308 34
25059 25060 34
20085 20086 34
46128 46129 34
2391 2392 34
35748 35749 34
18214 18215 34
12182 12183 34
1187 1188 34
15636 15637 34
35769 41615 34
36995 36996 34
3725 3726 34
8023 8024 34
13785 13786 34
443 444 34
22852 22853 34
26762 26763 34
28693 28694 34
17190 17191 34
47706 47707 34
18232 18233 34
2509 46913 34
6059 6060 34
6665 30225 34
40638 40639 34
25096 25097 34
6874 6875 34
34643 34644 34
39384 39385 34
30520 30521 34
38202 43215 34
21441 21442 34
8535 8536 34
21451 21452 34
2573 2574 34
26800 26801 34
27804 27805 34
50 51 34
31548 31549 34
10324 10325 34
11820 11821 34
17714 17715 34
24362 24363 34
42044 42045 34
80 81 34
46252 46253 34
23595 23596 34
9692 9693 34
872 873 34
6079 6080 34
15672 15673 34
46266 46267 34
39437 39438 34
15177 16123 34
22900 22901 34
16695 16696 34
46280 46281 34
7578 7579 34
28755 28756 34
13046 13047 34
369 370 34
47856 47857 34
5602 5603 34
37105 37106 34
17229 17230 34
32669 39645 34
33707 33708 34
11436 11437 34
25969 25970 34
6699 6700 34
32674 49283 34
21501 31349 34
39486 39487 34
21504 21505 34
47897 47898 34
5928 5929 34
1906 41505 34
46342 46343 34
15699 15700 34
39505 39506 34
7156 7157 34
49469 49470 34
12680 12681 34
642 643 34
11863 11864 34
34785 34786 34
38325 38326 34
40794 40795 34
42146 42147 34
63 64 34
9402 9403 34
38331 38332 34
19539 19540 34
5160 5161 34
15216 15217 34
22243 22244 34
20218 20219 34
10053 10054 34
18914 18915 34
7841 7842 34
32735 32736 34
22954 22955 34
5611 5612 34
38360 38361 34
9116 9117 34
38363 38364 34
39592 39593 34
27946 27947 34
16743 16744 34
23704 23705 34
13460 13461 34
44956 44957 34
20231 20232 34
28847 28848 34
37228 37229 34
42231 42232 34
8580 8581 34
42234 42235 34
26973 26974 34
12706 36400 34
6096 6097 34
28857 28858 34
30690 47066 34
6097 6098 34
1855 1856 34
12719 12720 34
17303 17304 34
39649 39650 34
30700 30701 34
39651 39652 34
30702 30703 34
11473 11474 34
12725 12726 34
11893 11894 34
42279 42280 34
31748 31749 34
26083 26084 34
5461 5462 34
29809 29810 34
32819 32820 34
6729 6730 34
31766 31767 34
33847 33848 34
12307 12308 34
11478 11479 34
4366 4367 34
21616 21617 34
30737 30738 34
38457 38458 34
18983 18984 34
25289 25290 34
39698 39699 34
3357 35918 34
24525 47575 34
39704 39705 34
27043 27044 34
38477 38478 34
10390 10391 34
16803 16804 34
28022 28023 34
8350 27471 34
37346 37347 34
3902 3903 34
11494 11495 34
9770 18665 34
38500 38501 34
9771 9772 34
2068 13953 34
5171 5172 34
20968 20969 34
30777 30778 34
949 950 34
22333 22334 34
49743 49744 34
48166 48167 34
6742 6743 34
42403 42404 34
14367 14368 34
6744 6745 34
39773 39774 34
3760 3761 34
11526 11527 34
2252 2253 34
20988 20989 34
14832 14833 34
45146 45147 34
33915 33916 34
20995 20996 34
15316 15317 34
14834 14835 34
11140 11141 34
45177 45178 34
10418 10419 34
37402 37403 34
3679 3680 34
16841 16842 34
41064 41065 34
14845 14846 34
48240 48241 34
21696 21697 34
15336 15337 34
8611 8612 34
11152 11153 34
23096 23097 34
41091 41092 34
21023 21024 34
41096 41097 34
33953 33954 34
49839 49840 34
1413 1414 34
48278 48279 34
9463 9464 34
35075 35076 34
27129 27130 34
13972 13973 34
45237 45238 34
23835 23836 34
3187 3188 34
29956 29957 34
48292 48293 34
36229 36230 34
46782 46783 34
39860 39861 34
23839 23840 34
28158 28159 34
43892 43893 34
9173 9174 34
33989 33990 34
23111 23112 34
25429 25430 34
29040 29041 34
10438 40223 34
4389 7563 34
24628 24629 34
16864 16865 34
49902 49903 34
49903 49904 34
4509 4510 34
22420 22421 34
20349 20350 34
33020 33021 34
31987 31988 34
46843 46844 34
49925 49926 34
16372 16373 34
23125 23126 34
15371 15372 34
28184 28185 34
46857 46858 34
33035 33036 34
39934 39935 34
43936 43937 34
27188 27189 34
34053 34054 34
12377 12378 34
3010 3011 34
8131 8132 34
27196 27197 34
25463 26548 34
43957 43958 34
36294 36295 34
14423 14424 34
42591 42592 34
34073 34074 34
41225 41226 34
23888 23889 34
12799 12800 34
39970 39971 34
12381 12382 34
5203 5204 34
5050 5051 34
42024 42025 35
42027 42028 35
14296 14297 35
23592 23593 35
29875 29876 35
13484 13485 35
46651 46652 35
18178 18179 35
29880 29881 35
12772 12773 35
43525 43526 35
9449 9450 35
13123 17034 35
14312 33404 35
27988 27989 35
28899 28900 35
19368 19369 35
1349 1350 35
46683 46684 35
29911 29912 35
11657 11658 35
30880 30881 35
19378 19379 35
16167 16168 35
28004 28005 35
48351 48352 35
20058 20059 35
18196 18197 35
25194 25195 35
36730 36731 35
16172 16173 35
28932 28933 35
11287 11288 35
6615 6616 35
39337 39338 35
35462 35463 35
10031 10032 35
43595 43596 35
48387 48388 35
1164 1165 35
38076 38077 35
19400 19401 35
36773 36774 35
22176 22177 35
18781 18782 35
14771 14772 35
36790 36791 35
18783 24985 35
34285 34286 35
15715 15716 35
38109 38110 35
9749 9750 35
7335 7336 35
3638 3639 35
34296 34297 35
46783 46784 35
10040 10041 35
22199 22200 35
24462 24463 35
48447 48448 35
32112 32113 35
16689 16690 35
34318 34319 35
13915 13916 35
28993 37291 35
6252 6253 35
46820 46821 35
33219 33220 35
33220 33221 35
34332 34333 35
28059 28060 35
21478 40811 35
11302 11303 35
22939 22940 35
28076 28077 35
1431 1432 35
45172 45173 35
29013 29014 35
28080 28081 35
7345 27868 35
36882 36883 35
43722 43723 35
36885 36886 35
43732 43733 35
24485 24486 35
34361 34362 35
45203 45204 35
19452 19453 35
25273 25274 35
36908 36909 35
10049 10536 35
18803 36459 35
5666 5667 35
30981 30982 35
16224 16225 35
42253 42254 35
24496 24497 35
11310 11311 35
8947 27691 35
16709 16710 35
42272 42273 35
45244 45245 35
12413 12414 35
20813 20814 35
4176 4177 35
13164 13165 35
20149 20150 35
28150 28151 35
8463 8464 35
13182 13183 35
5113 5114 35
39491 39492 35
45274 45275 35
7575 7576 35
10066 10067 35
9214 9215 35
7179 7180 35
11719 11720 35
20857 20858 35
18848 47816 35
34429 34430 35
36992 36993 35
19504 19505 35
46966 46967 35
4255 4256 35
762 763 35
18861 18862 35
18285 18286 35
14393 14394 35
6977 6978 35
38267 38268 35
19522 19523 35
35686 35687 35
32250 32251 35
29109 29110 35
4082 4083 35
26211 26212 35
35695 35696 35
47016 47017 35
47017 47018 35
17258 17259 35
4968 4969 35
5404 13936 35
4637 4638 35
16271 41912 35
12099 17203 35
30109 30110 35
29128 29129 35
4862 4863 35
31088 31089 35
34494 34495 35
23781 23782 35
5812 5813 35
2922 16818 35
33401 33402 35
39634 39635 35
43892 46044 35
42421 42422 35
19544 19545 35
14859 14860 35
30129 30130 35
40964 40965 35
9807 9808 35
17792 17793 35
38341 38342 35
22312 22313 35
6286 6287 35
21611 21612 35
39654 39655 35
16289 16290 35
16291 16292 35
12492 12493 35
42460 42461 35
25444 25445 35
26270 26271 35
28245 28246 35
47136 47137 35
35786 35787 35
40998 40999 35
37104 37105 35
8722 8723 35
32306 32307 35
17800 17801 35
42479 42480 35
20241 22953 35
16795 40226 35
42484 42485 35
42489 42490 35
39687 39688 35
6639 26930 35
24619 24620 35
20936 43872 35
32324 32325 35
22344 22345 35
37132 37133 35
27263 27264 35
31173 31174 35
9815 9816 35
20248 20249 35
38398 38399 35
18949 18950 35
14431 14432 35
44000 44001 35
47196 47197 35
17816 17817 35
14870 14871 35
38411 38412 35
4538 4539 35
18370 18371 35
27278 27279 35
29218 29219 35
24649 24650 35
47210 47211 35
25483 25484 35
23098 23099 35
29231 29232 35
17822 17823 35
31213 31214 35
41098 41099 35
35859 35860 35
30214 30215 35
34611 34612 35
15360 34822 35
39771 39772 35
963 964 35
4455 4456 35
44044 44045 35
10115 10116 35
8288 33553 35
5819 5820 35
44055 44056 35
35875 35876 35
27317 27318 35
48944 48945 35
9259 9260 35
48948 48949 35
5964 5965 35
1934 1935 35
16334 16335 35
34637 35325 35
42598 42599 35
13250 13251 35
23889 23890 35
11784 11785 35
2061 2154 35
39815 39816 35
48989 48990 35
39816 39817 35
4652 4653 35
972 973 35
7850 49390 35
47297 47298 35
37280 37281 35
13627 13628 35
44113 44114 35
19659 19660 35
37286 37287 35
30273 30274 35
44123 44124 35
31306 31307 35
32460 32461 35
16356 16357 35
49034 49035 35
33591 33592 35
9030 9031 35
16843 16844 35
14480 14481 35
12901 12902 35
13261 13262 35
7229 7230 35
42688 42689 35
8073 8074 35
39869 39870 35
49073 49074 35
687 32744 35
5302 5303 35
17377 17378 35
19023 19024 35
47392 47393 35
14070 17982 35
34708 34709 35
34710 34711 35
14497 14498 35
588 589 35
20333 20334 35
37342 37343 35
3924 3925 35
22478 22479 35
42723 42724 35
21053 21054 35
37352 37353 35
41277 41278 35
12925 12926 35
7637 20485 35
41283 41284 35
2681 2682 35
9057 9058 35
5588 23853 35
28427 28428 35
39937 39938 35
21077 21078 35
45791 45792 35
13672 13673 35
32531 32532 35
151 152 35
31376 31377 35
13676 30288 35
24799 27298 35
23223 23224 35
7427 7428 35
41321 41322 35
42789 42790 35
39960 39961 35
21780 21950 35
47468 47469 35
137 138 35
32548 32549 35
23230 23231 35
26497 26498 35
28454 28455 35
26498 26499 35
44283 44284 35
33684 33685 35
11832 47905 35
5023 5024 35
29409 29410 35
33691 33692 35
44294 44295 35
20369 20370 35
32564 32565 35
33697 33698 35
12202 12203 35
11099 11100 35
21 22 35
49242 49243 35
27482 27483 35
42855 42856 35
11464 11465 35
23248 38373 35
26530 26531 35
6689 6690 35
32594 32595 35
28484 28485 35
44335 44336 35
49280 49281 35
30399 44817 35
33723 33724 35
17929 17930 35
2372 2373 35
10464 10465 35
16910 16911 35
32608 32609 35
41416 41417 35
12604 12605 35
44375 44376 35
10187 10188 35
8577 8578 35
25680 25681 35
45925 45926 35
7253 7254 35
40066 40067 35
49339 49340 35
49342 49343 35
49344 49345 35
11136 11137 35
20400 20401 35
49348 49349 35
23285 23286 35
8584 8585 35
4669 39032 35
17448 17449 35
22597 22598 35
47643 47644 35
38731 38732 35
24057 24058 35
24866 24867 35
12243 12244 35
47653 47654 35
9345 9346 35
13722 13723 35
38747 38748 35
20422 20423 35
25717 25718 35
21150 21151 35
16450 16451 35
44449 44450 35
28550 49105 35
45992 45993 35
31532 31533 35
23342 23343 35
20432 45869 35
30457 30458 35
36207 36208 35
47699 47700 35
8807 8808 35
30468 44292 35
15022 15023 35
40151 40152 35
26625 26626 35
8809 19711 35
12251 12252 35
24088 24089 35
37560 37561 35
25746 25747 35
41531 41532 35
49464 49465 35
38800 38801 35
41534 41535 35
38802 38803 35
21177 21178 35
20446 20447 35
8109 45151 35
16958 16959 35
30496 30497 35
4676 4677 35
32719 32720 35
3018 3019 35
8815 8816 35
43077 43078 35
21200 21201 35
5047 5048 35
4036 4037 35
46125 46126 35
5467 5468 35
29550 29551 35
28619 28620 35
9099 9100 35
49519 49520 35
24125 24126 35
27651 27652 35
21908 21909 35
38867 38868 35
24127 24128 35
27660 27661 35
13755 13756 35
7904 7905 35
1764 1765 35
44589 44590 35
6014 6015 35
26677 47552 35
32769 32770 35
46173 46174 35
3364 3365 35
13031 13032 35
885 5071 35
6405 6406 35
31652 31653 35
17507 17508 35
41637 41638 35
14193 14194 35
46196 46197 35
24966 24967 35
21223 21224 35
27706 36752 35
2951 2952 35
11199 11200 35
40273 40274 35
12289 12290 35
28673 28674 35
1882 1883 35
49618 49619 35
25808 32053 35
47908 47909 35
24974 24975 35
29643 29644 35
18027 18028 35
19851 19852 35
9674 35575 35
35122 35123 35
37730 37731 35
38932 38933 35
49647 49648 35
6411 10148 35
41710 41711 35
7105 7106 35
20507 20508 35
14650 14651 35
49659 49660 35
23449 23450 35
11208 11209 35
30623 30624 35
32855 32856 35
19865 19866 35
2635 2636 35
33956 33957 35
10532 10533 35
47966 47967 35
5761 49722 35
46308 46309 35
15104 15105 35
18613 18614 35
19887 19888 35
17043 17044 35
19222 19223 35
47995 47996 35
21982 21983 35
18624 18625 35
38996 38997 35
11937 11938 35
43253 43254 35
21995 21996 35
41772 41773 35
19897 19898 35
17046 17047 35
4497 4498 35
32895 32896 35
13795 13796 35
48030 48031 35
28741 28742 35
29720 29721 35
30673 30674 35
4920 4921 35
12320 12321 35
7503 7504 35
28746 45256 35
36472 36473 35
49771 49772 35
46382 46383 35
49774 49775 35
4136 4137 35
23516 23517 35
32923 32924 35
40409 40410 35
17565 17566 35
27829 27830 35
3372 3373 35
334 335 35
11225 11226 35
7707 7708 35
8404 8405 35
22032 22033 35
44828 44829 35
26825 26826 35
10877 10878 35
46441 46442 35
28776 28777 35
31832 38941 35
43346 43347 35
5077 5078 35
28777 28778 35
46463 46464 35
16579 16580 35
18673 18674 35
14250 14251 35
11978 11979 35
13443 13444 35
39108 39109 35
24304 46949 35
19954 19955 35
29777 34113 35
34098 34099 35
49858 49859 35
13444 13445 35
46500 46501 35
19956 19957 35
35296 35297 35
31863 31864 35
2138 2139 35
46518 46519 35
10271 10272 35
25941 25942 35
36571 36572 35
24325 24326 35
31876 31877 35
14260 31588 35
2098 2099 35
7956 7957 35
19295 19296 35
28830 28831 35
14711 14712 35
31899 31900 35
18697 18698 35
10889 41708 35
17103 17104 35
22076 22077 35
12355 12356 35
7308 7309 35
5644 5645 35
48204 48205 35
46575 46576 35
37940 37941 35
15178 18208 35
25137 25138 35
4058 4059 35
6941 6942 35
46594 46595 35
16140 16141 35
35357 35358 35
924 925 35
48241 48242 35
43456 43457 35
22112 22113 35
31949 31950 35
15186 15187 35
2390 2391 35
1251 1252 35
22118 22119 35
26936 26937 35
40577 40578 35
6063 6064 35
34194 34195 35
10018 10019 35
20680 20681 35
43495 43496 35
31986 31987 35
30502 30503 36
12042 12043 36
4884 8923 36
36760 36761 36
14030 14031 36
1636 1637 36
36784 36785 36
45537 45538 36
45538 45539 36
7260 7261 36
48521 48522 36
3455 3456 36
27880 27881 36
39041 39042 36
1362 1363 36
30522 30523 36
47053 47054 36
44154 44155 36
3200 3201 36
1110 1111 36
21094 21095 36
8158 8159 36
19789 19790 36
27905 27906 36
17422 17423 36
2691 2692 36
25275 25276 36
18537 18538 36
2815 2816 36
32573 32574 36
39093 39094 36
32581 32582 36
37980 37981 36
48588 48589 36
3700 3701 36
12077 12078 36
7944 7945 36
21114 21115 36
10952 10953 36
11712 11713 36
20424 20425 36
17450 17451 36
36856 36857 36
18559 18560 36
1555 1556 36
19810 19811 36
22441 22442 36
40354 40355 36
23114 23115 36
26109 26110 36
13624 13625 36
11716 47045 36
68 69 36
28827 28828 36
39171 39172 36
16423 16424 36
4353 4354 36
10048 10049 36
22467 22468 36
32634 32635 36
12479 12480 36
5766 5767 36
45682 45683 36
26128 26129 36
13648 49953 36
21798 21799 36
14516 14517 36
20458 20459 36
15956 15957 36
38058 38059 36
33679 33680 36
1768 1769 36
11729 11730 36
33683 33684 36
5090 5091 36
12494 12495 36
32665 32666 36
48706 48707 36
4483 4484 36
28011 28012 36
10641 10642 36
8667 8668 36
45718 45719 36
10060 10061 36
31656 31657 36
40446 40447 36
32677 32678 36
17498 17499 36
48739 48740 36
36984 36985 36
30661 30662 36
22515 22516 36
18026 18027 36
23910 23911 36
44344 44345 36
45758 45759 36
21186 21187 36
8935 8936 36
2332 2333 36
2897 2898 36
3061 3062 36
11370 11371 36
26197 26198 36
30684 30685 36
38143 38144 36
8947 8948 36
15991 15992 36
25439 25440 36
34723 34724 36
43125 43126 36
9483 9484 36
18638 18639 36
15008 15009 36
9485 9486 36
24670 24671 36
15494 15495 36
27119 27120 36
11383 11384 36
12141 12142 36
5938 5939 36
43154 43155 36
4626 4627 36
14129 14130 36
6513 6514 36
34770 34771 36
47307 47308 36
22576 22577 36
24695 24696 36
30724 30725 36
28938 28939 36
5103 5104 36
22578 22579 36
9797 9798 36
12938 12939 36
22592 22593 36
17023 17024 36
12553 12554 36
48858 48859 36
16037 16038 36
22605 42105 36
40571 40572 36
27170 27171 36
41890 43345 36
30758 30759 36
45868 45869 36
3391 20110 36
2975 2976 36
43221 43222 36
13302 13303 36
29895 29896 36
35952 35953 36
21915 21916 36
48902 48903 36
7305 7306 36
3502 3503 36
5942 24871 36
2585 2586 36
41924 41925 36
24754 24755 36
43237 43238 36
15049 15050 36
7754 7755 36
19306 19307 36
12573 42296 36
27208 27209 36
37152 43373 36
16557 16558 36
16058 46218 36
30801 30802 36
3717 27698 36
24775 24776 36
44571 44572 36
29025 29026 36
34871 34872 36
36006 36007 36
48964 48965 36
41969 41970 36
30812 30813 36
24782 24783 36
7549 7550 36
10698 10699 36
8978 8979 36
20581 20582 36
29034 29035 36
186 187 36
19333 19334 36
10707 10708 36
38306 38307 36
40672 40673 36
43301 43594 36
49013 49014 36
29955 29956 36
49018 49019 36
16568 45144 36
28199 28200 36
6327 6328 36
13737 13738 36
3846 3847 36
6723 6724 36
2913 2914 36
8012 8013 36
11824 11825 36
49037 49038 36
29074 29075 36
37239 37240 36
37245 37246 36
37251 37252 36
17085 17086 36
42019 42020 36
17086 42519 36
21309 21310 36
25593 25594 36
3619 3620 36
46082 46083 36
31919 31920 36
47563 47564 36
46085 46086 36
12212 12213 36
1203 1204 36
46095 46096 36
44699 44700 36
34987 34988 36
39518 39519 36
43379 43380 36
21984 39793 36
43383 43384 36
25609 25610 36
25615 25616 36
9541 9542 36
37287 37288 36
47604 47605 36
49128 49129 36
49130 49131 36
38366 44353 36
16595 16596 36
9256 11563 36
7564 7565 36
44738 44739 36
11838 11839 36
31955 31956 36
49150 49151 36
27315 27316 36
44744 44745 36
9004 15497 36
28264 28265 36
13383 13384 36
16610 16611 36
4250 4251 36
38391 38392 36
6730 6731 36
31985 31986 36
6929 6930 36
47656 47657 36
30039 30040 36
18199 18200 36
35042 35043 36
11852 11853 36
44789 44790 36
15626 15627 36
303 304 36
37338 37339 36
7784 7785 36
27349 27350 36
15122 15123 36
7344 28268 36
37345 37346 36
28294 28295 36
3999 4000 36
22749 22750 36
12648 12649 36
16138 16139 36
4952 4953 36
9858 9859 36
22757 22758 36
9859 9860 36
7810 14053 36
12662 12663 36
20710 20711 36
42164 42165 36
14691 31900 36
38464 38465 36
11876 11877 36
24896 24897 36
24152 24153 36
49263 49264 36
14700 14701 36
49268 49269 36
44849 44850 36
1311 1312 36
46269 46270 36
13048 13049 36
27396 27397 36
20722 20723 36
34066 34067 36
1608 26680 36
6558 6559 36
7171 7172 36
25697 33437 36
34083 34084 36
36241 36242 36
18815 18816 36
47799 47800 36
40920 40921 36
25706 25707 36
44884 44885 36
24175 24176 36
38514 38515 36
6139 10912 36
13821 13822 36
21397 21398 36
4957 4958 36
49349 49350 36
16672 16673 36
46333 46334 36
46334 46335 36
36255 36256 36
40942 40943 36
9300 9301 36
30142 30143 36
16170 16171 36
22099 22100 36
8310 8311 36
38540 38541 36
11165 48600 36
34103 34104 36
40958 40959 36
23518 23519 36
37446 37447 36
11505 11506 36
4011 4012 36
14280 14281 36
46397 46398 36
43619 43620 36
20151 20152 36
43624 43625 36
465 466 36
42299 42300 36
17215 17216 36
38564 38565 36
49441 49442 36
24219 24220 36
18862 18863 36
27488 27489 36
27489 27490 36
35203 35204 36
18284 18285 36
44963 44964 36
38587 38588 36
38590 38591 36
35207 35208 36
39798 39799 36
49463 49464 36
38593 43401 36
1002 1003 36
1483 49819 36
37491 37492 36
29298 29299 36
43689 43690 36
46485 46486 36
35213 35214 36
9061 17898 36
15197 15198 36
12297 12298 36
41014 41015 36
3092 3093 36
13082 13083 36
37520 37521 36
30200 30201 36
31090 31091 36
21465 21466 36
26609 26610 36
2095 2096 36
31099 31100 36
3892 3893 36
19531 19532 36
18312 18313 36
43739 43740 36
467 468 36
31115 31116 36
2856 2857 36
49532 49533 36
13461 13462 36
12718 12719 36
43752 43753 36
24276 24277 36
29349 29350 36
27548 27549 36
36394 36395 36
4985 4986 36
42427 42428 36
4681 4682 36
45072 46683 36
26636 43940 36
7851 7852 36
39896 39897 36
48087 48088 36
9627 9628 36
4168 4169 36
34220 34221 36
14780 14781 36
33229 33230 36
2312 2313 36
20867 20868 36
31167 31168 36
8581 8582 36
10854 10855 36
18937 18938 36
34234 34235 36
9638 9639 36
20878 20879 36
24319 29114 36
17276 17277 36
28505 28506 36
26671 26672 36
48124 48125 36
27606 27607 36
3744 26279 36
30289 30290 36
14791 14792 36
16246 16247 36
45136 45137 36
12336 12337 36
13489 13490 36
4549 40150 36
12340 12341 36
9085 9086 36
39963 39964 36
39964 39965 36
19606 19607 36
42518 42519 36
45174 45175 36
24346 24421 36
37666 37667 36
9651 9652 36
45180 45181 36
14803 14804 36
445 446 36
5845 5846 36
17301 23696 36
46690 46691 36
16781 16782 36
10234 10235 36
16274 16275 36
34297 34298 36
22921 22922 36
26717 26718 36
40010 40011 36
48188 48189 36
5848 5849 36
33328 33329 36
37712 37713 36
3648 15112 36
14363 14364 36
3346 3347 36
8830 8831 36
34321 34322 36
22242 22243 36
45236 45237 36
1460 42409 36
37749 37750 36
22938 22939 36
25110 25111 36
41281 41282 36
29476 36049 36
10541 10542 36
4301 4302 36
16290 16291 36
2048 2049 36
4863 4864 36
22257 22258 36
32349 32350 36
25125 32296 36
8603 8604 36
34358 34359 36
37790 37791 36
40072 40073 36
21595 21596 36
43946 43947 36
46800 46801 36
37792 37793 36
3278 3279 36
21602 21603 36
16298 16299 36
13148 13149 36
13529 13530 36
4054 4055 36
33405 33406 36
25931 25932 36
16820 16821 36
11623 11624 36
22971 22972 36
788 789 36
11627 31795 36
2263 2264 36
10560 10561 36
14858 14859 36
17875 17876 36
48318 48319 36
16326 16327 36
7020 42788 36
31365 31366 36
17371 17372 36
38906 38907 36
42694 42695 36
3358 3359 36
24454 24455 36
37840 37841 36
21655 21656 36
11651 22995 36
2803 2804 36
37851 37852 36
27794 27795 36
3444 3445 36
27798 27799 36
12798 49880 36
28686 28687 36
25967 25968 36
46890 46891 36
41415 41416 36
705 706 36
44039 44040 36
10285 10286 36
14869 14870 36
30444 34044 36
41426 41427 36
13189 13190 36
11663 11664 36
6044 6045 36
25990 33537 36
37886 37887 36
44058 44059 36
12803 12804 36
38966 38967 36
14884 14885 36
25995 25996 36
31439 31440 36
8633 8634 36
15878 15879 36
13574 13575 36
10288 10289 36
18497 18498 36
45488 45489 36
20363 20364 36
49978 49979 36
41488 41489 36
26018 26019 36
4204 4205 36
7440 46849 36
6241 6242 36
17932 43026 36
10929 10930 36
37916 37917 36
28737 28738 36
28738 28739 36
812 813 37
26465 26466 37
23760 23761 37
25761 31221 37
9364 9365 37
28877 28878 37
20842 34266 37
31354 31355 37
39418 39419 37
29706 29707 37
15492 21731 37
48565 48566 37
48566 48567 37
45660 45661 37
19147 19148 37
5504 49173 37
48580 48581 37
5641 5642 37
8217 8218 37
1666 1667 37
7385 7386 37
4861 4862 37
14689 14690 37
17250 17251 37
34202 34203 37
16378 16379 37
25786 25787 37
39460 39461 37
45693 45694 37
22629 22630 37
7804 7805 37
10148 10149 37
26526 26527 37
39468 39469 37
33295 33296 37
44353 44354 37
30523 30524 37
23805 23806 37
12539 12540 37
10381 10382 37
30528 30529 37
18666 18667 37
20890 21804 37
6361 6362 37
39489 39490 37
5510 5511 37
32387 32388 37
40640 40641 37
7602 7603 37
44393 44394 37
21444 45092 37
9641 9642 37
33339 33340 37
11601 11602 37
37387 37388 37
4738 4739 37
19201 19202 37
16835 20838 37
39526 39527 37
12879 12880 37
36290 36291 37
2376 2732 37
5516 5517 37
39533 39534 37
34260 34261 37
18685 18686 37
22061 22062 37
32442 32443 37
33365 33366 37
30568 30569 37
15549 15550 37
10950 10951 37
28989 33356 37
17727 17728 37
20915 20916 37
40734 40735 37
35278 35279 37
34286 34287 37
4216 4217 37
7020 7021 37
39597 39598 37
20922 20923 37
114 115 37
13948 13949 37
22080 22081 37
6530 6531 37
12900 12901 37
19233 19234 37
30616 30617 37
27420 27421 37
44529 44530 37
4019 4020 37
12252 12253 37
25872 25873 37
25875 25876 37
11929 11930 37
32502 32503 37
29833 29834 37
23265 23266 37
47308 47309 37
815 816 37
36397 36398 37
13579 13580 37
2850 2851 37
37503 37504 37
13584 13585 37
35336 35337 37
181 182 37
20378 20379 37
29863 46549 37
17318 17319 37
3216 25957 37
2100 2101 37
25198 25199 37
43321 43322 37
43323 43324 37
12927 12928 37
7845 7846 37
48843 48844 37
43333 43334 37
23929 23930 37
2507 2508 37
42064 42065 37
42065 42066 37
42067 42068 37
29064 29065 37
15164 15165 37
42070 42071 37
2340 2341 37
44627 44628 37
34388 34389 37
9934 9935 37
35383 35384 37
11316 11317 37
31576 31577 37
44642 44643 37
124 125 37
43376 43377 37
35392 35393 37
10444 10445 37
38578 38579 37
16466 22356 37
28339 28340 37
20989 20990 37
24591 24592 37
36474 41496 37
33514 33515 37
33515 44651 37
36486 36487 37
18254 36452 37
29098 29099 37
23953 23954 37
44697 44698 37
16467 16468 37
722 723 37
29920 29921 37
33530 33531 37
27510 27511 37
17355 17356 37
11971 11972 37
44721 44722 37
2711 2712 37
38624 38625 37
36511 36512 37
10446 28026 37
47490 47491 37
25266 25267 37
18283 18284 37
47505 47506 37
22167 22168 37
1563 1564 37
20427 20428 37
36521 36522 37
14011 14012 37
2160 2161 37
29943 29944 37
47527 47528 37
39796 39797 37
23385 23386 37
29948 47204 37
19895 19896 37
47535 47536 37
12959 12960 37
2050 2051 37
37665 37666 37
49024 49025 37
40956 40957 37
30749 30750 37
37673 37674 37
14021 14022 37
11673 11674 37
36567 36568 37
17835 17836 37
25301 25302 37
12301 12302 37
21609 21610 37
42236 42237 37
11012 11013 37
6873 6874 37
13640 13641 37
21046 34680 37
9443 9444 37
38701 38702 37
26748 26749 37
46172 46173 37
23429 23430 37
37715 37716 37
43526 43527 37
31719 31720 37
49092 49093 37
26752 26753 37
14411 14412 37
42266 42267 37
4240 4241 37
1907 1908 37
26758 26759 37
4560 4561 37
34522 34523 37
24022 24023 37
2654 2655 37
401 402 37
24037 24038 37
26022 26023 37
30809 30810 37
26023 26024 37
39911 39912 37
5448 5449 37
47664 47665 37
7086 7087 37
11359 17135 37
7270 7271 37
49148 49149 37
13321 13322 37
41049 41050 37
3828 3829 37
8554 8555 37
34564 34565 37
30035 30036 37
34566 34567 37
43605 43606 37
30036 30037 37
2808 7992 37
26801 26802 37
42339 42340 37
18356 18357 37
16972 16973 37
36681 36682 37
22240 34820 37
39947 39948 37
26 27 37
4915 4916 37
46305 46306 37
38797 38798 37
9477 9478 37
39956 39957 37
49212 49213 37
26836 46794 37
32737 32738 37
14071 14072 37
30853 30854 37
713 34974 37
30866 30867 37
22250 22251 37
16142 16143 37
30080 30081 37
10781 10782 37
26857 26858 37
46332 46333 37
24741 24742 37
18379 18380 37
23493 23494 37
15264 15265 37
16993 32884 37
6263 6264 37
17436 17437 37
49260 49261 37
36747 36748 37
9988 9989 37
40008 40009 37
46364 46365 37
6593 6594 37
15275 15276 37
28530 28531 37
41175 41176 37
14468 14469 37
44976 44977 37
43731 43732 37
26101 26102 37
28536 47796 37
36772 36773 37
37866 37867 37
37867 37868 37
12349 18490 37
17911 17912 37
21724 21725 37
43750 43751 37
41195 41196 37
37880 37881 37
45001 45002 37
3328 3329 37
35699 35700 37
46440 46441 37
40051 40052 37
23522 23523 37
46451 46452 37
20533 20534 37
46456 46457 37
8343 8344 37
138 26097 37
13700 13701 37
6454 6455 37
20549 20550 37
45021 45022 37
34669 34670 37
47914 47915 37
13355 48694 37
4480 5190 37
17029 17030 37
43778 43779 37
20555 20556 37
40073 40074 37
29353 29354 37
28574 28575 37
16168 16169 37
12359 12360 37
46502 46503 37
6457 6458 37
40084 40085 37
18920 25211 37
6271 6272 37
41279 41280 37
34693 34694 37
26940 26941 37
40099 40100 37
34698 34699 37
12720 12721 37
8773 8774 37
33795 33796 37
30974 30975 37
24164 24165 37
5593 5594 37
42549 42550 37
28616 28617 37
42556 42557 37
7126 7127 37
37943 37944 37
42563 49086 37
37944 37945 37
38970 38971 37
20573 20574 37
27818 27819 37
21203 21204 37
18945 18946 37
42579 42580 37
9038 9039 37
7301 7302 37
20074 20075 37
3417 14104 37
6938 6939 37
48061 48062 37
42588 42589 37
25515 25516 37
43884 43885 37
45147 45148 37
45148 45149 37
45149 45150 37
45150 45151 37
6940 6941 37
43888 43889 37
32908 32909 37
18446 18447 37
26187 26188 37
37975 37976 37
25525 25526 37
49531 49532 37
14518 14519 37
15335 15336 37
32017 32018 37
49538 49539 37
13066 13067 37
5463 5464 37
41369 41370 37
49554 49555 37
41374 41375 37
11767 11768 37
12382 12383 37
12741 12742 37
48120 48121 37
23580 48446 37
5972 5973 37
35855 35856 37
42646 42647 37
26208 32244 37
32949 32950 37
6945 6946 37
12745 12746 37
7146 45624 37
25551 25552 37
13412 13413 37
41409 41410 37
29450 29451 37
29451 29452 37
17082 25825 37
6765 6766 37
11147 11148 37
10546 10547 37
37005 37006 37
37006 37007 37
14541 14542 37
25569 25570 37
2535 2536 37
12095 12096 37
7946 7947 37
37026 37027 37
48165 48166 37
32089 32090 37
41451 41452 37
43989 43990 37
38060 38061 37
6111 6112 37
48178 48179 37
3164 3165 37
29490 29491 37
33910 33911 37
41472 41473 37
23624 23625 37
12104 12105 37
13430 13431 37
24259 24260 37
12109 12110 37
46760 46761 37
48199 48200 37
33927 33928 37
48201 48202 37
38094 43690 37
39161 39162 37
14960 14961 37
33026 33027 37
49715 49716 37
37056 37057 37
35948 35949 37
30302 30303 37
10554 10555 37
1779 1780 37
12412 12413 37
29510 29511 37
25620 25621 37
22430 25238 37
29518 29519 37
46813 46814 37
31130 31131 37
49744 49745 37
46817 46818 37
9068 22611 37
48262 48263 37
6958 6959 37
38135 38136 37
8389 8390 37
16696 27444 37
49764 49765 37
12420 12421 37
2906 2907 37
8160 8161 37
26292 26293 37
35994 35995 37
23652 23653 37
2062 2063 37
36003 36004 37
44070 44071 37
18531 18532 37
46849 46850 37
24314 24315 37
9557 9558 37
13119 13120 37
16707 16708 37
45438 45439 37
26319 26320 37
45444 45445 37
24965 24966 37
12433 12434 37
22473 22474 37
26328 26329 37
48319 48320 37
9078 9079 37
23053 23054 37
683 684 37
46880 46881 37
10573 10574 37
44112 44113 37
701 702 37
8622 8623 37
3090 3091 37
11826 45184 37
29573 29574 37
2752 2753 37
10581 39308 37
19076 19077 37
42899 42900 37
40418 40419 37
1007 5631 37
29580 29581 37
15018 15019 37
1092 1093 37
36067 36068 37
8404 27270 37
33152 33153 37
44156 44157 37
25004 25005 37
28804 28805 37
26376 26377 37
1789 1790 37
29620 29621 37
45525 45526 37
12810 12811 37
35057 35058 37
44187 44188 37
15450 20767 37
15900 15901 37
28824 28825 37
17618 17619 37
28058 28059 37
5993 5994 37
1549 1550 37
40459 40460 37
308 309 37
7357 7358 37
41702 41703 37
18584 18585 37
5891 5892 37
42977 42978 37
6984 6985 37
38270 48426 37
12176 12177 37
9107 9108 37
31310 31311 37
19702 19703 37
23114 33938 37
12179 12180 37
36139 36140 37
4303 4304 37
18602 18603 37
48500 48501 37
43031 43032 37
31319 31320 37
21975 21976 37
1752 1753 37
11235 11236 37
15481 15482 37
25058 25059 37
37293 37294 37
37295 37296 37
12519 42215 37
31331 31332 37
26462 26463 37
3489 3490 38
35131 35132 38
9719 9720 38
34134 34135 38
43075 43076 38
5073 5074 38
13632 13633 38
39435 39436 38
40575 40576 38
36208 36209 38
15774 34607 38
35158 35159 38
22884 22885 38
144 145 38
863 864 38
3620 3621 38
34160 34161 38
1800 1801 38
17173 17174 38
22244 22245 38
11827 11828 38
13283 13284 38
21647 21648 38
3625 3626 38
12206 12207 38
43127 43128 38
983 984 38
25632 25633 38
43134 43135 38
41870 41871 38
2121 2122 38
8829 8830 38
18670 18671 38
35198 35199 38
36267 36268 38
48608 48609 38
1172 1173 38
38402 38403 38
38407 38408 38
31341 38023 38
569 19114 38
33264 33265 38
48627 48628 38
22914 22915 38
48629 48630 38
5647 5648 38
14494 14495 38
1220 1221 38
39522 39523 38
26346 26347 38
28850 28851 38
28062 28063 38
35224 35225 38
2887 2888 38
44396 44397 38
9122 9123 38
7087 7088 38
44400 44401 38
44404 44405 38
16731 16732 38
2630 23968 38
8068 8069 38
6848 6849 38
33298 33299 38
30505 30506 38
3523 3524 38
1561 1562 38
9446 9447 38
10394 30395 38
45769 45770 38
13691 13692 38
44447 44448 38
21693 49320 38
15384 15385 38
33323 33324 38
3005 3006 38
33332 33333 38
29735 29736 38
24967 43966 38
45799 45800 38
8598 8599 38
29738 41337 38
6212 6213 38
47257 47258 38
19266 19267 38
36364 36365 38
27240 27241 38
35281 35282 38
28137 28138 38
31430 31431 38
47269 47270 38
19268 19269 38
32406 40533 38
33361 33362 38
47275 47276 38
17699 17700 38
18201 18202 38
19907 19908 38
9140 9141 38
40771 40772 38
10734 10735 38
24310 24311 38
28918 28919 38
14941 14942 38
19291 19292 38
38533 38534 38
36414 36415 38
26436 26437 38
17707 17708 38
17709 17710 38
9780 49885 38
13340 13341 38
20499 20500 38
45863 45864 38
27290 27291 38
40809 40810 38
8871 8872 38
22984 22985 38
10103 10104 38
12264 12265 38
33416 33417 38
8348 8349 38
48827 48828 38
43324 43325 38
34336 34337 38
14965 14966 38
19938 19939 38
9455 9456 38
38577 46024 38
47379 47380 38
32494 32495 38
25029 25030 38
40841 40842 38
21760 21761 38
37567 37568 38
37571 37572 38
14127 14128 38
5488 5489 38
8081 8082 38
48860 48861 38
43368 43369 38
3761 3762 38
48867 48868 38
18772 40153 38
11901 11902 38
48877 48878 38
40865 40866 38
13361 31266 38
9796 9797 38
573 574 38
42112 42113 38
23688 36902 38
30635 30636 38
36496 36497 38
39742 39743 38
8086 8087 38
27353 27354 38
766 9591 38
47437 47438 38
15430 15431 38
47439 47440 38
4492 4493 38
38627 38628 38
45984 45985 38
10441 10442 38
9476 9477 38
22404 22405 38
16821 16822 38
42148 42149 38
13386 13387 38
1508 1509 38
22417 22418 38
40926 40927 38
25073 25074 38
8090 23598 38
37645 37646 38
8614 8615 38
40931 40932 38
1509 1510 38
39792 39793 38
111 36249 38
29037 29038 38
12692 12693 38
46055 46056 38
1383 1384 38
37668 37669 38
9189 9190 38
46071 46072 38
24403 24404 38
5508 5509 38
15019 15020 38
42208 42209 38
8897 8898 38
25814 25815 38
47525 47526 38
23735 23736 38
30694 30695 38
39821 39822 38
10154 10155 38
4089 4090 38
30699 30700 38
44769 44770 38
28292 28293 38
40968 40969 38
47548 47549 38
46121 46122 38
2424 2425 38
47561 47562 38
4801 21592 38
31624 31625 38
42245 42246 38
49049 49050 38
49051 49052 38
4503 4504 38
20587 20588 38
17802 17803 38
34469 34470 38
25835 25836 38
15031 15032 38
43522 43523 38
39853 39854 38
34475 34476 38
3234 28916 38
18314 18315 38
6486 6487 38
47601 47602 38
43537 43538 38
42270 42398 38
27447 27448 38
5879 5880 38
49101 49102 38
46170 46171 38
34488 34489 38
27450 27451 38
16860 16861 38
18833 18834 38
14210 14211 38
11596 11597 38
39902 39903 38
39903 39904 38
6681 6682 38
20630 20631 38
2493 35699 38
17829 17830 38
38769 38770 38
37788 37789 38
43580 43581 38
9212 9213 38
41046 41047 38
4811 4812 38
39922 39923 38
43588 43589 38
8919 8920 38
31696 31697 38
22508 22509 38
22512 22513 38
27488 41842 38
25159 25160 38
3674 3675 38
29133 29134 38
42346 42347 38
17360 17361 38
36674 36675 38
33619 33620 38
4817 4818 38
13800 13801 38
18353 18354 38
18354 18355 38
5520 5609 38
25902 25903 38
34555 34556 38
29989 29990 38
28383 28384 38
16434 16435 38
11227 37406 38
15070 26693 38
19482 42171 38
28393 28394 38
30000 36959 38
8134 36158 38
16002 16003 38
20103 20104 38
6696 6697 38
44937 44938 38
46319 46320 38
35647 35648 38
3807 3808 38
23827 23828 38
47781 47782 38
28407 28408 38
41150 41151 38
10190 10191 38
36745 36746 38
47791 47792 38
43708 43709 38
1096 1097 38
13819 43564 38
150 151 38
13450 13451 38
49275 49276 38
40012 40013 38
16459 16460 38
2147 45732 38
35670 35671 38
44968 44969 38
21322 21323 38
11641 11642 38
35679 35680 38
37882 37883 38
40028 40029 38
11256 11257 38
16025 16026 38
23863 23864 38
11260 11261 38
15552 15553 38
430 431 38
41211 41212 38
30865 30866 38
22602 22603 38
43757 43758 38
45000 45001 38
23872 23873 38
43759 43760 38
28452 28453 38
6935 34174 38
27597 27598 38
13113 13114 38
34637 34638 38
16473 16474 38
9240 9241 38
35712 35713 38
46445 46446 38
9876 9877 38
30887 30888 38
42505 42506 38
29252 29253 38
24575 24576 38
45030 45031 38
908 909 38
1192 1193 38
16487 16488 38
5906 5907 38
12383 12384 38
26751 26752 38
31866 48902 38
21350 21351 38
13850 13851 38
32826 36042 38
46493 46494 38
13852 13853 38
27639 27640 38
21360 21361 38
5537 27080 38
22647 22648 38
33763 33764 38
45081 45082 38
40121 40122 38
36893 36894 38
38986 38987 38
4241 4242 38
30923 30924 38
6077 6078 38
32845 32846 38
3576 43542 38
8678 8679 38
36914 36915 38
39002 39003 38
12398 12399 38
816 817 38
32859 32860 38
20208 20209 38
34713 34714 38
45121 45122 38
8439 8440 38
20786 20787 38
48015 48016 38
34721 34722 38
7195 7196 38
27690 27691 38
48032 48033 38
39021 39022 38
48044 48045 38
46577 46578 38
20792 20793 38
16532 16533 38
8689 8690 38
49517 49518 38
2666 2667 38
45141 45142 38
21385 21386 38
15155 15156 38
6528 6529 38
32884 35184 38
40189 40190 38
23302 23303 38
8990 8991 38
2439 2440 38
41385 41386 38
45163 45164 38
11693 11694 38
39055 39056 38
33832 33833 38
13151 13152 38
14321 14322 38
23326 23327 38
5192 5193 38
45181 45182 38
2841 2842 38
5927 5928 38
6535 6536 38
26066 26067 38
35869 35870 38
33850 33851 38
29382 29383 38
42673 42674 38
25370 25371 38
30989 30990 38
3443 3444 38
28568 28569 38
14333 14334 38
6320 6321 38
39117 39118 38
46664 46665 38
28580 28581 38
42695 42696 38
7219 38538 38
6744 19296 38
2156 2157 38
25394 25395 38
17964 29313 38
4135 4136 38
3058 3059 38
17499 17500 38
40276 40277 38
39156 39157 38
21446 21447 38
23997 23998 38
49653 49654 38
32978 32979 38
18505 18506 38
25418 25419 38
5204 5205 38
4545 4546 38
49661 49662 38
6980 6981 38
22741 30673 38
39186 39187 38
32991 32992 38
25426 25427 38
26111 26112 38
6550 12759 38
4261 4262 38
22095 22096 38
1041 1042 38
26122 26123 38
2598 2599 38
28642 28643 38
45311 45312 38
26124 26125 38
24720 24721 38
35982 35983 38
175 176 38
27827 27828 38
45331 45332 38
21473 21474 38
21474 21475 38
26953 26954 38
17993 34088 38
48222 48223 38
48229 48230 38
46785 46786 38
45342 45343 38
35998 35999 38
4151 4152 38
19066 19067 38
41543 41544 38
45347 45348 38
3586 44972 38
9339 9340 38
820 821 38
22768 22769 38
18527 18528 38
49766 49767 38
33964 33965 38
34963 34964 38
41564 41565 38
40376 40377 38
44069 44070 38
49773 49774 38
11744 11745 38
31108 31109 38
45396 45397 38
7246 7247 38
3271 3272 38
8751 8752 38
15694 15695 38
44083 44084 38
9971 31981 38
45427 45428 38
46852 46853 38
8507 8508 38
46854 46855 38
38191 38192 38
2684 2685 38
31135 31136 38
49816 49817 38
15244 15245 38
4163 33033 38
29514 29515 38
2247 2248 38
32177 32178 38
12500 12501 38
5435 5436 38
17084 17085 38
10624 47395 38
16177 16178 38
31160 31161 38
48338 48339 38
21519 21520 38
8524 8525 38
24801 24802 38
10981 10982 38
18048 18049 38
39327 39328 38
49859 49860 38
19121 19122 38
48360 48361 38
6385 6386 38
19126 19127 38
33130 33131 38
5247 5248 38
27053 27054 38
31182 31183 38
34065 34066 38
26210 26211 38
1595 7903 38
24118 24119 38
45504 45505 38
10993 10994 38
30369 30370 38
5058 5059 38
42964 42965 38
18066 18067 38
7758 7759 38
45520 45521 38
49914 49915 38
38280 38281 38
6590 6591 38
20956 20957 38
42979 42980 38
3862 3863 38
377 378 38
10652 10653 38
5062 5063 38
13609 13610 38
44209 44210 38
43013 43014 38
43015 43016 38
48446 48447 38
22843 22844 38
1598 1599 38
27090 27091 38
632 633 38
11814 11815 38
49958 49959 38
1012 1013 38
47012 47013 38
44226 44227 38
41743 41744 38
49975 49976 38
6157 6158 38
17602 39172 38
15763 15764 38
632 41181 38
19167 19168 38
16684 16685 38
35115 35116 38
33198 33199 38
24867 24868 38
25587 25588 38
34128 34129 38
30417 30418 38
40558 40559 39
8913 8914 39
20774 20775 39
25245 25246 39
21294 21295 39
32913 32914 39
24662 24663 39
5252 5253 39
897 898 39
25262 25263 39
7919 7920 39
45009 45010 39
28841 28842 39
21825 21826 39
4264 4265 39
28845 28846 39
34663 34664 39
25269 27663 39
45019 45020 39
21306 21307 39
32071 33930 39
42807 42808 39
8920 8921 39
45029 45030 39
8926 8927 39
26615 26616 39
33828 33829 39
37688 37689 39
40609 40610 39
45037 45038 39
20781 20782 39
40611 40612 39
41712 41713 39
23524 23525 39
27370 27371 39
39624 39625 39
32973 32974 39
5780 16092 39
4270 4271 39
20790 20791 39
10699 45510 39
41737 41738 39
47539 47540 39
6386 6387 39
45082 45083 39
8711 8712 39
21861 21862 39
21869 21870 39
8337 8338 39
21323 21324 39
11007 11008 39
8542 8543 39
4095 4096 39
1810 26890 39
9663 9664 39
22394 22395 39
41762 41763 39
28888 28889 39
14220 14221 39
8549 8550 39
42915 42916 39
4570 4571 39
4376 4377 39
32158 32159 39
10199 10200 39
39681 39682 39
47603 47604 39
14560 14561 39
9411 9412 39
46371 46372 39
44015 44016 39
2472 2473 39
16419 16420 39
4017 4018 39
19822 19823 39
17574 17575 39
22975 22976 39
47639 47640 39
40715 40716 39
15283 15284 39
15285 15286 39
12033 19488 39
39699 39700 39
46412 46413 39
41838 41839 39
31234 31235 39
33062 33063 39
910 911 39
12035 12036 39
28252 28253 39
38686 38687 39
17207 17208 39
25996 25997 39
25998 25999 39
19837 19838 39
48949 48950 39
25392 25393 39
17208 17209 39
33931 33932 39
18417 18418 39
26010 26011 39
31278 39610 39
763 764 39
33092 33093 39
46466 46467 39
48986 48987 39
4791 4792 39
18846 18847 39
20346 20347 39
19850 19851 39
10743 10744 39
44085 44086 39
49002 49003 39
47711 47712 39
47718 47719 39
13885 13886 39
39770 39771 39
44095 44096 39
16072 22186 39
17994 17995 39
47746 47747 39
27497 27498 39
34852 34853 39
5676 5677 39
29002 29003 39
22480 22481 39
15682 15683 39
15302 15303 39
41946 41947 39
30509 30510 39
29771 29772 39
34875 34876 39
22489 22490 39
33137 33138 39
9197 9198 39
40823 40824 39
6413 6414 39
47788 47789 39
3257 3258 39
5288 6294 39
12696 12697 39
47793 47794 39
19363 35683 39
37884 37885 39
11397 11398 39
15323 15324 39
38793 38794 39
34919 34920 39
49089 49090 39
24220 24221 39
27537 27538 39
34925 34926 39
18452 18453 39
37895 37896 39
45319 45320 39
29799 29800 39
4796 4797 39
35907 35908 39
39834 39835 39
34941 34942 39
6237 6238 39
45338 45339 39
18460 18461 39
37909 37910 39
49127 49128 39
26770 26771 39
38835 38836 39
13284 20479 39
27564 27565 39
25459 25460 39
752 753 39
30549 30550 39
21429 21430 39
47883 47884 39
15333 15334 39
29055 29056 39
28356 28357 39
2237 2238 39
7031 7032 39
45376 45377 39
37929 37930 39
11080 11081 39
20935 20936 39
34988 34989 39
25479 25480 39
15728 15729 39
1309 1310 39
19920 19921 39
24266 24267 39
45403 45404 39
45404 45405 39
3933 3934 39
19399 19400 39
3325 3326 39
31417 31418 39
22563 22564 39
16130 16131 39
29097 29098 39
24877 24878 39
1053 1054 39
29874 29875 39
47949 47950 39
33236 33237 39
26118 26119 39
8378 8379 39
19935 19936 39
28403 28404 39
7044 16043 39
24888 24889 39
5167 5168 39
38922 38923 39
7594 7595 39
13032 13033 39
37050 39940 39
6254 19192 39
29897 29898 39
2648 2649 39
46728 46729 39
24900 24901 39
33266 33267 39
9226 9227 39
31464 31465 39
9466 9467 39
7995 7996 39
16523 16524 39
27657 27658 39
8781 8782 39
27662 27663 39
31485 31486 39
32399 32400 39
19957 19958 39
48035 48036 39
5454 5455 39
35093 35094 39
40002 40003 39
37088 37089 39
13051 13052 39
31503 31504 39
44362 44363 39
16529 16530 39
31509 31510 39
41019 41020 39
9025 9026 39
15017 15018 39
688 689 39
18098 18099 39
26897 26898 39
37107 37108 39
29157 29158 39
13636 13637 39
45543 45544 39
31524 47802 39
27701 27702 39
16539 16540 39
24938 24939 39
26907 26908 39
1160 1161 39
41070 41071 39
44406 44407 39
43340 43341 39
49384 49385 39
25563 25564 39
31535 31536 39
44422 44423 39
35135 35136 39
49396 49397 39
29952 29953 39
13336 13337 39
49399 49400 39
43359 43360 39
8195 8196 39
5577 5578 39
9244 9245 39
11469 11470 39
7070 7071 39
34225 34226 39
23160 23161 39
37169 37170 39
43375 43376 39
9498 9499 39
29970 29971 39
2311 2312 39
25596 25597 39
38126 38127 39
39061 39062 39
31560 31561 39
24964 24965 39
21538 21539 39
14697 14698 39
24362 43676 39
1292 36087 39
49461 49462 39
27748 27749 39
1856 1857 39
1269 1270 39
4602 4603 39
15046 15047 39
3960 3961 39
18144 18145 39
41165 41166 39
13669 13670 39
22114 22115 39
45676 45677 39
10858 10859 39
4144 4145 39
39112 39113 39
39114 39115 39
21064 21065 39
3204 3205 39
39128 39129 39
29250 29251 39
34279 34280 39
32542 32543 39
32545 32546 39
11487 11488 39
46956 46957 39
1972 1973 39
6473 6474 39
23214 23215 39
5473 5474 39
48218 48219 39
17369 24985 39
28549 28550 39
9520 9521 39
46978 46979 39
9064 9065 39
27010 27011 39
42355 42356 39
39170 39171 39
25016 25017 39
47004 47005 39
10311 10312 39
21593 21594 39
49563 49564 39
45723 45724 39
26273 47954 39
18172 18173 39
16977 16978 39
2995 2996 39
49578 49579 39
45742 45743 39
19052 19053 39
31677 31678 39
30059 30060 39
11515 11516 39
22720 22721 39
8635 13365 39
24435 24436 39
31687 31688 39
19060 19061 39
43523 43524 39
47051 47052 39
18185 18186 39
28593 28594 39
49613 49614 39
40229 40230 39
22161 22162 39
45776 45777 39
24443 24444 39
2726 2727 39
7266 7267 39
26302 26303 39
22738 22739 39
8839 8840 39
27860 27861 39
49636 49637 39
20095 20096 39
17785 17786 39
38268 38269 39
48331 48332 39
7101 45088 39
42448 42449 39
12488 12489 39
4844 34600 39
6934 6935 39
25704 25705 39
44698 44699 39
9293 9294 39
10890 10891 39
15870 15871 39
25069 25070 39
2730 2731 39
19086 19087 39
7272 7273 39
5209 5210 39
48369 48370 39
38297 38298 39
28650 28651 39
25080 25081 39
30130 30131 39
10597 10598 39
5086 13370 39
31785 31786 39
49706 49707 39
7116 48289 39
41362 41363 39
43613 43614 39
21148 21149 39
47162 47163 39
31791 31792 39
9548 9549 39
3223 3224 39
40314 40315 39
2263 40552 39
22776 22777 39
6776 6777 39
13432 13433 39
1540 43472 39
20147 26930 39
36382 36383 39
49747 49748 39
29416 29417 39
48432 48433 39
6780 6781 39
11257 11258 39
49761 49762 39
19119 19120 39
39336 39337 39
5755 5756 39
18233 18234 39
11572 11573 39
10925 10926 39
43669 43670 39
21197 21198 39
48473 48474 39
22797 22798 39
1356 1357 39
9332 9333 39
36419 36420 39
44813 44814 39
29441 48147 39
34481 34482 39
5999 9197 39
31846 31847 39
22807 22808 39
22811 22812 39
5222 5223 39
9576 9577 39
49804 49805 39
30200 40707 39
27987 27988 39
8477 8478 39
16676 16677 39
27989 27990 39
49817 49818 39
3697 3698 39
26451 26452 39
44844 44845 39
9586 9587 39
28726 28727 39
9341 9342 39
37476 37477 39
20195 20196 39
10642 10643 39
17854 17855 39
9589 9590 39
13161 13162 39
30233 30234 39
27218 27219 39
38416 38417 39
11614 11615 39
31903 31904 39
13467 13468 39
5229 5230 39
16692 16693 39
14134 14135 39
23979 23980 39
3543 3544 39
34552 34553 39
19176 19177 39
26493 26494 39
13172 13173 39
25175 25176 39
20707 20708 39
21763 21764 39
2217 2218 39
46080 46081 39
43784 43785 39
1295 1296 39
22287 22288 39
10142 10143 39
47340 47341 39
6169 6170 39
18308 47834 39
31957 31958 39
26520 36933 39
7494 7495 39
10954 10955 39
47360 47361 39
40490 40491 39
799 4683 39
31048 31049 39
18313 18314 39
366 367 39
15583 15584 39
42696 42697 39
37572 37573 39
27289 27290 39
36561 36562 39
33738 33739 39
31057 31058 39
40517 40518 39
2410 2411 39
2283 2284 39
7508 7509 39
2571 2572 39
46150 46151 39
24025 24026 39
16357 16358 39
25217 25218 39
2140 2141 39
7696 7697 39
29564 29565 39
18773 19073 39
15593 49675 39
43872 43873 39
49988 49989 39
35612 35613 39
37620 37621 39
42739 46709 39
41625 41626 39
22327 22328 39
25288 25289 40
39274 39275 40
4403 4404 40
25290 25291 40
3332 19578 40
25293 25294 40
12310 12311 40
35257 35258 40
34320 34321 40
2421 2422 40
13625 13626 40
2002 2003 40
17768 17769 40
29152 29153 40
34334 34335 40
48736 48737 40
14385 14386 40
3890 3891 40
3334 47799 40
46157 46158 40
16862 16863 40
3646 3647 40
24674 24675 40
22170 22171 40
48758 48759 40
43786 43787 40
35285 35286 40
121 122 40
41465 41466 40
23403 23404 40
1219 1220 40
16453 16454 40
38334 38335 40
29177 29178 40
1358 1359 40
13641 13642 40
42637 42638 40
27622 27623 40
25346 25347 40
47474 47475 40
1105 1106 40
26768 26769 40
4426 4427 40
343 344 40
25361 25362 40
43832 43833 40
1131 36465 40
47499 47500 40
8297 8298 40
9930 9931 40
19287 19288 40
36359 36360 40
31694 31695 40
42681 42682 40
48826 48827 40
8517 8518 40
13020 13021 40
9424 9425 40
28463 28464 40
10197 32987 40
27650 27651 40
17809 17810 40
10731 40686 40
31716 31717 40
21033 40704 40
8960 8961 40
14430 14431 40
4298 4299 40
145 18895 40
9937 9938 40
42704 42705 40
10470 10471 40
1046 1047 40
46297 46298 40
41548 41549 40
39408 40430 40
6493 6494 40
6296 6297 40
5335 5336 40
9444 9445 40
24766 24767 40
39424 39425 40
12713 12714 40
19924 19925 40
10759 10760 40
2338 2339 40
30086 30087 40
15661 15662 40
12044 12045 40
33607 33608 40
42747 42748 40
14080 26543 40
349 350 40
18326 18327 40
3773 3774 40
24109 24110 40
21106 21107 40
7406 7407 40
13377 13378 40
11415 11416 40
43938 43939 40
29322 29323 40
10785 10786 40
46359 46360 40
22861 41014 40
15270 15271 40
17855 17856 40
12377 33678 40
15272 15273 40
19371 19372 40
24811 24812 40
11742 11743 40
46391 46392 40
22880 22881 40
27757 27758 40
12057 12058 40
2291 2292 40
13071 13072 40
19964 19965 40
2771 44468 40
26925 26926 40
28577 28578 40
9710 9711 40
21131 21132 40
22285 22286 40
21714 21715 40
47693 47694 40
39521 39522 40
36513 36514 40
3785 3786 40
2699 2700 40
42861 42862 40
15701 15702 40
30161 30162 40
47707 48432 40
20526 20527 40
5359 5360 40
17874 17875 40
39535 39536 40
28602 28603 40
34560 34561 40
26164 26165 40
3680 3681 40
17426 17427 40
35509 35510 40
10802 10803 40
24854 24855 40
26174 26175 40
47761 47762 40
45190 45191 40
37610 37611 40
5361 5362 40
7052 48367 40
47773 47774 40
21159 21160 40
45206 45207 40
9004 9005 40
41747 41748 40
14895 14896 40
37624 37625 40
17438 17439 40
36573 36574 40
40628 40629 40
6857 6858 40
46517 46518 40
36576 36577 40
35536 35537 40
27836 27837 40
16999 39355 40
21172 21173 40
39618 39619 40
20025 20026 40
24206 24207 40
21757 21758 40
3199 3200 40
41792 41793 40
24883 24884 40
27852 27853 40
5967 5968 40
40668 40669 40
1839 1840 40
11778 32921 40
19447 19448 40
35585 35586 40
42994 42995 40
41821 41822 40
15312 15313 40
44104 44105 40
13097 13098 40
26219 26220 40
37684 37685 40
7061 7062 40
40691 40692 40
49162 49163 40
40692 40693 40
45303 45304 40
47877 47878 40
41842 41843 40
31958 31959 40
47884 47885 40
2940 17558 40
2447 2448 40
43036 43037 40
1981 1982 40
22364 22365 40
44135 44136 40
31040 31041 40
24904 24905 40
35626 35627 40
17925 17926 40
39674 39675 40
7440 7441 40
25570 45927 40
35634 35635 40
47917 47918 40
10826 10827 40
41893 41894 40
39685 39686 40
38644 38645 40
27897 27898 40
31054 31055 40
37732 37733 40
11150 11151 40
35648 35649 40
22961 22962 40
37743 37744 40
43 44 40
18926 18927 40
49250 49251 40
2944 2945 40
17042 17043 40
27915 27916 40
18933 18934 40
7265 7266 40
3384 26033 40
32024 32025 40
13439 26416 40
38675 38676 40
38680 38681 40
11165 11166 40
43121 43122 40
4337 30522 40
19501 19502 40
24285 40635 40
21814 21815 40
17493 17494 40
49296 49297 40
36716 36717 40
38700 38701 40
1415 1416 40
46722 46723 40
32947 32948 40
38708 38709 40
37794 37795 40
12441 12442 40
18438 18439 40
45447 45448 40
6156 6157 40
40815 40816 40
22413 22414 40
44255 44256 40
40817 40818 40
32964 32965 40
48045 48046 40
48047 48048 40
26291 26292 40
39776 39777 40
6720 22750 40
21831 30217 40
34711 34712 40
27110 27111 40
11479 11480 40
6370 6371 40
8132 8133 40
48075 48076 40
48079 48080 40
49385 49386 40
5219 5220 40
38740 38741 40
22424 22425 40
30333 30334 40
12454 12455 40
24972 24973 40
36780 36781 40
3963 3964 40
7924 7925 40
12148 12149 40
16232 16233 40
43220 43221 40
22442 22443 40
12151 12152 40
7275 7276 40
8374 8375 40
3125 3126 40
31165 31166 40
2245 2246 40
32132 32133 40
4351 4352 40
31169 31170 40
14590 18093 40
42053 42054 40
2186 2187 40
5850 5851 40
28783 28784 40
44355 44356 40
20142 20143 40
46845 46846 40
45550 45551 40
825 826 40
27172 27173 40
28020 28021 40
44373 44374 40
25683 25684 40
7492 7493 40
33913 33914 40
2795 2796 40
25687 25688 40
29610 29611 40
13829 13830 40
45582 45583 40
33065 33066 40
34822 34823 40
23059 23060 40
27195 27196 40
6925 39024 40
38841 38842 40
23719 23720 40
45602 45603 40
31210 31211 40
15836 15837 40
3492 17038 40
4762 6153 40
15409 15410 40
46899 46900 40
10071 10072 40
46902 46903 40
33946 33947 40
34851 34852 40
4623 4624 40
17110 17111 40
31237 31238 40
26406 26407 40
27219 27220 40
33963 33964 40
8623 25646 40
13844 13845 40
2516 30141 40
39932 39933 40
16280 16281 40
23737 23738 40
31272 31273 40
26415 26416 40
20744 20745 40
46945 46946 40
46946 46947 40
42159 42160 40
35881 35882 40
44465 44466 40
15854 45443 40
17575 17576 40
20747 28844 40
28093 28094 40
42168 44069 40
20193 20194 40
34912 34913 40
12836 12837 40
48266 48267 40
5725 5726 40
46986 46987 40
13185 13186 40
26446 26447 40
3836 13032 40
23110 23111 40
7524 7525 40
33145 33146 40
7724 7725 40
7726 7727 40
10346 25342 40
26461 26462 40
3508 3509 40
18536 18537 40
790 791 40
27286 27287 40
18057 18058 40
18541 18542 40
34969 34970 40
2519 2520 40
29727 29728 40
12861 12862 40
48310 48311 40
30497 30498 40
12218 12219 40
3515 3516 40
1207 1208 40
26485 26486 40
12540 12541 40
16723 16724 40
20235 20236 40
40021 40022 40
6027 6028 40
5433 5434 40
10622 10623 40
23154 23155 40
35011 35012 40
27327 27328 40
20803 20804 40
9342 9343 40
12233 12234 40
2462 2463 40
14287 14288 40
38042 38043 40
15470 15471 40
23165 23166 40
23821 23822 40
25123 25124 40
654 655 40
45795 45796 40
6950 6951 40
25130 25131 40
37085 37086 40
39026 39027 40
3721 3722 40
43485 43486 40
44645 44646 40
3622 3623 40
25816 25817 40
30538 45498 40
39033 39034 40
39035 39036 40
28215 28216 40
33239 33240 40
19111 19112 40
39045 39046 40
31407 31408 40
1348 1349 40
13911 13912 40
9115 19390 40
40109 40110 40
2883 2884 40
42352 42353 40
28986 28987 40
16764 16765 40
41189 41190 40
16352 16353 40
29798 29799 40
33263 33264 40
15927 15928 40
11606 30316 40
11921 32331 40
20863 20864 40
3856 3857 40
40142 40143 40
32373 32374 40
338 46269 40
44729 44730 40
118 119 40
10384 10385 40
41224 41225 40
12593 12594 40
26595 26596 40
43570 43571 40
48504 48505 40
9123 9124 40
695 696 40
36100 36101 40
28263 28264 40
10662 41450 40
20292 20293 40
21440 21441 40
44760 44761 40
10391 10392 40
16797 31126 40
14723 14724 40
20297 38176 40
36122 36123 40
49851 49852 40
35125 35126 40
16804 16805 40
22683 22684 40
8002 8003 40
35133 35134 40
42451 42452 40
47260 47261 40
15522 43531 40
39159 39160 40
17690 17691 40
49878 49879 40
20899 20900 40
9863 9864 40
12272 12273 40
12605 12606 40
18169 18170 40
18654 18655 40
12606 12607 40
17254 17255 40
13596 13597 40
15967 15968 40
9605 9606 40
9607 9608 40
48594 48595 40
19182 19183 40
41317 41318 40
15541 15542 40
31531 31532 40
23940 23941 40
25916 46833 40
4021 4022 40
46006 46007 40
25225 25226 40
30679 30680 40
48621 48622 40
20335 20336 40
43686 46886 40
15137 15138 40
3869 3870 40
47333 47334 40
25928 25929 40
40260 40261 40
4816 4817 40
16830 16831 40
16408 38733 40
1490 1491 40
14758 24871 40
23959 23960 40
25255 25256 40
33410 33411 40
1443 1444 40
6062 22982 40
17735 17736 40
17740 17741 40
8474 8475 40
15561 15562 40
7786 7787 40
23973 23974 40
37318 37319 40
18211 18212 40
5767 5768 40
46104 46105 40
22754 22755 40
49995 49996 40
10979 10980 40
15124 32096 41
46260 46261 41
24564 24565 41
14440 14441 41
20652 20653 41
12315 29761 41
33166 33167 41
1726 1727 41
16604 16605 41
11114 17924 41
45049 45050 41
26369 26370 41
23400 23401 41
18620 18621 41
46300 46301 41
15861 15862 41
3068 3069 41
43956 43957 41
34005 34006 41
6551 6552 41
10843 10844 41
27107 27108 41
29273 29274 41
7515 7516 41
46317 46318 41
15872 15873 41
32358 32359 41
9838 9839 41
34873 34874 41
6436 23281 41
36792 36793 41
38712 38713 41
7919 32190 41
29287 29288 41
26393 26394 41
7921 7922 41
2773 2774 41
11441 11442 41
25173 25174 41
34056 34057 41
48840 48841 41
24600 24601 41
15508 15509 41
25797 26985 41
16260 34479 41
29309 29310 41
11743 11744 41
19129 31912 41
33236 35101 41
17815 17816 41
851 32988 41
14481 14482 41
44028 44029 41
48861 48862 41
44029 44030 41
19136 19137 41
12650 12651 41
24626 24627 41
12652 12653 41
40777 40778 41
17824 17825 41
24017 24018 41
26454 26455 41
32427 32428 41
13812 14877 41
40787 40788 41
24636 24637 41
16651 16652 41
6714 6715 41
27945 27946 41
31562 31563 41
9178 9179 41
10339 44628 41
21791 21792 41
7708 7709 41
29364 29365 41
45193 45194 41
43034 43035 41
33281 44390 41
28652 28653 41
33285 33286 41
43042 43043 41
33285 36823 41
12950 12951 41
26473 26474 41
30798 30799 41
38812 38813 41
21795 21796 41
18238 18239 41
11153 11154 41
48954 48955 41
33296 33297 41
36936 36937 41
41961 41962 41
15544 15545 41
27203 27204 41
47716 47717 41
36943 36944 41
7330 7331 41
48983 48984 41
30813 30814 41
35030 35031 41
47734 47735 41
2919 2920 41
46507 46508 41
17847 17848 41
3072 3073 41
43084 43085 41
14854 14855 41
25862 25863 41
41985 41986 41
35970 35971 41
46526 46527 41
11164 11165 41
7936 7937 41
43101 43102 41
43104 43105 41
12067 12068 41
9404 9405 41
30113 30114 41
14858 41742 41
31636 31637 41
37942 37943 41
49033 49034 41
2272 2273 41
1466 1467 41
2651 2652 41
45304 45305 41
49043 49044 41
44170 44171 41
19194 19195 41
16311 16312 41
30841 30842 41
49050 49051 41
14183 15678 41
7194 7195 41
17471 17472 41
11184 11185 41
27253 27254 41
34212 34213 41
18297 18298 41
45333 45334 41
12973 12974 41
34216 34217 41
17867 17868 41
10602 10603 41
43156 43157 41
19214 19215 41
1124 1125 41
9201 9202 41
3926 3927 41
449 450 41
5096 5097 41
7750 7751 41
45355 45356 41
10615 10616 41
46628 46629 41
8373 8374 41
10891 10892 41
44225 44226 41
40950 40951 41
30894 45794 41
17882 17883 41
12999 13000 41
17497 17498 41
36054 36055 41
28045 28046 41
44241 44242 41
5687 5688 41
43204 43205 41
34249 34250 41
17102 17103 41
1880 1881 41
26592 31752 41
25936 25937 41
21344 21345 41
20839 20840 41
13871 13872 41
42094 43582 41
15257 15258 41
9431 9432 41
24780 24781 41
27328 27329 41
43231 43232 41
46692 46693 41
7210 27616 41
39982 39983 41
37096 37097 41
15263 15264 41
2284 2285 41
35171 35172 41
44296 44297 41
43240 43241 41
20859 20860 41
15620 15621 41
29508 29509 41
23576 23577 41
28099 28100 41
225 18202 41
44311 44312 41
32629 32630 41
6462 21697 41
7566 7567 41
47984 47985 41
31790 31791 41
11513 41497 41
36124 36125 41
13585 13586 41
7044 49252 41
6889 6890 41
13028 13029 41
34316 34317 41
23001 39592 41
26637 26638 41
5223 5224 41
25974 25975 41
36147 36148 41
755 756 41
36152 36153 41
15647 34148 41
39043 39044 41
25983 25984 41
28146 28147 41
30257 43759 41
38132 38133 41
23008 23009 41
9682 9683 41
6308 6309 41
25991 25992 41
19848 19849 41
14586 45077 41
16031 16032 41
43330 43331 41
22494 46890 41
20354 20355 41
32692 32693 41
49309 49310 41
6739 6740 41
7056 7057 41
32703 32704 41
46834 46835 41
17948 17949 41
46837 46838 41
18819 18820 41
4580 4581 41
1890 1891 41
16404 16405 41
44423 44424 41
11237 25536 41
6474 6475 41
31859 31860 41
1705 1706 41
14608 14609 41
20913 20914 41
40116 40117 41
28191 28192 41
36234 36235 41
49370 49371 41
44448 44449 41
33579 33580 41
26033 26034 41
16053 16054 41
39144 39145 41
39145 39146 41
7067 7068 41
31886 31887 41
48130 48131 41
6167 38370 41
4992 14952 41
22534 22535 41
36252 36253 41
33600 33601 41
21438 21439 41
43402 43403 41
48145 48146 41
43405 43406 41
37291 37292 41
37292 37293 41
38206 38207 41
4038 4039 41
22544 22545 41
31052 41755 41
49423 49424 41
36259 36260 41
1974 1975 41
17199 17200 41
8210 8211 41
28881 28882 41
40176 40177 41
14282 14283 41
46922 46923 41
46926 46927 41
27466 27467 41
37311 37312 41
41220 41221 41
16067 37549 41
17980 17981 41
21459 21460 41
46937 46938 41
32787 32788 41
493 494 41
16811 43609 41
18884 18885 41
41235 48984 41
1897 1898 41
35330 35331 41
38263 38264 41
17593 17594 41
32798 32799 41
39221 39222 41
5002 28793 41
1849 1850 41
6339 6340 41
44579 44580 41
4895 4896 41
2021 29955 41
6352 6353 41
26090 26091 41
18444 35710 41
19933 19934 41
20966 20967 41
9493 33042 41
44601 44602 41
31109 31110 41
26760 26761 41
10208 10209 41
18906 18907 41
44614 44615 41
9958 9959 41
36347 36348 41
7092 7093 41
35381 35382 41
23117 23118 41
5723 15713 41
5486 5487 41
39277 39278 41
34504 34505 41
49557 49558 41
13652 13653 41
6195 32927 41
19949 19950 41
7626 7627 41
2082 36149 41
45781 45782 41
32860 32861 41
13091 13092 41
45790 45791 41
9082 9083 41
28300 39769 41
6362 33986 41
40292 40293 41
8254 8255 41
5378 5379 41
30422 30423 41
24950 24951 41
2500 34972 41
18948 18949 41
21523 21524 41
22093 22094 41
32046 32047 41
22094 22095 41
17636 17637 41
17251 17252 41
36417 36418 41
18480 24862 41
19450 19451 41
22103 22104 41
25567 25568 41
22669 22670 41
5610 5611 41
19452 39535 41
1604 6651 41
10000 10001 41
1049 1050 41
1454 1455 41
40353 40354 41
34576 34577 41
10238 10239 41
49654 49655 41
14694 14695 41
35479 35480 41
44743 44744 41
23187 23188 41
32925 32926 41
20496 20497 41
29773 29774 41
3038 3039 41
2507 2850 41
6646 6647 41
17676 17677 41
44762 44763 41
16501 16502 41
41436 41437 41
18078 18079 41
18984 18985 41
48401 48402 41
20032 20033 41
44780 44781 41
394 395 41
7280 7281 41
21075 21076 41
2142 2143 41
25624 25625 41
391 392 41
10028 10029 41
43683 43684 41
21597 35577 41
26912 26913 41
22721 22722 41
38445 38446 41
9539 9540 41
11662 11663 41
7285 7286 41
27681 27682 41
38453 38454 41
9112 9113 41
4341 4342 41
48461 48462 41
49748 49749 41
48464 48465 41
10272 10273 41
18529 18530 41
49756 49757 41
3979 3980 41
16156 16157 41
35556 35557 41
44831 44832 41
11974 11975 41
38475 38476 41
13425 13426 41
45972 45973 41
36524 36525 41
1144 1145 41
5865 5866 41
3877 3878 41
42618 42619 41
36547 36548 41
38484 38485 41
36551 36552 41
11679 11680 41
7148 7149 41
44857 44858 41
30542 30543 41
23272 23273 41
39475 39476 41
23278 23279 41
894 895 41
15801 20068 41
16556 16557 41
40493 40494 41
30555 30556 41
35613 35614 41
26978 48217 41
20562 20563 41
40504 40505 41
42667 42668 41
43771 43772 41
15801 45185 41
22202 22203 41
16915 16916 41
35625 35626 41
48575 48576 41
23304 23305 41
878 879 41
20092 37656 41
47324 49258 41
30581 30582 41
9346 33251 41
35635 35636 41
46096 46097 41
35636 35637 41
36602 39392 41
30583 30584 41
8085 8086 41
24513 24514 41
3131 3132 41
41588 41589 41
12587 12588 41
28478 28479 41
29151 29152 41
35654 35655 41
31368 31369 41
10805 10806 41
16932 16933 41
1758 1759 41
16199 16200 41
27015 27016 41
24523 24524 41
23338 35162 41
47393 47394 41
28493 28494 41
6835 6836 41
44951 44952 41
30625 30626 41
31387 33798 41
39585 39586 41
20597 20598 41
7493 7494 41
41660 41661 41
18577 18578 41
39596 39597 41
36664 36665 41
49929 49930 41
33920 33921 41
29923 29924 41
28499 28500 41
27789 27790 41
42763 42764 41
4181 4182 41
25723 36140 41
11084 11085 41
2642 2643 41
41694 41695 41
5984 5985 41
13165 13166 41
29204 29205 41
23364 23365 41
17365 17366 41
3560 3561 41
11098 11099 41
32302 32303 41
42804 42805 41
39642 39643 41
34798 34799 41
35724 35725 41
4941 29925 41
42825 42826 41
37747 37748 41
43917 43918 41
8541 8542 41
36713 36714 41
10075 10076 41
37757 37758 41
31446 31447 41
27826 27827 41
32642 32643 42
37997 37998 42
4896 4897 42
45192 45193 42
17158 17159 42
21574 23381 42
1679 5959 42
39913 39914 42
8306 8307 42
45205 45206 42
40897 40898 42
36117 36118 42
17995 17996 42
38012 38013 42
23292 23293 42
29474 29475 42
15178 15179 42
2753 2754 42
4047 4048 42
30209 30210 42
24563 24564 42
47630 47631 42
27222 27223 42
47636 47637 42
17176 17177 42
11659 23104 42
15563 15564 42
46457 46458 42
441 442 42
2068 2069 42
38951 38952 42
16753 16754 42
33545 33546 42
32698 32699 42
3179 3180 42
16363 16364 42
36159 36160 42
19453 19454 42
16758 16759 42
22182 22183 42
25188 25189 42
20001 20002 42
21086 21087 42
38990 38991 42
21087 21088 42
26499 26500 42
15968 15969 42
22774 22775 42
29519 29520 42
5580 19868 42
1438 1439 42
15580 15581 42
18489 18490 42
654 26322 42
25202 25203 42
48918 48919 42
47704 47705 42
38108 38109 42
27283 27284 42
14470 14471 42
40003 40004 42
46534 46535 42
19472 19473 42
14473 14474 42
11991 11992 42
46546 46547 42
40009 40010 42
34414 34415 42
11333 11334 42
42097 42098 42
3765 3766 42
44237 44238 42
42102 42103 42
36232 36233 42
368 369 42
1174 1175 42
37203 37204 42
9019 23125 42
16001 16002 42
3406 3407 42
298 299 42
18516 18517 42
42119 42120 42
19500 19501 42
28823 28824 42
26563 26564 42
4609 4610 42
10763 10764 42
33633 33634 42
6277 6278 42
45381 45382 42
8335 8336 42
21129 21130 42
16809 16810 42
16810 16811 42
41052 41053 42
13501 13502 42
19515 19516 42
5598 5599 42
42157 42158 42
44300 44301 42
33651 33652 42
11362 11363 42
43269 43270 42
534 535 42
43274 43275 42
37274 37275 42
25916 25917 42
39098 39099 42
9738 9739 42
46645 46646 42
11371 11372 42
29595 29596 42
9739 9740 42
3932 3933 42
1641 1642 42
47870 47871 42
41095 41096 42
10246 10247 42
13233 13234 42
13524 13525 42
1390 1391 42
21166 21167 42
24677 24678 42
39134 42629 42
25938 25939 42
13527 13528 42
45473 45474 42
20594 20595 42
42222 42223 42
20595 20596 42
36308 36309 42
2690 2691 42
7257 7258 42
36326 36327 42
18110 18111 42
24056 24057 42
7895 7896 42
11078 11079 42
305 2351 42
10011 10012 42
42246 42247 42
3800 3801 42
23473 23474 42
28203 28204 42
8352 8353 42
27403 27404 42
27404 27405 42
40155 40156 42
25327 25328 42
20119 20120 42
38257 38258 42
6295 6296 42
888 889 42
42271 42272 42
25342 25343 42
29691 29692 42
2783 4499 42
11416 11417 42
41187 41188 42
11101 11102 42
28917 28918 42
47969 47970 42
22888 22889 42
37360 37361 42
15280 15281 42
22309 22310 42
31177 31178 42
32065 32066 42
45565 45566 42
47991 47992 42
35457 35458 42
14215 14216 42
33744 33745 42
45574 45575 42
35461 35462 42
9768 9769 42
25989 25990 42
44467 44468 42
9510 9511 42
20137 20138 42
7455 7456 42
48012 48013 42
1459 9127 42
11115 11116 42
20147 20148 42
5612 5613 42
42336 42337 42
16094 16095 42
140 141 42
3811 3812 42
13872 13873 42
15688 35117 42
14234 14235 42
20163 20164 42
38330 38331 42
25399 25400 42
32963 32964 42
36438 36439 42
17317 17318 42
44539 44540 42
17744 17745 42
818 819 42
24137 28782 42
36454 36455 42
40263 40264 42
10835 10836 42
24140 24141 42
28993 46769 42
31254 31255 42
10836 16611 42
32149 32150 42
8133 8134 42
2989 2990 42
13015 13016 42
19648 19649 42
42413 42414 42
13884 13885 42
1961 1962 42
6512 6513 42
41312 41313 42
44583 44584 42
21274 21275 42
22941 44205 42
3820 3821 42
17339 17340 42
2101 2102 42
18641 18642 42
45696 45697 42
14958 14959 42
18643 18644 42
38388 38389 42
19669 19670 42
14601 14602 42
34668 34669 42
24183 24184 42
20737 20738 42
969 970 42
18648 18649 42
6703 6704 42
16517 16518 42
1963 1964 42
22409 22410 42
6709 6710 42
40333 40334 42
45726 45727 42
49383 49384 42
10059 10060 42
41373 41374 42
14616 14617 42
36526 36527 42
13910 13911 42
16141 16142 42
4113 4114 42
5638 5639 42
9314 9315 42
7495 7496 42
44672 44673 42
26108 26109 42
38431 38432 42
13919 13920 42
42494 42495 42
46980 46981 42
14634 14635 42
42498 42499 42
38441 38442 42
14269 14270 42
30561 30562 42
758 759 42
10580 10581 42
7945 7946 42
13610 30829 42
38452 38453 42
24237 24238 42
31359 31360 42
29848 29849 42
28391 28392 42
15380 36986 42
41430 41431 42
2705 4057 42
16162 16163 42
31370 31371 42
34749 34750 42
602 603 42
359 360 42
762 4665 42
37582 37583 42
43649 43650 42
48 49 42
24890 24891 42
13945 13946 42
930 931 42
8178 34823 42
16174 16175 42
35684 35685 42
2408 2409 42
2811 2812 42
4397 4398 42
21921 34803 42
20283 25274 42
6363 40981 42
49503 49504 42
18265 18266 42
9834 9835 42
21358 21359 42
12146 12147 42
2035 2036 42
581 582 42
26167 26168 42
22502 22503 42
5976 5977 42
15034 15035 42
44795 44796 42
49529 49530 42
29918 29919 42
27698 27699 42
41515 41516 42
48302 48303 42
31436 31437 42
32313 32314 42
11511 11512 42
41521 41522 42
38541 38542 42
15036 15037 42
23681 23682 42
20849 20850 42
4688 23781 42
2916 36439 42
1980 1981 42
41532 42053 42
16215 27142 42
8436 12025 42
34017 34018 42
10904 10905 42
34019 43736 42
26203 26204 42
25590 25591 42
29170 29171 42
23696 23697 42
26943 26944 42
15819 15820 42
48353 48354 42
43766 43767 42
4404 39289 42
34035 34036 42
40529 40530 42
13657 13658 42
29181 29182 42
45955 45956 42
9594 9595 42
31482 31483 42
40537 40538 42
3025 3026 42
7551 7552 42
31493 31494 42
5823 5824 42
37727 37728 42
19243 19244 42
35811 35812 42
3253 3254 42
22554 22555 42
41594 41595 42
4267 4268 42
21405 21406 42
28502 28503 42
10375 10376 42
36755 36756 42
36757 36758 42
41620 41621 42
21412 21413 42
34080 34081 42
15068 15069 42
26246 26247 42
78 79 42
9859 11609 42
1114 1115 42
16642 16643 42
55 56 42
15455 15456 42
30728 30729 42
34962 34963 42
48451 48452 42
16245 16246 42
22015 22016 42
30736 30737 42
621 622 42
42751 42752 42
40608 40609 42
22018 22019 42
17058 46045 42
17891 17892 42
16650 16651 42
41685 41686 42
23129 23130 42
41689 41690 42
23129 30807 42
3865 3866 42
49734 49735 42
31553 31554 42
27036 27037 42
22605 22606 42
36828 36829 42
6576 6577 42
5842 5843 42
19849 19850 42
2929 2930 42
30769 30770 42
44974 44975 42
36843 36844 42
15086 36373 42
27052 27053 42
9878 9879 42
42821 42822 42
31568 31569 42
14737 14738 42
5697 5698 42
18368 18369 42
9151 9152 42
30782 30783 42
48541 48542 42
6195 6196 42
27062 27063 42
14380 14381 42
46164 46165 42
3261 3262 42
5522 5523 42
28591 28592 42
16278 16279 42
31598 31599 42
19881 19882 42
36905 36906 42
8246 42829 42
35960 35961 42
27854 47586 42
48584 48585 42
4024 4025 42
12229 12230 42
38745 38746 42
31621 31622 42
36918 48497 42
4428 4429 42
15115 15116 42
26324 26325 42
40735 40736 42
36924 36925 42
35063 35064 42
17934 17935 42
19351 19352 42
29344 29345 42
36932 36933 42
15890 15891 42
14055 14056 42
46226 46227 42
6778 6779 42
5049 5050 42
25713 25714 42
2738 42296 42
47435 47436 42
45061 45062 42
46249 46250 42
15897 23707 42
25077 25078 42
23822 23823 42
22091 22092 42
1038 41364 42
16295 16296 42
44006 44007 42
5862 5863 42
36973 36974 42
49881 49882 42
5392 34320 42
47451 47452 42
28645 35358 42
2134 2135 42
20975 20976 42
20432 20433 42
11612 11613 42
23225 23226 42
11294 11295 42
36997 36998 42
14775 21869 42
42975 42976 42
49906 49907 42
47478 47479 42
25103 25104 42
22107 22108 42
24500 24501 42
25761 25762 42
19373 19374 42
223 224 42
47495 47496 42
23862 23863 42
7827 31233 42
48718 48719 42
21524 21525 42
3048 3049 42
39829 39830 42
35139 35140 42
6799 6800 42
48735 48736 42
31725 31726 42
10976 10977 42
39835 39836 42
39840 39841 42
39843 39844 42
1559 1560 42
5878 13095 42
37042 37043 42
13746 13747 42
26417 26418 42
27179 27180 42
385 386 42
46346 46347 42
2830 2831 42
9436 9437 42
26427 26428 42
37975 41109 42
2293 2294 42
2435 32566 42
33482 33483 42
19953 19954 42
19953 44665 42
23274 23275 42
28709 28710 42
21907 21908 43
24925 24926 43
7776 7777 43
28609 28610 43
10244 10245 43
16895 16896 43
36697 36698 43
31889 31890 43
18652 18653 43
3954 3955 43
2233 41640 43
30986 30987 43
34662 34697 43
14907 14908 43
13817 30870 43
27833 27834 43
39838 39839 43
47264 47265 43
12270 12271 43
24301 24302 43
23035 23036 43
27020 27021 43
18212 18213 43
36721 36722 43
27027 27028 43
27846 27847 43
36728 36729 43
43388 43389 43
6775 6776 43
4826 4827 43
43393 43394 43
1649 1650 43
14545 14546 43
3534 3535 43
39871 39872 43
39875 39876 43
23052 23053 43
8953 8954 43
44650 44651 43
44651 44652 43
16530 16531 43
44655 44656 43
10507 10508 43
47318 47319 43
43415 43416 43
39889 39890 43
11037 11038 43
39894 39895 43
48715 48716 43
14928 14929 43
48721 48722 43
42194 42195 43
21944 21945 43
2891 38984 43
10777 10778 43
20837 20838 43
19186 19187 43
25640 25641 43
17808 17809 43
12914 36739 43
12915 12916 43
29458 29459 43
14939 14940 43
10778 10779 43
35751 35752 43
4412 4413 43
17817 17818 43
44711 44712 43
42238 42239 43
20294 20295 43
28692 28693 43
31067 31068 43
38858 38859 43
32934 32935 43
24994 24995 43
10517 10518 43
48778 48779 43
25000 25001 43
7790 26604 43
27917 27918 43
24359 24360 43
7794 7795 43
15749 15750 43
23721 23722 43
46021 46022 43
42258 42259 43
18711 18712 43
10270 10271 43
33873 33874 43
27102 27103 43
14955 14956 43
27104 27105 43
38890 38891 43
3609 9336 43
19217 49642 43
38897 38898 43
46066 46067 43
30306 30307 43
42286 42287 43
36859 36860 43
3610 3611 43
16969 16970 43
18727 18728 43
46081 46082 43
10273 10274 43
38907 38908 43
8177 8178 43
4226 4227 43
12632 12633 43
33894 39570 43
18733 18734 43
43557 43558 43
38915 38916 43
9590 9591 43
885 886 43
4145 4146 43
9181 9182 43
12642 12643 43
46118 46119 43
42332 42333 43
25046 25047 43
32087 32088 43
24399 24400 43
19823 19824 43
11705 11706 43
3616 36782 43
18759 18760 43
5088 5089 43
31159 31160 43
41139 41140 43
2899 2900 43
10062 10063 43
26382 26383 43
9831 9832 43
34865 34866 43
10545 10546 43
10295 10296 43
35882 35883 43
22046 22047 43
46163 46164 43
3446 3447 43
41168 41169 43
16200 16201 43
17434 17435 43
37979 37980 43
43628 43629 43
31173 34387 43
16205 16206 43
3219 3220 43
23786 23787 43
6653 6654 43
28785 28786 43
18320 18321 43
18322 18323 43
38998 38999 43
14637 14638 43
20375 20376 43
46198 46199 43
23174 23175 43
38003 38004 43
22653 22654 43
19288 19289 43
7637 7638 43
26431 26432 43
32174 32175 43
35942 35943 43
23812 23813 43
26435 45168 43
40101 40102 43
43685 43686 43
33990 33991 43
28042 28043 43
39027 39028 43
6810 6811 43
49006 49007 43
46240 46241 43
295 296 43
29612 29613 43
29615 29616 43
12040 12041 43
31223 46724 43
17034 17035 43
26449 31948 43
19297 19298 43
42471 42472 43
6654 6655 43
24483 24484 43
40141 40142 43
47648 47649 43
14272 14273 43
15807 15808 43
33131 33132 43
34027 34028 43
44946 44947 43
13587 13588 43
46296 46297 43
49046 49047 43
34031 34032 43
2582 45773 43
19311 19312 43
9202 9203 43
38071 38072 43
2023 2024 43
23830 23831 43
21508 21509 43
9618 9619 43
7648 7649 43
40166 40167 43
42514 42515 43
26475 26476 43
20408 20409 43
10850 10851 43
16642 19490 43
38096 49189 43
20418 20419 43
25806 25807 43
29675 29676 43
1339 1340 43
19904 19905 43
25811 49043 43
15835 15836 43
771 30211 43
39116 39117 43
22707 22708 43
42546 42547 43
49116 49117 43
35038 35039 43
41334 41335 43
35041 35042 43
15033 15034 43
5104 5105 43
2177 2178 43
20435 20436 43
23249 23250 43
25161 25162 43
10855 10856 43
14297 14298 43
41359 41360 43
26518 26519 43
43812 43813 43
3398 3399 43
13935 48499 43
26523 26524 43
14306 14307 43
41371 41372 43
41372 41373 43
28889 28890 43
29722 29723 43
6251 6252 43
42589 46817 43
25169 40929 43
11754 11755 43
3399 3400 43
40256 47872 43
34113 34114 43
45060 45061 43
29731 29732 43
614 615 43
13616 13617 43
35091 35092 43
10338 46836 43
7312 7313 43
13620 13621 43
11770 11771 43
36109 36110 43
49205 49206 43
27344 27345 43
49214 49215 43
5973 5974 43
28926 28927 43
29743 29744 43
27346 27347 43
26554 26555 43
47849 47850 43
15067 15068 43
23287 23288 43
21035 21036 43
36128 36129 43
39218 39219 43
42652 42653 43
24572 24573 43
5506 5507 43
41442 41443 43
32329 32330 43
13962 13963 43
9033 9034 43
23309 23310 43
47881 47882 43
24583 24584 43
37213 37214 43
23310 23311 43
43915 43916 43
41456 41457 43
9441 44817 43
47899 47900 43
46515 46516 43
17944 17945 43
34182 34183 43
30552 30553 43
23316 23317 43
41473 41474 43
17098 17099 43
18416 18417 43
23322 23323 43
22175 22176 43
40332 40333 43
46543 46544 43
21059 21060 43
37242 37243 43
41492 41493 43
18886 18887 43
40340 40341 43
38245 38246 43
43942 43943 43
21600 21601 43
12724 12725 43
40350 43032 43
42716 42717 43
36172 36173 43
31432 31433 43
19399 39478 43
39283 39284 43
40355 40356 43
9655 9656 43
43973 43974 43
4547 4548 43
26616 26617 43
12392 12393 43
40 41 43
36192 36193 43
47978 47979 43
3110 3111 43
32383 32384 43
6701 6702 43
40379 40380 43
11476 11477 43
22201 22202 43
19989 19990 43
36212 36213 43
10131 10132 43
39315 39316 43
4549 4550 43
44004 49484 43
29813 29814 43
35202 35203 43
11196 11197 43
13651 13652 43
10361 10362 43
27436 27437 43
49412 49413 43
25267 25268 43
3236 3237 43
11809 11810 43
9896 40439 43
48031 48032 43
38309 38310 43
4090 4091 43
19449 19450 43
4764 4765 43
301 302 43
41573 41574 43
45277 45278 43
31489 31490 43
41578 41579 43
42822 42823 43
26653 26654 43
29843 29844 43
37324 37325 43
15511 15512 43
17148 17149 43
15512 15513 43
29858 29859 43
38336 38337 43
27465 27466 43
38339 38340 43
15925 15926 43
20022 35362 43
32471 32472 43
108 109 43
44062 44063 43
22818 22819 43
41615 41616 43
14755 14756 43
18947 18948 43
44073 44074 43
29873 29874 43
49494 49495 43
22822 22823 43
497 498 43
42884 42885 43
46726 46727 43
30672 30673 43
13372 13373 43
2965 2966 43
8271 32379 43
4098 4099 43
17590 17591 43
13673 13674 43
34307 34308 43
45351 45352 43
29081 29082 43
18473 18474 43
40504 45857 43
49530 49531 43
23435 23436 43
15131 15132 43
15133 15134 43
29905 29906 43
8840 8841 43
36309 36310 43
44115 44116 43
37384 37385 43
42935 42936 43
15540 15541 43
18483 18484 43
25340 25341 43
6130 6131 43
24708 24709 43
37397 37398 43
33442 33443 43
20060 20061 43
9250 9251 43
5014 5015 43
3245 3246 43
25352 25353 43
6582 6583 43
3493 3494 43
689 690 43
32543 32544 43
27539 27540 43
44164 44165 43
33471 33472 43
5772 5773 43
11528 11529 43
34365 35050 43
46836 46837 43
24730 24731 43
29127 29128 43
42985 42986 43
29934 29935 43
15555 15556 43
23465 23466 43
29940 29941 43
1273 1274 43
8653 8654 43
12458 12459 43
25384 25385 43
24745 24746 43
5152 5153 43
49641 49642 43
1063 1064 43
48219 48220 43
32575 32576 43
41760 41761 43
37464 37465 43
8476 13745 43
36410 36411 43
2270 2271 43
43039 43040 43
4905 4906 43
37471 37472 43
17630 17631 43
8101 8102 43
48259 48260 43
35385 35386 43
26055 26056 43
6005 6006 43
19535 19536 43
40617 40618 43
2397 2398 43
49686 49687 43
26773 26774 43
12487 12488 43
40623 40624 43
36424 36425 43
24776 24777 43
10414 10415 43
4211 4212 43
6740 6741 43
6610 6611 43
44257 44258 43
39577 39578 43
900 901 43
6163 6164 43
30793 30794 43
9514 9515 43
45545 45546 43
44276 44277 43
19033 19034 43
35428 35429 43
4296 4297 43
45557 45558 43
16015 16016 43
40661 40662 43
26803 26804 43
35435 35436 43
10953 10954 43
40670 40671 43
43109 43110 43
21227 21228 43
5673 5674 43
3086 3087 43
11589 11590 43
3133 9265 43
6915 6916 43
14840 14841 43
13751 13752 43
8687 8688 43
26107 26108 43
23537 23538 43
32660 32661 43
33598 33599 43
46983 46984 43
15615 15616 43
48359 48360 43
17259 17260 43
31715 31716 43
37578 37579 43
49784 49785 43
34489 34490 43
23542 23543 43
40718 40719 43
31717 31718 43
40728 40729 43
10211 10212 43
21263 21264 43
20690 20691 43
48386 48387 43
39655 39656 43
11602 11603 43
32676 32677 43
17266 17267 43
32679 32680 43
14850 14851 43
45644 45645 43
24172 35202 43
11902 11903 43
21823 21824 43
13758 13759 43
34519 34520 43
22382 22383 43
31732 35267 43
12531 12532 43
24184 24185 43
6029 6030 43
13148 20072 43
45679 45680 43
30078 30079 43
43211 43212 43
33646 33647 43
35518 35519 43
10701 10702 43
8519 8520 43
35526 35527 43
15643 15644 43
27720 27721 43
8520 8521 43
44417 44418 43
9981 9982 43
47092 47093 43
8690 8691 43
16066 44209 43
40790 40791 43
14131 14132 43
10457 10458 43
18164 18165 43
6332 6333 43
30900 30901 43
3031 3032 43
30902 30903 43
7762 7763 43
17731 17732 43
23582 23583 43
35562 35563 43
36602 40943 43
35568 35569 43
9989 9990 43
26172 26173 43
40820 40821 43
3373 3374 43
8699 8700 43
28552 28553 43
14508 14509 43
6762 6763 43
3681 3682 43
5690 5691 43
26193 26194 43
30123 30124 43
13179 13180 43
39774 39775 43
40848 40849 43
10736 10737 43
7093 7094 43
26962 26963 43
44514 44515 43
2611 2612 43
40858 40859 43
48560 48561 43
48563 48564 43
14890 14891 43
33716 33717 43
49970 49971 43
28578 28579 43
44527 44528 43
20232 20233 43
42081 42082 43
32801 32802 43
13805 21749 43
40871 40872 43
22458 22459 43
13187 13188 43
23016 23017 43
21903 21904 43
24913 24914 43
13491 13492 43
4820 4821 43
27810 27811 43
47232 47233 43
45980 45981 44
45983 45984 44
5154 5155 44
47325 47326 44
44776 44777 44
7621 7622 44
16666 16667 44
45991 45992 44
26808 26809 44
26809 26810 44
40147 40148 44
32033 32034 44
46002 46003 44
28533 28534 44
39049 39050 44
4660 4661 44
6567 6568 44
35953 35954 44
6420 6421 44
30201 30202 44
28540 28541 44
16670 16671 44
37034 37035 44
23286 23287 44
2451 2452 44
24672 24673 44
35965 44355 44
35967 35968 44
43651 43652 44
46060 46061 44
15813 15814 44
35972 37031 44
38082 38083 44
31071 31072 44
10405 10406 44
41296 41297 44
5677 5678 44
43670 43671 44
34946 34947 44
6731 6732 44
14970 14971 44
30217 30218 44
19056 19057 44
43688 43689 44
5553 5554 44
2969 2970 44
33969 40021 44
25379 25380 44
6068 6069 44
26094 26095 44
23317 23318 44
9377 9378 44
7261 7262 44
47440 47441 44
6896 6897 44
17129 17130 44
14581 14582 44
14584 14585 44
2025 2026 44
9887 9888 44
43724 43725 44
26889 26890 44
34995 35893 44
17597 17598 44
32120 32121 44
16265 16266 44
39164 39165 44
31126 31127 44
38147 38148 44
17146 17147 44
46151 46152 44
17147 17148 44
2289 2290 44
14588 14589 44
28605 28606 44
47483 47484 44
3556 3557 44
43754 43755 44
48830 48831 44
23356 23357 44
30285 30286 44
38162 38163 44
47494 47495 44
21442 21443 44
22086 22087 44
27780 27781 44
16276 41566 44
14208 14209 44
3445 3446 44
31160 33262 44
1964 6206 44
29468 29469 44
14599 14600 44
3381 3382 44
744 745 44
27795 27796 44
8065 18501 44
38186 38187 44
12051 12052 44
14610 14611 44
9153 9154 44
8684 8685 44
40309 40310 44
19713 19714 44
41433 41434 44
2120 2121 44
15441 15442 44
34082 34083 44
17628 17629 44
23399 23400 44
41445 41446 44
14617 14618 44
6745 6746 44
22120 22121 44
1020 1021 44
43822 43823 44
28661 28662 44
27828 27829 44
48919 48920 44
2985 2986 44
8943 39389 44
41458 41459 44
8492 8493 44
18603 18604 44
23416 23417 44
39272 39273 44
18605 18606 44
29520 29521 44
9416 9417 44
19751 19752 44
25484 25485 44
24084 24085 44
8292 8293 44
32247 32248 44
33186 33187 44
10752 10753 44
24806 24807 44
48955 48956 44
11400 49796 44
6751 6752 44
30380 30381 44
2859 2860 44
45020 45021 44
21507 21508 44
17664 17665 44
27856 28856 44
17671 17672 44
14243 14244 44
5709 5710 44
24105 24106 44
1485 24283 44
48990 48991 44
20327 20328 44
7867 7868 44
5825 5826 44
8512 8513 44
22168 22169 44
12100 12101 44
19166 19167 44
47668 47669 44
17222 17223 44
1087 1088 44
8706 8707 44
12105 12106 44
47685 47686 44
6099 24110 44
45065 45066 44
27900 27901 44
46352 46353 44
27901 27902 44
45070 45071 44
5829 5830 44
10489 29164 44
21547 21548 44
9688 9689 44
7678 7679 44
49038 49039 44
26251 26252 44
17693 17694 44
18663 18664 44
8967 8968 44
3950 15662 44
46386 46387 44
33265 33266 44
17700 33747 44
31332 31333 44
12453 12454 44
33272 33273 44
19203 19204 44
12124 12125 44
13171 13172 44
2862 2863 44
46413 46414 44
43948 43949 44
45113 45114 44
23512 23513 44
49084 49085 44
42766 42767 44
25578 25579 44
33284 33285 44
942 943 44
3327 3328 44
34229 34230 44
5838 5839 44
27958 27959 44
43970 43971 44
39408 48156 44
40496 40497 44
11782 11783 44
7897 7898 44
8329 8330 44
15092 15093 44
11786 11787 44
10806 10807 44
29651 29652 44
29654 42845 44
10514 10515 44
5840 5841 44
27980 27981 44
19844 19845 44
8735 8736 44
32367 32368 44
45173 45174 44
37380 37381 44
12145 12146 44
4258 4259 44
3736 13774 44
9462 9463 44
15979 15980 44
9725 9726 44
1779 6108 44
14719 14720 44
12850 12851 44
49165 49166 44
25628 25629 44
18718 18719 44
33345 33346 44
31410 31411 44
18722 18723 44
9727 9728 44
38419 38420 44
21641 21642 44
2558 2559 44
21037 21038 44
8335 14246 44
8744 8745 44
29705 29706 44
21651 48181 44
12164 12165 44
17762 17763 44
6959 6960 44
13218 13219 44
12166 12167 44
32440 32441 44
23565 23566 44
35322 35323 44
30539 30540 44
37443 37444 44
17769 17770 44
9470 9471 44
37449 37450 44
16846 16847 44
23572 23573 44
49234 49235 44
12169 32163 44
5599 17704 44
17312 17313 44
42945 42946 44
9999 10000 44
12880 12881 44
34339 34340 44
13229 13230 44
24970 40620 44
21675 32370 44
27197 27198 44
45287 45288 44
24280 24281 44
5213 5214 44
9740 9741 44
41768 41769 44
4174 4175 44
37482 37483 44
29756 35397 44
18767 18768 44
7918 7919 44
35373 35374 44
19302 19303 44
30586 30587 44
39593 39594 44
7310 7311 44
24987 24988 44
46636 46637 44
43008 43009 44
30594 30595 44
9482 9483 44
47982 47983 44
45326 45327 44
1405 1406 44
3214 3215 44
41813 41814 44
25705 25706 44
22950 22951 44
4485 26285 44
38527 38528 44
28096 28097 44
44148 44149 44
14767 14768 44
15594 31270 44
12191 12192 44
18782 18783 44
15170 15171 44
9243 9244 44
27236 27237 44
23617 23618 44
11501 11502 44
45358 45359 44
28922 28923 44
45362 45363 44
35429 35430 44
21728 21729 44
48039 48040 44
1918 33003 44
44186 44187 44
40707 40708 44
9026 31163 44
28129 28130 44
26449 26450 44
28134 28135 44
33512 33513 44
37569 37570 44
27256 27257 44
19946 19947 44
48069 48070 44
49406 49407 44
23630 23631 44
48073 48074 44
22343 22344 44
1954 1955 44
10033 10034 44
34443 34444 44
8566 8567 44
48085 48086 44
45424 45425 44
14785 14786 44
45428 45429 44
49435 49436 44
945 946 44
11198 11199 44
32567 32568 44
2821 2822 44
12573 45260 44
10864 10865 44
28975 28976 44
46762 46763 44
11522 11523 44
46770 46771 44
5368 5369 44
1571 1572 44
6500 6501 44
33552 33553 44
46780 46781 44
5875 5876 44
3866 3867 44
36532 36533 44
24364 24365 44
3757 3758 44
20532 20533 44
17384 17385 44
21160 21161 44
14810 14811 44
7745 7746 44
20542 20543 44
20543 20544 44
33582 35919 44
33585 33586 44
18818 18819 44
9785 9786 44
39726 39727 44
46827 46828 44
45494 45495 44
39728 39729 44
16508 48969 44
16928 16929 44
21178 21179 44
5237 5238 44
23697 23698 44
39748 39749 44
13637 13638 44
10313 10314 44
32633 32634 44
39756 39757 44
39759 39760 44
43180 43181 44
14415 14416 44
5502 5503 44
3340 3341 44
48180 48181 44
43193 43194 44
21192 21193 44
42008 42009 44
49549 49550 44
26527 26528 44
4089 15251 44
8803 8804 44
44315 44316 44
27355 27356 44
16107 16108 44
49568 49569 44
11899 11900 44
26543 26544 44
18855 18856 44
5884 5885 44
43218 43219 44
38690 42373 44
15246 15247 44
39783 40828 44
24431 24432 44
44347 44348 44
18365 18366 44
4289 7949 44
49594 49595 44
35576 35577 44
10326 10327 44
22443 22444 44
49605 49606 44
29066 29067 44
13307 13308 44
906 907 44
35593 35594 44
42056 42057 44
38718 38719 44
29924 29925 44
40885 40886 44
44379 44380 44
18876 18877 44
11229 13758 44
16126 16127 44
1317 1318 44
12261 12262 44
1575 1576 44
27395 27396 44
20052 20053 44
42078 42079 44
45619 45620 44
28280 28281 44
45622 45623 44
11570 11571 44
11236 11237 44
25845 25846 44
46947 46948 44
8381 8382 44
17883 17884 44
37783 37784 44
21858 21859 44
21241 21242 44
9294 9295 44
10907 10908 44
21246 21247 44
6178 6179 44
45645 45646 44
11925 11926 44
28312 28313 44
14068 14069 44
36702 36703 44
11255 11256 44
10914 10915 44
7200 7201 44
35656 35657 44
34627 34628 44
42126 42127 44
13678 13679 44
37810 37811 44
25166 25167 44
17901 17902 44
5639 30387 44
20087 28062 44
14476 14477 44
32750 32751 44
10343 13660 44
25170 44073 44
35672 35673 44
1988 1989 44
16577 16578 44
6019 9096 44
7572 7573 44
38828 38829 44
9817 21840 44
44498 44499 44
38830 38831 44
16159 16160 44
22526 22527 44
8394 8395 44
20671 20672 44
13693 27359 44
48376 48377 44
37855 37856 44
20676 20677 44
30012 30013 44
21912 21913 44
17031 17032 44
48391 48392 44
13356 13357 44
45732 45733 44
26658 26659 44
17930 17931 44
3419 3420 44
20681 20682 44
43382 43383 44
21920 21921 44
13360 13361 44
3597 3598 44
17484 17485 44
27502 27503 44
36791 36792 44
26674 26675 44
2020 2021 44
3288 33607 44
882 883 44
20127 20128 44
33777 33778 44
6383 6384 44
27514 27515 44
360 361 44
10365 10366 44
27526 27527 44
8630 8631 44
41058 41059 44
3526 3527 44
7224 19277 44
49821 49822 44
27530 41981 44
17056 17057 44
4117 4118 44
32856 32857 44
20712 20713 44
12323 12324 44
26705 26706 44
20717 20718 44
44611 44612 44
49846 49847 44
37915 37916 44
13723 13724 44
48496 48497 44
6201 6202 44
26716 26717 44
12325 12326 44
11644 11645 44
36860 36861 44
20152 20153 44
13393 13394 44
34769 34770 44
9840 9841 44
3792 3793 44
36879 36880 44
2832 2833 44
25977 25978 44
27584 27585 44
17525 17526 44
19565 19566 44
22627 34734 44
49887 49888 44
3530 3531 44
1847 1848 44
23895 23896 44
47214 47215 44
5924 12042 44
10382 10383 44
34797 34798 44
22638 22639 44
23902 23903 44
21988 21989 44
41155 41156 44
23909 23910 44
41162 41163 44
38981 38982 44
29303 29304 44
20182 20183 44
48570 48571 44
26755 26756 44
38989 38990 44
30133 30134 44
21353 21354 44
2739 2740 44
24622 24623 44
49943 49944 44
12713 15995 44
36930 36931 44
17546 17547 44
31970 31971 44
26014 26015 44
19590 19591 44
42366 42367 44
42367 42368 44
23254 23255 44
42372 42373 44
2243 2244 44
33886 35471 44
8228 8229 44
20192 20193 44
17993 18035 44
32950 39989 44
10679 10680 44
42396 42397 44
35899 35900 44
34860 34861 44
40112 40113 44
15374 15375 44
4435 4436 44
25323 25324 44
22666 22667 44
23266 23267 44
28517 28518 44
24650 24651 44
23945 23946 44
2591 2592 44
14012 14013 45
21151 21152 45
32544 32545 45
22178 22179 45
6823 6824 45
10403 10404 45
4248 32122 45
5808 5809 45
15352 15353 45
6393 6394 45
47715 47716 45
38613 38614 45
46610 46611 45
8786 16669 45
45496 45497 45
17560 17561 45
26745 26746 45
15710 15711 45
20659 20660 45
35048 35049 45
14351 14352 45
47751 47752 45
44479 44480 45
34199 34200 45
45514 45515 45
38631 38632 45
27443 27444 45
33386 33387 45
35943 35944 45
45521 45522 45
11998 11999 45
27445 27446 45
16088 23050 45
24387 36841 45
22756 22757 45
32582 32583 45
6219 6220 45
14028 14029 45
48931 48932 45
8432 8433 45
7177 7178 45
23815 23816 45
46659 46660 45
26759 26760 45
10651 10652 45
7870 7871 45
21194 21195 45
42527 42528 45
36 37 45
31741 31742 45
8798 8799 45
30954 34078 45
14366 14367 45
38672 38673 45
30956 30957 45
10659 16622 45
10010 31375 45
12586 12587 45
17951 17952 45
15742 15743 45
5020 5021 45
21722 21723 45
10663 10664 45
26789 26790 45
47851 47852 45
12588 12589 45
11458 11459 45
17217 17218 45
43591 43592 45
30984 30985 45
28861 28862 45
1795 1796 45
36935 36936 45
3256 3257 45
2621 2622 45
37870 37871 45
1639 1640 45
46737 46738 45
47880 47881 45
12883 12884 45
3786 3787 45
44607 44608 45
36952 36953 45
25622 30776 45
39680 39681 45
3391 3392 45
21228 21229 45
6412 38239 45
38728 38729 45
37887 37888 45
18804 47507 45
5170 33598 45
32669 32670 45
30301 30302 45
42602 42603 45
23340 23341 45
45646 45647 45
23341 23342 45
4795 4796 45
29615 42939 45
33515 33516 45
38756 38757 45
31018 31019 45
7537 7538 45
603 604 45
30315 30316 45
29621 29622 45
42628 42629 45
23887 23888 45
15414 15415 45
25645 25646 45
14405 14406 45
45684 45685 45
28267 28268 45
44676 44677 45
2079 2080 45
19256 19257 45
19256 26955 45
20250 20251 45
14745 14746 45
47972 47973 45
3884 3885 45
22282 22283 45
20254 20255 45
28286 28287 45
1720 1721 45
3196 3197 45
12616 12617 45
45708 45709 45
33560 46681 45
19269 30997 45
19795 19796 45
40676 40677 45
31069 31070 45
26245 48085 45
11764 11765 45
29672 29673 45
16865 16866 45
9229 9230 45
48009 48010 45
13766 13767 45
33584 33585 45
45733 45734 45
20278 20279 45
21791 24742 45
23398 23399 45
37960 37961 45
11217 11218 45
26909 26910 45
7550 7551 45
3891 3892 45
37972 37973 45
2979 2980 45
29695 29696 45
39793 39794 45
32763 32764 45
17270 17271 45
31943 31944 45
18850 18851 45
24539 24540 45
27628 27629 45
46908 46909 45
2922 2923 45
11226 11227 45
10697 10698 45
6437 6438 45
26933 26934 45
37996 46530 45
31961 31962 45
46924 46925 45
32795 32796 45
28995 28996 45
38002 38003 45
21813 21814 45
6262 6263 45
43789 43790 45
36180 36181 45
49232 49233 45
18865 18866 45
23957 23958 45
37112 37113 45
31977 31978 45
10700 10701 45
42781 42782 45
22336 22337 45
37120 45676 45
4191 4192 45
35304 35305 45
10055 10056 45
16175 24627 45
849 850 45
38029 38030 45
35313 35314 45
36209 36210 45
14779 33389 45
625 626 45
11512 11513 45
38045 38046 45
19843 19844 45
15828 15829 45
32003 32004 45
27679 27680 45
40812 40813 45
14456 14457 45
39881 39882 45
46999 47000 45
45859 45860 45
32009 32010 45
2466 2467 45
33672 35517 45
12088 12089 45
43860 43861 45
7052 7053 45
26314 26315 45
19348 19349 45
39901 39902 45
16920 16921 45
3909 3910 45
23987 23988 45
10063 10064 45
12365 12366 45
10490 13306 45
18904 18905 45
15848 15849 45
48172 48173 45
23468 23469 45
47049 47050 45
42885 42886 45
49356 49357 45
30459 30460 45
21337 21338 45
15480 15481 45
4822 47451 45
33698 33699 45
13243 13244 45
19876 29985 45
39927 39928 45
27018 27019 45
38112 38113 45
23484 23485 45
47069 47070 45
25778 25779 45
37234 37235 45
27730 27731 45
40877 40878 45
36284 41033 45
8122 8123 45
11813 43696 45
21348 21349 45
49403 49404 45
35403 35404 45
35404 35405 45
2928 2929 45
48221 48222 45
41937 41938 45
48226 48227 45
29793 29794 45
5351 5352 45
20 21 45
17708 17709 45
1336 43624 45
45981 45982 45
13544 13545 45
14160 14161 45
39024 39025 45
24632 24633 45
9459 9460 45
18938 18939 45
31250 31251 45
33731 33732 45
2181 2182 45
3917 3918 45
10296 10297 45
2092 2093 45
19912 19913 45
29816 29817 45
15876 15877 45
46019 46020 45
17351 17352 45
22432 22433 45
6897 6898 45
28476 28477 45
46027 46028 45
48291 48292 45
25811 25812 45
49479 49480 45
32950 49501 45
10983 10984 45
196 20363 45
16242 47961 45
15519 15520 45
18967 18968 45
24664 24665 45
46057 46058 45
21384 21385 45
20906 20907 45
5622 5623 45
31312 31313 45
16981 16982 45
5870 5871 45
42009 42010 45
11554 11555 45
25228 25229 45
18976 18977 45
9871 34163 45
20914 20915 45
47219 47220 45
27821 27822 45
28507 28508 45
19426 19427 45
11837 11838 45
24093 43185 45
40993 40994 45
29164 29165 45
18979 18980 45
22476 22477 45
10523 10524 45
3729 3730 45
29891 29892 45
19442 19443 45
5756 5757 45
21422 21423 45
31349 31350 45
34641 34642 45
36425 36426 45
8140 8141 45
24704 41721 45
21424 21425 45
14202 14203 45
48383 48384 45
6911 24284 45
18155 32904 45
15542 15543 45
20939 20940 45
11568 11569 45
33050 33051 45
14524 43485 45
47277 47278 45
8349 8350 45
44064 44065 45
37390 38109 45
5089 5090 45
43116 43117 45
3497 3498 45
17772 17773 45
3501 3502 45
5762 5763 45
5094 5095 45
1452 40226 45
16280 42092 45
32260 32261 45
24749 24750 45
48429 48430 45
4306 13463 45
29223 29224 45
39198 39199 45
29930 29931 45
2047 2048 45
31393 31394 45
26505 26506 45
29933 29934 45
9902 9903 45
28576 28577 45
26509 26510 45
17403 17404 45
45132 45133 45
9708 9709 45
13600 13601 45
24166 24167 45
41111 41112 45
2485 2486 45
2005 11614 45
9712 47024 45
40161 40162 45
12439 12440 45
47368 47369 45
25924 25925 45
47372 47373 45
7986 7987 45
4125 8161 45
508 509 45
46246 46247 45
1518 1519 45
7431 7432 45
37465 37466 45
24181 24182 45
29965 29966 45
8937 15808 45
3842 3843 45
20479 20480 45
26551 26552 45
44161 44162 45
47404 47405 45
39259 39260 45
43212 43213 45
20020 20021 45
10350 10351 45
6328 6329 45
10818 10819 45
12457 12458 45
44185 44186 45
23632 23633 45
12766 12767 45
45198 45199 45
5396 5397 45
13072 13073 45
25956 25957 45
28637 28638 45
294 295 45
42207 42208 45
12461 44177 45
20501 20502 45
27967 27968 45
10354 10355 45
25382 25383 45
9518 18713 45
45223 45224 45
30727 30728 45
36586 36587 45
42230 42231 45
46327 46328 45
4044 4045 45
30732 30733 45
47453 47454 45
45 46 45
2947 2948 45
29345 29346 45
15613 15614 45
22614 22615 45
19541 19542 45
33996 33997 45
17081 17082 45
49786 49787 45
47473 47474 45
33207 33208 45
28664 28665 45
37557 37558 45
4867 4868 45
27277 27278 45
41232 41233 45
19545 19546 45
30754 30755 45
20059 20060 45
34850 34851 45
46374 46375 45
6181 22655 45
33222 33223 45
19550 19551 45
36637 36638 45
10171 10172 45
13647 13648 45
27292 27293 45
1341 1342 45
6507 6508 45
16354 46666 45
25424 31552 45
47523 47524 45
9533 42108 45
29386 29387 45
28690 37657 45
43322 43323 45
20078 26863 45
47533 47534 45
23691 23692 45
35769 35770 45
4987 4988 45
19096 19097 45
46425 46426 45
1537 1538 45
1076 4625 45
19583 19584 45
21095 21096 45
17099 17100 45
8748 9433 45
29407 29408 45
9757 9758 45
48720 48721 45
43350 43351 45
14619 14620 45
43354 43355 45
11939 11940 45
30808 30809 45
11385 32853 45
13969 32956 45
41318 41319 45
35803 35804 45
4875 4876 45
26660 26661 45
21587 21588 45
24303 24304 45
15297 15298 45
14298 14299 45
17870 17871 45
35819 35820 45
35824 35825 45
11669 11670 45
34955 34956 45
35828 35829 45
18289 18290 45
7462 7463 45
5925 5926 45
23732 23733 45
40377 40378 45
14962 14963 45
1323 1324 45
11958 11959 45
48786 48787 45
167 168 45
17512 17513 45
2497 2498 45
39467 39468 45
5003 5004 45
17133 17134 45
4339 4340 45
29466 29467 45
30141 30142 45
49962 49963 45
11142 11143 45
37716 37717 45
40414 40415 45
28758 28759 45
33320 33321 45
1665 1666 45
2732 2733 45
36782 36783 45
49982 49983 45
40433 40434 45
45453 45454 45
17526 17527 45
10396 10397 45
1709 1710 45
4771 4772 45
49990 49991 45
29486 29487 45
14668 14669 45
21649 21650 45
12542 12543 45
15687 15688 45
46778 46779 46
11484 11485 46
26487 26488 46
22819 22820 46
6513 13601 46
7167 7168 46
3888 3889 46
23789 23790 46
15111 15112 46
28411 28412 46
6661 6662 46
31633 31634 46
24869 24870 46
13235 13236 46
42724 42725 46
25401 25402 46
1569 1570 46
31647 31648 46
31648 31649 46
17556 17557 46
4447 4448 46
1638 16149 46
937 938 46
42742 42743 46
34745 34746 46
23809 23810 46
9924 9925 46
3754 36977 46
7548 7549 46
30941 30942 46
16161 16162 46
30303 30304 46
15820 15821 46
29035 29036 46
2952 2953 46
44766 44767 46
41777 41778 46
37348 37349 46
42768 42769 46
1361 1362 46
18726 36368 46
14489 14490 46
25434 25435 46
5108 5109 46
1109 6391 46
9460 9461 46
3317 3318 46
34015 34016 46
47948 47949 46
35639 35640 46
9028 9029 46
42796 42797 46
39022 39023 46
39023 39024 46
23828 48131 46
9238 9239 46
13843 13844 46
23358 23359 46
13560 13561 46
34808 34809 46
29068 29069 46
4617 4618 46
12694 12695 46
24385 24386 46
27195 44154 46
34030 34031 46
39954 39955 46
19159 19160 46
39957 39958 46
5236 5237 46
41869 41870 46
14833 14834 46
29083 29084 46
43846 43847 46
43847 43848 46
22882 22883 46
9468 9469 46
15505 15506 46
23860 23861 46
39967 39968 46
40878 40879 46
1363 1364 46
43864 43865 46
39056 39057 46
46940 46941 46
42881 42882 46
5962 35747 46
22398 22399 46
8792 8793 46
16540 16541 46
37408 37409 46
23386 23387 46
32552 32553 46
39994 39995 46
27863 27864 46
20535 20536 46
28511 28512 46
38247 38248 46
31762 31763 46
28512 28513 46
33312 33313 46
29759 29760 46
27865 27866 46
49136 49137 46
18772 18773 46
25491 25492 46
34088 34089 46
2958 2959 46
16548 16549 46
36569 36570 46
10204 10205 46
40936 40937 46
12709 12710 46
35721 35722 46
4052 4053 46
36578 36579 46
8388 8389 46
795 35260 46
23406 23407 46
21957 21958 46
7027 7028 46
22906 22907 46
177 178 46
4910 4911 46
30411 30412 46
18388 18389 46
24449 24450 46
24451 24452 46
35763 35764 46
43945 43946 46
7376 7377 46
38310 38311 46
49198 49199 46
22433 22434 46
45959 45960 46
3655 3656 46
20558 20559 46
37495 37496 46
37497 37498 46
37498 37499 46
5379 43093 46
18396 18397 46
39185 39186 46
43967 43968 46
4478 4479 46
16228 16229 46
13598 13599 46
21987 21988 46
39192 39193 46
10716 10717 46
32630 32631 46
9967 9968 46
34148 34149 46
40103 40104 46
47095 47096 46
17626 17627 46
11286 11287 46
6428 6429 46
8198 8199 46
21511 21512 46
29817 29818 46
29172 29173 46
6429 11360 46
17637 17638 46
11585 11586 46
22013 22014 46
45010 45011 46
13042 13043 46
37547 37548 46
21517 44377 46
16925 16926 46
14879 29627 46
7579 7580 46
4732 4733 46
18425 18426 46
33441 33442 46
22965 22966 46
47159 47160 46
16590 16591 46
23476 23477 46
16592 16593 46
25601 25602 46
49323 49324 46
46078 46079 46
4635 4636 46
5624 39423 46
17309 17310 46
6432 16260 46
29222 29223 46
32683 32684 46
47184 47185 46
5129 5130 46
1870 1871 46
31162 31163 46
15223 15224 46
33479 33480 46
19257 19258 46
48232 48233 46
5869 5870 46
41101 41102 46
18027 25165 46
31936 31937 46
4551 4552 46
43122 43123 46
22521 22522 46
26726 26727 46
31944 31945 46
3777 3778 46
7799 7800 46
47213 47214 46
36735 36736 46
9767 9768 46
44075 44076 46
17322 17323 46
23991 23992 46
28646 28647 46
26740 26741 46
24552 24553 46
25074 25075 46
29281 29282 46
7057 7058 46
19279 24280 46
1536 1537 46
5039 5040 46
22535 22536 46
24002 24003 46
656 657 46
4841 4842 46
23529 23530 46
12767 12768 46
1256 1257 46
12189 12190 46
33543 33544 46
14278 14279 46
314 315 46
6738 6739 46
29927 29928 46
35114 35115 46
5161 5162 46
17348 17349 46
37691 37692 46
11908 11909 46
24026 24027 46
34293 34294 46
32778 32779 46
32014 32015 46
27408 27409 46
6288 6289 46
30570 30571 46
31252 31253 46
42209 42210 46
11910 11911 46
7250 7251 46
36832 36833 46
11035 11036 46
35980 35981 46
39392 39393 46
8654 18761 46
4647 4648 46
37734 37735 46
20697 20698 46
40300 40301 46
14936 14937 46
42237 42238 46
4651 4652 46
6458 6459 46
32813 32814 46
17004 17005 46
33593 33594 46
26787 26788 46
31278 49438 46
4335 4336 46
39420 39421 46
49512 49513 46
33599 33600 46
8261 8262 46
11651 11652 46
31292 31293 46
9340 16418 46
37773 37774 46
32062 32063 46
6146 6147 46
3382 3383 46
23061 33732 46
19350 19351 46
29967 29968 46
23568 23569 46
6303 6304 46
16310 16311 46
16668 16669 46
6467 6468 46
23071 23072 46
29978 29979 46
7636 7637 46
48438 48439 46
42288 42289 46
20727 20728 46
40357 40358 46
43305 43306 46
27477 27478 46
45269 45270 46
36053 36054 46
25163 25164 46
40362 40363 46
1453 1454 46
5425 5426 46
11366 11367 46
19364 19365 46
38605 38606 46
12808 12809 46
31334 31335 46
20746 20747 46
40386 40387 46
6152 6153 46
49601 49602 46
16328 16329 46
14004 14005 46
43337 43338 46
30663 30664 46
18529 23461 46
26268 26269 46
37823 37824 46
43345 43346 46
4854 19748 46
30013 30014 46
25749 25750 46
37832 37833 46
21224 21225 46
14332 14333 46
29415 29416 46
7641 7642 46
36971 36972 46
37849 49093 46
38644 43250 46
13121 13122 46
19863 19864 46
19375 19376 46
14335 14336 46
36982 36983 46
48538 48539 46
38655 38656 46
17406 17407 46
11082 11083 46
22171 22172 46
25766 28422 46
1507 1508 46
11964 11965 46
8908 8909 46
32189 32190 46
6623 6624 46
34456 34457 46
26298 26299 46
21253 38310 46
33702 33703 46
31385 31386 46
38677 38678 46
5300 5301 46
27542 27543 46
9584 9585 46
5546 5547 46
27549 27550 46
12549 12550 46
40478 40479 46
38690 38691 46
49712 49713 46
40488 40489 46
34483 34484 46
32957 32958 46
22185 22186 46
5301 5302 46
30719 30720 46
7109 7110 46
6767 6768 46
4266 4267 46
8082 8083 46
9374 9375 46
31423 31424 46
32228 32229 46
24168 24169 46
47558 47559 46
47559 47560 46
9143 9144 46
5304 5305 46
10081 10082 46
26339 26340 46
32238 32239 46
10083 10084 46
45452 45453 46
10083 38063 46
49759 49760 46
32242 32243 46
44437 44438 46
7665 7666 46
8510 8511 46
46529 46530 46
2972 2973 46
1886 1887 46
47596 47597 46
33755 33756 46
37079 37080 46
18583 18584 46
8513 8514 46
5678 5679 46
38754 38755 46
40550 40551 46
19449 43810 46
18588 18589 46
26974 26975 46
37941 37942 46
48700 48701 46
26368 26369 46
47623 47624 46
17457 17458 46
17460 17461 46
10095 10096 46
4860 4861 46
13744 13745 46
32271 32272 46
7123 7124 46
16746 16747 46
23695 23696 46
45505 45506 46
17467 17468 46
7124 7125 46
34567 34568 46
18215 18216 46
25833 25834 46
14076 14077 46
43543 43544 46
31487 31488 46
7480 46664 46
37973 37974 46
30792 30793 46
1205 31514 46
11731 11732 46
38806 38807 46
22246 22247 46
31502 31503 46
39720 39721 46
37135 37136 46
48762 48763 46
38820 38821 46
4276 4277 46
48770 48771 46
16756 28591 46
49861 49862 46
18628 18629 46
3804 3805 46
2473 2474 46
33835 33836 46
41572 41573 46
45555 45556 46
9409 9410 46
27032 27033 46
27035 27036 46
6341 6342 46
30168 30169 46
19961 19962 46
9627 30870 46
20406 20407 46
41585 41586 46
29557 29558 46
25864 41527 46
2719 2720 46
29563 33044 46
8728 8729 46
2085 2086 46
42607 42608 46
5201 5202 46
43623 43624 46
47747 47748 46
5087 5088 46
47750 47751 46
9876 35797 46
30194 30195 46
35465 35466 46
12903 12904 46
36318 36319 46
19065 19066 46
3249 3250 46
16433 16434 46
8118 8119 46
30843 40790 46
42631 42632 46
12624 12625 46
5702 5703 46
14437 14438 46
43652 43653 46
30858 30859 46
41647 41648 46
9883 9884 46
37241 37242 46
6051 6052 46
36350 36351 46
2124 12796 46
2048 4465 46
7510 7511 46
521 522 46
30872 49406 46
28384 28385 46
15433 15434 46
5708 5709 46
7522 7523 46
40726 40727 46
29619 29620 46
33907 45074 46
638 639 46
41700 41701 46
17530 17531 46
4225 4226 46
28395 28396 46
24310 30931 46
12649 12650 46
9669 9670 46
5987 5988 47
37191 37192 47
28390 28391 47
12543 12544 47
41606 41607 47
7235 7236 47
42608 42609 47
12830 12831 47
48887 48888 47
4381 4382 47
41619 41620 47
29649 29650 47
21400 21401 47
17132 17133 47
34658 34659 47
36321 36322 47
46714 46715 47
29001 29002 47
15334 15335 47
47794 47795 47
10616 10617 47
29004 29005 47
23367 23368 47
3067 3068 47
19575 19576 47
31673 31674 47
7991 7992 47
27763 27764 47
32464 32465 47
6140 6141 47
27767 27768 47
11170 11171 47
28414 28415 47
47836 47837 47
4121 4122 47
15345 15346 47
27125 27126 47
15697 15698 47
15348 15349 47
3184 3185 47
10386 10387 47
15704 15705 47
1818 1819 47
41695 41696 47
25446 25447 47
46764 46765 47
6608 6609 47
10635 10636 47
21434 21435 47
35539 35540 47
11459 11460 47
7416 7417 47
36399 36400 47
19607 19608 47
8414 8415 47
44692 44693 47
20513 20514 47
17916 17917 47
20998 20999 47
33254 33255 47
46796 46797 47
12021 12022 47
44702 44703 47
32522 32523 47
13451 13452 47
27817 27818 47
3250 3251 47
41739 41740 47
38975 38976 47
9072 9073 47
46821 46822 47
13458 13459 47
30360 30361 47
3121 3122 47
43748 43749 47
34765 34766 47
38988 38989 47
15379 15380 47
16108 16109 47
5287 5288 47
22922 22923 47
5521 5522 47
29085 29086 47
30375 49120 47
28482 28483 47
24440 24441 47
45731 45732 47
33286 33287 47
25493 25494 47
44754 44755 47
47952 47953 47
31766 49906 47
8428 8429 47
14710 14711 47
6311 6312 47
8221 49408 47
45751 45752 47
36465 36466 47
9742 9743 47
30395 30396 47
10196 11115 47
5767 42843 47
6926 6927 47
1354 1355 47
36480 36481 47
4043 4044 47
3126 3127 47
22945 22946 47
41817 41818 47
37371 37372 47
12888 12889 47
33319 33320 47
14735 16751 47
29119 29120 47
46898 46899 47
38202 38203 47
8238 8239 47
42810 42811 47
49122 49123 47
7433 7434 47
33326 33327 47
16479 16480 47
34074 35986 47
12609 12610 47
14417 14418 47
49134 49135 47
32590 32591 47
31824 31825 47
25530 25531 47
33341 33342 47
49144 49145 47
25532 25533 47
1658 1659 47
35678 35679 47
2392 2393 47
3873 3874 47
18389 18390 47
29141 33883 47
11491 11492 47
48055 48056 47
2731 18265 47
27252 27253 47
49168 49169 47
34870 34871 47
24491 31320 47
22491 22492 47
38253 38254 47
14106 14107 47
36 44275 47
34879 34880 47
33368 39926 47
4833 4834 47
484 485 47
30446 30447 47
40015 40016 47
18798 18799 47
31112 31113 47
12625 12626 47
7112 7113 47
41938 41939 47
31865 45336 47
7448 7449 47
39131 39132 47
7452 7453 47
17610 17611 47
41948 41949 47
30458 30459 47
7848 7849 47
14446 14447 47
27282 27283 47
41955 41956 47
45896 45897 47
6025 41724 47
2923 2924 47
5436 5437 47
41964 41965 47
36587 36588 47
17993 17994 47
17263 17264 47
10229 10230 47
8895 8896 47
28575 28576 47
4142 4143 47
47031 47032 47
6347 6348 47
25055 25056 47
8272 8273 47
29190 29191 47
47041 47042 47
29192 29193 47
23995 23996 47
39177 39178 47
47052 47053 47
40977 40978 47
34966 35954 47
34173 34174 47
23996 23997 47
6351 6352 47
20638 20639 47
33454 33455 47
40087 40088 47
4837 4838 47
1531 1532 47
45963 45964 47
4414 4415 47
2552 2553 47
23022 23023 47
34992 34993 47
32693 32694 47
27976 27977 47
47080 47081 47
15823 15824 47
463 464 47
1428 1429 47
1040 1041 47
45987 45988 47
10251 10252 47
8075 17301 47
4625 4626 47
14795 21391 47
43982 43983 47
18454 18455 47
8917 8918 47
29235 29236 47
35836 35837 47
14800 14801 47
29238 29239 47
21594 21595 47
31976 31977 47
5567 5568 47
13253 37470 47
18040 18041 47
45003 45004 47
30541 30542 47
42057 42058 47
38386 38387 47
7139 7140 47
3980 3981 47
18871 18872 47
45012 45013 47
48237 48238 47
10492 10493 47
22599 47689 47
3893 3894 47
9144 9145 47
47171 47172 47
29280 29281 47
14494 27843 47
15149 15150 47
21173 21174 47
23067 23068 47
12384 43357 47
41088 41089 47
25121 25122 47
43095 43096 47
48274 48275 47
12121 12122 47
7878 7879 47
25125 25126 47
41097 41098 47
22116 22117 47
21637 21638 47
36727 36728 47
35890 35891 47
21184 21185 47
43118 43119 47
1942 1943 47
44049 44050 47
29935 29936 47
36742 42029 47
14819 14820 47
37619 37620 47
1558 1559 47
40201 40202 47
18486 18487 47
23583 23584 47
36749 36750 47
16943 16944 47
26209 26210 47
48311 48312 47
40222 40223 47
31294 31295 47
25142 25143 47
35913 35914 47
3826 3827 47
26780 26781 47
41145 41146 47
19336 46285 47
16945 16946 47
42150 42151 47
35931 35932 47
2882 2883 47
36781 36782 47
12397 12398 47
12701 12702 47
11840 11841 47
8516 8517 47
15169 15170 47
23607 23608 47
30628 30629 47
32078 32079 47
12132 35424 47
9161 9162 47
10284 10285 47
4960 4961 47
44118 44119 47
20735 20736 47
21670 21671 47
16970 42359 47
25721 25722 47
31333 31334 47
7889 7890 47
34333 34334 47
46203 46204 47
27458 27459 47
24133 24134 47
43214 43215 47
11857 11858 47
16250 16251 47
3095 3096 47
37723 37724 47
28724 28725 47
2560 2561 47
42220 42221 47
39394 45875 47
11595 11596 47
16625 46838 47
46235 46236 47
719 15798 47
3467 3468 47
11600 11601 47
9606 36521 47
38537 38538 47
28135 28136 47
20764 25958 47
20766 20767 47
22692 22693 47
21701 21702 47
36865 41235 47
21702 21703 47
3996 44598 47
36011 36012 47
5945 5946 47
16995 16996 47
5712 5713 47
19875 19876 47
35200 35201 47
37776 37777 47
46279 46280 47
16268 16269 47
4177 4178 47
20311 20312 47
7516 7517 47
39452 39453 47
49627 49628 47
14239 14240 47
1277 1278 47
38586 38587 47
48490 48491 47
18145 18146 47
7175 7176 47
35217 35218 47
3693 3694 47
1613 1614 47
16646 49531 47
21739 21740 47
45248 45249 47
30712 30713 47
46320 46321 47
32935 32936 47
25226 25227 47
26320 26321 47
1459 1460 47
35232 35233 47
12446 12447 47
49668 49669 47
28784 28785 47
43315 43316 47
28192 28193 47
5362 5363 47
42317 42318 47
36934 36935 47
16286 16287 47
26920 26921 47
31429 31430 47
41333 41334 47
38626 43919 47
49696 49697 47
36939 36940 47
1741 1742 47
26329 26330 47
45299 45300 47
4355 20620 47
3922 3923 47
10315 10316 47
26334 26335 47
20820 20821 47
18994 18995 47
24212 24213 47
1955 1956 47
15234 15235 47
46383 46384 47
36969 36970 47
40425 40426 47
6253 6254 47
15949 15950 47
11634 11635 47
36977 36978 47
15242 15243 47
4264 15548 47
1278 1279 47
6713 35064 47
12462 12463 47
36986 36987 47
39564 39565 47
48605 48606 47
47496 47497 47
9871 13442 47
36122 39765 47
3702 3703 47
48612 48613 47
25282 25283 47
48614 48615 47
11648 11649 47
37000 37001 47
28249 28250 47
12769 12770 47
46438 46439 47
13643 13644 47
36132 36176 47
17425 17426 47
34490 34491 47
27605 27606 47
9437 9438 47
45363 45364 47
30131 30132 47
27610 27611 47
17806 17807 47
27619 27620 47
24250 24251 47
46465 46466 47
49799 49800 47
33028 33029 47
7028 7029 47
48668 48669 47
36157 36158 47
37894 37895 47
43419 43420 47
495 496 47
37039 37040 47
4029 4030 47
17066 17067 47
33770 33771 47
26400 26401 47
6266 6267 47
45417 45418 47
6104 6105 47
25314 25315 47
31512 31513 47
27000 27001 47
43439 43440 47
12209 12210 47
9445 9446 47
26410 26411 47
27640 27641 47
45436 45437 47
15616 15617 47
14291 14292 47
19487 19488 47
33071 33072 47
35364 35365 47
14609 14610 47
46531 46532 47
16338 16339 47
12214 12215 47
43465 43466 47
38749 38750 47
22289 22290 47
49874 49875 47
29546 29547 47
30179 30180 47
5009 5010 47
10119 44352 47
18222 18223 47
38767 38768 47
35382 35383 47
3356 3357 47
43492 43493 47
7041 7042 47
7213 7214 47
34573 34574 47
40568 40569 47
4889 4890 47
33101 33102 47
45489 45490 47
42517 42518 47
5384 5385 47
27673 27674 47
37102 37103 47
1887 1888 47
46591 46592 47
7219 7220 47
14943 14944 47
24842 24843 47
28336 30908 47
40587 40588 47
21841 21842 47
742 743 47
30207 45266 47
5748 5749 47
8168 8169 47
11139 11140 47
21856 21857 47
27703 27704 47
34602 34603 47
6578 6579 47
15656 15657 47
36271 36272 47
37986 37987 47
37139 37140 47
4205 4206 47
28941 28942 47
37991 37992 47
5629 41756 47
17107 17108 47
12533 12534 47
28362 28363 47
24341 24342 47
47723 47724 47
5753 5754 47
7973 7974 47
39765 39766 47
27081 27082 47
27720 33652 47
44561 44562 47
5632 5633 47
14015 14016 47
40651 40652 47
47753 47754 47
20460 20461 47
47756 47757 47
1296 26125 47
2857 12320 47
7982 7983 47
14179 14180 48
3547 12427 48
34262 34263 48
3380 28444 48
141 142 48
10619 10620 48
1009 1010 48
26082 26083 48
11966 11967 48
36845 36846 48
26669 37553 48
38582 38583 48
31956 31957 48
44405 44406 48
36854 36855 48
19469 19470 48
44412 44413 48
13592 13593 48
26088 26089 48
29852 29853 48
45480 45481 48
29853 29854 48
10867 10868 48
31187 31188 48
35127 35128 48
44428 44429 48
38601 38602 48
39496 39497 48
5796 5797 48
23411 23412 48
48881 48882 48
32751 32752 48
30507 30508 48
35991 35992 48
5798 5799 48
836 837 48
13875 13876 48
11438 11439 48
3634 3635 48
24468 24469 48
32766 32767 48
22384 22385 48
31996 31997 48
5176 5177 48
178 179 48
19487 48861 48
2754 2755 48
2701 2702 48
24479 24480 48
25025 25026 48
31232 31233 48
15129 15130 48
25572 27340 48
4099 47499 48
48934 48935 48
32797 32798 48
28000 28001 48
39568 39569 48
15462 15463 48
2203 2204 48
8929 8930 48
42481 42482 48
43505 43506 48
39582 39583 48
11454 46349 48
25038 25039 48
5193 5194 48
35201 35202 48
47814 47815 48
9135 9136 48
32037 32038 48
9995 9996 48
46703 46704 48
48975 48976 48
34359 34360 48
25603 25604 48
25044 25045 48
20947 20948 48
32821 32822 48
29916 34954 48
17511 17512 48
21924 21925 48
43540 43541 48
48992 48993 48
14523 14524 48
31280 31281 48
34391 34392 48
20014 20015 48
40524 40525 48
29285 29286 48
44567 44568 48
17162 17163 48
31291 31292 48
6956 6957 48
33621 33622 48
45612 45613 48
27384 27385 48
45615 45616 48
14525 14526 48
29295 29296 48
22937 22938 48
2493 2494 48
29300 42033 48
18661 18662 48
46769 46770 48
20971 21217 48
26160 26161 48
43579 43580 48
37003 37004 48
15818 15819 48
10659 10660 48
1320 1321 48
5331 5332 48
45641 45642 48
8725 8726 48
9565 9566 48
8163 23518 48
32877 32878 48
47921 47922 48
6068 11055 48
6225 6226 48
10226 10227 48
44618 44619 48
29945 29946 48
26765 26766 48
46810 46811 48
10915 10916 48
10916 10917 48
30622 30623 48
44634 44635 48
35291 35292 48
16175 16176 48
4485 4486 48
1891 1892 48
4386 4387 48
18304 25522 48
6966 6967 48
10675 10676 48
7811 7812 48
37053 37054 48
28100 28101 48
18695 18696 48
17899 17900 48
18700 18701 48
20069 20070 48
35310 35311 48
2824 5172 48
17902 17903 48
8743 8744 48
32170 32171 48
10685 10686 48
47990 47991 48
28124 28125 48
35323 46275 48
44686 44687 48
41603 41604 48
4116 4117 48
24579 24580 48
10242 10243 48
6973 6974 48
22002 22003 48
26812 26813 48
48008 48009 48
4023 4024 48
44703 44704 48
18717 18718 48
39743 39744 48
45734 45735 48
3483 3484 48
36211 36212 48
570 571 48
34506 34507 48
14882 14883 48
2893 2894 48
45749 45750 48
45750 45751 48
38823 38824 48
21049 21050 48
41648 41649 48
12046 12047 48
17227 17228 48
5960 5961 48
16549 47029 48
29405 29406 48
32212 32213 48
36238 36239 48
43725 43726 48
43726 43727 48
38836 38837 48
26255 26256 48
28162 28163 48
843 844 48
2768 38664 48
48078 48079 48
30029 30030 48
5357 5358 48
15546 15547 48
18734 18735 48
22032 35550 48
33001 41696 48
41698 41699 48
37134 37135 48
13976 13977 48
22034 45186 48
34550 34551 48
12329 12330 48
30041 30042 48
42720 42721 48
18349 18350 48
18350 18351 48
461 462 48
19173 19174 48
6415 6416 48
42729 42730 48
12851 12852 48
31437 31438 48
3580 3581 48
49264 49265 48
8022 8023 48
44803 44804 48
17945 17946 48
38026 38027 48
48129 48130 48
17947 21186 48
1998 1999 48
36286 36287 48
7843 7844 48
43783 43784 48
3936 3937 48
21109 21110 48
31456 31457 48
13997 32142 48
40762 40763 48
8595 8596 48
20144 20145 48
1925 1926 48
39842 39843 48
34590 34591 48
24106 24107 48
49331 49332 48
38053 38054 48
13152 13153 48
22590 22591 48
38918 38919 48
47028 47029 48
36305 36306 48
33058 33059 48
7474 7475 48
15571 15572 48
28221 28222 48
32278 32279 48
35451 35452 48
2554 2555 48
8602 8603 48
12348 12349 48
38935 38936 48
17282 17283 48
5496 5497 48
25775 25776 48
34615 34616 48
12882 12883 48
2717 2718 48
15923 15924 48
42826 42827 48
23606 23607 48
35468 35469 48
48197 48198 48
20172 20173 48
32297 32298 48
35475 35476 48
27593 27594 48
147 148 48
4415 4416 48
33097 33098 48
38118 38119 48
2128 2129 48
7015 7016 48
19707 19708 48
17624 17625 48
8239 8240 48
29513 29514 48
16937 16938 48
25218 25219 48
9217 9218 48
49416 49417 48
45971 45972 48
4416 4417 48
49424 49425 48
12101 12102 48
33126 33127 48
48239 48240 48
41876 41877 48
13452 13453 48
8049 8050 48
5626 5627 48
48252 48253 48
5106 5107 48
8245 8246 48
16956 16957 48
10086 10087 48
8808 8809 48
13462 13463 48
3052 3053 48
47156 47157 48
15957 22983 48
33898 33899 48
18815 38461 48
48275 48276 48
7500 7501 48
33149 33150 48
33906 33907 48
49477 49478 48
46017 46018 48
2723 2724 48
23135 23136 48
14964 14965 48
28307 28308 48
23660 23661 48
23137 23138 48
6442 6443 48
36435 36436 48
48293 48294 48
19259 22389 48
27659 27660 48
26402 26403 48
2977 2978 48
30186 35059 48
16974 16975 48
30189 30190 48
18830 18831 48
12658 12659 48
44992 44993 48
39996 39997 48
7681 7682 48
36460 36461 48
1633 1634 48
40933 40934 48
47209 47210 48
36464 36465 48
18030 18031 48
31583 31584 48
19278 19279 48
42982 42983 48
34737 34738 48
35610 35611 48
22688 22689 48
3956 3957 48
29573 42541 48
39082 39083 48
27046 27047 48
18451 18452 48
1564 1565 48
4760 4761 48
49561 49562 48
10783 10784 48
6137 6138 48
32414 32415 48
7338 7339 48
3515 41300 48
43029 43030 48
35631 35632 48
1093 1094 48
1275 1276 48
24231 24232 48
29605 29606 48
16309 16310 48
9894 9895 48
27715 27716 48
40057 40058 48
40985 40986 48
29614 29615 48
7043 7044 48
37413 37414 48
40991 40992 48
38265 38266 48
30232 30233 48
32461 32462 48
21693 21694 48
13496 13497 48
7346 49732 48
9256 9257 48
17361 17362 48
34799 34800 48
48411 48412 48
35662 35663 48
34800 34801 48
17006 17007 48
6586 6587 48
29629 29630 48
14087 14088 48
1140 1141 48
15013 15014 48
9070 9071 48
47312 47313 48
2179 2180 48
37450 37451 48
21720 21721 48
30266 39043 48
39174 39175 48
29637 29638 48
16674 16675 48
8852 8853 48
25358 40682 48
40115 40116 48
43112 43113 48
3775 3776 48
30283 30284 48
48472 48473 48
13509 13510 48
22742 22743 48
49679 49680 48
42083 42084 48
21728 38782 48
29654 29655 48
1837 1838 48
9481 9482 48
20771 20772 48
14716 14717 48
34856 34857 48
46244 46245 48
16 17 48
17040 37443 48
43139 43140 48
22227 22228 48
15024 15025 48
14412 14413 48
34072 34073 48
14413 14414 48
44111 44112 48
37501 37502 48
24853 24854 48
5128 14233 48
4775 4776 48
4065 4066 48
41102 41103 48
411 412 48
27133 27134 48
45179 45180 48
20302 20303 48
43165 43166 48
45184 45185 48
3150 3151 48
11358 11359 48
12428 43000 48
29047 29048 48
21758 21759 48
48552 48553 48
28450 28451 48
12171 12172 48
44146 44147 48
47436 47437 48
48564 48565 48
32553 32554 48
29701 29702 48
30331 30332 48
2239 2240 48
1807 1808 48
38381 38382 48
20310 20311 48
16368 16369 48
40192 40193 48
27811 27812 48
17766 17767 48
29718 29719 48
41152 41153 48
19864 19865 48
26541 26542 48
38397 38398 48
42176 42177 48
10829 10830 48
6019 6020 48
40206 40207 48
15704 25170 48
27824 27825 48
2742 2743 48
29729 29730 48
34959 34960 48
23803 23804 48
15383 15384 48
42205 42206 48
13542 13543 48
7387 7388 48
45263 45264 48
46370 46371 48
17777 17778 48
981 982 48
17417 17418 48
19392 19393 48
41188 41189 48
18157 18158 48
31814 31815 48
6621 6622 48
28490 28491 48
1950 1951 48
2634 2635 48
37600 37601 48
42232 42233 48
38439 38440 48
45296 45297 48
4670 4671 48
24365 24366 48
8508 8509 48
16394 16395 48
13273 13274 48
7398 7399 48
29116 29117 48
16739 16740 48
19909 19910 48
48686 48687 48
37618 37619 48
16081 33306 48
18176 18177 48
11116 11117 48
35860 35861 48
4906 4907 48
41238 41239 48
34188 34189 48
25471 25472 48
21821 21822 48
46452 46453 48
43304 43305 48
42263 42264 48
19919 26649 48
19423 19424 48
23844 23845 48
21824 21825 48
39377 39378 48
24944 24945 48
41263 48629 48
32649 32650 48
46472 46473 48
21339 21340 48
11127 11128 48
4673 4674 48
30424 30425 48
38496 38497 48
30425 30426 48
26622 26623 48
37670 37671 48
31880 31881 48
10184 10185 48
35900 35901 48
36775 36776 48
29791 29792 48
47617 47618 48
44319 44320 48
27248 27249 48
19433 19434 48
27251 27252 48
26039 26040 48
10379 10380 48
19436 19437 48
42325 42326 48
32678 32679 48
17451 17452 48
19439 19440 48
10854 43485 48
37704 37705 48
14170 14171 48
13037 13038 48
47649 47650 48
21852 21853 48
21354 21355 48
24420 24421 48
8897 34886 48
41329 41330 48
5923 5924 48
46548 46549 48
39440 39441 48
9322 9323 48
681 682 48
48804 48805 48
47673 47674 48
17820 17821 48
46554 46555 48
29823 29824 48
31937 31938 48
47683 47684 48
9016 9017 49
10834 10835 49
14652 14653 49
39673 39674 49
19284 19285 49
17320 17321 49
547 548 49
18034 18035 49
43529 43530 49
43532 43533 49
14060 14061 49
29536 45858 49
37081 37082 49
28298 28299 49
2093 2094 49
28894 28895 49
33031 33032 49
20685 20686 49
29543 29544 49
28898 28899 49
7966 7967 49
37093 37094 49
33788 33789 49
3342 18332 49
9972 9973 49
20240 20241 49
11631 11632 49
1016 1017 49
11360 12503 49
16984 16985 49
37967 37968 49
1385 1386 49
40597 40598 49
5191 5192 49
26399 30106 49
27024 27025 49
36260 36261 49
24174 24175 49
44592 44697 49
47840 47841 49
11643 43599 49
36268 36269 49
27034 27035 49
47844 47845 49
9782 9783 49
11368 11369 49
10851 10852 49
31547 31548 49
3769 3770 49
585 586 49
22668 22669 49
40626 40627 49
37136 37137 49
24753 24754 49
14991 14992 49
32328 32329 49
46766 46767 49
15309 15310 49
20719 20720 49
18484 18485 49
42610 42611 49
28950 28951 49
17359 17360 49
652 653 49
23675 23676 49
25851 25852 49
18084 18085 49
47894 47895 49
40657 40658 49
15986 15987 49
11921 11922 49
37181 37182 49
4886 4887 49
32351 39467 49
3715 10298 49
27065 27066 49
20283 20284 49
18495 18496 49
17012 17013 49
43662 43663 49
6003 6004 49
11126 11127 49
41645 41646 49
9037 9038 49
21235 21236 49
39800 39801 49
41658 41659 49
6254 6255 49
33139 33140 49
3352 3353 49
33885 33886 49
33141 33142 49
6637 6638 49
44700 44701 49
40702 40703 49
6918 6919 49
18510 18511 49
21723 21724 49
10213 10214 49
28402 28403 49
23188 23189 49
31620 31621 49
45725 45726 49
36354 36355 49
49072 49073 49
6127 6128 49
9051 9052 49
24807 24808 49
14109 14110 49
10639 10640 49
9419 9420 49
12745 30109 49
33165 33166 49
891 892 49
33168 33169 49
22211 22212 49
3041 3042 49
31644 31645 49
14119 14120 49
22217 22218 49
10645 10646 49
44749 44750 49
7066 7067 49
33928 33929 49
32430 48124 49
40760 40761 49
39854 39855 49
4522 4523 49
761 762 49
19877 19878 49
49126 49127 49
30299 30300 49
16700 16701 49
8868 8869 49
7350 7351 49
11969 11970 49
32458 32459 49
10030 10031 49
3309 3310 49
15372 20581 49
31681 31682 49
13047 13048 49
4015 4016 49
7673 17328 49
40789 40790 49
161 162 49
16059 16060 49
20817 20818 49
33973 33974 49
4532 4533 49
6527 6528 49
16722 18563 49
8021 8022 49
22251 22252 49
16724 16725 49
20345 20346 49
4084 4085 49
2721 21321 49
15 16 49
29087 29088 49
3664 3665 49
14453 14454 49
9631 9632 49
15392 15393 49
378 379 49
3603 3604 49
43817 43818 49
15727 15728 49
14761 14762 49
42819 42820 49
9251 9252 49
33258 33259 49
6283 6284 49
24349 24350 49
23296 23297 49
39944 39945 49
33263 44858 49
16748 16749 49
6038 6039 49
36495 36496 49
10255 10256 49
19013 19014 49
48119 48120 49
11463 11464 49
41863 41864 49
37375 37376 49
16096 16097 49
765 766 49
20383 20384 49
31031 31032 49
42865 42866 49
42867 42868 49
18593 18594 49
47025 47026 49
45915 45916 49
49258 49259 49
22815 23540 49
37385 37386 49
41884 41885 49
17821 17822 49
12017 12018 49
42882 42883 49
9082 48296 49
9455 36502 49
30389 30390 49
17465 17466 49
8705 8706 49
24372 24373 49
30394 30395 49
26019 26020 49
9850 9851 49
41911 41912 49
3676 3677 49
12546 12547 49
39997 43392 49
13880 29084 49
47065 47066 49
34079 34080 49
18616 18617 49
17118 17119 49
22832 42101 49
7869 7870 49
44938 49286 49
18219 18220 49
17120 17121 49
8560 8561 49
47081 47082 49
5341 5342 49
4304 4305 49
47088 47089 49
38266 38267 49
49345 49346 49
14205 14206 49
23852 23853 49
21366 27255 49
35713 35714 49
12811 12812 49
13889 13890 49
24404 24405 49
44959 44960 49
16443 16444 49
4468 4469 49
47128 47129 49
35726 35727 49
49373 49374 49
17492 17493 49
23375 23376 49
38290 38291 49
42966 42967 49
13897 13898 49
6045 6046 49
4306 4307 49
40053 40054 49
6166 6167 49
37458 37459 49
43954 43955 49
12300 12301 49
39154 39155 49
8224 8225 49
34117 34118 49
9672 9673 49
15782 15783 49
40972 40973 49
43007 43008 49
46054 46055 49
48258 48259 49
23387 23388 49
1101 1102 49
31861 31862 49
40070 40071 49
36604 36605 49
10712 10713 49
2246 2247 49
29201 29202 49
43990 43991 49
33366 33367 49
32631 32632 49
9678 9679 49
27972 27973 49
20457 20458 49
14232 14233 49
9680 9681 49
37499 37500 49
46089 46090 49
7704 7705 49
34154 34155 49
20461 20462 49
26098 26099 49
17516 17517 49
6690 6691 49
37514 37515 49
7560 23710 49
23913 23914 49
41013 41014 49
44019 44020 49
27338 27339 49
45039 45040 49
36652 36653 49
38358 38359 49
34982 34983 49
39213 39214 49
42052 42053 49
41020 41021 49
26106 26107 49
40125 40126 49
47245 47246 49
41027 41028 49
36659 36660 49
5849 5850 49
29230 29231 49
31904 31905 49
20953 20954 49
49500 49501 49
15466 15467 49
4390 4391 49
31909 31910 49
18679 18680 49
40145 40146 49
25019 25020 49
15140 15141 49
20964 20965 49
18288 18289 49
36683 36684 49
37553 37554 49
20967 20968 49
20049 20050 49
4233 4234 49
39253 39254 49
41086 41087 49
29887 29888 49
29256 29257 49
38394 38395 49
25580 25581 49
35026 35027 49
16831 16832 49
44079 44080 49
49547 49548 49
23437 23438 49
14828 14829 49
27369 27370 49
18295 18296 49
45131 45132 49
17532 33488 49
29899 29900 49
25598 25599 49
47310 47311 49
16157 16158 49
29907 29908 49
46217 46218 49
29908 41518 49
6697 49954 49
5763 39632 49
6700 6701 49
41121 41122 49
34227 47686 49
5035 5036 49
31215 31216 49
10964 24563 49
22429 22430 49
26147 26148 49
24505 24506 49
268 269 49
7269 7270 49
45170 45171 49
29299 29300 49
35066 35067 49
36746 36747 49
3810 3811 49
16511 16512 49
809 810 49
14252 14253 49
31251 31252 49
18315 18316 49
4933 4934 49
22444 22445 49
3885 3886 49
21011 21012 49
31269 31270 49
3061 15394 49
48480 48481 49
22455 22456 49
29321 29322 49
49640 49641 49
45195 45196 49
48484 48485 49
15166 15167 49
9713 9714 49
49650 49651 49
21476 21477 49
36783 36784 49
6324 6325 49
47410 47411 49
19154 20427 49
34282 34283 49
35945 35946 49
38489 38490 49
1301 1302 49
1995 1996 49
14551 14552 49
5158 5159 49
32782 32783 49
37680 37681 49
21489 21490 49
14553 14554 49
25654 25655 49
14265 14266 49
16193 16194 49
34302 34303 49
15513 15514 49
11280 11281 49
28720 28721 49
43245 43246 49
12878 12879 49
46338 46339 49
34308 34309 49
26795 26796 49
17581 17582 49
49707 49708 49
13974 13975 49
10128 43191 49
11282 40439 49
26806 26807 49
41241 41242 49
36838 36839 49
10775 10776 49
46360 46361 49
29974 29975 49
32070 32071 49
46368 46369 49
32071 32072 49
39423 39424 49
21051 21052 49
10997 10998 49
13682 13683 49
32825 32826 49
44242 44243 49
10328 10329 49
43291 43292 49
10330 10331 49
46387 46388 49
14578 14579 49
45300 45301 49
36863 36864 49
46396 46397 49
44253 44254 49
26827 26828 49
18362 18363 49
30636 30637 49
24024 24025 49
36869 36870 49
14579 14580 49
29395 29396 49
8958 8959 49
23533 23534 49
26840 32551 49
37775 37776 49
12889 12890 49
6329 6330 49
9924 22974 49
15545 15546 49
42311 42312 49
16902 16903 49
32861 32862 49
32862 32863 49
17961 23150 49
36042 36043 49
10549 10550 49
7002 7003 49
1202 1203 49
31360 31361 49
19691 19692 49
40382 40383 49
33627 33628 49
38607 38608 49
24599 24600 49
8769 8770 49
562 563 49
25713 39382 49
40400 40401 49
30026 30027 49
32155 32156 49
33645 33646 49
21549 21550 49
43367 43368 49
525 526 49
47590 47591 49
37812 37813 49
31373 31374 49
35239 35240 49
25157 25158 49
5274 5275 49
17281 17282 49
28789 28790 49
41367 41368 49
11023 11024 49
27532 27533 49
36091 36092 49
12908 44516 49
33662 33663 49
1111 1112 49
20603 20604 49
40438 40439 49
14309 40682 49
6207 6208 49
2926 12972 49
32916 32917 49
20179 20464 49
47638 47639 49
42402 42403 49
48738 48739 49
24087 49623 49
17290 17291 49
5699 39216 49
45441 46435 49
17991 17992 49
26296 26297 49
35280 35281 49
8110 8111 49
8628 8629 49
15569 15570 49
42424 42425 49
28232 28233 49
30720 30721 49
23054 23055 49
4193 4194 49
17299 17300 49
7449 27338 49
26311 26312 49
32217 32218 49
47674 47675 49
25182 25183 49
34480 34481 49
22588 22589 49
2042 2043 49
6355 6356 49
43449 43450 49
703 704 49
1425 1426 49
14930 14931 49
40498 40499 49
8469 8470 49
9546 23560 49
35318 35319 49
25197 25198 49
36162 36163 49
28853 36560 49
32976 32977 49
22603 22604 49
6094 6095 49
10821 16789 49
40514 40515 49
24128 24129 49
30114 30115 49
4498 4499 49
44473 44474 49
35330 35911 49
327 328 49
44478 44479 49
26970 26971 49
5394 5395 49
32996 32997 49
43503 43504 49
48842 48843 49
24134 24135 49
22613 34162 49
28867 29028 49
6741 6742 49
28282 28283 49
42503 42504 49
18023 18024 49
29864 29865 50
20433 20434 50
40170 40171 50
4322 4323 50
43851 43852 50
17749 17750 50
29267 29268 50
41993 41994 50
28668 28669 50
6833 6834 50
10443 10444 50
30463 30464 50
757 49103 50
2144 2145 50
20035 20036 50
45780 45781 50
24148 24149 50
13631 13632 50
48950 48951 50
30485 30486 50
22722 22723 50
11339 11340 50
16207 16208 50
28688 28689 50
15897 15898 50
15304 15305 50
47919 47920 50
22732 22733 50
33944 33945 50
42021 42022 50
25734 25735 50
2411 2412 50
14740 14741 50
33951 33952 50
26260 26261 50
12099 12100 50
8518 8519 50
1585 1586 50
43909 43910 50
357 358 50
4984 4985 50
14472 14473 50
26849 26850 50
6843 6844 50
37829 37830 50
11124 11125 50
25758 43350 50
28716 48145 50
17778 17779 50
5769 5770 50
1691 1692 50
32607 32608 50
17141 17142 50
38597 38598 50
23692 33883 50
12362 12363 50
23213 23214 50
35478 35479 50
44909 44910 50
44912 44913 50
6845 6846 50
23215 23216 50
37064 37065 50
3440 3441 50
34004 34005 50
19632 19633 50
16536 16537 50
8888 8889 50
39441 39442 50
13926 13927 50
31201 31202 50
40288 40289 50
24204 24205 50
18474 18475 50
8889 8890 50
2758 2759 50
37879 37880 50
30544 30545 50
43975 43976 50
29938 29939 50
11871 11872 50
38633 41458 50
19651 19652 50
36299 36300 50
25230 25231 50
26310 26311 50
46990 46991 50
18825 18826 50
2289 26712 50
28182 28183 50
34036 34037 50
45939 45940 50
23238 23239 50
7178 7179 50
34044 34045 50
49109 49110 50
849 14183 50
31954 31955 50
43106 43107 50
40331 40332 50
24221 24222 50
26323 26324 50
37111 37112 50
7659 7660 50
1240 1241 50
17480 17481 50
41208 41209 50
47026 47027 50
31960 31961 50
29961 29962 50
14235 42389 50
11143 11144 50
49138 49139 50
26330 26331 50
16856 16857 50
10895 10896 50
37921 37922 50
41223 41224 50
15363 15364 50
15652 15653 50
42174 42175 50
20519 20520 50
29403 29404 50
1648 1649 50
23262 23263 50
19250 19251 50
11888 11889 50
32697 32698 50
33384 33385 50
38694 40591 50
25815 25816 50
28220 28221 50
44051 44052 50
39557 39558 50
24785 24786 50
40384 40385 50
16567 16568 50
1498 1499 50
42211 42212 50
41261 41262 50
39563 39564 50
29418 29419 50
46043 46044 50
11148 11149 50
36387 36388 50
26963 26964 50
49203 49204 50
42224 42225 50
43189 43190 50
21885 21886 50
14786 42674 50
2979 13813 50
43196 43197 50
43197 43198 50
8707 8708 50
39584 39585 50
30006 30007 50
38722 38723 50
36406 36407 50
19258 19259 50
33417 33418 50
9475 9476 50
19705 19706 50
37970 38378 50
34853 34854 50
40427 40428 50
2980 2981 50
5127 5128 50
39608 39609 50
18873 18874 50
16875 16876 50
19267 19268 50
34861 38907 50
18875 18876 50
26385 26386 50
45102 45103 50
39623 39624 50
46120 46121 50
9287 9288 50
6307 6308 50
49267 49268 50
47173 47174 50
11402 11403 50
1594 1595 50
458 459 50
34143 34144 50
17518 17519 50
30664 30665 50
14526 14527 50
46136 46137 50
101 102 50
23321 23322 50
49306 49307 50
6459 6460 50
14809 14810 50
18193 18194 50
4355 4356 50
16599 16600 50
19747 19748 50
11176 11177 50
9895 22919 50
6035 6036 50
46162 46163 50
38792 38793 50
32786 32787 50
24332 24333 50
41370 41371 50
44171 44172 50
6171 6172 50
34931 49757 50
9111 9112 50
18546 18547 50
37289 37290 50
18550 18551 50
45162 45163 50
26433 26434 50
8386 8387 50
7044 7045 50
5414 47143 50
20598 20599 50
779 780 50
38037 38038 50
22405 22406 50
8047 8048 50
33507 33508 50
12421 12422 50
13717 13718 50
28887 28888 50
44210 44211 50
45187 45188 50
21496 21497 50
43312 43313 50
135 136 50
8933 8934 50
46223 46224 50
40526 40527 50
6601 6602 50
6321 6322 50
48303 48304 50
12185 12186 50
25920 36007 50
35728 35729 50
1711 1712 50
11203 11204 50
38072 38073 50
40542 40543 50
36516 36517 50
14557 14558 50
8942 8943 50
33536 33537 50
38866 38867 50
23850 23851 50
48325 48326 50
21105 21106 50
33541 33542 50
8230 8231 50
9517 9518 50
11945 24071 50
45230 45231 50
4780 4781 50
16328 33692 50
24376 24377 50
35009 35010 50
22441 23290 50
41471 41472 50
43363 43364 50
13741 13742 50
4553 4554 50
30750 30751 50
43370 43371 50
1828 1829 50
32176 32177 50
27096 27097 50
45264 45265 50
44290 44291 50
24908 24909 50
4785 4786 50
46314 46315 50
28375 28376 50
401 8445 50
19814 43956 50
4460 4461 50
39775 39776 50
2047 35221 50
27105 27106 50
15153 33144 50
31445 31446 50
18243 18244 50
26503 37192 50
263 264 50
48403 48404 50
22466 22467 50
43397 43398 50
572 573 50
44316 44317 50
22468 22469 50
17288 17289 50
19832 19833 50
23424 23425 50
28985 28986 50
35829 35830 50
4675 4676 50
12217 27240 50
26525 32322 50
21551 21552 50
16968 16969 50
5038 5039 50
2574 2575 50
11717 11718 50
41536 41537 50
31483 31484 50
32918 34527 50
40649 40650 50
21564 21565 50
48453 48454 50
35082 35083 50
5046 5047 50
29001 43349 50
46380 46381 50
46381 46382 50
37421 37422 50
4202 4203 50
16976 16977 50
29615 31105 50
14598 14599 50
25475 25476 50
41566 41567 50
20263 20264 50
3657 3658 50
13016 13017 50
48485 49554 50
46398 46399 50
42522 42523 50
1946 1947 50
5174 5175 50
24442 24443 50
38200 38201 50
26007 26008 50
4116 4233 50
37447 37448 50
17306 35866 50
4688 4689 50
23459 23460 50
47472 47473 50
8776 8777 50
16679 16680 50
4378 4379 50
37455 37456 50
39864 39865 50
15781 15782 50
47485 47486 50
35895 35896 50
10793 10794 50
39874 39875 50
35120 35121 50
22970 27129 50
30220 30221 50
30850 30851 50
39016 39017 50
33667 33668 50
22059 27065 50
41621 41622 50
33670 33671 50
16377 16378 50
18307 18308 50
36698 36699 50
486 487 50
29042 29043 50
43531 43532 50
41635 41636 50
28462 28463 50
30868 30869 50
48572 48573 50
30236 30237 50
3932 44560 50
26598 26599 50
19873 19874 50
36712 36713 50
39038 39039 50
16383 16384 50
30881 30882 50
42600 42601 50
20723 20724 50
22986 22987 50
40763 40764 50
41672 41673 50
41673 41674 50
33005 33006 50
37511 37512 50
33006 33007 50
16691 39624 50
18659 18660 50
9368 9369 50
45485 45486 50
26052 26053 50
3397 3398 50
21623 21624 50
21627 21628 50
49718 49719 50
36731 36732 50
1948 1949 50
33019 33020 50
21196 21197 50
42642 42643 50
38299 38300 50
15793 15794 50
7571 7572 50
38302 38303 50
48651 48652 50
44550 44551 50
41705 41706 50
999 1000 50
25020 25021 50
3748 3749 50
11264 11265 50
19049 19050 50
34427 48427 50
4387 4388 50
29703 29704 50
34431 34432 50
24511 24512 50
22569 29514 50
36761 36762 50
8279 38665 50
129 130 50
9392 9393 50
13558 13559 50
46593 46594 50
27891 27892 50
19908 19909 50
14369 14370 50
6381 6382 50
4830 4831 50
19463 19464 50
44592 44593 50
49778 49779 50
6784 6785 50
11513 11514 50
18686 18687 50
49783 49784 50
40840 40841 50
38347 38348 50
1052 1053 50
17976 17977 50
44608 44609 50
40845 40846 50
37586 37587 50
48717 48718 50
1076 1077 50
473 474 50
45576 45577 50
12032 12507 50
24542 24543 50
37596 37597 50
20785 28648 50
12538 12539 50
1842 1843 50
1475 1476 50
19930 19931 50
17990 17991 50
16732 16733 50
21684 21685 50
29752 29753 50
27947 27948 50
24039 24040 50
6653 32913 50
4221 4222 50
48757 48758 50
40886 40887 50
25076 25077 50
21252 21253 50
44660 44661 50
38384 38385 50
13581 13582 50
6804 6805 50
9802 9803 50
36059 36060 50
26704 26705 50
27966 27967 50
5347 5348 50
29159 29160 50
33814 33815 50
17998 17999 50
26130 27522 50
29162 29163 50
16151 16152 50
22164 22165 50
2522 21879 50
1532 1533 50
24580 24581 50
46718 46719 50
37669 37670 50
48798 48799 50
26142 26143 50
3514 3515 50
19509 19510 50
45659 45660 50
5358 5359 50
5214 40773 50
36881 36882 50
22652 22653 50
26731 32142 50
53 54 50
18010 18011 50
32467 32468 50
1302 1303 50
646 647 50
8497 8498 50
21726 21727 50
11551 11552 50
3107 43349 50
9612 9613 50
1189 1190 50
49928 49929 50
19966 19967 50
1156 1157 50
37713 37714 50
16765 16766 50
19132 19133 50
12319 12320 50
25132 25133 50
1030 1031 50
44745 44746 50
13358 13359 50
26195 26196 50
40134 40135 50
11077 11078 50
24108 24109 50
42873 42874 50
18035 18036 50
35363 35364 50
9227 9228 50
19999 20000 50
7801 7802 50
48878 48879 50
12070 12071 50
38483 38484 50
33205 33206 50
533 534 50
34597 34598 50
25148 25149 50
8855 8856 50
19551 19552 50
47863 47864 50
16476 16477 50
4856 4857 50
19153 19154 50
8859 16628 50
11580 11581 50
39333 39334 50
23145 23146 50
42913 42914 50
30032 30033 51
12059 12060 51
18682 18683 51
14 15 51
48880 48881 51
24278 24279 51
40753 40754 51
11085 11086 51
5149 5150 51
25838 28380 51
16442 16443 51
32104 33155 51
44620 44621 51
32824 32825 51
28843 28844 51
17045 17046 51
21502 21503 51
35821 35822 51
6768 6769 51
3904 3905 51
20675 20676 51
4850 4851 51
42677 42678 51
44647 44648 51
14167 14168 51
5794 5795 51
48929 48930 51
5053 31420 51
26398 26399 51
33564 33565 51
7367 47318 51
48935 48936 51
17688 17689 51
6414 6415 51
38234 38235 51
20279 20280 51
971 972 51
41719 41720 51
25870 25871 51
31390 31391 51
7894 7895 51
14443 14444 51
32163 32164 51
8823 8824 51
20694 20695 51
2854 2855 51
22876 22877 51
12093 12094 51
25356 25357 51
24331 24332 51
37480 37481 51
27017 27018 51
19088 19089 51
43716 43717 51
48979 48980 51
35072 35073 51
41751 41752 51
19470 19471 51
25899 38532 51
39953 39954 51
37497 41871 51
27023 27024 51
34292 40939 51
19089 19090 51
41765 41766 51
34294 34295 51
21139 21140 51
39081 42627 51
18380 18381 51
3665 3666 51
39085 39086 51
7073 7074 51
16762 16763 51
7898 7899 51
20710 41278 51
21999 22000 51
30755 30756 51
13389 13390 51
19101 19102 51
49027 49028 51
27047 27048 51
3592 3593 51
25385 25386 51
11854 11855 51
16187 16188 51
22010 27016 51
16780 16781 51
33636 33637 51
6931 6932 51
47955 47956 51
12847 12848 51
26463 26464 51
27059 27060 51
37546 37547 51
25396 25397 51
42799 42800 51
19496 34734 51
36742 36743 51
6421 6422 51
32233 32234 51
35132 35133 51
21579 21580 51
21170 21171 51
19499 19500 51
34345 34346 51
46894 46895 51
626 627 51
40907 40908 51
22026 22027 51
1183 2637 51
35154 35155 51
40035 40036 51
23867 23868 51
1029 1030 51
30169 30170 51
16484 16485 51
40040 40041 51
30803 30804 51
6788 6789 51
13405 13406 51
37583 37584 51
4484 4485 51
7721 7722 51
34370 34371 51
46931 46932 51
41907 41908 51
23879 23880 51
14478 14479 51
15320 15321 51
40063 40064 51
2141 2142 51
6796 6797 51
10258 10259 51
41925 41926 51
45842 45843 51
11627 11628 51
29596 29597 51
43850 43851 51
3186 3187 51
4010 4011 51
1616 1617 51
28394 28395 51
18427 18428 51
28996 28997 51
8488 8489 51
3601 3602 51
36008 36009 51
21617 21618 51
24933 24934 51
9646 9647 51
23907 23908 51
46984 46985 51
32290 32291 51
1763 1764 51
15929 15930 51
15627 15628 51
17119 17120 51
15339 15340 51
698 699 51
47001 47002 51
43889 43890 51
17444 17445 51
42936 42937 51
1035 1036 51
740 41711 51
6306 43873 51
18095 38847 51
49192 49193 51
37663 37664 51
43898 43899 51
41979 41980 51
19969 19970 51
22084 22085 51
40123 40124 51
36853 36854 51
569 570 51
4587 4588 51
3616 3617 51
23462 23463 51
15353 15354 51
7943 7944 51
38438 38439 51
8327 8328 51
22981 22982 51
17135 17136 51
48141 48142 51
13957 13958 51
6820 6821 51
21660 21661 51
33746 33747 51
34471 34472 51
31580 31581 51
33749 33750 51
37696 37697 51
6050 6051 51
26028 32054 51
43001 43002 51
20816 20817 51
35271 35272 51
22993 22994 51
48162 48163 51
33759 33760 51
975 976 51
9873 9874 51
33767 33768 51
29058 29059 51
31592 31593 51
11186 11187 51
23000 23001 51
49273 49274 51
43961 43962 51
5835 5836 51
9080 9081 51
49284 49285 51
5414 5415 51
43032 43033 51
10930 10931 51
49294 49295 51
47098 47099 51
16848 49393 51
49301 49302 51
5742 5743 51
7597 7598 51
9272 9273 51
16857 16858 51
44990 44991 51
148 149 51
16269 16270 51
8693 8694 51
13703 13704 51
27216 27217 51
4421 49582 51
19618 19619 51
37766 37767 51
17180 17181 51
7125 7126 51
40206 46689 51
22139 22140 51
41108 41109 51
5745 48405 51
24509 24510 51
26631 26632 51
16572 16573 51
19628 19629 51
29725 29726 51
2703 2704 51
5421 5422 51
42091 42092 51
21707 21708 51
44017 44018 51
5640 5641 51
38539 38540 51
44021 44022 51
2874 2875 51
24005 24006 51
14002 14003 51
2704 17490 51
24525 24526 51
42108 42109 51
20054 20055 51
32439 32440 51
27896 27897 51
7968 7969 51
49393 49394 51
1351 1352 51
32445 32446 51
9299 9300 51
27257 27258 51
819 820 51
39402 39403 51
38569 38570 51
6842 34464 51
33863 33864 51
29750 29751 51
30352 30353 51
7974 7975 51
7792 37238 51
47211 47212 51
27912 27913 51
4995 27114 51
1878 1879 51
29143 29144 51
37017 37018 51
10757 10758 51
28544 28545 51
22645 22646 51
40294 40295 51
24036 34678 51
1316 1317 51
39436 39437 51
37830 37831 51
785 786 51
7451 7452 51
37035 37036 51
43162 43163 51
47247 47248 51
41206 41207 51
49457 49458 51
27281 27282 51
18527 49050 51
44086 44087 51
32490 32491 51
14302 14303 51
31025 31026 51
42185 42186 51
38609 38610 51
43177 43178 51
33893 33894 51
34612 34613 51
38617 38618 51
20082 20083 51
25075 25076 51
21744 21745 51
23078 45567 51
5971 5972 51
26692 26693 51
29164 37372 51
16030 16031 51
23085 48561 51
41237 41238 51
20476 20477 51
26700 26701 51
45152 45153 51
16903 16904 51
24059 24060 51
37065 37066 51
11723 11724 51
48379 48380 51
7809 7810 51
6214 6215 51
15138 15139 51
39493 39494 51
46228 46729 51
5324 5325 51
39498 39499 51
20921 20922 51
8930 8931 51
4813 4814 51
36272 36273 51
46245 46246 51
23107 23108 51
659 660 51
12223 12224 51
31073 31074 51
31075 31076 51
37893 37894 51
41286 41287 51
48414 48415 51
25649 25650 51
14317 14318 51
20495 24619 51
49559 49560 51
29203 29204 51
6610 25978 51
24090 24091 51
47358 47359 51
31810 31811 51
984 985 51
47364 47365 51
15741 29850 51
39543 39544 51
34674 34675 51
31818 31819 51
41311 41312 51
45210 45211 51
16641 16642 51
27350 27351 51
35482 35483 51
3636 3637 51
45220 45221 51
22693 22694 51
34684 34685 51
10791 10792 51
42280 42281 51
18920 18921 51
39567 39568 51
12468 12469 51
45232 45233 51
39573 39574 51
43284 43285 51
42289 42290 51
38694 38695 51
18922 18923 51
25668 25669 51
16935 16936 51
45250 49311 51
36316 36317 51
43297 43298 51
42309 42310 51
37929 47123 51
19720 19721 51
35504 35505 51
33978 33979 51
4359 8629 51
9530 9531 51
7304 7305 51
2444 2445 51
36337 36338 51
37140 37141 51
7306 7307 51
12007 41371 51
6618 6619 51
34718 34719 51
39611 39612 51
39612 39613 51
38726 38727 51
45292 45293 51
2714 2715 51
36348 36805 51
41376 41377 51
45297 45298 51
7644 31903 51
7309 32621 51
19745 19746 51
48548 48549 51
5221 43322 51
19750 19751 51
23158 23159 51
11014 11015 51
9542 9543 51
26213 26214 51
549 550 51
1128 1129 51
29886 29887 51
36373 36374 51
24648 24649 51
44298 44299 51
5984 47996 51
21390 21391 51
24651 24652 51
33316 33317 51
43366 43367 51
37981 37982 51
45337 45338 51
12504 12505 51
789 790 51
23169 23170 51
29286 29287 51
34034 34035 51
25715 25716 51
27417 27418 51
249 250 51
14361 14362 51
37227 37228 51
31905 38628 51
29906 34608 51
47524 47525 51
12515 12516 51
17293 17294 51
24156 24157 51
34790 34791 51
28086 28087 51
48620 48621 51
22273 22274 51
10591 10592 51
43394 43395 51
38801 38802 51
12028 12029 51
48633 48634 51
23668 23669 51
5231 5232 51
22752 22753 51
47554 47555 51
2233 2234 51
42442 42443 51
38022 38023 51
8403 8404 51
26820 26821 51
7190 15104 51
38826 38827 51
43418 43419 51
12781 12782 51
21010 21011 51
44386 44387 51
42454 42455 51
27457 27458 51
1367 1368 51
23685 31608 51
25756 25757 51
29328 33477 51
17607 17608 51
39717 39718 51
34087 34088 51
5683 5684 51
38044 38045 51
12273 12274 51
41509 41510 51
22764 22765 51
34844 34845 51
16391 16392 51
22296 22297 51
3976 3977 51
24707 24708 51
38860 38861 51
12036 12037 51
22771 22772 51
30562 30563 51
32695 32696 51
28147 28148 51
48716 48717 51
12789 12790 51
16993 16994 51
39760 39761 51
23710 23711 51
38073 38074 51
26866 26867 51
43484 43485 51
39767 45162 51
22306 22307 51
29949 29950 51
34112 34113 51
24201 24202 51
46569 46570 51
12790 12791 51
41545 41546 51
16397 16398 51
12277 12278 51
14665 14666 51
23233 23234 51
40630 40631 51
34127 34128 51
43508 43509 51
3421 3422 51
26885 26886 51
43513 43514 51
1254 35633 51
24740 24741 51
873 874 51
16703 16704 51
42545 42546 51
28768 28769 51
19386 19387 51
44510 44511 51
49897 49898 51
7044 43696 51
496 497 51
32743 32744 51
8787 8788 51
28187 28188 51
48788 48789 51
25248 25249 51
38916 38917 51
34155 34156 51
10841 10842 51
49919 49920 51
10393 10394 51
49922 49923 51
1702 1703 51
26908 26909 51
17643 17644 51
15532 15533 51
22337 22338 51
22809 22810 51
17020 17021 51
49941 49942 51
28204 28205 51
9580 9581 51
38937 38938 51
46647 46648 51
21911 21912 51
29417 29418 51
6899 6900 51
18329 18330 51
27556 27557 51
8998 8999 51
15539 15540 51
40704 40705 51
39839 39840 51
11563 11564 51
877 878 51
34197 34198 51
42606 42607 51
35766 35767 51
4147 4148 51
47762 47763 51
3033 18373 51
20656 20657 51
31339 31340 51
43596 43597 51
43597 43598 51
8433 8434 51
29439 29440 51
45598 45599 51
28228 28229 51
28230 28231 51
21489 46299 51
17984 17985 51
46706 46707 51
33527 33528 51
23281 23282 52
4902 4903 52
16451 16452 52
7013 7014 52
28123 28124 52
24244 24245 52
29292 29293 52
19729 19730 52
24774 24775 52
834 835 52
12656 12657 52
39097 39098 52
45098 45099 52
23288 23289 52
47018 47019 52
42435 42436 52
24781 24782 52
1866 1867 52
36875 36876 52
31137 31138 52
18159 18160 52
7938 7939 52
4412 44039 52
24262 24263 52
8290 8291 52
11842 15696 52
35353 35354 52
20590 20591 52
15444 15445 52
28728 28729 52
120 121 52
28731 28732 52
7775 7776 52
11847 11848 52
44206 44207 52
11304 25024 52
4079 4080 52
8997 8998 52
8804 8805 52
38392 40661 52
1279 1280 52
34624 34625 52
19765 19766 52
45144 45145 52
28171 28172 52
41591 41592 52
10585 10586 52
49074 49075 52
41595 41596 52
11314 11315 52
22871 22872 52
9948 44498 52
23806 23807 52
25315 25316 52
11594 11595 52
36164 36165 52
45166 45167 52
31893 31894 52
38414 38415 52
9950 20813 52
39176 39177 52
47108 47109 52
24816 24817 52
5695 5696 52
12137 12138 52
19338 19339 52
17490 24022 52
7618 7619 52
41633 41634 52
39984 39985 52
25858 25859 52
32626 32627 52
44269 44270 52
1546 1547 52
25338 25339 52
1953 1954 52
16165 16166 52
28201 28202 52
44282 44283 52
11879 11880 52
26971 26972 52
41657 41658 52
33994 38051 52
9193 9194 52
21532 21533 52
23824 23825 52
34000 34001 52
13281 13282 52
6250 6251 52
15482 15483 52
12706 12707 52
46178 46179 52
24850 24851 52
45219 45220 52
46186 46187 52
31233 31234 52
31945 31946 52
9775 9776 52
45224 49040 52
41682 41683 52
29959 29960 52
27592 27593 52
12707 12708 52
20664 20665 52
7785 7786 52
46205 46206 52
3343 3344 52
49184 49185 52
1740 1741 52
8824 8825 52
20672 20673 52
27608 27609 52
3504 3505 52
39251 39252 52
332 333 52
3139 3140 52
27007 27008 52
45254 45255 52
44342 44343 52
17194 17195 52
34043 34044 52
23389 23390 52
38501 38502 52
38504 38505 52
15499 15500 52
22920 22921 52
6892 6893 52
42604 42605 52
19374 39507 52
30618 30619 52
46248 46249 52
29431 29432 52
9976 9977 52
15504 15505 52
3001 3002 52
4012 4013 52
33391 33392 52
7472 7473 52
32700 32701 52
30002 30003 52
41746 41747 52
7806 7807 52
8838 8839 52
27644 46462 52
11112 11113 52
4520 20705 52
28274 28275 52
40090 40091 52
46281 46282 52
4618 4619 52
46292 46293 52
19393 19394 52
48270 48271 52
10206 10207 52
29457 29458 52
13615 13616 52
22052 22053 52
39326 39327 52
37839 37840 52
27654 27655 52
22054 22055 52
47291 47292 52
26467 26468 52
8333 8334 52
43555 43556 52
49300 49301 52
840 841 52
23427 23428 52
32038 40926 52
19404 19405 52
42680 42681 52
6405 16488 52
5271 5272 52
48298 48299 52
40127 40128 52
27667 27668 52
16561 16562 52
42689 42690 52
41804 41805 52
41805 41806 52
24919 24920 52
39355 39356 52
34811 34812 52
2441 2442 52
23902 28110 52
40953 40954 52
33460 33461 52
35565 35566 52
14253 14254 52
6015 6016 52
10214 10215 52
14256 14257 52
45377 45378 52
48332 48333 52
27067 27068 52
10004 10005 52
10410 10411 52
19022 19023 52
28890 28891 52
9225 9226 52
23917 23918 52
45395 45396 52
43614 43615 52
37117 37118 52
18276 18277 52
12751 37206 52
26502 47100 52
40162 40163 52
34849 34850 52
10009 10010 52
41873 41874 52
4734 4735 52
12200 12201 52
6522 24892 52
19882 19883 52
22980 22981 52
9228 9229 52
1550 1551 52
29527 35049 52
39403 39404 52
10222 10223 52
623 624 52
45441 45442 52
11403 11404 52
44543 44544 52
32803 32804 52
24962 24963 52
18295 21194 52
49422 49423 52
45449 47118 52
14573 32422 52
49426 49427 52
5807 5808 52
12476 12477 52
11408 11409 52
35645 35646 52
45462 45463 52
35646 35647 52
44559 44560 52
28369 28370 52
8680 8681 52
41927 41928 52
23481 23482 52
35651 35652 52
41931 41932 52
11672 11673 52
22573 22574 52
7497 7498 52
35657 35658 52
38654 38655 52
40225 40226 52
10022 10023 52
12219 12220 52
24978 24979 52
4525 4526 52
29553 29554 52
39454 39455 52
39456 39457 52
31418 31419 52
5615 5616 52
20776 20777 52
7059 14283 52
34204 34205 52
29558 29559 52
5811 23298 52
29559 29560 52
23019 23020 52
47484 47485 52
24992 24993 52
30763 30764 52
37231 37232 52
27773 39624 52
45518 45519 52
26565 26566 52
48486 48487 52
6026 6027 52
41093 41094 52
15931 15932 52
522 523 52
36456 36457 52
10674 10675 52
32186 32187 52
41989 41990 52
19475 19476 52
47512 47513 52
35697 35698 52
26041 26042 52
18321 18322 52
41107 41108 52
10901 10902 52
38702 38703 52
22604 22605 52
4629 4630 52
8005 8006 52
14918 14919 52
11437 36039 52
37275 37276 52
15946 15947 52
1190 1191 52
13398 13399 52
14611 14612 52
36492 36493 52
4357 4358 52
19093 19094 52
47550 47551 52
8697 8698 52
31468 31469 52
8534 10913 52
31472 31473 52
42922 42923 52
6791 6792 52
980 981 52
21708 21709 52
20818 20819 52
46583 46584 52
2139 22666 52
42938 42939 52
39554 39555 52
15959 15960 52
36510 36511 52
180 181 52
7225 25308 52
14326 14327 52
13413 13414 52
31495 31496 52
17974 17975 52
27212 27213 52
18721 18722 52
19958 19959 52
6040 44377 52
42958 42959 52
48595 48596 52
10262 10263 52
5511 5512 52
29041 29042 52
36530 36531 52
844 845 52
15622 15623 52
2779 2780 52
2904 2905 52
27851 43348 52
42076 42077 52
38046 38047 52
26103 26104 52
491 2386 52
5739 5740 52
19533 19534 52
15982 15983 52
12266 12267 52
3306 3307 52
27238 27239 52
45650 45651 52
34310 34311 52
48639 48640 52
36565 36566 52
30860 30861 52
1398 1399 52
17663 17664 52
2557 24869 52
49670 49671 52
8215 8216 52
10710 10711 52
23104 23105 52
29676 49453 52
6953 6954 52
17999 18000 52
29082 29083 52
38825 38826 52
18756 47133 52
2301 2302 52
12279 12280 52
94 95 52
24079 24080 52
17342 17343 52
10074 10075 52
591 49248 52
22223 22224 52
1200 1201 52
20018 20019 52
45700 45701 52
11477 11478 52
10948 10949 52
42145 42146 52
38115 38116 52
3385 3386 52
33695 40365 52
9875 9876 52
34353 34354 52
34356 34357 52
2253 2254 52
37403 45904 52
23612 23613 52
20030 42375 52
640 641 52
43082 43083 52
12583 12584 52
24098 24099 52
8574 8575 52
3624 3625 52
23621 23622 52
30307 30308 52
12305 12306 52
17695 17696 52
30310 30311 52
46756 46757 52
26722 26723 52
39693 47578 52
4219 35545 52
1236 1237 52
22724 22725 52
27312 27313 52
24114 24115 52
20046 20047 52
6196 6197 52
14387 14388 52
12859 12860 52
32356 43817 52
5323 5324 52
39712 39713 52
19192 19193 52
6715 6716 52
39715 39716 52
10523 24129 52
10744 10745 52
26194 26195 52
2570 2571 52
13178 13179 52
41350 41351 52
3389 3390 52
40511 40512 52
38183 38184 52
19625 20801 52
37459 37460 52
33750 33751 52
12599 12600 52
3046 3047 52
460 461 52
31659 31660 52
23655 23656 52
45805 45806 52
18060 18061 52
47811 47812 52
10976 32010 52
25700 25701 52
3792 24145 52
39758 39759 52
35953 45483 52
47826 49773 52
11258 48740 52
35954 47242 52
19215 19216 52
3795 3796 52
43174 43175 52
26761 26762 52
2800 43648 52
2316 2317 52
21845 21846 52
6085 6086 52
22763 22764 52
17737 17738 52
32419 32420 52
35216 35217 52
9907 9908 52
29182 29183 52
14724 14725 52
20964 29035 52
22769 22770 52
10991 10992 52
14730 14731 52
14733 14734 52
37518 37519 52
11524 11525 52
1943 1944 52
15388 15389 52
24177 24178 52
42297 42298 52
25738 36841 52
19237 31961 52
14117 38825 52
6605 6606 52
20521 20522 52
34495 34496 52
46896 46897 52
20979 20980 52
12621 12622 52
45895 45896 52
31043 31044 52
40602 40603 52
9134 9135 52
35252 44836 52
20527 20528 52
27410 27411 52
15057 15058 52
7138 24817 52
41461 41462 52
3189 3190 52
36785 36786 52
6847 6848 52
36028 36029 52
30415 30416 52
8959 36408 52
6353 6354 52
41475 43548 52
12634 12635 52
26275 26276 52
17424 17425 52
11542 11543 52
9922 9923 52
13520 13521 52
25213 25214 52
29244 29245 52
29844 29845 52
916 917 52
36049 36050 52
21906 21907 52
27446 27447 52
15751 15752 52
32512 32513 52
47962 47963 52
18868 18869 52
436 437 52
45968 45969 52
48951 48952 52
10794 10795 52
39866 39867 52
44125 44126 52
7598 7599 52
45977 45978 52
4071 4072 52
764 765 52
47983 47984 52
8445 8446 52
12934 12935 52
46989 46990 52
42400 42401 52
15090 15091 52
14459 14460 52
24236 24237 52
34935 34936 53
48024 48025 53
48025 48026 53
48027 48028 53
10130 10131 53
43461 43462 53
46097 46098 53
34937 34938 53
13236 13237 53
23930 23931 53
18129 18130 53
648 649 53
46114 46115 53
7259 7260 53
25876 25877 53
14659 14660 53
24400 24401 53
44305 44306 53
41790 41791 53
10134 47569 53
35680 35681 53
21713 21714 53
46126 46127 53
28098 28099 53
2516 2517 53
7401 46722 53
8069 8070 53
37928 37929 53
2243 26928 53
41810 41811 53
23949 23950 53
41814 41815 53
34239 34240 53
25898 25899 53
16526 16527 53
26394 26395 53
40987 40988 53
26397 26398 53
98 99 53
8779 8780 53
798 23283 53
2119 2120 53
12726 12727 53
25410 25411 53
25415 25416 53
6100 6101 53
48113 48114 53
30969 30970 53
45241 45242 53
29243 29244 53
17161 17162 53
6732 6733 53
35005 35006 53
43539 43540 53
46181 46182 53
41864 41865 53
47155 47156 53
18507 18508 53
27529 27530 53
20891 20892 53
5235 5236 53
18163 18164 53
4825 4826 53
46193 46194 53
14969 14970 53
14681 14682 53
40230 40231 53
17827 17828 53
3545 3546 53
12473 12474 53
10795 10796 53
22195 22875 53
12005 12006 53
24457 24458 53
36503 36504 53
37982 37983 53
45288 45289 53
8980 8981 53
23539 23540 53
7728 7729 53
42726 42727 53
26448 26449 53
8629 8630 53
12010 12011 53
14693 14694 53
4828 4829 53
7737 7738 53
7000 7001 53
2076 2077 53
1021 15843 53
23094 23095 53
49164 49165 53
45307 45308 53
2297 2298 53
49169 49170 53
2038 2039 53
31029 31030 53
47217 47218 53
41935 41936 53
9774 16509 53
10367 20229 53
19700 19701 53
24011 24012 53
25476 25477 53
45324 45325 53
41944 41945 53
24982 24983 53
20094 20095 53
38737 38738 53
36545 36546 53
42773 42774 53
7009 7010 53
11517 11518 53
25970 25971 53
19704 19705 53
35079 35080 53
44 45 53
30433 30434 53
7592 7593 53
38755 38756 53
25976 25977 53
44494 44495 53
6120 6121 53
33059 33060 53
5137 5138 53
24508 24509 53
15957 15958 53
4074 4075 53
527 528 53
2007 2008 53
33720 33721 53
29902 29903 53
42820 42821 53
9017 9018 53
28222 28223 53
38780 38781 53
1386 1387 53
3307 3308 53
13318 13319 53
31079 31080 53
12531 43162 53
5153 5154 53
5263 5264 53
29912 41160 53
12280 12281 53
17230 17231 53
31747 31748 53
14175 14176 53
20135 20136 53
27069 42973 53
138 139 53
34401 34402 53
38085 38086 53
44560 44561 53
33106 33107 53
5266 27687 53
7773 48108 53
38094 38095 53
1456 1457 53
21387 21388 53
16605 16606 53
5270 5271 53
35894 35895 53
31777 31778 53
20541 20542 53
7449 7450 53
36641 36642 53
14185 14186 53
22270 22271 53
33766 33767 53
19347 19348 53
1315 1316 53
5503 5504 53
33773 33774 53
7617 7618 53
14194 14195 53
3758 3759 53
17260 17261 53
20160 20161 53
38856 38857 53
38127 38128 53
37420 37421 53
26044 44411 53
3569 3570 53
42932 42933 53
35932 35933 53
35933 35934 53
3571 3572 53
4656 4657 53
38146 38147 53
6644 6645 53
8676 8677 53
49364 49365 53
12557 12558 53
7962 7963 53
36685 36686 53
47413 47414 53
2015 2016 53
21006 21007 53
21432 26652 53
47421 47422 53
36694 36695 53
13087 13088 53
46446 46447 53
19786 23458 53
38165 38166 53
42955 42956 53
28854 28855 53
45511 45512 53
27120 27121 53
9429 9430 53
15071 15072 53
29434 29435 53
15693 15694 53
3627 3628 53
3768 3769 53
48395 48396 53
31848 31849 53
7967 7968 53
19004 19005 53
26080 26081 53
45531 45532 53
28317 28318 53
11337 11338 53
9059 9060 53
22319 22320 53
15399 15400 53
33195 33196 53
31185 31186 53
1775 1776 53
3851 3852 53
20209 20210 53
49433 49434 53
14784 14785 53
33854 33855 53
21464 21465 53
7315 7316 53
12584 46694 53
27758 27759 53
16340 16341 53
32557 32558 53
9625 9626 53
16973 16974 53
47480 47481 53
6777 6778 53
43856 43857 53
37504 37505 53
26104 26105 53
19398 19399 53
16346 16347 53
10036 10037 53
46540 46541 53
43865 43866 53
45580 45581 53
2855 2856 53
28360 28361 53
45585 45586 53
47503 47504 53
27777 27778 53
44735 44736 53
44736 44737 53
33233 33234 53
39768 39769 53
33235 33236 53
24147 24148 53
21918 21919 53
48492 48493 53
45604 45605 53
11351 11352 53
11119 28613 53
11120 11675 53
16355 16356 53
21488 21489 53
22366 22367 53
28377 28378 53
34559 34560 53
27791 27792 53
23705 46008 53
11849 11850 53
31255 31256 53
4249 4250 53
48523 48524 53
31262 31263 53
47546 47547 53
30034 30035 53
1216 46030 53
10872 10873 53
32610 32611 53
27210 27211 53
145 146 53
18669 41920 53
7810 7811 53
49545 49546 53
41388 41389 53
14245 14246 53
3635 3636 53
21097 21098 53
49551 49552 53
23270 23271 53
4186 4187 53
16370 16371 53
2059 2060 53
27820 49009 53
16070 16071 53
45656 45657 53
30065 30066 53
44806 44807 53
6048 6049 53
41413 41414 53
19851 40943 53
2275 2276 53
8891 8892 53
45677 45678 53
19441 19442 53
5642 43209 53
4584 4585 53
15442 15443 53
17014 17015 53
17983 17984 53
29544 29545 53
6667 6668 53
47618 47619 53
36858 36859 53
13138 13139 53
7340 7341 53
43958 43959 53
33962 33963 53
39846 39847 53
7652 7653 53
36865 36866 53
25695 25696 53
16389 16390 53
3429 3430 53
33314 33315 53
12618 12619 53
17992 17993 53
7655 7656 53
6308 34104 53
44861 44862 53
6309 6310 53
39868 39869 53
6560 6561 53
43988 43989 53
21546 21547 53
23766 23767 53
24222 24223 53
30704 30705 53
39087 39088 53
23773 23774 53
18359 18360 53
923 924 53
4419 4420 53
26727 49735 53
9274 9275 53
3951 3952 53
20708 20709 53
9676 9677 53
729 730 53
8382 8383 53
27882 27883 53
40673 40674 53
32043 32044 53
49673 49674 53
46740 46741 53
44911 44912 53
2656 2657 53
39113 39114 53
44018 44019 53
29036 45657 53
48685 48686 53
7353 7354 53
15474 15475 53
29601 29602 53
9100 48118 53
37683 37684 53
9480 9481 53
33374 33375 53
39139 39140 53
11418 42845 53
18013 18014 53
33380 33381 53
42356 42357 53
27308 27309 53
1614 1615 53
48710 48711 53
47735 47736 53
36197 36198 53
12386 12387 53
24253 24254 53
37700 37701 53
30159 30160 53
40724 40725 53
39941 39942 53
5965 5966 53
34039 34040 53
42379 42380 53
704 705 53
26233 26234 53
30167 30168 53
12895 12896 53
41557 41558 53
36222 36223 53
32741 32742 53
20732 20733 53
43258 43259 53
32744 32745 53
23370 23371 53
19127 19128 53
45830 45831 53
2417 2418 53
27923 27924 53
43271 43272 53
48759 48760 53
34063 34064 53
10293 10294 53
16430 16431 53
7676 7677 53
38434 41143 53
34070 34071 53
48771 48772 53
5967 13159 53
13715 13716 53
17717 17718 53
44997 44998 53
10509 10510 53
3279 3280 53
15811 15812 53
45861 45862 53
33430 33431 53
11922 11923 53
6072 6073 53
14027 14028 53
14312 33768 53
37012 37013 53
30196 30197 53
21614 21615 53
20764 20765 53
33453 33454 53
29660 46043 53
20338 20339 53
12914 12915 53
13194 13195 53
550 41103 53
39226 39227 53
37033 37034 53
36276 36277 53
34095 34096 53
7375 7376 53
10518 10519 53
47861 47862 53
22517 22518 53
10729 10730 53
24324 24325 53
23410 23411 53
46892 46893 53
28548 46934 53
2664 2665 53
26805 26806 53
33478 33479 53
45042 45043 53
45043 45044 53
4802 4803 53
4805 4806 53
25797 25798 53
27385 27386 53
9313 9314 53
37813 37814 53
45945 45946 53
2818 2819 53
10949 10950 53
4701 4702 53
28565 28566 53
17421 17422 53
41666 41667 53
41671 41672 53
11941 15390 53
3525 3526 53
9718 9719 53
31477 31478 53
21225 44441 53
19554 19555 53
169 170 53
34144 42603 53
18447 18448 53
14063 14064 53
46944 46945 53
29717 29718 53
41688 49062 53
11949 11950 53
26848 26849 53
34153 34154 53
28009 28010 53
16800 16801 53
33524 33525 53
37850 37851 53
35607 35608 53
10119 10120 53
46968 46969 53
31499 41081 53
24356 48897 53
19568 19569 53
22104 22105 53
19190 19191 53
42554 42555 53
23890 23891 53
21667 21668 53
12698 21198 53
49944 49945 53
13759 13760 53
42566 42567 53
14352 14353 53
7111 7112 53
8412 8413 53
4281 21103 53
21254 21255 53
47002 47003 53
20821 20822 53
34881 34882 53
16180 26885 53
46044 46045 53
27448 27449 53
33553 33554 53
34893 34894 53
43430 43431 53
6594 6595 53
373 374 53
14644 14645 53
37131 37132 53
19598 19599 53
12443 12444 53
24381 24382 53
45165 45166 53
23009 23010 53
38602 38603 53
5117 8224 53
37138 37139 53
32900 32901 53
13506 13507 53
16507 16508 53
34213 34214 53
20413 20414 53
389 390 54
32208 32209 54
201 202 54
27823 27824 54
42509 42510 54
11653 11654 54
14640 14641 54
8359 8360 54
7555 40973 54
14105 14106 54
10155 10156 54
12342 31949 54
28874 28875 54
37417 37418 54
49129 49130 54
9562 9563 54
18317 37287 54
27835 27836 54
37423 37424 54
13303 13304 54
22459 22460 54
46542 46543 54
33462 33463 54
13305 13306 54
1126 1127 54
4102 4103 54
20912 20913 54
904 905 54
1629 1630 54
15838 15839 54
8532 8533 54
4526 4527 54
2021 2022 54
12352 12353 54
49161 49162 54
5139 5140 54
40988 40989 54
8872 8873 54
28397 28398 54
44103 44104 54
38110 38111 54
17375 17376 54
3943 3944 54
34678 34679 54
2393 2394 54
30454 30455 54
10559 10560 54
10177 10178 54
36069 36070 54
6607 6608 54
6236 6237 54
26818 26819 54
41795 41796 54
27871 27872 54
44126 44127 54
45728 45729 54
25895 25896 54
36079 36080 54
33503 33504 54
36083 36084 54
22096 22097 54
3241 3242 54
4361 4362 54
22100 27108 54
23307 23308 54
31630 31631 54
26831 26832 54
37493 37494 54
49223 49224 54
32898 32899 54
2731 2732 54
6487 6488 54
40291 40292 54
25452 25453 54
32906 32907 54
44162 44163 54
7574 7575 54
25909 25910 54
48356 48357 54
46643 46644 54
641 642 54
41056 41057 54
26354 26355 54
16769 16770 54
40302 40303 54
23316 49450 54
45777 45778 54
38168 38169 54
26367 26368 54
48373 48374 54
28446 35756 54
77 78 54
7885 7886 54
5483 5484 54
18364 18365 54
19072 19073 54
32927 32928 54
28455 28456 54
17712 36750 54
15279 15280 54
8708 8709 54
49283 49284 54
2352 24798 54
26874 26875 54
22923 22924 54
6494 6495 54
49291 49292 54
42664 42665 54
48400 48401 54
39633 39634 54
41100 41101 54
29990 32046 54
3867 3868 54
49304 49305 54
34146 34147 54
3511 3512 54
15885 48083 54
3641 3642 54
25486 25487 54
45044 45045 54
4844 4845 54
33577 33578 54
25041 25042 54
7746 7747 54
18384 18385 54
420 421 54
45839 45840 54
48431 48432 54
30007 48056 54
44238 44239 54
22546 22547 54
16196 16197 54
1116 1117 54
34168 34169 54
11481 11482 54
16203 16204 54
47589 47590 54
1747 1748 54
35488 35489 54
4124 23102 54
741 742 54
17745 17746 54
6394 6395 54
24612 24613 54
4653 4654 54
17 18 54
26917 26918 54
12645 12646 54
15904 39024 54
49378 49379 54
23776 23777 54
24186 24187 54
31736 31737 54
14454 14455 54
38260 38261 54
45894 45895 54
46775 46776 54
36216 36217 54
37601 37602 54
2185 2186 54
31746 31747 54
39701 39702 54
2546 25286 54
29556 29557 54
41183 41184 54
25536 25537 54
39705 39706 54
9258 9259 54
23784 23785 54
37614 37615 54
42756 42757 54
47650 47651 54
43544 43545 54
25980 25981 54
23381 41450 54
48525 48526 54
27995 27996 54
9629 9630 54
8914 8915 54
1910 1911 54
31170 31171 54
27462 30841 54
2898 2899 54
3006 3007 54
5727 5728 54
48536 48537 54
30073 30074 54
4569 4570 54
2032 2033 54
34228 34229 54
5402 5403 54
41222 41223 54
21786 21787 54
37648 37649 54
26968 26969 54
9273 9274 54
1167 1168 54
33054 33055 54
12211 12212 54
16238 16239 54
38316 38317 54
40472 40473 54
30091 30092 54
31193 31194 54
34246 34247 54
28025 28026 54
31198 31199 54
40486 40487 54
34909 34910 54
35599 35600 54
13929 13930 54
19145 19146 54
1108 1109 54
14225 14226 54
11520 11521 54
33074 33075 54
33679 48173 54
15631 15632 54
43625 43626 54
12216 12217 54
46883 46884 54
46884 46885 54
26481 26482 54
28038 28039 54
13934 13935 54
31833 31834 54
25583 25584 54
49515 49516 54
16249 16250 54
32482 32483 54
49521 49522 54
9464 9465 54
34953 34954 54
42870 42871 54
31842 31989 54
8931 8932 54
39042 39043 54
24242 24243 54
33698 49034 54
21431 21432 54
41301 41302 54
10047 43271 54
48646 48647 54
6909 6910 54
30121 30122 54
18115 18116 54
6910 28385 54
36325 36326 54
15360 15361 54
43674 43675 54
5629 5630 54
33116 33117 54
37738 37739 54
1663 1664 54
17178 17179 54
14767 31162 54
21831 21832 54
25144 25145 54
12913 12914 54
37754 37755 54
30137 30138 54
31266 31267 54
13426 13427 54
34993 34994 54
39091 39092 54
46950 46951 54
3132 3133 54
3326 3327 54
34997 34998 54
27030 27031 54
21839 21840 54
37774 37775 54
12449 12450 54
14779 14780 54
12016 40494 54
69 70 54
28103 28104 54
13181 13182 54
24281 24282 54
38417 38418 54
16574 16575 54
49615 49616 54
8442 8443 54
8284 8285 54
28118 28119 54
15667 15668 54
12234 12235 54
30711 30712 54
12930 12931 54
10249 10250 54
44534 44535 54
33756 44194 54
31909 46087 54
20326 20327 54
33761 33762 54
37802 37803 54
16587 16588 54
21478 21479 54
31311 31312 54
23053 38692 54
12705 12706 54
42986 42987 54
6046 24521 54
6290 6291 54
4781 4782 54
39904 39905 54
3819 25243 54
35723 35724 54
32568 32569 54
19578 19579 54
25661 25662 54
6543 6544 54
6049 6050 54
25185 25186 54
9127 9128 54
7212 39263 54
11114 11115 54
3452 32632 54
35746 35747 54
31951 31952 54
12955 12956 54
23899 23900 54
9495 9496 54
3201 3202 54
28167 28168 54
23903 23904 54
30206 30207 54
1700 1701 54
18513 18514 54
1888 8055 54
4161 4162 54
30764 30765 54
4234 4235 54
7074 7075 54
13718 13719 54
27100 27101 54
49720 49721 54
3744 31403 54
3208 3209 54
49723 49724 54
37863 37864 54
15117 15118 54
22293 22294 54
8794 8795 54
44619 44620 54
47085 47086 54
3749 3750 54
47971 47972 54
40703 40704 54
44626 44627 54
37869 37870 54
21157 21158 54
13483 41538 54
10485 10486 54
16329 16330 54
22304 22305 54
36494 36495 54
49750 49751 54
16042 16043 54
43853 43854 54
29748 29749 54
7813 7814 54
46261 46262 54
6061 38477 54
7082 7083 54
474 475 54
34455 34456 54
7976 7977 54
16947 16948 54
21172 31480 54
46273 46274 54
43869 49097 54
6187 6188 54
35830 35831 54
14301 14302 54
12743 12744 54
46288 46289 54
9346 9347 54
47158 47159 54
48023 48024 54
5538 16570 54
35150 35151 54
38566 38567 54
38568 38569 54
27684 27685 54
32664 46653 54
35847 35848 54
1829 1830 54
19265 19266 54
13241 13242 54
27147 27148 54
23131 23132 54
7370 7371 54
27154 27155 54
5545 5546 54
5655 5656 54
38591 38592 54
2088 2089 54
18227 42198 54
35862 35863 54
14053 14054 54
48071 48072 54
12065 12066 54
13251 13252 54
10508 10509 54
15456 15457 54
19286 19287 54
15457 15458 54
39329 39330 54
6575 6576 54
14862 14863 54
37935 37936 54
4007 4008 54
45512 45513 54
23986 23987 54
10711 10712 54
21979 21980 54
2712 17522 54
49856 49857 54
8657 8658 54
32704 32705 54
8503 8504 54
47224 47225 54
20825 20826 54
33918 33919 54
21985 21986 54
24421 36187 54
13025 17194 54
35904 35905 54
19300 19301 54
27746 27747 54
34535 34536 54
27746 41097 54
37315 37316 54
23170 34057 54
2920 34356 54
23587 35062 54
38641 38642 54
2335 2336 54
7103 7104 54
46388 46389 54
26218 32292 54
36603 36604 54
35921 35922 54
23591 27693 54
30337 30338 54
16687 16688 54
13780 13781 54
49012 49013 54
25329 25330 54
11174 11175 54
20455 28180 54
32143 32144 54
45573 45574 54
18261 18262 54
23605 23606 54
46420 46421 54
16102 16103 54
41646 41647 54
21608 21609 54
25798 25799 54
31494 31495 54
49939 49940 54
9928 9929 54
10725 34765 54
21613 21614 54
17938 17939 54
13034 13035 54
9929 9930 54
43248 43249 54
29363 29364 54
4013 46637 54
14348 14349 54
27247 27248 54
184 185 54
18610 39383 54
35971 35972 54
47315 47316 54
14618 14619 54
49057 49058 54
31513 42548 54
31516 31517 54
8000 8001 54
42473 42474 54
5232 5233 54
3157 3158 54
36676 36677 54
13794 13795 54
2295 2296 54
16402 16403 54
6587 6588 54
25377 25378 54
18632 18633 54
29392 29393 54
37396 37397 54
9549 9550 54
38043 38044 54
9381 9382 54
12107 12108 54
517 518 55
19027 42891 55
7471 7472 55
11452 11453 55
37237 37238 55
44367 44368 55
4596 4597 55
20994 20995 55
27575 27576 55
35004 35005 55
3289 3290 55
23115 23116 55
33648 33649 55
20568 30820 55
18678 18679 55
39413 39414 55
24988 24989 55
42693 42694 55
4783 4784 55
30398 30399 55
45281 45282 55
22251 26534 55
10825 10826 55
4380 4381 55
43562 43563 55
19394 19395 55
3392 3393 55
11674 11675 55
29301 29302 55
20578 20579 55
39434 44765 55
15184 15185 55
13676 13677 55
17442 17443 55
22731 22732 55
17443 17444 55
2083 2084 55
9649 9650 55
6490 34530 55
34313 34314 55
44435 44436 55
4790 4791 55
33023 33024 55
10837 10838 55
45314 45315 55
41888 41889 55
24054 24055 55
21028 21029 55
49119 49120 55
37306 37307 55
23603 23604 55
16863 16864 55
21871 33853 55
39464 39465 55
17761 17762 55
24531 24532 55
33037 33038 55
24061 24062 55
4973 4974 55
27634 27635 55
22284 22285 55
16591 16592 55
41917 41918 55
44471 44472 55
42759 42760 55
10654 10655 55
33053 33054 55
24072 24073 55
41926 41927 55
20609 20610 55
20611 20612 55
43635 43636 55
31708 31709 55
11468 11469 55
49158 49159 55
25042 25043 55
1036 1037 55
21046 21047 55
10138 10139 55
26539 26540 55
35848 35849 55
19431 19432 55
48209 48210 55
27656 27657 55
30459 43701 55
39515 39516 55
13692 13693 55
9658 9659 55
14442 14443 55
11261 11262 55
28791 28792 55
47270 47271 55
21056 21057 55
33084 33085 55
32421 32422 55
32425 32426 55
33734 33735 55
2054 2055 55
49197 49198 55
19082 19083 55
49200 49201 55
44544 44545 55
17776 17777 55
39537 44763 55
5623 5624 55
13953 13954 55
49210 49211 55
2915 2916 55
33747 33748 55
1745 1746 55
28258 28259 55
36609 36610 55
5820 5821 55
47300 47301 55
31107 31108 55
11042 11043 55
40310 40311 55
18415 18416 55
16336 16337 55
30500 30501 55
5098 5099 55
13254 13255 55
18735 18736 55
8057 8058 55
28271 28272 55
47323 47324 55
9833 9834 55
48283 48284 55
37400 37401 55
39581 39582 55
19104 19105 55
11276 11277 55
16900 16901 55
19874 19875 55
15502 15503 55
6039 6040 55
47342 47343 55
2989 9087 55
42012 42013 55
38098 38099 55
35174 35175 55
40348 40349 55
28284 28285 55
31796 31797 55
14963 14964 55
27131 27132 55
3137 3138 55
4703 4704 55
11953 11954 55
46415 46416 55
4537 4538 55
10172 10173 55
19123 19124 55
13059 13060 55
2302 2303 55
40363 40364 55
21517 21518 55
28302 28303 55
9519 9520 55
529 530 55
43773 43774 55
19899 19900 55
1233 1234 55
18127 18128 55
19903 19904 55
41199 41200 55
4398 4399 55
41205 41206 55
15266 15267 55
25633 25634 55
40387 40388 55
31834 31835 55
14990 14991 55
33831 33832 55
23708 23709 55
27173 27174 55
27176 27177 55
15529 15530 55
4543 4544 55
39653 39654 55
31186 31187 55
6631 6632 55
27184 27185 55
32541 32654 55
987 988 55
38158 38159 55
25135 25136 55
38876 38877 55
27766 27767 55
10336 10337 55
24642 24643 55
28346 28347 55
40432 40433 55
8372 8373 55
18785 18786 55
23274 36650 55
45563 45564 55
25655 25656 55
13287 13288 55
9394 9395 55
23280 27252 55
30592 30593 55
23280 35648 55
5217 5218 55
30600 30601 55
11088 11089 55
17529 17530 55
44724 44725 55
22847 27593 55
44726 44727 55
34533 34534 55
49405 49406 55
26132 26133 55
36015 36746 55
22406 22407 55
40453 40454 55
25665 25666 55
15005 15006 55
27217 27218 55
25667 25668 55
32581 49234 55
38919 38920 55
42152 42153 55
16948 16949 55
35284 35285 55
15825 15826 55
19155 19156 55
19931 19932 55
41304 41305 55
17246 17247 55
14747 14748 55
20325 20326 55
15281 15282 55
23308 23309 55
23745 37938 55
6287 6288 55
10341 10342 55
19164 19165 55
22009 22010 55
31922 31923 55
5433 38100 55
27241 27242 55
27243 27244 55
13079 13080 55
31278 31279 55
48487 48488 55
36063 36064 55
8377 8378 55
14260 14261 55
11104 11105 55
25698 25699 55
37559 37560 55
1976 1977 55
9704 9705 55
43099 43100 55
1526 1527 55
18812 18813 55
19184 19185 55
36823 36824 55
1440 1441 55
44809 44810 55
953 954 55
23335 23336 55
35333 35334 55
11316 41882 55
49498 49499 55
5539 5540 55
9712 9713 55
3207 3208 55
11325 11326 55
13552 13553 55
36101 36102 55
4340 4341 55
31967 31968 55
44829 44830 55
47586 47587 55
5651 5652 55
39782 39783 55
14043 14044 55
15865 15866 55
5851 5852 55
3369 36485 55
827 26486 55
6433 6434 55
3675 3676 55
11337 23098 55
30697 30698 55
6546 6547 55
10367 10368 55
26217 26218 55
33325 33326 55
21632 21633 55
17586 17587 55
19597 19598 55
35384 35385 55
34639 34640 55
26231 26232 55
24263 24264 55
12669 21597 55
33338 33339 55
17889 17890 55
13338 13339 55
37637 37638 55
49566 49567 55
46712 46713 55
29599 29600 55
43175 43176 55
44890 44891 55
34655 34656 55
40601 40602 55
32010 32011 55
44897 44898 55
39832 39833 55
36156 36157 55
18863 18864 55
32016 32017 55
25759 25760 55
4148 4149 55
34006 34007 55
398 399 55
192 193 55
4352 4353 55
32025 32026 55
19234 19235 55
34671 34672 55
48625 48626 55
24283 24284 55
27909 27910 55
39079 39080 55
15600 15601 55
30734 30735 55
44026 44027 55
29616 29617 55
44932 44933 55
48647 48648 55
17011 17012 55
39862 39863 55
48652 48653 55
30150 30151 55
3055 3056 55
44034 44035 55
40645 40646 55
4912 13098 55
3217 24543 55
561 562 55
14075 14076 55
25265 25266 55
20414 20415 55
47708 47709 55
34037 34038 55
49652 49653 55
36956 36957 55
14801 14802 55
3621 3622 55
8986 23274 55
32733 32734 55
15358 15359 55
45815 45816 55
18553 18554 55
32063 32064 55
32739 32740 55
3426 33986 55
336 337 55
34720 34721 55
7182 7183 55
40678 40679 55
13136 13137 55
25281 25282 55
29647 29648 55
40685 40686 55
15629 15630 55
46822 46823 55
31403 31404 55
10747 10748 55
34069 34070 55
43268 43269 55
23853 23854 55
31408 31409 55
27957 27958 55
24322 24323 55
36249 36250 55
8125 8126 55
33431 33432 55
17040 17041 55
22541 22542 55
34081 34082 55
4659 4660 55
45004 45005 55
39163 42602 55
45871 45872 55
28527 28528 55
10570 10571 55
47792 47793 55
22547 22548 55
30789 30790 55
6205 6206 55
46858 46859 55
15635 15636 55
40733 40734 55
45014 45015 55
37770 37771 55
43303 43304 55
10938 10939 55
16755 16756 55
15928 15929 55
22117 22118 55
39181 39182 55
25812 25813 55
3012 3013 55
6680 6681 55
22564 22565 55
8704 8705 55
23883 23884 55
18267 18268 55
33472 33473 55
14097 14098 55
44142 44143 55
47846 47847 55
24846 24847 55
31449 31450 55
45931 45932 55
9290 9291 55
3014 3015 55
18932 18933 55
47857 47858 55
16492 16493 55
39974 39975 55
10946 10947 55
34812 34813 55
10770 10771 55
18589 18590 55
41608 41609 55
33486 33487 55
44166 44167 55
44167 44168 55
32164 32165 55
39988 39989 55
32166 32167 55
26872 26873 55
34825 34826 55
14103 38703 55
17956 17957 55
401 37272 55
29715 29716 55
11841 11842 55
37816 37817 55
10082 10083 55
14108 19511 55
40793 40794 55
22153 22154 55
39240 39241 55
20089 20090 55
3062 3063 55
40808 40809 55
40011 40012 55
41652 41653 55
4505 4506 55
9148 9149 55
20908 31002 55
46958 46959 55
4935 4936 55
1883 1884 55
11192 11193 55
6463 6464 55
16798 16799 55
40818 40819 55
23924 23925 55
1736 1737 55
28604 28605 55
12507 12508 55
23492 23493 55
10089 10090 55
18623 41685 55
1222 1223 55
4852 4853 55
23038 23039 55
46038 46039 55
19724 19725 55
726 727 55
15678 15679 55
7319 40323 55
47960 47961 55
19341 19342 55
19734 19735 55
44247 44248 55
12088 19790 55
17093 17094 55
22192 35016 55
29760 31454 55
18987 18988 55
16254 16255 55
2221 2222 55
22650 22651 55
36391 36392 55
21768 21769 55
28082 39366 55
26405 26406 55
19744 19745 55
39322 39323 55
24421 45317 55
9166 19072 55
37145 37146 55
29213 29214 55
20136 48457 55
4770 33114 55
3906 3907 55
27507 27508 55
45186 45187 55
47043 47044 55
14382 14383 55
20949 20950 55
15690 15691 55
3703 3704 55
40902 47940 55
48961 48962 55
27519 27520 55
40905 40906 55
32924 32925 55
9938 9939 55
40104 40105 55
29794 29795 55
16266 16267 55
14386 14387 55
8156 8157 55
27528 27529 55
21375 21376 55
5494 5495 55
49963 49964 55
30352 38883 55
10438 10439 55
5604 5605 55
3023 3024 55
10624 10625 55
44327 44328 55
38610 38611 55
13893 13894 55
20547 20548 55
2442 2443 55
10275 10276 55
41779 41780 55
32956 32957 55
47096 47097 55
4593 4594 55
20171 20172 55
18351 18352 55
37224 37225 55
8167 36930 55
30377 30378 55
20980 20981 55
21149 21150 56
48022 48023 56
48997 48998 56
39290 39291 56
17632 17633 56
26162 26163 56
6920 6921 56
18338 18339 56
47062 47063 56
17635 17636 56
24709 24710 56
48037 48038 56
10472 10473 56
15789 15790 56
17000 17001 56
15791 15792 56
8045 43168 56
719 46665 56
32090 32091 56
30740 30741 56
4579 4580 56
35589 35590 56
5921 5922 56
36338 36339 56
27260 27261 56
21592 21593 56
15501 15502 56
30148 30149 56
5012 5013 56
1218 1219 56
13036 43399 56
24247 24248 56
1689 1690 56
9018 22610 56
34141 34142 56
4274 4275 56
24748 24749 56
28446 28447 56
13810 13811 56
41753 47041 56
11583 11584 56
11831 11832 56
9535 9536 56
732 733 56
24757 37008 56
2541 2542 56
9196 9197 56
7904 14012 56
41766 41767 56
25222 25223 56
34158 34159 56
48112 48113 56
4356 4357 56
14929 14930 56
40939 40940 56
13053 13054 56
6935 27802 56
40944 40945 56
22063 22064 56
37897 37898 56
12081 12082 56
14381 17870 56
41791 41792 56
25241 25242 56
31450 31451 56
47169 47170 56
8857 8858 56
42671 42672 56
49120 49121 56
30797 30798 56
17365 31307 56
14383 14384 56
8229 8230 56
34183 42159 56
28480 28481 56
1264 24532 56
662 663 56
6359 6360 56
22078 22079 56
34910 34911 56
35669 35670 56
42692 42693 56
9547 9548 56
34916 34917 56
29070 29071 56
8387 8388 56
13066 21894 56
47203 47204 56
6583 10316 56
11372 11373 56
14956 14957 56
32873 41762 56
29079 29080 56
6698 6699 56
6475 6476 56
7332 7333 56
11382 11383 56
11864 11865 56
30832 30833 56
40994 40995 56
35696 35697 56
30221 30222 56
45330 45331 56
3081 3082 56
30223 30224 56
45334 45335 56
15863 15864 56
40209 40210 56
13075 41604 56
2545 2546 56
23428 23429 56
41010 41011 56
29095 29096 56
34226 34227 56
2328 2329 56
30238 30239 56
30849 30850 56
5338 5339 56
14148 14149 56
27363 27364 56
73 74 56
30859 30860 56
32915 32916 56
26276 26277 56
13859 13860 56
48225 48226 56
13861 13862 56
41036 41037 56
42760 42761 56
47268 47269 56
41038 41039 56
14978 14979 56
41041 41042 56
49222 49223 56
12106 12107 56
31528 31529 56
24340 24341 56
2992 2993 56
2049 2050 56
44528 44529 56
15578 15579 56
34253 34254 56
32929 32930 56
30876 30877 56
9569 38184 56
42787 42788 56
28534 42973 56
14166 33829 56
45409 45410 56
49248 49249 56
18789 18790 56
7780 7781 56
29126 29127 56
17747 17748 56
25318 25319 56
11182 11183 56
35017 35018 56
30287 30288 56
18439 18440 56
29130 29131 56
17415 17416 56
16485 16486 56
47316 47317 56
43697 43698 56
9573 9574 56
36527 36528 56
16490 16491 56
32280 32281 56
3454 3455 56
37330 37331 56
18448 18449 56
30908 30909 56
10732 10733 56
22596 22597 56
20006 20007 56
43717 43718 56
16494 16495 56
24862 34950 56
7782 7783 56
19586 19587 56
49303 49304 56
47352 47353 56
2437 2438 56
46395 46396 56
48314 48315 56
23477 23478 56
38767 43103 56
33665 33666 56
15593 15594 56
25838 25839 56
4013 4014 56
46408 46409 56
1788 1789 56
19593 19594 56
8408 8409 56
29751 29752 56
24378 31026 56
3142 28366 56
37367 37368 56
20022 20023 56
12840 12841 56
10543 10544 56
26887 26888 56
13106 13107 56
11419 11420 56
25859 25860 56
31612 31613 56
34335 34336 56
37379 37380 56
18113 18114 56
49367 49368 56
16816 16817 56
20035 28582 56
14187 14188 56
2082 2083 56
25868 25869 56
19217 43508 56
20454 20455 56
16520 16521 56
13110 13111 56
3144 3145 56
21326 21327 56
16523 47453 56
28626 28627 56
38099 38100 56
34355 34356 56
1956 1957 56
3467 34136 56
10751 10752 56
40384 41122 56
46481 46482 56
40385 40386 56
19229 19230 56
33048 33049 56
30370 30371 56
8734 8735 56
27479 27480 56
30990 30991 56
17461 17462 56
22196 22197 56
31669 31670 56
12855 12856 56
42951 42952 56
26390 26391 56
28073 28074 56
38859 38860 56
4166 4167 56
34397 34398 56
10754 10755 56
29804 29805 56
35143 35144 56
12380 12381 56
44707 44708 56
5843 5844 56
16839 16840 56
26945 26946 56
27499 27500 56
44718 44719 56
16241 16242 56
14208 41974 56
39677 39678 56
20481 20482 56
28097 28098 56
13392 13393 56
21772 21773 56
3362 47878 56
42995 42996 56
40441 40442 56
43000 43001 56
3607 3608 56
2405 2406 56
47504 47505 56
10556 10557 56
29247 29248 56
13396 13397 56
6502 6503 56
28113 28114 56
3203 3204 56
6402 6403 56
17163 17164 56
20496 49546 56
34433 34434 56
43027 43028 56
48493 48494 56
17165 17166 56
17486 17487 56
29274 29275 56
31055 31056 56
33774 33775 56
46589 46590 56
42141 42142 56
48506 48507 56
27528 31109 56
45630 45631 56
36714 36715 56
46597 46598 56
47542 47543 56
6158 6159 56
22696 22697 56
45637 45638 56
9606 9607 56
43045 43046 56
11453 11454 56
32459 32460 56
11219 11220 56
33133 33134 56
40487 40488 56
16260 21733 56
36725 36726 56
44792 44793 56
41306 41307 56
43061 43062 56
27536 27537 56
18177 18178 56
9440 9441 56
33138 33139 56
31074 31075 56
39731 39732 56
28699 28700 56
21806 21807 56
32470 32471 56
26445 26446 56
32472 32473 56
3482 3483 56
45681 45682 56
9996 9997 56
1153 1154 56
18184 18185 56
213 214 56
39755 39756 56
42195 47977 56
42196 42197 56
23127 23128 56
44827 44828 56
20962 20963 56
31089 31090 56
29302 29303 56
19279 19280 56
9809 9810 56
8750 8751 56
26459 26460 56
48593 48594 56
35253 35254 56
47631 47632 56
15965 15966 56
43113 43114 56
47637 47638 56
34501 34502 56
45712 45713 56
19706 19707 56
16271 16272 56
18912 18913 56
48611 48612 56
25961 25962 56
11696 11697 56
24997 24998 56
48615 48616 56
1937 1938 56
46710 46711 56
36786 36787 56
32514 32515 56
17196 17197 56
16870 16871 56
3416 3417 56
49633 49634 56
8923 8924 56
8925 8926 56
21410 34917 56
49638 49639 56
38269 38270 56
9096 9097 56
26482 26483 56
20983 20984 56
11951 11952 56
2700 2701 56
23608 23609 56
10582 10583 56
39020 48660 56
18210 18211 56
9452 9453 56
31831 31832 56
4717 4718 56
25514 25515 56
17210 17211 56
24528 24529 56
9267 9268 56
23619 23620 56
19735 19736 56
36075 36076 56
43173 43174 56
20145 20146 56
48675 48676 56
13437 13438 56
5864 5865 56
27066 27067 56
43179 43180 56
29375 30847 56
27637 27638 56
4880 4881 56
28779 28780 56
43191 43192 56
44933 44934 56
28780 28781 56
39836 39837 56
23176 23177 56
19323 19324 56
15095 15096 56
1450 2416 56
19330 19331 56
24089 24090 56
12916 12917 56
8760 8761 56
46793 46794 56
8934 8935 56
9637 9638 56
23194 23195 56
27087 27088 56
18966 18967 56
26032 26033 56
3964 3965 56
36121 36122 56
17550 17551 56
44056 44057 56
17552 33724 56
23202 23203 56
7134 7135 56
47772 47773 56
183 48695 56
41484 41485 56
28257 28258 56
2286 2287 56
27669 30252 56
37649 37650 56
32599 32600 56
41497 41498 56
10398 10399 56
16611 16612 56
7137 7138 56
16917 21811 56
36142 36143 56
7268 7269 56
11274 11275 56
15419 15420 56
6297 6298 56
36920 36921 56
47797 47798 56
24122 24123 56
44087 44088 56
15118 15119 56
8143 8144 56
14010 14011 56
26057 26058 56
39129 39130 56
27118 27119 56
26570 26571 56
48783 48784 56
2314 2315 56
2489 2490 56
42382 42383 56
41528 41529 56
10043 10044 56
48792 48793 56
39142 39143 56
22804 22805 56
17908 17909 56
45900 45901 56
5186 5187 56
12002 12003 56
48799 48800 56
19372 19373 56
12228 12229 56
8330 8331 56
8782 8783 56
5778 5779 56
27722 27723 56
6757 6758 56
49823 49824 56
24611 24612 56
4814 4815 56
48817 48818 56
40720 40721 56
39162 39163 56
27151 27152 56
18279 18280 56
48829 48830 56
32657 32658 56
3898 3899 56
44144 44145 56
42429 42430 56
45938 45939 56
26612 26613 56
11756 11757 56
45942 45943 56
19816 19817 56
3424 3425 56
22375 22376 56
10057 10058 56
36980 36981 56
4991 15820 56
39180 39181 56
28321 28322 56
39182 41121 56
37740 37741 56
19824 19825 56
21100 21101 56
7417 7418 56
4893 4894 56
33347 33348 56
16654 16655 56
23279 23280 56
17595 17596 56
6078 6079 56
2791 2792 56
47916 47917 56
45978 45979 56
19028 19029 56
12980 12981 56
6766 6767 56
5099 5100 56
28349 28350 56
43351 43352 56
38454 38455 56
49905 49906 56
6314 6315 56
40777 43170 56
8498 8499 56
12739 12740 56
1272 1273 56
23736 23737 56
48914 48915 56
5613 5614 56
29525 29526 56
45115 45116 56
4123 39888 56
24190 24191 56
3225 3226 56
33390 33391 56
37789 37790 56
34058 34059 56
49936 49937 56
4200 4201 56
7586 7587 56
42504 42505 56
46998 46999 56
13006 13007 56
19425 19426 56
14328 14329 56
5989 5990 56
15774 15775 56
1492 42071 56
19860 19861 56
38499 38500 56
32724 32725 56
47981 47982 56
9156 9157 56
40026 40027 56
27219 48756 56
49964 49965 56
27807 27808 56
25677 25678 56
802 803 56
10462 10463 56
45155 45156 56
5208 5209 56
28955 28956 56
39268 39269 56
21562 21563 56
7729 7730 56
3911 3912 56
37817 37818 56
28973 28974 56
30714 30715 56
32747 32748 56
32057 32850 56
5008 5009 56
27231 27232 56
1750 1751 56
40852 40853 56
25688 25689 56
35273 35274 57
20115 20116 57
25550 25551 57
7772 7773 57
4806 41630 57
34604 34605 57
24254 24255 57
18472 18473 57
37388 37389 57
13679 13680 57
29412 29413 57
25112 25113 57
11019 11020 57
9120 9121 57
27394 32771 57
29420 29745 57
38723 38724 57
30434 30435 57
10123 10124 57
24690 24691 57
43262 43263 57
17052 17053 57
26437 26438 57
30445 30446 57
23087 23088 57
45664 45665 57
11238 11239 57
2524 2525 57
30450 30451 57
31593 31594 57
10842 10843 57
2264 2265 57
28912 28913 57
28914 28915 57
19800 35259 57
7011 7012 57
5507 5508 57
25999 26000 57
32864 32865 57
10299 10300 57
16531 16532 57
13463 13464 57
18203 18204 57
8367 37608 57
14950 14951 57
21958 21959 57
3351 3352 57
22326 22327 57
40198 40199 57
31050 31051 57
24722 24723 57
21226 21227 57
7923 7924 57
3295 3296 57
21589 41559 57
36738 36739 57
39514 39515 57
4153 4154 57
29475 29476 57
35358 35359 57
23527 23528 57
46609 46610 57
21230 21231 57
26972 26973 57
31068 31069 57
29966 29967 57
26972 33097 57
48341 48342 57
32296 32297 57
28957 28958 57
15491 48427 57
7928 7929 57
1322 1323 57
13479 13480 57
48355 48356 57
34701 34702 57
44950 44951 57
39541 39542 57
10669 10670 57
418 419 57
38816 38817 57
20167 20168 57
18514 18515 57
49244 49245 57
12113 12114 57
47502 47503 57
2866 2867 57
32314 32315 57
4994 4995 57
7023 7024 57
28991 28992 57
15765 15766 57
32322 32323 57
2267 2268 57
3924 40308 57
44983 44984 57
4821 4822 57
37502 37503 57
33544 33545 57
45774 45775 57
12345 12346 57
29999 30000 57
3362 3363 57
25648 25649 57
44155 44156 57
4901 4902 57
11075 11076 57
17650 17651 57
33555 33556 57
35432 35433 57
11917 11918 57
27013 27014 57
14984 14985 57
42603 42604 57
18847 18848 57
26072 26073 57
21636 21637 57
32954 32955 57
11918 11919 57
14484 14485 57
9146 9147 57
17665 17666 57
1605 40977 57
34778 34779 57
9001 9002 57
32967 32968 57
16315 16316 57
18249 18250 57
48445 48446 57
9316 9317 57
45821 45822 57
39625 39626 57
11701 11702 57
41847 41848 57
43425 43426 57
32977 32978 57
22803 23627 57
16323 16324 57
11704 11705 57
21295 21296 57
470 471 57
25209 25210 57
19523 19524 57
22411 22412 57
37565 37566 57
3193 3194 57
47608 47609 57
15275 43589 57
41084 41085 57
42662 42663 57
34810 34811 57
30048 30049 57
9644 9645 57
27054 27055 57
18266 18267 57
42674 42675 57
43459 43460 57
29556 47112 57
22046 29257 57
9992 9993 57
36186 36187 57
22049 22050 57
24818 24819 57
48505 48506 57
35499 35500 57
32410 32411 57
26566 26567 57
37593 37594 57
36198 36199 57
33013 33014 57
2414 2415 57
18270 18271 57
48522 48523 57
30077 30078 57
187 188 57
40381 40382 57
25234 25235 57
49410 49411 57
33629 33630 57
7273 7274 57
32425 39596 57
5216 5217 57
36217 36218 57
20236 20237 57
41932 41933 57
38273 38274 57
15282 15283 57
41138 41139 57
40393 40394 57
46825 46826 57
13757 13758 57
1101 6212 57
38968 38969 57
41942 41943 57
28562 28563 57
11102 11103 57
1872 1873 57
8399 8400 57
29585 29586 57
3507 3508 57
890 891 57
40413 40414 57
16104 16105 57
16871 16872 57
1644 1645 57
41960 41961 57
8869 8870 57
14039 14040 57
2544 2545 57
10534 10535 57
22850 22851 57
25722 25723 57
7961 7962 57
45969 45970 57
34883 34884 57
8269 35072 57
7048 7049 57
11121 11122 57
1238 1239 57
22086 23127 57
5541 5542 57
39008 39009 57
17719 17720 57
39739 39740 57
21346 21347 57
27620 27621 57
24438 24439 57
38329 38330 57
34908 34909 57
16121 16122 57
5543 5544 57
26636 26637 57
34913 34914 57
46000 46001 57
27113 27114 57
2427 2428 57
40456 40457 57
31258 31259 57
24882 24883 57
8881 26320 57
42800 42801 57
44380 44381 57
3789 3790 57
33694 33695 57
42806 42807 57
25757 25758 57
28143 28144 57
5230 5231 57
34280 34281 57
4253 4254 57
48655 48656 57
11533 11534 57
11752 46220 57
19596 19597 57
19941 19942 57
6292 6293 57
33110 33111 57
29653 29654 57
30154 30155 57
12193 12194 57
8281 8282 57
42836 42837 57
46067 46068 57
5340 5341 57
25767 25768 57
32530 32531 57
2502 2503 57
37733 37734 57
3791 3792 57
28168 28169 57
44431 44432 57
11543 11544 57
36322 36323 57
39075 39076 57
7567 7568 57
12655 12656 57
37043 37044 57
36327 36328 57
34974 34975 57
3380 3381 57
29153 29154 57
13343 13344 57
43665 43666 57
3154 3155 57
10042 19255 57
39820 45919 57
17475 17476 57
11346 11347 57
2790 2791 57
38406 38407 57
12422 12423 57
23687 23688 57
13353 13354 57
3212 3213 57
31931 31932 57
42088 42089 57
5043 5044 57
37069 37070 57
8135 48341 57
1755 1756 57
18658 18659 57
40557 40558 57
21399 21400 57
1814 1815 57
36363 36364 57
19983 19984 57
47889 47890 57
24939 24940 57
7993 7994 57
16408 16409 57
47896 47897 57
46152 46153 57
47898 47899 57
24095 24096 57
35016 35017 57
47022 48933 57
12434 12435 57
26241 26242 57
22548 22549 57
39143 39144 57
26718 26719 57
45308 45309 57
33174 33175 57
9707 42956 57
49664 49665 57
41349 41350 57
42133 42134 57
7575 8980 57
43744 43745 57
5357 9658 57
27709 27710 57
39151 39152 57
12017 48557 57
24956 24957 57
16951 16952 57
46187 46188 57
21784 21785 57
2352 2353 57
28223 28224 57
37108 37109 57
12689 12690 57
10225 10226 57
28713 28714 57
13382 13383 57
25391 31229 57
11801 11802 57
35051 35052 57
30786 30787 57
14595 14596 57
4 5 57
17234 17235 57
21089 21090 57
1032 1033 57
46215 46216 57
37130 37131 57
16431 16432 57
35744 35745 57
1463 1464 57
28243 28244 57
29232 29233 57
43781 43782 57
283 284 57
15639 15640 57
11812 11813 57
5585 5586 57
16188 16189 57
47110 47111 57
31389 31390 57
1977 1978 57
39926 39927 57
17524 17525 57
4683 4684 57
28742 28743 57
23368 23369 57
11588 11589 57
41424 41425 57
13621 13622 57
41427 41428 57
43033 43034 57
46258 46259 57
14860 14861 57
21452 21453 57
2853 2854 57
48870 48871 57
18405 18406 57
21826 21827 57
12249 12250 57
41440 41441 57
1793 1794 57
43046 43047 57
27770 27771 57
24159 24160 57
41446 41447 57
29277 29278 57
9406 9407 57
48891 48892 57
7323 7324 57
23762 23763 57
1396 1397 57
16456 16457 57
44649 44650 57
33868 33869 57
18120 18121 57
37205 37206 57
35817 35818 57
4128 4129 57
7457 7458 57
9730 45583 57
28289 28290 57
32061 32062 57
4209 4210 57
3229 3230 57
15666 21376 57
20754 20755 57
49820 49821 57
21851 21852 57
42257 42258 57
12946 12947 57
27802 27803 57
39985 39986 57
30861 30862 57
155 156 57
39989 39990 57
35842 35843 57
4869 4870 57
18428 18429 57
6755 6756 57
32079 32080 57
21137 21138 57
9089 12662 57
35159 35160 57
8341 8342 57
1497 1498 57
34493 34494 57
31462 31463 57
35858 35859 57
20412 20413 57
37265 37266 57
48105 48106 57
29818 29819 57
28799 28800 57
14643 14644 57
21144 33066 57
49875 49876 57
35181 35182 57
13894 13895 57
48981 48982 57
25043 25044 57
21498 21499 57
40761 40762 57
31474 31475 57
16480 30775 57
20076 20077 57
44731 44732 57
28333 28334 57
35879 35880 57
18743 18744 57
32725 32726 57
3342 3343 57
38618 38619 57
20425 20426 57
19391 19392 57
33330 33331 57
36570 36571 57
637 638 57
29340 29341 57
44747 44748 57
19746 19747 57
27323 27324 57
23436 23437 57
44752 44753 57
21161 21162 57
46407 46408 57
25502 25503 57
46409 46410 57
7108 7109 57
22676 22677 57
28350 28351 57
36589 36590 57
9579 9580 57
28353 28354 57
7616 7617 57
28846 28847 57
25934 25935 57
29366 29367 57
20436 20437 57
30930 30931 57
47303 47304 57
7232 7233 57
32757 32758 57
35928 35929 57
4530 4531 57
29372 29373 57
8497 16196 57
23447 23448 57
5496 21266 57
44796 44797 57
3234 3235 57
28856 28857 57
49965 49966 57
23833 23834 57
10447 10448 57
36623 36624 57
36624 36625 57
2667 39588 57
6559 6560 57
49085 49086 57
24654 24655 57
43995 43996 57
23058 23059 57
1215 1216 57
8955 8956 57
3911 40908 57
7006 7007 57
3833 3834 57
16774 16775 57
9598 9599 57
29399 29400 57
11867 11868 57
23856 23857 57
25546 25547 57
40059 40060 58
3265 3266 58
47328 47329 58
13252 21547 58
2637 2638 58
15199 42071 58
35245 35246 58
27190 27191 58
4247 4248 58
31484 31485 58
16301 16302 58
47343 47344 58
25223 37981 58
19769 19770 58
16855 16856 58
29834 29835 58
5778 11667 58
37987 48143 58
36634 36635 58
17724 17725 58
30362 30363 58
34593 34594 58
30363 30364 58
15203 15204 58
33991 33992 58
5142 5143 58
40094 40095 58
49137 49138 58
42392 42393 58
17138 17139 58
3165 22881 58
19382 19383 58
22180 22181 58
35276 35277 58
7713 7714 58
48269 48270 58
25737 25738 58
15488 15489 58
16861 36820 58
21776 21777 58
38015 38016 58
48277 48278 58
42407 48055 58
22628 22629 58
20165 20166 58
11531 11532 58
14211 14212 58
9158 9159 58
12816 12817 58
5874 18031 58
30392 30393 58
44830 44831 58
49175 49176 58
2909 2910 58
26714 26715 58
8889 20356 58
507 508 58
33421 33422 58
38036 38037 58
24829 24830 58
10076 10077 58
29370 29371 58
42443 42444 58
8357 8358 58
8226 8227 58
18383 45000 58
1302 49109 58
3275 3276 58
6643 6644 58
38048 47202 58
13982 13983 58
3384 3385 58
37411 37412 58
18068 18069 58
9335 9336 58
46576 46577 58
15507 15508 58
42465 42466 58
40896 40897 58
46580 46581 58
38059 38060 58
33457 33458 58
21811 21812 58
25774 25775 58
47466 47467 58
1324 1325 58
34661 34662 58
34662 34663 58
16885 16886 58
3332 3333 58
16083 16084 58
14715 14716 58
37433 37434 58
49240 49241 58
560 561 58
2772 2773 58
369 14968 58
26247 26248 58
15258 47793 58
18410 18411 58
9052 9053 58
44072 44073 58
1104 41637 58
8636 47512 58
43300 43301 58
16901 16902 58
43302 43303 58
17485 17486 58
13517 24644 58
1125 1126 58
1771 1772 58
2094 2095 58
8505 35111 58
31595 31596 58
49271 49272 58
27284 27285 58
35377 35378 58
6065 6066 58
25334 25335 58
19854 19855 58
8111 8112 58
29423 29424 58
10417 10418 58
42528 42529 58
15537 15538 58
44105 44106 58
48404 48405 58
10787 10788 58
7633 7634 58
10419 10420 58
4411 4412 58
28906 28907 58
31041 31042 58
44955 44956 58
16924 16925 58
44958 44959 58
20650 20651 58
31632 31633 58
17218 17219 58
4746 4747 58
46688 46689 58
34730 34731 58
20249 20250 58
16118 16119 58
49334 49335 58
49335 49336 58
27862 27863 58
1089 1090 58
29446 46039 58
5985 5986 58
1717 1718 58
10434 10435 58
40265 40266 58
22727 22728 58
12435 12436 58
15828 25148 58
36125 36126 58
38160 38161 58
13768 13769 58
32304 32305 58
44150 44151 58
49361 49362 58
15286 15287 58
6990 6991 58
36817 36818 58
19884 19885 58
19885 19886 58
18451 47136 58
2702 47855 58
22289 36963 58
39591 41647 58
20276 20277 58
38861 38862 58
32318 32319 58
27893 27894 58
48489 48490 58
16942 16943 58
8928 8929 58
15839 15840 58
8265 23980 58
33567 33568 58
29979 29980 58
4348 4349 58
2067 2068 58
27902 27903 58
13554 13555 58
45846 45847 58
23588 23589 58
31091 31092 58
41820 41821 58
36163 46144 58
45027 45028 58
36862 36863 58
34804 34805 58
31091 40072 58
32344 32345 58
17243 17244 58
11825 11826 58
21909 21910 58
10125 10126 58
38210 38211 58
3344 3345 58
1335 34466 58
15025 15026 58
38904 38905 58
35489 35490 58
23601 23602 58
16960 16961 58
12686 12687 58
25874 25875 58
11608 11609 58
6679 6680 58
23173 23174 58
9819 9820 58
23610 23611 58
2349 2350 58
37589 37590 58
42668 42669 58
30548 30549 58
7650 7651 58
11417 29095 58
7890 7891 58
31735 31736 58
26360 26361 58
3797 3798 58
39676 39677 58
13806 13807 58
17273 27861 58
43478 43479 58
44256 44257 58
9829 9830 58
25899 25900 58
15041 15042 58
16425 16426 58
32398 32399 58
34858 35668 58
866 867 58
31158 31159 58
25903 25904 58
41119 41120 58
1491 1492 58
45949 45950 58
48596 48597 58
23196 23197 58
43502 43503 58
38274 38275 58
14537 14538 58
31772 31773 58
35549 35550 58
18821 18822 58
41135 41136 58
40396 40397 58
13135 38471 58
31781 31782 58
34874 34875 58
11625 38515 58
9391 22531 58
23207 23208 58
11430 11431 58
9675 9676 58
4155 6655 58
41153 41154 58
6496 6497 58
19197 19198 58
27438 27439 58
23645 23646 58
1522 1523 58
22801 22802 58
13379 13380 58
35588 35589 58
14315 14316 58
40431 40432 58
18842 18843 58
26926 26927 58
41966 41967 58
32455 32456 58
45169 45170 58
19204 19205 58
10304 10305 58
35604 35605 58
39737 39738 58
10832 10833 58
46919 46920 58
10653 10654 58
35608 35609 58
16182 16183 58
18849 18850 58
23236 23237 58
15355 15356 58
25940 25941 58
26950 26951 58
11016 28614 58
44364 44365 58
48680 48681 58
42771 42772 58
35623 35624 58
47823 47824 58
44371 44372 58
30094 30095 58
42778 42779 58
26423 26424 58
20762 20763 58
39763 39764 58
8809 8810 58
21576 21577 58
41212 41213 58
18857 18858 58
24116 24117 58
14558 14559 58
44388 44389 58
33696 33697 58
20770 22338 58
32486 32487 58
342 343 58
19221 19222 58
17596 17597 58
21996 21997 58
29602 29603 58
15901 16932 58
34301 34302 58
18218 18219 58
19972 19973 58
34968 34969 58
24131 38219 58
13386 34348 58
11020 11021 58
25519 48264 58
19985 19986 58
39062 39063 58
38380 38381 58
39072 39073 58
42832 42833 58
44430 44431 58
7901 7902 58
15913 15914 58
8547 8548 58
19232 19233 58
18872 18873 58
8548 8549 58
10841 36226 58
4288 4289 58
10661 10662 58
10662 24853 58
48767 48768 58
47901 47902 58
18883 18884 58
12298 12299 58
14337 34414 58
22858 22859 58
44457 44458 58
19613 19614 58
19242 19243 58
21612 21613 58
27012 27013 58
35008 35009 58
44464 44465 58
46156 46157 58
20808 20809 58
10002 10003 58
30705 30706 58
31283 31284 58
1751 1752 58
30707 30708 58
707 16895 58
2578 2579 58
2890 2891 58
10323 10324 58
24624 24625 58
29659 29660 58
19252 19253 58
8032 8033 58
43702 43703 58
15938 15939 58
48805 48806 58
8305 8306 58
4363 4364 58
44504 44505 58
5115 5116 58
22050 22051 58
7788 7789 58
40570 40571 58
25100 25101 58
22465 22466 58
13629 13630 58
47968 47969 58
18254 18255 58
5587 5588 58
28645 28646 58
10181 48529 58
26511 26512 58
6424 6425 58
42937 42938 58
18258 18259 58
10334 10335 58
33789 33790 58
39157 39158 58
11686 11687 58
41355 41356 58
4439 4440 58
17947 17948 58
23758 23759 58
19272 19273 58
48857 48858 58
2503 2504 58
11905 11906 58
10338 10339 58
29175 29176 58
11074 11075 58
42149 42150 58
25128 25129 58
30760 30761 58
20862 20863 58
42153 42154 58
14138 14139 58
8171 8172 58
37841 37842 58
31355 31356 58
4166 27197 58
21273 21274 58
29188 29189 58
48888 48889 58
49801 49802 58
2358 31319 58
36467 36468 58
10032 10033 58
31989 31990 58
29191 29192 58
13888 13889 58
10519 10520 58
14626 14627 58
42997 42998 58
41398 41399 58
22505 31975 58
48911 48912 58
46270 46271 58
33237 33238 58
44599 44600 58
5122 5123 58
26557 26558 58
35809 35810 58
22089 22090 58
37865 37866 58
48059 48060 58
16806 16807 58
48062 48063 58
2851 2852 58
17673 17674 58
43802 43803 58
20072 20073 58
25639 25640 58
18953 18954 58
37877 37878 58
3206 7183 58
25158 25159 58
26579 26580 58
19300 26400 58
41432 41433 58
43823 43824 58
6223 6224 58
895 896 58
5315 5316 58
32031 32032 58
25652 25653 58
1699 1700 58
3821 3822 58
31402 31403 58
40682 40683 58
35141 35142 58
44650 45666 58
41448 41449 58
48974 48975 58
3209 3210 58
44653 44654 58
9881 9882 58
32040 32041 58
26100 26101 58
13448 13449 58
40693 40694 58
9882 9883 58
43062 43063 58
14647 14648 58
19324 19325 58
2998 2999 58
22959 22960 58
49908 49909 58
12576 12577 58
19329 19330 58
14401 19862 58
48127 48128 58
32056 32057 58
27124 44548 58
15168 15169 58
8448 8449 58
18318 18319 58
27130 27131 58
42261 42262 58
29261 29262 58
25669 25670 58
12581 12582 58
16825 16826 58
40727 40728 58
11506 11507 58
17694 48553 58
24746 24747 58
20498 20499 58
7818 42808 58
3623 3624 58
47272 47273 58
27149 27150 58
14660 26258 58
2180 12319 58
18649 18650 58
24289 24290 58
14663 14664 58
9006 9007 58
22144 22145 58
653 654 58
33331 33332 58
11943 11944 58
38616 38617 58
39325 39326 58
1651 3137 58
27167 27168 58
22583 22584 58
18656 18657 58
4622 4623 58
30877 30878 58
32734 32735 58
32107 32108 58
11120 11121 58
35918 35919 58
38628 38629 58
34563 34564 58
37327 37328 58
41541 41542 58
45564 45565 58
22591 22592 58
9014 9015 58
40781 40782 58
6538 6539 58
11575 20164 59
36970 36971 59
8259 8260 59
20628 20629 59
16178 16179 59
34160 46867 59
36240 36241 59
43064 43065 59
28880 28881 59
13295 13296 59
32311 32312 59
7222 12638 59
31062 31063 59
24423 24424 59
21457 21458 59
18408 18409 59
33572 33573 59
34177 34178 59
44715 44716 59
40642 40643 59
40643 40644 59
10497 10498 59
1770 1771 59
28374 28375 59
20644 20645 59
3572 3573 59
21874 21875 59
1517 1518 59
46426 46427 59
34187 34188 59
1975 1976 59
11833 11834 59
3296 18725 59
22730 22731 59
16483 16484 59
2422 2423 59
37763 37764 59
20255 20256 59
13564 13565 59
8271 8272 59
10320 10321 59
35579 35580 59
35580 35581 59
16491 16492 59
29960 29961 59
44748 44749 59
46461 46462 59
30517 30518 59
47369 47370 59
33602 33603 59
32975 32976 59
13571 13572 59
14683 14684 59
31096 31097 59
40689 40690 59
39182 39183 59
34216 44776 59
13308 13309 59
2679 2680 59
10515 10516 59
28401 28402 59
42303 42304 59
9577 9578 59
21101 21102 59
39191 39192 59
13320 13321 59
13847 13848 59
13069 13070 59
47408 47409 59
44786 44787 59
14979 14980 59
37798 37799 59
43965 43966 59
17763 17764 59
7092 12760 59
35618 35619 59
20680 37256 59
3970 3971 59
32382 32383 59
37070 37071 59
17127 17128 59
14985 14986 59
16219 16220 59
47431 47432 59
36326 43752 59
5184 5185 59
5078 5079 59
12569 12570 59
4555 4556 59
33643 33644 59
15298 15299 59
24499 24500 59
20291 20292 59
9772 9773 59
32404 32405 59
31148 31149 59
13856 13857 59
37091 37092 59
41539 41540 59
1011 18809 59
2999 3000 59
45658 45659 59
31773 31774 59
26875 26876 59
37097 37098 59
33658 33659 59
7657 7658 59
9427 9428 59
45667 45668 59
45669 45670 59
38528 38529 59
11387 11388 59
15308 15309 59
19185 19186 59
4299 4300 59
31788 31789 59
4561 4562 59
8284 21366 59
17795 17796 59
22786 22787 59
17474 17475 59
48378 48379 59
14717 14718 59
23211 23212 59
49277 49278 59
15612 38204 59
8437 16147 59
4384 4385 59
36388 36389 59
23640 23641 59
12099 30846 59
39288 39289 59
7816 7817 59
25925 25926 59
17482 17483 59
45704 45705 59
11181 11182 59
27409 27410 59
10733 10734 59
1223 1224 59
39307 39308 59
19950 19951 59
20328 20329 59
16252 16253 59
40813 40814 59
3801 13970 59
47521 47522 59
34312 34313 59
12345 17434 59
41610 41611 59
1701 1702 59
425 426 59
27969 27970 59
38589 38590 59
17 38854 59
27973 27974 59
40829 40830 59
6983 6984 59
4069 4070 59
28500 28501 59
31211 31212 59
33717 33718 59
21575 21576 59
2838 2839 59
39338 39339 59
2950 2951 59
13373 13374 59
33107 33108 59
46666 46667 59
20755 20756 59
13896 13897 59
36439 36440 59
30640 30641 59
31228 31229 59
26430 26431 59
991 992 59
15032 15033 59
1176 1177 59
27452 27453 59
7397 7398 59
5210 5211 59
6613 6614 59
35749 35750 59
47585 47586 59
22003 22004 59
29575 29576 59
35754 35755 59
7988 7989 59
35761 35762 59
27462 27463 59
45786 45787 59
37230 37231 59
28001 28002 59
17836 17837 59
39388 39389 59
99 100 59
12128 12129 59
28534 28535 59
45802 45803 59
17842 17843 59
12129 12130 59
9621 9622 59
25063 25668 59
20372 35319 59
4231 4232 59
5104 33394 59
21601 21602 59
15368 15369 59
113 1029 59
1710 1711 59
29090 29091 59
10010 10011 59
35800 35801 59
6256 38378 59
31910 31911 59
45822 45823 59
34402 34403 59
19619 19620 59
49442 49443 59
3819 3820 59
24153 24154 59
3258 17764 59
950 951 59
15061 20163 59
35104 35105 59
3435 3436 59
22035 22036 59
31929 47598 59
33783 33784 59
29624 29625 59
29625 29626 59
44180 44181 59
26994 26995 59
32564 49256 59
36528 36529 59
11217 22797 59
47675 47676 59
49470 49471 59
18535 18536 59
11916 11917 59
5917 5918 59
5112 5113 59
5699 5700 59
3259 23117 59
45867 45868 59
9642 9643 59
20029 20030 59
6018 6019 59
45031 45032 59
12158 12159 59
30723 30724 59
36556 36557 59
33208 33209 59
15391 15392 59
30160 30161 59
2533 45798 59
40976 40977 59
46824 46825 59
8337 49180 59
28069 28070 59
30164 30165 59
28071 28072 59
31333 32749 59
32598 32599 59
446 447 59
38021 38022 59
8339 24203 59
15398 15399 59
2072 2073 59
3147 3148 59
42619 42620 59
7712 7713 59
16324 16325 59
8178 8179 59
45076 45077 59
19674 19675 59
32616 32617 59
46851 46852 59
22071 22072 59
15094 46220 59
9657 9658 59
24200 24201 59
42636 42637 59
35883 35884 59
36600 36601 59
46862 46863 59
24660 24661 59
27545 30895 59
39519 39520 59
922 923 59
41825 41826 59
933 934 59
13971 13972 59
29682 29683 59
29682 46612 59
20443 20444 59
11243 11244 59
11008 11009 59
26529 26530 59
7717 7718 59
26535 26536 59
44286 44287 59
44287 44288 59
19690 43512 59
28641 28642 59
15716 15717 59
9484 9485 59
26063 26064 59
22085 49883 59
9323 9324 59
49600 49601 59
13176 13177 59
22087 22088 59
9489 9490 59
36638 36639 59
29173 29174 59
8506 8507 59
9491 9492 59
25154 25155 59
48702 48703 59
38087 38088 59
24227 24228 59
32668 32669 59
6520 25698 59
36653 36654 59
12924 12925 59
27599 27600 59
3024 3025 59
15736 15737 59
41076 41077 59
4898 4899 59
30234 30235 59
20079 20080 59
18263 18264 59
9674 9675 59
22533 22534 59
8190 8191 59
4598 28235 59
1044 1045 59
5487 5488 59
26099 26100 59
20899 23571 59
1186 28715 59
2592 2593 59
35258 35259 59
10422 10423 59
4100 4101 59
14836 35731 59
28175 36021 59
48753 48754 59
10627 10628 59
35975 35976 59
3452 3453 59
7441 7442 59
22557 22558 59
19339 45997 59
33945 33946 59
11977 22634 59
29753 29754 59
14014 14015 59
8685 8686 59
47891 47892 59
11503 11504 59
40368 40369 59
40369 40370 59
3684 14052 59
18634 18635 59
33961 33962 59
3390 3391 59
20116 20117 59
10637 10638 59
6647 6648 59
33967 33968 59
24282 24283 59
9355 9356 59
48790 48791 59
41970 41971 59
10440 10441 59
21738 21739 59
46115 46116 59
23431 23432 59
16102 35475 59
24295 24296 59
44409 44410 59
44411 44412 59
23433 23434 59
40391 42951 59
92 93 59
363 364 59
22150 22151 59
12715 12716 59
4615 4616 59
33370 33371 59
42798 42799 59
32746 32747 59
96 97 59
16106 25273 59
22594 22595 59
13739 13740 59
40411 40412 59
32148 32149 59
29276 29277 59
26149 26150 59
1545 1546 59
12974 12975 59
12463 12464 59
9704 39929 59
33392 33393 59
5037 5038 59
3551 3552 59
38201 38202 59
830 831 59
17645 17646 59
14051 14052 59
35342 35343 59
14879 14880 59
22611 22612 59
42844 42845 59
9031 9032 59
35349 35350 59
47073 47074 59
42850 42851 59
44472 44473 59
25243 25244 59
27174 27175 59
13238 13239 59
48869 48870 59
29815 29816 59
4531 4532 59
1132 1133 59
16411 16412 59
31515 32048 59
12992 12993 59
12014 12015 59
35367 35368 59
46197 46198 59
20159 20160 59
36799 36800 59
49813 49814 59
17030 17031 59
10456 10457 59
25752 25753 59
905 906 59
29830 29831 59
48895 48896 59
5954 15819 59
33435 33436 59
33436 33437 59
44521 44522 59
34057 34058 59
2868 2869 59
49837 49838 59
11535 11536 59
11535 29125 59
27734 27735 59
27735 27736 59
1804 1805 59
27740 27741 59
5052 5053 59
48041 48042 59
42907 42908 59
41273 41274 59
7065 7066 59
32823 32824 59
29328 29329 59
35408 35409 59
26702 26703 59
20179 20180 59
12496 20007 59
13512 13513 59
4628 4629 59
28801 28802 59
14349 14350 59
26709 26710 59
48945 48946 59
36137 36138 59
39014 39015 59
9380 9381 59
42107 42108 59
25766 48894 59
6561 6562 59
38293 38294 59
36141 36142 59
15214 15215 59
5961 5962 59
32853 32854 59
48086 48087 59
23062 42630 59
9385 9386 59
42120 42121 59
34731 34732 59
36876 36877 59
28826 28827 59
6192 7975 59
41315 41316 59
42130 42131 59
17691 17692 59
43779 43780 59
26221 26222 59
29884 42717 59
36883 36884 59
48106 48107 59
29885 29886 59
34097 34098 59
21810 21811 59
43788 43789 59
23932 23933 59
36898 36899 59
12508 12509 59
40551 40552 59
24374 24375 59
22664 22665 59
47222 47223 59
1480 1481 59
9730 9731 59
7929 7930 59
26243 26244 59
36174 36175 59
31008 31009 59
3858 3859 59
966 967 59
38343 41466 59
34115 34116 59
17700 17701 59
49029 49030 59
44636 44637 59
34777 34778 59
41360 41361 59
11117 11118 59
24383 24384 59
3784 3785 59
35476 35477 59
28332 28333 59
7486 7487 59
29909 29910 59
49971 49972 59
42187 42188 59
1769 1770 59
11341 11342 59
2238 2239 59
23955 23956 59
16773 16774 59
17710 17711 59
17400 17401 59
23538 29515 59
18033 18034 59
14371 14372 59
9222 9223 59
16464 16465 59
11123 11124 59
10691 10692 59
2416 17855 59
19458 19459 59
21849 21850 59
1227 1228 60
7975 7976 60
21415 21416 60
26028 26029 60
11283 11284 60
2765 2766 60
23832 23833 60
12353 12354 60
28477 28478 60
2766 2767 60
13297 13298 60
48245 48246 60
49124 49125 60
33867 33868 60
32728 32729 60
501 502 60
2499 2500 60
27469 44678 60
6228 41344 60
37585 37586 60
25629 25630 60
41716 41717 60
35050 35051 60
19517 19518 60
23846 23847 60
5400 5401 60
37592 37593 60
48271 48272 60
36953 36954 60
41735 41736 60
11092 11093 60
31010 31011 60
45675 45676 60
36957 36958 60
11094 11095 60
19897 30413 60
11097 11098 60
43309 43310 60
2541 42318 60
27490 27491 60
7716 7717 60
17332 17333 60
30470 30471 60
23453 23454 60
31574 31575 60
33335 33336 60
17912 17913 60
4104 4105 60
30481 30482 60
35084 35085 60
4228 4229 60
13799 13800 60
11718 11719 60
41003 41004 60
13312 13313 60
37631 37632 60
5135 5136 60
41770 41771 60
43344 43345 60
46584 46585 60
16504 16505 60
6126 6127 60
44931 44932 60
17924 17925 60
3824 6862 60
39629 39630 60
33914 44286 60
10710 21963 60
1765 1766 60
2065 2066 60
9524 9525 60
16515 16516 60
6755 44501 60
37657 37658 60
32231 32232 60
3066 3067 60
21868 21869 60
23487 23488 60
41801 41802 60
3630 3631 60
17363 17364 60
42594 42595 60
25199 25200 60
33935 33936 60
1632 1633 60
6869 6870 60
14343 14344 60
33383 33384 60
3510 3511 60
37679 37680 60
22253 22254 60
29045 29046 60
46641 46642 60
1680 1681 60
23506 23507 60
37685 49032 60
37040 37041 60
44977 44978 60
23509 23510 60
47509 47510 60
5330 5331 60
7880 7881 60
37044 37045 60
12852 12853 60
23083 40606 60
29061 29062 60
48389 48390 60
41081 41082 60
25689 25690 60
27552 27553 60
704 15426 60
40372 40373 60
16812 16813 60
11746 11747 60
14612 14613 60
1084 1085 60
46684 46685 60
8316 8317 60
39694 39695 60
2257 2258 60
38997 38998 60
4831 4832 60
6573 6574 60
5873 5874 60
33979 33980 60
5431 5432 60
19246 19247 60
4899 4900 60
38342 38343 60
11540 11541 60
2043 2044 60
23936 23937 60
43444 43445 60
14630 14631 60
11762 11763 60
26608 26609 60
31691 31692 60
30049 30050 60
41124 41125 60
31693 31694 60
44231 44232 60
17394 17395 60
47576 47577 60
19605 19606 60
34570 34571 60
34571 34572 60
33446 33447 60
37758 37759 60
41137 41138 60
7494 15110 60
17397 17398 60
19968 19969 60
2176 2177 60
37765 37766 60
19970 19971 60
13365 13366 60
46749 46750 60
11990 11991 60
39744 39745 60
9884 9885 60
4450 4451 60
27617 27618 60
19616 19617 60
39044 39045 60
122 44253 60
13127 13602 60
44272 44273 60
8035 8036 60
18943 18944 60
41169 41170 60
25742 25743 60
20743 20744 60
2473 49795 60
4528 35164 60
1802 1803 60
11776 11777 60
6781 6782 60
27632 45942 60
21935 21936 60
18617 18618 60
8040 47679 60
10401 10402 60
46788 46789 60
19638 19639 60
29138 29139 60
12899 12900 60
20753 20754 60
31755 31756 60
45105 45106 60
40464 40465 60
7024 7025 60
11785 11786 60
12011 12012 60
19649 19650 60
32353 32354 60
6164 6165 60
1576 1577 60
40480 40481 60
43545 43546 60
40482 40483 60
45934 45935 60
20765 20766 60
289 290 60
11789 11790 60
21175 21176 60
25769 25770 60
17997 17998 60
42770 42771 60
20382 20383 60
45948 45949 60
13150 13151 60
16061 16062 60
36523 36524 60
7145 7146 60
36525 36526 60
39814 39815 60
14403 14404 60
6167 6168 60
3087 3088 60
12692 40451 60
26212 26213 60
39122 39123 60
20393 20394 60
14673 31137 60
36540 36541 60
39132 39133 60
39826 39827 60
20395 20396 60
43593 43594 60
49474 49475 60
20783 20784 60
8785 8786 60
21992 29448 60
10780 10781 60
45171 45172 60
20401 20402 60
12919 12920 60
1178 1179 60
38466 38467 60
8204 8205 60
365 366 60
45993 45994 60
17728 17729 60
4328 4329 60
20048 20049 60
17732 45388 60
29686 29687 60
10085 25167 60
49504 49505 60
32418 32419 60
48624 48625 60
35314 35315 60
46895 46896 60
32987 32988 60
17161 39976 60
14685 14686 60
39163 39164 60
43632 43633 60
24465 24466 60
35959 35960 60
27205 27206 60
45201 48170 60
16609 16610 60
9257 9258 60
10263 27404 60
28714 28715 60
32431 32432 60
49533 49534 60
8647 8648 60
39870 42006 60
45211 45212 60
19336 19337 60
1514 1515 60
14184 14185 60
19010 19011 60
47802 47803 60
37258 37259 60
19707 34618 60
47808 47809 60
30181 30182 60
852 853 60
8353 8354 60
24064 41932 60
21234 21235 60
47820 47821 60
37276 37277 60
48684 48685 60
42104 42105 60
26263 26264 60
25390 25391 60
6798 6799 60
20441 20442 60
43686 43687 60
19016 19017 60
29227 29228 60
42897 42898 60
27743 27744 60
39910 39911 60
15516 15517 60
36619 36620 60
11597 11598 60
15799 24307 60
11392 33678 60
46971 46972 60
22037 22038 60
39919 39920 60
22431 22432 60
5635 5636 60
19026 19027 60
25839 25840 60
24968 24969 60
28750 28751 60
37307 37308 60
408 25528 60
45276 45277 60
36639 36640 60
33620 33621 60
48730 48731 60
13925 45821 60
36642 36643 60
8216 8217 60
44501 44502 60
36646 36647 60
3037 3038 60
49635 49636 60
46140 46141 60
24088 40617 60
36649 36650 60
16639 16640 60
1562 1563 60
19733 45564 60
12486 12487 60
37937 37938 60
7791 7792 60
5807 39395 60
7546 7547 60
30229 30230 60
42956 42957 60
28774 28775 60
48766 48767 60
15817 15818 60
41404 41405 60
5018 5019 60
20876 20877 60
29278 29279 60
36047 36048 60
6711 6712 60
1209 14035 60
7802 7803 60
7281 7282 60
30242 30243 60
10287 31173 60
20889 20890 60
18399 18400 60
1355 1356 60
25878 25879 60
13447 13448 60
10291 10292 60
18406 18407 60
33099 33100 60
14224 14225 60
2452 2453 60
30265 30266 60
37976 37977 60
29779 29780 60
40697 40698 60
25455 25456 60
12278 12279 60
49709 49710 60
29784 29785 60
11621 11622 60
23293 23294 60
22481 22482 60
46208 46209 60
34832 34833 60
39317 39318 60
41453 41454 60
10821 10822 60
8237 8238 60
22893 30869 60
17505 48512 60
9609 9610 60
27309 27310 60
28816 28817 60
8672 8673 60
17508 17509 60
46228 46229 60
47102 47103 60
15290 15291 60
46229 46230 60
47105 47106 60
2625 2626 60
3937 3938 60
8240 8241 60
31978 31979 60
19401 19402 60
43829 43830 60
3479 3480 60
12994 12995 60
41487 49594 60
12075 34546 60
8986 37960 60
32571 32572 60
3212 46750 60
9139 9140 60
9622 9623 60
2902 2903 60
42262 42263 60
38022 41199 60
31998 31999 60
11230 11231 60
48018 48019 60
26377 26378 60
36135 36136 60
9960 9961 60
9307 9308 60
29347 29348 60
7183 7184 60
48028 48029 60
12764 12765 60
20519 27304 60
37425 37426 60
19802 19803 60
3160 35739 60
36772 40569 60
18765 18766 60
14762 20680 60
21733 21734 60
29360 29361 60
40779 40780 60
49806 49807 60
48049 48050 60
30864 30865 60
37437 37438 60
34900 48447 60
3263 13161 60
48058 48059 60
1168 1169 60
29365 29366 60
40081 40082 60
22119 22120 60
45468 45469 60
38710 38711 60
32613 32614 60
44681 44682 60
1430 1431 60
41542 41543 60
25521 25522 60
20531 20532 60
16698 16699 60
40798 40799 60
13022 13023 60
23365 23366 60
4631 4632 60
22130 22131 60
43131 43132 60
45491 45492 60
8848 8849 60
8253 8254 60
37461 37462 60
27381 27382 60
37463 37464 60
42344 42345 60
3561 3562 60
6009 6010 60
19829 19830 60
24189 24190 60
9326 9327 60
42353 42354 60
34943 34944 60
5656 5657 60
2420 2421 60
41577 41578 60
46366 46367 60
12555 12556 60
14524 14525 60
27898 27899 60
40129 40130 60
9157 9158 60
11055 11056 60
5661 5662 60
18170 18171 60
29401 38670 60
19460 19461 60
15346 15347 60
49898 49899 60
26434 33733 60
38759 38760 60
42387 42388 60
19462 19463 60
43181 43182 60
17564 18940 60
10500 10501 60
40853 40854 60
48142 48143 60
18792 18793 60
952 953 60
15059 20669 60
13505 13506 60
18478 18479 60
16998 16999 60
37507 37508 60
12111 12112 60
9015 9016 60
11272 11273 60
16195 16196 60
44768 44769 60
38784 38785 60
44770 44771 60
30403 30404 60
44774 44775 60
39481 39482 60
34990 34991 60
37517 37518 60
38139 38140 60
47301 47302 60
27939 27940 60
30405 30406 60
27432 27433 60
36245 36246 60
11069 11070 60
34362 34363 60
30952 30953 60
38149 38150 60
28443 28444 60
6962 6963 60
12118 12119 60
39509 39510 60
6105 6106 60
49061 49062 60
47322 47323 60
49069 49070 60
14798 14799 60
23420 23421 60
7311 7312 60
36256 36257 60
23818 23819 60
23820 23821 60
8866 8867 60
5303 5304 60
39523 39524 60
30972 30973 60
40208 40209 60
35014 35015 60
16745 16746 60
40213 40214 60
7972 7973 60
40216 40217 60
14041 14042 60
6322 6323 60
13543 13544 61
5111 14366 61
11293 11294 61
10547 24052 61
20043 20044 61
13765 13766 61
20725 20726 61
24945 24946 61
3434 3435 61
40527 40528 61
21451 42949 61
19714 19715 61
32869 32870 61
15239 15240 61
23713 23714 61
16518 16519 61
9551 9552 61
8764 8765 61
8030 8031 61
47500 47501 61
31682 31683 61
8623 8624 61
16792 16793 61
28611 28612 61
2761 2762 61
22582 22583 61
39867 39868 61
28134 35806 61
28618 28619 61
16795 16796 61
30567 30568 61
29110 29800 61
40565 40566 61
31698 31699 61
26678 26679 61
2163 2164 61
29115 29116 61
33497 33498 61
49196 49197 61
17328 17329 61
47528 47529 61
16033 16034 61
29118 29119 61
31128 46076 61
29603 29604 61
8471 8472 61
32323 32324 61
7090 7091 61
30587 30588 61
14738 14739 61
35973 35974 61
16801 16802 61
37298 37299 61
40593 40594 61
44322 44323 61
42817 42818 61
13139 13140 61
41316 41317 61
46742 46743 61
5950 6591 61
33523 33524 61
38557 38558 61
16285 29872 61
5534 5535 61
13357 13358 61
45901 45902 61
43589 43590 61
9896 9897 61
31154 31155 61
1985 1986 61
147 37800 61
25820 25821 61
30612 30613 61
8039 8040 61
27175 27176 61
17353 17354 61
17615 17616 61
14275 14276 61
30620 38651 61
8939 8940 61
30105 30106 61
9735 9736 61
23379 23380 61
8480 8481 61
42860 42861 61
23755 23756 61
22615 22616 61
38592 38593 61
27675 27676 61
34116 34117 61
21146 21147 61
22224 22225 61
24154 24155 61
45164 45165 61
2650 2651 61
25435 25436 61
2285 34388 61
49287 49288 61
25005 25006 61
46811 46812 61
42123 42124 61
25006 25007 61
11322 11323 61
1713 1714 61
21155 21156 61
20434 20435 61
42131 42132 61
35374 35375 61
19124 19125 61
20781 38660 61
7482 7483 61
2652 29652 61
11732 11733 61
32403 32404 61
23007 23008 61
39978 39979 61
36052 36053 61
15525 15526 61
32993 32994 61
39299 39300 61
43681 43682 61
34752 34753 61
7230 7231 61
21515 27088 61
29176 36593 61
47672 47673 61
31209 31210 61
15790 15791 61
14764 14765 61
14291 46553 61
1908 1909 61
25466 33502 61
13591 13592 61
46003 46004 61
37993 37994 61
48519 48520 61
32423 32424 61
29683 29684 61
7773 7774 61
7489 14963 61
20117 20118 61
47692 49758 61
43711 43712 61
4297 30142 61
11334 11335 61
46025 46026 61
38005 38006 61
422 423 61
49379 49380 61
27235 27236 61
6053 20695 61
34792 34793 61
47707 47708 61
20814 20815 61
48540 48541 61
25892 25893 61
31246 31247 61
26766 26767 61
6852 6853 61
25896 25897 61
2440 2441 61
42204 42205 61
38664 38665 61
4632 4633 61
48561 48562 61
18520 18521 61
24199 24200 61
5032 5033 61
28254 28255 61
20463 20464 61
16331 16332 61
34814 34815 61
40047 40048 61
27752 27753 61
48578 48579 61
1280 1281 61
16584 16585 61
42998 42999 61
46082 48204 61
12975 12976 61
23819 23820 61
17672 17673 61
41477 41478 61
2125 10763 61
8067 8068 61
26792 26793 61
165 166 61
11159 11160 61
30725 30726 61
31874 31875 61
32485 32486 61
3988 3989 61
25072 25073 61
13839 13840 61
16596 16597 61
5133 46178 61
40775 40776 61
41505 41506 61
252 253 61
24224 24225 61
26810 26811 61
11758 11759 61
19178 19179 61
22698 22699 61
9773 9774 61
25525 36842 61
25929 25930 61
15047 15048 61
34237 34238 61
6532 6533 61
13409 27334 61
5869 10168 61
15324 15325 61
14096 14097 61
24240 24241 61
19491 19492 61
43811 43812 61
49487 49488 61
39428 39429 61
40797 40798 61
7252 7253 61
34251 34252 61
23848 23849 61
20875 20876 61
1683 1684 61
21231 21232 61
687 688 61
21966 21967 61
14101 14102 61
10120 10121 61
49506 49507 61
28793 28794 61
2606 2607 61
23861 23862 61
26396 26397 61
23093 23094 61
12785 20709 61
30781 30782 61
28324 28325 61
1877 40660 61
28805 28806 61
18566 18567 61
29783 29784 61
26400 49094 61
7796 7797 61
23497 23498 61
34289 34290 61
17154 22355 61
35566 35567 61
38130 38131 61
10975 10976 61
48693 48694 61
5470 5471 61
49544 49545 61
30280 30281 61
38786 38787 61
14345 14346 61
1685 1686 61
13866 13867 61
39484 39485 61
4162 4163 61
34300 34301 61
47047 47048 61
7389 7390 61
23109 23110 61
21615 21616 61
16379 16380 61
34948 34949 61
40867 40868 61
8531 8532 61
22746 22747 61
3548 3549 61
36892 36893 61
38154 38155 61
39508 39509 61
45429 45430 61
1760 1761 61
14356 14357 61
28358 28359 61
40887 40888 61
10987 10988 61
40191 47136 61
21629 21630 61
49598 49599 61
4566 4567 61
8091 8092 61
31995 31996 61
13230 13231 61
27377 27378 61
43167 43168 61
805 806 61
36916 36917 61
783 784 61
35621 35622 61
26911 26912 61
1289 1290 61
47097 47098 61
27869 27870 61
133 134 61
12196 12197 61
18913 18914 61
10469 32779 61
45467 45468 61
3177 3178 61
13658 13659 61
47957 47958 61
26011 26012 61
26927 26928 61
42422 42423 61
13660 13661 61
18610 18611 61
29839 29840 61
34346 34347 61
47129 47130 61
4662 4663 61
5376 5377 61
22027 22028 61
763 45286 61
36950 36951 61
3294 3295 61
4494 4495 61
28876 28877 61
9016 9234 61
1969 1970 61
21661 21662 61
43963 43964 61
3564 3565 61
17748 48914 61
19247 19248 61
19569 19570 61
22784 22785 61
1658 36414 61
48806 48807 61
2096 2097 61
38224 38225 61
18025 18026 61
30883 30884 61
3850 3851 61
3626 3627 61
9024 26324 61
32648 32649 61
9654 9655 61
42470 42471 61
28413 28414 61
9182 41118 61
22414 22415 61
22415 22416 61
27930 27931 61
36990 36991 61
24791 24792 61
40983 40984 61
34 35 61
20955 20956 61
745 746 61
42487 42488 61
36998 36999 61
36999 37000 61
4106 4107 61
28433 28434 61
10499 10500 61
33841 40926 61
17221 17222 61
6234 6235 61
250 251 61
12230 12231 61
45558 45559 61
29903 29904 61
46379 46380 61
13480 13481 61
48052 48053 61
27455 27456 61
12647 12648 61
8879 8880 61
47220 47221 61
16436 16437 61
6007 6008 61
37028 37029 61
1462 1463 61
41755 41756 61
21705 21706 61
38947 38948 61
30932 30933 61
26999 27000 61
18059 18060 61
39657 39658 61
7293 7294 61
3573 3574 61
28945 28946 61
30407 30408 61
46406 46407 61
32117 32118 61
45590 45591 61
17504 17505 61
41023 41024 61
22827 22828 61
13943 13944 61
312 313 61
12440 12441 61
38978 38979 61
32133 32134 61
13947 13948 61
38982 38983 61
25231 29132 61
2809 2810 61
10686 10687 61
43319 43320 61
11250 11251 61
44068 44069 61
9200 9201 61
35753 35754 61
30959 30960 61
37714 37715 61
28971 28972 61
27022 27023 61
37720 37721 61
36409 36410 61
46453 46454 61
29454 29455 61
18996 18997 61
8575 8576 61
7298 7299 61
2210 43986 61
18087 18088 61
364 39975 61
29937 29938 61
312 37937 61
44883 44884 61
14677 14678 61
44094 44095 61
6248 6249 61
44891 44892 61
16223 16224 61
20300 34085 61
31545 31546 61
35129 35130 61
10866 10867 61
41841 41842 61
4427 4428 61
11071 11072 61
48153 48154 61
16727 16728 61
12876 12877 61
27510 28235 61
447 448 61
30995 30996 61
16989 16990 61
47330 47331 61
32753 32754 61
42613 42614 61
27518 27519 61
4804 4805 61
19988 19989 61
39034 39035 61
15695 15696 61
31007 31008 61
37771 37772 61
19328 19329 61
123 124 61
7863 7864 61
13975 34524 61
31569 31570 61
476 477 61
24040 24041 61
3798 3799 61
19671 19672 61
32785 32786 61
3959 3960 61
12268 12269 61
43399 43400 61
34541 34542 61
21044 21045 61
5519 38045 61
16483 21960 61
32223 32224 61
43412 49255 61
21407 21408 61
10879 10880 61
35194 35195 61
420 48778 61
15458 15459 61
19683 19684 61
22898 22899 61
2640 3277 61
46573 46574 61
6495 6496 61
24906 24907 61
36502 48725 61
4610 4611 61
37146 37147 61
19040 19041 61
49071 49072 61
49935 49936 61
6391 6392 61
39782 47760 61
8453 8454 61
6827 6828 61
44980 44981 61
25326 25327 61
39786 39787 61
48249 48250 61
674 675 61
37157 40446 61
35215 35216 61
22147 33575 61
7081 7082 61
17018 37263 61
39105 39106 61
28079 28080 61
31626 31627 61
19361 19362 61
38440 38441 61
35877 35878 61
24081 24082 61
32258 32259 61
30009 30010 61
20030 20031 61
34588 34589 61
37833 37834 61
43470 44331 61
14957 14958 61
43477 43478 61
1864 1865 61
27106 27107 61
26184 26185 61
36531 36532 61
11288 11289 61
3966 3967 61
47458 47459 61
31646 31647 61
46638 46639 61
13332 27891 61
33448 33449 61
45796 45797 61
37216 37217 61
3744 3745 62
23641 23642 62
2848 2849 62
13428 13429 62
26670 26671 62
16832 16833 62
34586 34587 62
39809 39810 62
44227 44228 62
775 776 62
23648 23649 62
41215 41216 62
5285 5286 62
43489 43490 62
20303 20304 62
14758 14759 62
15763 24979 62
9916 9917 62
23657 23658 62
41987 42882 62
43499 43500 62
17117 17118 62
12267 12268 62
42741 42742 62
10908 10909 62
19285 19286 62
37846 37847 62
11569 11570 62
14308 19714 62
25789 25790 62
42754 42755 62
46678 46679 62
38469 38470 62
10465 10466 62
36542 36543 62
31710 31711 62
11923 11924 62
26699 26700 62
33466 33467 62
6256 6257 62
48345 48346 62
27183 27184 62
32308 32309 62
49187 49188 62
15775 15776 62
1191 1192 62
43533 43534 62
11927 49955 62
35916 35917 62
25364 25365 62
42020 42021 62
25365 25366 62
17420 17421 62
11578 11579 62
6566 6567 62
233 234 62
5915 5916 62
30643 30644 62
4702 4703 62
39168 39169 62
35935 35936 62
37249 37250 62
29670 29671 62
36579 36580 62
22916 22917 62
39175 39176 62
38516 38517 62
40566 40567 62
25807 25808 62
18650 18651 62
5290 5291 62
31738 31739 62
14778 36048 62
43575 43576 62
35290 35291 62
23694 23695 62
11760 11761 62
39885 39886 62
6880 6881 62
21800 21801 62
19313 19314 62
7514 7515 62
38534 38535 62
6881 6882 62
33513 33514 62
42080 42081 62
31759 31760 62
19670 19671 62
16078 16079 62
13455 13456 62
7239 7240 62
11267 11268 62
15796 16022 62
38550 38551 62
17446 17447 62
18355 18356 62
48430 48431 62
6793 6794 62
30165 30166 62
30685 30686 62
48435 48436 62
49278 49279 62
6184 6185 62
23339 23340 62
24980 24981 62
7525 7526 62
42864 42865 62
32374 32375 62
7423 7424 62
46799 46800 62
16342 16343 62
2232 41587 62
29221 29222 62
12303 12304 62
2886 2887 62
37314 37315 62
7533 7534 62
46814 46815 62
35992 35993 62
48474 48475 62
14120 14121 62
35335 35336 62
16878 16879 62
35999 36000 62
16620 16621 62
18042 18043 62
36005 36006 62
11780 30922 62
26288 26289 62
22197 22198 62
37952 37953 62
42135 42136 62
2963 2964 62
7159 7160 62
605 606 62
18382 18383 62
31819 31820 62
8522 8523 62
14350 14351 62
39278 39279 62
13677 13678 62
31253 31254 62
30716 30717 62
23373 23374 62
49352 49353 62
27776 27777 62
48509 48510 62
31830 31831 62
2205 2206 62
48514 48515 62
44441 44442 62
37356 37357 62
9023 9024 62
40677 40678 62
15560 15561 62
21490 21491 62
37362 37363 62
7957 7958 62
25450 25451 62
2178 2179 62
22215 22216 62
2498 2499 62
15567 15568 62
33008 33009 62
16371 16372 62
11975 11976 62
45228 45229 62
36050 36051 62
10504 10505 62
13686 13687 62
13487 13488 62
580 16612 62
25893 25894 62
33017 33018 62
3671 3672 62
25036 25037 62
7964 7965 62
47721 47722 62
31860 31861 62
15576 15577 62
20779 20780 62
44482 44483 62
34784 34785 62
16917 16918 62
16133 16134 62
46901 46902 62
10512 10513 62
15847 15848 62
8411 8412 62
6584 6585 62
14607 14608 62
41460 41461 62
34183 44104 62
40025 40026 62
29297 29298 62
30243 30244 62
49434 49435 62
46094 46095 62
38019 38020 62
32475 32476 62
39356 39357 62
44523 44524 62
119 120 62
24179 24180 62
6814 6815 62
46106 46107 62
34193 34194 62
3813 13688 62
23793 23794 62
26838 26839 62
11629 11630 62
14374 14375 62
17505 17506 62
25058 49453 62
2729 2730 62
26852 27700 62
21527 21528 62
44546 44547 62
27339 27340 62
13704 13705 62
30276 30277 62
23023 23024 62
36763 36764 62
46133 46134 62
870 871 62
46135 46136 62
8658 8659 62
5455 26905 62
31914 31915 62
49484 49485 62
48630 48631 62
23810 23811 62
23811 23812 62
7764 48166 62
22262 22263 62
6128 6129 62
40078 40079 62
7652 22061 62
4175 4176 62
32520 32521 62
32521 32522 62
15361 49165 62
40085 40086 62
46161 46162 62
2662 2663 62
38066 38067 62
35484 35485 62
42285 42286 62
5733 5734 62
43070 43071 62
49516 49517 62
14857 45104 62
41533 41534 62
19778 19779 62
40096 40097 62
46175 46176 62
10384 21438 62
47858 47859 62
16413 16414 62
1630 1631 62
43833 43834 62
25090 25091 62
6917 6918 62
7091 14261 62
14186 14187 62
31367 31368 62
12548 12549 62
31369 31370 62
25952 25953 62
45370 45371 62
42315 42316 62
8222 8223 62
16691 16692 62
4273 4274 62
47039 47040 62
20834 20835 62
4078 4079 62
23454 23455 62
25549 25550 62
8677 13658 62
13333 13334 62
31384 31385 62
37484 37485 62
37485 37486 62
699 700 62
10690 10691 62
47056 47057 62
2401 2402 62
42340 42341 62
33711 33712 62
38770 38771 62
24241 24242 62
25113 25114 62
43876 43877 62
12366 12367 62
21221 21222 62
40148 40149 62
4127 4128 62
49597 49598 62
13743 13744 62
36196 36197 62
40854 40855 62
40152 40153 62
8565 8566 62
22712 22713 62
13745 13746 62
9997 9998 62
48749 48750 62
48752 48753 62
13147 13148 62
25127 25128 62
32578 32579 62
21591 21592 62
18791 18792 62
45448 45449 62
34926 34927 62
21962 21963 62
16186 16187 62
34934 34935 62
44690 44691 62
16186 17515 62
15907 15908 62
10133 10134 62
13349 13350 62
8682 8683 62
38151 38152 62
26954 26955 62
30878 30879 62
18175 18176 62
36887 36888 62
12571 12572 62
22321 22322 62
49649 49650 62
34949 34950 62
29890 29891 62
7779 9215 62
35598 35599 62
40904 40905 62
34952 34953 62
26009 26010 62
6298 6299 62
4441 4442 62
25610 25611 62
31441 49993 62
33754 33755 62
25614 25615 62
18180 18181 62
13991 13992 62
25150 25151 62
32617 32618 62
43955 43956 62
33202 33203 62
34331 34332 62
8811 8812 62
16457 16458 62
47166 47167 62
12203 12204 62
23884 23885 62
36928 36929 62
14438 14439 62
7891 7892 62
48825 48826 62
5466 5467 62
39559 39560 62
49703 49704 62
20896 20897 62
33217 33218 62
1342 1343 62
14230 14231 62
14230 21358 62
46340 46341 62
29913 29914 62
22352 22353 62
15663 15664 62
8816 8817 62
46347 46348 62
10706 10707 62
10287 10288 62
17878 17879 62
16471 16472 62
514 515 62
31476 45436 62
14005 14006 62
28978 28979 62
36964 36965 62
2486 2487 62
38895 38896 62
12977 12978 62
15172 15173 62
45554 45555 62
35658 35659 62
3683 3684 62
62 63 62
19505 19506 62
48874 48875 62
15949 45809 62
29465 29466 62
19866 19867 62
7206 7207 62
17027 17028 62
25189 25190 62
15679 15680 62
2988 2989 62
23928 23929 62
47238 47239 62
12982 12983 62
10423 10424 62
10868 10869 62
7479 7480 62
2375 2376 62
8588 8589 62
5002 5003 62
22401 22402 62
16770 16771 62
15961 15962 62
22038 22039 62
27040 27041 62
39641 39642 62
33851 46014 62
24353 24354 62
3308 3309 62
22793 22794 62
27525 27526 62
48923 48924 62
11533 42411 62
16776 16777 62
4349 4350 62
8591 8592 62
17346 17347 62
32705 32706 62
15195 15196 62
38956 38957 62
38957 38958 62
1407 1408 62
13589 13590 62
30464 43893 62
48122 48123 62
20951 20952 62
23178 23179 62
21682 21683 62
14951 14952 62
31005 31006 62
12235 12236 62
17627 17628 62
20243 20244 62
38979 38980 62
5007 5008 62
12411 12412 62
9751 9752 62
29048 29049 62
48139 48140 62
12241 12242 62
48963 48964 62
33889 33890 62
21700 21701 62
29053 29054 62
48972 48973 62
27554 27555 62
14718 14719 62
498 499 62
11376 11377 62
23201 23202 62
26121 49841 62
44093 44094 62
37060 37061 62
35755 35756 62
35756 35757 62
3069 31479 62
49868 49869 62
26596 26597 62
28085 28086 62
33905 33906 62
48993 48994 62
23591 23592 62
46501 46502 62
28571 28572 62
28572 28573 62
19915 19916 62
44110 44111 62
12247 12248 62
39709 39710 62
48174 48175 62
12809 12810 62
17942 47779 62
15993 15994 62
18903 18904 62
22832 22833 62
7491 7492 62
15996 15997 62
33353 33354 62
27097 27098 62
30019 30020 62
44927 44928 62
264 265 62
26137 26138 62
28112 28113 62
20613 20614 62
31059 31060 62
9764 9765 62
35149 35150 62
31064 31065 62
8262 8263 62
42641 42642 62
31616 31617 62
40421 40422 62
43404 43405 62
11227 11228 62
17080 17081 62
34523 34524 62
17657 17658 62
33379 33380 62
22088 22089 62
14971 14972 62
13411 13412 62
17378 17379 62
4047 19318 62
33954 33955 62
8981 8982 62
39762 45341 62
452 41681 62
19939 19940 62
29586 29587 62
8718 22621 62
15489 15490 62
31638 31639 62
13035 13036 62
49083 49084 62
32253 32254 62
12436 12437 62
33972 33973 62
48257 48258 62
37132 46856 62
26642 26643 62
46595 46596 62
13227 13228 62
49973 49974 62
15249 15250 62
48264 48265 62
26646 27336 62
25304 25305 62
46604 46605 62
24028 24029 62
24436 24437 62
39086 39087 62
40462 40463 62
24032 24033 62
10896 10897 62
8265 8266 62
29613 29614 62
44995 44996 62
37152 37153 62
15753 15754 62
9632 9633 62
13231 13232 62
24010 24011 63
22367 22368 63
4597 4598 63
35015 35016 63
24013 24014 63
1716 1717 63
24015 24016 63
38992 38993 63
4454 4455 63
9081 9082 63
26769 26770 63
4315 4316 63
40378 40379 63
25826 25827 63
2471 2472 63
24447 24448 63
46615 46616 63
46616 46617 63
35687 35688 63
30346 30347 63
18635 18636 63
4057 4058 63
8176 8177 63
43406 43407 63
46626 46627 63
4686 4687 63
21998 21999 63
24942 24943 63
13832 13833 63
32653 32654 63
33245 33246 63
32655 32656 63
3923 3924 63
5040 5041 63
42645 42646 63
12431 12432 63
32661 32662 63
49180 49181 63
2640 2641 63
29859 29860 63
10989 10990 63
3263 3264 63
7756 7757 63
3311 3312 63
48347 48348 63
47498 47499 63
32075 32076 63
18336 18337 63
43435 43436 63
16826 16827 63
5919 5920 63
32085 32086 63
17112 17113 63
10817 10818 63
18343 18344 63
36404 36405 63
24052 24053 63
46670 46671 63
46671 46672 63
43446 43447 63
23227 23228 63
2326 2327 63
14111 14112 63
11413 11414 63
24489 24490 63
2013 2014 63
3684 3685 63
27848 27849 63
35092 35093 63
6547 45527 63
44232 44233 63
7116 7117 63
31501 31502 63
43466 43467 63
47537 47538 63
35759 35760 63
11417 11418 63
8346 8347 63
985 986 63
34461 34462 63
32121 32122 63
14887 14888 63
30943 30944 63
37780 37781 63
663 28087 63
16292 16293 63
10466 10467 63
26842 26843 63
41953 41954 63
35778 35779 63
4792 32777 63
26846 26847 63
1422 1423 63
6008 6009 63
43498 43499 63
7360 7361 63
7908 7909 63
34486 47487 63
37116 37117 63
12256 12257 63
12928 12929 63
45079 45080 63
39099 39100 63
45877 45878 63
7361 7362 63
3746 3747 63
18375 18376 63
45086 45087 63
10479 10480 63
2600 2601 63
48450 48451 63
5528 5529 63
45897 45898 63
27884 27885 63
12471 12472 63
42744 42745 63
35138 35139 63
17154 17155 63
28916 28917 63
1746 36431 63
5143 5144 63
30428 49964 63
20104 20105 63
28417 28707 63
19387 19388 63
23280 23962 63
25466 25467 63
47629 47630 63
26380 26381 63
20111 20112 63
41227 41228 63
37151 37152 63
12058 12059 63
3940 3941 63
6232 6233 63
8966 8967 63
21279 21280 63
9462 36334 63
34529 34530 63
8221 8222 63
13646 13647 63
8063 8064 63
46806 46807 63
15206 15207 63
7922 7923 63
34536 34537 63
11652 11653 63
29456 29457 63
33952 33953 63
5147 9638 63
23300 23301 63
41264 41265 63
40539 40540 63
42033 42034 63
135 3758 63
42036 43686 63
41275 41276 63
46829 46830 63
7377 7378 63
8820 8821 63
17767 17768 63
40544 40545 63
30465 30466 63
12084 12085 63
16616 16617 63
3942 3943 63
31028 31029 63
35206 35207 63
1749 1750 63
28977 28978 63
35873 35874 63
11661 11662 63
14947 14948 63
35876 35877 63
46848 46849 63
22498 22499 63
15231 15232 63
12286 12287 63
1488 1489 63
28989 28990 63
6664 6665 63
29492 29493 63
24142 35648 63
37883 37884 63
39891 39892 63
14422 14423 63
3816 3817 63
12091 12092 63
46009 46010 63
48573 48574 63
22913 22914 63
21320 21321 63
36560 36561 63
3881 3882 63
6778 17551 63
16635 16636 63
13215 13216 63
5355 5356 63
34001 34002 63
13442 13443 63
39206 39207 63
31061 31062 63
48591 49315 63
12744 12745 63
34009 34010 63
18426 18427 63
38554 38555 63
855 856 63
7940 7941 63
20169 20170 63
9318 9319 63
21335 21336 63
12524 12525 63
46061 46062 63
22931 22932 63
35926 35927 63
30525 30526 63
9147 9148 63
42125 42126 63
42901 42902 63
29023 29024 63
42905 42906 63
36593 36594 63
29527 29528 63
24615 24616 63
18119 18120 63
4980 4981 63
15260 15261 63
43695 43696 63
23759 23760 63
34620 34621 63
25089 25090 63
6247 6248 63
6677 48822 63
48636 48637 63
12311 12312 63
41380 41381 63
26977 26978 63
32868 32869 63
34042 34043 63
37938 37939 63
26466 26467 63
48653 48654 63
48654 48655 63
10346 10987 63
23769 23770 63
8841 8842 63
4278 26462 63
25098 25099 63
16117 30125 63
22553 22554 63
20952 20953 63
8686 8687 63
47827 47828 63
19133 19134 63
6135 6136 63
11086 11087 63
34652 34653 63
21357 21358 63
39983 39984 63
8088 8089 63
28539 28540 63
32893 32894 63
39987 39988 63
36643 36644 63
26489 26490 63
33494 33495 63
20196 20197 63
13010 13011 63
1623 37869 63
38622 38623 63
20203 20204 63
12541 12542 63
20563 20564 63
31134 31135 63
36657 36658 63
25122 25123 63
6787 6788 63
47872 47873 63
18459 18460 63
9160 9161 63
19481 19482 63
9668 9669 63
30060 30061 63
25126 47129 63
2520 2521 63
12326 12327 63
19486 19487 63
16136 16137 63
33526 33527 63
43011 43012 63
13249 13250 63
20981 48037 63
8391 8392 63
8251 8252 63
11492 11493 63
46183 46184 63
41464 41465 63
40027 40028 63
41469 41470 63
15002 15003 63
2304 2305 63
182 183 63
17845 17846 63
7165 7166 63
40742 40743 63
43035 43036 63
7546 14898 63
35360 35361 63
15292 15293 63
40748 40749 63
36701 36702 63
45365 45366 63
41486 41487 63
13716 13717 63
45375 45376 63
3643 3644 63
1451 1452 63
32948 32949 63
5468 5469 63
41494 41495 63
10717 48511 63
46219 46220 63
31764 31765 63
6797 6798 63
27553 27554 63
24706 24707 63
15016 15017 63
14490 14491 63
25641 25642 63
12343 45161 63
16158 16159 63
27565 27566 63
38030 38031 63
34139 34140 63
42277 42278 63
45418 45419 63
36723 36724 63
30641 30642 63
27566 27567 63
44639 44640 63
20247 20248 63
26078 29010 63
21019 21020 63
38707 38708 63
20620 20621 63
24715 24716 63
34758 34759 63
3957 3958 63
45439 45440 63
30653 30654 63
30657 30658 63
35411 35412 63
16159 24276 63
21025 21026 63
5563 5564 63
3331 3332 63
44663 44664 63
15582 15583 63
18500 18501 63
1467 1468 63
1452 1453 63
29642 29643 63
15311 15312 63
22643 22644 63
9192 9193 63
39432 39433 63
42323 42324 63
20261 20262 63
34169 34170 63
29648 31863 63
46301 46302 63
32424 32425 63
23455 23456 63
7827 7828 63
36108 36109 63
14501 14502 63
23039 23040 63
2529 2530 63
21439 21440 63
28141 28142 63
42343 42344 63
5278 5279 63
19538 19539 63
13740 13741 63
49735 49736 63
49737 49738 63
7293 12653 63
24287 24288 63
20274 20275 63
26607 26608 63
7562 7563 63
33025 33026 63
2900 2901 63
34195 34196 63
44719 44720 63
16997 16998 63
448 449 63
33632 33633 63
21057 21058 63
22665 22666 63
35470 35471 63
6707 6708 63
26619 26620 63
11326 11327 63
34830 34831 63
25204 25205 63
8885 26089 63
1008 1009 63
34837 44617 63
21066 21067 63
15892 15893 63
40164 40165 63
778 31402 63
41612 41613 63
28685 28686 63
18525 18526 63
19560 19561 63
38136 38137 63
12160 12161 63
46375 46376 63
4511 4512 63
10563 10564 63
901 902 63
17897 17898 63
31877 49832 63
5679 5680 63
25223 25224 63
1436 40944 63
13523 13524 63
19940 19941 63
9387 9388 63
18878 18879 63
29713 37533 63
17907 17908 63
35517 35518 63
49810 49811 63
17604 17605 63
3564 11623 63
15908 15909 63
12831 27705 63
338 339 63
11340 11341 63
33086 33087 63
41661 41662 63
17025 17026 63
32513 32514 63
12833 12834 63
40212 40213 63
27680 27681 63
37544 37545 63
38847 38848 63
18896 18897 63
36206 36207 63
23922 23923 63
2209 2210 63
46422 46423 63
12608 26303 63
5592 21012 63
17331 17332 63
40232 40233 63
35553 35554 63
4305 4306 63
17334 17335 63
2429 2430 63
15924 15925 63
24836 24837 63
31337 31338 63
4840 4841 63
38190 38191 63
36910 36911 63
16760 16761 63
43267 43268 63
31934 31935 63
16761 16762 63
14799 38542 63
45621 45622 63
42485 42486 63
11761 11762 63
40959 40960 63
10766 10767 63
14052 14053 63
43280 43281 63
6831 6832 63
7858 7859 63
21923 21924 63
16222 16223 63
29754 29755 63
12388 31436 63
35591 35592 63
47327 47328 63
44050 44051 63
39602 39603 63
30787 30788 63
44856 44857 63
16772 16773 63
42510 42511 63
29254 29769 63
47339 47340 63
20740 20741 63
30249 30250 63
18927 18928 63
13324 13325 63
25294 25295 63
29262 29263 63
2070 2071 63
38233 38234 63
6180 6181 63
36262 36263 63
21530 21531 63
23556 23557 63
19631 19632 63
47363 47364 63
49934 49935 63
1025 1026 63
7316 35638 63
23140 23141 63
15094 15095 63
23567 44491 63
40307 40308 63
25780 25781 63
13793 14024 63
10257 10258 63
10417 25194 63
12853 12854 63
22325 22326 63
13797 13798 63
25788 25789 63
4592 20008 63
27753 27754 63
10954 40372 63
43342 43343 63
14319 39194 63
47403 47404 63
24887 24888 63
32595 41705 63
21956 21957 63
14073 14074 63
9733 9734 63
10956 10957 63
20017 20018 63
607 608 63
5887 5888 63
49108 49109 63
41033 41034 63
40346 40347 63
2586 2587 63
20021 20022 63
4672 4673 63
11573 11574 63
14331 14332 63
8756 8757 63
20028 33163 63
17972 17973 63
28814 28815 63
7730 7731 63
25359 25360 63
1739 1740 63
44261 44262 64
26802 26803 64
21863 21864 64
27779 27780 64
7958 7959 64
48306 48307 64
356 357 64
1904 25640 64
34795 34796 64
2535 17192 64
20366 20367 64
15738 15739 64
10789 10790 64
22658 22659 64
45824 45825 64
35422 35423 64
27288 27289 64
36692 36693 64
48322 48323 64
5419 5420 64
29766 29767 64
1951 1952 64
40615 40616 64
39946 39947 64
39267 39268 64
9700 9701 64
37966 37967 64
25518 25519 64
19048 19049 64
42824 42825 64
46681 46682 64
28794 28795 64
31928 31929 64
45856 45857 64
46687 46688 64
2892 2893 64
25091 25092 64
36070 36071 64
1906 1907 64
17841 17842 64
49188 49189 64
12213 12214 64
382 383 64
40639 40640 64
9218 9219 64
11804 11805 64
42849 42850 64
46705 46706 64
24665 24666 64
11197 34673 64
12849 12850 64
10607 10608 64
31946 31947 64
48377 48378 64
22677 22678 64
30286 30287 64
865 866 64
27822 27823 64
49218 49219 64
19068 19069 64
45111 45112 64
8774 8775 64
12222 12223 64
39314 39315 64
16035 16036 64
42124 42125 64
18441 18442 64
45906 45907 64
593 43148 64
4671 10173 64
36733 36734 64
29319 29320 64
4395 4396 64
8927 8928 64
29324 29325 64
12862 12863 64
27834 27835 64
3447 3448 64
36120 36121 64
14728 14729 64
17590 40298 64
7733 7734 64
8107 8108 64
31980 31981 64
7734 7735 64
16054 16055 64
48425 48426 64
37412 37413 64
18768 18769 64
18456 18457 64
21922 21923 64
6245 6246 64
19095 19096 64
19402 19403 64
34880 34881 64
5155 5156 64
3818 3819 64
31409 31410 64
4468 10090 64
1270 1271 64
42926 42927 64
15514 15515 64
6354 6355 64
26896 26897 64
43668 43669 64
19412 21496 64
17876 17877 64
12878 40205 64
34903 34904 64
49292 49293 64
5616 5617 64
13772 13773 64
21570 21571 64
49299 49300 64
3632 3633 64
25605 25606 64
46809 46810 64
38705 38706 64
2415 19704 64
6851 6852 64
44433 44434 64
43690 43691 64
8797 8798 64
19783 19784 64
13555 13556 64
35538 35539 64
29863 29864 64
35542 35543 64
36808 36809 64
36171 43953 64
49332 49333 64
25613 25614 64
37460 38430 64
27394 27395 64
9734 9735 64
34929 34930 64
1295 34447 64
34932 34933 64
37466 37467 64
45215 45216 64
36824 36825 64
8799 8800 64
46016 46017 64
14273 14274 64
9418 9419 64
5970 5971 64
14277 14278 64
29391 29392 64
18795 18796 64
49357 49358 64
41490 41491 64
14039 46002 64
3402 3403 64
3402 45146 64
35575 35576 64
46036 46037 64
46855 46856 64
7518 7519 64
38753 38754 64
16091 16092 64
11843 11844 64
37490 37491 64
32055 32056 64
43749 43750 64
7520 7521 64
35583 35584 64
40106 40107 64
26469 26470 64
26470 26471 64
30909 30910 64
8669 17308 64
33226 33227 64
6657 6658 64
44515 44516 64
9109 38175 64
7522 32190 64
45266 45267 64
33784 33785 64
19813 19814 64
3266 3267 64
15026 15027 64
44525 44526 64
25184 25185 64
46087 46088 64
5170 5171 64
46897 46898 64
27927 27928 64
12060 12061 64
47752 47753 64
44531 44532 64
25642 25643 64
14776 14777 64
40137 40138 64
13803 13804 64
10473 10474 64
34984 34985 64
27941 27942 64
20146 20147 64
23155 23156 64
44545 44546 64
47771 47772 64
9751 32858 64
25193 25194 64
12472 12473 64
33247 33248 64
19827 23382 64
20150 20151 64
20494 20495 64
8812 8813 64
13371 13372 64
3525 16604 64
8539 8540 64
9439 9440 64
17655 17656 64
2704 2705 64
3900 3901 64
20162 20163 64
28958 28959 64
5719 5720 64
7415 7416 64
19170 19171 64
28470 49157 64
9941 9942 64
27974 27975 64
49475 49476 64
46144 46145 64
8968 17097 64
17671 33685 64
29460 29461 64
30443 30444 64
21646 21647 64
23182 23183 64
5981 17330 64
43103 43104 64
27011 27012 64
44596 44597 64
37577 37578 64
1259 1260 64
40190 40191 64
32710 32711 64
39536 39537 64
18242 18243 64
41597 41598 64
46168 46169 64
20175 20176 64
8144 8145 64
36951 36952 64
12717 12718 64
36298 36299 64
40200 40201 64
7100 24311 64
19853 19854 64
1444 1445 64
33876 33877 64
8020 8021 64
45372 45373 64
8283 8284 64
2512 2513 64
34437 34438 64
5178 5179 64
2192 2193 64
4414 10126 64
8156 44485 64
45388 45389 64
30466 30467 64
36972 36973 64
42383 42384 64
13614 13615 64
30469 30470 64
11081 11082 64
24398 24399 64
43882 43883 64
20534 20535 64
9613 9614 64
47885 47886 64
20196 27162 64
19513 19514 64
23217 23218 64
23219 23220 64
15347 15348 64
36989 36990 64
38239 38240 64
21674 21675 64
28520 28521 64
8416 8417 64
12516 12517 64
29026 29027 64
9784 9785 64
22059 22060 64
28529 28530 64
41670 41671 64
17153 24442 64
19209 21522 64
33914 33915 64
29987 29988 64
48731 48732 64
16884 32283 64
3091 3092 64
24429 24430 64
10164 10165 64
39622 39623 64
8295 8296 64
36367 36368 64
31603 31604 64
9788 9789 64
12105 32276 64
25286 25287 64
4928 4929 64
11090 11091 64
16651 28292 64
7661 7662 64
39640 39641 64
8300 8301 64
20229 20230 64
11493 30752 64
20954 20955 64
40980 40981 64
17168 17169 64
22857 22858 64
28061 28279 64
22081 22082 64
38294 38295 64
4487 4488 64
24049 24050 64
2486 19494 64
46291 46292 64
23259 36448 64
20958 20959 64
40313 40314 64
37047 37048 64
6181 6182 64
13204 13205 64
47974 47975 64
37698 37699 64
27573 27574 64
9797 38172 64
12979 12980 64
46310 46311 64
43242 43243 64
31651 31652 64
47141 47142 64
26166 26167 64
24459 24460 64
14605 14606 64
21721 21722 64
38323 38324 64
17182 17183 64
14606 14607 64
9983 9984 64
37718 37719 64
29569 29570 64
46325 46326 64
5547 5548 64
28586 28587 64
1873 1874 64
3544 48864 64
35170 35171 64
4173 4174 64
5030 5031 64
2827 2828 64
3475 3476 64
46337 46338 64
6189 6190 64
41031 41032 64
27111 39828 64
35815 35816 64
16926 16927 64
17470 17471 64
20253 20254 64
37744 37745 64
30579 30580 64
26655 26656 64
41780 41781 64
40365 40366 64
9320 9321 64
49716 49717 64
2225 2226 64
46361 46362 64
26659 26660 64
8715 38792 64
23692 23693 64
31127 31128 64
29598 29599 64
16929 16930 64
34007 34008 64
21370 21371 64
46376 46377 64
18614 18615 64
8717 8718 64
30598 30599 64
2195 15558 64
13890 13891 64
9162 9163 64
32309 32310 64
43313 43314 64
5827 5828 64
14378 14379 64
34023 34024 64
9484 26427 64
14150 14151 64
30614 30615 64
3656 3657 64
49752 49753 64
41094 41095 64
48080 48081 64
5037 6899 64
20633 20634 64
24969 24970 64
47240 47241 64
21764 21765 64
32891 32892 64
20634 20635 64
11940 11941 64
6416 6417 64
48904 48905 64
19266 26141 64
27160 27161 64
43341 43342 64
41848 41849 64
18029 18030 64
7132 7133 64
45613 45614 64
30629 30630 64
8450 8451 64
20284 20285 64
43349 43350 64
2830 13099 64
49787 49788 64
11946 11947 64
44081 44082 64
4948 4949 64
20658 20659 64
22934 22935 64
37808 37809 64
24986 32573 64
41874 41875 64
45632 45633 64
18038 18039 64
33502 33503 64
18969 18970 64
21782 21783 64
44881 44882 64
3151 3152 64
32354 32355 64
35898 35899 64
16452 16453 64
11137 41236 64
35265 35266 64
37167 37168 64
22566 22567 64
9184 9185 64
28674 28675 64
9662 9663 64
29163 29164 64
16708 16709 64
28678 28679 64
9835 9836 64
42644 42645 64
16711 16712 64
44120 44121 64
46483 46484 64
46484 46485 64
32940 40171 64
22169 22170 64
18050 18051 64
1186 1187 64
32378 32379 64
47321 47322 64
21796 21797 64
8199 8200 64
27696 27697 64
4238 46757 64
14897 14898 64
11541 37170 64
26735 26736 64
1150 1151 64
6103 6104 64
27206 27207 64
28209 28210 64
44934 44935 64
49007 49008 64
37223 37224 64
33549 33550 64
1476 1477 64
46521 46522 64
1918 1919 64
49014 49015 64
48190 48191 64
25849 25850 64
39827 39828 64
19981 19982 64
38488 38489 64
31813 46282 64
16725 16726 64
216 217 64
43428 43429 64
22973 22974 64
22974 22975 64
18075 18076 64
29199 29200 64
39837 39838 64
20689 20690 64
7465 7466 64
5399 5400 64
8211 8212 64
13939 13940 64
44960 44961 64
7824 24193 64
22605 32255 64
21450 21451 64
34712 34713 64
25458 25459 64
10762 10763 64
7703 7704 64
19323 27438 64
1714 1715 64
39856 39857 64
3205 3206 64
41231 41232 64
37273 37274 64
49064 49065 64
2234 2235 64
26312 26313 64
28247 28248 64
34727 34728 64
28248 28249 64
30200 33798 64
33595 33596 64
29225 29226 64
29226 29227 64
9521 9522 64
1989 1990 64
26317 26318 64
18093 18094 64
3254 3255 64
36635 36636 64
12607 12608 64
31288 31289 64
40554 40555 64
49096 49097 64
590 591 64
9370 9371 64
23804 23805 64
9687 9688 64
12612 12613 64
15719 15720 64
25063 25064 64
38559 43728 64
11996 11997 64
49977 49978 64
13497 13498 64
18701 18702 64
2206 2207 64
30745 30746 64
26794 26795 64
41289 41290 64
32479 32480 64
33625 33626 64
13968 13969 64
14942 14943 64
37320 37321 64
27269 27270 64
20356 20357 64
17825 17826 64
47460 47461 64
23418 23419 65
10212 10213 65
35446 38253 65
42117 47559 65
7769 7770 65
9587 9588 65
49153 49154 65
36097 36098 65
45884 45885 65
46708 46709 65
16625 16626 65
24639 24640 65
4653 9873 65
39331 39332 65
42869 42870 65
45116 45117 65
2229 2230 65
12798 12799 65
6872 6873 65
28324 39576 65
30263 30264 65
30264 30265 65
44356 44357 65
36113 36114 65
16115 16116 65
34837 34838 65
27313 27314 65
14339 14340 65
4655 4656 65
6688 6689 65
2872 2873 65
12015 12016 65
28338 28339 65
221 18545 65
15056 15057 65
4143 4144 65
48381 48382 65
22670 22671 65
12208 12209 65
48384 48385 65
20782 20783 65
29323 29324 65
19730 19731 65
4809 46274 65
20421 20422 65
32534 32535 65
49208 49209 65
45161 45162 65
23828 23829 65
23049 23050 65
46767 46768 65
12805 36753 65
12393 12394 65
36143 36144 65
18708 18709 65
9898 9899 65
42929 42930 65
3056 3057 65
36149 36150 65
2089 2090 65
328 329 65
47592 47593 65
48413 48414 65
40058 40059 65
38709 38710 65
49237 49238 65
7004 7005 65
37451 37452 65
3767 3768 65
11829 11830 65
11455 11456 65
38063 48903 65
26883 26884 65
47610 47611 65
12817 12818 65
39406 39407 65
15594 15595 65
5198 5199 65
22699 22700 65
8527 8528 65
40074 40075 65
47621 47622 65
34275 34276 65
35527 35528 65
9324 9325 65
753 754 65
23073 23074 65
6611 6612 65
27376 27377 65
6789 6790 65
34906 34907 65
31396 31397 65
1780 1781 65
2349 34873 65
19081 34985 65
22300 22301 65
35548 35549 65
21947 21948 65
8786 8787 65
12416 12417 65
42235 42236 65
4485 16236 65
20106 20107 65
15361 15362 65
16932 17408 65
7227 7228 65
19776 19777 65
16934 16935 65
6900 6901 65
33169 33170 65
27895 27896 65
14851 14852 65
47670 47671 65
47671 47672 65
8668 8669 65
11103 11104 65
16410 16411 65
49310 49311 65
18434 18435 65
44492 44493 65
40796 40797 65
23514 23515 65
37506 37507 65
39465 39466 65
32018 32019 65
555 556 65
11659 11660 65
44509 44510 65
6709 34129 65
21977 21978 65
15627 28880 65
16946 16947 65
44516 44517 65
30885 30886 65
45268 45269 65
34322 34323 65
43037 43038 65
33196 33197 65
24756 24757 65
19109 19110 65
10407 10408 65
26952 26953 65
5289 5290 65
36896 36897 65
26471 26472 65
46889 46890 65
31451 31452 65
14627 14628 65
48539 48540 65
13937 13938 65
30387 30388 65
30388 30389 65
18138 18139 65
26035 26036 65
47732 47733 65
5289 9658 65
16953 16954 65
1304 1305 65
33786 33787 65
28445 28446 65
36919 36920 65
25634 34574 65
11859 11860 65
30912 30913 65
20887 20888 65
17536 17537 65
13710 13711 65
19811 19812 65
23918 23919 65
41576 41577 65
14636 14637 65
26494 26495 65
43813 43814 65
32068 32069 65
21260 21261 65
48583 48584 65
17543 17544 65
183 1163 65
8675 8676 65
37574 37575 65
40872 40873 65
37576 37577 65
17548 17549 65
34375 34376 65
3224 3225 65
12055 12056 65
36946 36947 65
8176 26587 65
2721 2722 65
7131 7132 65
28972 28973 65
19134 19135 65
27467 27468 65
12854 12855 65
387 388 65
11483 11484 65
17272 41512 65
40902 40903 65
7339 7340 65
22024 22025 65
30424 40540 65
8680 19759 65
45359 45360 65
42371 42372 65
45361 45362 65
6052 6053 65
16710 16711 65
43859 43860 65
9497 9498 65
47818 47819 65
12665 12666 65
13092 19896 65
35037 37168 65
36314 36315 65
36974 36975 65
48642 48643 65
23952 23953 65
10588 10589 65
33856 33857 65
26529 42553 65
32119 32120 65
8055 8056 65
40244 40245 65
16719 16720 65
37624 46680 65
26536 26537 65
5894 5895 65
45397 45398 65
24822 24823 65
7244 7245 65
4827 4828 65
38254 38255 65
38256 38257 65
10594 10595 65
15668 15669 65
45413 45414 65
12460 12461 65
36341 36342 65
42418 42419 65
40266 40267 65
5130 5131 65
24835 24836 65
31540 31541 65
27508 27509 65
43904 48716 65
6344 6345 65
43907 43908 65
15944 15945 65
13745 43900 65
9508 9509 65
19493 19494 65
40962 40963 65
5387 5388 65
30999 31000 65
1876 1877 65
38939 38940 65
33311 33312 65
3192 3193 65
41696 41697 65
22421 22422 65
38944 38945 65
7702 7703 65
46255 46256 65
9656 9657 65
43933 43934 65
23195 23196 65
16470 16471 65
23589 38611 65
4616 4617 65
1095 1096 65
28035 28036 65
3735 3736 65
33903 33904 65
12695 12696 65
22823 22824 65
26587 26588 65
15687 47173 65
1621 1622 65
44720 44721 65
7595 7596 65
33909 33910 65
3411 3412 65
7711 7712 65
31581 31582 65
11156 11157 65
43960 43961 65
48741 48742 65
14926 14927 65
45490 45491 65
6066 6067 65
27069 27070 65
26130 26131 65
28553 28554 65
2078 2079 65
41745 41746 65
10137 10138 65
43246 43247 65
29541 29542 65
16486 16487 65
8836 8837 65
3840 3841 65
32762 32763 65
45510 45511 65
4334 4335 65
14694 30875 65
43257 43258 65
24014 44281 65
16242 16243 65
42507 42508 65
33367 33368 65
9819 22263 65
4066 4067 65
5580 5581 65
164 165 65
14248 14249 65
2133 2134 65
25300 25301 65
24895 24896 65
44004 44005 65
7267 7268 65
4448 4449 65
31627 31628 65
15990 15991 65
16776 24187 65
30532 40035 65
14708 14709 65
11927 11928 65
23240 23241 65
38362 38363 65
26634 26635 65
16513 16514 65
32251 32252 65
28594 28595 65
18880 18881 65
10312 10313 65
16785 16786 65
33408 33409 65
2308 2309 65
2931 2932 65
25766 42737 65
35835 35836 65
9679 9680 65
16259 16260 65
27614 27615 65
30053 30054 65
14257 14258 65
32267 32268 65
10475 10476 65
32828 32829 65
44814 44815 65
22496 22497 65
31665 49902 65
37125 37126 65
34577 34578 65
39757 39758 65
13368 13369 65
10476 10477 65
30563 30564 65
7613 7614 65
27623 27624 65
599 600 65
16525 16526 65
32849 32850 65
16012 16013 65
36506 36507 65
23659 23660 65
35863 35864 65
47229 47230 65
19239 45802 65
19579 26496 65
29604 29605 65
41861 41862 65
49719 49720 65
35223 35224 65
9252 13317 65
24066 24067 65
47242 47243 65
15228 15229 65
25354 25355 65
16017 16018 65
5589 5590 65
6000 6001 65
43355 43356 65
17662 17663 65
47254 47255 65
43357 43358 65
49736 49737 65
27146 27147 65
18277 18278 65
27148 27149 65
22127 22128 65
44089 44090 65
19248 19249 65
7386 7387 65
3699 3700 65
19594 19595 65
46447 46448 65
14729 14730 65
37824 37825 65
3386 3387 65
14271 14272 65
5760 46780 65
26228 26229 65
31151 31152 65
48917 48918 65
13158 13159 65
8999 9000 65
30111 30112 65
19602 19603 65
34635 34636 65
21783 21784 65
44904 44905 65
12948 12949 65
32894 32895 65
4914 4915 65
18596 18597 65
31161 31162 65
18598 18599 65
1642 1643 65
11562 11563 65
30124 30125 65
3003 3004 65
4786 4787 65
48941 48942 65
14989 14990 65
34651 34652 65
4706 23547 65
31742 31743 65
27682 27683 65
22158 22159 65
5334 5335 65
24102 29303 65
35294 35295 65
9553 9554 65
8112 8113 65
32351 32352 65
36588 36589 65
30138 30139 65
12960 12961 65
25403 25404 65
44152 44153 65
19273 19274 65
19974 19975 65
48969 48970 65
27700 27701 65
39849 39850 65
17982 17983 65
19979 19980 65
49822 49823 65
46533 46534 65
15509 15510 65
44163 44164 65
46537 46538 65
11963 11964 65
39855 39856 65
11389 20496 65
26267 26268 65
37268 37269 65
22944 22945 65
12754 12755 65
26734 26735 65
30158 30159 65
11965 11966 65
41233 41234 65
16303 16304 65
8491 8492 65
44970 44971 65
40536 40537 65
16836 16837 65
9426 9427 65
4183 44631 65
43454 43455 65
18630 18631 65
9275 9276 65
47383 47384 65
9428 30908 65
6291 6292 65
1360 1361 65
40549 40550 65
43464 43465 65
9280 9281 65
16577 36388 65
30173 30174 65
47396 47397 65
37913 37914 65
22194 22195 65
8880 8881 65
39892 39893 65
15527 15528 65
16321 16322 65
17128 17129 65
15278 15279 65
49042 49043 65
10682 10683 65
42753 42754 65
30185 30186 65
8119 8120 65
21842 21843 65
31825 31826 65
16325 43226 65
1861 1862 65
187 25901 65
11035 33142 65
10200 20899 65
32422 32423 65
23378 28428 65
17140 17141 65
34744 34745 65
35371 35372 65
49065 49066 65
20736 35480 65
41297 41298 65
30198 30199 65
21853 21854 65
34151 34152 65
3854 3855 65
32429 32430 65
20739 20740 65
29240 29241 65
26776 26777 65
18017 18018 65
821 822 65
24596 24597 65
14093 14094 65
10205 10206 65
25049 25050 65
39266 39267 65
26326 26327 65
29254 29255 65
49097 49098 65
43535 43536 65
11993 11994 65
49955 49956 65
39948 39949 65
14320 14321 65
14548 14549 65
34783 34784 65
23001 23002 65
42811 42812 65
12995 12996 65
4798 4799 65
36699 36700 65
45841 45842 65
23787 23788 65
4238 4239 65
29271 29272 65
23004 23005 65
15812 15813 65
3476 3477 65
9728 18743 65
23796 23797 65
25910 25911 65
33039 33040 65
11806 11807 65
34191 34192 65
33045 33046 65
28301 28302 65
17458 17459 65
23011 23012 65
6771 6772 65
26355 26356 65
28310 28311 65
3527 3528 65
14790 14791 65
38497 40925 66
38498 38499 66
17703 17704 66
26240 26241 66
20207 20208 66
21153 21154 66
44620 48700 66
7547 7548 66
31208 45148 66
15366 15367 66
9171 9172 66
39137 39138 66
32289 32290 66
1214 1215 66
47651 47652 66
46122 46123 66
864 46975 66
42497 42498 66
1929 1930 66
47660 47661 66
49216 49217 66
39791 39792 66
29371 29372 66
42502 42503 66
25454 25455 66
13842 13843 66
23179 23180 66
21163 25797 66
9321 9322 66
38523 38524 66
10052 10053 66
39808 39809 66
13247 13248 66
11749 11750 66
7228 7229 66
37932 37933 66
9046 9047 66
17968 18789 66
19345 19346 66
36163 36164 66
288 289 66
22510 22511 66
22511 22512 66
20518 20519 66
16543 16544 66
31767 31768 66
6725 6726 66
31769 31770 66
25082 25083 66
38552 38553 66
25083 25084 66
36779 36780 66
28501 28502 66
20850 20851 66
19643 19644 66
11936 11937 66
43966 47023 66
7666 7667 66
29851 29852 66
23210 23211 66
16550 16551 66
2228 2229 66
23212 23213 66
12673 12674 66
32867 32868 66
25885 25886 66
21191 21192 66
19653 19654 66
41860 41861 66
21516 21517 66
14714 14715 66
28982 28983 66
15389 15390 66
5429 5430 66
24305 24306 66
17007 17008 66
10372 10373 66
31290 31291 66
41164 41165 66
12678 12679 66
36221 36222 66
39861 39862 66
20536 20537 66
41887 41888 66
46973 46974 66
46212 46213 66
1660 1661 66
12858 12859 66
20884 20885 66
44737 44738 66
7325 7326 66
33439 33440 66
26738 26739 66
5253 23760 66
35061 35062 66
35652 46077 66
31308 31309 66
22192 22193 66
33444 33445 66
43331 43332 66
20250 31393 66
27178 27179 66
15632 15633 66
24733 24734 66
21539 21540 66
1327 1328 66
29894 29895 66
12481 49636 66
32909 32910 66
8540 8541 66
47013 47014 66
21543 35245 66
8161 8162 66
31843 31844 66
4068 4069 66
5688 5689 66
14310 14311 66
30348 30349 66
29904 29905 66
49368 49369 66
8543 8544 66
6922 6923 66
40547 40548 66
21225 21226 66
2306 2307 66
18530 18531 66
15179 15180 66
8169 8170 66
32931 32932 66
8170 27200 66
47830 47831 66
17764 17765 66
11067 11068 66
29472 29473 66
23622 23623 66
31866 31867 66
22584 22585 66
4853 4854 66
4568 4569 66
18293 25988 66
46294 46295 66
17292 17293 66
39933 39934 66
36289 36290 66
31875 31876 66
35709 35710 66
18822 18823 66
2903 2904 66
38052 38053 66
30846 30847 66
31885 31886 66
6387 6388 66
28584 28585 66
5520 5521 66
35722 35723 66
7343 7344 66
241 242 66
27686 27687 66
43401 43402 66
35140 35141 66
45554 48161 66
2535 4136 66
47084 47509 66
13296 13297 66
26373 26374 66
36312 36313 66
29054 29055 66
608 609 66
28597 28598 66
42703 42704 66
27694 27695 66
4134 4135 66
39965 39966 66
42710 42711 66
34045 47277 66
28165 28166 66
42004 42005 66
9500 9501 66
49458 49459 66
2232 36601 66
30874 30875 66
11439 11440 66
31912 31913 66
6485 6486 66
48683 48684 66
11980 11981 66
37529 37530 66
14128 14129 66
6937 6938 66
2577 2578 66
37534 37535 66
37535 37536 66
33542 33543 66
20608 20609 66
37539 37540 66
47924 47925 66
9786 9787 66
13306 45763 66
14764 19537 66
28180 28181 66
4014 4015 66
3007 3008 66
31401 31402 66
14987 40139 66
34078 34079 66
41328 41329 66
12721 12722 66
3113 3114 66
31405 31406 66
8956 8957 66
22259 22260 66
9793 9794 66
24027 24028 66
22967 29215 66
12534 12535 66
40666 40667 66
35799 35800 66
49510 49511 66
38743 38744 66
34087 47168 66
9089 9090 66
27264 27265 66
24825 24826 66
32501 32502 66
22639 22640 66
24402 24403 66
47189 47190 66
17078 17079 66
28647 28648 66
23323 23324 66
25626 25627 66
44189 44190 66
21289 21290 66
6841 6842 66
18589 34056 66
16398 16399 66
38768 38769 66
28656 28657 66
3172 3173 66
37002 37003 66
20637 20638 66
40695 40696 66
13513 13514 66
29990 29991 66
6842 6843 66
16180 16181 66
2125 2126 66
17086 17087 66
35241 35242 66
6579 6580 66
37019 37020 66
23345 23346 66
38787 38788 66
2579 2580 66
26435 26436 66
3118 3119 66
38791 38792 66
9661 9662 66
47236 47237 66
31455 31456 66
3596 3597 66
10586 10587 66
7484 42296 66
1172 20724 66
9104 9105 66
33072 33073 66
22291 22292 66
7837 7838 66
10126 10127 66
35264 45706 66
33078 33079 66
10127 10128 66
40746 40747 66
33622 33623 66
7064 7065 66
42137 42138 66
31466 31467 66
1416 1417 66
46487 46488 66
24870 42948 66
13537 13538 66
21991 21992 66
1418 1419 66
13347 13348 66
33090 33091 66
254 41575 66
27786 27787 66
24881 24882 66
30492 30493 66
2505 2506 66
37661 37662 66
12375 12376 66
46511 46512 66
4590 4591 66
38842 38843 66
23017 27134 66
36479 47356 66
43582 43583 66
37667 37668 66
824 825 66
38849 38850 66
9974 9975 66
22000 22001 66
48850 48851 66
23734 23735 66
8850 8851 66
2066 2067 66
39513 39514 66
9823 9824 66
11132 11133 66
45026 45027 66
26064 26065 66
1011 1012 66
20687 20688 66
48866 48867 66
38252 38253 66
5724 5725 66
18116 18117 66
34735 34736 66
7850 7851 66
44310 44311 66
21012 21013 66
8093 8094 66
15746 15747 66
15747 15748 66
23401 23402 66
4160 47304 66
44321 44322 66
26931 26932 66
6683 6684 66
30074 30075 66
45054 45055 66
7079 24920 66
45057 45058 66
37703 37704 66
28739 28740 66
42215 42216 66
30079 30080 66
34764 34765 66
4966 4967 66
24115 24116 66
26938 26939 66
48910 48911 66
10623 10624 66
26089 26090 66
45077 45078 66
44351 44352 66
7620 7621 66
5054 5055 66
31034 31035 66
43654 43655 66
48922 48923 66
13566 13567 66
38908 38909 66
31539 31540 66
44361 44362 66
46605 46606 66
39566 39567 66
21029 21030 66
6859 6860 66
11680 11681 66
47380 47381 66
1892 1893 66
18140 18141 66
10628 10629 66
39580 39581 66
47390 47391 66
27845 27846 66
45837 45838 66
18957 35297 66
19238 19239 66
19518 19519 66
25311 25312 66
16460 16461 66
42981 42982 66
35961 35962 66
22041 22042 66
9130 9131 66
24522 45960 66
48189 48190 66
23063 23064 66
1450 1451 66
2547 2548 66
42996 42997 66
21718 21719 66
18148 18149 66
39604 39605 66
41553 41554 66
39604 44360 66
7748 7749 66
4475 4476 66
37149 37150 66
46648 46649 66
20411 20412 66
34242 34243 66
29679 29680 66
22743 22744 66
2244 2245 66
28344 28345 66
17638 17639 66
43721 43722 66
15062 15063 66
20415 20416 66
25335 25336 66
38963 38964 66
1628 1629 66
40894 41457 66
21063 21064 66
24544 24545 66
46676 46677 66
25341 25342 66
35993 35994 66
17156 17157 66
37180 37181 66
23445 47567 66
23084 23085 66
6609 6610 66
18162 35310 66
11883 22479 66
25351 25352 66
3505 3506 66
29260 29261 66
39647 39648 66
40264 40265 66
40921 40922 66
9847 9848 66
41604 41605 66
37198 37199 66
1919 1920 66
110 111 66
47475 47476 66
5649 5650 66
46707 46708 66
32688 32689 66
1525 1526 66
18990 18991 66
799 800 66
26583 26584 66
42341 44394 66
89 10691 66
34288 34289 66
1014 1015 66
45199 45200 66
36031 36032 66
36617 36618 66
21747 21748 66
44485 44486 66
45204 45205 66
18432 18433 66
26589 26590 66
49873 49874 66
44493 44494 66
23106 23107 66
31629 31630 66
12424 12425 66
34295 34296 66
15326 15327 66
9019 9020 66
14863 14864 66
32200 32201 66
17667 17668 66
22775 29902 66
24188 30040 66
37244 37245 66
25782 25783 66
807 808 66
31643 31644 66
48312 48313 66
12069 12070 66
15091 15092 66
10026 10027 66
30647 30648 66
40969 40970 66
11530 11531 66
46768 46769 66
24196 24197 66
14035 14036 66
34896 34897 66
36066 36067 66
39037 39038 66
44533 44534 66
6448 47320 66
49113 49114 66
47544 47545 66
36654 36655 66
29300 49373 66
4679 4680 66
18449 42030 66
15340 15341 66
15802 15803 66
22093 48168 66
36074 36075 66
3623 15097 66
14873 14874 66
25019 47242 66
7538 45880 66
8644 8645 66
15105 15106 66
25408 25409 66
10998 10999 66
29319 43801 66
46035 46036 66
12818 23792 66
34340 34341 66
12639 12640 66
2889 2890 66
42432 42433 66
20181 20182 66
14048 14049 66
31690 31691 66
20789 20790 66
7541 7542 66
27517 27518 66
47593 47594 66
38463 38464 66
32759 32760 66
11728 11729 66
16074 16075 66
18465 18466 66
9306 9307 66
4685 4686 66
27084 27085 66
25818 25819 66
31707 31708 66
41024 41025 66
1926 1927 66
26648 26649 66
4908 4909 66
19911 19912 66
39766 39767 66
4773 4774 66
38486 38487 66
10201 10202 66
29351 29352 66
22124 22125 66
19043 19044 66
3805 3806 66
8521 8522 66
49998 49999 66
4465 4466 67
33751 33752 67
15146 15147 67
19973 19974 67
18834 18835 67
33252 33253 67
19975 19976 67
48444 48445 67
28104 28105 67
6993 6994 67
49209 49210 67
28107 28108 67
15149 16386 67
25630 25631 67
3882 3883 67
10436 10437 67
11962 11963 67
46916 46917 67
10437 10438 67
6456 6457 67
20903 20904 67
16462 32712 67
23486 23487 67
21867 21868 67
27225 27226 67
18073 18074 67
7085 7086 67
28557 28558 67
40000 40001 67
17834 17835 67
22516 22517 67
44040 44041 67
31743 31744 67
26804 26805 67
709 710 67
33288 33289 67
35946 35947 67
6374 6375 67
35949 35950 67
12776 12777 67
25246 25247 67
13793 42271 67
49254 49255 67
14360 14361 67
20002 20003 67
20003 20004 67
37080 37081 67
17130 17131 67
24914 24915 67
25258 25259 67
24915 24916 67
35390 35391 67
25263 25264 67
46967 46968 67
14189 14190 67
33309 33310 67
44777 44778 67
44778 44779 67
29469 29470 67
13617 13618 67
21886 21887 67
2425 2426 67
42015 42016 67
40039 40040 67
32799 32800 67
35410 35411 67
18595 18596 67
20012 20013 67
36536 36537 67
25666 25667 67
46994 46995 67
41335 41336 67
3540 3541 67
49297 49298 67
6531 6532 67
44801 44802 67
37106 37107 67
2663 13032 67
14200 14201 67
14368 25634 67
44092 44093 67
35423 35424 67
25673 25674 67
8096 8097 67
5949 5950 67
38248 38249 67
34876 34877 67
17850 17851 67
48562 48563 67
26045 26046 67
16067 16068 67
13457 13458 67
16481 27717 67
22555 22556 67
42058 42059 67
11497 11498 67
31807 31808 67
38853 38854 67
16273 16274 67
7190 7191 67
6758 6759 67
18369 18370 67
44836 44837 67
36009 36010 67
9550 9551 67
18618 18619 67
41381 41382 67
47819 47820 67
36577 36578 67
45549 45550 67
21271 21272 67
20034 20035 67
40091 40092 67
36580 36581 67
37728 37729 67
18373 18374 67
44855 44856 67
14209 14210 67
30835 30836 67
6834 6835 67
30385 30386 67
2643 2644 67
14777 14778 67
9329 9330 67
7098 7099 67
42098 42099 67
25703 25704 67
1487 42152 67
17160 17161 67
36038 36039 67
40114 40115 67
38892 38893 67
21286 21287 67
10198 10199 67
45581 45582 67
4473 16484 67
47868 47869 67
40119 40120 67
40120 40121 67
16500 47829 67
40122 40123 67
44894 44895 67
46344 46345 67
29947 29948 67
48640 48641 67
5953 5954 67
17164 17165 67
5242 5243 67
12638 12639 67
44901 44902 67
44173 44174 67
37764 37765 67
40131 40132 67
13474 13475 67
23885 23886 67
13478 13479 67
28227 28228 67
33393 33394 67
47117 47118 67
26486 43809 67
7199 7200 67
8558 8559 67
21618 21619 67
5244 5245 67
2575 2576 67
23893 23894 67
32886 32887 67
25343 25344 67
25736 25737 67
464 465 67
44927 47819 67
27788 27789 67
18928 18929 67
15423 15424 67
13483 43039 67
11520 24674 67
7204 7205 67
11369 11370 67
47920 47921 67
38936 38937 67
31382 31383 67
4619 14095 67
5892 23239 67
29982 29983 67
4892 4893 67
14410 14411 67
10613 10614 67
16110 16111 67
38356 38357 67
26113 26114 67
19495 19496 67
24621 24622 67
13845 13846 67
37805 37806 67
15439 47691 67
2674 2675 67
22941 22942 67
42184 42185 67
15232 15233 67
38967 38968 67
3984 3985 67
39609 39610 67
24631 24632 67
36666 36667 67
46430 48392 67
7113 7114 67
39615 39616 67
41507 41508 67
42892 42893 67
31406 31407 67
26532 26533 67
30916 30917 67
46444 46445 67
21334 21335 67
21007 21008 67
30920 30921 67
18957 18958 67
11853 11854 67
14628 14629 67
33464 33465 67
20384 20385 67
33965 33966 67
12327 12328 67
37277 37278 67
9940 9941 67
9356 9357 67
8457 8458 67
13337 18700 67
35019 35020 67
18970 18971 67
46471 46472 67
14816 47058 67
46473 46474 67
24279 24280 67
16541 29343 67
28297 28298 67
11385 11386 67
37294 37295 67
24655 24656 67
40876 40877 67
24281 35522 67
6479 6480 67
9701 9702 67
5131 5132 67
12829 12830 67
7029 7030 67
28311 28312 67
1877 1878 67
27415 27416 67
24291 24292 67
25414 25415 67
1165 1166 67
46505 46506 67
10354 24627 67
39671 39672 67
42957 42958 67
36720 39186 67
28318 28319 67
43647 43648 67
21683 21684 67
30052 30053 67
49586 49587 67
7815 7816 67
37871 37872 67
37873 37874 67
49593 49594 67
2373 2374 67
46523 46524 67
34008 34009 67
27006 27007 67
36729 36730 67
30501 30502 67
18698 18699 67
13873 13874 67
3309 5898 67
28328 28329 67
8033 8034 67
38455 38456 67
29209 29210 67
2974 2975 67
29211 29212 67
38460 38461 67
257 258 67
32509 32510 67
16351 16352 67
3032 3033 67
30992 30993 67
43006 43007 67
10100 10101 67
15918 15919 67
37350 37351 67
35643 49289 67
27878 27879 67
15689 15690 67
47314 47315 67
26599 26600 67
40948 40949 67
23975 23976 67
44382 44383 67
37903 37904 67
25071 25072 67
18714 18715 67
24700 24701 67
5914 44868 67
39719 39720 67
26201 26202 67
20428 20429 67
3377 11691 67
4302 4303 67
39727 39728 67
48872 48873 67
16155 16156 67
39730 39731 67
16799 16800 67
15486 15487 67
45827 45828 67
21073 21074 67
23332 23333 67
31508 31509 67
47345 47346 67
33553 34115 67
9837 9838 67
7129 36612 67
12523 26261 67
34062 34063 67
45838 45839 67
19563 48981 67
43054 43055 67
38509 38510 67
39106 39107 67
3908 3909 67
32028 32029 67
9724 9725 67
32546 32547 67
9255 9256 67
19869 19870 67
42362 42363 67
7418 7419 67
32549 37717 67
19570 19571 67
37393 37394 67
26220 26221 67
35134 35135 67
1470 1471 67
4538 49503 67
30119 30120 67
26227 26228 67
37948 37949 67
24351 24352 67
28379 28380 67
36818 36819 67
36819 36820 67
22710 22711 67
6860 6861 67
36255 41609 67
17730 17731 67
35702 35703 67
16589 16590 67
22716 22717 67
6862 6863 67
36835 36836 67
9729 20547 67
5472 5473 67
38555 38556 67
12050 12051 67
29707 29708 67
12217 12218 67
16817 16818 67
6338 6339 67
33603 33604 67
27948 27949 67
44487 44488 67
45182 45183 67
44488 44489 67
3481 3482 67
27079 27080 67
41724 41725 67
5276 34479 67
2781 2782 67
42425 42426 67
11748 31758 67
18241 18242 67
14299 14300 67
6112 46454 67
27088 27089 67
23699 23700 67
38579 38580 67
24373 24374 67
9993 9994 67
48228 48229 67
23703 23704 67
38585 38586 67
31566 31567 67
43153 43154 67
32081 32082 67
22392 22393 67
33109 33110 67
32083 32084 67
36297 36298 67
24035 24036 67
3742 3743 67
28415 28416 67
46715 46716 67
3136 3137 67
19318 19820 67
13732 13733 67
4761 4762 67
28426 28427 67
42463 42464 67
2783 2784 67
28866 28867 67
17759 17760 67
17760 17761 67
5857 5858 67
7152 7153 67
3915 3916 67
24050 24051 67
26277 26278 67
23396 23397 67
43863 43864 67
15522 15523 67
37474 37475 67
6888 6889 67
35784 35785 67
46747 46748 67
25531 25532 67
27993 27994 67
38028 38029 67
36329 36330 67
31599 31600 67
40469 40470 67
34673 34674 67
4311 4312 67
41118 41119 67
42495 42496 67
45265 45266 67
37488 37489 67
25534 25535 67
43886 43887 67
49056 49057 67
21454 21455 67
45270 45271 67
43213 43214 67
41123 43306 67
15097 15098 67
25901 25902 67
23066 23067 67
25153 25154 67
49871 49872 67
23404 23405 67
42506 42507 67
10968 10969 67
19070 19071 67
14892 14893 67
34171 34172 67
45289 45290 67
48316 48317 67
19339 19340 67
10827 10828 67
9168 9169 67
10007 10008 67
12240 12241 67
35254 35255 67
13940 13941 67
1359 1360 67
8071 8072 67
1511 1512 67
18014 18015 67
46064 46065 67
30671 30672 67
19641 19642 67
48340 48341 67
700 701 67
25566 25567 67
20515 20516 67
18286 18287 67
28921 28922 67
20228 20229 67
34725 34726 67
20842 20843 67
15113 15114 67
10980 10981 67
17319 17320 67
47579 47580 67
823 23947 67
47583 47584 67
30224 30225 67
15543 15544 67
7344 7345 67
31664 31665 67
27609 27610 67
48370 48371 67
42563 42564 67
1321 1322 67
3677 3678 67
2188 2189 67
13761 13762 67
46841 46842 67
26747 26748 67
8079 8080 67
26749 26750 67
41194 41195 67
9420 9421 67
13424 13425 67
31180 31181 67
24849 24850 67
15776 15777 67
36996 36997 67
9528 9529 67
24101 24102 67
7559 7560 67
8192 8193 67
35309 35310 67
15132 15133 67
37568 37569 67
15558 15559 67
49167 49168 67
41920 41921 67
44683 44684 67
10557 10558 67
9888 9889 67
45366 45367 67
35315 35316 67
21195 21196 67
24113 24114 67
46873 46874 67
35884 35885 67
28521 28522 67
6134 6135 67
1574 1575 67
36443 36444 67
39959 46144 67
9891 9892 67
31703 31704 67
19967 19968 67
11798 11799 67
18319 18320 67
5554 5555 67
47659 47660 67
30624 30625 68
26488 26489 68
38001 38002 68
46874 46875 68
43927 43928 68
31670 31671 68
5182 5183 68
17978 17979 68
28301 30938 68
14126 14127 68
17213 17214 68
32790 32791 68
15021 15022 68
20624 20625 68
30149 30150 68
47663 47664 68
399 400 68
5579 5580 68
26092 26093 68
32261 32262 68
24503 24504 68
21302 21303 68
143 12816 68
14129 15399 68
32807 32808 68
45374 45375 68
8320 8321 68
25708 25709 68
35056 35057 68
13262 13263 68
18268 18269 68
41862 41863 68
2979 42000 68
24934 24935 68
24514 24515 68
29716 29717 68
46920 46921 68
243 244 68
14576 14577 68
35068 35069 68
18275 18276 68
40515 40516 68
21317 21318 68
4180 6900 68
9743 45254 68
41880 41881 68
45408 45409 68
2981 2982 68
22708 22709 68
12429 32149 68
44710 44711 68
14585 14586 68
20977 20978 68
9745 9746 68
30184 30185 68
16275 41193 68
5957 5958 68
7671 29062 68
22339 22340 68
5958 5959 68
41906 41907 68
43999 44000 68
15294 15295 68
29736 40651 68
27874 27875 68
41198 41199 68
41913 41914 68
20033 20034 68
45443 45444 68
19418 19419 68
43314 43315 68
14805 14806 68
34512 34513 68
31734 31735 68
19419 31096 68
42607 44911 68
26987 26988 68
18555 18556 68
18835 18836 68
28822 28823 68
22358 22359 68
33428 33429 68
3884 19924 68
10073 10074 68
15045 15046 68
39328 39329 68
22030 22031 68
12438 12439 68
20343 20344 68
10912 10913 68
33437 33438 68
36319 36320 68
44035 44036 68
2113 2114 68
42632 42633 68
889 890 68
11671 11672 68
30213 30214 68
15796 15797 68
31236 31237 68
36948 36949 68
28838 28839 68
41240 41241 68
20351 38676 68
18015 18016 68
31241 31242 68
47803 47804 68
9754 9755 68
36336 36337 68
26580 26581 68
27014 27015 68
47810 47811 68
44784 44785 68
3460 35713 68
41256 44765 68
22748 22749 68
46286 46287 68
18568 18569 68
39975 39976 68
15798 15799 68
10243 10244 68
41271 41272 68
18572 18573 68
36348 36349 68
39980 39981 68
20364 20365 68
8739 8740 68
9026 9027 68
44804 44805 68
10567 10568 68
256 257 68
8196 8197 68
40614 40615 68
3231 3232 68
15065 15066 68
22397 22398 68
10084 10085 68
22400 22401 68
18031 18032 68
35179 35180 68
11885 11886 68
16782 16783 68
16079 16080 68
33483 33484 68
48632 48633 68
37575 37576 68
35790 35791 68
9614 9615 68
551 552 68
22407 22408 68
27953 27954 68
6997 6998 68
40641 40642 68
11691 11692 68
14381 14382 68
12269 12270 68
7441 49999 68
24216 24217 68
43419 45322 68
29811 29812 68
22780 22781 68
2303 2304 68
38781 38782 68
28422 28423 68
27060 27061 68
30279 30280 68
13309 13310 68
33508 33509 68
2403 15514 68
25033 25034 68
11130 11131 68
18894 18895 68
3403 35474 68
28892 28893 68
10758 10759 68
34621 34622 68
10258 40696 68
28438 28439 68
3473 3474 68
49459 49460 68
13105 13106 68
20735 42472 68
44145 44146 68
39450 39451 68
47147 47148 68
1506 1507 68
23144 23145 68
17301 18070 68
35843 35844 68
42066 42067 68
19490 19491 68
41361 41362 68
37626 37627 68
40690 40691 68
23877 23878 68
30796 30797 68
28911 28912 68
44902 44903 68
25438 25439 68
2254 2255 68
23151 23152 68
11705 33478 68
12478 12479 68
12283 12284 68
25053 25054 68
417 418 68
18910 18911 68
31345 31346 68
43481 43482 68
42089 42090 68
40075 40076 68
804 11323 68
44920 44921 68
44922 44923 68
37 38 68
31350 31351 68
13116 13117 68
32999 33000 68
28929 28930 68
39485 39486 68
35867 35868 68
22446 22447 68
44195 44196 68
19500 23103 68
24249 24250 68
42805 42806 68
27547 27548 68
12893 12894 68
1283 1284 68
34100 34101 68
39497 39498 68
19503 19504 68
21102 21103 68
30334 30335 68
43512 43513 68
4669 4670 68
14408 14409 68
43516 43517 68
3829 3830 68
14214 20650 68
8907 8908 68
12491 12492 68
16349 16350 68
7823 7824 68
532 533 68
35893 35894 68
7699 7700 68
1624 1625 68
35288 35289 68
9643 9644 68
44234 44235 68
42842 42843 68
48782 48783 68
49565 49566 68
14664 14665 68
34690 34691 68
28970 28971 68
30851 30852 68
944 945 68
17326 17327 68
173 174 68
6697 6698 68
44246 44247 68
47251 47252 68
24688 24689 68
31927 31928 68
8504 8505 68
28044 28045 68
4136 39672 68
16832 39194 68
27589 27590 68
22487 22488 68
40138 42190 68
8918 8919 68
828 829 68
43564 43565 68
24293 24294 68
1175 1176 68
27134 27135 68
1808 1809 68
5228 5229 68
48818 48819 68
28063 28064 68
19861 19862 68
292 293 68
4291 4292 68
21468 21469 68
31414 31415 68
47280 47281 68
7475 7476 68
47283 47284 68
24711 28451 68
47286 47287 68
41481 41482 68
4782 4783 68
18966 42788 68
40801 40802 68
3991 3992 68
37137 37138 68
23941 23942 68
5911 5912 68
10298 10299 68
14905 14906 68
39586 39587 68
29012 29013 68
29473 29474 68
12525 12526 68
28090 28091 68
28092 28093 68
43610 43611 68
32541 32542 68
26300 26301 68
28094 28095 68
44313 44314 68
22866 22867 68
31440 31441 68
26303 26304 68
40831 40832 68
2510 2511 68
6086 6087 68
24319 45110 68
44324 44325 68
2670 2671 68
37168 37169 68
26737 26738 68
10983 49163 68
4146 4147 68
8244 8245 68
37178 37179 68
44337 44338 68
6921 6922 68
581 24483 68
3498 3499 68
23958 39432 68
21492 21493 68
9386 9387 68
24750 24751 68
49693 49694 68
45074 45075 68
37189 37190 68
23235 23236 68
18681 18682 68
8248 8249 68
20182 41214 68
9387 39912 68
18149 18150 68
46607 46608 68
9985 9986 68
4076 11138 68
22174 22175 68
28130 28131 68
25553 25554 68
22540 22541 68
17620 17621 68
11200 11201 68
42974 42975 68
28136 28137 68
48928 48929 68
25931 29956 68
29063 29064 68
43677 43678 68
21503 21504 68
27668 27669 68
261 262 68
7984 7985 68
6422 6423 68
9092 9093 68
11571 11572 68
20840 20841 68
16866 39322 68
29985 34280 68
14937 14938 68
6617 6618 68
2005 2006 68
26363 26364 68
23268 23269 68
2623 2624 68
15180 15181 68
7739 7740 68
25584 25585 68
6620 6621 68
33171 33172 68
21870 21871 68
11581 11582 68
8126 8127 68
14948 14949 68
32064 32065 68
16652 16653 68
37267 37268 68
19602 43323 68
6519 6520 68
45889 45890 68
40283 40284 68
14274 14275 68
49777 49778 68
1455 1456 68
40286 40287 68
31520 31521 68
7053 7054 68
31523 31524 68
14493 14494 68
37279 37280 68
21535 21536 68
7622 7623 68
1968 1969 68
36066 37342 68
49793 49794 68
21538 37661 68
27245 27246 68
49797 49798 68
11591 11592 68
14279 46671 68
13201 13202 68
11984 11985 68
48242 48243 68
21898 21899 68
11592 11593 68
6429 6430 68
31542 31543 68
9695 9696 68
21219 21220 68
2733 2734 68
11794 11795 68
40321 40322 68
34891 34892 68
5157 5158 68
16907 16908 68
39722 39723 68
33225 33226 68
32103 49411 68
46717 46718 68
49827 49828 68
20892 20893 68
33764 33765 68
40973 40974 68
5349 5350 68
1706 1707 68
40335 40336 68
46725 46726 68
49039 49040 68
30043 30044 68
30045 30046 68
42374 42375 68
47491 47492 68
8004 8005 68
7879 7880 68
29137 29138 68
4539 4540 68
37894 46647 68
44499 44500 68
31561 31562 68
28217 28218 68
8010 8011 68
23689 23690 68
42389 42390 68
26844 26845 68
45979 45980 68
13001 31832 68
37331 37332 68
32137 32138 68
33785 33786 68
94 7679 68
27279 27280 68
6217 6218 68
39761 39762 68
34328 34329 68
19054 19055 68
3085 3086 68
30064 30065 68
32150 32151 68
9422 9423 68
1899 1900 68
39130 39131 68
4469 4470 68
49891 49892 68
11611 11612 68
43133 43134 68
2329 2330 68
43136 43137 68
542 543 68
28237 28238 68
31063 31064 68
35541 35542 68
24858 24859 68
33815 33816 68
20258 20259 68
28689 28690 68
47549 47550 68
284 285 68
33269 33270 68
46794 46795 68
11243 15371 68
22637 22638 68
24865 24866 68
1395 1396 68
33830 33831 68
22260 22261 68
7893 7894 68
17950 17951 68
7528 7529 68
41045 41046 68
20918 20919 68
565 23747 68
44569 44570 68
21259 21260 68
19969 47279 68
26046 26047 68
34976 34977 68
20575 20576 68
34978 34979 68
26888 26889 68
1941 1942 68
17186 17187 68
8993 8994 68
12215 12216 68
2240 2241 68
22276 47109 68
12610 12611 68
36178 36179 68
32206 32207 68
29658 29659 68
30591 30592 68
7078 7079 68
863 46433 68
25675 25676 68
386 387 68
49967 49968 68
43891 46692 68
4480 4481 68
30604 30605 68
28279 28280 68
43208 43209 68
15261 26920 68
10046 10047 68
8709 8710 68
27813 27814 68
1713 34400 68
26479 26480 68
19689 19690 68
23738 23739 68
27819 27820 68
6754 6755 68
3591 3592 68
17204 42976 68
35021 35022 68
37995 37996 68
10373 10374 68
5663 5664 68
48416 48417 68
3276 3277 68
39215 39216 68
8959 8960 69
22537 22538 69
10844 10845 69
39300 39301 69
39302 39303 69
16308 16309 69
14898 14899 69
24618 24619 69
22875 22876 69
18007 18008 69
21891 21892 69
14466 27826 69
42624 42625 69
28300 28301 69
35768 35769 69
4042 4043 69
35188 35189 69
33032 33033 69
8334 42663 69
2036 2037 69
34618 34619 69
36944 36945 69
35780 35781 69
26144 26145 69
7186 7187 69
41243 41244 69
32526 32527 69
38691 38692 69
5607 5608 69
5334 22632 69
20286 20287 69
36954 36955 69
38696 38697 69
38699 38700 69
18547 18548 69
15843 15844 69
28744 28745 69
30998 30999 69
44767 44768 69
41267 41268 69
38704 38705 69
10684 10685 69
14909 14910 69
3026 3027 69
27422 27423 69
1783 1784 69
42676 42677 69
30071 30072 69
15608 15609 69
33061 33062 69
27427 27428 69
26573 26574 69
29645 29646 69
9923 9924 69
3758 18469 69
3211 3212 69
35225 35226 69
43385 43386 69
34650 34651 69
14702 14703 69
660 661 69
28327 28328 69
28765 28766 69
28767 28768 69
27877 27878 69
21913 21914 69
771 772 69
12856 12857 69
41303 41304 69
43400 43401 69
37564 37565 69
8974 8975 69
12483 12484 69
26591 26592 69
24657 24658 69
17539 17540 69
23929 32693 69
6706 6707 69
5166 17402 69
22584 37673 69
44821 44822 69
25431 25432 69
18570 18571 69
10535 10536 69
23935 23936 69
34142 34143 69
9388 9389 69
1612 1613 69
19429 19430 69
42728 42729 69
395 396 69
42731 42732 69
33630 33631 69
34147 34148 69
37021 37022 69
13868 13869 69
6794 6795 69
13870 44542 69
2117 2118 69
38166 38167 69
13081 13082 69
2925 46441 69
39433 39434 69
17053 17054 69
15637 30812 69
12872 12873 69
27922 27923 69
40688 40689 69
32077 32078 69
20647 20648 69
25823 25824 69
32080 32081 69
9249 9250 69
24693 24694 69
34716 34717 69
32603 32604 69
16823 16824 69
11599 42677 69
27933 48899 69
10702 23674 69
27936 27937 69
37623 37624 69
23275 23276 69
30595 30596 69
1889 1890 69
21619 21620 69
2197 8130 69
26226 26227 69
28385 28386 69
36476 36477 69
38815 38816 69
8724 8725 69
46372 46373 69
7303 24502 69
37063 37064 69
11248 11249 69
12330 12331 69
4603 4604 69
12514 12515 69
38213 38214 69
2150 2151 69
6801 6802 69
2774 2775 69
1524 1525 69
18890 18891 69
32122 32123 69
5536 5537 69
32128 32129 69
2933 2934 69
15906 15907 69
34766 34767 69
20992 20993 69
12712 12713 69
37084 37085 69
4474 4475 69
48674 48675 69
6055 6056 69
18361 18362 69
26662 26663 69
29738 29739 69
14534 14535 69
19790 19791 69
33184 33185 69
24736 24737 69
31125 31126 69
44217 44218 69
46414 46415 69
12162 12163 69
45651 45652 69
23650 23651 69
29745 29746 69
29746 29747 69
159 160 69
7314 7315 69
35947 35948 69
33199 33200 69
20686 20687 69
30644 39677 69
33204 33205 69
5722 5723 69
12530 12531 69
9955 46388 69
19208 19209 69
22299 22300 69
16164 16165 69
15208 15209 69
23663 23664 69
1826 1827 69
28875 28876 69
21018 21019 69
7552 7553 69
42871 42872 69
42162 42163 69
37719 37720 69
14133 14134 69
37721 37722 69
14762 14763 69
14546 14547 69
25894 25895 69
41479 41480 69
5108 40915 69
13918 13919 69
32195 32196 69
9958 15424 69
1135 1136 69
29772 29773 69
22672 22673 69
2782 2783 69
15226 15227 69
8748 8749 69
42900 42901 69
34833 34834 69
27123 27124 69
42195 42196 69
25535 28372 69
1392 1393 69
38311 38312 69
17612 17613 69
26294 26295 69
27128 27129 69
2124 2125 69
43598 43599 69
1529 1530 69
75 76 69
32720 32721 69
24787 24788 69
93 94 69
8028 8029 69
37161 37162 69
23359 23360 69
37165 37166 69
10283 26162 69
38333 38334 69
19235 19236 69
28473 28474 69
20108 20109 69
37172 37173 69
490 491 69
45756 45757 69
38950 38951 69
23018 23019 69
14564 14565 69
14156 14157 69
24048 24049 69
38345 41933 69
36601 36602 69
28923 28924 69
14568 14569 69
43642 43643 69
13335 40578 69
34298 34299 69
838 839 69
46545 46546 69
18406 20238 69
17625 17626 69
22349 22350 69
21709 21710 69
8266 8267 69
43653 43654 69
39637 39638 69
48077 48078 69
45788 45789 69
16424 16425 69
41549 41550 69
37201 37202 69
1370 1371 69
37204 37205 69
25933 25934 69
34311 34312 69
48831 48832 69
6372 38863 69
24410 24411 69
16197 16198 69
3348 3349 69
7038 7039 69
18415 19724 69
25180 25181 69
30266 30267 69
9702 9703 69
24421 24422 69
13531 44923 69
29400 29401 69
30275 30276 69
22368 22369 69
48107 48108 69
36057 36058 69
45083 45084 69
18161 18162 69
3864 3865 69
4788 4789 69
24077 24078 69
7797 7798 69
6078 28355 69
25954 25955 69
26358 26359 69
10761 10762 69
48868 48869 69
37246 37247 69
12562 12563 69
33841 33842 69
38407 38685 69
31260 31261 69
5740 5741 69
35497 35498 69
40935 40936 69
42316 42317 69
20761 20762 69
20146 47150 69
36077 36078 69
21736 21737 69
14590 14591 69
407 408 69
38418 38419 69
45854 45855 69
17153 17154 69
12567 12568 69
21103 22767 69
34352 34353 69
30770 30771 69
44429 44430 69
41622 41623 69
31276 31277 69
41624 41625 69
30305 30618 69
48908 48909 69
36677 36678 69
8905 8906 69
6284 6285 69
49695 49696 69
29425 29426 69
14596 14597 69
18696 18697 69
18992 18993 69
3542 3543 69
38442 38443 69
3938 3939 69
32818 32819 69
46656 46657 69
16688 16689 69
11850 11851 69
12961 12962 69
23075 23076 69
19879 19880 69
43076 43077 69
7142 22018 69
33882 33883 69
127 128 69
27223 27224 69
12388 12389 69
14195 14196 69
10158 10159 69
9045 9046 69
7247 18428 69
24112 24113 69
10003 10004 69
47434 47435 69
893 894 69
23088 23089 69
33375 33376 69
36134 36135 69
32848 32849 69
1993 29063 69
9857 9858 69
39094 39095 69
492 493 69
11141 11142 69
8665 8666 69
2474 2475 69
34422 34423 69
20183 20184 69
862 49023 69
38487 46342 69
6949 6950 69
48227 48228 69
7354 7355 69
16247 26433 69
19300 39904 69
2262 2263 69
48980 48981 69
11877 11878 69
26027 26028 69
26839 26840 69
9867 9868 69
21147 21148 69
29485 29486 69
13781 13782 69
39126 39127 69
32357 32358 69
16480 16481 69
34445 34446 69
3010 30057 69
7358 7359 69
48999 49000 69
20200 20201 69
39778 39779 69
23807 23808 69
49789 49790 69
4721 4722 69
36169 36170 69
10631 10632 69
26441 26442 69
4722 4723 69
32372 32373 69
17954 17955 69
30384 30385 69
41047 41048 69
43161 43162 69
39787 39788 69
3359 3360 69
25274 25275 69
35619 35620 69
22457 22458 69
19921 19922 69
37933 37934 69
34473 34474 69
49815 49816 69
28189 28190 69
21804 21805 69
39803 39804 69
29512 48550 69
39806 39807 69
1404 1405 69
22123 22124 69
18752 18753 69
10635 41910 69
44565 44566 69
46772 46773 69
41080 41081 69
40429 40430 69
8552 8553 69
18758 18759 69
48301 48302 69
32394 39536 69
32397 32398 69
9467 20014 69
15315 15316 69
46028 46029 69
10810 10811 69
274 21827 69
33451 33452 69
49062 49063 69
24540 24541 69
43887 43888 69
8309 8310 69
17212 17213 69
11171 11172 69
3014 14831 69
46045 46046 69
5225 5226 69
27302 27303 69
9073 9074 69
46805 46806 69
18493 18494 69
16055 43108 69
48326 48327 69
11179 11180 69
27311 27312 69
27772 27773 69
13802 13803 69
2706 2707 69
37410 37411 69
27314 27315 69
12080 12081 69
24556 24557 69
23837 23838 69
46076 46077 69
4166 38353 69
44616 44617 69
28659 41898 69
48349 48350 69
49895 49896 69
33995 33996 69
7838 7839 69
7068 7069 69
10342 10343 69
49115 49116 69
44622 44623 69
43236 43237 69
35675 35676 69
21840 25278 69
22157 24839 69
36848 36849 69
3365 3366 69
25332 41237 69
7174 7175 69
43244 43245 69
346 347 69
41141 41142 69
20537 20538 69
46105 46106 69
44643 44644 69
32453 32454 69
29121 29122 69
11367 11368 69
30437 30438 69
43943 43944 69
20539 20540 69
4735 4736 69
25727 25728 69
15569 27837 69
33501 33502 69
36866 36867 69
23528 23529 69
8441 8442 69
35124 35125 69
34024 34025 69
2226 2227 69
8202 8203 69
9488 9489 69
44670 44671 69
23864 23865 69
38020 38021 69
9755 9756 69
19668 19669 69
32473 32474 69
16075 16076 69
643 644 69
26942 26943 69
24593 24594 69
30944 30945 69
43285 43286 69
43976 43977 69
26944 26945 69
24594 24595 69
361 362 69
47655 47656 69
16295 29605 69
41897 41898 69
45383 45384 69
9759 9760 69
25754 25755 69
32488 32489 69
14457 14458 69
25363 25364 69
2525 2526 69
35742 35743 69
2184 2185 69
39920 39921 69
18802 18803 69
10356 10357 69
20264 20265 69
41916 41917 69
2865 2866 69
6695 6696 69
30970 30971 69
47086 47087 70
856 857 70
39204 39205 70
43010 43011 70
28940 28941 70
31752 31753 70
37549 37550 70
49256 49257 70
39211 39212 70
2189 2190 70
23327 23328 70
17068 17707 70
34297 34302 70
24819 24820 70
19322 19323 70
38080 38081 70
33811 33812 70
15316 23582 70
10626 10627 70
23334 23335 70
41684 41685 70
47124 47125 70
1441 1442 70
28064 28065 70
5353 5354 70
7198 7199 70
13712 13713 70
992 993 70
2927 2928 70
3102 3103 70
456 457 70
40428 40429 70
38100 38101 70
26366 26367 70
31782 31783 70
38667 38668 70
14848 14849 70
16826 18785 70
22987 22988 70
15080 47730 70
37052 37053 70
2763 27700 70
12711 12712 70
17356 17357 70
44368 44369 70
20577 20578 70
4551 34716 70
44374 44375 70
21272 21273 70
5283 5284 70
33340 33341 70
28095 28096 70
7208 7209 70
38125 38126 70
28990 28991 70
47178 47179 70
41733 41734 70
20272 20273 70
45744 45745 70
11983 11984 70
34888 34889 70
947 948 70
3949 3950 70
40457 40458 70
7893 33969 70
18190 18191 70
36529 36530 70
13954 13955 70
5703 6844 70
44398 44399 70
18467 18468 70
38145 38146 70
21625 21626 70
28111 28112 70
4365 4366 70
17368 17369 70
17100 17101 70
49359 49360 70
29005 29006 70
22302 22303 70
43761 43762 70
9435 9436 70
15099 15100 70
14403 20047 70
25232 25233 70
4431 4432 70
1917 41234 70
32863 32864 70
40492 40493 70
34922 34923 70
34923 34924 70
14642 14643 70
5211 5212 70
37099 37100 70
10512 38492 70
47230 47231 70
11296 11297 70
19686 19687 70
808 809 70
8112 29216 70
8801 8802 70
21310 21311 70
2852 2853 70
14414 14415 70
14875 14876 70
26830 26831 70
43793 43794 70
16622 24351 70
4562 4563 70
6677 6678 70
40520 40521 70
36582 36583 70
39344 39345 70
43803 43804 70
38752 38753 70
39349 39350 70
1687 1688 70
30854 30855 70
43810 43811 70
49417 49418 70
37122 37123 70
41156 41157 70
32884 32885 70
42488 42489 70
5786 5787 70
39358 39359 70
41163 41624 70
25264 25265 70
23768 23769 70
320 321 70
3905 3906 70
24506 24507 70
41835 41836 70
6231 6232 70
26439 26440 70
4081 4082 70
20648 20649 70
8578 8579 70
15127 15128 70
5885 5886 70
26049 26050 70
34967 34968 70
13548 13549 70
7913 7914 70
1146 1147 70
19106 45567 70
20991 20992 70
9192 13295 70
15135 15136 70
12559 12560 70
12018 12019 70
48742 48743 70
8695 8696 70
19115 19116 70
24145 24146 70
28185 28186 70
39971 39972 70
15390 15391 70
30 31 70
1042 1043 70
30896 30897 70
36080 36081 70
8587 8588 70
21692 21693 70
45893 45894 70
17959 17960 70
38246 42318 70
786 787 70
13771 13772 70
39415 39416 70
15148 15149 70
38809 38810 70
26472 26473 70
43230 43231 70
10831 10832 70
11666 11667 70
8134 8135 70
45916 45917 70
12573 12574 70
3259 49678 70
31412 31413 70
11670 11671 70
585 4500 70
17429 17430 70
48084 48085 70
45214 45215 70
13569 13570 70
37741 37742 70
23091 23092 70
29104 29105 70
16899 34492 70
14019 14020 70
11851 11852 70
18828 18829 70
9340 9341 70
20692 20693 70
39448 39449 70
37204 41924 70
44572 44573 70
27319 27320 70
12032 42099 70
16904 16905 70
30934 30935 70
27324 27325 70
45950 45951 70
12770 12771 70
33490 33491 70
13168 13169 70
28226 28227 70
42599 42600 70
18273 18274 70
42601 42602 70
26102 26103 70
27334 27335 70
22762 22763 70
4576 4577 70
36682 36683 70
27338 35438 70
10541 21876 70
39471 39472 70
7818 7819 70
505 506 70
3549 3550 70
37781 37782 70
3914 20587 70
21731 21732 70
15933 15934 70
3971 3972 70
36146 36147 70
43949 43950 70
27800 27801 70
43298 43299 70
29589 29590 70
8487 8488 70
34524 34525 70
16192 16193 70
30966 30967 70
22775 22776 70
27804 47713 70
42634 42635 70
28690 28691 70
1297 1298 70
13 14 70
39500 39501 70
30975 30976 70
1958 12823 70
10140 10141 70
39507 39508 70
27359 33884 70
28260 28261 70
27361 27362 70
12595 33438 70
4099 4100 70
42654 42655 70
8845 8846 70
12989 12990 70
24998 24999 70
18866 18867 70
3082 49525 70
3863 3864 70
12792 12793 70
23858 23859 70
16448 16449 70
46042 46043 70
21414 21415 70
25376 25377 70
26966 26967 70
36732 36733 70
22790 22791 70
39532 39533 70
48198 48199 70
28719 32759 70
40102 40103 70
7630 7631 70
34569 34570 70
48205 48206 70
7536 7537 70
9615 9616 70
11881 11882 70
36744 36745 70
35111 35112 70
13815 13816 70
2822 39926 70
16941 44139 70
38940 38941 70
2282 2283 70
22101 22102 70
10162 10163 70
12801 12802 70
29185 29186 70
22456 22457 70
20411 26314 70
25398 32413 70
11359 11360 70
10708 10709 70
38387 38388 70
22106 22107 70
46795 46796 70
11360 11361 70
39575 39576 70
1228 1229 70
20416 20417 70
30092 30093 70
20417 20418 70
37328 37329 70
49702 49703 70
27854 27855 70
10430 10431 70
16227 16228 70
1257 1258 70
8976 8977 70
8621 8622 70
10713 10714 70
11537 11538 70
45384 45385 70
34607 40358 70
16718 18259 70
29664 29665 70
11033 11034 70
32571 36947 70
14077 14078 70
15721 15722 70
48272 48273 70
29215 29216 70
24258 24259 70
47536 47537 70
41418 41419 70
8269 8270 70
12072 12073 70
41422 41423 70
41423 41424 70
15725 15726 70
1622 35414 70
13840 32556 70
37887 39626 70
12627 12628 70
7741 7742 70
8982 8983 70
23189 23190 70
20139 20140 70
5171 15109 70
40174 40175 70
26605 26606 70
2051 2052 70
11727 11728 70
19516 19517 70
8059 8060 70
42113 42114 70
21470 21471 70
23570 23571 70
40803 40804 70
5417 5418 70
1098 1099 70
22148 22149 70
11549 11550 70
20452 20453 70
8988 8989 70
2521 2522 70
25830 25831 70
13642 13643 70
22860 22861 70
19857 19858 70
18631 18632 70
3366 3367 70
44106 44107 70
22865 22866 70
11058 11059 70
27472 27473 70
40824 40825 70
24699 24700 70
21486 21487 70
7447 7448 70
13446 13447 70
13043 13044 70
38476 38477 70
37927 37928 70
20161 20162 70
39661 39662 70
41485 41486 70
15004 15005 70
21491 21492 70
32140 32141 70
594 595 70
13448 40492 70
48350 48351 70
13045 13046 70
2492 2493 70
13653 13654 70
49812 49813 70
40235 42326 70
27938 27939 70
46214 46215 70
17271 17272 70
16029 16030 70
10589 10590 70
32652 32653 70
11392 11393 70
25102 25103 70
37418 37419 70
14778 14779 70
25494 25495 70
43500 43501 70
1672 1673 70
35247 35248 70
4172 4173 70
5597 5598 70
30183 30184 70
13456 13457 70
17549 17550 70
19255 19256 70
23248 23249 70
33187 33188 70
19558 19559 70
29300 29301 70
28848 28849 70
5675 5676 70
31152 31153 70
6805 6806 70
39096 39097 70
10742 40127 70
48393 48394 70
21183 21184 70
4290 4291 70
2680 2681 70
1213 1214 70
22909 22910 70
11933 11934 70
11409 11410 70
13065 13066 70
10902 10903 70
48406 48407 70
12666 12667 70
8296 8297 70
27530 29179 70
11242 11243 70
25897 25898 70
3670 3671 70
9399 9400 70
47691 47692 70
40299 40300 70
19906 19907 70
17838 17839 70
11244 11245 70
21533 21534 70
46988 46989 70
32213 32214 70
9010 9011 70
30693 30694 70
29778 29779 70
18122 18123 70
27990 27991 70
37999 38000 70
8183 8184 70
39745 39746 70
49157 49158 70
11418 11419 70
28436 28437 70
11766 11767 70
16794 16795 70
42933 42934 70
33741 33742 70
47008 47009 70
39754 39755 70
47727 47728 70
27121 27122 70
13683 13684 70
19594 30617 70
27558 27559 70
28002 32762 70
36962 36963 70
21213 21214 70
49932 49933 70
48470 48471 70
15793 25968 70
8075 36336 70
28007 28008 70
5121 27208 70
32241 32242 70
44245 44246 70
25548 25549 70
32243 32244 70
1033 1034 70
7663 7664 70
28013 28014 70
27568 27569 70
6815 6816 70
5269 25570 70
5846 5847 70
30250 30251 70
36430 36431 70
13695 13696 70
8536 8537 70
34268 34269 70
6010 6011 70
9142 9143 70
14367 31639 70
43622 43623 70
14161 14162 70
10069 10070 70
12503 12504 70
36447 36448 70
28474 28475 70
46363 46364 70
15060 15061 70
19937 19938 70
26739 26740 70
32760 32761 70
42988 42989 70
17866 17867 70
42992 42993 70
49230 49231 70
36458 36459 70
11265 11266 70
16089 16090 70
37007 37008 70
13928 13929 70
27598 27599 70
41000 41001 70
5348 5349 70
27161 27162 70
22256 22257 70
38064 38065 70
15621 15622 71
31797 31798 71
19303 19304 71
12032 12033 71
15623 15624 71
20166 20167 71
1619 1620 71
26997 26998 71
10601 10602 71
19595 19596 71
29088 29089 71
45674 45675 71
15827 15828 71
18020 18021 71
43696 43697 71
44333 44334 71
16872 16873 71
28663 48915 71
21395 21396 71
11891 11892 71
17798 17799 71
22990 22991 71
30839 30840 71
34902 34903 71
35453 35454 71
47838 47839 71
25832 48604 71
33861 33862 71
41128 41129 71
11169 11170 71
12646 12647 71
25473 25474 71
44357 44358 71
13975 13976 71
7140 7141 71
22340 22341 71
39381 39382 71
33871 33872 71
29948 29949 71
41776 41777 71
19905 19906 71
14687 14688 71
16681 16682 71
14163 14164 71
35474 35475 71
48586 48587 71
157 158 71
16884 16885 71
37148 37149 71
38231 38232 71
16262 16263 71
24752 24753 71
10105 10106 71
3379 3380 71
8853 8854 71
1496 1497 71
23012 23013 71
22360 22361 71
13140 13141 71
27044 27045 71
12199 12200 71
5212 5213 71
19077 19078 71
17354 17355 71
37166 37167 71
4897 28642 71
14698 14699 71
1599 1600 71
43128 43129 71
36626 36627 71
49340 49341 71
36627 36628 71
33896 33897 71
16275 16276 71
13992 13993 71
46474 46475 71
45759 45760 71
14342 14343 71
16082 16083 71
42486 42487 71
1170 1171 71
10881 10882 71
45768 45769 71
39990 39991 71
43149 43150 71
22066 22067 71
33409 33410 71
47204 47205 71
48645 48646 71
13481 13482 71
31381 31382 71
32393 32394 71
15273 15274 71
41202 41203 71
566 567 71
30893 30894 71
21753 21754 71
36088 36089 71
18814 18815 71
47215 47216 71
43163 43164 71
10118 10119 71
46509 46510 71
14529 14530 71
18564 18565 71
9872 9873 71
33919 33920 71
10619 25560 71
21761 21762 71
42513 42514 71
15468 15469 71
3382 10762 71
15664 16245 71
34985 34986 71
5855 5856 71
32416 32417 71
18081 18082 71
19663 19664 71
26675 26676 71
9532 9533 71
43187 43188 71
43188 43189 71
25164 25165 71
1731 1732 71
18341 18342 71
5459 5460 71
6625 6626 71
3918 3919 71
27908 27909 71
18578 18579 71
8873 8874 71
42541 42542 71
49428 49429 71
35572 35573 71
692 693 71
30022 30023 71
31925 31926 71
24424 24425 71
3477 46244 71
30025 30026 71
24821 24822 71
3532 3533 71
15676 15677 71
46571 46572 71
16111 16112 71
23409 23410 71
27924 27925 71
17857 17858 71
13663 13664 71
40655 40656 71
12684 12685 71
30038 30039 71
7076 7077 71
33974 33975 71
21481 21482 71
35029 35030 71
6280 6281 71
27516 27517 71
3345 3346 71
21484 21485 71
10259 10260 71
4578 4579 71
21176 21177 71
33987 33988 71
34496 34497 71
49476 49477 71
28357 28358 71
29638 29639 71
35044 35045 71
27943 27944 71
16519 16520 71
14026 14027 71
25585 25586 71
6720 6721 71
15899 15900 71
38369 48674 71
32982 32983 71
49490 49491 71
43895 43896 71
33997 33998 71
8050 8051 71
37845 37846 71
36737 36738 71
19698 19699 71
25595 25596 71
34515 34516 71
16123 16124 71
23771 23772 71
30067 30068 71
4636 4637 71
12074 12075 71
15497 15498 71
22122 22123 71
38959 38960 71
17641 17642 71
31983 48100 71
7346 7347 71
8771 8772 71
21815 21816 71
21500 21501 71
40721 40722 71
42629 42630 71
3082 3083 71
31993 31994 71
42633 42634 71
3347 3348 71
3045 3046 71
6555 6556 71
10143 10144 71
45940 45941 71
24121 24122 71
41353 41354 71
12702 12703 71
9216 20195 71
42003 42004 71
31000 31001 71
34549 39492 71
22792 22793 71
21827 21828 71
30095 35076 71
27562 27563 71
8468 8469 71
18139 18140 71
19157 19158 71
15706 15707 71
16760 29112 71
4110 4111 71
49564 49565 71
16335 16336 71
44616 46283 71
11656 11657 71
48832 48833 71
38430 38431 71
42670 42671 71
9904 9905 71
49576 49577 71
21215 21216 71
32026 32027 71
1543 1544 71
27578 27579 71
3274 3275 71
2210 2211 71
23469 23470 71
14579 33719 71
8784 8785 71
19444 19445 71
19736 19737 71
40773 40774 71
11950 11951 71
6808 6809 71
30122 30123 71
4789 4790 71
4583 43010 71
41402 41403 71
27595 27596 71
915 916 71
14061 14062 71
25259 25260 71
34074 34075 71
32050 32051 71
36832 49363 71
15526 15527 71
34076 34077 71
33066 33067 71
40183 40184 71
49620 49621 71
33066 46974 71
35720 35721 71
21860 21861 71
3488 3489 71
45315 45316 71
16564 16565 71
48884 48885 71
30134 36697 71
11377 11378 71
839 840 71
22830 22831 71
23148 23149 71
26016 26017 71
21234 22369 71
15143 15144 71
44682 44683 71
32066 32067 71
26793 26794 71
4724 4725 71
39053 39054 71
39663 39664 71
18918 18919 71
7369 7370 71
20614 20615 71
15947 15948 71
25277 25278 71
2921 2922 71
38497 38498 71
18921 18922 71
4927 4928 71
22842 22843 71
2618 2619 71
22845 22846 71
39679 39680 71
27632 27633 71
18925 46347 71
12877 12878 71
30162 30163 71
28466 29972 71
3053 29678 71
26814 26815 71
20629 20630 71
29320 29321 71
36891 36892 71
16369 16370 71
22531 30304 71
9239 9240 71
30626 30627 71
24560 24561 71
48235 48236 71
19476 19477 71
28901 28902 71
33127 33128 71
457 458 71
28068 28069 71
35787 35788 71
18666 35298 71
20330 48282 71
11973 11974 71
11677 11678 71
3883 5399 71
45393 45394 71
12579 12580 71
39711 39712 71
42794 42795 71
25694 25695 71
28082 28083 71
42797 42798 71
11252 11253 71
14420 14421 71
19218 19219 71
5411 5412 71
31119 31120 71
23192 23193 71
27664 27665 71
46831 46832 71
44757 44758 71
35810 35811 71
31611 31612 71
26845 26846 71
31614 31615 71
45426 45427 71
22869 22870 71
39136 39137 71
20961 20962 71
30654 30655 71
8280 8281 71
12274 12275 71
47552 47553 71
3495 3496 71
28931 28932 71
2481 2482 71
49755 49756 71
33673 33674 71
20965 20966 71
205 206 71
30666 30667 71
38574 38575 71
42186 42187 71
46160 46161 71
43471 43472 71
40911 40912 71
28508 28509 71
34699 34700 71
44119 44120 71
6228 6229 71
38016 38017 71
49023 49024 71
49776 49777 71
18954 18955 71
45457 45458 71
2799 2800 71
18440 18441 71
13901 13902 71
4179 4180 71
47587 47588 71
20357 20358 71
46177 46178 71
17953 17954 71
46179 46180 71
5816 5817 71
17257 17258 71
49040 49041 71
15560 18335 71
23564 23565 71
47600 47601 71
31649 31650 71
45471 45472 71
29800 29801 71
44808 44809 71
29801 29802 71
22894 36573 71
7207 7208 71
25350 25351 71
28959 28960 71
12594 12595 71
28963 28964 71
44818 44819 71
17262 17263 71
13737 27786 71
15983 41035 71
29396 29397 71
15984 15985 71
34205 34206 71
13414 13415 71
3325 18143 71
2342 2343 71
13080 13081 71
47634 47635 71
49826 49827 71
28133 28134 71
1225 1226 71
8296 17822 71
34215 34216 71
23232 23233 71
49836 49837 71
40 11583 71
42898 42899 71
28546 28547 71
37538 37539 71
17277 17278 71
29831 29832 71
45515 45516 71
20100 20101 71
404 405 71
3449 22150 71
39799 39800 71
10972 10973 71
24255 24256 71
3329 3330 71
42914 42915 71
37008 37009 71
47661 47662 71
27729 27730 71
39805 39806 71
20104 36399 71
8621 23074 71
42264 42265 71
2097 2098 71
25380 25381 71
15787 15788 71
44878 44879 71
34232 37321 71
2964 2965 71
38086 38087 71
16416 16417 71
18995 18996 71
8101 31096 71
24275 24276 71
9266 9267 71
11713 11714 71
47684 47685 71
33242 33243 71
15393 15394 71
30281 30282 71
4885 4886 71
31226 31227 71
7603 7604 71
17063 17064 71
27325 27326 71
46985 46986 71
28175 28176 71
35924 35925 71
48426 48427 71
27326 27327 71
5432 5433 71
23938 23939 71
4248 4249 71
37581 37582 71
30295 30296 71
42962 42963 71
3841 3842 71
31245 31246 71
38682 38683 71
12932 12933 71
10458 10459 71
3672 11627 71
15800 15801 71
19012 19013 71
11869 11870 71
27341 27342 71
49171 49172 71
27769 27770 71
18746 18747 71
48455 48456 71
33780 33781 71
37597 37598 71
1447 1448 71
21038 21039 71
49942 49943 71
24299 24300 71
1409 1410 71
48468 48469 71
42991 42992 71
19020 19021 71
29039 29040 71
5602 26217 71
24302 49404 71
25790 25791 71
2224 2225 71
23623 23624 71
635 46803 71
41690 49499 71
24684 24685 71
15411 15412 71
24308 24309 71
47763 47764 71
9969 9970 71
25432 25433 71
39876 39877 71
47046 47047 71
49206 49207 71
8952 8953 71
19872 19873 71
47050 47051 71
17082 17083 71
21055 21056 71
5445 5446 71
41078 41079 71
10094 10095 71
39321 39322 71
19876 19877 71
3105 3106 71
6773 6774 71
6255 6256 71
32801 43736 71
48513 48514 71
23297 23298 71
44306 44307 71
10598 10599 71
38730 38731 71
23980 23981 71
18512 18513 71
10099 10100 71
48423 48424 72
27544 27545 72
16796 16797 72
43919 43920 72
28421 28422 72
27984 42345 72
4978 4979 72
33834 33835 72
40419 40420 72
10933 27606 72
9979 9980 72
25871 25872 72
8863 8864 72
23599 23600 72
37347 37348 72
7743 7744 72
15856 15857 72
8102 8103 72
20134 20135 72
4979 4980 72
8607 23306 72
7509 7510 72
2272 31829 72
24728 24729 72
43947 43948 72
17295 17296 72
35552 35553 72
36750 36751 72
29346 29347 72
8486 8487 72
28891 28892 72
36153 36154 72
13539 13540 72
45387 45388 72
558 559 72
28448 28449 72
27572 27573 72
35564 46366 72
7291 7292 72
28451 28452 72
42558 42559 72
34379 34380 72
16119 16120 72
12957 12958 72
24343 24344 72
44690 47747 72
29803 29804 72
46182 46183 72
15196 15197 72
27579 49317 72
13742 13743 72
245 246 72
47713 47714 72
45414 45415 72
15199 15200 72
36171 36172 72
34983 34984 72
33877 33878 72
37392 37393 72
30717 30718 72
49269 49270 72
37394 37395 72
3662 3663 72
1181 1182 72
47733 47734 72
33883 33884 72
19852 19853 72
41158 41159 72
20812 20813 72
17054 17055 72
3983 3984 72
24755 24756 72
37403 37404 72
32806 32807 72
30251 30252 72
17057 17058 72
36806 36807 72
44003 44004 72
29819 29820 72
41894 41895 72
46987 46988 72
30730 30731 72
30731 30732 72
18637 18638 72
10153 10154 72
24758 24759 72
31753 31754 72
31243 31244 72
16132 16133 72
41184 41185 72
30261 30262 72
5373 5374 72
3190 3191 72
8115 8116 72
33371 33372 72
39873 39874 72
24767 24768 72
9845 9846 72
41918 41919 72
18097 18098 72
9554 9555 72
22221 23162 72
24006 24007 72
39883 39884 72
3519 13150 72
15436 15437 72
5861 5862 72
35028 35029 72
44038 44039 72
28943 28944 72
16360 16361 72
32846 32847 72
32847 32848 72
41936 41937 72
6996 6997 72
39276 39277 72
3770 3771 72
13167 13168 72
33921 33922 72
33922 33923 72
9279 9280 72
9428 9429 72
15666 15667 72
21197 22782 72
47821 47822 72
2127 2128 72
24380 24381 72
6110 6111 72
22610 22611 72
30772 30773 72
15447 15448 72
21540 21541 72
41959 41960 72
36871 36872 72
15224 15225 72
36874 36875 72
14591 14592 72
9282 9283 72
30304 30305 72
2668 2669 72
24029 24030 72
48617 48618 72
25947 25948 72
7413 7414 72
25181 25182 72
40572 40573 72
6023 6024 72
22621 22622 72
1028 1029 72
31307 31308 72
40581 40582 72
30314 30315 72
38056 38057 72
283 18073 72
11702 11703 72
25599 25600 72
23684 23685 72
36899 36900 72
41992 41993 72
25602 25603 72
32364 32365 72
47093 47094 72
22968 22969 72
19562 19563 72
27658 27659 72
47879 47880 72
32890 32891 72
4112 4113 72
15680 15681 72
18133 18134 72
10640 10641 72
5224 5225 72
42715 42716 72
32896 49986 72
11527 31687 72
19900 19901 72
44116 44117 72
4516 4517 72
35103 35104 72
3776 3777 72
21574 21575 72
13782 13783 72
13195 13196 72
20523 20524 72
42017 42018 72
11177 11178 72
28121 28122 72
44859 44860 72
40622 40623 72
10646 10647 72
4396 4397 72
18687 18688 72
8766 8767 72
45601 45602 72
17873 17874 72
36317 36318 72
44140 44141 72
35725 35726 72
3153 11791 72
48694 48695 72
32395 32396 72
48697 48698 72
39374 39375 72
19277 19278 72
9301 9302 72
47930 47931 72
18993 27065 72
47934 47935 72
33476 33477 72
2672 44442 72
10990 10991 72
9877 9878 72
31353 33136 72
40650 40651 72
5876 5877 72
26412 26413 72
31870 31871 72
35134 37816 72
29477 29478 72
2538 7619 72
27255 27256 72
12075 12076 72
32417 32418 72
38133 38134 72
43472 43473 72
40664 40665 72
20541 46611 72
39398 39399 72
6042 6043 72
19002 19003 72
16406 16407 72
49514 49515 72
28148 28149 72
38140 38141 72
19290 19291 72
20545 36838 72
1184 1185 72
3321 3322 72
462 463 72
15712 15713 72
39414 39415 72
4527 4528 72
48751 48752 72
41368 41369 72
39417 39418 72
17633 17634 72
2086 2087 72
43501 43502 72
1681 1682 72
10349 10350 72
3487 3488 72
32969 32970 72
15954 15955 72
18720 18721 72
38771 38772 72
44214 44215 72
26029 26030 72
19305 19306 72
32449 32450 72
9043 9044 72
4009 4010 72
38779 38780 72
3437 44482 72
36385 36386 72
47235 47236 72
10668 10669 72
26036 37174 72
9183 9184 72
9605 31149 72
49569 49570 72
35190 35191 72
39447 39448 72
28614 28615 72
737 738 72
29069 29070 72
36401 36402 72
20938 20939 72
19317 19318 72
19318 19319 72
23036 23037 72
14036 14037 72
3542 41671 72
29533 29534 72
12097 12098 72
4534 4535 72
25674 25675 72
10360 10361 72
30418 30419 72
14247 22701 72
20586 31190 72
1721 46974 72
40083 44245 72
37032 37033 72
19032 24577 72
2967 2968 72
39476 39477 72
613 614 72
44264 44265 72
28640 28641 72
18739 18740 72
31427 38575 72
18741 18742 72
26899 26900 72
26059 26060 72
26061 26062 72
30919 30920 72
6547 6548 72
2896 2897 72
29988 46233 72
7450 7451 72
22011 22012 72
12661 12662 72
43583 43584 72
5416 5417 72
11221 11222 72
9614 38990 72
410 411 72
5901 46802 72
12481 12482 72
16225 24971 72
33040 33041 72
1743 1744 72
24144 24145 72
1264 1265 72
19977 19978 72
30007 30008 72
46555 46556 72
48863 48864 72
6830 6831 72
11942 11943 72
19059 19060 72
38246 48861 72
19984 19985 72
17680 17681 72
20626 20627 72
30460 30461 72
25709 25710 72
24535 24536 72
30464 30465 72
26939 26940 72
45794 45795 72
5588 5589 72
35878 35879 72
6552 6553 72
48882 48883 72
7573 7574 72
19065 45174 72
1227 2257 72
8058 8059 72
8426 8427 72
39540 39541 72
35887 35888 72
38888 38889 72
20635 20636 72
43639 43640 72
18490 18491 72
5910 5911 72
19687 19688 72
30977 30978 72
48903 48904 72
9208 30718 72
8302 8303 72
38275 38276 72
20993 20994 72
16008 16009 72
33628 33629 72
27820 27821 72
2368 2369 72
5664 5665 72
15771 15772 72
38288 38289 72
1836 1837 72
34157 34158 72
15325 15326 72
17698 17699 72
37717 37718 72
28266 36813 72
38296 41681 72
12502 12503 72
40847 40848 72
25347 48678 72
28270 28271 72
4026 4027 72
16938 16939 72
34728 34729 72
11424 11425 72
42265 42266 72
37120 37121 72
42268 42269 72
4819 4820 72
12873 12874 72
14487 14488 72
37124 37125 72
26545 26546 72
12506 12507 72
21015 21016 72
47411 47412 72
13469 13470 72
36534 36535 72
38322 38323 72
4243 4244 72
23482 23483 72
13471 13472 72
45130 45131 72
33660 33661 72
34746 34747 72
5669 5670 72
7059 7060 72
5345 5346 72
46662 46663 72
14903 14904 72
43017 43018 72
8821 8822 72
34754 34755 72
44421 44422 72
19719 19720 72
46672 46673 72
37144 37145 72
10397 10398 72
18521 18522 72
4190 4191 72
17979 17980 72
43729 43730 72
15792 15793 72
16959 16960 72
48234 48235 72
31536 31537 72
35958 35959 72
48238 48239 72
4606 4607 72
40240 40241 72
26577 26578 72
6379 6380 72
15350 15351 72
27009 27010 72
35355 35356 72
32606 32607 72
7363 7364 72
34780 34781 72
48255 48256 72
40250 40251 72
34781 34782 72
20352 20353 72
6075 6076 72
21392 21393 72
9652 9653 72
23143 23144 72
12147 12148 72
44463 44464 72
16496 16497 72
28760 28761 72
2502 17198 72
27019 27020 72
34793 34794 72
15356 15357 72
12150 12151 72
49035 49036 72
35378 35379 72
3053 3054 72
35990 35991 72
10101 10102 72
17739 17740 72
45196 45197 72
6660 6661 72
7714 7715 72
27455 46343 72
6574 6575 72
20370 20371 72
27459 27460 72
40951 40952 72
23161 23162 72
26183 40080 72
35391 35392 72
43091 43092 72
21413 21414 72
44496 44497 72
15141 15142 72
5997 5998 72
18287 18288 72
46752 46753 72
11624 11625 72
7489 7490 72
40298 40299 72
49066 49067 72
3133 3134 72
32123 32124 72
34243 34244 72
34824 34825 72
36021 36022 72
18291 18292 72
15590 15591 72
27906 27907 72
49882 49883 72
31587 31588 72
45995 45996 72
27907 27908 72
24641 24642 72
7072 7073 72
9237 9238 72
30599 30600 72
38420 38421 72
7607 7608 72
9101 9102 72
42410 42411 72
13316 13317 72
32145 32146 72
272 273 72
27916 27917 72
7965 24222 72
32670 32671 72
20388 20389 72
17249 17250 72
18851 18852 72
2588 2589 72
49910 49911 72
19781 19782 72
33220 41264 72
24267 24268 72
16294 16295 72
40342 40343 72
31615 31616 72
33757 33758 72
18016 18017 72
4308 4309 72
5205 5206 72
14945 14946 72
38451 38452 72
17255 17256 72
10277 10278 72
34869 34870 72
41717 41718 72
15601 32731 72
6854 15954 72
33769 33770 72
49135 49136 72
15832 39044 72
178 37648 72
12183 12184 72
30629 37691 72
19169 19170 72
16304 16305 72
24675 24676 72
26234 26235 72
9673 9674 72
1267 1268 72
32708 32709 72
44585 44586 72
15838 16432 72
23209 31678 72
18585 18586 72
32713 32714 72
2533 2534 72
17522 17523 72
27524 27525 72
27959 36030 72
24687 24688 72
25468 25469 72
8597 8598 72
49166 49167 72
31655 31656 72
21124 21125 72
41757 41758 72
31657 31658 72
21812 21813 72
11118 11119 72
49979 49980 72
20420 20421 72
45325 45326 72
22871 37679 72
27970 27971 72
46111 46112 72
21126 43645 72
6490 6491 72
33274 33275 72
6399 6400 72
2594 2595 72
15175 15176 72
19189 19190 72
8097 8098 72
17793 17794 72
14141 14142 72
36324 36325 73
20376 20377 73
3457 3458 73
35745 35746 73
29877 29878 73
21635 21636 73
3555 3556 73
29411 29412 73
42630 42631 73
47695 47696 73
24030 24031 73
6420 31218 73
21971 21972 73
38096 38097 73
10185 10186 73
17783 17784 73
3459 3460 73
27616 27617 73
28962 28963 73
8692 8693 73
7666 36599 73
38107 38108 73
46201 46202 73
27180 27181 73
837 838 73
11954 11955 73
13359 13360 73
41249 41250 73
25576 25577 73
45450 45451 73
28072 28073 73
34055 34056 73
11793 11794 73
21328 21329 73
13933 13934 73
5625 5626 73
20391 20392 73
1902 20277 73
47741 47742 73
11633 11634 73
47743 47744 73
21993 21994 73
5628 5629 73
26357 26358 73
47749 47750 73
30847 30848 73
4503 32018 73
14146 14147 73
44765 44766 73
13549 13550 73
11636 11637 73
2869 2870 73
47758 47759 73
11329 11330 73
46237 46238 73
4159 4160 73
2834 6387 73
40621 40622 73
18296 29295 73
19053 19054 73
33549 45334 73
38744 38745 73
14347 14348 73
18302 18303 73
35211 35212 73
5469 5470 73
25966 25967 73
49297 49414 73
14959 14960 73
15173 15174 73
8593 8594 73
29926 29927 73
11025 11026 73
11488 11489 73
7170 7171 73
33563 33564 73
27661 27662 73
26384 26385 73
32484 32485 73
15601 15602 73
22334 22335 73
15815 15816 73
27226 44174 73
9932 9933 73
46278 46279 73
49330 49331 73
22020 22021 73
655 656 73
30399 30400 73
27671 27672 73
20724 20725 73
42028 42029 73
16062 16063 73
1194 37527 73
20728 31280 73
24448 45090 73
47816 47817 73
36433 36434 73
20730 20731 73
22029 22030 73
5805 5806 73
11979 11980 73
26815 26816 73
44117 44118 73
4992 4993 73
12306 12307 73
42051 42052 73
36442 36443 73
35256 35257 73
36444 36445 73
8599 8600 73
1823 1824 73
40049 40050 73
47066 47067 73
13761 15928 73
4513 4514 73
43447 43448 73
32518 32519 73
15617 15618 73
12826 12827 73
10605 10606 73
36458 46370 73
39455 39456 73
17840 17841 73
6336 6337 73
27258 27259 73
47859 47860 73
17144 17145 73
26421 26422 73
40701 40702 73
42079 42080 73
18823 18824 73
45577 45578 73
21068 21069 73
42774 42775 73
29969 29970 73
4326 4327 73
23414 23415 73
15837 15838 73
44875 44876 73
31990 31991 73
2713 2714 73
37659 37660 73
30928 30929 73
3752 3753 73
32540 32541 73
36485 36486 73
8494 8495 73
21079 21080 73
5561 5562 73
27275 27276 73
3609 3610 73
40731 40732 73
7693 7694 73
29071 29072 73
1149 1150 73
21091 21092 73
28176 28177 73
29076 29077 73
12324 12325 73
13986 13987 73
21095 32339 73
47144 47145 73
4272 4273 73
19633 19634 73
47909 47910 73
29994 29995 73
5091 5092 73
39501 39502 73
1868 23167 73
11361 11362 73
37692 37693 73
43511 43512 73
38259 38260 73
32562 32563 73
43514 43515 73
10488 10489 73
27291 27292 73
30960 30961 73
13038 13039 73
11364 20251 73
34184 34185 73
24138 24139 73
42841 42842 73
33661 33662 73
1218 9892 73
46410 46411 73
37709 37710 73
31486 31487 73
20469 20470 73
31488 31489 73
23441 47167 73
24514 49715 73
47950 47951 73
30973 30974 73
13597 13598 73
3167 3168 73
33129 33130 73
19117 19118 73
1137 1138 73
21750 34744 73
24916 24917 73
35343 35344 73
20199 20200 73
47965 47966 73
45673 47909 73
36538 36539 73
34206 34207 73
46439 46440 73
18109 18110 73
1748 1749 73
10910 10911 73
39552 39553 73
30488 30489 73
10091 10092 73
20206 35831 73
39558 39559 73
24927 29686 73
17869 17870 73
39561 39562 73
19660 19661 73
25300 35518 73
47989 47990 73
44969 44970 73
26476 26477 73
9216 31037 73
8272 22682 73
6259 6260 73
15868 15869 73
25308 25309 73
13050 13051 73
46469 46470 73
35969 35970 73
10359 10360 73
27337 27338 73
24537 24538 73
1909 1910 73
26486 26487 73
5010 5011 73
14219 14220 73
29132 29133 73
19945 19946 73
20222 20223 73
27793 27794 73
22437 22438 73
16314 16315 73
25712 25713 73
1151 1152 73
16754 16755 73
28244 28245 73
42217 42218 73
40837 40838 73
40191 40192 73
24175 34061 73
15239 28812 73
13056 13057 73
39603 39604 73
7821 7822 73
35402 35403 73
37780 48670 73
15453 15454 73
5660 5661 73
24182 24183 73
31033 31034 73
22448 22449 73
1426 31119 73
14406 14407 73
28700 28701 73
22454 22455 73
49588 49589 73
42949 42950 73
18386 18387 73
3019 3020 73
24568 24569 73
7498 7499 73
26520 26521 73
18142 18143 73
44331 44332 73
32660 39422 73
9604 9605 73
466 467 73
47290 47291 73
33211 33212 73
45773 45774 73
30551 35233 73
46544 46545 73
22460 22461 73
728 729 73
40880 40881 73
4926 4927 73
6913 6914 73
27825 27826 73
31578 31579 73
24975 24976 73
24976 24977 73
45789 45790 73
29176 29177 73
26967 26968 73
32143 42067 73
7105 35878 73
26531 26532 73
31585 31586 73
35448 35449 73
40900 40901 73
20522 20523 73
23511 23512 73
3217 3218 73
29655 29656 73
21802 21803 73
49644 49645 73
18401 18402 73
19701 19702 73
11246 11247 73
40909 40910 73
39017 39018 73
17440 17441 73
22474 22475 73
12357 12358 73
17909 17910 73
17211 17212 73
24594 43202 73
40924 40925 73
28296 28297 73
44387 45226 73
39025 39026 73
29200 29201 73
49665 49666 73
27400 27401 73
12358 12359 73
40280 40281 73
33248 33249 73
47355 47356 73
49674 49675 73
35474 42989 73
32706 32707 73
45834 45835 73
32172 32173 73
9235 9236 73
2727 2728 73
22135 22136 73
33255 33256 73
36675 36676 73
19427 19428 73
12363 12364 73
28751 28752 73
45118 45119 73
5338 36753 73
34325 34326 73
30607 30608 73
24225 24226 73
34918 34919 73
32192 32193 73
16783 16784 73
27419 27420 73
35500 35501 73
37868 37869 73
1938 1939 73
41639 41640 73
17453 17454 73
25007 25008 73
39060 39061 73
20864 20865 73
7722 7723 73
9119 9120 73
49724 49725 73
41651 41652 73
9991 9992 73
9862 9863 73
12207 12208 73
28770 28771 73
24238 24239 73
47414 47415 73
22847 22848 73
24621 48468 73
15692 15693 73
15487 15488 73
49739 49740 73
7211 7212 73
28326 28327 73
31133 31134 73
20273 20274 73
26170 26171 73
34354 34355 73
15058 15059 73
40339 40340 73
35534 35535 73
20886 20887 73
21836 21837 73
21193 21194 73
5929 5930 73
37896 37897 73
32752 32753 73
2990 2991 73
43102 43103 73
27453 43597 73
28337 28338 73
49763 49764 73
21510 21511 73
5180 5181 73
12891 12892 73
35550 35551 73
37907 37908 73
38491 38492 73
27029 27030 73
33313 33314 73
36733 39181 73
28795 28796 73
22520 22521 73
4083 4084 73
18181 44772 73
44497 44498 73
39125 39126 73
20890 49284 73
21202 21203 73
7731 7732 73
35561 35562 73
6564 6565 73
41715 41716 73
2392 11233 73
42430 42431 73
45951 45952 73
39133 45891 73
11730 11731 73
13289 30490 73
22532 22533 73
19207 19208 73
7414 7415 73
33881 36419 73
41029 41030 73
4869 23149 73
4034 4035 73
20898 20899 73
27475 27476 73
31697 31698 73
27476 27477 73
36762 36763 73
31699 31700 73
1457 1458 73
24277 24278 73
14067 14068 73
42459 42460 73
11574 11575 73
12221 12222 73
11575 11576 73
35594 35595 73
30680 30681 73
29753 32468 73
2258 2259 73
4087 4088 73
36177 36178 73
3028 3029 73
45250 45251 73
26632 26633 73
28837 28838 73
18962 24489 73
20583 20584 73
14676 14677 73
3065 3066 73
43871 43872 73
4140 4141 73
6655 6656 73
12395 12396 73
7128 7129 73
13869 13870 73
25462 25463 73
26644 26645 73
27506 27507 73
46022 46023 73
26232 26233 73
4668 4669 73
12748 12749 73
3782 3783 73
8902 8903 73
7639 7640 73
15313 15314 73
46790 46791 73
44581 44582 73
20605 42868 73
20314 20315 73
20929 20930 73
43206 43207 73
6293 6294 73
25472 25473 73
678 679 73
22221 22222 73
13493 13494 73
19787 19788 73
31235 31236 73
20936 20937 73
12238 12239 73
2478 2479 73
29331 29332 73
8672 39125 73
12935 12936 73
10289 10290 73
44609 44610 73
23263 23264 73
35655 35656 73
17510 17511 73
3378 3379 73
42523 42524 73
7434 7435 73
38599 38600 73
28424 28425 73
27535 27536 73
19796 19797 73
17287 17288 73
42532 42533 73
17055 17056 73
30257 30258 73
19506 19507 73
27541 27542 73
4671 4672 73
23274 42185 73
44629 44630 73
41846 41847 73
30743 30744 73
31789 31790 73
1254 1255 73
49927 49928 73
12765 12766 73
35083 35084 73
13135 13136 73
25114 25115 73
30751 30752 73
37456 37457 73
11295 11296 73
4197 4198 73
5452 5453 73
24344 24345 73
4964 4965 73
20639 20640 73
31279 31280 73
4198 4199 73
20643 20644 73
23639 43911 73
26286 26287 73
39879 39880 73
38034 45990 73
31285 31286 73
19812 19813 73
11151 11152 73
22254 22255 73
11769 11770 73
39281 39282 73
2107 2108 73
36291 36292 73
7055 7056 73
24003 24004 73
4433 4434 73
693 694 73
45378 45379 73
9909 9910 73
27138 27139 73
14920 14921 73
46149 46150 73
1582 1583 73
22962 22963 73
41908 41909 73
19262 19263 73
35719 35720 73
20660 20661 73
15349 15350 73
49981 49982 73
37496 37497 73
29857 29858 73
19828 19829 73
7149 7150 73
19014 19015 73
27588 27589 73
19534 19535 73
21304 21305 73
4203 4204 73
11308 11309 73
11781 11782 73
17775 17776 73
23673 23674 73
8576 8577 73
41083 41084 74
5408 5409 74
12675 12676 74
27225 29980 74
3671 10926 74
30572 30573 74
44334 44335 74
10846 10847 74
26817 26818 74
34432 34433 74
28046 28047 74
45687 45688 74
47113 47114 74
17380 17381 74
2862 14477 74
24567 24568 74
44345 44346 74
4704 4705 74
42407 42408 74
36598 36599 74
28056 28057 74
23855 23856 74
47133 47134 74
17915 17916 74
2569 43546 74
34981 34982 74
1429 1430 74
47140 47141 74
11753 11754 74
36062 36063 74
10676 10677 74
22483 22484 74
16171 16172 74
32493 32494 74
168 169 74
24209 24210 74
37708 37709 74
3823 3824 74
39936 39937 74
34460 34461 74
186 9053 74
19621 19622 74
43735 43736 74
23171 23172 74
33970 33971 74
1260 1261 74
3903 3904 74
8193 8194 74
32011 32012 74
26457 26458 74
47886 47887 74
35540 35541 74
3353 3354 74
26852 26853 74
6083 6084 74
31525 31526 74
28913 28914 74
7814 7815 74
8583 38035 74
2191 2192 74
27262 27263 74
2495 12809 74
36098 36099 74
3134 3135 74
18476 18477 74
2458 2459 74
23886 23887 74
5797 5798 74
1132 16400 74
5156 5157 74
38817 38818 74
39972 41322 74
18482 18483 74
30191 30192 74
42478 42479 74
18770 18771 74
34502 34503 74
11594 16666 74
46491 46492 74
43141 43142 74
34003 34004 74
25723 25724 74
43782 43783 74
35034 35035 74
48656 48657 74
16418 16419 74
14580 14581 74
10539 10540 74
2152 2153 74
40574 40575 74
14154 14155 74
5801 5802 74
38838 38839 74
15720 15721 74
7222 7223 74
24620 24621 74
16427 16428 74
2725 2726 74
37221 37222 74
28948 28949 74
9388 17223 74
10387 10388 74
37226 37227 74
5907 5908 74
11429 11430 74
39453 39454 74
22190 22191 74
25369 25370 74
22875 33201 74
46536 46537 74
38298 46784 74
43819 43820 74
44469 44470 74
26491 26492 74
42516 42517 74
5241 5242 74
13319 13320 74
16685 16686 74
14594 14595 74
16210 16211 74
8212 8213 74
11431 11432 74
8473 8474 74
15972 15973 74
19680 19681 74
3252 28897 74
40023 40024 74
18796 18797 74
10551 10552 74
17704 17705 74
38318 38319 74
26508 32576 74
41235 41236 74
6877 6878 74
13117 13118 74
17445 17446 74
16694 16695 74
38891 38892 74
31594 31595 74
28987 28988 74
42552 42553 74
40043 40044 74
44512 44513 74
7115 7116 74
13120 13121 74
29837 29838 74
235 43806 74
627 628 74
37814 37815 74
41923 41924 74
22567 22568 74
19990 19991 74
12917 12918 74
3557 3558 74
8992 8993 74
13960 13961 74
34578 34579 74
1822 1823 74
16231 16232 74
706 8232 74
26534 26535 74
5444 5445 74
2730 16113 74
33100 33101 74
22581 22582 74
29432 29433 74
2780 2781 74
1410 1411 74
26148 26149 74
18274 18275 74
32134 32135 74
10264 10265 74
6006 6007 74
10115 31483 74
32619 32620 74
24307 31822 74
33615 33616 74
38938 38939 74
27360 27361 74
9825 9826 74
38373 38374 74
4283 4284 74
4823 4824 74
8613 8614 74
9970 9971 74
43265 43266 74
18548 18549 74
49518 49519 74
15079 15080 74
45224 45225 74
42612 42613 74
41308 41309 74
12188 12189 74
16016 16017 74
44576 44577 74
20312 20313 74
35145 35146 74
41977 41978 74
11108 11109 74
8354 8355 74
49535 49536 74
4900 4901 74
27792 27793 74
7352 7353 74
21931 21932 74
6684 6685 74
31661 31662 74
38396 38397 74
47377 47378 74
469 470 74
1686 1687 74
48110 48111 74
26578 26579 74
28210 28211 74
35169 35170 74
19144 19145 74
6357 6358 74
43301 43302 74
22258 22259 74
41340 41341 74
2430 2431 74
29051 29052 74
384 385 74
46685 46686 74
27805 29695 74
49572 49573 74
21943 36098 74
2350 2351 74
21946 21947 74
24717 24718 74
5101 5102 74
18303 18304 74
19742 19743 74
49582 49583 74
31686 31687 74
16260 16261 74
22964 22965 74
28229 28230 74
13155 13156 74
30766 30767 74
48144 48145 74
20651 20652 74
24729 24730 74
3210 3211 74
44630 44631 74
38434 38435 74
21621 21622 74
3377 3378 74
3708 3709 74
17232 29898 74
31242 31243 74
13374 13375 74
21305 21306 74
14872 14873 74
20978 20979 74
13375 13376 74
32218 32219 74
16044 32935 74
30783 30784 74
16751 16752 74
6912 13429 74
28663 28664 74
36852 36853 74
48885 48886 74
31257 31258 74
40169 40170 74
14427 14428 74
49629 49630 74
40171 40172 74
20985 20986 74
19760 19761 74
48182 48183 74
2888 2889 74
19764 19765 74
42062 42063 74
49639 49640 74
41404 47941 74
27837 27838 74
14008 14009 74
45332 45333 74
15565 16051 74
47463 47464 74
32237 32238 74
25857 25858 74
17252 17253 74
33709 33710 74
7143 7144 74
35238 35239 74
12965 12966 74
35785 35786 74
19772 19773 74
31275 31276 74
1993 1994 74
16509 16510 74
10439 10440 74
12584 12585 74
48215 48216 74
44696 44697 74
5836 5837 74
9432 9433 74
42086 42087 74
5936 5937 74
35798 35799 74
49675 49676 74
37945 37946 74
46781 46782 74
9568 9569 74
39661 48139 74
37947 37948 74
7147 7148 74
42096 42097 74
25141 25142 74
1442 1443 74
37428 37429 74
31287 31288 74
1966 1967 74
23700 23701 74
30824 30825 74
3160 3161 74
39675 39676 74
26645 26646 74
957 958 74
22316 22317 74
13394 13395 74
10448 10449 74
40233 40234 74
15358 39583 74
1015 1016 74
5195 5196 74
37444 37445 74
3270 3271 74
22323 22324 74
27875 27876 74
16073 16074 74
1945 1946 74
19202 19203 74
32754 32755 74
511 512 74
10160 10161 74
13808 13809 74
10161 10162 74
34762 34763 74
427 428 74
13406 13407 74
28303 28304 74
6147 6148 74
22338 22339 74
40861 40862 74
23029 23030 74
11149 11150 74
11683 11684 74
33273 33274 74
43448 43449 74
1085 1086 74
36390 36391 74
11687 11688 74
9447 9448 74
35301 35302 74
36945 36946 74
40875 40876 74
28314 28315 74
12417 12418 74
18363 18364 74
5574 5575 74
31805 31806 74
43463 43464 74
26681 26682 74
38008 38009 74
16797 16798 74
28740 28741 74
16092 16093 74
5759 5760 74
5380 5381 74
22034 22035 74
13006 45037 74
25183 25184 74
39736 39737 74
35320 35321 74
21052 21053 74
4770 4771 74
33787 33788 74
13825 13826 74
1048 1049 74
46876 46877 74
23749 23750 74
22040 22041 74
27513 27514 74
11334 15191 74
11335 11336 74
33799 33800 74
36976 36977 74
23753 23754 74
10318 10319 74
49052 49053 74
10319 10320 74
32333 32334 74
36434 36435 74
15163 15164 74
35341 35342 74
5853 5854 74
38039 38040 74
9453 26621 74
24107 24108 74
12622 12623 74
33816 33817 74
31842 31843 74
35351 35352 74
3168 3169 74
12062 13597 74
15396 15397 74
3277 3278 74
5482 42347 74
25204 31820 74
21076 28765 74
11891 16538 74
31853 31854 74
18117 18118 74
44838 44839 74
3224 24210 74
29202 29203 74
25948 42686 74
26731 26732 74
33837 33838 74
5859 21027 74
32361 32362 74
30467 30468 74
18960 18961 74
2040 2041 74
17067 17068 74
45524 45525 74
6411 6412 74
7408 7409 74
17069 17070 74
2557 2558 74
27960 27961 74
10487 10488 74
28373 28374 74
9327 9328 74
14727 14728 74
35388 35389 74
15641 15642 74
46957 46958 74
795 796 74
30491 30492 74
40975 40976 74
13853 13854 74
14511 14512 74
48402 48403 74
14513 14514 74
31411 31412 74
946 947 74
20453 20454 74
9331 45600 74
8038 44120 74
31416 31417 74
1976 16596 74
344 345 74
15193 15194 74
9069 9070 74
188 189 74
44896 44897 74
41630 41631 74
46283 46284 74
38666 38667 74
9203 9204 74
11726 11727 74
10656 10657 74
40397 40398 74
33389 33390 74
41638 41639 74
25988 25989 74
42298 42299 74
8936 8937 74
17353 26037 74
18153 18154 74
13049 13050 74
46307 46308 74
25993 25994 74
32415 32416 74
3527 34414 74
33887 33888 74
2617 2618 74
4114 4115 74
21773 21774 74
17358 17359 74
35985 35986 74
47015 47016 74
5871 5872 74
47739 47740 74
9903 9904 74
16612 16613 74
47019 47020 74
43618 43619 74
15901 15902 74
43620 43621 74
26778 26779 74
27194 27195 74
19889 19890 74
38697 38698 74
28416 28417 74
43626 43627 74
30110 30111 74
4319 4320 74
10836 10837 74
20806 20807 74
46336 46337 74
48485 48486 74
41030 41031 74
36550 36551 74
39858 39859 74
10056 10057 74
32917 32918 74
34395 34396 74
42345 42346 74
22110 22111 74
11011 11012 74
19592 19593 74
46348 46349 74
26403 26404 74
33912 33913 74
1155 1156 74
37098 40871 74
37639 37640 74
32448 32449 74
20194 20195 74
26020 26021 74
25279 25280 74
15446 15447 74
41061 41062 74
43660 43661 74
5968 5969 74
18717 38362 74
44972 44973 74
44973 44974 74
12475 12476 74
37655 37656 74
20819 20820 74
17896 17897 74
44978 44979 74
6964 6965 74
47807 47808 74
2223 2224 74
37114 37115 74
3463 3464 74
19600 19601 74
46384 46385 74
21480 21481 74
2451 36742 74
40474 40475 74
48557 48558 75
26654 26655 75
38751 38752 75
30400 30401 75
15969 15970 75
18420 18421 75
17130 44052 75
9379 9380 75
193 194 75
11237 11238 75
5354 5355 75
43755 43756 75
49279 49280 75
31346 31347 75
36549 36550 75
13630 13631 75
47860 47861 75
15752 15753 75
5063 5064 75
5671 34452 75
27871 43136 75
15755 15756 75
1521 1522 75
35441 35442 75
29565 29566 75
36559 36560 75
12884 46201 75
27874 46950 75
27473 27474 75
17906 17907 75
14246 14247 75
14871 14872 75
14444 14445 75
15989 15990 75
27881 27882 75
10453 10454 75
36573 46380 75
25923 25924 75
4714 4715 75
36015 36016 75
46479 46480 75
12887 12888 75
34924 43492 75
792 793 75
37706 37707 75
18444 18445 75
14669 14670 75
39981 39982 75
6268 26079 75
34930 34931 75
26308 26309 75
4088 4089 75
26309 26310 75
21081 21082 75
34377 34378 75
18182 18183 75
30901 47077 75
10322 10323 75
4848 4849 75
8762 8763 75
12224 12225 75
2764 2765 75
4280 4281 75
9777 9778 75
7584 7585 75
37157 37158 75
1759 1760 75
33406 33407 75
31877 31878 75
14464 14465 75
2924 2925 75
3886 3887 75
19883 19884 75
710 711 75
14066 14067 75
47228 47229 75
16021 16022 75
11911 11912 75
5369 5370 75
20178 20179 75
47234 47235 75
37174 42524 75
8056 8057 75
7478 7479 75
3354 3355 75
45138 45139 75
31900 31901 75
43845 43846 75
3355 3356 75
21110 21111 75
30468 30469 75
12073 12074 75
49395 49396 75
4499 4500 75
3355 33471 75
14483 14484 75
30044 30045 75
43855 43856 75
33923 33924 75
31419 47727 75
26733 26734 75
44505 44506 75
31422 31423 75
6088 6089 75
31424 31425 75
32919 32920 75
10482 10483 75
45849 45850 75
16940 16941 75
43866 43867 75
1331 1332 75
12921 12922 75
16480 45249 75
15139 15140 75
21126 21127 75
43873 43874 75
8419 8420 75
27145 27146 75
24891 24892 75
20490 20491 75
15799 15800 75
47998 47999 75
14915 14916 75
21781 21782 75
39495 39496 75
14082 14083 75
31938 31939 75
12752 12753 75
33957 33958 75
28366 28367 75
31941 31942 75
36111 36112 75
41957 41958 75
3608 3609 75
10786 10787 75
47296 47297 75
41298 41299 75
9274 38798 75
38902 38903 75
9666 9667 75
31448 31449 75
13874 13875 75
45898 45899 75
16733 16734 75
17459 17460 75
43266 43267 75
48033 48034 75
4608 4609 75
38340 38341 75
30515 30516 75
9276 9277 75
38343 38344 75
959 960 75
21471 21472 75
36127 36128 75
32965 32966 75
38920 38921 75
26386 26387 75
12934 19202 75
36132 36133 75
14294 14295 75
33980 33981 75
43289 43290 75
12417 40030 75
22461 22462 75
31965 31966 75
16498 16499 75
49496 49497 75
7948 7949 75
7825 7826 75
16502 16503 75
1397 1398 75
35595 35596 75
5159 5160 75
40723 40724 75
26774 26775 75
20833 20834 75
39556 39557 75
27187 27188 75
7605 7606 75
6492 6493 75
20838 20839 75
19936 25226 75
10951 10952 75
31986 45530 75
35611 35612 75
15385 15386 75
15823 17974 75
31989 43513 75
24559 24560 75
16980 16981 75
35062 35063 75
16071 16072 75
35620 35621 75
43962 43963 75
38965 38966 75
47382 47383 75
6774 6775 75
13129 13130 75
45976 45977 75
22142 22143 75
26414 26415 75
11291 11292 75
43969 43970 75
42679 42680 75
22485 22486 75
41379 41380 75
29263 29264 75
30554 49356 75
38976 38977 75
46698 46699 75
10799 10800 75
27603 27604 75
14107 14108 75
48834 48835 75
37317 37318 75
47407 47408 75
33535 33536 75
28417 28418 75
38985 38986 75
14108 14109 75
19360 19361 75
41397 41398 75
9041 9042 75
12953 12954 75
27611 27612 75
47419 47420 75
35644 35645 75
16991 16992 75
17237 17238 75
46015 46016 75
44656 44657 75
8311 8312 75
23876 23877 75
28427 35787 75
39614 39615 75
45316 45317 75
2895 2896 75
16081 16082 75
22159 22160 75
31042 31043 75
36205 36206 75
6682 6683 75
39621 39622 75
11617 11618 75
19097 19098 75
34047 34048 75
6012 6013 75
31528 32303 75
25702 25703 75
43381 43382 75
22165 22166 75
48173 48174 75
4506 4507 75
35117 35118 75
28868 28869 75
2198 2199 75
22514 22515 75
26448 26776 75
37899 37900 75
23190 23191 75
40197 40198 75
30155 30156 75
402 403 75
30601 30602 75
28447 28448 75
21844 21845 75
27634 28988 75
5313 5314 75
7395 7396 75
9179 9180 75
36243 36244 75
22863 22864 75
18009 18010 75
20258 38593 75
9556 9557 75
21198 21199 75
27648 27649 75
44052 44053 75
20553 20554 75
41466 41467 75
10235 13257 75
35142 35143 75
5946 5947 75
7288 7289 75
24614 24615 75
36821 36822 75
23208 23209 75
21520 21521 75
28468 28469 75
16782 33429 75
40849 40850 75
14538 14539 75
4930 4931 75
1399 1400 75
39059 39060 75
10104 10105 75
9563 9564 75
2450 2451 75
31092 31093 75
17515 30312 75
3806 3807 75
19982 19983 75
45402 45403 75
38492 38493 75
12295 12296 75
29776 29777 75
20902 20903 75
39080 39081 75
17272 17273 75
13727 13728 75
46828 46829 75
13354 13355 75
24271 24272 75
7970 7971 75
49699 49700 75
2968 32470 75
35730 35731 75
34108 34109 75
37955 42708 75
17523 26537 75
16109 16110 75
7100 7101 75
1090 1091 75
32105 32106 75
12636 12637 75
38515 38516 75
22899 22900 75
30655 30656 75
48984 48985 75
19997 19998 75
30205 30206 75
5475 5476 75
18036 45813 75
31131 31132 75
1243 1244 75
23943 23944 75
10384 45958 75
44785 44786 75
30210 30211 75
48996 48997 75
27697 27698 75
40294 48404 75
21554 21555 75
12465 12466 75
24290 24291 75
10529 10530 75
2296 2297 75
15439 15440 75
43493 43494 75
21236 21237 75
32635 32636 75
15882 15883 75
20927 20928 75
32638 32639 75
6220 6221 75
21242 21243 75
2696 2697 75
33666 33667 75
25407 25408 75
26514 26515 75
26515 26516 75
18330 18331 75
13370 13371 75
26519 26520 75
8220 8221 75
42228 42229 75
26924 26925 75
13177 13178 75
7409 7410 75
18056 18057 75
49769 49770 75
28535 28536 75
10840 10841 75
38567 43594 75
12998 12999 75
34702 34703 75
28139 28140 75
46210 46211 75
31171 31172 75
47619 47620 75
10261 10262 75
33180 33181 75
15229 15230 75
3669 3670 75
46914 46915 75
3074 40622 75
6224 6225 75
22934 39924 75
5328 5329 75
27333 27334 75
30256 30257 75
44845 44846 75
25065 25066 75
12821 14269 75
24317 24318 75
32188 32189 75
9328 9329 75
33704 33705 75
15238 15239 75
3860 3861 75
19171 19172 75
5562 5563 75
9851 11074 75
15904 15905 75
5880 5881 75
44865 44866 75
22255 36711 75
13388 13389 75
19457 19458 75
25808 25809 75
44870 44871 75
1303 1304 75
14181 14182 75
3114 3115 75
20640 20641 75
29870 29871 75
14183 14184 75
4690 4691 75
26561 26562 75
18360 18361 75
49102 49103 75
49832 49833 75
25088 25089 75
31218 31219 75
6525 6526 75
27362 27363 75
122 123 75
7022 7023 75
45559 45560 75
47678 47679 75
3337 3338 75
17578 17579 75
6433 12628 75
29449 29450 75
18911 18912 75
1104 1105 75
9866 9867 75
27373 27374 75
28194 28195 75
38068 38069 75
4890 4891 75
19478 19479 75
39228 39229 75
4767 4768 75
13400 48528 75
11523 11524 75
17589 17590 75
13212 13213 75
29901 29902 75
19483 19484 75
2639 2640 75
18111 18112 75
11685 11686 75
5734 5735 75
21978 21979 75
2816 2817 75
11207 11208 75
15936 15937 75
6534 6535 75
29049 29050 75
16851 16852 75
20080 20081 75
2047 9755 75
20083 20084 75
19217 19218 75
6141 6142 75
8130 8131 75
10428 10429 75
41697 41698 75
3084 3085 75
47736 47737 75
36463 36464 75
14213 14214 75
24765 24766 75
49904 49905 75
29065 29066 75
33278 33279 75
25133 25134 75
6541 6542 75
47036 47037 75
35914 35915 75
12027 12028 75
5815 5816 75
43028 43029 75
19226 19584 75
36478 36479 75
7233 7234 75
44301 44302 75
9105 9106 75
13801 13802 75
33792 33793 75
4971 4972 75
24778 24779 75
41723 41724 75
12528 12529 75
32777 32778 75
43040 43041 75
785 25207 75
5502 30627 75
49937 49938 75
15731 15732 75
32291 32292 75
28246 28247 75
27435 27436 75
4481 4482 75
36500 36501 75
6829 6830 75
38144 38145 75
34848 34849 75
35944 35945 75
29086 29087 75
28250 28251 75
18961 18962 75
25884 25885 75
42409 42410 75
33820 33821 75
13057 13058 75
41750 41751 75
29946 29947 75
43068 43069 75
41753 41754 75
20397 20398 75
36512 36513 75
20106 22474 75
1426 1427 75
33829 33830 75
13431 13432 75
35393 35394 75
4374 4375 75
28670 28671 75
45690 45691 75
1817 8431 75
21033 21034 75
40509 40510 75
21691 21692 75
47109 47110 75
38736 38737 75
43089 43090 75
35406 35407 75
19240 19241 75
29957 42600 75
5747 5748 75
44369 44370 75
8995 8996 75
4708 4709 75
28268 28269 75
1031 40142 75
2255 2256 75
24422 24423 75
39945 39946 76
30521 30522 76
31364 31365 76
17185 17186 76
16779 16780 76
4813 29920 76
10957 10958 76
21109 26942 76
43679 43680 76
22862 22863 76
43682 43683 76
39407 39408 76
17189 17190 76
11412 11413 76
31374 31375 76
44325 44326 76
41127 41128 76
21690 21691 76
14842 14843 76
40535 40536 76
21396 21397 76
19249 19250 76
6939 6940 76
3896 3897 76
25735 25736 76
23475 23476 76
15602 15603 76
3513 3514 76
10963 10964 76
3123 3124 76
30543 30544 76
19784 19785 76
23790 23791 76
47833 47834 76
6024 6025 76
25079 25080 76
35694 35695 76
26065 26066 76
6403 6404 76
21411 21412 76
43720 43721 76
47135 47136 76
36740 36741 76
11713 32769 76
6025 6026 76
5578 5579 76
42446 42447 76
3695 3696 76
45709 45710 76
34167 34168 76
29792 29793 76
1604 1605 76
12173 12174 76
10459 10460 76
5504 5505 76
6952 6953 76
47867 47868 76
41176 41177 76
23183 23184 76
38873 38874 76
27885 27886 76
36756 36757 76
9640 9641 76
20560 20561 76
20561 49550 76
11137 11138 76
33251 33252 76
43120 43121 76
4700 7773 76
16597 16598 76
32326 32327 76
17427 17428 76
26093 26094 76
18545 18546 76
6954 6955 76
15435 15436 76
35214 35215 76
24124 24125 76
6215 6216 76
13798 13799 76
38350 38351 76
16407 16408 76
47190 47191 76
37322 37323 76
38355 38356 76
41854 41855 76
32793 32794 76
47904 47905 76
7154 7155 76
10231 10232 76
43777 43778 76
20885 20886 76
37853 37854 76
42496 42497 76
29428 29429 76
7768 7769 76
22616 22617 76
12495 12496 76
8977 8978 76
49388 49389 76
39494 39495 76
49391 49392 76
35230 35231 76
27186 27187 76
13804 13805 76
5731 5732 76
43794 43795 76
29050 29051 76
10988 10989 76
20323 20324 76
44444 44445 76
45792 45793 76
42511 42512 76
37344 39970 76
7983 7984 76
47226 47227 76
15063 15064 76
31015 31016 76
35244 35245 76
5803 5804 76
31019 31020 76
17666 17667 76
4171 4172 76
14877 14878 76
8651 8652 76
46532 46533 76
11446 11447 76
47956 47957 76
8092 8093 76
5652 5653 76
41903 41904 76
5584 5585 76
811 812 76
22644 29632 76
11154 33712 76
49437 49438 76
49440 49441 76
12993 12994 76
18575 18576 76
21181 21182 76
8208 8209 76
47250 47251 76
19839 19840 76
19564 19565 76
36841 36842 76
40667 40668 76
30631 30632 76
39537 39538 76
34761 34762 76
30227 30228 76
38410 38411 76
31046 31047 76
27579 27580 76
44491 44492 76
47987 47988 76
32392 32393 76
39548 39549 76
31930 31931 76
29470 29471 76
35804 35805 76
43219 43220 76
13819 13820 76
14709 14710 76
32396 32397 76
47276 47277 76
37902 37903 76
28319 33449 76
26133 26134 76
30639 30640 76
2784 2785 76
4881 4882 76
47284 47285 76
30642 30643 76
20908 20909 76
5809 5810 76
18824 18825 76
13329 13330 76
48020 48021 76
24831 24832 76
10606 10607 76
25492 25493 76
280 281 76
31497 42972 76
3861 3862 76
19319 19320 76
46600 46601 76
27596 27597 76
40708 40709 76
1503 1504 76
45875 45876 76
23871 23872 76
22957 22958 76
26870 26871 76
6317 17306 76
25163 46816 76
15859 15860 76
886 887 76
39006 39007 76
36889 36890 76
19323 29545 76
2956 6549 76
27979 27980 76
36356 36357 76
38459 38460 76
43893 43894 76
33369 33370 76
4091 4092 76
4944 4945 76
41342 41343 76
48066 48067 76
3743 3744 76
45910 45911 76
36365 36366 76
4463 22610 76
21792 21793 76
30271 30272 76
41351 41352 76
41991 41992 76
33846 33847 76
27246 27247 76
31524 31525 76
14725 47164 76
25171 25172 76
15867 15868 76
18845 18846 76
19098 19099 76
10742 10743 76
26890 39008 76
33387 33388 76
26177 26178 76
42639 42640 76
2344 2345 76
48822 48823 76
44580 44581 76
26180 26181 76
45231 45232 76
31105 31106 76
4950 4951 76
32914 32915 76
33865 33866 76
8009 8010 76
17275 17276 76
25844 25845 76
18386 31338 76
13171 49969 76
24529 24530 76
32004 32005 76
31117 31118 76
39050 39051 76
32922 32923 76
13017 13018 76
33411 33412 76
42666 42667 76
1643 1644 76
33413 33414 76
31121 31122 76
17279 17280 76
11768 11769 76
31125 43942 76
38513 38514 76
39065 39066 76
23594 23595 76
3590 3591 76
5379 5380 76
26914 26915 76
35372 35373 76
31556 31557 76
33423 33424 76
48140 48141 76
23598 23599 76
28766 28767 76
26204 26205 76
26919 26920 76
40207 40208 76
13180 13181 76
42059 42060 76
1915 1916 76
9911 9912 76
10753 10754 76
39088 39089 76
11189 11190 76
38002 43914 76
28775 28776 76
24545 24546 76
10152 10153 76
19359 19360 76
2410 40900 76
32505 32506 76
46012 46013 76
28033 28034 76
4008 4009 76
25554 25555 76
40822 40823 76
18629 18630 76
7691 7692 76
31157 31158 76
5832 5833 76
26567 26568 76
33455 33456 76
32971 32972 76
39109 39110 76
34376 34377 76
11039 22298 76
1199 1200 76
48184 48185 76
44668 44669 76
40838 40839 76
13366 13367 76
24232 24233 76
14395 14396 76
38563 38564 76
9570 9571 76
48193 48194 76
34392 34393 76
19369 19370 76
43386 43387 76
4959 4960 76
26230 26231 76
17732 17733 76
6060 6061 76
11049 11050 76
25575 25576 76
10044 10045 76
49688 49689 76
30746 30747 76
30748 30749 76
23318 46538 76
6153 6154 76
22125 22126 76
33934 33935 76
11944 11945 76
43403 43404 76
19143 19144 76
6710 6711 76
604 605 76
23636 23637 76
6712 6713 76
44706 44707 76
10049 10050 76
5036 5037 76
16488 16489 76
33489 33490 76
37551 37552 76
25597 25598 76
28435 28436 76
16296 16297 76
40881 40882 76
20703 20704 76
44054 44055 76
15338 15339 76
35983 35984 76
35456 35457 76
20706 20707 76
1542 1543 76
28442 28443 76
20430 20431 76
38070 38071 76
34436 34437 76
18430 18431 76
43436 43437 76
939 940 76
27718 27719 76
34965 34966 76
15147 15148 76
31640 31641 76
41519 41520 76
16893 16894 76
22447 22448 76
10647 10648 76
14769 14770 76
32110 32111 76
17977 17978 76
45412 45413 76
40910 40911 76
6537 6538 76
38090 38091 76
10784 10785 76
21001 21002 76
12409 12410 76
33522 33523 76
3962 3963 76
47555 47556 76
3079 3080 76
16129 16130 76
12103 12104 76
44763 44764 76
17544 17545 76
16505 16506 76
15538 15539 76
36546 36547 76
32583 32584 76
6718 48170 76
36030 36031 76
973 974 76
38650 38651 76
23060 23061 76
48299 48300 76
3920 3921 76
39212 39213 76
28116 28117 76
20198 20199 76
16510 16511 76
43482 43483 76
28119 36948 76
14966 14967 76
3599 3600 76
4793 4794 76
25635 25636 76
20459 20460 76
36564 36565 76
46878 46879 76
29656 29657 76
42216 42217 76
19422 19423 76
3461 3462 76
49803 49804 76
37622 37623 76
6911 6912 76
21313 42639 76
2564 2565 76
33075 33076 76
40374 40375 76
33554 33555 76
23999 24000 76
15548 15549 76
11970 11971 76
19699 19700 76
49070 49071 76
11667 11668 76
42883 42884 76
12270 42396 76
5544 5545 76
40383 40384 76
18693 36740 76
47625 47626 76
5051 5052 76
5254 5255 76
5700 20084 76
42244 42245 76
49086 49087 76
21327 21328 76
9383 9384 76
25968 25969 76
28504 28505 76
814 815 76
40392 40393 76
4432 4433 76
33580 33581 76
45503 45504 76
43530 43531 76
19443 19444 76
48365 48366 76
44833 44834 76
32182 32183 76
10803 10804 76
28900 28901 76
44172 44173 76
34041 34042 76
46936 46937 76
32187 32188 76
44177 44178 76
13568 13569 76
8051 8052 76
4626 16627 76
27411 27412 76
25979 25980 76
42923 42924 76
42267 42268 76
16744 16745 76
28908 28909 76
45526 45527 76
13246 13247 76
46955 46956 76
30069 30070 76
18963 18964 76
15565 15566 76
31297 31298 76
1183 1184 76
17801 37884 76
5055 5056 76
9049 9050 76
34556 34557 76
26691 26692 76
15380 15381 76
29709 29710 76
2801 2802 76
46267 46268 76
4982 4983 76
39312 39313 76
31737 31738 76
36112 36113 76
20502 20503 76
24673 24674 76
35073 39002 76
44219 44220 76
6557 6558 76
37702 37703 76
41663 41664 76
35078 35079 76
36119 36120 76
37705 37706 76
1290 1291 76
45566 45567 76
30882 30883 76
42314 42315 76
41035 41036 76
2569 2570 76
27073 27074 76
11107 11108 76
26002 26003 76
18488 18489 76
4437 4438 76
28541 28542 76
32675 32676 76
31330 31331 76
18726 18727 76
35094 35095 76
47724 47725 76
12140 12141 76
13586 15194 76
34087 44328 76
41691 41692 76
3471 8358 76
26715 26716 76
45594 45595 76
35102 35103 76
19740 19741 76
33164 33165 76
32685 32686 76
24689 24690 76
16554 16555 76
2418 2419 76
17598 17599 76
24053 24054 76
49960 49961 76
29 30 76
37202 37203 76
39365 39366 76
36148 36149 76
4689 4690 76
42356 43020 76
2402 2403 76
37207 37208 76
18499 18500 76
4488 30377 76
38255 38256 76
11258 11259 76
43646 43647 76
9620 9621 76
29348 29349 76
14471 14472 76
32256 32257 76
41726 41727 76
14300 14301 76
24370 24371 76
25048 25049 76
47778 47779 76
44952 44953 76
14831 14832 76
20528 20529 76
47782 47783 76
435 436 76
44957 44958 76
21974 21975 76
12149 12150 76
5568 5569 76
15215 15216 76
15209 15210 77
39209 39210 77
552 42195 77
3615 4172 77
31459 31460 77
34629 34630 77
38681 38682 77
43968 43969 77
47253 47254 77
3615 29292 77
48618 48619 77
8795 11919 77
20924 20925 77
29453 29454 77
39223 39224 77
41487 41488 77
9358 9359 77
47261 47262 77
3238 3239 77
49315 49316 77
49319 49320 77
19611 19612 77
364 365 77
16027 16028 77
3345 18260 77
16636 16637 77
42738 42739 77
32808 32809 77
21487 21488 77
14823 14824 77
45249 45250 77
1603 1604 77
29072 29073 77
24141 24142 77
23834 24835 77
9585 9586 77
8369 8370 77
16036 16037 77
44632 44633 77
30651 30652 77
45262 45263 77
17494 17495 77
615 616 77
40914 40915 77
24802 24803 77
35163 35164 77
316 317 77
17716 17717 77
16236 16237 77
13731 13732 77
38198 38199 77
34180 34181 77
25478 25479 77
14651 14652 77
2922 27895 77
45280 45281 77
32833 32834 77
18646 18647 77
19142 19143 77
7141 7142 77
42775 42776 77
22355 22356 77
24814 24815 77
34189 34190 77
44665 44666 77
48002 48003 77
27591 27592 77
24475 24476 77
48691 48692 77
43416 43417 77
29100 29101 77
2024 2025 77
8597 43519 77
42167 42168 77
42792 42793 77
44675 44676 77
22948 22949 77
1519 1520 77
13214 13215 77
21506 21507 77
48704 48705 77
319 320 77
34203 34204 77
36202 36203 77
39301 39302 77
14293 14294 77
34700 34701 77
33768 33769 77
9950 9951 77
23866 23867 77
28727 28728 77
42809 42810 77
47347 47348 77
3546 3547 77
30691 30692 77
1107 1108 77
27607 27608 77
1570 1571 77
48729 48730 77
7069 7070 77
17298 17299 77
42200 42201 77
21237 21238 77
34217 34218 77
27613 27614 77
47366 47367 77
30290 30291 77
4477 4478 77
35221 42542 77
8184 8185 77
22684 22685 77
42212 42213 77
15048 15049 77
5645 5646 77
31988 31989 77
48750 48751 77
35227 35228 77
2533 18680 77
28361 28362 77
12220 12221 77
18669 18670 77
20429 20430 77
25846 25847 77
3178 3179 77
40422 40423 77
9487 9488 77
39872 39873 77
27997 27998 77
24515 24516 77
33352 33353 77
1232 1233 77
46730 46731 77
46052 49003 77
39351 39352 77
26901 26902 77
42866 42867 77
26902 26903 77
24518 24519 77
22390 22391 77
6813 6814 77
18923 18924 77
11163 11164 77
37296 37297 77
42876 42877 77
6095 6096 77
27270 27271 77
15852 15853 77
39895 39896 77
41626 41627 77
47425 47426 77
24524 24525 77
40447 44662 77
25186 25187 77
24201 37318 77
21262 21263 77
28021 28022 77
3629 3630 77
35779 35780 77
9965 9966 77
26555 26556 77
9966 9967 77
44772 44773 77
26558 26559 77
34269 34270 77
17101 39543 77
6348 6349 77
32035 32036 77
39390 39391 77
33838 33839 77
9846 9847 77
6350 6351 77
33388 33389 77
35796 35797 77
47454 47455 77
5650 5651 77
34281 34282 77
14319 14320 77
9971 9972 77
13245 13246 77
9849 9850 77
19427 41026 77
37842 37843 77
11318 11319 77
28412 28413 77
19196 19197 77
37340 37341 77
12394 12395 77
32939 32940 77
7333 7334 77
11178 11179 77
10875 46423 77
32942 32943 77
49556 49557 77
36315 36316 77
6032 6033 77
32945 32946 77
29972 29973 77
46819 46820 77
5276 5277 77
9163 9164 77
27677 27678 77
32950 32951 77
45460 45461 77
35307 35308 77
11779 11780 77
41090 41091 77
36325 38746 77
38354 38355 77
17338 17339 77
17780 17781 77
6034 14382 77
24902 24903 77
48876 48877 77
6908 6909 77
32960 32961 77
26961 26962 77
239 240 77
25586 25587 77
6036 6037 77
11330 11331 77
19965 19966 77
30784 30785 77
36343 36344 77
5916 5917 77
10112 10113 77
15293 15294 77
29991 29992 77
2081 2082 77
15688 15689 77
23027 23028 77
10240 10241 77
247 248 77
34330 34331 77
47531 47532 77
28444 28445 77
25918 25919 77
31637 31638 77
20233 20234 77
13265 13266 77
14173 14174 77
21889 21890 77
19725 19726 77
5404 5405 77
591 592 77
19224 19225 77
36372 36373 77
2261 2262 77
40001 40002 77
9180 9181 77
26623 26624 77
44876 44877 77
11650 11651 77
33003 33004 77
42386 42387 77
6602 10040 77
24265 24266 77
23355 23356 77
37910 37911 77
12419 12420 77
48250 48251 77
16512 16513 77
25260 25261 77
19986 19987 77
40578 40579 77
27731 27732 77
41160 41161 77
19987 19988 77
10899 10900 77
46225 46226 77
8638 8639 77
15110 15111 77
18028 18029 77
36400 36401 77
41167 41168 77
193 29889 77
36402 36403 77
11959 11960 77
2318 2319 77
48958 48959 77
6114 6115 77
38427 38428 77
36406 45504 77
8421 8422 77
4182 4183 77
31680 31681 77
3559 3560 77
23680 23681 77
46250 46251 77
46923 46924 77
26646 26647 77
15321 15322 77
16128 16129 77
29264 29265 77
34389 34390 77
42433 42434 77
40050 40051 77
14732 14733 77
12430 12431 77
22484 22485 77
8219 8220 77
36942 36943 77
38447 38448 77
11967 11968 77
9756 9757 77
27026 27027 77
17830 17831 77
30856 30857 77
17831 17832 77
8026 8027 77
36431 36432 77
10779 10780 77
2511 2512 77
41214 41215 77
3788 3789 77
46284 46285 77
37955 45508 77
18305 49003 77
11819 11820 77
11070 11071 77
26668 26669 77
33960 33961 77
38465 38466 77
14935 14936 77
11514 11515 77
22803 22804 77
39004 39005 77
38472 38473 77
31298 31299 77
31300 31301 77
30070 30071 77
43110 43111 77
21359 21360 77
48337 48338 77
20815 20816 77
3153 3154 77
31720 31721 77
39013 39014 77
1634 1635 77
40663 40664 77
27050 27051 77
39569 39570 77
24640 24641 77
27785 27786 77
40100 40101 77
12782 24081 77
27413 27414 77
5668 5669 77
12614 42621 77
37486 37487 77
29708 29709 77
24990 24991 77
24313 24314 77
41260 41261 77
33984 33985 77
44366 44367 77
29713 29714 77
45649 45650 77
1274 1275 77
7829 7830 77
18533 32869 77
1914 1915 77
35968 35969 77
30898 30899 77
20543 47692 77
9425 9426 77
15743 15744 77
24323 24324 77
11224 11225 77
27433 27434 77
25332 25333 77
33558 33559 77
45670 45671 77
37510 37511 77
12136 12137 77
47034 47035 77
5932 5933 77
11830 11831 77
33104 33105 77
4988 4989 77
21381 21382 77
20835 20836 77
20836 20837 77
48398 48399 77
49095 49096 77
1299 1300 77
28939 28940 77
7647 7648 77
40713 40714 77
31347 31348 77
3794 3795 77
17856 17857 77
34019 34020 77
2912 2913 77
33123 33124 77
10147 48194 77
21393 21394 77
41309 41310 77
26370 26371 77
14582 14583 77
31780 31781 77
33588 33589 77
10933 10934 77
19530 19531 77
19047 19048 77
25026 25027 77
41320 41321 77
40738 40739 77
22248 22249 77
26377 32916 77
42565 42566 77
39083 39084 77
28208 28209 77
9430 9431 77
12634 22870 77
22844 22845 77
12635 12636 77
26381 26382 77
12307 17324 77
42581 42582 77
37556 37557 77
40751 40752 77
29357 29358 77
29358 29359 77
24355 25285 77
28573 31795 77
23132 23133 77
43221 48423 77
17639 17640 77
34048 34049 77
5992 25668 77
40185 42301 77
11089 28729 77
35523 35524 77
24692 24693 77
7460 7461 77
33159 33160 77
8044 8045 77
28582 28583 77
8340 8341 77
1694 1695 77
15767 47347 77
47120 47121 77
32270 32271 77
31817 31818 77
42605 42606 77
12006 12007 77
19298 19299 77
38588 46555 77
32274 32275 77
16576 16577 77
41998 41999 77
2164 2165 77
7034 7035 77
39684 39685 77
23761 23762 77
6848 44004 77
17654 17655 77
14407 14408 77
40211 40212 77
2615 2616 77
42623 42624 77
9103 9104 77
16581 16582 77
33639 33640 77
23466 23467 77
9441 9442 77
22867 22868 77
29788 29789 77
31835 40199 77
39700 39701 77
41394 41395 77
24716 24717 77
40804 40805 77
14980 14981 77
4500 4501 77
4772 4773 77
20086 20087 77
14788 14789 77
35571 35572 77
19316 19317 77
29010 29011 77
26066 29286 77
25747 25748 77
1916 1917 77
6853 6854 77
4002 4003 77
42045 42046 77
35080 35081 77
5240 5241 77
3649 3650 77
40252 40253 77
21167 21168 77
43914 43915 77
15988 15989 77
33214 33215 77
46519 46520 77
42665 42666 77
4776 4777 77
35590 35591 77
13002 13003 77
14994 14995 77
37631 40939 77
10172 23466 77
42061 42062 77
24399 26255 77
13701 13702 77
11406 11407 77
23494 23495 77
45183 45184 77
19326 19327 77
23498 23499 77
5501 5502 77
14429 14430 77
18600 46039 77
11259 11260 77
8256 8257 77
38652 38653 77
7857 7858 77
6713 6714 77
31879 31880 77
43328 43329 77
32334 32335 77
34126 34127 77
39193 39194 77
7859 7860 77
22611 45459 77
2467 2468 77
10961 40382 77
2194 2195 77
27540 27541 77
8790 8791 77
15801 15802 77
44590 44591 77
35121 35122 77
22907 44929 77
5442 5443 77
3471 3472 78
31969 31970 78
19815 19816 78
42862 42863 78
40475 40476 78
31972 31973 78
15074 15075 78
2790 28336 78
16000 16001 78
5890 5891 78
17150 17151 78
28309 28310 78
32438 32439 78
8154 8155 78
38338 38339 78
47944 47945 78
20055 20056 78
43469 43470 78
31526 31527 78
330 331 78
42880 42881 78
10008 10009 78
27557 27558 78
39421 39422 78
4502 4503 78
19331 19332 78
48641 48642 78
2001 2002 78
13588 13589 78
39955 39956 78
38872 45862 78
21356 21357 78
26813 26814 78
44088 44089 78
12983 12984 78
34801 34802 78
29497 29498 78
10136 36827 78
4401 4402 78
8811 43206 78
6197 6198 78
5525 5526 78
33857 40526 78
31122 31123 78
39444 39445 78
5316 5317 78
25433 25434 78
5966 20819 78
19841 41023 78
22218 22219 78
1982 45480 78
10276 10277 78
45994 45995 78
36857 36858 78
47994 47995 78
32013 32014 78
32926 32927 78
2165 2166 78
42928 42929 78
21653 21654 78
42931 42932 78
17788 17789 78
770 771 78
20322 20323 78
45353 45354 78
2220 2221 78
6117 6118 78
22228 22229 78
15831 15832 78
24761 24762 78
21119 21120 78
20848 20849 78
5532 5533 78
17376 24527 78
48019 48020 78
7359 7360 78
31570 31571 78
18234 18235 78
42946 42947 78
21383 21384 78
27598 37987 78
38924 38925 78
31575 31576 78
9283 9284 78
30312 30313 78
32503 32504 78
4731 4732 78
5757 5758 78
47365 47366 78
20580 20581 78
47367 47368 78
16218 16219 78
21675 21676 78
37906 37907 78
34339 43815 78
8384 8385 78
41151 41152 78
48733 48734 78
24111 24112 78
6122 6123 78
1314 1315 78
36901 36902 78
46063 46064 78
6570 6571 78
26506 26507 78
47388 47389 78
46731 46732 78
29144 29145 78
15475 15476 78
166 167 78
20340 20341 78
11547 11548 78
46073 46074 78
38954 38955 78
16593 16594 78
24120 24121 78
44179 44180 78
20879 20880 78
15296 15297 78
13941 13942 78
29154 29155 78
16047 16048 78
42391 42392 78
48764 48765 78
9533 9534 78
19617 19618 78
25821 25822 78
47412 47413 78
40605 40606 78
5118 43885 78
21695 21696 78
17399 17400 78
32992 32993 78
30350 30351 78
20607 20608 78
25143 25144 78
38977 38978 78
33925 33926 78
32997 32998 78
20107 20108 78
18688 18689 78
9296 9297 78
25495 25496 78
24809 24810 78
14770 14771 78
34393 34394 78
21152 21153 78
32086 32087 78
24461 24462 78
10550 10551 78
45454 45455 78
18024 18025 78
13465 13466 78
7866 7867 78
25156 25157 78
22589 22590 78
35939 35940 78
34403 34404 78
21158 21159 78
7018 7019 78
8288 8289 78
40647 40648 78
3732 3733 78
8844 8845 78
48816 48817 78
44850 44851 78
32104 32105 78
22281 22282 78
41839 41840 78
36449 36450 78
49520 49521 78
31222 31223 78
16610 49052 78
22598 22599 78
32566 32567 78
11999 12000 78
43058 43059 78
34419 37643 78
13628 13629 78
19639 19640 78
16614 16615 78
5182 6435 78
44872 44873 78
8515 8516 78
10838 10839 78
8627 8628 78
7373 7374 78
30797 37197 78
46171 46172 78
31240 31241 78
33517 33518 78
41245 41246 78
35450 35451 78
28811 28812 78
23843 23844 78
26935 26936 78
49558 49559 78
29617 29618 78
18280 18281 78
15319 15320 78
14622 14623 78
16247 16248 78
5471 33400 78
14624 14625 78
33055 33056 78
36493 36494 78
4251 4252 78
12292 12293 78
31256 31257 78
26946 26947 78
46194 46195 78
40133 40134 78
7876 7877 78
21456 21457 78
16632 16633 78
9431 46080 78
3400 3401 78
31264 31265 78
26955 26956 78
6749 6750 78
978 979 78
40144 40145 78
30016 31023 78
10309 10310 78
19420 19421 78
3688 3689 78
22313 22314 78
37533 37534 78
7577 7578 78
22315 22316 78
41919 41920 78
4741 4742 78
6581 6582 78
18974 18975 78
44323 44324 78
21754 21755 78
12596 12597 78
40158 40159 78
7583 7584 78
9204 40879 78
27711 27712 78
47553 47554 78
26601 26602 78
39081 48449 78
23875 23876 78
15154 22533 78
24880 24881 78
3176 3177 78
22047 22048 78
34024 35820 78
30436 30437 78
48243 48244 78
39088 41052 78
41941 41942 78
23569 23570 78
30042 30043 78
1286 1287 78
2572 2573 78
17243 25273 78
40179 40180 78
40180 40181 78
13989 13990 78
46920 49226 78
28108 28109 78
22332 22333 78
2074 2075 78
18748 18749 78
48263 48264 78
23253 23254 78
22657 22658 78
15162 15163 78
46929 46930 78
17455 17456 78
6418 6419 78
33118 33119 78
25917 25918 78
14811 14812 78
15530 15531 78
26628 26629 78
10584 10585 78
32663 32664 78
8100 8101 78
21217 21218 78
20423 20424 78
30068 30069 78
45617 45618 78
31323 31324 78
7294 38859 78
28487 28488 78
43190 43191 78
31328 31329 78
28488 28489 78
41363 41364 78
17668 17669 78
47622 47623 78
38078 38079 78
4680 4681 78
1504 15206 78
38081 38082 78
9822 9823 78
2175 2176 78
27756 27757 78
23273 23274 78
9569 9570 78
32682 32683 78
16281 16282 78
40228 40229 78
23911 23912 78
8318 8319 78
30088 30089 78
49003 49004 78
49713 49714 78
22678 22679 78
20693 20694 78
37101 37102 78
5201 28853 78
22682 22683 78
2077 2078 78
23602 23603 78
38104 38105 78
27025 27026 78
45661 45662 78
18773 18774 78
7215 7216 78
19464 19465 78
48330 48331 78
5072 5073 78
7800 7801 78
13222 13223 78
32259 32260 78
5706 32255 78
47665 47666 78
27401 27402 78
9221 9222 78
14338 14339 78
27405 27406 78
2394 2395 78
14838 14839 78
9458 9459 78
15373 15374 78
37127 37128 78
23298 23299 78
185 186 78
46357 46358 78
5636 26170 78
1045 31855 78
3747 3748 78
9112 18584 78
41428 41429 78
15020 15021 78
1776 4436 78
37656 37657 78
25646 25647 78
32729 32730 78
13846 33138 78
3383 3384 78
21258 21259 78
49060 49061 78
47697 47698 78
577 578 78
14517 14518 78
44474 44475 78
18134 18135 78
49068 49069 78
537 538 78
16499 16500 78
45711 45712 78
14029 14030 78
1058 1059 78
28956 28957 78
8027 8028 78
21270 21271 78
18364 48873 78
42073 42074 78
28560 28561 78
38679 38680 78
23646 23647 78
4323 4324 78
32301 32302 78
3191 3192 78
37686 37687 78
20742 20743 78
13540 13541 78
13089 43241 78
21545 21546 78
23024 23025 78
33232 33233 78
27080 34427 78
45743 45744 78
24 25 78
2452 31693 78
25672 25673 78
3422 3423 78
28980 28981 78
27460 27461 78
33238 33239 78
15955 15956 78
2755 2756 78
32318 44536 78
40334 40335 78
39794 39795 78
14530 14531 78
36675 42430 78
4648 4649 78
4000 4001 78
15400 15401 78
13400 13401 78
33246 33247 78
21557 21558 78
30578 30579 78
21558 21559 78
30996 30997 78
31871 31872 78
44538 44539 78
21559 21560 78
47112 49143 78
23037 23038 78
34665 34666 78
35681 35682 78
22434 22435 78
45787 45788 78
28994 28995 78
15043 15044 78
45154 45155 78
1141 1142 78
28233 28234 78
47132 47133 78
45157 45158 78
38215 38216 78
45159 45160 78
6174 18506 78
28235 28236 78
35691 35692 78
38732 38733 78
5441 5442 78
6265 6266 78
23046 23047 78
38225 38226 78
38227 38228 78
4332 4333 78
11493 11494 78
32805 32806 78
28610 28611 78
21864 21865 78
26388 26389 78
44573 44574 78
10241 10242 78
9247 9248 78
45819 45820 78
39305 39306 78
10632 32501 78
46498 46499 78
30193 47980 78
17121 17122 78
15412 15413 78
4333 4334 78
30197 30198 78
38758 38759 78
35714 35715 78
16343 16344 78
25353 25354 78
47837 47838 78
37247 37248 78
49911 49912 78
27498 27499 78
24328 24329 78
9486 9487 78
32826 32827 78
47845 47846 78
9023 46009 78
556 557 78
18400 18401 78
4710 4711 78
20267 37593 78
5162 5163 78
36739 36740 78
33303 33304 78
20026 20027 78
32839 32840 78
5226 5227 78
24342 24343 78
23390 23391 78
35739 35740 78
45216 45217 78
47866 47867 78
3626 29504 78
11507 11508 78
21321 21322 78
10923 10924 78
17753 17754 78
20031 20032 78
3553 3554 78
27144 27145 78
4149 4150 78
34739 34740 78
11802 11803 78
19315 19316 78
8800 8801 78
36261 36262 78
28658 28659 78
36265 36266 78
48567 48568 78
5 6 78
37806 37807 78
15068 33911 78
18860 18861 78
33331 46569 78
34240 34241 78
17551 17552 78
20801 20802 78
19556 19557 78
38303 42974 78
24704 24705 78
38305 38306 78
22183 22184 78
25744 25745 78
45903 45904 78
34761 46359 78
24705 24706 78
24047 24048 78
49272 49273 78
1266 38781 78
26786 26787 78
41026 41027 78
29866 29867 78
26079 26080 78
23729 23730 78
40465 40466 78
45922 45923 78
22187 22188 78
18195 18196 78
6371 6372 78
11131 11132 79
18664 18665 79
40430 40431 79
24151 24152 79
17236 17237 79
27808 27809 79
26273 26274 79
7915 7916 79
37825 37826 79
32430 32431 79
16789 16790 79
41593 41594 79
34272 34273 79
39905 39906 79
24848 24849 79
38832 38833 79
22571 22572 79
14115 14116 79
4663 4664 79
25572 25573 79
49321 49322 79
42840 42841 79
1365 1366 79
17244 17245 79
32903 32904 79
29419 29420 79
19991 19992 79
20532 26402 79
25196 25197 79
41618 41619 79
35287 35288 79
29014 29015 79
9053 9054 79
23185 32878 79
8041 8042 79
26656 26657 79
29021 29022 79
39405 39406 79
27442 27443 79
17941 17942 79
10523 49552 79
12115 12116 79
4184 4185 79
34803 34804 79
13533 13534 79
35818 35819 79
24516 24517 79
7130 7131 79
8282 8283 79
16366 16367 79
41043 41044 79
39419 39420 79
15520 15521 79
31537 31538 79
24873 24874 79
34813 34814 79
26301 26302 79
6264 6265 79
11792 11793 79
28633 28634 79
12995 37872 79
32932 32933 79
24879 24880 79
5750 5751 79
23538 23539 79
22897 22898 79
41667 41668 79
45349 45350 79
12293 12294 79
16585 16586 79
11141 31390 79
46711 46712 79
34831 34832 79
41674 41675 79
22600 37129 79
36865 41480 79
25224 25225 79
4518 4519 79
42295 42296 79
3044 3045 79
7037 38483 79
20851 20852 79
27083 27084 79
21717 21718 79
6927 6928 79
3993 3994 79
32951 32952 79
9575 9576 79
14927 14928 79
30277 30278 79
8415 8416 79
22911 22912 79
16385 16386 79
107 108 79
20024 20025 79
48070 48071 79
3516 3517 79
34859 34860 79
22918 22919 79
45389 45390 79
27099 27100 79
4751 5697 79
1643 1944 79
26713 26714 79
4389 4390 79
32974 32975 79
48082 48083 79
36903 36904 79
1584 1585 79
49450 49451 79
3407 3408 79
30296 30297 79
805 11947 79
32525 32526 79
30298 30299 79
6936 6937 79
27883 27884 79
22925 23261 79
30722 30723 79
2966 2967 79
2806 2807 79
27887 27888 79
17748 17749 79
8431 35157 79
25644 25645 79
9461 9462 79
42357 42358 79
36413 36414 79
21165 21166 79
44798 44799 79
48781 48782 79
22635 22636 79
3872 3873 79
10995 10996 79
13959 13960 79
3008 3009 79
22642 22643 79
12490 12491 79
2132 2133 79
10412 31751 79
1587 1588 79
44810 44811 79
46797 46798 79
32084 32085 79
27522 27523 79
15357 42592 79
3878 3879 79
12159 12160 79
3145 3146 79
20320 20321 79
33948 33949 79
4536 4537 79
32093 32094 79
1588 1589 79
35419 35420 79
965 966 79
44825 44826 79
15564 15565 79
43599 43600 79
33955 33956 79
43602 43603 79
23267 23268 79
37965 37966 79
16213 16214 79
43607 43608 79
34413 42760 79
35425 43799 79
3148 3149 79
19803 19804 79
31207 31208 79
13773 13774 79
39001 39002 79
41783 41784 79
48837 48838 79
15566 15567 79
31642 31643 79
15161 15162 79
32109 32110 79
49534 49535 79
30340 30341 79
18257 18258 79
33038 33039 79
22062 22063 79
25306 25307 79
34428 34429 79
20063 20064 79
20064 20065 79
26026 26027 79
48855 48856 79
28729 28730 79
13223 13224 79
36987 36988 79
18002 24440 79
19269 19270 79
28336 28337 79
1713 15865 79
12683 12684 79
30364 30365 79
34444 34445 79
13981 13982 79
2517 2518 79
2658 2659 79
30368 30369 79
33063 39118 79
29145 29146 79
2659 2660 79
11016 11017 79
39588 39589 79
44271 44272 79
3701 3702 79
44891 47002 79
10016 10017 79
13786 13787 79
46879 46880 79
4925 4926 79
29971 29972 79
3290 3291 79
20926 20927 79
42464 42465 79
46886 46887 79
37016 37017 79
24986 24987 79
40671 40672 79
22985 22986 79
43680 43681 79
31684 31685 79
40674 40675 79
13415 13416 79
13415 16745 79
49606 49607 79
26425 26426 79
43687 43688 79
6669 6670 79
12177 12178 79
22380 22381 79
46905 46906 79
41255 41256 79
345 346 79
33088 47585 79
6406 6407 79
97 98 79
41881 41882 79
25347 47095 79
47584 47585 79
36013 36014 79
44930 44931 79
14389 14390 79
7723 7724 79
23318 23319 79
38549 38550 79
1695 1696 79
5281 5282 79
30826 30827 79
47597 47598 79
43714 43715 79
40699 40700 79
22706 22707 79
43117 43118 79
21804 27446 79
1484 1485 79
11031 11032 79
33582 33583 79
47607 47608 79
12526 12527 79
8462 8463 79
28380 28381 79
10170 12039 79
6306 6877 79
1312 1313 79
33114 33115 79
49660 49661 79
44340 44341 79
44341 44342 79
5370 5371 79
26816 26817 79
38567 38568 79
17811 17812 79
26454 30740 79
48971 48972 79
47626 47627 79
22109 22110 79
34520 34521 79
46289 46290 79
11039 11040 79
5707 5708 79
26823 26824 79
10173 19305 79
1094 1095 79
31295 31296 79
15200 15201 79
12198 12199 79
40178 40179 79
26087 26088 79
23670 23671 79
22725 22726 79
17586 46643 79
23674 23675 79
12886 12887 79
18542 18543 79
13439 38444 79
21529 21530 79
23354 23355 79
29641 29642 79
22121 22122 79
116 117 79
3712 3713 79
36574 36575 79
18051 18052 79
6595 6596 79
5627 5628 79
7742 7743 79
11052 11053 79
35567 35568 79
3899 3900 79
37612 37613 79
35064 35065 79
30879 30880 79
23034 29472 79
9630 9631 79
42576 42577 79
10893 10894 79
32246 32247 79
1848 1849 79
44402 44403 79
26864 26865 79
6694 6695 79
6599 8516 79
36596 36597 79
23040 23041 79
7088 7089 79
7630 30392 79
19878 19879 79
3432 9993 79
38120 38121 79
25411 25412 79
15425 15426 79
1742 1743 79
13454 13455 79
29246 29247 79
30901 35324 79
23051 23052 79
6875 6876 79
31795 31796 79
30903 30904 79
36616 36617 79
12905 12906 79
12907 12908 79
15637 15638 79
48380 48381 79
45698 45699 79
1794 1795 79
6423 6424 79
44443 44444 79
30476 30477 79
2236 2237 79
7526 7527 79
11391 11392 79
48390 48391 79
13841 13842 79
16713 16714 79
19898 19899 79
44454 44455 79
36633 36634 79
3115 3116 79
27669 27670 79
1241 1242 79
45072 45073 79
5721 5722 79
4292 24669 79
3552 3553 79
39751 39752 79
26519 47906 79
4639 4640 79
15654 15655 79
4294 4295 79
41412 41413 79
2673 2674 79
1231 1232 79
24060 24061 79
9792 9793 79
9526 9527 79
37690 37691 79
24735 24736 79
3074 3075 79
11906 11907 79
28471 28472 79
8502 8503 79
8124 8125 79
19916 19917 79
31839 31840 79
30107 30108 79
41431 41432 79
40850 40851 79
15454 15455 79
1723 7016 79
10926 10927 79
17640 21087 79
45112 45113 79
18366 18367 79
42659 42660 79
2273 2274 79
18864 18865 79
19379 19380 79
9271 9272 79
44503 44504 79
30117 30118 79
39237 39238 79
48452 48453 79
45775 45776 79
32781 32782 79
35663 35664 79
4803 4804 79
35157 35158 79
40868 40869 79
37196 37197 79
11915 11916 79
24086 24087 79
18606 18607 79
41459 41460 79
21906 46286 79
18607 18608 79
48476 48477 79
41462 41463 79
14667 14668 79
18374 18375 79
38205 38206 79
26188 26189 79
49160 49161 79
26556 26557 79
15265 15266 79
1932 1933 79
38211 38212 79
7424 7425 79
7653 7654 79
24412 24413 79
39269 39270 79
11584 11585 79
20201 20202 79
6903 7781 79
3080 3081 79
40345 40346 79
31428 31429 79
3506 3507 79
3263 18368 79
26575 26576 79
43327 43328 79
10937 10938 79
30560 30561 79
24427 24428 79
41493 41494 79
7896 7897 79
49901 49902 79
19403 19404 79
20772 20773 79
18626 18627 79
39292 39293 79
4119 4120 79
39297 39298 79
15070 15071 79
13688 13689 79
31902 31903 79
1001 1002 79
45840 45841 79
40367 40368 79
36219 36220 79
45191 45192 79
19952 19953 79
24798 24799 79
40373 40374 79
1246 1247 79
35717 35718 79
18392 18393 79
10643 10644 79
22835 22836 79
24446 24447 79
21074 21075 79
7320 25053 79
17900 17901 79
7117 7118 79
25523 25524 79
24450 24451 79
43972 43973 79
44594 44595 79
11598 11599 79
12428 12429 79
4512 4513 79
2185 45934 79
6812 6813 79
44604 44605 79
28548 28549 79
22846 22847 79
1188 1189 79
27389 27390 79
26611 26612 79
15700 15701 79
7906 7907 79
45892 45893 79
15703 15704 79
3453 3454 79
22550 22551 79
18917 18918 79
41551 41552 79
16777 16778 79
23491 23492 79
21961 46453 79
41558 41559 79
44624 44625 79
47913 47914 79
45905 45906 79
15921 15922 79
9169 9170 79
32412 32413 79
41563 41564 79
39352 39353 79
48600 48601 79
11448 11449 79
2155 46979 79
8274 8275 79
15711 15712 79
24480 24481 79
22561 22562 79
4380 13470 79
5074 5075 79
49289 49290 79
43414 43415 79
11625 11626 80
21185 21186 80
19263 19264 80
25310 25311 80
13593 13594 80
18001 18002 80
48589 48590 80
8716 8717 80
10358 10359 80
28653 28654 80
19526 25667 80
26395 26396 80
3944 3945 80
5614 5615 80
45233 45234 80
982 983 80
15688 49974 80
42783 42784 80
11632 11633 80
45243 45244 80
17532 17533 80
47252 47253 80
11632 14361 80
5693 5694 80
33798 33799 80
23971 23972 80
44635 44636 80
33800 33801 80
2423 2424 80
45912 45913 80
20622 20623 80
14830 14831 80
35740 35741 80
9527 9528 80
47937 47938 80
22717 42612 80
11984 40876 80
26044 26045 80
5385 5386 80
6185 6186 80
28676 28677 80
14836 14837 80
7155 7156 80
9805 9806 80
29889 29890 80
43423 43424 80
31101 31102 80
5850 8553 80
36776 36777 80
36777 36778 80
32902 32903 80
37310 37311 80
19836 19837 80
9260 9261 80
20090 20091 80
11146 11147 80
1375 1376 80
35767 35768 80
36281 36282 80
8247 8248 80
5538 5539 80
39938 39939 80
40466 40467 80
46644 46645 80
23353 23354 80
35774 35775 80
1674 1675 80
21816 21817 80
45961 45962 80
27555 27556 80
16386 16387 80
49371 49372 80
22741 22742 80
48676 48677 80
6670 6671 80
35272 35273 80
6192 6193 80
47992 47993 80
5389 5390 80
40481 40482 80
37334 37335 80
47319 47320 80
41040 41041 80
42857 42858 80
22426 22427 80
46665 46666 80
48690 48691 80
47324 47325 80
30292 30293 80
28705 28706 80
12519 12520 80
11155 11156 80
34291 34292 80
28708 28709 80
5107 5108 80
1305 1306 80
5319 5320 80
20377 20378 80
16395 16396 80
10678 10679 80
41650 41651 80
7477 7478 80
14653 14654 80
17570 17571 80
25375 25376 80
24679 24680 80
1154 1155 80
31573 31574 80
44102 44103 80
8625 45525 80
36837 36838 80
38372 38373 80
49425 49426 80
35813 35814 80
48726 48727 80
46702 46703 80
42275 42276 80
5704 5705 80
12350 12351 80
27207 48521 80
32504 32505 80
22136 22137 80
47371 47372 80
20120 20121 80
35822 35823 80
16185 28581 80
14046 14047 80
15083 15084 80
46031 46032 80
32051 32052 80
212 213 80
45368 45369 80
15085 15086 80
3235 3236 80
14050 40976 80
12710 12711 80
42301 42302 80
5176 9650 80
530 531 80
23397 23398 80
8266 21979 80
20135 47188 80
11002 11003 80
11175 11176 80
28368 28369 80
46739 46740 80
25061 25062 80
5478 5479 80
13276 13277 80
8635 8636 80
4706 4707 80
29561 29562 80
9693 9694 80
5327 5328 80
26115 26116 80
19340 19341 80
35345 35346 80
12199 16525 80
6594 29049 80
40024 40025 80
43548 43549 80
6210 6211 80
14270 14271 80
12723 12724 80
1851 1852 80
21281 21282 80
22796 22797 80
23739 23740 80
14272 24863 80
6988 6989 80
24384 24385 80
44176 44177 80
46777 46778 80
26879 26880 80
9165 9166 80
499 500 80
41738 41739 80
32554 32555 80
29590 29591 80
40587 41254 80
23745 23746 80
12909 12910 80
5714 5715 80
19622 19623 80
2331 2332 80
21581 21582 80
45442 45443 80
39527 39528 80
36405 36406 80
13858 13859 80
3480 3481 80
13475 13476 80
31230 31231 80
13670 13671 80
43590 43591 80
32111 32112 80
15773 15774 80
33941 33942 80
12552 12553 80
21299 21300 80
26152 26153 80
26898 26899 80
41763 41764 80
21008 21009 80
2677 23520 80
48161 48162 80
18852 34946 80
12210 12211 80
10704 10705 80
44222 44223 80
34915 34916 80
1112 1113 80
30805 30806 80
31672 31673 80
33505 33506 80
2145 2146 80
23120 23121 80
961 962 80
41196 41197 80
19644 19645 80
9174 9175 80
45487 45488 80
21313 21314 80
28817 28818 80
7501 7502 80
41794 41795 80
38487 38488 80
41796 41797 80
5189 5190 80
39571 39572 80
41798 45852 80
5190 5191 80
44250 46175 80
31261 40703 80
24103 24104 80
27670 27671 80
34938 34939 80
45506 45507 80
2956 2957 80
35426 35427 80
24777 24778 80
17154 41340 80
6705 6706 80
8529 8530 80
34947 34948 80
40662 40663 80
37992 37993 80
18615 18616 80
36459 36460 80
32615 32616 80
3577 3578 80
48224 48225 80
26190 26191 80
26191 26192 80
574 575 80
6227 6228 80
49626 49627 80
10719 10720 80
48913 48914 80
23470 23471 80
21036 21037 80
14505 14506 80
1685 46836 80
14305 14306 80
24444 24445 80
29236 29237 80
24445 24446 80
41856 41857 80
31714 31715 80
32185 32186 80
39057 39058 80
43684 43685 80
2920 4204 80
48930 48931 80
14510 14511 80
17166 17167 80
47569 47570 80
8924 8925 80
21936 21937 80
41866 41867 80
30857 30858 80
4723 4724 80
25503 25504 80
8291 8292 80
9869 9870 80
46236 46237 80
41266 41267 80
30863 30864 80
18146 18147 80
37010 37011 80
46241 46242 80
4907 9183 80
27713 27714 80
24131 24132 80
34986 34987 80
8294 8295 80
47594 47595 80
49676 49677 80
37018 37019 80
33571 33572 80
13133 13134 80
48962 48963 80
23490 23491 80
11546 48458 80
46254 46255 80
17660 17661 80
11218 34945 80
21058 49830 80
25520 25521 80
40167 40168 80
8181 8182 80
7625 11706 80
13902 13903 80
42508 42509 80
43124 43125 80
35494 35495 80
1386 45595 80
28483 28484 80
5730 5731 80
40729 40730 80
23508 23509 80
8418 8419 80
31326 31327 80
19174 19175 80
22872 22873 80
21963 21964 80
2212 2213 80
14323 14324 80
32234 32235 80
47635 47636 80
49725 49726 80
34045 34046 80
41314 41315 80
24486 24487 80
42527 42588 80
4336 4337 80
20497 20498 80
11555 11556 80
39120 39121 80
46974 46975 80
1143 1144 80
20500 20501 80
25889 25890 80
25890 25891 80
8191 8192 80
15604 15605 80
5582 36226 80
42542 42543 80
33148 33149 80
9467 9468 80
36548 36549 80
48339 48340 80
198 199 80
5974 5975 80
42551 42552 80
16277 16278 80
44391 44392 80
14754 28286 80
35039 35040 80
8430 8431 80
21986 21987 80
29724 29725 80
4133 4134 80
35543 35544 80
19440 19441 80
44401 44402 80
31356 31357 80
3448 3449 80
42570 42571 80
21991 39798 80
30508 30509 80
33631 33632 80
37602 37603 80
15618 15619 80
40784 40785 80
30511 30512 80
8948 8949 80
11239 11240 80
7971 7972 80
10460 10461 80
18935 18936 80
30929 30930 80
49067 49068 80
10756 10757 80
510 511 80
4183 4184 80
18942 18943 80
15840 15841 80
19454 27078 80
18676 18677 80
40800 40801 80
4558 4559 80
25582 25583 80
49081 49082 80
33653 33654 80
30529 30530 80
10182 15399 80
45048 45049 80
49808 49809 80
14981 14982 80
28937 28938 80
18680 31118 80
49091 49092 80
40262 40263 80
30136 30137 80
33203 33204 80
23873 23874 80
34105 34106 80
30537 37948 80
6446 6447 80
14555 14556 80
28944 28945 80
33671 33672 80
40827 40828 80
20830 20831 80
12984 42567 80
15849 15850 80
31399 31782 80
35099 35100 80
11249 11250 80
21410 21411 80
31845 31846 80
27425 27426 80
24536 38329 80
43250 43251 80
28952 28953 80
16759 16760 80
45736 45737 80
7221 41793 80
42025 42026 80
1661 1662 80
46416 46417 80
6346 6347 80
42635 42636 80
49857 49858 80
48436 48437 80
4995 4996 80
42030 42031 80
40846 40847 80
4560 46959 80
43264 43265 80
30556 30557 80
12623 12624 80
10771 10772 80
49143 49144 80
4736 35446 80
3880 3881 80
25611 25612 80
37682 37683 80
48454 48455 80
10331 10332 80
25236 25237 80
21138 21139 80
2728 2729 80
13557 13558 80
1242 33351 80
35632 35633 80
35633 35634 80
19763 19764 80
2377 2378 80
13000 13001 80
535 536 80
30996 44374 80
995 996 80
9098 9099 80
39255 39256 80
3135 3136 80
28583 28584 80
7877 7878 80
2381 2382 80
24922 24923 80
37174 37175 80
31888 31889 80
4095 49085 80
40888 40889 80
32350 32351 80
11271 11272 80
3684 9542 80
20873 20874 80
15877 15878 80
24929 24930 80
10942 10943 80
37187 37188 80
8837 8838 80
49193 49194 80
35156 35157 80
17019 17020 80
658 659 80
30603 30604 80
47834 47835 80
48515 48516 80
43935 43936 80
27092 33713 80
1568 1569 80
49207 49208 80
38221 38222 80
7662 7663 80
20302 46871 80
24940 24941 80
36686 36687 80
14191 14192 80
41499 41500 80
33277 33278 80
8464 8465 80
15243 15244 80
42721 42722 80
37214 37215 80
208 209 80
47195 47196 80
1809 1810 80
28620 28621 80
24948 24949 80
48543 48544 80
37748 37749 80
39841 39842 80
15673 15674 80
29825 29826 80
35685 35686 80
36187 36188 80
20584 20585 80
22681 22682 80
41518 41519 80
22363 22364 80
24260 24261 80
4152 4153 80
1195 17990 80
8712 8713 80
25298 25299 80
35199 35200 80
31052 31053 80
22982 22983 80
2778 2779 80
6081 6082 80
25303 25304 80
35707 35708 80
22371 22372 80
3668 3669 81
23243 23244 81
13349 37589 81
18978 18979 81
12565 12566 81
48719 48720 81
38612 38613 81
40612 40613 81
47464 47465 81
35398 35399 81
38614 38615 81
42772 42773 81
46233 46234 81
35401 35402 81
45618 45619 81
18980 18981 81
38142 38143 81
36753 45719 81
14171 14172 81
13999 14000 81
1436 1437 81
45023 45024 81
32881 32882 81
18082 37709 81
5535 5536 81
33701 33702 81
48745 48746 81
40124 40125 81
18744 18745 81
37233 37234 81
43908 43909 81
14679 14680 81
17466 17467 81
43913 43914 81
27688 27689 81
21298 21299 81
23563 23564 81
12129 46563 81
33712 33713 81
32491 32492 81
28040 28041 81
47508 47509 81
42805 43840 81
6278 10745 81
38645 38646 81
46274 46275 81
13665 13666 81
46277 46278 81
2276 2277 81
8729 8730 81
14009 14010 81
36333 36334 81
29084 29085 81
37260 37261 81
43937 43938 81
44507 44508 81
45672 45673 81
16866 16867 81
24771 24772 81
11699 11700 81
31296 31297 81
34548 34549 81
58 59 81
4321 4322 81
34119 34120 81
2354 2355 81
21040 21041 81
43391 43392 81
11420 11421 81
7727 7728 81
14692 14693 81
23870 23871 81
37283 37284 81
41732 41733 81
6912 6913 81
20244 20245 81
35905 35906 81
18333 18334 81
21882 21883 81
33327 33328 81
34137 34138 81
18771 18772 81
41203 41204 81
10232 10233 81
8848 43785 81
17487 17488 81
37768 37769 81
44547 44548 81
23005 23006 81
275 276 81
385 9218 81
25422 25423 81
38217 38218 81
47581 47582 81
18547 36382 81
44557 44558 81
3602 3603 81
35925 35926 81
13517 13518 81
3714 3715 81
19018 19019 81
4201 4202 81
6155 6156 81
46349 46350 81
12294 12295 81
9874 9875 81
20794 20795 81
37784 37785 81
37786 37787 81
36393 36394 81
33351 33352 81
38711 38712 81
14881 14882 81
39208 39209 81
38713 38714 81
7735 7736 81
45747 45748 81
24501 24502 81
204 205 81
14206 14207 81
10873 10874 81
7932 7933 81
27749 27750 81
11870 11871 81
17706 17707 81
41250 41251 81
8325 8326 81
5086 5087 81
2307 2308 81
45763 45764 81
30955 30956 81
40218 40219 81
30580 30581 81
8328 8329 81
10748 10749 81
8749 8750 81
16903 45432 81
35067 35068 81
7933 40110 81
29522 29523 81
23916 23917 81
6571 6572 81
6160 6161 81
15624 15625 81
39249 39250 81
46405 46406 81
3127 49667 81
43476 43477 81
45785 45786 81
35077 35078 81
12024 12025 81
6366 6367 81
7653 31782 81
5026 5027 81
19526 19527 81
15803 15804 81
42390 42391 81
7316 7317 81
4125 4126 81
40254 40255 81
42393 43603 81
10758 33425 81
2837 2838 81
36897 40010 81
21934 21935 81
41845 41846 81
28819 28820 81
7844 7845 81
33404 33405 81
30613 30614 81
41851 41852 81
19058 19059 81
487 488 81
20551 20552 81
34649 34650 81
1242 30735 81
20044 20045 81
18160 18161 81
47070 47071 81
28829 28830 81
42419 42420 81
48943 48944 81
35997 35998 81
19064 19065 81
45825 45826 81
25795 25796 81
39788 39789 81
7017 7018 81
1366 1367 81
19808 19809 81
29915 29916 81
30258 30259 81
47089 47090 81
28156 28157 81
43527 43528 81
25487 43697 81
11897 11898 81
22513 22514 81
10768 10769 81
41882 41883 81
19542 19543 81
2495 2496 81
2171 19570 81
10024 10025 81
17333 17334 81
11190 11191 81
36940 36941 81
25499 25500 81
19074 19075 81
36482 36483 81
38803 38804 81
17538 40852 81
11047 11048 81
43550 43551 81
81 82 81
33445 33446 81
12631 12632 81
14242 14243 81
25507 25508 81
49648 49649 81
12192 12193 81
15472 15473 81
29582 29583 81
16382 16383 81
5882 5883 81
47142 47143 81
23383 23384 81
35601 35602 81
45283 45284 81
29591 29592 81
23085 23086 81
27494 27495 81
21142 37574 81
34261 34262 81
35609 35610 81
600 601 81
17349 17350 81
24578 24579 81
16209 16210 81
19566 19567 81
3035 3036 81
7327 34668 81
71 72 81
29608 29609 81
19573 19574 81
23988 23989 81
21417 21418 81
10278 25915 81
7589 7590 81
6722 6723 81
17971 17972 81
32666 32667 81
48412 48413 81
37917 37918 81
9007 9008 81
30688 30689 81
13903 13904 81
18413 18414 81
14589 14590 81
25543 25544 81
5146 5147 81
24000 24001 81
36543 36544 81
616 617 81
24598 24599 81
26841 26842 81
20093 20094 81
41421 41422 81
37011 37012 81
39882 39883 81
48434 48435 81
26510 26511 81
9798 9799 81
33087 33088 81
8896 8897 81
20351 20352 81
16583 16584 81
11209 11210 81
43640 43641 81
26851 26852 81
13272 30792 81
25560 25561 81
20621 20622 81
45962 45963 81
8260 8261 81
25873 25874 81
796 797 81
22575 22576 81
35218 35219 81
25231 25232 81
8157 8158 81
32298 32299 81
25233 25234 81
7771 21396 81
5246 5247 81
49754 49755 81
19120 19121 81
14773 14774 81
31110 31111 81
49760 49761 81
15322 44760 81
37962 39604 81
6867 6868 81
31905 31906 81
16598 16599 81
26211 44008 81
27892 27893 81
14428 14429 81
30733 30734 81
1627 1628 81
30372 30373 81
37058 37059 81
8904 8905 81
12509 12510 81
34342 34343 81
11640 11641 81
17592 17593 81
48503 48504 81
26549 26550 81
8906 8907 81
18228 18229 81
48507 48508 81
18230 18231 81
18662 18663 81
3894 3895 81
44258 44259 81
7682 7683 81
33959 33960 81
8478 8479 81
4567 4568 81
44265 44266 81
38960 38961 81
33151 33152 81
44273 44274 81
6596 6597 81
29311 29312 81
34365 34366 81
7517 7518 81
12824 12825 81
19629 19630 81
10426 10427 81
6319 6320 81
26906 26907 81
4020 4021 81
28967 28968 81
23168 23169 81
24977 24978 81
18457 18458 81
31541 31542 81
31952 31953 81
17001 17002 81
25284 25285 81
48553 48554 81
9591 9592 81
43743 43744 81
19156 19157 81
43194 43195 81
12985 48210 81
7521 7522 81
2582 2583 81
9828 9829 81
30058 30059 81
47933 47934 81
37110 37111 81
23768 34590 81
38994 38995 81
23177 23178 81
5364 5365 81
42638 42639 81
6879 6880 81
49855 49856 81
28988 28989 81
9946 9947 81
14460 14461 81
42643 42644 81
10558 42982 81
9711 9712 81
45475 45476 81
49864 49865 81
19654 19655 81
11240 11241 81
19914 19915 81
5682 5683 81
36210 36211 81
18689 18690 81
21503 40724 81
3934 3935 81
19661 19662 81
10828 10829 81
1250 1251 81
36220 36221 81
41554 41555 81
18934 18935 81
47346 47347 81
431 432 81
30435 30436 81
6672 6673 81
5959 42286 81
27625 27626 81
41028 41029 81
47357 47358 81
28660 28661 81
29739 29740 81
47361 47362 81
42675 42676 81
43791 43792 81
43792 43793 81
5737 5738 81
37613 37614 81
37142 37143 81
44928 44929 81
46761 46762 81
32407 32408 81
6544 6545 81
30092 48303 81
6545 6546 81
47374 47375 81
30447 30448 81
37621 37622 81
43804 43805 81
34439 49906 81
31586 31587 81
40536 45896 81
20702 20703 81
7894 22277 81
18036 20633 81
41051 41052 81
5737 45261 81
48648 48649 81
40045 40046 81
13477 13478 81
21809 21810 81
41059 41060 81
1688 1689 81
18706 18707 81
15730 22087 81
43270 43271 81
17038 17039 81
46789 46790 81
36707 36708 81
36708 36709 81
13638 13639 81
37642 37643 81
6131 6132 81
14658 14659 81
30462 30463 81
17640 17641 81
2796 2797 81
18959 18960 81
37651 37652 81
6013 6014 81
5790 5791 81
25345 25346 81
27652 27653 81
17241 17242 81
19434 19435 81
36274 36275 81
24721 24722 81
31622 31623 81
1465 27011 81
7544 7545 81
30478 30479 81
3595 3596 81
44985 44986 81
8097 26603 81
12860 12861 81
8099 8100 81
13025 13026 81
9507 9508 81
42748 42749 81
28010 28011 81
4620 4621 81
6982 6983 81
36741 36742 81
14495 14496 81
9855 9856 81
28365 28366 81
41654 41655 81
46218 46219 81
37211 37212 81
35844 35845 81
24573 24574 82
750 751 82
41656 41657 82
43329 43330 82
21462 21463 82
36235 36236 82
46222 46223 82
5596 5597 82
1478 1479 82
2196 2197 82
45609 45610 82
13635 13636 82
6758 47162 82
35771 35772 82
48098 48099 82
47461 47462 82
33124 33125 82
19741 19742 82
9273 32720 82
49365 49366 82
49366 49367 82
405 24778 82
7381 7382 82
12864 12865 82
15317 15318 82
34862 34863 82
32716 32717 82
42239 42240 82
31080 31081 82
31467 31468 82
43910 43911 82
38128 38129 82
41147 41148 82
317 318 82
45638 45639 82
1792 1793 82
7560 7561 82
16949 16950 82
4115 4116 82
28528 28529 82
25840 25841 82
39111 39112 82
31478 31479 82
23709 23710 82
9716 9717 82
29623 29624 82
34882 34883 82
11173 11174 82
7646 7647 82
7224 7241 82
13186 13187 82
1310 1311 82
49411 49412 82
30342 30343 82
47513 47514 82
28214 28215 82
46282 46283 82
34898 34899 82
49421 49422 82
48777 48778 82
24610 24611 82
45671 45672 82
25227 25228 82
20714 20715 82
34904 34905 82
14159 14160 82
35823 35824 82
15334 43916 82
9286 9287 82
31114 31115 82
31507 31508 82
17369 17370 82
5603 5604 82
45085 45086 82
30358 30359 82
34914 34915 82
36768 36769 82
19777 19778 82
8885 8886 82
6998 6999 82
20982 20983 82
37731 37732 82
3425 3426 82
24318 24319 82
677 678 82
46318 46319 82
3039 3040 82
24321 24322 82
8285 8286 82
5295 5296 82
35850 35851 82
10077 10078 82
5296 5297 82
9 10 82
46949 46950 82
26533 32233 82
36323 36324 82
32779 32780 82
48203 48204 82
20486 20487 82
25886 25887 82
24328 29326 82
7155 10036 82
40185 40186 82
45127 45128 82
12155 12156 82
31146 31147 82
25261 25262 82
8203 8204 82
964 965 82
22613 22614 82
42341 42342 82
19546 19547 82
30027 30028 82
10670 39409 82
9304 9305 82
15009 15010 82
46982 46983 82
48852 48853 82
10432 10433 82
109 110 82
33221 33222 82
26552 26553 82
4160 4161 82
1469 1470 82
22329 22330 82
22626 22627 82
39724 39725 82
42359 42360 82
21009 21010 82
20257 20258 82
28953 28954 82
10677 10678 82
9743 9744 82
11331 11332 82
41802 41803 82
42919 42920 82
40737 40738 82
32401 32402 82
40215 40216 82
47010 47011 82
36362 48066 82
33234 33235 82
11889 11890 82
39217 39218 82
4594 4595 82
39741 39742 82
21526 21527 82
20504 20505 82
49541 49542 82
28608 28609 82
17203 17204 82
27921 27922 82
40752 40753 82
34077 34078 82
36376 36377 82
31179 31180 82
28277 28278 82
23185 23186 82
22911 26999 82
14514 14515 82
4370 4371 82
29334 29335 82
41844 41845 82
220 221 82
15367 15368 82
22082 22083 82
42405 42406 82
31190 31191 82
22350 22351 82
4198 23620 82
45201 45202 82
42408 42409 82
9635 9636 82
9007 22336 82
30800 30801 82
10092 10093 82
33257 33258 82
3537 3538 82
3539 3540 82
33261 33262 82
18264 18265 82
25309 25310 82
40268 40269 82
14033 14034 82
46443 46444 82
11216 11217 82
1635 1636 82
17018 17019 82
44659 44660 82
28644 28645 82
3107 3108 82
29361 29362 82
49607 49608 82
8401 8402 82
4961 4962 82
31224 31225 82
33280 33281 82
18037 18038 82
47694 47695 82
32456 32457 82
11759 11760 82
25942 25943 82
35490 35491 82
36904 36905 82
17024 17025 82
17225 27559 82
3998 8666 82
15037 15038 82
3324 3325 82
6213 6214 82
5140 5141 82
33292 33293 82
47710 47711 82
48977 48978 82
44688 44689 82
33293 33294 82
29379 29380 82
20293 20294 82
5566 5567 82
9330 9331 82
5199 5200 82
10833 10834 82
8317 8318 82
31248 31249 82
35514 35515 82
44127 44128 82
28323 28324 82
11105 11106 82
21060 21061 82
16660 16661 82
6861 6862 82
35522 35523 82
27982 27983 82
38821 38822 82
35524 35525 82
44717 44718 82
22960 22961 82
20809 20810 82
49671 49672 82
33317 33318 82
16662 16663 82
4246 4247 82
19377 19378 82
3879 3880 82
19168 19169 82
33324 33325 82
44153 44154 82
2158 2159 82
11637 11638 82
22408 22409 82
15577 15578 82
41399 41400 82
33329 33330 82
17047 17048 82
31271 31272 82
15053 15054 82
38843 38844 82
43069 43070 82
35087 35088 82
24738 24739 82
24428 24429 82
41962 41963 82
29046 29047 82
17248 17249 82
18955 18956 82
20316 20317 82
38857 38858 82
4760 16626 82
26988 26989 82
29790 29791 82
21596 21597 82
15581 15582 82
48421 48422 82
46568 46569 82
21878 21879 82
31674 31675 82
16299 16300 82
6145 6146 82
38870 38871 82
22145 22146 82
15405 15406 82
23269 23270 82
39389 39390 82
37920 37921 82
23857 23858 82
43650 43651 82
27676 27677 82
1039 42660 82
5148 5149 82
36993 36994 82
49079 49080 82
22149 22150 82
8139 8140 82
10239 10240 82
14725 14726 82
13111 13112 82
30166 30167 82
28032 28033 82
43666 43667 82
28721 28722 82
13734 46597 82
13892 13893 82
2115 26110 82
17267 17268 82
43672 43673 82
33809 33810 82
48475 48476 82
13268 13269 82
48477 48478 82
43130 43131 82
40406 40407 82
8632 8633 82
79 80 82
11380 11381 82
37013 37014 82
3844 3845 82
37489 37490 82
11795 11796 82
37949 37950 82
20110 20111 82
37494 37495 82
23289 23290 82
11796 11797 82
31327 31328 82
17893 17894 82
13906 13907 82
12079 12080 82
30550 30551 82
39931 39932 82
19893 19894 82
6878 6879 82
35153 35154 82
28398 28399 82
27380 27381 82
25416 25417 82
25106 25107 82
49140 49141 82
26697 26698 82
17076 17077 82
43715 43716 82
29847 29848 82
25735 42426 82
4765 4766 82
28066 28067 82
32572 32573 82
47892 47893 82
35167 35168 82
44848 44849 82
23303 23304 82
46668 46669 82
12369 12370 82
45435 45436 82
34248 34249 82
21643 21644 82
25739 25740 82
46047 48907 82
37524 37525 82
11525 11526 82
33851 33852 82
33000 33001 82
24488 24489 82
29491 29492 82
43740 43741 82
2878 2879 82
18121 18122 82
13288 13289 82
49842 49843 82
11253 11254 82
31751 31752 82
15267 15268 82
14751 14752 82
49182 49183 82
11944 26440 82
5583 5584 82
8436 8437 82
17292 24053 82
1895 1896 82
24198 24199 82
36129 36130 82
26062 26063 82
20618 20619 82
7442 7443 82
1933 1934 82
23325 23326 82
11810 11811 82
10254 10255 82
17096 17097 82
33880 33881 82
4713 4714 82
30231 30232 82
20143 20144 82
36608 36609 82
27421 27422 82
46107 46108 82
35676 35677 82
28788 28789 82
46112 46113 82
39504 39505 82
9905 9906 82
32215 32216 82
22203 22204 82
23920 23921 82
21401 21402 82
12096 12097 82
39512 39513 82
14267 14268 82
42672 42673 82
47975 47976 82
3689 3690 82
18567 18568 82
6816 6817 82
47359 47360 82
15282 21006 82
7705 7706 82
16904 44284 82
17517 17518 82
19697 19698 82
19240 44957 82
15998 15999 82
1805 1806 82
16728 16729 82
8546 8547 82
40528 40529 82
34315 34316 82
2397 29251 82
28821 28822 82
38530 38531 82
23942 23943 82
40033 40034 82
47381 47382 82
32244 32245 82
45530 45531 82
17116 17117 82
9471 9472 82
20169 46392 82
7210 7211 82
28138 28139 82
43277 43278 82
34802 34803 82
36184 36185 82
26764 26765 82
23070 23071 82
17946 17947 82
24864 24865 82
42166 42167 82
42717 42718 82
6401 6402 82
10503 10504 82
1091 1092 82
19479 19480 82
33506 33507 82
44966 44967 82
4923 4924 82
42181 42182 82
42182 42183 82
18808 18809 82
17124 17125 82
21711 21712 82
21712 21713 82
14283 14284 82
1602 9533 82
44415 44416 82
30656 30657 82
35275 35276 82
42739 42740 82
7290 7291 82
23676 23677 82
9812 9813 82
10631 41736 82
7992 7993 82
49317 49318 82
30296 44927 82
18174 18175 82
15655 15656 82
28497 28498 82
158 159 82
13009 13010 82
49994 49995 82
37647 37648 82
6028 6029 82
45595 45596 82
49313 49314 83
6996 46134 83
14079 14080 83
19731 19732 83
46736 46737 83
12732 12733 83
22070 22071 83
31754 31755 83
49327 49328 83
30551 30552 83
2678 2679 83
30950 30951 83
24668 24669 83
24065 24066 83
9750 9751 83
16080 16081 83
9254 9255 83
29836 46423 83
35289 35290 83
40231 40232 83
17261 17262 83
13899 13900 83
13733 13734 83
41345 41346 83
16852 16853 83
48043 48044 83
17900 28295 83
47398 47399 83
34835 34836 83
29846 29847 83
49362 49363 83
30965 30966 83
39729 39730 83
22348 22349 83
28381 28382 83
28030 28031 83
11374 11375 83
29853 44493 83
16087 16088 83
46139 46140 83
6257 6258 83
36263 36264 83
5119 5120 83
1647 1648 83
2716 2717 83
20484 20485 83
34364 34365 83
4955 4956 83
44886 44887 83
48725 48726 83
30588 30589 83
18137 48179 83
25331 25332 83
33950 33951 83
36278 36279 83
22928 22929 83
34372 34373 83
23503 23504 83
30593 30594 83
27685 27686 83
3183 39858 83
3403 3404 83
26981 26982 83
23507 23508 83
1102 1103 83
48094 48095 83
33105 33106 83
21280 21281 83
29876 29877 83
43157 43158 83
2680 42822 83
37746 37747 83
767 31831 83
3565 3566 83
37750 37751 83
3726 3727 83
16475 16476 83
2379 36298 83
450 451 83
44919 44920 83
25671 25672 83
37271 37272 83
37272 37273 83
16284 16285 83
20007 20008 83
17495 17496 83
27003 27004 83
4156 4157 83
25349 25350 83
9154 9155 83
5764 5765 83
20770 20771 83
46200 46201 83
2608 2609 83
31016 31017 83
35362 35363 83
33132 33133 83
31840 31841 83
3011 3012 83
44348 44349 83
47481 47482 83
41425 41426 83
12286 14413 83
3570 3571 83
33571 37141 83
4344 4345 83
39275 39276 83
4611 4612 83
34911 34912 83
28087 28088 83
43202 43203 83
8188 8189 83
21566 21567 83
32287 32288 83
37303 37304 83
28790 28791 83
42609 42610 83
26335 26336 83
41444 41445 83
21568 21569 83
36331 36332 83
42614 42615 83
13935 13936 83
22691 22692 83
3462 3463 83
36820 36821 83
293 294 83
36822 36823 83
23241 23242 83
7787 7788 83
2480 2481 83
28800 28801 83
3240 3241 83
23247 23248 83
23834 23835 83
30646 30647 83
8937 8938 83
17101 17102 83
13942 13943 83
4107 4108 83
38284 38285 83
24136 24137 83
27041 27042 83
46906 46907 83
8938 8939 83
37332 37333 83
30285 30759 83
12455 12456 83
22412 22413 83
44998 44999 83
19307 19308 83
49525 49526 83
6746 6747 83
132 133 83
1145 1146 83
14132 14133 83
20039 20040 83
4111 4112 83
35897 35898 83
9537 9538 83
20800 20801 83
12461 12462 83
15937 15938 83
47565 47566 83
38811 38812 83
48223 48224 83
5382 5383 83
49543 49544 83
8946 8947 83
44436 44437 83
1581 1582 83
21599 21600 83
38819 38820 83
26712 26713 83
37843 37844 83
1808 15642 83
24776 46916 83
5779 5780 83
10583 10584 83
46303 46304 83
25412 25413 83
40399 40400 83
30686 30687 83
22999 23000 83
38327 38328 83
36878 36879 83
29592 29593 83
21078 21079 83
19102 19103 83
28144 28145 83
31917 31918 83
15211 15212 83
32780 32781 83
15759 15760 83
8720 8721 83
34513 34514 83
37383 37384 83
6109 39607 83
33223 33224 83
7513 7514 83
21092 21093 83
48268 48269 83
7513 19267 83
5471 5472 83
30324 30325 83
30325 30326 83
24794 24795 83
19572 19573 83
44483 44484 83
19113 19114 83
21351 21352 83
38863 38864 83
18644 18645 83
11579 11580 83
14499 14500 83
47633 47634 83
31514 31515 83
32375 32376 83
17336 17337 83
10722 10723 83
25124 25125 83
40992 42578 83
15222 15223 83
38875 38876 83
28173 28174 83
42735 42736 83
28870 28871 83
1631 1632 83
5549 5550 83
24494 24495 83
34549 34550 83
35965 35966 83
17136 17137 83
225 226 83
32391 32392 83
13134 13135 83
34554 34555 83
43928 43929 83
1204 1205 83
12484 12485 83
47029 47030 83
18657 18658 83
42177 42178 83
1784 1785 83
44530 44531 83
6116 6117 83
21644 21645 83
30359 30360 83
23900 23901 83
30361 30362 83
4839 4840 83
8849 29281 83
41596 41597 83
23609 23610 83
37912 37913 83
47680 47681 83
14512 14513 83
41600 41601 83
2355 2356 83
32836 32837 83
354 355 83
37441 37442 83
958 959 83
16546 16547 83
23615 23616 83
39968 39969 83
26444 26445 83
41613 41614 83
5558 5559 83
24213 24214 83
34582 34583 83
35528 35529 83
15976 15977 83
6504 6505 83
17790 17791 83
3426 26403 83
38930 38931 83
46429 46430 83
34135 38030 83
30382 30383 83
20585 20586 83
16358 16359 83
20865 20866 83
47712 47713 83
4060 4061 83
8423 8424 83
20869 20870 83
9088 9089 83
9694 9695 83
35074 35075 83
36985 36986 83
27139 27140 83
47729 47730 83
35081 35082 83
32434 32435 83
32005 32006 83
35555 35556 83
22213 22214 83
10882 10883 83
23346 23347 83
14878 14879 83
47745 47746 83
8860 8861 83
34616 34617 83
15253 15254 83
44606 44607 83
8425 8426 83
4779 4780 83
47123 47124 83
38973 38974 83
9095 9096 83
2942 2943 83
633 634 83
31196 31197 83
19880 19881 83
5097 36479 83
49757 49758 83
45836 45837 83
47139 47140 83
38983 38984 83
29314 29315 83
3297 3298 83
41686 41687 83
9958 49885 83
8235 8236 83
27169 27170 83
13833 13834 83
22808 22809 83
35592 35593 83
24878 24879 83
18259 18260 83
20122 20123 83
1515 1516 83
620 621 83
22239 22240 83
31216 31217 83
88 89 83
42296 42297 83
19175 19176 83
23667 23668 83
30810 30811 83
44646 44647 83
26828 26829 83
2667 2668 83
20373 20374 83
45869 45870 83
12521 12522 83
49792 49793 83
42307 42308 83
49794 49795 83
8878 8879 83
29338 29339 83
16010 16011 83
680 681 83
41148 41149 83
17192 42474 83
45886 45887 83
11622 11623 83
45256 45257 83
19407 19408 83
4073 4074 83
18709 18710 83
12369 15642 83
20141 20142 83
41730 41731 83
27200 27201 83
12688 12689 83
16588 16589 83
28624 28625 83
29355 29356 83
9347 9348 83
33808 33809 83
26179 26180 83
46567 46568 83
8764 9095 83
6326 6327 83
9353 32089 83
44687 44688 83
40624 40625 83
9228 22564 83
27214 27215 83
42348 42349 83
30852 30853 83
65 66 83
40631 40632 83
39040 39041 83
34704 34705 83
26524 26525 83
32092 32093 83
35175 35176 83
11066 11067 83
39590 39591 83
14916 14917 83
34238 34239 83
40113 40114 83
48527 48528 83
27220 27221 83
41200 41201 83
38544 38545 83
11489 11490 83
34715 34716 83
49869 49870 83
11490 11491 83
42378 42379 83
24601 24602 83
66 67 83
44723 44724 83
30118 30119 83
11783 21029 83
30482 30483 83
31675 31676 83
39064 39065 83
30483 30484 83
44128 44129 83
39066 39067 83
2278 2279 83
4131 4132 83
26203 35647 83
236 237 83
48559 48560 83
8772 8773 83
2104 2105 83
37599 37600 83
18069 18070 83
43561 43562 83
49213 49214 83
38063 38064 83
12867 12868 83
25574 25575 83
45350 45351 83
11791 11792 83
5505 35130 83
25247 25248 83
19220 19221 83
15485 15486 83
14577 14578 83
42412 42413 83
22293 49962 83
2105 2106 83
3833 47543 83
11079 11080 83
11504 11505 83
14058 14059 83
41248 41249 83
47935 47936 83
3040 3041 83
30513 30514 83
6987 6988 83
26229 26230 83
19230 19231 83
49251 49252 83
40165 40166 83
9611 9612 83
49255 49256 83
35703 35704 83
43025 43026 83
48607 48608 83
8459 8460 83
40705 40706 83
41263 41264 83
18763 18764 83
32579 32580 83
32580 32581 83
37636 37637 83
41272 41273 83
39664 39665 83
36183 36184 83
12399 35598 83
44793 44794 83
26916 26917 83
26572 26573 83
6062 37515 83
2500 2501 83
11805 11806 83
61 62 83
16637 16638 83
3043 3044 83
20445 20446 83
45410 45411 83
43627 43628 83
4947 4948 83
19470 31088 83
23457 23458 83
17879 17880 83
3955 3956 83
12568 12569 83
9494 9495 83
36688 36689 83
36691 36692 83
24658 24659 83
13228 13229 83
47351 47352 83
43065 46638 83
16449 16450 83
32609 32610 83
33044 33045 83
44230 44231 83
21960 21961 84
37990 37991 84
45738 45739 84
7645 7646 84
14804 14805 84
39899 39900 84
39900 39901 84
9373 9374 84
1217 32544 84
7286 7287 84
23048 23049 84
10721 10722 84
24476 24477 84
32115 32116 84
45753 45754 84
21432 21433 84
43019 43020 84
28871 28872 84
41951 41952 84
27871 49207 84
20670 20671 84
21969 21970 84
36668 36669 84
44644 44645 84
292 18469 84
38468 38469 84
5569 5570 84
32126 32127 84
40402 40403 84
22791 37650 84
46977 46978 84
25679 25680 84
35795 35796 84
41434 41435 84
3496 3497 84
8608 38946 84
36679 36680 84
37588 37589 84
28224 28225 84
153 154 84
11405 11406 84
33296 39481 84
9382 9383 84
8127 8128 84
15328 15329 84
5826 5827 84
5070 5071 84
47000 47001 84
25391 25392 84
18838 18839 84
8825 8826 84
31744 31745 84
14824 14825 84
47595 47596 84
13401 13402 84
48208 48209 84
8616 8617 84
48819 48820 84
39472 39473 84
3535 3536 84
8225 8226 84
36264 36265 84
15510 15511 84
25405 25406 84
16055 16056 84
43080 43081 84
34109 44463 84
9501 9502 84
9050 9051 84
13865 13866 84
25119 25120 84
26624 26625 84
17571 17572 84
49465 49466 84
14835 14836 84
27913 29858 84
9391 9392 84
44158 44159 84
26949 26950 84
48846 48847 84
5183 5184 84
27916 27927 84
35845 35846 84
31778 31779 84
39499 39500 84
34545 34546 84
23086 23087 84
37180 45348 84
42568 42569 84
18209 18210 84
28585 28586 84
29985 29986 84
48862 48863 84
20225 20226 84
15177 15178 84
42574 42575 84
19771 19772 84
429 430 84
12384 12385 84
42 1695 84
35427 35428 84
33355 33356 84
851 852 84
16604 40899 84
45290 45291 84
35868 35869 84
26337 26338 84
27612 27613 84
7218 7219 84
27942 27943 84
15694 20947 84
35437 35438 84
28283 28284 84
8324 8325 84
43142 43143 84
7482 9353 84
43144 43145 84
22277 23080 84
29666 29667 84
47094 47095 84
8726 8727 84
38571 38572 84
15187 15188 84
18225 18226 84
40512 40513 84
32986 32987 84
20728 20729 84
36767 36768 84
18227 18228 84
49542 49543 84
1070 1071 84
32601 32602 84
13567 13568 84
4568 21866 84
11292 11293 84
1330 1331 84
27305 27306 84
28969 28970 84
35460 35461 84
42093 42094 84
44783 44784 84
19553 19554 84
26661 26662 84
43703 43704 84
11023 49609 84
12118 30095 84
14216 14217 84
38129 38130 84
33797 33798 84
6098 6099 84
49570 49571 84
20741 20742 84
13275 13276 84
8526 8527 84
5250 5251 84
34610 34611 84
43718 43719 84
32622 32623 84
29333 29334 84
14221 31572 84
36798 36799 84
4046 4047 84
6335 6336 84
20999 21000 84
36803 36804 84
36362 36363 84
9762 9763 84
14226 14227 84
22051 22052 84
49595 49596 84
40561 40562 84
5913 5914 84
7582 7583 84
48965 48966 84
10897 10898 84
10263 10264 84
59 60 84
43210 43211 84
15378 15379 84
22877 22878 84
48364 48365 84
44285 44286 84
19137 19138 84
48367 48368 84
35940 35941 84
39101 39102 84
47755 47756 84
47177 47178 84
17614 17615 84
19818 19819 84
3604 3605 84
21013 21014 84
576 577 84
12001 12002 84
15556 15557 84
27996 27997 84
20768 20769 84
31120 31121 84
38642 48162 84
36392 36393 84
49001 49002 84
16828 16829 84
23731 23732 84
30753 30754 84
33842 33843 84
31492 31493 84
46603 46604 84
11040 11041 84
36847 36848 84
6580 6581 84
4489 4490 84
49016 49017 84
33449 33450 84
42169 42170 84
6736 6737 84
19363 19364 84
21537 21538 84
8856 8857 84
868 869 84
29741 29742 84
4404 4405 84
5260 5261 84
15227 15228 84
27048 27049 84
899 900 84
22345 22346 84
28024 28025 84
6662 6663 84
35113 35114 84
46034 46035 84
40627 40628 84
17238 17239 84
25517 25518 84
6902 6903 84
26426 26427 84
8973 8974 84
22912 22913 84
31522 31523 84
41665 41666 84
21042 21043 84
16114 42963 84
14247 14248 84
47835 47836 84
20793 20794 84
40644 40645 84
47839 47840 84
30441 30442 84
13923 13924 84
3719 3720 84
9308 9309 84
36002 36003 84
49710 49711 84
35569 35570 84
16291 42457 84
28712 28713 84
42227 42228 84
30799 30800 84
15240 15241 84
20305 20306 84
26447 26448 84
46682 46683 84
46083 46084 84
42758 42759 84
36909 36910 84
18503 18504 84
28719 28720 84
6269 6270 84
36017 36018 84
49738 49739 84
36020 36021 84
17653 17654 84
22108 22109 84
13314 13315 84
5145 5146 84
33510 33511 84
7157 7158 84
8759 8760 84
17659 17660 84
13018 13019 84
5029 5030 84
42780 42781 84
2892 12151 84
686 687 84
27739 27740 84
18306 18307 84
35605 35606 84
3013 3014 84
47893 47894 84
44413 44414 84
27741 27742 84
6119 6120 84
27745 27746 84
28081 28082 84
19409 19410 84
6445 6446 84
45528 45529 84
23800 23801 84
2694 7866 84
40202 40203 84
13175 13176 84
967 968 84
19647 19648 84
2987 2988 84
35191 35192 84
12172 12173 84
3972 24997 84
31227 31228 84
12174 12175 84
46155 46156 84
18102 18103 84
16877 16878 84
8570 8571 84
42300 42301 84
43371 43372 84
16322 16323 84
38776 38777 84
21606 21607 84
4372 4373 84
33161 33162 84
1485 1486 84
24678 24679 84
32772 32773 84
35209 35210 84
47353 47354 84
39270 43673 84
27775 27776 84
2614 2615 84
4824 35243 84
43923 43924 84
47953 47954 84
8185 8186 84
17088 17089 84
40241 40242 84
7261 18653 84
4876 22258 84
14124 14125 84
1513 1514 84
21114 37871 84
27787 27788 84
42859 42860 84
49190 49191 84
24395 24396 84
21624 21625 84
3654 3655 84
6061 6062 84
46195 46196 84
33188 33189 84
15974 15975 84
22436 22437 84
9113 9114 84
7538 7539 84
8479 8480 84
20872 20873 84
15448 15449 84
22729 22730 84
23840 23841 84
29860 29861 84
270 271 84
16341 16342 84
12897 12898 84
15625 15626 84
13355 13356 84
15284 15285 84
24417 24418 84
45041 45042 84
13203 13204 84
36572 36573 84
4682 4683 84
49870 49871 84
34387 34388 84
222 223 84
28813 28814 84
6932 6933 84
8287 8288 84
8486 17277 84
48014 48015 84
27165 27166 84
38370 38371 84
9016 41332 84
47422 47423 84
48638 48639 84
32827 32828 84
34841 41861 84
39336 41047 84
34842 34843 84
5356 5357 84
33617 33618 84
16922 16923 84
49257 49258 84
3243 3244 84
26222 26223 84
40308 40309 84
45655 45656 84
31660 31661 84
32834 32835 84
727 728 84
11245 11246 84
42930 42931 84
18151 18152 84
32841 32842 84
5292 5293 84
17323 17324 84
12068 12069 84
11381 11382 84
33634 33635 84
38871 38872 84
19037 19038 84
28491 28492 84
21406 21407 84
44014 44015 84
20399 20400 84
15646 15647 84
36610 36611 84
33640 33641 84
23305 23306 84
32466 32467 84
30235 30236 84
36615 36616 84
37068 37069 84
20646 20647 84
1010 1011 84
30584 30585 84
29552 29553 84
41899 41900 84
47476 47477 84
36621 36622 84
30946 30947 84
44586 44587 84
47482 47483 84
18 21649 84
46299 46300 84
24165 24166 84
25653 25654 84
34438 34439 84
806 807 84
19715 19716 84
45139 45140 84
598 599 84
49972 49973 84
21950 21951 84
33256 33257 84
42447 42448 84
29196 29197 84
12783 12784 84
34447 34448 84
5000 5001 84
37550 37551 84
33663 33664 84
26562 26563 84
46321 46322 84
22490 22491 84
5064 5065 84
30962 30963 84
6015 7957 84
48128 48129 84
17537 17538 84
46932 46933 84
28202 28203 84
21787 21788 85
1064 1065 85
29560 29561 85
39811 39812 85
25730 25731 85
26614 26615 85
18693 18694 85
21790 21791 85
37055 37056 85
31668 31669 85
49381 49382 85
47543 47544 85
8612 8613 85
20402 20403 85
20189 20190 85
17139 17140 85
22268 22269 85
38400 38401 85
6177 6178 85
19768 19769 85
26327 26328 85
34885 34886 85
46965 46966 85
11716 11717 85
46350 46351 85
49402 49403 85
9137 9138 85
46353 46354 85
14635 14636 85
30253 30254 85
7892 7893 85
37964 37965 85
11095 11096 85
19548 19549 85
12962 12963 85
37969 37970 85
12116 12117 85
36190 36191 85
39378 39379 85
18510 49054 85
24085 24086 85
28251 28252 85
10621 10622 85
43005 43006 85
39383 39384 85
22542 22543 85
48808 48809 85
40343 40344 85
9054 9055 85
21111 21112 85
30268 30269 85
18712 18713 85
6838 6839 85
38436 38437 85
8619 8620 85
16970 16971 85
35773 35774 85
6970 6971 85
21118 21119 85
7106 7107 85
11862 11863 85
34917 34918 85
4693 4694 85
8703 8704 85
46400 46401 85
46401 46402 85
21347 21348 85
28919 28920 85
43566 43567 85
5430 5431 85
10202 10203 85
15772 15773 85
35350 35351 85
48233 48234 85
31722 31723 85
48848 48849 85
31723 31724 85
19160 19161 85
33300 33301 85
21834 21835 85
38931 38932 85
20437 20438 85
27951 27952 85
45240 45241 85
30294 30295 85
23314 23315 85
47044 47045 85
49489 49490 85
30991 30992 85
44134 44135 85
32139 32140 85
29628 29629 85
20440 20441 85
4856 29489 85
26998 26999 85
8061 8062 85
4257 4258 85
26071 26072 85
27644 27645 85
7819 7820 85
12135 12136 85
26076 26077 85
44713 44714 85
19806 19807 85
43608 43609 85
26077 44178 85
19582 19583 85
21846 21847 85
39442 39443 85
5814 5815 85
19584 19585 85
10636 10637 85
24958 24959 85
7309 7310 85
40913 40914 85
14506 39206 85
17175 17176 85
35395 35396 85
10750 10751 85
40415 40416 85
1252 1253 85
10530 10531 85
47090 47091 85
2976 2977 85
12843 12844 85
15309 17609 85
31771 31772 85
45881 45882 85
23344 23345 85
44184 44185 85
34138 34139 85
630 631 85
42559 42560 85
35412 35413 85
49553 49554 85
29665 29666 85
25809 25810 85
48315 48316 85
32190 32191 85
33359 33360 85
46503 46504 85
10215 46498 85
23350 23351 85
28977 42913 85
30678 35624 85
5339 5340 85
17192 17193 85
2649 2650 85
44207 44208 85
25249 25250 85
29678 29679 85
47717 47718 85
27367 27368 85
14830 15839 85
1859 1860 85
30351 30352 85
22859 47713 85
19395 19396 85
30353 30354 85
12152 12153 85
35880 35881 85
45929 45930 85
16827 16828 85
13304 13305 85
4866 4867 85
4445 35105 85
5878 5879 85
47744 47745 85
23369 23370 85
30028 30029 85
28017 28018 85
35032 35033 85
35454 35455 85
8900 8901 85
14841 14842 85
13311 13312 85
41523 41524 85
29006 29007 85
10020 10021 85
37 20475 85
31083 31084 85
11508 11509 85
14847 14848 85
13162 13163 85
49000 49001 85
45965 45966 85
26131 26132 85
47775 47776 85
30383 30384 85
15658 15659 85
31841 31842 85
21420 21421 85
26453 26454 85
15177 16207 85
33422 33423 85
17035 17036 85
3034 3035 85
22885 22886 85
7613 41382 85
44277 44278 85
35934 35935 85
6262 8376 85
6743 6744 85
34630 34631 85
12730 12731 85
36811 36812 85
15995 15996 85
28048 28049 85
25024 25025 85
7549 25996 85
21201 21202 85
13173 13174 85
46614 46615 85
25865 25866 85
7327 7328 85
39081 39082 85
27738 27739 85
25594 25595 85
39576 39577 85
36826 36827 85
49683 49684 85
35510 35511 85
9736 9737 85
41048 41049 85
40546 40547 85
23926 23927 85
17798 31237 85
1388 1389 85
34232 34233 85
22152 22153 85
16002 35522 85
16003 16004 85
38629 38630 85
8170 8171 85
24470 24471 85
23672 23673 85
38174 38175 85
21681 21682 85
46046 46047 85
31884 31885 85
2718 2719 85
47853 47854 85
11269 11270 85
46051 46052 85
26176 26177 85
33870 40434 85
15194 15195 85
33076 33077 85
46058 46059 85
10039 10040 85
46062 46063 85
23157 23158 85
20757 20758 85
39118 39119 85
10901 48146 85
28085 37321 85
42705 42706 85
24210 24211 85
30778 30779 85
4558 6187 85
16183 16184 85
25056 25057 85
3611 3612 85
34265 34266 85
954 26776 85
11030 11031 85
39636 39637 85
43818 43819 85
46090 46091 85
46091 46092 85
33094 33095 85
472 473 85
25337 25338 85
40117 40118 85
12328 12329 85
43286 43287 85
43288 43289 85
43831 43832 85
46108 46109 85
26503 26504 85
43836 43837 85
41655 41656 85
17823 17824 85
43295 43296 85
32711 32712 85
8409 8410 85
41130 41131 85
11160 11161 85
17826 17827 85
392 393 85
4882 4883 85
23962 23963 85
15846 15847 85
41668 41669 85
17253 32839 85
36461 36462 85
17631 17632 85
33120 33121 85
41146 41147 85
31933 31934 85
36022 36023 85
43317 43318 85
31181 31182 85
46148 46149 85
6408 6409 85
10050 10051 85
14122 14123 85
22700 22701 85
26218 26219 85
45546 45547 85
4463 4464 85
18840 18841 85
3221 3222 85
31192 31193 85
2751 2752 85
34747 34748 85
5898 5899 85
10809 10810 85
35176 35177 85
41170 41171 85
37831 37832 85
30828 30829 85
35178 35179 85
6159 6160 85
859 860 85
41708 41709 85
848 849 85
11427 11428 85
22714 22715 85
12078 12079 85
28142 28143 85
35189 35190 85
8427 8428 85
22209 22210 85
23204 23205 85
34327 34328 85
4808 4809 85
29484 29485 85
11062 11063 85
25104 25105 85
15707 15708 85
24001 24002 85
7642 7643 85
24540 29426 85
115 116 85
36963 36964 85
4845 4846 85
23479 23480 85
43378 43379 85
16912 16913 85
6824 6825 85
14145 49688 85
48634 48635 85
38762 38763 85
49243 49244 85
11689 11690 85
41216 41217 85
11437 11438 85
38766 38767 85
42305 42306 85
16064 16065 85
42845 42846 85
23221 23222 85
27840 27841 85
36975 36976 85
22734 22735 85
38312 38313 85
45628 45629 85
36093 36094 85
7959 7960 85
38776 47953 85
40709 40710 85
18272 18273 85
23495 42760 85
5418 5419 85
36102 36103 85
31602 31603 85
40717 40718 85
49917 49918 85
40220 40221 85
31604 31605 85
16571 18106 85
49921 49922 85
31249 31250 85
26574 26575 85
381 382 85
9582 9583 85
34366 34367 85
24566 24567 85
1646 1647 85
37453 37454 85
70 71 85
26581 26582 85
4028 4029 85
43974 43975 85
11832 11833 85
3822 3823 85
9309 26206 85
12942 12943 85
15258 15259 85
40745 40746 85
32027 32028 85
9588 9589 85
26590 26591 85
40251 40252 85
39294 39295 85
49318 49319 85
40256 40257 85
25427 25428 85
40257 40258 85
49324 49325 85
25990 25991 85
14620 14621 85
347 348 85
41823 41824 85
7805 7806 85
18089 18090 85
8778 8779 85
25718 25719 85
12951 12952 85
29551 29552 85
41295 41296 85
25436 25437 85
15745 15746 85
32838 32839 85
34410 34411 85
42395 42396 85
34411 34412 85
26928 26929 85
27570 27571 85
30558 30559 85
10718 10719 85
25867 25868 86
42909 42910 86
16975 16976 86
12437 12438 86
28968 28969 86
34605 34606 86
3995 3996 86
11956 11957 86
46948 46949 86
38750 38751 86
20464 20465 86
42921 42922 86
35972 35973 86
47547 47548 86
28607 28608 86
24644 24645 86
37359 37360 86
6250 12225 86
1487 46138 86
30477 30478 86
38285 38286 86
41819 41820 86
423 424 86
16983 16984 86
45762 45763 86
36897 36898 86
22356 22357 86
8956 49954 86
39271 39272 86
41837 41838 86
16987 16988 86
4269 4270 86
31663 31664 86
35988 35989 86
6076 6077 86
5696 7055 86
26869 26870 86
2028 2029 86
27211 27212 86
4453 4454 86
3232 3233 86
46995 46996 86
49430 49431 86
22665 41873 86
7758 17867 86
44638 44639 86
1368 1369 86
26540 26541 86
25280 25281 86
39296 39297 86
29389 29390 86
3099 3100 86
41319 41320 86
6170 6171 86
33368 33369 86
36477 36478 86
13335 13336 86
47613 47614 86
21830 21831 86
9349 9350 86
25292 25293 86
47022 47023 86
39310 39311 86
36484 36485 86
20758 20759 86
41885 41886 86
33806 35966 86
49471 49472 86
32959 32960 86
7427 35985 86
4275 4276 86
10577 10578 86
39820 39821 86
17432 17433 86
27239 27240 86
48253 48254 86
32130 32131 86
736 737 86
27600 27601 86
3787 6512 86
27954 27955 86
2669 2670 86
43021 43022 86
82 83 86
12984 12985 86
43574 43575 86
19061 19062 86
34696 34697 86
40835 40836 86
42476 42477 86
12988 12989 86
32151 32152 86
32990 32991 86
13905 13906 86
28679 28680 86
17447 17448 86
29429 29430 86
32995 32996 86
26918 26919 86
26576 26577 86
10029 10030 86
2873 2874 86
15256 15257 86
20028 20029 86
2835 2836 86
33427 33428 86
12821 12822 86
47091 47092 86
25935 25936 86
34271 34272 86
24408 24409 86
36544 36545 86
43616 43617 86
29446 29447 86
47101 47102 86
2875 2876 86
28698 28699 86
11039 43044 86
578 579 86
4794 4795 86
28702 28703 86
4405 4406 86
27635 27636 86
36099 36100 86
44182 44183 86
38405 38406 86
37487 37488 86
45914 45915 86
23841 23842 86
6275 6276 86
285 286 86
24723 24724 86
6375 39122 86
24727 24728 86
36566 36567 86
37951 37952 86
13004 13005 86
34759 34760 86
44203 44204 86
49581 49582 86
45932 45933 86
2917 2918 86
45336 45337 86
31770 31771 86
40395 40396 86
2496 28962 86
22998 22999 86
21076 21077 86
10455 10456 86
32624 32625 86
29479 29480 86
38432 38433 86
8996 8997 86
2010 2011 86
16439 16440 86
21610 21611 86
11846 11847 86
21083 21084 86
4592 4593 86
32221 32222 86
10186 10187 86
2880 2881 86
35677 35678 86
6390 6391 86
18623 18624 86
10609 10610 86
41468 41469 86
7040 7041 86
22745 32488 86
1081 1082 86
43138 43139 86
12679 12680 86
10905 10906 86
42580 42581 86
33069 33070 86
49630 49631 86
19577 19578 86
46588 46589 86
21099 32690 86
46590 46591 86
5489 5490 86
27678 27679 86
32654 32655 86
47785 47786 86
17062 17063 86
20307 20308 86
26322 26323 86
45391 45392 86
14891 14892 86
25997 25998 86
16854 16855 86
25085 25086 86
23315 23316 86
40963 40964 86
8752 8753 86
644 645 86
17493 25455 86
34821 34822 86
44275 44276 86
10913 10914 86
27356 27357 86
26338 26339 86
2581 2582 86
17278 46449 86
2844 2845 86
9648 9649 86
977 978 86
13958 13959 86
40471 40472 86
24793 24794 86
20852 20853 86
24796 24797 86
10767 10768 86
7050 7051 86
19135 19136 86
5338 7048 86
23912 23913 86
9523 9524 86
1504 1505 86
48465 48466 86
8396 8397 86
40491 40492 86
48469 48470 86
7926 7927 86
31060 31061 86
617 618 86
2 3 86
11559 11560 86
4954 4955 86
35758 35759 86
27736 27737 86
44888 44889 86
44889 44890 86
39012 39013 86
12873 23138 86
11096 11097 86
37607 37608 86
27042 27043 86
41556 41557 86
41559 41560 86
31072 31073 86
34866 34867 86
25740 25741 86
17090 17091 86
25433 31263 86
15124 15125 86
40519 40520 86
2153 2154 86
38061 38062 86
46092 46093 86
7588 7589 86
36687 36688 86
31475 31476 86
12372 12373 86
28818 28819 86
33578 33579 86
28110 28111 86
2683 2684 86
26706 26707 86
6855 6856 86
4546 4547 86
40041 40042 86
47902 47903 86
426 427 86
33586 33587 86
31894 31895 86
37159 37160 86
22525 22526 86
5044 5045 86
7593 7594 86
27412 27413 86
31491 31492 86
4425 4426 86
43824 43825 86
41069 41070 86
19637 19638 86
35346 35347 86
17536 25687 86
32336 36588 86
46738 46739 86
47926 47927 86
26067 26068 86
47931 47932 86
48554 48555 86
49791 49792 86
38580 38581 86
3218 3219 86
42171 42172 86
28476 39510 86
42719 42720 86
9032 9033 86
30344 30345 86
42180 42181 86
25461 25462 86
46754 46755 86
46758 46759 86
33189 33190 86
676 677 86
12063 12064 86
25464 25465 86
27434 27435 86
6226 26728 86
7168 7169 86
7950 7951 86
4250 18475 86
41641 41642 86
35376 35377 86
3875 3876 86
19657 19658 86
28151 28152 86
4614 4615 86
6870 6871 86
24253 41959 86
34049 34050 86
34939 34940 86
3925 3926 86
16716 16717 86
23970 23971 86
2627 2628 86
36300 36301 86
13084 13085 86
23974 23975 86
32796 32797 86
49847 49848 86
18251 18252 86
37229 37230 86
8550 8551 86
3666 3667 86
31149 31150 86
13270 13271 86
17564 17565 86
1952 39107 86
20665 20666 86
12910 12911 86
30756 30757 86
24570 24571 86
3931 3932 86
49865 49866 86
42779 42780 86
8557 8558 86
18262 18263 86
7393 7394 86
38163 38164 86
12085 12086 86
7080 7081 86
39648 39649 86
27471 27472 86
23419 23420 86
28893 28894 86
12917 49858 86
31982 31983 86
6323 6324 86
5830 5831 86
41699 41700 86
32408 32409 86
44489 44490 86
33674 33675 86
19934 19935 86
37742 37743 86
16533 16534 86
16741 16742 86
27485 27486 86
42815 42816 86
9706 9707 86
6983 22645 86
37281 37282 86
14986 14987 86
19694 19695 86
9061 9062 86
42827 42828 86
42281 42282 86
41721 41722 86
45067 45068 86
29680 29681 86
6062 6063 86
28550 28551 86
22045 22046 86
16542 16543 86
14044 14045 86
24602 24603 86
4317 4318 86
47467 47468 86
30061 36271 86
194 6338 86
20700 20701 86
49940 49941 86
31591 31592 86
6244 6245 86
9195 9196 86
45090 45091 86
35930 35931 86
519 520 86
25540 25541 86
36383 36384 86
20971 20972 86
30076 30077 86
36389 36390 86
25841 25842 86
15975 15976 86
11154 11155 86
18299 18300 86
27521 27522 86
17383 17384 86
42330 44926 86
1106 1107 86
4565 4566 86
7523 7524 86
6995 6996 86
42338 42339 86
12110 12111 86
25856 25857 86
14432 14433 86
9994 9995 86
49351 49352 86
29335 29336 86
32474 32475 86
39219 39220 86
26833 26834 86
15205 15206 86
24951 24952 86
20217 20218 86
2722 2723 86
29343 29344 86
45729 45730 86
25565 25566 86
21801 21802 86
8818 8819 87
44349 44350 87
14977 14978 87
40317 40318 87
18247 18248 87
37739 37740 87
18975 18976 87
8819 8820 87
39256 39257 87
1620 1621 87
26858 26859 87
6678 6679 87
49360 49361 87
32034 32035 87
17786 17787 87
48722 48723 87
24493 24494 87
4730 4731 87
10260 10261 87
17567 31082 87
11684 11685 87
45571 45572 87
40337 40338 87
10657 10658 87
6750 6751 87
10385 10386 87
12156 12157 87
38741 38742 87
18988 18989 87
3140 3141 87
38238 38239 87
24827 24828 87
48109 48110 87
875 876 87
40351 40352 87
27992 27993 87
13514 13515 87
25828 25829 87
9760 9761 87
2948 2949 87
16171 48423 87
18502 18503 87
13170 13171 87
19000 19001 87
18742 18743 87
23306 23307 87
48763 48764 87
28386 28387 87
4634 4635 87
11695 11696 87
17810 17811 87
27259 27260 87
16367 16368 87
24212 26859 87
6396 6397 87
6316 6317 87
17814 17815 87
989 990 87
6988 41611 87
16778 16779 87
38276 38277 87
18515 45724 87
6989 6990 87
44434 44435 87
24857 24858 87
27271 27272 87
15980 15981 87
24859 24860 87
20791 20792 87
17183 17184 87
2686 2687 87
49446 49447 87
1931 1932 87
925 926 87
32101 32102 87
39340 39341 87
6113 6114 87
48175 48176 87
27285 27286 87
23330 23331 87
9892 9893 87
48815 48816 87
28802 28803 87
21622 21623 87
30008 30009 87
7886 7887 87
20281 20282 87
20807 20808 87
28810 28811 87
13019 13020 87
48828 48829 87
4507 4508 87
38822 38823 87
33029 33030 87
21090 21091 87
32577 32578 87
17398 17399 87
39898 39899 87
49485 49486 87
38321 38322 87
14099 14100 87
9295 9296 87
45068 45069 87
38834 38835 87
7888 7889 87
39380 39381 87
18063 18064 87
4996 4997 87
2769 2770 87
40996 40997 87
22494 22495 87
2300 2301 87
10166 10167 87
24893 24894 87
3458 3459 87
28070 28071 87
8098 8099 87
9303 9304 87
30834 30835 87
39399 39400 87
24264 24265 87
19540 19541 87
4554 4555 87
47609 47610 87
23366 23367 87
27331 27332 87
10420 10421 87
7793 7794 87
15235 15236 87
15422 15423 87
25235 25236 87
22220 22221 87
27713 28471 87
43365 43366 87
22802 22803 87
36886 36887 87
24923 24924 87
29669 29670 87
14849 14850 87
31713 31714 87
4750 4751 87
27351 27352 87
24285 24286 87
48909 48910 87
6334 6335 87
34467 34468 87
13221 13222 87
35935 39038 87
30869 30870 87
31721 31722 87
19067 19068 87
24931 24932 87
7249 7250 87
5946 27519 87
7170 12560 87
41066 41067 87
48927 48928 87
12053 12054 87
1778 1779 87
24604 24605 87
28117 28118 87
33568 33569 87
20860 20861 87
18342 18343 87
10572 10573 87
21973 21974 87
32659 32660 87
20586 20587 87
44588 44589 87
20866 20867 87
43993 43994 87
27001 27002 87
7337 7338 87
15830 15831 87
22543 22544 87
42831 42832 87
36445 36446 87
28131 28132 87
44598 44599 87
20870 20871 87
31749 31750 87
40005 40006 87
24954 24955 87
20592 20593 87
47076 47077 87
48967 48968 87
37445 37446 87
24009 24010 87
2616 2617 87
18114 18115 87
36947 36948 87
26641 26642 87
21698 21699 87
22552 22553 87
738 739 87
35018 35019 87
38952 38953 87
39488 39489 87
43441 43442 87
14865 14866 87
3360 3361 87
49642 49643 87
28145 28146 87
1332 1333 87
24320 24321 87
40029 42134 87
2804 2805 87
32687 32688 87
43457 43458 87
7916 7917 87
11004 11005 87
27774 27775 87
34540 34541 87
30512 30513 87
3191 40376 87
40044 40045 87
19850 26704 87
2805 2806 87
26316 26317 87
17887 17888 87
36004 36005 87
18594 18595 87
43474 43475 87
35525 35526 87
30931 30932 87
24652 24653 87
16845 16846 87
10070 10071 87
30942 30943 87
25313 25314 87
47765 47766 87
12566 12567 87
33177 33178 87
25978 25979 87
17678 17679 87
11166 11167 87
39545 39546 87
49711 49712 87
8232 8233 87
40082 40083 87
26677 26678 87
11018 11019 87
23152 23153 87
20367 20368 87
26682 26683 87
45904 45905 87
23448 23449 87
47175 47176 87
22021 22022 87
33655 33656 87
26348 26349 87
30963 30964 87
1841 1842 87
17910 17911 87
10329 10330 87
28961 28962 87
17684 17685 87
20641 20642 87
26003 26004 87
25011 25012 87
15087 15088 87
13436 13437 87
36065 36066 87
27077 27078 87
45935 45936 87
11778 11779 87
5024 5025 87
6356 6357 87
32310 32311 87
47828 47829 87
42968 42969 87
49103 49104 87
23772 23773 87
45947 45948 87
19623 19624 87
17696 17697 87
1862 1863 87
665 666 87
18398 18399 87
12922 12923 87
35603 35604 87
46599 46600 87
36085 36086 87
24698 24699 87
8451 8452 87
17932 17933 87
20931 20932 87
42420 42421 87
44756 44757 87
3708 6283 87
45975 45976 87
760 761 87
7937 7938 87
5028 5029 87
25045 25046 87
27857 27858 87
7734 13072 87
29414 29415 87
17087 17088 87
24394 24395 87
28625 28626 87
887 888 87
31026 31027 87
32809 32810 87
29824 29825 87
2115 2116 87
23496 23497 87
25051 25052 87
11638 11639 87
46652 46653 87
32363 32364 87
2242 27771 87
31037 31038 87
19396 19397 87
44791 44792 87
8148 8149 87
11045 11046 87
31044 31045 87
16888 16889 87
18187 18188 87
7466 7467 87
49840 49841 87
43050 43051 87
32376 32377 87
29841 29842 87
11495 11496 87
26420 26421 87
45401 45402 87
29030 29031 87
7467 7468 87
6367 6368 87
32385 32386 87
8467 8468 87
45411 45412 87
38101 38102 87
478 41177 87
45415 45416 87
36636 36637 87
22654 22655 87
14372 14373 87
45423 45424 87
35674 35675 87
26432 26433 87
20177 20178 87
33299 33300 87
14932 14933 87
23218 23219 87
31066 31067 87
24743 24744 87
5434 5435 87
38623 38624 87
14375 14376 87
24747 24748 87
49227 49228 87
41339 41340 87
29459 29460 87
17736 17737 87
6960 6961 87
14563 14564 87
3973 20589 87
43673 43674 87
13466 13467 87
29467 29468 87
36663 36664 87
31506 31507 87
18929 18930 87
38137 38138 87
17312 31280 87
11967 36808 87
36669 36670 87
44858 44859 87
45461 45462 87
49912 49913 87
31085 31086 87
37164 37165 87
27168 27169 87
8585 8586 87
24760 24761 87
46110 46111 87
14573 14574 87
12123 12124 87
6883 6884 87
12125 12126 87
6451 6452 87
41956 41957 87
41375 41376 87
48644 48645 87
48000 48001 87
14388 14389 87
11357 11358 87
38155 38156 87
278 279 87
9982 9983 87
4981 4982 87
7480 7481 87
23246 23247 87
27185 27186 87
9145 9146 87
25442 25443 87
531 532 87
15935 15936 87
41396 41397 87
22388 22389 87
8165 23337 87
24460 24461 87
14961 14962 87
6968 33935 87
21275 21276 87
23562 23563 87
24161 24162 87
7297 7298 87
4025 4026 87
17340 17341 87
5559 5560 87
13146 13147 87
48046 48047 87
36239 36240 87
12466 12467 87
35757 35758 87
5859 5860 87
37729 37730 87
4191 13892 87
31138 31139 87
28344 43326 87
24484 24485 87
32023 32024 87
2358 2359 88
11913 11914 88
25178 25179 88
45329 45330 88
480 37833 88
28211 28212 88
36968 36969 88
18962 18963 88
43723 43724 88
40598 40599 88
7719 7720 88
15910 15911 88
15911 15912 88
12334 12335 88
7378 7379 88
22184 22185 88
34002 34003 88
7468 7469 88
24336 45701 88
40135 40136 88
12339 12340 88
41112 41113 88
22452 22453 88
37424 37425 88
30564 30565 88
21687 21688 88
47658 47659 88
35269 35270 88
31650 31651 88
21436 21437 88
21689 21690 88
13721 13722 88
18539 18540 88
48251 48252 88
13882 17792 88
40629 40630 88
41642 41643 88
5867 35031 88
46523 48211 88
30237 30238 88
20729 20730 88
10416 10417 88
29563 29564 88
38748 38749 88
39690 39691 88
9496 9497 88
5169 34642 88
32451 32452 88
28885 28886 88
4799 4800 88
44318 44319 88
47696 47697 88
48287 48288 88
10673 10674 88
3831 3832 88
16647 16648 88
39227 39228 88
29579 29580 88
42730 42731 88
438 439 88
6687 6688 88
9401 9402 88
44871 44872 88
28570 28571 88
39245 39246 88
28256 28257 88
45425 45426 88
17021 17022 88
3835 3836 88
2211 2212 88
47160 47161 88
17965 17966 88
49511 49512 88
16478 16479 88
30274 30275 88
21727 21728 88
21983 21984 88
33268 33269 88
46014 46015 88
32879 32880 88
8994 8995 88
9964 9965 88
29606 29607 88
27320 27321 88
14753 25484 88
13752 13753 88
43839 43840 88
27952 27953 88
19645 19646 88
16844 16845 88
44910 44911 88
47760 47761 88
28925 28926 88
30290 47559 88
40221 40222 88
38813 38814 88
48946 48947 88
32108 32109 88
1492 1493 88
34499 34500 88
11106 11107 88
12967 12968 88
5013 5014 88
28603 28604 88
21005 21006 88
36214 36215 88
37078 37079 88
199 200 88
22777 22778 88
5692 5693 88
23299 23300 88
5075 5076 88
36228 36229 88
7654 7655 88
20315 20316 88
31009 31010 88
22010 22011 88
12370 12371 88
672 673 88
43880 43881 88
34106 34107 88
39316 39317 88
35380 36110 88
27347 27348 88
27348 27349 88
10575 10576 88
44424 44425 88
5243 5244 88
42308 42309 88
38852 38853 88
5951 5952 88
22529 22530 88
35825 35826 88
39332 39333 88
612 613 88
41265 41266 88
12677 12678 88
14602 14603 88
1744 1745 88
32153 32154 88
25278 25279 88
13294 13295 88
10971 10972 88
18205 18206 88
32160 32161 88
18604 18605 88
10973 10974 88
5081 5082 88
19681 19682 88
19459 19460 88
27064 30796 88
17430 17431 88
22806 22807 88
28325 28326 88
36273 36274 88
9753 9754 88
41806 41807 88
47854 47855 88
35421 35422 88
28329 28330 88
34998 34999 88
42354 42355 88
33350 33351 88
8413 8414 88
21278 21279 88
20342 20343 88
7755 7756 88
32966 32967 88
41824 41825 88
27388 27389 88
31792 34013 88
30701 30702 88
3078 3079 88
9012 9013 88
5085 5086 88
49666 49667 88
19918 19919 88
1294 1295 88
27707 27708 88
14451 14452 88
20579 20580 88
27712 27713 88
23620 23621 88
38467 38468 88
7012 7013 88
29352 29353 88
41332 41333 88
4961 49306 88
25617 25618 88
15125 15126 88
46757 46758 88
38034 38035 88
10714 10715 88
45038 45039 88
42920 42921 88
20360 20361 88
15130 15131 88
41868 41869 88
10113 10114 88
45051 45052 88
45059 45060 88
45625 45626 88
13464 36893 88
21067 21068 88
326 327 88
8915 18504 88
172 173 88
26799 26800 88
20596 20597 88
33813 33814 88
7331 7332 88
37650 37651 88
4815 4816 88
33821 33822 88
36340 36341 88
44008 44009 88
47947 47948 88
31469 31470 88
34631 34632 88
48546 48547 88
10997 30144 88
3660 3661 88
38971 38972 88
8921 8922 88
39438 39439 88
7860 7861 88
21085 21086 88
19496 31431 88
20610 20611 88
20845 20846 88
16729 16730 88
46234 46235 88
17092 17093 88
23381 23382 88
44027 44028 88
40883 40884 88
48571 48572 88
5141 5142 88
47973 47974 88
5329 5330 88
30762 30763 88
42984 42985 88
26826 26827 88
4287 4288 88
6943 6944 88
664 665 88
18040 28492 88
5903 5904 88
2061 2062 88
31498 31499 88
28091 28092 88
29756 29757 88
9781 9782 88
31878 35890 88
10614 10615 88
23130 23131 88
46856 46857 88
18049 46481 88
17670 17671 88
596 597 88
4370 17970 88
37262 37263 88
10253 10254 88
3464 20949 88
12574 12575 88
22627 22628 88
14821 14822 88
41441 41442 88
19106 19107 88
18061 18062 88
231 232 88
38572 38573 88
46293 46294 88
20883 20884 88
19314 19315 88
23150 23151 88
8733 16553 88
21857 21858 88
4064 4065 88
27483 27484 88
49825 49826 88
29786 29787 88
36840 36841 88
48040 48041 88
46306 46307 88
27486 27487 88
5912 8369 88
46893 46894 88
47462 47463 88
43043 43044 88
48048 48049 88
32696 32697 88
44097 44098 88
13831 13832 88
29444 29445 88
18071 18072 88
3206 3207 88
5914 5915 88
20654 20655 88
34719 34720 88
48065 48066 88
24256 24257 88
4417 4418 88
45754 45755 88
15515 15516 88
32320 32321 88
35151 35152 88
42533 42534 88
22374 22375 88
854 855 88
29110 29111 88
7694 7695 88
8166 8167 88
7884 42413 88
29114 29115 88
39071 39072 88
9362 32454 88
27511 27512 88
46351 46352 88
25130 26753 88
10511 10512 88
21626 21627 88
13364 13365 88
32732 32733 88
6659 6660 88
38185 42870 88
41502 41503 88
15871 15872 88
5659 5660 88
15188 15189 88
38193 38194 88
3541 3542 88
10157 10158 88
49298 49299 88
8556 8557 88
3783 3784 88
25725 25726 88
32356 32357 88
21389 21390 88
31963 31964 88
34771 34772 88
19344 19345 88
18100 18101 88
3470 3471 88
8267 19185 88
37349 37350 88
40052 40053 88
5409 5410 88
24018 24019 88
44181 44182 88
30178 30179 88
49328 49329 88
6968 6969 88
3739 3740 88
43140 43141 88
23472 23473 88
39599 39600 88
41547 41548 88
29511 29512 88
2250 2251 88
10395 10396 88
18316 18317 88
32774 32775 88
29855 29856 88
24307 24308 88
14364 14365 88
38676 38677 88
46424 46425 88
7368 7369 88
31605 31606 88
27233 27234 88
724 725 88
2135 2136 88
1487 1488 88
30892 30893 88
16979 16980 88
21174 21175 88
34816 34817 88
4429 4430 88
39155 39156 88
4939 4940 88
22705 22706 88
47038 47039 88
39638 39639 88
32015 32016 88
6368 6369 88
47048 47049 88
23014 23015 89
21021 21022 89
739 740 89
13285 13286 89
2961 2962 89
13950 13951 89
47726 47727 89
19438 19439 89
43486 43487 89
47738 47739 89
31231 31232 89
8380 11103 89
17726 17727 89
43004 43005 89
16202 16203 89
8013 8014 89
40583 40584 89
7920 7921 89
39261 39262 89
20802 20803 89
41522 41523 89
2894 2895 89
3780 3781 89
7830 7831 89
2279 2280 89
29197 29198 89
29198 29199 89
3310 3311 89
10248 10249 89
37575 44657 89
32731 32732 89
20348 20349 89
16028 16029 89
3694 3695 89
16768 16769 89
25211 25212 89
6468 30749 89
41540 41541 89
21525 21526 89
45588 45589 89
30554 30555 89
42036 42037 89
46146 46147 89
24947 24948 89
11125 11126 89
47786 47787 89
42041 42042 89
45064 45065 89
45600 45601 89
13143 13144 89
41077 41078 89
34695 34696 89
5067 9476 89
16954 40136 89
31613 31614 89
10364 10365 89
33899 33900 89
25802 25803 89
31994 31995 89
43556 43557 89
7931 7932 89
16957 16958 89
4719 4720 89
46733 46734 89
27307 27308 89
9900 9901 89
24393 24394 89
21062 21063 89
47281 47282 89
9333 9334 89
6471 6472 89
38018 38019 89
16964 16965 89
26408 26409 89
19927 19928 89
27318 27319 89
7407 7408 89
41114 41115 89
10865 10866 89
14162 14163 89
31641 31642 89
31286 31287 89
41590 41591 89
1423 1424 89
29245 29246 89
3313 3314 89
47304 47305 89
1077 1078 89
49555 49556 89
8911 8912 89
2834 2835 89
46765 46766 89
30596 30597 89
43105 43106 89
45124 45125 89
21080 21081 89
8805 8806 89
21555 21556 89
5902 5903 89
1473 1474 89
27031 27032 89
23337 23338 89
26428 26429 89
11009 11010 89
29266 29267 89
35165 35166 89
41616 41617 89
3930 3931 89
47331 47332 89
47332 47333 89
40226 40227 89
10505 10506 89
28601 28602 89
943 944 89
2479 2480 89
20853 20854 89
45151 45152 89
15875 15876 89
19275 19276 89
5513 5514 89
40235 40236 89
36813 36814 89
24995 24996 89
37235 37236 89
30968 30969 89
500 501 89
7173 7174 89
27978 27979 89
22585 22586 89
34776 34777 89
16613 16614 89
10389 10390 89
37248 37249 89
9357 9358 89
189 190 89
36829 36830 89
8817 8818 89
2665 2666 89
33596 33597 89
12408 12409 89
24725 24726 89
4429 36084 89
17386 17387 89
5255 5256 89
44684 44685 89
48494 48495 89
15893 15894 89
9472 9473 89
25591 25592 89
31705 31706 89
24188 24189 89
29313 29314 89
36448 36449 89
17010 17011 89
25027 25028 89
34386 34387 89
28003 28004 89
11168 11169 89
18869 18870 89
35642 35643 89
14704 14705 89
21854 21855 89
1860 1861 89
3891 10657 89
34012 34013 89
485 486 89
5390 5391 89
47418 47419 89
23388 23389 89
11860 11861 89
48542 48543 89
22624 22625 89
42210 42211 89
21866 21867 89
49111 49112 89
8833 8834 89
48550 48551 89
5262 5263 89
31378 31379 89
25324 25325 89
4097 4098 89
4685 35102 89
34029 34030 89
4963 4964 89
49708 49709 89
14544 14545 89
6342 6343 89
36497 43138 89
37755 37756 89
1479 1480 89
11309 11310 89
19999 21507 89
41734 41735 89
12747 12748 89
42240 42241 89
16653 16654 89
10299 26509 89
11185 11186 89
2641 2642 89
42247 42248 89
36917 36918 89
11733 11734 89
32527 32528 89
3288 3289 89
17233 17234 89
29710 29711 89
26512 26513 89
13378 13379 89
43254 43255 89
42743 42744 89
48026 48027 89
48029 48030 89
11462 11463 89
35283 35284 89
34449 34450 89
31419 31420 89
22391 22392 89
31783 31784 89
43275 43276 89
29375 29376 89
610 611 89
31787 32184 89
38197 38198 89
45313 45314 89
8742 8743 89
11192 20340 89
1618 1619 89
1434 1435 89
8163 8164 89
27762 27763 89
33699 33700 89
15413 15414 89
20705 20706 89
44303 44304 89
13547 13548 89
10310 10311 89
44816 44817 89
29393 29394 89
1319 1320 89
38216 38217 89
35731 35732 89
33315 33316 89
7798 7799 89
41803 41804 89
30075 30076 89
41331 41332 89
15084 27579 89
46432 46433 89
15952 15953 89
41811 41812 89
22160 22161 89
10200 29248 89
27157 27158 89
20483 20484 89
44843 44844 89
42326 42327 89
12321 12322 89
7047 7048 89
26854 26855 89
39544 39545 89
49830 49831 89
3809 3810 89
16316 16317 89
40882 40883 89
16317 16318 89
33735 33736 89
27790 27791 89
20265 20266 89
8350 8351 89
37419 37420 89
19161 19162 89
25398 25399 89
26867 26868 89
34122 34123 89
32225 32226 89
15268 15269 89
37426 37427 89
27487 27488 89
29427 29428 89
12467 12468 89
45400 45401 89
32604 32605 89
4347 4348 89
26271 26272 89
17273 17274 89
45406 45407 89
45407 45408 89
42370 42371 89
15100 15101 89
15964 15965 89
28127 28128 89
21445 21446 89
35793 35794 89
22186 22187 89
13904 13905 89
40922 40923 89
20738 20739 89
21449 21450 89
8452 8453 89
3856 47045 89
22963 22964 89
10816 10817 89
41890 41891 89
3520 3521 89
30452 30453 89
12791 12792 89
11083 11084 89
8867 8868 89
13747 13748 89
9291 9292 89
8970 8971 89
45985 45986 89
8175 8176 89
40483 40484 89
36226 36227 89
49333 49334 89
8456 8457 89
28465 28466 89
46553 46554 89
13582 13583 89
45997 45998 89
30811 30812 89
13927 13928 89
32650 32651 89
40502 40503 89
13108 13109 89
17904 17905 89
1295 44602 89
18119 42541 89
2087 2088 89
26318 26319 89
24063 24064 89
44455 44456 89
23792 23793 89
11777 11778 89
23250 23251 89
4868 4869 89
38760 38761 89
36668 39377 89
25457 25458 89
16545 16546 89
31915 31916 89
28183 28184 89
24074 24075 89
28494 28495 89
46053 46054 89
11642 11643 89
30848 30849 89
2470 2471 89
2737 2738 89
15649 15650 89
5424 5425 89
31552 31553 89
39667 39668 89
24903 24904 89
30510 30511 89
21248 21249 89
24905 24906 89
4871 4872 89
17923 17924 89
162 163 89
47176 47177 89
6069 6070 89
42976 42977 89
3242 3243 90
13914 13915 90
31849 31850 90
31452 31453 90
36092 36093 90
12288 12289 90
48820 48821 90
30678 30679 90
36539 36540 90
22834 22835 90
26693 26694 90
21941 21942 90
21645 21646 90
39270 39271 90
4391 4392 90
11447 11448 90
21651 21652 90
2950 31154 90
42752 42753 90
49439 49440 90
15653 47788 90
9044 9045 90
8636 8637 90
29584 29585 90
30703 30704 90
42259 42260 90
38808 38809 90
2167 2168 90
8252 8253 90
26721 26722 90
47146 47147 90
12906 12907 90
4989 4990 90
14699 14700 90
318 319 90
44363 44364 90
1061 1062 90
40253 40254 90
12153 30479 90
10774 10775 90
22572 22573 90
8345 8346 90
4696 4697 90
7446 7447 90
24426 24427 90
32327 32328 90
6802 6803 90
48896 48897 90
622 623 90
18754 18755 90
15092 26149 90
21984 21985 90
523 524 90
4759 4760 90
22881 22882 90
41773 41774 90
2379 2380 90
1704 1705 90
15484 15485 90
48324 48325 90
7282 7283 90
14151 14152 90
20843 20844 90
37508 37509 90
2019 2020 90
7365 7366 90
7366 7367 90
23499 23500 90
15684 15685 90
10919 10920 90
38403 38404 90
29257 29258 90
39346 39347 90
19520 19521 90
39350 39351 90
29639 29640 90
18047 18048 90
47769 47770 90
43364 43365 90
28524 28525 90
27115 27116 90
46070 46071 90
48939 48940 90
3764 3765 90
29265 29266 90
10069 29982 90
22006 22007 90
39364 39365 90
21135 21136 90
6343 6344 90
39367 39368 90
28536 28537 90
18058 18059 90
21716 21717 90
19281 19282 90
36199 36200 90
34878 34879 90
24464 24465 90
8660 8661 90
31966 31967 90
9175 9176 90
20313 20314 90
47806 47807 90
34890 34891 90
22619 22620 90
17179 17180 90
8364 8365 90
13429 13430 90
35338 35339 90
8763 8764 90
42381 42382 90
47826 47827 90
18543 18544 90
46700 46701 90
12945 12946 90
42895 42896 90
8564 14136 90
20600 20601 90
46709 46710 90
13601 13602 90
19821 19822 90
6893 6894 90
18551 18552 90
45568 45569 90
103 104 90
15705 15706 90
29312 29313 90
42916 42917 90
26121 26122 90
49025 49026 90
5005 5006 90
48440 48441 90
4600 45733 90
3477 3478 90
24824 24825 90
18324 18325 90
9852 9853 90
1816 1817 90
39918 39919 90
10561 10562 90
14559 14560 90
13282 13283 90
26834 26835 90
32432 32433 90
15926 40287 90
40893 40894 90
32435 32436 90
15722 15723 90
8008 8009 90
34507 34508 90
1333 1334 90
34956 34957 90
35400 35401 90
37632 37633 90
23261 23262 90
6282 6283 90
35405 35406 90
38067 38068 90
22065 22066 90
49687 49688 90
11091 11092 90
13811 13812 90
45642 45643 90
10569 10570 90
3686 3687 90
15535 15536 90
49698 49699 90
23898 23899 90
45095 45096 90
18831 18832 90
27560 27561 90
6441 6442 90
23901 23902 90
46803 46804 90
28273 28274 90
42993 42994 90
17656 17657 90
34537 34538 90
32058 32059 90
12498 12499 90
23904 23905 90
5273 5274 90
3108 3109 90
11100 11101 90
44048 44049 90
37212 37213 90
15159 15160 90
8018 8019 90
25854 25855 90
8019 8020 90
24552 37264 90
20132 20133 90
36770 36771 90
27227 27228 90
44065 44066 90
36774 36775 90
11518 11519 90
12511 12512 90
19608 19609 90
18372 18373 90
13824 13825 90
18856 18857 90
1505 1506 90
40004 40005 90
4720 4721 90
38583 38584 90
44623 44624 90
23611 23612 90
43552 43553 90
46859 46860 90
13645 13646 90
13468 13469 90
39534 39535 90
25214 25215 90
29782 29783 90
7930 7931 90
40495 40496 90
42529 42530 90
11799 11800 90
35923 35924 90
2741 2742 90
36357 36358 90
5022 5023 90
40999 41000 90
34591 34592 90
21820 21821 90
13655 13656 90
45745 45746 90
20156 20157 90
43073 43074 90
20157 20158 90
35487 35488 90
15767 15768 90
15370 15371 90
42043 42044 90
2744 2745 90
18391 18392 90
12681 12682 90
2469 2470 90
15570 15571 90
43098 43099 90
7581 7582 90
3981 3982 90
33357 33358 90
749 750 90
23644 23645 90
16198 16199 90
29812 29813 90
23966 23967 90
47489 47490 90
6302 6303 90
14615 14616 90
15579 15580 90
27641 27642 90
10005 10006 90
10982 10983 90
38192 38193 90
2369 2370 90
14426 14427 90
15587 15588 90
1384 1385 90
47514 47515 90
10985 10986 90
19165 19166 90
13862 13863 90
21569 21570 90
21571 21572 90
13339 13340 90
19673 19674 90
45826 45827 90
6388 6389 90
10017 10018 90
18925 18926 90
7508 32961 90
26978 26979 90
12259 12260 90
13694 13695 90
40599 40600 90
4969 4970 90
13187 30071 90
38235 38236 90
25297 25298 90
38243 38244 90
30239 30240 90
6021 6022 90
20215 20216 90
39173 39174 90
49314 49315 90
5899 5900 90
21597 21598 90
49322 49323 90
10146 10147 90
46434 46435 90
13519 13520 90
22488 22489 90
34256 34257 90
28052 28053 90
39668 39669 90
34258 34259 90
1130 1131 90
2849 2850 90
3705 3706 90
22492 22493 90
24996 29981 90
10874 10875 90
23090 23091 90
44248 44249 90
45885 45886 90
48170 48171 90
4740 4741 90
1307 1308 90
37837 37838 90
41649 41650 90
27708 27709 90
49957 49958 90
25973 25974 90
31816 31817 90
2609 2610 90
5045 5046 90
11015 11016 90
10880 10881 90
44270 44271 90
25010 25011 90
34732 34733 90
5437 5438 90
45911 45912 90
3801 3802 90
48784 48785 90
35180 35181 90
11577 11578 90
16886 16887 90
46494 46495 90
8933 41070 90
48212 48213 90
42711 42712 90
12580 13472 90
33894 33895 90
24680 24681 91
13210 13211 91
7487 7488 91
18554 18555 91
45635 45636 91
37095 37096 91
32116 32117 91
18556 38305 91
46256 46257 91
14469 14470 91
22129 24676 91
42767 42768 91
43904 43905 91
39547 39548 91
45652 45653 91
38542 38543 91
17733 17734 91
7658 7659 91
36630 36631 91
1394 1395 91
34738 34739 91
45063 45064 91
11926 11927 91
14474 14475 91
2562 2563 91
13978 13979 91
34743 34744 91
8617 8618 91
16038 16039 91
26947 26948 91
32980 32981 91
16039 16040 91
39572 39573 91
8618 8619 91
21887 21888 91
21888 21889 91
5670 5671 91
21890 21891 91
25325 25326 91
48785 48786 91
39068 39069 91
49419 49420 91
28340 28341 91
38093 38094 91
34763 34764 91
2563 2564 91
9369 9370 91
27295 27296 91
27642 27643 91
29452 29453 91
22422 22423 91
30574 30575 91
8231 8232 91
39595 39596 91
25330 25331 91
41159 49618 91
40108 40109 91
21366 21367 91
31750 31751 91
7580 7581 91
36191 36192 91
10970 10971 91
49448 49449 91
46954 46955 91
24418 24419 91
16050 16051 91
15685 15686 91
14822 14823 91
11938 11939 91
41174 41175 91
21634 21635 91
20880 20881 91
46969 46970 91
46970 46971 91
31765 31766 91
21638 21639 91
28364 28365 91
2910 2911 91
38131 38132 91
13826 13827 91
33456 33457 91
16607 16608 91
45746 45747 91
32198 32199 91
4004 4005 91
9262 9263 91
4005 4006 91
4229 4230 91
26989 26990 91
13088 13089 91
20405 20406 91
2339 2340 91
35765 35766 91
8843 8844 91
42334 42335 91
23002 30974 91
2110 2111 91
27683 27684 91
38636 38637 91
13684 13685 91
29509 29510 91
6142 6143 91
33056 33057 91
44603 44604 91
33063 33064 91
42910 42911 91
25692 25693 91
9978 9979 91
15362 15363 91
26004 26005 91
28049 28050 91
5811 5812 91
4942 4943 91
2847 2848 91
30267 30268 91
7328 7329 91
34855 34856 91
41252 41253 91
25381 25382 91
8155 8156 91
23301 23302 91
8538 8539 91
13698 13699 91
12667 12668 91
40722 40723 91
3953 3954 91
9747 33402 91
26024 26025 91
9177 9178 91
26365 26366 91
20206 20207 91
27037 27038 91
3465 3466 91
28074 28075 91
38207 38208 91
14196 14197 91
2294 2295 91
47075 47076 91
37752 37753 91
16088 16089 91
28084 31783 91
33971 33972 91
43521 43522 91
20925 20926 91
3652 3653 91
41849 41850 91
12244 12245 91
5214 5215 91
18853 18854 91
19084 19085 91
19762 19763 91
17811 46501 91
29180 29181 91
33119 33120 91
43541 43542 91
34904 49006 91
48970 48971 91
47725 47726 91
18858 18859 91
16655 16656 91
39238 39239 91
21710 21711 91
19308 19309 91
41883 41884 91
29194 29195 91
22235 22236 91
19773 19774 91
21453 21454 91
15912 15913 91
24214 24215 91
11560 11561 91
15225 15226 91
46527 46528 91
28832 28833 91
27764 27765 91
21460 21461 91
15055 15056 91
14368 14369 91
15919 15920 91
31898 31899 91
34466 34467 91
35896 35897 91
1888 1889 91
8870 8871 91
35416 35417 91
968 969 91
26419 26420 91
38289 38290 91
17629 17630 91
34479 34480 91
9415 9416 91
46559 46560 91
22814 22815 91
30349 30350 91
18882 18883 91
39797 39798 91
32336 32337 91
8874 8875 91
49697 49698 91
262 263 91
7532 7533 91
46585 46586 91
41393 41394 91
48437 48438 91
33191 33192 91
33624 33625 91
15585 15586 91
2053 2054 91
584 585 91
23665 23666 91
27799 27800 91
26763 26764 91
28155 28156 91
27801 27802 91
18898 18899 91
30004 30005 91
48462 48463 91
29253 29254 91
3973 3974 91
23669 23670 91
20981 20982 91
34996 34997 91
48471 48472 91
7274 7275 91
7803 7804 91
37872 37873 91
24557 24558 91
40879 40880 91
22836 22837 91
19571 19572 91
21233 21234 91
15077 15078 91
6955 6956 91
25489 25490 91
10765 10766 91
14736 14737 91
7709 7710 91
31962 31963 91
24569 24570 91
26117 26118 91
39859 39860 91
20277 20278 91
11861 11862 91
22288 22289 91
3815 3816 91
49132 49133 91
8470 8471 91
36451 36452 91
21244 36542 91
43692 43693 91
9666 29097 91
19358 19359 91
32817 32818 91
43706 43707 91
40919 40920 91
35512 35513 91
1578 1579 91
23994 23995 91
24897 24898 91
10650 10651 91
44863 44864 91
35996 35997 91
38383 38384 91
11872 11873 91
10280 10281 91
7907 7908 91
22305 22306 91
31195 31196 91
11048 11049 91
43727 43728 91
3763 3764 91
38886 38887 91
554 555 91
27166 27167 91
13920 13921 91
1852 1853 91
47928 47929 91
6882 6883 91
1796 1797 91
26156 26157 91
26835 26836 91
19376 19377 91
2530 2531 91
13769 13770 91
48576 48577 91
38905 38906 91
46100 46101 91
18085 18086 91
4101 4102 91
11060 11061 91
2482 2483 91
45497 45498 91
26168 26169 91
31225 31226 91
4851 4852 91
49866 49867 91
37479 37480 91
29330 29331 91
5852 45812 91
32444 32445 91
13778 13779 91
13779 13780 91
49884 49885 91
31623 31624 91
18099 18100 91
40463 40464 91
28595 28596 91
27543 27544 91
22079 22080 91
46153 46154 91
17697 17698 91
26865 26866 91
14434 14435 91
24329 24330 91
32892 32893 91
40484 40485 91
42683 42684 91
15813 24970 91
2382 2383 91
34653 34654 91
17903 17904 91
2590 2591 91
31654 31655 91
20565 20566 91
22644 22645 91
9699 12076 91
21061 21062 91
15477 45992 91
3106 3107 91
18747 18748 91
49948 49949 91
23767 23768 91
20113 20114 91
35146 35147 91
43843 43844 91
23480 23481 91
9942 9943 91
10681 10682 91
34675 34676 91
14290 14291 91
543 544 91
4457 4458 91
4922 4923 91
27933 27934 91
42178 42179 91
3335 3336 91
27934 27935 91
20347 20348 91
33358 33359 91
17142 17143 91
41068 41069 91
41072 41073 91
25608 25609 91
26236 26237 91
5526 5527 92
3965 3966 92
39520 39521 92
1865 1866 92
47030 47031 92
45282 45283 92
21245 21246 92
2894 36874 92
32576 32577 92
39052 39053 92
32197 32198 92
5306 9998 92
9696 9697 92
18907 18908 92
34174 34175 92
1675 1676 92
9333 22332 92
25577 25578 92
39069 39070 92
27407 27408 92
379 380 92
48246 48247 92
36361 36362 92
49438 49439 92
46482 46483 92
28671 28672 92
1535 1536 92
1608 1609 92
29689 29690 92
9578 9579 92
16270 16271 92
35053 35054 92
6524 6525 92
28681 28682 92
34196 34197 92
7536 24268 92
34622 34623 92
29702 29703 92
10593 10594 92
28051 28052 92
24157 24158 92
15182 15183 92
4189 4190 92
43698 43699 92
45352 45353 92
37756 37757 92
16097 16098 92
24162 24163 92
29022 29023 92
22275 29494 92
540 541 92
4137 4138 92
47119 47120 92
47122 47123 92
22279 22280 92
27750 27751 92
3613 3614 92
42121 42122 92
29376 29377 92
23343 23344 92
18049 18050 92
17452 17453 92
21047 21048 92
10867 44192 92
39135 39136 92
47731 47732 92
26507 26508 92
18052 18053 92
41089 41090 92
49523 49524 92
21293 21294 92
41605 41606 92
13573 13574 92
13575 13576 92
14829 14830 92
30084 30085 92
31143 31144 92
27142 27143 92
46586 46587 92
3255 3256 92
39158 39159 92
12083 12084 92
7258 7259 92
6887 6888 92
41627 41628 92
35563 35564 92
34692 34693 92
43775 43776 92
42173 42174 92
7740 7741 92
248 249 92
22587 22588 92
46020 46021 92
10878 10879 92
21558 29208 92
35578 35579 92
5551 5552 92
3124 3125 92
34708 41626 92
31911 31912 92
22317 22318 92
40632 40633 92
455 456 92
37834 37835 92
46040 46041 92
47800 47801 92
11317 11318 92
34717 34718 92
10486 10487 92
36487 36488 92
24787 25256 92
49608 49609 92
1082 1083 92
28764 28765 92
5872 5873 92
23395 23396 92
46074 46075 92
12751 12752 92
5185 5186 92
30475 30476 92
34305 34306 92
11036 11037 92
30479 30480 92
784 12716 92
39231 39232 92
34750 34751 92
39235 39236 92
21838 21839 92
33518 33519 92
5256 5257 92
18753 18754 92
9252 9253 92
39241 39242 92
3774 3775 92
43857 43858 92
20855 20856 92
11041 11042 92
18104 18105 92
5406 5407 92
25101 25102 92
8370 8371 92
44961 44962 92
42785 42786 92
22354 22355 92
879 880 92
49678 49679 92
23426 23427 92
489 490 92
4210 4211 92
22111 22112 92
17705 31879 92
5571 5572 92
11056 11057 92
11057 11058 92
49700 49701 92
40236 40237 92
17913 17914 92
11350 11351 92
33566 33567 92
29498 29499 92
31991 31992 92
6382 6383 92
26305 26306 92
34807 34808 92
29502 29503 92
5572 5573 92
41257 41258 92
26307 26308 92
34371 34372 92
11061 11062 92
44475 44476 92
11355 11356 92
25420 25421 92
30894 30895 92
287 288 92
21371 21372 92
41269 41270 92
41784 41785 92
15073 15074 92
39785 39786 92
12445 12446 92
41276 41277 92
42858 42859 92
10644 10645 92
24562 24563 92
18137 18138 92
33194 33195 92
28510 28511 92
4999 5000 92
35268 35269 92
9512 9513 92
14006 14007 92
18799 18800 92
49156 49157 92
19723 19724 92
7977 7978 92
2523 2524 92
29184 29185 92
1821 1822 92
31282 31283 92
44518 44519 92
17937 17938 92
23198 23199 92
41828 41829 92
35732 35733 92
26343 26344 92
17738 17739 92
18158 18159 92
12308 12309 92
40315 40316 92
38882 38883 92
38424 38425 92
26352 26353 92
40319 40320 92
13659 13660 92
41853 41854 92
8721 8722 92
32441 32442 92
1939 1940 92
8615 8616 92
2602 2603 92
10027 10028 92
35312 35313 92
41341 41342 92
44568 44569 92
5082 5083 92
24043 24044 92
12154 12155 92
37103 37104 92
16204 16205 92
49833 49834 92
45125 45126 92
14922 14923 92
1547 1548 92
8303 8304 92
14223 14224 92
35340 35341 92
29239 29240 92
22451 22452 92
24917 24918 92
16034 16035 92
27636 27637 92
46904 46905 92
46911 46912 92
24630 24631 92
18192 18193 92
38953 38954 92
49276 49277 92
3500 3501 92
39909 39910 92
20716 20717 92
11865 11866 92
29609 29610 92
32116 46473 92
43014 43015 92
11396 11397 92
40405 40406 92
19092 19093 92
8003 8004 92
33705 33706 92
35834 35835 92
14944 14945 92
10959 10960 92
11710 11711 92
329 330 92
40420 40421 92
19549 19550 92
46963 46964 92
858 859 92
31021 31022 92
17789 17790 92
39470 39471 92
37654 37655 92
16618 16619 92
31395 31396 92
5019 5020 92
31398 31399 92
5293 5294 92
34131 34132 92
45239 45240 92
46402 46403 92
1057 1058 92
858 46374 92
8979 8980 92
43074 43075 92
747 748 92
11423 11424 92
5839 5840 92
4018 4019 92
11579 42233 92
19129 19130 92
32175 32176 92
40467 40468 92
33756 33757 92
38570 38571 92
7615 7616 92
9813 9814 92
42557 42558 92
27028 27029 93
45966 45967 93
10149 10150 93
34121 34122 93
7379 7380 93
15464 15465 93
33736 33737 93
47107 47108 93
18292 18293 93
12402 12403 93
5992 5993 93
666 667 93
42813 42814 93
18736 18737 93
19678 19679 93
22425 22426 93
8446 8447 93
28005 28006 93
43867 43868 93
30345 30346 93
13961 13962 93
5412 5413 93
3802 3803 93
37604 37605 93
6345 6346 93
39850 39851 93
20174 20175 93
30354 30355 93
13970 13971 93
45474 45475 93
370 371 93
44416 44417 93
29341 29342 93
32209 32210 93
18088 18089 93
17669 17670 93
41831 41832 93
27387 27388 93
44427 44428 93
13607 13608 93
11654 11655 93
37176 37177 93
37630 37631 93
29692 29693 93
6975 6976 93
5712 48045 93
21937 21938 93
22992 22993 93
3432 3433 93
48348 48349 93
13985 13986 93
2783 23214 93
21430 21431 93
10939 10940 93
9560 9561 93
31475 32647 93
37209 37210 93
4640 4641 93
7871 7872 93
2846 2847 93
47221 47222 93
17689 17690 93
14925 14926 93
34209 34210 93
40870 40871 93
45541 45542 93
29377 29378 93
12432 12433 93
14749 14750 93
41892 41893 93
3855 3856 93
46680 46681 93
38547 38548 93
26155 26156 93
1533 1534 93
38106 38107 93
36358 36359 93
3766 3767 93
12943 12944 93
3952 3953 93
33843 33844 93
31881 31882 93
43458 43459 93
31882 31883 93
4650 4651 93
35520 35521 93
19980 19981 93
42441 42442 93
6518 6519 93
12291 12292 93
37266 37267 93
11234 11235 93
24413 24414 93
26182 26183 93
45053 45054 93
45603 45604 93
49020 49021 93
22497 45455 93
10955 10956 93
24419 24420 93
2320 2321 93
34686 34687 93
32680 32681 93
14016 14017 93
34259 34260 93
19046 19047 93
40941 40942 93
47309 47310 93
8087 8088 93
31923 31924 93
40461 40462 93
24724 24725 93
24155 24156 93
21743 21744 93
6602 6603 93
4059 4060 93
16302 16303 93
39551 39552 93
6603 6604 93
49076 49077 93
16906 16907 93
33509 33510 93
44061 44062 93
3958 3959 93
1424 1425 93
38640 38641 93
31203 31204 93
40031 40032 93
10702 10703 93
40034 40035 93
32340 32341 93
7612 7613 93
9715 9716 93
5267 5268 93
11403 35031 93
46815 46816 93
40508 40509 93
13671 13672 93
6376 6377 93
2271 2272 93
3156 3157 93
41005 41006 93
11410 11411 93
30493 30494 93
26242 26243 93
40055 40056 93
29134 29135 93
23908 23909 93
37353 37354 93
28153 28154 93
17540 17541 93
24474 24475 93
37357 37358 93
9723 9724 93
39134 39135 93
29482 29483 93
14797 14798 93
49149 49150 93
25357 25358 93
3122 3123 93
45730 45731 93
21779 21780 93
30171 30172 93
24481 24482 93
32768 32769 93
38693 38694 93
9040 9041 93
7437 7438 93
8827 8828 93
17341 17342 93
8299 8300 93
6031 6032 93
40097 40098 93
31618 31619 93
48005 48006 93
32783 32784 93
6033 6034 93
21020 21021 93
18189 18190 93
1884 1885 93
7096 7097 93
13345 13346 93
6242 6243 93
49199 49200 93
45778 45779 93
15007 15008 93
34385 34386 93
17561 46514 93
44709 44710 93
6243 6244 93
40603 40604 93
22851 22852 93
13003 13004 93
45247 45248 93
2986 2987 93
25397 25398 93
10471 10472 93
48060 48061 93
9164 9165 93
6466 6467 93
10474 10475 93
7187 7188 93
10110 10111 93
34838 34839 93
42143 42144 93
27580 27581 93
7629 7630 93
13013 13014 93
3533 3534 93
32437 32438 93
6172 6173 93
46390 46391 93
85 86 93
12518 12519 93
47520 47521 93
5689 5690 93
21567 21568 93
7725 37752 93
20561 20562 93
9397 9398 93
12361 12362 93
29568 29569 93
42175 42176 93
24548 24549 93
2041 2042 93
35736 35737 93
37475 37476 93
23705 23706 93
28897 28898 93
23 24 93
35750 35751 93
45878 45879 93
0 1 93
49913 49914 93
32096 32097 93
16995 43606 93
49923 49924 93
42221 42222 93
15052 15053 93
34476 34477 93
20591 20592 93
36194 36195 93
49938 49939 93
15247 15248 93
49343 49344 93
26663 26664 93
33690 33691 93
29268 29269 93
17831 43182 93
47612 47613 93
18939 18940 93
32125 32126 93
11032 32468 93
11315 11316 93
43795 43796 93
44317 44318 93
7209 7210 93
10378 10379 93
19183 19184 93
26068 26069 93
12556 12557 93
49390 49391 93
2388 2389 93
10773 10774 93
46512 46513 94
24860 24861 94
6064 6065 94
7793 37927 94
34384 34385 94
27033 27034 94
459 460 94
5481 5482 94
23698 23699 94
13313 13314 94
4163 4164 94
14312 14313 94
533 34424 94
5657 5658 94
19574 19575 94
23718 23719 94
10144 10145 94
30895 30896 94
41204 41205 94
45430 45431 94
11005 16546 94
41207 41208 94
47 48 94
32039 32040 94
39295 39296 94
7980 7981 94
28757 28758 94
25497 25498 94
12545 12546 94
39309 39310 94
17268 17269 94
14165 14166 94
20075 20076 94
2057 2058 94
32447 32448 94
34051 34052 94
25508 25509 94
24609 24610 94
20798 20799 94
38392 38393 94
47187 47188 94
29849 29850 94
37523 37524 94
34894 34895 94
24033 24034 94
21565 21566 94
42801 42802 94
43334 43335 94
10510 10511 94
40770 40771 94
9919 9920 94
37978 37979 94
28109 28110 94
3687 3688 94
16880 16881 94
31697 32205 94
36656 36657 94
13346 13347 94
18946 18947 94
42833 42834 94
24936 24937 94
34492 34493 94
32098 32099 94
11714 11715 94
3536 3537 94
22925 22926 94
40805 40806 94
9350 9351 94
4039 4040 94
12003 12004 94
26796 26797 94
26797 26798 94
28820 28821 94
25852 25853 94
19624 19625 94
18731 18732 94
29549 29550 94
10772 10773 94
6863 6864 94
46132 46133 94
6864 6865 94
42369 42370 94
10051 10052 94
14198 14199 94
39880 39881 94
42896 42897 94
1343 1344 94
23801 23802 94
42904 42905 94
49632 49633 94
12736 12737 94
38041 38042 94
27158 27159 94
45599 45600 94
19415 19416 94
47311 47312 94
7094 7095 94
26192 26193 94
40863 40864 94
5042 5043 94
38961 38962 94
15605 15606 94
5674 5675 94
7738 7739 94
38502 38503 94
45056 45057 94
32161 32162 94
7097 7098 94
15970 15971 94
16918 16919 94
31776 31777 94
831 832 94
34572 34573 94
18 19 94
11882 11883 94
41386 41387 94
13532 13533 94
37195 37196 94
39929 39930 94
38524 38525 94
13860 13861 94
35886 35887 94
2039 2040 94
1244 1245 94
38084 38085 94
7255 7256 94
44563 44564 94
23549 23550 94
8194 8195 94
46807 46808 94
25015 25016 94
19448 19449 94
40426 40427 94
37671 37672 94
42978 42979 94
5330 15002 94
21398 21399 94
46242 46243 94
32591 32592 94
9376 9377 94
45128 45129 94
33399 33400 94
22733 22734 94
48574 48575 94
12775 12776 94
37243 37244 94
35927 35928 94
27550 27551 94
27551 27552 94
33822 33823 94
35496 35497 94
32612 32613 94
5686 5687 94
28566 28567 94
4932 4933 94
21940 21941 94
1420 1421 94
28920 28921 94
16766 16767 94
5450 5451 94
9176 9177 94
19 20 94
39063 39064 94
19031 19032 94
37726 37727 94
39539 39540 94
9498 28631 94
20917 20918 94
16013 46609 94
27576 27577 94
3659 3660 94
11630 11631 94
43059 43060 94
25955 25956 94
17169 17170 94
17170 17171 94
18597 18598 94
9616 9617 94
48053 48054 94
27919 27920 94
8972 8973 94
18817 18818 94
31497 31498 94
27932 27933 94
44693 44694 94
6676 6677 94
46362 46363 94
36873 36874 94
1827 1828 94
14425 14426 94
48090 48091 94
22509 22510 94
13913 13914 94
21989 21990 94
35147 35148 94
8304 8305 94
35587 35588 94
41053 41054 94
36029 36030 94
18621 18622 94
170 171 94
19748 19749 94
36471 36472 94
31921 31922 94
1678 1679 94
19755 19756 94
1606 1607 94
7355 7356 94
22539 22540 94
12813 12814 94
5175 5176 94
2587 2588 94
6693 6694 94
48755 48756 94
26347 26348 94
42647 42648 94
30821 30822 94
12512 12513 94
15873 15874 94
45328 45329 94
27330 27331 94
16628 16629 94
38281 38282 94
8145 8146 94
16438 16439 94
4350 4351 94
9312 9313 94
13610 13611 94
25751 25752 94
34357 34358 94
17423 17424 94
43737 43738 94
36096 36097 94
34363 34364 94
13611 13612 94
46492 46493 94
39221 42266 94
21775 21776 94
45367 45368 94
2395 2396 94
10728 10729 94
14654 14655 94
27689 27690 94
26689 26690 94
12986 12987 94
40826 40827 95
6604 6605 95
3605 3606 95
47624 47625 95
5492 5493 95
43821 43822 95
41799 41800 95
31774 31775 95
28429 28430 95
36468 36469 95
20599 20600 95
27213 27214 95
49420 49421 95
10425 10426 95
5632 26508 95
21261 21262 95
13500 13501 95
1004 1005 95
11321 11322 95
23134 23135 95
2415 22513 95
31812 31813 95
25219 25220 95
13827 13828 95
42364 42365 95
940 941 95
47126 47127 95
1329 1330 95
19806 32225 95
46011 46012 95
13363 13364 95
46013 46014 95
44418 44419 95
25516 25517 95
30442 30443 95
43900 43901 95
31128 31129 95
31129 31130 95
20856 20857 95
12608 12609 95
1147 1148 95
43407 43408 95
29136 29137 95
6377 6378 95
46048 46049 95
43922 45377 95
14852 14853 95
25252 25253 95
44451 44452 95
32593 32594 95
44453 44454 95
46617 46618 95
46618 46619 95
1493 1494 95
32595 32596 95
10093 10094 95
23679 23680 95
47200 47201 95
9973 9974 95
106 107 95
48953 48954 95
23430 23431 95
35331 35332 95
40479 40480 95
38678 38679 95
696 697 95
8582 8583 95
25008 25009 95
45547 45548 95
31515 31516 95
6384 6385 95
7879 14959 95
25557 25558 95
26690 26691 95
25559 25560 95
46113 46114 95
5307 5308 95
31894 41819 95
49604 49605 95
35781 35782 95
18837 18838 95
29850 29851 95
18067 18068 95
28864 28865 95
27321 27322 95
1152 10250 95
27928 27929 95
20062 20063 95
22495 22496 95
38319 38320 95
33052 33053 95
11645 11646 95
42014 42015 95
19655 19656 95
10235 10236 95
35000 35001 95
36236 36237 95
45088 45089 95
26161 26162 95
685 686 95
14741 14742 95
42042 42043 95
47334 47335 95
3503 3504 95
28589 28590 95
18298 18299 95
26183 26184 95
39246 39247 95
38799 38800 95
26185 26186 95
31979 31980 95
21603 21604 95
23764 23765 95
41575 41576 95
46812 46813 95
47941 47942 95
45692 45693 95
10735 10736 95
5265 5266 95
13284 13285 95
18893 18894 95
15597 15598 95
39723 39724 95
26788 26789 95
35473 35474 95
2901 2902 95
45724 45725 95
7912 7913 95
11399 11400 95
36307 36308 95
24834 24835 95
44143 44144 95
31299 31300 95
17191 17192 95
10145 10146 95
9906 45600 95
32765 32766 95
33534 33535 95
21179 21180 95
34680 34681 95
33154 33155 95
13602 13603 95
3120 3121 95
25387 25388 95
27418 27419 95
26224 26225 95
48016 48017 95
8120 8121 95
47446 47447 95
34703 34704 95
27122 27123 95
27428 27429 95
6666 6667 95
38884 38885 95
48036 48037 95
36765 36766 95
27430 27431 95
45242 45243 95
46907 46908 95
4970 4971 95
46909 46910 95
38038 38039 95
39345 39346 95
24064 24065 95
5824 5825 95
9690 9691 95
15116 15117 95
2938 2939 95
45809 45810 95
3781 3782 95
26245 26246 95
48076 48077 95
7927 7928 95
37222 37223 95
38917 38918 95
40732 40733 95
1577 1578 95
30660 30661 95
11426 11427 95
40278 40279 95
21665 21666 95
37240 37241 95
35570 35571 95
43736 43737 95
48712 48713 95
27156 27157 95
7832 7833 95
24347 24348 95
454 455 95
37255 37256 95
49926 49927 95
20564 20565 95
35585 44708 95
48131 48132 95
40772 40773 95
16508 16509 95
40312 40313 95
23080 23081 95
46997 46998 95
49945 49946 95
11995 11996 95
46449 46450 95
34381 34382 95
46454 46455 95
13969 13970 95
7035 7036 95
8861 8862 95
666 11532 95
42282 42283 95
4921 4922 95
39888 39889 95
49376 49377 95
32498 32499 95
3436 3437 95
14806 29899 95
22634 22635 95
42834 42835 96
35168 35169 96
36850 36851 96
3494 3495 96
46565 46566 96
14144 14145 96
27849 27850 96
6919 6920 96
49432 49433 96
28803 28804 96
21561 21562 96
11737 11738 96
24920 24921 96
13101 13102 96
7674 7675 96
34383 34384 96
11740 11741 96
36884 36885 96
15609 15610 96
29808 29809 96
31813 31814 96
11878 11879 96
32165 32166 96
8146 8147 96
43408 43409 96
47192 47193 96
10139 10140 96
16671 16672 96
7005 7006 96
26361 26362 96
9027 9028 96
43934 43935 96
13259 30028 96
452 453 96
36489 36490 96
9351 9352 96
32181 32182 96
32904 32905 96
45540 45541 96
19749 19750 96
14641 14642 96
39546 39547 96
36933 36934 96
48363 48364 96
14645 14646 96
46674 46675 96
15461 15462 96
34841 34842 96
16867 16868 96
13705 13706 96
21848 21849 96
16320 16321 96
2383 2384 96
33306 33307 96
5552 5553 96
27304 27305 96
41968 41969 96
4491 4492 96
31869 31870 96
16330 16331 96
45058 45059 96
34464 34465 96
34468 34469 96
32584 32585 96
15307 15308 96
14976 14977 96
31883 31884 96
2933 23789 96
9816 9817 96
4737 4738 96
33348 33349 96
40088 40089 96
40093 40094 96
20467 20468 96
45114 45115 96
4542 4543 96
27959 27960 96
25860 25861 96
42040 42041 96
27352 27353 96
23651 23652 96
26146 26147 96
26150 26151 96
25592 25593 96
18301 18302 96
16549 16550 96
5312 5313 96
15000 15001 96
22395 22396 96
12582 12583 96
39233 39234 96
11129 11130 96
44648 44649 96
2031 2032 96
34558 34559 96
4265 4266 96
8862 8863 96
11398 11399 96
29291 29292 96
3874 3875 96
41106 41107 96
14070 14071 96
536 537 96
8867 26832 96
28015 28016 96
16044 16045 96
41129 41130 96
4268 4269 96
5083 5084 96
31974 31975 96
5575 5576 96
35838 35839 96
48601 48602 96
16048 16049 96
19195 19196 96
2033 2034 96
24234 24235 96
1136 1137 96
33089 33090 96
45275 45276 96
2037 2038 96
33862 33863 96
11557 11558 96
8485 8486 96
17545 17546 96
41683 41684 96
23203 23204 96
29018 29019 96
47526 47527 96
39339 39340 96
34647 34648 96
17746 17747 96
37175 37176 96
35480 35481 96
24274 24275 96
35485 35486 96
1819 1820 96
44268 44269 96
30675 30676 96
4975 4976 96
21746 21747 96
25403 44439 96
37640 37641 96
14744 14745 96
16615 16616 96
42243 42244 96
24294 24295 96
15230 15231 96
41253 41254 96
1408 1409 96
24031 24032 96
25984 25985 96
38075 38076 96
35950 35951 96
1767 1768 96
5994 5995 96
41764 41765 96
5795 5796 96
3161 3162 96
17576 17577 96
1825 1826 96
33185 33186 96
5041 5042 96
41789 41790 96
5407 5408 96
26895 26896 96
7757 7758 96
5802 13714 96
40825 40826 96
26012 26013 96
19050 19051 96
12944 12945 96
41809 41810 96
21071 21072 96
44372 44373 96
41816 41817 96
1520 1521 96
4990 4991 96
45449 45450 96
45091 45092 97
14908 14909 97
27534 27535 97
22549 22550 97
4745 4746 97
28154 28155 97
23291 23292 97
23294 23295 97
13507 13508 97
29448 29449 97
14436 14437 97
12940 12941 97
6299 6300 97
43636 43637 97
4646 4647 97
29463 29464 97
29135 29136 97
30814 30815 97
44141 44142 97
4208 4209 97
30818 30819 97
15415 15416 97
16093 16094 97
36488 36489 97
43663 43664 97
34473 36868 97
33737 33738 97
43184 43185 97
36913 36914 97
7502 7503 97
14147 14148 97
26371 26372 97
244 245 97
28514 28515 97
21862 21863 97
13535 13536 97
5080 5081 97
13995 13996 97
3759 3760 97
22347 22348 97
24682 24683 97
259 260 97
11444 11445 97
41788 41789 97
48458 48459 97
34933 34934 97
49592 49593 97
45238 45239 97
7833 7834 97
3301 3302 97
42292 42293 97
15126 15127 97
28558 28559 97
29883 29884 97
1376 1377 97
23119 23120 97
42324 42325 97
35775 35776 97
17579 17580 97
548 549 97
46365 46366 97
253 254 97
30576 30577 97
30577 30578 97
12716 12717 97
19652 19653 97
30933 30934 97
29581 29582 97
22399 22400 97
11343 11344 97
20763 20764 97
4393 4394 97
17032 17033 97
19445 19446 97
2911 2912 97
28627 28628 97
22675 22676 97
48603 48604 97
17804 17805 97
39626 39627 97
34646 34647 97
23965 23966 97
34263 34264 97
48626 48627 97
44885 44886 97
44389 44390 97
21965 21966 97
44408 44409 97
10790 10791 97
45422 45423 97
27727 27728 97
1676 1677 97
16007 16008 97
30319 30320 97
11989 11990 97
40562 40563 97
5684 5685 97
986 987 97
16354 16355 97
22956 22957 97
41037 41038 97
33583 33584 97
13174 13175 97
38404 38405 97
5565 5566 97
46524 46525 97
11379 11380 97
24286 24287 97
21288 21289 97
28075 28076 97
6633 6634 97
26253 26254 97
26254 26255 97
36764 36765 97
39735 39736 97
42048 42049 97
36769 36770 97
29712 29713 97
36778 36779 97
37208 37209 97
34760 34761 97
18881 18882 97
27480 27481 97
7158 7159 97
4934 4935 97
12908 12909 97
43049 43050 97
34010 34011 97
13200 13201 97
25423 25424 97
15879 15880 97
11400 11401 97
47174 47175 97
46102 46103 97
47719 47720 97
25724 25725 97
4239 4240 97
25729 25730 97
45591 45592 97
10501 10502 97
34421 34422 97
6099 6100 98
46629 46630 98
7202 7203 98
35481 35482 98
48323 48324 98
33539 33540 98
25028 25029 98
29587 29588 98
675 676 98
46697 46698 98
22232 22233 98
47813 47814 98
41133 41134 98
36368 36369 98
1353 1354 98
43092 43093 98
31700 31701 98
43097 43098 98
16018 16019 98
38057 38058 98
33215 33216 98
22500 22501 98
33986 33987 98
49584 49585 98
45705 45706 98
17113 17114 98
17115 17116 98
31740 31741 98
8342 8343 98
19508 19509 98
20398 20399 98
25371 25372 98
27723 27724 98
1596 1597 98
25379 30002 98
42201 42202 98
9806 9807 98
11952 11953 98
9913 9914 98
22068 22069 98
1727 1728 98
29027 29028 98
36906 36907 98
45279 45280 98
24330 24331 98
29056 29057 98
6554 6555 98
15730 15731 98
41307 41308 98
37370 37371 98
10371 10372 98
25731 25732 98
45883 45884 98
41829 41830 98
41832 41833 98
13964 13965 98
14933 14934 98
1031 1032 98
8113 8114 98
3754 3755 98
39124 39125 98
5374 5375 98
46470 46471 98
7668 7669 98
6499 6500 98
25488 25489 98
45416 45417 98
26336 26337 98
41414 41415 98
31197 31198 98
31199 31200 98
13993 13994 98
29487 29488 98
24960 24961 98
36218 36219 98
9853 9854 98
26364 26365 98
11499 11500 98
1964 1965 98
16663 16664 98
29840 29841 98
26666 26667 98
20759 20760 98
20760 20761 98
41480 41481 98
32341 32342 98
17803 17804 98
46041 46042 98
48812 48813 98
22438 22439 98
23166 23167 98
993 994 98
46065 46066 98
6199 6200 99
40806 40807 99
29380 29381 99
2538 2539 99
24425 24426 99
26349 26350 99
1999 2000 99
43730 43731 99
3057 3058 99
46262 46263 99
34999 35000 99
37022 37023 99
37023 37024 99
36203 36204 99
4016 4017 99
20466 20467 99
36215 36216 99
11842 11843 99
34645 34646 99
42812 42813 99
28195 28196 99
12236 12237 99
1387 1388 99
42839 42840 99
41405 41406 99
7192 7193 99
40494 40495 99
24498 24499 99
38761 38762 99
2612 2613 99
3710 3711 99
1389 1390 99
8727 8728 99
24257 24258 99
29838 29839 99
42436 42437 99
42440 42441 99
20114 20115 99
8737 8738 99
8567 8568 99
9906 9907 99
48637 48638 99
21444 21445 99
1782 1783 99
35573 35574 99
14566 14567 99
48117 48118 99
28622 28623 99
46563 46564 99
46052 46053 99
1527 1528 99
49862 49863 99
6378 6379 99
33376 33377 99
9325 9326 99
1766 1767 99
46619 46620 99
7868 7869 99
14447 14448 99
40277 40278 99
1414 1415 99
22440 22441 99
4388 4389 99
19780 19781 99
16905 16906 99
15733 15734 99
16913 16914 99
21082 21083 99
30003 30004 99
46695 46696 99
6206 6207 100
3793 3794 100
34755 34756 100
40712 40713 100
37439 37440 100
38240 38241 100
8986 8987 100
32736 32737 100
27991 27992 100
38734 38735 100
7380 7381 100
7382 7383 100
4452 4453 100
20125 20126 100
26005 26006 100
31608 31609 100
32897 32898 100
34957 34958 100
18612 18613 100
18820 18821 100
42445 42446 100
18325 18326 100
32690 32691 100

Total MST weight: 2320065

Execution time: 3188.95 ms
