Algorithm: Kruskal's MST

MST edges:
17 5121 1
37 5596 1
47 48 1
176 177 1
205 1470 1
352 353 1
363 364 1
553 554 1
634 635 1
635 636 1
682 683 1
727 728 1
920 7708 1
944 945 1
1098 1382 1
1135 2073 1
1229 1230 1
1240 1241 1
1301 1302 1
1320 1321 1
1332 1333 1
1380 6371 1
1436 1437 1
1745 1746 1
1756 1757 1
1762 1763 1
1771 1772 1
2044 2045 1
2067 2068 1
2126 2127 1
2177 2178 1
2223 2224 1
2229 2230 1
2275 2276 1
2409 2410 1
2706 2707 1
2721 4744 1
2735 2736 1
2820 2821 1
2874 2875 1
2933 9469 1
2981 2982 1
3045 3046 1
3101 3102 1
3170 3171 1
3216 3217 1
3265 6399 1
3318 3319 1
3325 7539 1
3403 5513 1
3514 3515 1
3584 3585 1
3699 3700 1
3783 3784 1
3832 3833 1
3967 3968 1
3985 3986 1
4018 6042 1
4462 4463 1
4464 4465 1
4483 4484 1
4508 4509 1
4542 4543 1
4556 4557 1
4559 4560 1
4761 4762 1
4807 4808 1
4927 4928 1
5043 5044 1
5155 5156 1
5230 7112 1
5253 8972 1
5535 5536 1
5552 5553 1
5577 5578 1
5656 5657 1
5810 5811 1
5876 5877 1
5894 5895 1
6042 7875 1
6091 6092 1
6097 6098 1
6235 6236 1
6283 6284 1
6301 6302 1
6374 8776 1
6589 6590 1
6659 6660 1
6697 6698 1
6723 6724 1
6755 6756 1
6914 6915 1
7014 7015 1
7146 7147 1
7201 7202 1
7302 7303 1
7396 7397 1
7524 7525 1
7622 7623 1
7677 7678 1
7678 7679 1
7823 7824 1
7897 7898 1
7939 7940 1
8060 8061 1
8172 8595 1
8237 8238 1
8281 8282 1
8288 8289 1
8304 8305 1
8547 8548 1
8607 8608 1
8690 8691 1
8719 8720 1
8813 8814 1
8969 8970 1
9036 9037 1
9039 9040 1
9141 9142 1
9442 9443 1
9510 9511 1
9556 9557 1
9652 9653 1
9738 9739 1
9901 9902 1
9952 9953 1
4516 4517 2
507 508 2
2144 9572 2
2172 8194 2
4561 4562 2
4582 4583 2
507 7329 2
4774 4792 2
1198 7751 2
1199 1200 2
5003 5004 2
5035 5523 2
2230 2231 2
5071 5072 2
260 5000 2
5185 9656 2
1229 6780 2
5238 5239 2
2445 3267 2
5277 5278 2
5307 9407 2
2484 6969 2
5543 5544 2
2582 2936 2
2698 3276 2
5609 5610 2
5610 5611 2
5629 5630 2
5643 5644 2
5646 5647 2
2702 8523 2
5743 5744 2
5766 6222 2
265 1953 2
5849 5850 2
5859 5860 2
5869 5870 2
5873 8803 2
1282 1283 2
306 307 2
5900 5901 2
6002 6003 2
6014 6015 2
2738 3379 2
2749 2750 2
2768 2769 2
6102 6103 2
6133 6134 2
6220 6221 2
2783 8621 2
6236 7667 2
6244 6245 2
2808 2809 2
21 22 2
358 359 2
6473 6474 2
6538 6539 2
1344 2476 2
6596 6597 2
2973 2974 2
6679 6680 2
842 843 2
2988 2989 2
6741 6742 2
1425 7899 2
6795 9930 2
6823 6824 2
904 905 2
3111 3112 2
7064 7475 2
7075 7076 2
1533 1534 2
3186 3887 2
7215 7216 2
7256 9029 2
7277 9516 2
3212 3213 2
1578 1579 2
7521 7522 2
3258 3259 2
7580 7581 2
1583 1584 2
3296 9190 2
1668 9774 2
1674 1675 2
3351 3352 2
1689 2636 2
3415 3416 2
8086 8087 2
8095 8096 2
8106 8107 2
3421 8143 2
3488 6411 2
1725 4633 2
59 2156 2
8294 8295 2
934 935 2
8383 8384 2
8470 8471 2
1758 5730 2
8594 8595 2
3793 3794 2
463 464 2
3896 3897 2
8806 8807 2
3904 3905 2
8957 8958 2
3926 3927 2
3929 3930 2
1021 1022 2
9074 9075 2
1823 1824 2
9307 9308 2
9317 9318 2
9391 9392 2
9410 9411 2
9432 9433 2
1902 1903 2
9492 9493 2
4096 4097 2
4278 8909 2
9560 9561 2
9618 9619 2
9645 9646 2
1953 1954 2
1050 1051 2
9745 9746 2
1091 1092 2
2114 2115 2
9998 9999 2
2783 2784 3
2021 2022 3
513 514 3
6138 6139 3
4048 4049 3
1426 7242 3
4233 4234 3
4239 4240 3
6280 6281 3
4271 4272 3
2828 2829 3
4330 4331 3
6413 6414 3
6422 6423 3
4427 4428 3
1169 1170 3
1171 1172 3
2950 2951 3
6635 6636 3
2959 2960 3
6659 7795 3
2132 2133 3
4518 4519 3
1555 1556 3
2150 2151 3
3013 3014 3
1562 1563 3
3046 3047 3
6868 6869 3
4583 4584 3
6994 6995 3
4707 6138 3
3087 3088 3
876 9244 3
240 241 3
4808 4809 3
4811 4812 3
3167 3168 3
4954 4955 3
5002 5003 3
130 131 3
5004 5005 3
155 5427 3
2272 2273 3
7602 7603 3
653 654 3
5112 7954 3
5120 5121 3
3220 3221 3
7867 7868 3
5184 5185 3
2365 2366 3
7960 7961 3
5202 7577 3
8080 8081 3
5230 5231 3
2391 2392 3
3289 4998 3
8115 8116 3
5240 5241 3
3291 3292 3
8255 8256 3
5272 5273 3
1000 9314 3
8291 8292 3
5306 5307 3
3313 3314 3
5334 5335 3
8397 8398 3
8409 9718 3
8468 8469 3
5352 5353 3
8504 8505 3
5407 8317 3
5459 5460 3
5527 5528 3
663 2271 3
1311 1312 3
8742 8743 3
8783 8784 3
8784 8785 3
2489 4357 3
2501 2502 3
8852 8853 3
8889 9678 3
2510 2511 3
3419 3420 3
2545 2546 3
3447 3448 3
2557 2558 3
9075 9076 3
9117 9118 3
9140 9141 3
19 690 3
9176 9177 3
9198 9199 3
9251 9252 3
9301 9302 3
5694 5695 3
5719 8153 3
9358 9359 3
9385 9386 3
9386 9387 3
3541 3542 3
9399 9400 3
2681 9213 3
1323 7638 3
3713 6872 3
9452 9453 3
3724 3725 3
1765 1766 3
42 43 3
3796 3797 3
9604 9605 3
5892 5893 3
3831 4841 3
1783 6684 3
5903 5904 3
841 842 3
9796 9797 3
9817 9818 3
9827 9828 3
9895 9896 3
1368 1369 3
9923 9924 3
1947 1948 3
1108 3981 3
1807 9731 4
3054 3055 4
4070 4071 4
4086 4087 4
7424 7425 4
7446 8066 4
7485 7486 4
4089 4090 4
4094 4272 4
2482 2483 4
4211 4212 4
349 350 4
7658 7659 4
5557 5558 4
1827 1828 4
4245 4246 4
7854 7855 4
2492 2493 4
5612 5613 4
1900 1901 4
872 873 4
7964 7965 4
4383 4384 4
525 1914 4
4435 6242 4
8091 8092 4
4445 4446 4
4460 4461 4
1457 1458 4
8144 9770 4
5774 5775 4
8205 8206 4
5794 8221 4
2558 2559 4
1468 1469 4
2599 5240 4
2667 2668 4
168 6839 4
906 907 4
8360 8361 4
581 9530 4
264 7183 4
3322 8037 4
8412 8413 4
223 224 4
5996 5997 4
3349 3350 4
4683 4684 4
8564 8565 4
8575 8576 4
8588 8589 4
2136 2137 4
6060 6061 4
8662 8663 4
4759 4760 4
2142 2143 4
8721 8722 4
993 994 4
8751 8752 4
442 443 4
2771 9300 4
6178 6179 4
1301 4759 4
4856 4857 4
8871 8872 4
8883 8884 4
4912 4913 4
8926 8927 4
1014 1015 4
8961 8962 4
3495 3496 4
9026 9027 4
2209 6977 4
2812 2813 4
6324 6325 4
6355 7560 4
9083 9084 4
9087 9088 4
3578 3579 4
9138 9139 4
6389 6390 4
5012 5417 4
282 283 4
3585 3586 4
5052 5053 4
5068 5069 4
3600 3601 4
5103 5104 4
6636 6637 4
1750 1751 4
2844 2845 4
5121 5122 4
6684 8096 4
5130 6100 4
2849 2850 4
5179 5180 4
489 490 4
9453 9454 4
2892 5983 4
6797 6798 4
2933 6662 4
6853 6854 4
1058 1059 4
6869 6992 4
9636 9637 4
287 288 4
1357 1358 4
9736 9737 4
7002 7003 4
2383 2384 4
2385 2386 4
767 768 4
7095 7096 4
9872 9873 4
7120 8410 4
2399 8619 4
9907 9908 4
5293 5773 4
9927 9928 4
80 81 4
9963 9964 4
7231 7232 4
3652 3653 5
4804 4805 5
3696 3697 5
32 33 5
5951 5952 5
2119 2120 5
4843 4844 5
8117 8118 5
4848 4849 5
1327 2911 5
8189 8190 5
3727 3728 5
3032 3033 5
8242 8243 5
4930 4931 5
483 7601 5
4963 4964 5
1161 1162 5
2137 2138 5
640 1337 5
2665 2666 5
91 92 5
3152 3153 5
110 111 5
3953 3954 5
6286 6287 5
6295 9425 5
8496 8497 5
1401 1402 5
1412 1413 5
272 9362 5
1200 1201 5
699 700 5
5124 6092 5
1452 1453 5
2264 2265 5
5168 5169 5
5169 5170 5
5171 5172 5
3271 3272 5
2761 2956 5
35 36 5
377 378 5
2293 2294 5
2313 2314 5
4260 4261 5
6712 6713 5
6715 6716 5
5239 5240 5
8893 8894 5
8922 8923 5
2364 2365 5
8932 8933 5
1469 1470 5
4283 8502 5
4302 4303 5
9021 9022 5
4314 4315 5
6832 6833 5
4319 4320 5
3339 3904 5
802 803 5
2821 3902 5
6919 9502 5
6948 6949 5
6956 6957 5
5381 5382 5
2824 7342 5
5447 5448 5
9180 9181 5
5457 5458 5
9211 9212 5
7069 7070 5
9282 9283 5
9286 9287 5
7070 7071 5
1926 6570 5
1541 1542 5
9319 9320 5
438 439 5
5538 5539 5
7151 7152 5
3429 3430 5
4466 4467 5
4474 4475 5
3435 3436 5
9441 9442 5
1986 6650 5
70 8291 5
7314 7315 5
2901 2902 5
2904 2905 5
9537 9538 5
7443 7444 5
2449 2450 5
3556 3557 5
3571 3572 5
4565 4566 5
5718 5719 5
7591 7592 5
9700 9701 5
9709 9710 5
3572 3573 5
3574 3575 5
4600 4601 5
4633 8513 5
4671 4672 5
7729 7730 5
9829 9830 5
9840 9841 5
7810 7811 5
2029 2030 5
2035 2036 5
4724 4725 5
9913 9914 5
9920 9921 5
5861 5862 5
4745 4746 5
844 845 5
625 626 5
9994 9995 5
8046 8047 5
1906 1907 6
6401 6402 6
3601 5845 6
4131 4132 6
6433 6434 6
6445 6446 6
7638 7639 6
8951 8952 6
3602 3603 6
5664 5665 6
6557 6558 6
7719 9394 6
5686 5687 6
1048 4595 6
4630 8639 6
2830 8185 6
855 7275 6
2701 2702 6
7907 9290 6
7909 7910 6
1194 3200 6
5786 5787 6
6695 6696 6
1197 1198 6
8050 8051 6
5797 5798 6
4734 5131 6
9227 9228 6
6722 7847 6
9260 9261 6
5816 5817 6
6724 6725 6
6731 6732 6
3771 3772 6
9308 9309 6
1994 1995 6
6774 6775 6
9347 9348 6
9350 9351 6
8148 8369 6
5221 5222 6
3422 3423 6
3194 4115 6
4320 4729 6
4328 4329 6
688 689 6
9433 9434 6
8277 8278 6
3444 3891 6
6878 6879 6
813 814 6
4433 7501 6
1427 4158 6
3915 3916 6
6984 6985 6
4920 7433 6
6023 6024 6
3255 3256 6
1603 1604 6
9638 9639 6
1788 1911 6
3954 3955 6
4974 4975 6
5454 5455 6
4998 4999 6
6152 6153 6
247 248 6
9752 9753 6
5524 5525 6
520 521 6
8613 8614 6
3996 3997 6
7248 7249 6
1824 3754 6
2334 2335 6
9900 9901 6
4530 4926 6
5553 5554 6
8758 8759 6
125 1596 6
5056 5057 6
8797 8798 6
5063 5064 6
1693 4465 6
8816 8817 6
1031 1032 6
4244 4245 7
1781 1782 7
1265 1266 7
5853 5854 7
3365 3366 7
467 468 7
8731 8732 7
1806 1807 7
7028 7029 7
333 334 7
1808 6168 7
5884 8864 7
8789 8790 7
2285 2286 7
446 469 7
1488 1489 7
7126 7912 7
2318 2319 7
5944 5945 7
7154 7229 7
3445 3446 7
5150 5151 7
1499 1500 7
2357 2358 7
1852 1853 7
6042 6436 7
1511 5728 7
1527 9981 7
2915 8504 7
9003 9004 7
2922 2923 7
744 745 7
1315 2539 7
1546 1547 7
1149 8794 7
764 9097 7
7570 7571 7
9084 9085 7
547 548 7
6222 6223 7
7596 7597 7
2465 2466 7
5248 5249 7
9168 9169 7
6243 6244 7
2475 2476 7
452 3524 7
2027 2028 7
3698 3699 7
2485 6880 7
3708 3709 7
1340 2580 7
6346 6347 7
9299 9300 7
5336 5337 7
7868 7869 7
2030 2031 7
1652 1653 7
5384 6989 7
7915 7916 7
3735 3736 7
660 661 7
3127 3128 7
7977 7978 7
8009 8010 7
9394 9395 7
3785 3786 7
3133 3134 7
6484 6485 7
2063 4949 7
831 1070 7
6559 6560 7
9445 9446 7
9448 9449 7
2075 2076 7
3181 3580 7
9466 9467 7
9482 9483 7
2100 2101 7
5546 5547 7
2105 3980 7
2108 9681 7
575 576 7
3219 3220 7
8194 8195 7
6687 9768 7
8225 9892 7
6693 6694 7
9648 9649 7
2681 2682 7
9667 9668 7
9688 9689 7
3244 3245 7
2117 5234 7
5613 5614 7
1025 1026 7
4913 4914 7
668 669 7
1216 6526 7
9797 9798 7
1416 1417 7
8377 8378 7
673 1811 7
674 675 7
8407 8408 7
9875 9876 7
9881 9882 7
440 6787 7
1763 1764 7
8438 8439 7
1262 1263 7
6826 6827 7
1449 1450 7
3329 3330 7
5012 5013 7
1779 1780 7
5015 5016 7
6903 6904 7
5805 9291 7
3384 3385 8
5262 5263 8
3388 4244 8
1970 1971 8
7125 7126 8
6120 6121 8
4668 4669 8
2635 2732 8
7154 7155 8
72 73 8
7199 7200 8
6153 6154 8
5318 5319 8
6194 6195 8
2234 2235 8
835 836 8
7264 7265 8
999 1000 8
4740 4741 8
5384 5385 8
8910 8911 8
7327 7328 8
7354 7355 8
4053 4054 8
6251 6252 8
7430 7431 8
5388 5389 8
7445 9899 8
5396 5397 8
5397 5398 8
7512 7513 8
3045 5626 8
836 837 8
9059 9060 8
7533 7534 8
6318 6319 8
11 9243 8
6327 6328 8
4792 4793 8
236 237 8
9128 9129 8
3450 3451 8
4097 4098 8
4101 4102 8
4822 4823 8
4105 4106 8
7713 7714 8
4113 4114 8
9203 9204 8
3480 3481 8
7782 7783 8
9239 9240 8
4165 4166 8
6474 6475 8
4176 4177 8
415 416 8
4221 4222 8
431 5344 8
6564 6565 8
3112 3113 8
1204 1205 8
6598 6599 8
9339 9340 8
2345 2346 8
7962 7963 8
4995 8257 8
6639 8414 8
6658 6659 8
8032 8033 8
750 751 8
83 2720 8
6663 6664 8
2088 2089 8
1788 1789 8
4292 4293 8
1380 1381 8
892 893 8
1398 1399 8
6702 6703 8
1230 3707 8
9461 9462 8
8147 8148 8
128 129 8
2120 2121 8
8185 8186 8
3666 3667 8
355 356 8
8203 8204 8
9586 9587 8
2130 2674 8
1825 1826 8
9621 9622 8
6748 6749 8
3261 3262 8
1663 1664 8
2485 2486 8
804 805 8
1278 1279 8
2896 2897 8
927 928 8
1287 1288 8
8341 8342 8
2904 3641 8
2161 2162 8
3829 6446 8
8395 9782 8
6891 6892 8
9815 9816 8
8398 8399 8
1721 5302 8
6907 7956 8
4545 4546 8
8422 8423 8
4553 4554 8
9878 9879 8
3337 3338 8
6952 6953 8
8474 8475 8
1929 1930 8
6978 6979 8
8523 8524 8
632 633 8
4563 4564 8
6016 6017 8
6018 6019 8
3909 3910 8
9967 9968 8
9992 9993 8
1739 1740 8
2595 2596 8
7544 7545 9
8826 8827 9
6511 6512 9
99 100 9
2551 6677 9
4355 4356 9
7600 7773 9
4364 9039 9
7618 7619 9
3296 3297 9
6590 6591 9
8937 8938 9
8940 8941 9
1325 1326 9
583 584 9
5022 9963 9
1513 1514 9
5716 5717 9
1329 1330 9
5044 5045 9
3795 8450 9
5754 5755 9
7846 9421 9
2924 2925 9
2279 2280 9
614 8078 9
7885 7886 9
7891 7892 9
1001 1002 9
2304 2305 9
4490 4491 9
2680 2681 9
3905 3906 9
5829 5830 9
490 491 9
3375 3376 9
5132 5133 9
7996 7997 9
5136 5137 9
292 293 9
2698 2699 9
9250 9251 9
723 1254 9
3041 3042 9
3961 3962 9
387 8959 9
3973 3974 9
2353 2354 9
865 866 9
8114 8115 9
5203 5204 9
5963 5964 9
4011 4012 9
4597 7900 9
869 870 9
6894 6895 9
9362 9363 9
9369 9370 9
8174 8175 9
5231 5232 9
1639 1640 9
6022 7553 9
1651 1652 9
9405 9406 9
2739 2740 9
8217 8218 9
1250 1251 9
6045 8501 9
180 5935 9
4091 4092 9
8266 8267 9
6987 6988 9
6992 6993 9
1835 1836 9
1849 8843 9
4735 4736 9
749 750 9
8316 8317 9
6135 6136 9
417 418 9
8376 8377 9
9582 9583 9
3519 3520 9
9595 9596 9
3171 3172 9
7084 7085 9
2800 2801 9
7119 7120 9
4163 4164 9
5367 5540 9
4795 4796 9
893 894 9
3193 3194 9
9685 9686 9
8456 8457 9
2811 2812 9
418 419 9
421 597 9
8482 8483 9
4826 4827 9
4827 4828 9
9753 9754 9
9766 9767 9
9770 9771 9
8513 8514 9
5448 5449 9
5451 5452 9
8552 8553 9
4838 5813 9
797 2794 9
1310 1311 9
5483 5484 9
472 473 9
6348 6349 9
3252 3253 9
7370 7371 9
8695 8696 9
3254 3255 9
7399 8414 9
1954 1955 9
1745 4354 9
145 146 9
6418 6419 9
4949 4950 9
3265 3266 9
672 673 9
4970 4971 9
2518 4707 9
3721 3722 9
1844 1863 10
5258 5259 10
2112 2113 10
4348 4349 10
251 252 10
3914 3915 10
9158 9159 10
7267 7268 10
5875 5876 10
4370 7972 10
1732 1733 10
4400 4401 10
7332 7333 10
1878 1879 10
1518 3018 10
2668 2669 10
940 941 10
1071 1072 10
4951 4952 10
5964 5965 10
8363 8989 10
8372 8373 10
1407 1408 10
3227 3228 10
9309 9310 10
576 9054 10
122 123 10
9337 9338 10
4004 4005 10
2927 2928 10
2398 2399 10
4515 4516 10
702 3547 10
7576 7577 10
9371 9372 10
132 133 10
2958 6038 10
295 296 10
3587 4794 10
2729 2730 10
9401 9402 10
8478 8479 10
8481 8482 10
2977 2978 10
8491 8492 10
6756 6757 10
7625 7626 10
6125 6126 10
1601 1602 10
1155 1156 10
3658 3659 10
6151 6152 10
6831 6832 10
1436 6298 10
7738 7739 10
9506 9507 10
3031 4031 10
9529 9530 10
4126 4127 10
8648 8649 10
7814 8731 10
1649 1650 10
3036 3037 10
4609 4610 10
1158 1159 10
9605 9606 10
623 624 10
7875 7876 10
4637 4638 10
8754 8755 10
5642 5643 10
8761 8762 10
1337 1338 10
7907 8848 10
9679 9680 10
6927 6928 10
3338 3339 10
4222 4223 10
8808 8809 10
7928 7929 10
13 14 10
4708 4709 10
8836 8837 10
8847 8848 10
4234 4235 10
5712 5713 10
4732 4733 10
2049 2050 10
9798 9799 10
3079 6000 10
5726 5727 10
8033 8034 10
8042 8043 10
6352 6353 10
1268 1269 10
5748 5749 10
6382 8626 10
8955 8956 10
4254 4255 10
1678 6583 10
7094 7095 10
8997 8998 10
3108 3109 10
548 549 10
2528 2529 10
3811 3812 10
763 764 10
6447 6448 10
2290 7118 10
1717 1718 10
93 4746 10
6489 6490 10
4197 4198 11
6359 6360 11
4208 4209 11
5731 7034 11
1063 1064 11
9121 9122 11
9127 9128 11
2038 2039 11
6402 6403 11
8208 8209 11
2772 2773 11
8222 8223 11
2040 8797 11
954 955 11
960 961 11
9190 9191 11
4737 4738 11
3730 3731 11
1223 1224 11
2506 2507 11
3367 3368 11
44 4267 11
6496 6497 11
2071 2072 11
7325 7326 11
8338 8339 11
6522 8353 11
561 562 11
6549 6550 11
8369 8370 11
3400 3401 11
1853 1854 11
1858 1859 11
5873 5874 11
1127 1128 11
9341 9621 11
1890 1891 11
4321 4322 11
6600 6601 11
6623 6624 11
2315 6215 11
5890 5891 11
3425 3426 11
5893 5894 11
9388 9389 11
5310 5311 11
4333 6804 11
2317 9533 11
7577 9169 11
6670 6671 11
2876 8315 11
4908 4909 11
8493 8494 11
776 777 11
1614 1615 11
3920 3921 11
8517 8518 11
620 621 11
6013 9112 11
4417 4418 11
3205 3206 11
650 651 11
9483 9484 11
5402 5403 11
7682 7683 11
272 273 11
9525 9526 11
2906 6703 11
6732 6733 11
8660 8661 11
2359 2360 11
7764 9166 11
1936 1937 11
9587 9588 11
6055 6056 11
1023 5530 11
3544 8568 11
9607 9608 11
7844 7845 11
6094 6095 11
2688 2689 11
232 233 11
5509 5510 11
4015 4016 11
867 8237 11
4036 4037 11
818 819 11
281 282 11
5030 5031 11
8809 8810 11
1055 1056 11
6155 6235 11
6158 6159 11
2715 2716 11
6911 6912 11
8849 8850 11
1523 1524 11
5564 5565 11
3599 3600 11
2421 2422 11
2985 2986 11
8896 8897 11
8902 8903 11
1707 1708 11
6963 6964 11
3605 3606 11
952 953 11
3300 3301 11
1409 1410 11
8944 8945 11
3667 3668 11
6287 6288 11
8090 8091 11
4136 4137 11
4142 4143 11
8977 8978 11
4155 9725 11
3689 3690 11
6326 6327 11
5137 5138 11
2183 2184 11
5717 5718 11
2034 9645 11
8149 8150 11
4690 4691 12
2480 5429 12
270 271 12
4710 4711 12
168 5149 12
54 55 12
3092 3093 12
1325 4584 12
3393 3394 12
1209 1210 12
4253 4254 12
3794 3795 12
544 545 12
1826 6148 12
3797 3798 12
1692 1693 12
4286 4287 12
2283 2284 12
8327 8328 12
2284 2285 12
7400 7401 12
1067 1068 12
3844 9000 12
4320 4321 12
5950 5951 12
3864 3865 12
7469 9400 12
7476 7477 12
2288 6299 12
2838 2839 12
9338 9339 12
5974 8507 12
5979 7868 12
5985 5986 12
261 262 12
7545 7546 12
8432 8433 12
9368 9369 12
7552 7553 12
1709 3101 12
7573 7574 12
4887 6794 12
2862 2863 12
1715 1716 12
7586 7587 12
434 435 12
3484 3485 12
379 380 12
5418 5419 12
858 7314 12
1728 3825 12
6050 6051 12
4419 4420 12
2655 2656 12
6090 6091 12
4962 9844 12
1247 1248 12
7695 7696 12
2338 2339 12
3245 3246 12
6791 6792 12
8623 8624 12
6104 6105 12
5515 5516 12
4987 4988 12
7790 7791 12
7801 7802 12
1532 1533 12
6830 6831 12
9565 9566 12
862 863 12
2354 2355 12
1134 1135 12
3582 6581 12
4481 8039 12
2357 6864 12
2692 7648 12
4494 4495 12
5569 5570 12
6200 6201 12
8802 8803 12
7902 7903 12
2934 2935 12
4059 5763 12
4065 4066 12
559 560 12
6947 6948 12
792 793 12
2135 2136 12
9703 9704 12
3295 9397 12
796 4569 12
7974 7975 12
3612 3613 12
7979 7980 12
7992 7993 12
6982 6983 12
3613 3614 12
3634 3635 12
5670 5671 12
3646 3647 12
9799 9800 12
380 8295 12
7007 7008 12
5124 5125 12
7022 7023 12
9839 9840 12
5712 9357 12
7048 7049 12
639 640 12
1288 1289 12
878 879 12
891 2203 12
2736 2737 12
2165 4049 12
8135 8136 12
1631 1632 12
5163 5164 12
56 57 12
9925 9926 12
4655 4656 12
5770 5771 12
4188 4189 12
225 226 12
9988 9989 12
8187 8188 12
726 727 12
9109 9110 12
2483 2484 13
5759 5760 13
7124 7125 13
2864 2865 13
3493 3494 13
8530 8531 13
7906 7974 13
386 387 13
8553 8554 13
3743 3744 13
4679 4680 13
6162 6163 13
7160 7161 13
3507 3508 13
2319 2320 13
1534 6335 13
6206 6207 13
7233 7234 13
6699 6700 13
8672 8673 13
7251 7252 13
3106 3107 13
1094 1095 13
6227 6228 13
1432 1433 13
7282 7283 13
1433 1434 13
9420 9421 13
5856 5857 13
4379 4380 13
4099 4100 13
8077 8078 13
1907 7188 13
3802 3803 13
4743 4744 13
644 645 13
3825 4320 13
6778 6779 13
7403 7404 13
7420 9941 13
7421 7422 13
6785 6786 13
4129 4130 13
1803 1804 13
131 132 13
1123 1124 13
824 2519 13
2762 2763 13
7479 7480 13
2367 2368 13
5908 5909 13
5936 5937 13
1818 1819 13
829 830 13
1300 1301 13
1992 1993 13
8933 8934 13
978 979 13
2804 2805 13
2404 2405 13
1139 1140 13
8253 8254 13
5994 5995 13
3941 5263 13
6924 6925 13
8976 8977 13
1052 1053 13
369 370 13
6461 6462 13
9008 9009 13
5204 5205 13
7615 7616 13
2671 2672 13
6958 6959 13
6480 6481 13
9754 9755 13
7633 7634 13
8357 8358 13
4920 4921 13
4245 8702 13
2446 2447 13
9102 9103 13
129 130 13
7680 7681 13
4938 4939 13
3037 9265 13
9830 9831 13
4260 7653 13
5250 5251 13
9847 9848 13
1237 1238 13
7017 7018 13
7756 7757 13
4956 4957 13
4959 4960 13
3264 3265 13
8436 8437 13
7051 7052 13
6593 6594 13
282 2160 13
4284 4285 13
9232 9233 13
7833 7834 13
9247 9248 13
7072 7073 13
870 871 13
9254 9255 13
184 185 13
4026 4027 13
5311 5312 13
1602 1603 14
4800 4801 14
6840 6841 14
5213 5214 14
1037 1038 14
1837 1838 14
3068 3069 14
8384 8385 14
8394 8395 14
1386 1387 14
6892 6893 14
4394 8733 14
3645 3646 14
3084 3085 14
3084 4266 14
5805 5806 14
8426 9943 14
4840 4841 14
1616 1617 14
3347 7392 14
8443 8444 14
6333 6334 14
981 982 14
6950 6951 14
1194 1195 14
928 929 14
5288 5289 14
1124 1125 14
1516 1517 14
7767 7768 14
6376 6377 14
4914 4915 14
2428 2429 14
3710 3711 14
4477 4478 14
6409 6410 14
2877 3865 14
3392 3393 14
2080 7543 14
1657 1658 14
704 705 14
8585 8586 14
3732 6303 14
3413 3414 14
6469 6470 14
9431 9432 14
5386 5387 14
2459 2460 14
9434 9435 14
8642 8643 14
4528 4775 14
5943 5944 14
3416 3417 14
4972 4973 14
4541 4542 14
7096 7097 14
4975 4976 14
4986 4987 14
8727 8728 14
1778 1779 14
9505 9506 14
6551 6552 14
938 939 14
9514 9515 14
1424 2526 14
8757 8758 14
2919 2920 14
9540 9541 14
6566 6567 14
8762 8763 14
7985 7986 14
81 82 14
1135 9522 14
3206 3207 14
17 18 14
1799 1800 14
2121 2122 14
1538 1539 14
2748 2749 14
2955 2956 14
9622 9623 14
3839 3840 14
8078 8079 14
6645 6646 14
3842 8883 14
1143 1144 14
8868 8869 14
5061 5062 14
7290 7291 14
5561 5562 14
6080 6081 14
7315 7316 14
4648 4649 14
2131 2132 14
1982 1983 14
691 692 14
28 29 14
7389 7390 14
8152 8153 14
4276 4277 14
1366 1367 14
9789 9790 14
4698 4699 14
8186 8187 14
6131 6132 14
2139 6585 14
6720 6721 14
2549 2550 14
3029 9560 14
3269 3270 14
4299 4300 14
2551 2552 14
3280 5919 14
9843 9844 14
1721 1722 14
3583 3584 14
644 4374 14
9051 9052 14
7488 7489 14
6182 6183 14
7517 7518 14
1376 1377 14
6195 6196 14
8289 8290 14
9096 9097 14
3039 3040 14
7536 7537 14
883 884 14
2165 2166 14
8324 8325 14
6812 6813 14
8333 8334 14
5721 5722 14
6223 6224 14
3302 6802 14
4174 4175 15
4718 4719 15
5333 5334 15
640 641 15
867 868 15
8179 8180 15
5340 5341 15
5346 5347 15
5349 5350 15
7020 7021 15
1036 1037 15
2477 2478 15
3703 3704 15
8791 8792 15
2167 2168 15
1 4761 15
1504 6419 15
5053 5054 15
8233 8234 15
1973 1974 15
1506 1507 15
3993 3994 15
8833 8834 15
4485 4486 15
9451 9452 15
2696 2697 15
5426 5427 15
3196 3197 15
6691 6692 15
4496 9935 15
795 796 15
3341 5655 15
4258 4259 15
8313 8314 15
7770 7771 15
7779 9186 15
153 154 15
8330 8331 15
4825 4826 15
6266 6267 15
5501 5502 15
7171 7172 15
4528 4529 15
7831 7832 15
8367 8368 15
1609 1610 15
7834 7835 15
1188 1189 15
5897 5898 15
4038 4039 15
7856 7857 15
7861 7862 15
6312 6313 15
9624 9625 15
9632 9633 15
9019 9020 15
4045 5250 15
6321 6322 15
4544 4545 15
4854 4855 15
6777 6778 15
9668 9669 15
3364 3365 15
2024 2025 15
2267 2268 15
275 276 15
3378 7347 15
7913 9202 15
1131 1132 15
5965 5966 15
9741 9742 15
2532 2533 15
5572 5573 15
4580 4581 15
1862 6173 15
9756 9757 15
205 206 15
1726 1727 15
6403 6404 15
9794 9795 15
1801 1802 15
9147 9148 15
5628 5629 15
4326 4327 15
527 528 15
2908 2909 15
8525 8526 15
9828 9829 15
7431 7432 15
4635 4636 15
6037 6038 15
6042 6043 15
9230 9231 15
8558 8559 15
9856 9857 15
6913 6914 15
1382 1383 15
8576 8577 15
3627 3628 15
2563 2564 15
8592 8593 15
4661 4662 15
6930 6931 15
4128 4129 15
3877 3878 15
8636 8637 15
535 6694 15
2062 2063 15
2926 2927 15
9962 9963 15
55 56 15
8122 8123 15
6096 6097 15
2448 4279 15
8696 8697 15
332 8337 15
8146 8147 16
1999 5489 16
6448 6449 16
8730 8731 16
1743 1744 16
1510 1511 16
4587 9468 16
5622 5623 16
8176 8177 16
4595 4596 16
4333 4334 16
2497 2498 16
2392 2393 16
6977 6978 16
6509 6510 16
2395 6344 16
2934 5677 16
3685 3686 16
8804 8805 16
5254 5255 16
5684 5685 16
563 564 16
46 47 16
6092 6093 16
687 688 16
974 975 16
2832 2833 16
3945 7864 16
7036 7037 16
4985 4986 16
8863 8864 16
4423 4424 16
9500 9501 16
3319 3320 16
8871 9372 16
8872 8873 16
6607 6608 16
4206 4207 16
3175 3176 16
5330 5331 16
8899 8900 16
4209 4210 16
4455 4456 16
2414 2415 16
5763 5764 16
3718 8917 16
6660 6661 16
8935 8936 16
4723 4724 16
2843 5287 16
4231 4232 16
5363 5364 16
7148 7149 16
4467 4468 16
2181 2182 16
4475 4476 16
4476 4477 16
1444 3417 16
5387 5388 16
2194 2195 16
3204 3205 16
9662 9663 16
2863 2864 16
4486 4487 16
7245 7246 16
4788 4789 16
336 337 16
5095 9376 16
4017 4018 16
8427 8428 16
4796 4797 16
9082 9083 16
6735 6736 16
6282 6283 16
7288 7289 16
4798 4799 16
5877 5878 16
7938 7939 16
5878 5879 16
418 4608 16
3776 7184 16
3777 3778 16
7968 7969 16
981 6116 16
5489 5490 16
1633 1634 16
7384 7385 16
759 760 16
2237 2238 16
5149 9697 16
8030 8031 16
5912 5913 16
9836 9837 16
5920 5921 16
1642 6187 16
2650 2651 16
339 340 16
8058 8059 16
9859 9860 16
555 556 16
3059 3060 16
174 175 16
9880 9881 16
6873 6874 16
24 25 16
9896 9897 16
8600 8601 16
5554 5555 16
5968 5969 16
3409 7358 16
5559 5560 16
8637 8638 16
948 4794 16
7498 7499 16
5191 5192 16
2921 6011 16
9320 9321 16
8123 8124 16
8128 8129 16
2793 2794 16
4569 4570 16
8701 8702 16
7244 7245 17
8854 8855 17
1518 1519 17
1722 1723 17
8870 8871 17
6369 6370 17
6779 6780 17
2765 2909 17
4989 4990 17
5647 6981 17
3956 5904 17
6399 9773 17
4719 4720 17
1208 1209 17
2435 2436 17
3971 3972 17
3709 3710 17
6835 6836 17
2307 2308 17
1637 6230 17
2447 2448 17
7375 7376 17
6436 6437 17
8425 8426 17
6438 6439 17
9542 9543 17
2790 5156 17
6881 6882 17
4253 7971 17
819 5376 17
4760 4761 17
3502 3503 17
6065 6066 17
1212 1213 17
3512 3513 17
774 775 17
9612 9613 17
3515 3516 17
4517 4518 17
7456 7457 17
3764 3765 17
1370 7889 17
6936 6937 17
6512 6513 17
4802 4803 17
2090 2091 17
188 189 17
2817 3551 17
3341 3342 17
2818 3955 17
201 3092 17
155 2510 17
1754 1755 17
5817 5818 17
37 38 17
5144 5597 17
607 608 17
6995 6996 17
3003 3004 17
8141 8142 17
2118 2119 17
5490 5491 17
3597 5320 17
8632 8633 17
4103 4104 17
6639 6640 17
8151 8152 17
9222 9223 17
2835 2836 17
8153 8154 17
4901 4902 17
8666 8667 17
9811 9812 17
4339 4340 17
8685 8686 17
7619 9371 17
4344 4345 17
2232 2233 17
799 1658 17
6230 6231 17
5885 5886 17
1846 1847 17
1242 1243 17
152 1575 17
2508 2509 17
9858 9859 17
1011 8009 17
9862 9863 17
7103 7104 17
5898 5899 17
5558 5559 17
3411 3412 17
4647 4648 17
9887 9888 17
7763 7764 17
1699 1700 17
1260 1261 17
5920 7769 17
30 31 17
8285 8286 17
5573 5574 17
672 9739 17
5590 6815 17
1202 1203 17
7188 7189 17
2745 2746 17
8821 8822 17
2408 2442 17
8317 8318 17
507 5513 17
4458 4459 17
4983 4984 17
3836 3837 18
910 911 18
8001 8002 18
573 574 18
8017 8018 18
3368 3369 18
2944 2945 18
782 783 18
6265 6266 18
850 851 18
1547 1548 18
8053 8054 18
2657 2658 18
4702 4703 18
8480 8481 18
1982 9320 18
574 575 18
5621 5622 18
3641 8835 18
3917 3918 18
5281 5282 18
2291 2292 18
8515 9128 18
4990 4991 18
1236 1840 18
1574 1575 18
3236 3237 18
8535 8536 18
9068 9069 18
6722 6723 18
694 695 18
861 862 18
2468 2469 18
6727 6728 18
9630 9631 18
4237 4238 18
7642 7643 18
7126 7127 18
6358 6359 18
574 9902 18
1160 1161 18
149 150 18
5713 5714 18
8167 8168 18
66 7215 18
372 373 18
9142 9143 18
7722 7723 18
1185 1186 18
57 58 18
340 341 18
4003 4004 18
5727 5728 18
1636 1637 18
9750 9751 18
8196 8197 18
5737 5738 18
6056 6057 18
2722 2723 18
4799 4800 18
3481 3482 18
8708 8709 18
6089 6090 18
1069 1070 18
3060 3061 18
2880 2881 18
6846 6847 18
9271 9272 18
2884 2885 18
436 8431 18
347 348 18
3747 7206 18
2897 2898 18
8760 8761 18
8287 8288 18
276 277 18
4832 4833 18
828 829 18
4067 4068 18
8298 8299 18
556 557 18
7886 7887 18
3535 3536 18
4327 4328 18
7899 7900 18
2378 2379 18
2382 5456 18
303 304 18
18 19 18
7908 7909 18
1666 1667 18
1915 1916 18
6588 6589 18
1530 1531 18
2107 2108 18
634 5455 18
7944 7945 18
3172 3173 18
196 680 18
5207 5208 18
6603 6604 18
4640 4641 18
1683 1684 18
6626 6627 18
5228 5229 18
7987 7988 18
9447 9448 18
1226 8682 19
1297 1298 19
7513 7514 19
1187 1188 19
8035 8036 19
6611 6612 19
2265 5345 19
3025 3026 19
6630 6631 19
3027 3028 19
4100 4101 19
3379 3380 19
5190 5191 19
3830 6582 19
2266 3410 19
4625 4626 19
7023 7024 19
6 857 19
4120 4121 19
1569 1570 19
2530 2531 19
3243 3244 19
8121 8122 19
8531 8532 19
7605 7606 19
4645 4646 19
7616 7617 19
9077 9078 19
9080 9081 19
4384 4385 19
3401 3402 19
4395 7645 19
229 9588 19
2537 9295 19
4964 6001 19
3886 3887 19
2879 2880 19
6714 6715 19
851 852 19
4431 4432 19
8169 8170 19
5261 5262 19
6337 6338 19
721 722 19
5264 5265 19
7720 7721 19
6350 6351 19
5267 5268 19
723 724 19
4705 4706 19
4181 4182 19
5285 5286 19
3651 3652 19
2750 2751 19
5679 5680 19
6776 6777 19
7216 7217 19
505 506 19
3659 6747 19
1402 1403 19
8247 8248 19
6030 6031 19
1865 8889 19
1246 9119 19
1884 1885 19
7257 7258 19
2301 5668 19
6043 9573 19
1090 5736 19
1201 1202 19
2788 2789 19
3467 3468 19
557 558 19
291 292 19
9334 9335 19
249 250 19
589 590 19
1916 1917 19
1340 1341 19
4512 4513 19
3496 4357 19
107 108 19
3321 3322 19
9873 9874 19
3163 3164 19
3163 3170 19
8359 8360 19
2343 2344 19
3760 3761 19
1279 1280 19
7407 7408 19
1738 1739 19
9397 9398 19
5427 5428 19
6554 6555 19
5127 5128 19
1347 1348 19
7432 7433 19
2101 2102 19
9939 9940 19
757 758 19
6580 6581 19
5839 5840 19
143 144 19
1972 1973 19
5466 6769 19
1826 1827 19
3794 9008 19
1565 1566 20
6425 6426 20
4002 4003 20
5323 5324 20
7336 7337 20
7349 7350 20
2809 2810 20
5707 5708 20
1567 2918 20
3156 3157 20
4497 4498 20
2247 2248 20
4510 4511 20
2122 2123 20
8918 8919 20
668 4162 20
5362 5363 20
11 12 20
2944 4861 20
483 484 20
5734 5735 20
8416 8417 20
5735 5736 20
4525 4526 20
6921 6922 20
6533 6534 20
5741 5742 20
2375 2376 20
2496 2497 20
3562 3563 20
6556 6557 20
6112 6113 20
2829 9850 20
6121 6122 20
8036 8037 20
7509 7510 20
1814 5538 20
2499 2500 20
3195 3196 20
9616 9617 20
5404 5405 20
9062 9063 20
126 8822 20
5411 5412 20
2836 2837 20
4325 4326 20
4830 4831 20
602 603 20
5147 5148 20
8093 9896 20
6172 6173 20
8098 8099 20
291 5656 20
7015 7016 20
1681 6331 20
3595 6794 20
1929 1967 20
5850 5851 20
7598 7599 20
5166 5932 20
5472 5473 20
2287 8855 20
1098 1099 20
1152 1153 20
2872 2873 20
614 615 20
3605 4124 20
2406 2407 20
9197 9198 20
4609 9781 20
2164 2165 20
8155 8156 20
8162 8163 20
5882 5883 20
5537 5538 20
1105 1106 20
3877 5661 20
9807 9808 20
1958 1959 20
9813 9814 20
2881 2882 20
6699 7117 20
3415 9268 20
2759 2760 20
341 342 20
9275 9276 20
1632 1633 20
2313 7010 20
9298 9299 20
5232 5233 20
7746 7747 20
1472 8160 20
5913 9941 20
1633 2963 20
502 503 20
4966 8014 20
3438 3439 20
4449 9499 20
4689 4690 20
3932 3933 20
7805 7806 20
3442 3443 20
7240 7241 20
1018 1019 20
2907 2908 20
1304 8735 20
9366 9367 20
5626 5627 20
7255 7256 20
3295 3296 20
9379 9380 20
3098 3099 20
5638 5639 20
4468 4469 20
9956 9957 20
3963 3964 20
2335 9168 20
7870 7871 20
9978 9979 20
977 978 20
1865 1866 20
1722 4201 20
1251 1252 20
5902 5903 21
834 3203 21
1800 1801 21
4329 9094 21
5194 5195 21
7173 7174 21
6803 6804 21
6806 6807 21
348 349 21
4137 4138 21
6537 8428 21
3038 3039 21
6542 6543 21
2636 4921 21
5442 5443 21
2233 2234 21
1664 1665 21
9550 9551 21
9554 9555 21
9056 9057 21
5227 5228 21
4173 4174 21
551 552 21
3736 3737 21
8548 8549 21
6579 6580 21
1894 4612 21
7273 7274 21
6890 6891 21
2251 9998 21
7285 7455 21
3249 3250 21
5988 8368 21
1897 1898 21
1309 1310 21
2678 2679 21
4414 4415 21
474 9664 21
1814 1815 21
2133 2134 21
7345 9009 21
2273 2274 21
2690 2691 21
3097 3098 21
9167 9168 21
8215 8459 21
7374 7375 21
210 211 21
943 944 21
8677 8678 21
8227 8228 21
9714 9715 21
1078 1079 21
8694 8695 21
1617 1618 21
62 9492 21
8246 8247 21
269 270 21
121 122 21
7896 7897 21
8260 8261 21
8261 8262 21
5300 5301 21
9256 9257 21
2157 2158 21
5833 7175 21
1943 1944 21
462 463 21
4880 4881 21
2727 2728 21
6380 6381 21
7911 7912 21
7912 7913 21
344 345 21
8305 8306 21
4275 4276 21
7925 7926 21
6395 6396 21
7466 7467 21
6093 6094 21
673 674 21
6701 6702 21
1716 1717 21
3663 3664 21
4916 5058 21
7971 7972 21
1716 3089 21
565 566 21
7043 7044 21
6119 6120 21
9876 9877 21
907 908 21
2871 2972 21
6435 6436 21
6725 6726 21
3899 3900 21
8385 8386 21
6730 6731 21
9395 9396 21
7076 7077 21
3009 3010 21
5639 5640 21
725 4917 21
1125 1126 21
6458 6459 21
6749 6750 21
4955 4956 21
8423 8424 21
3025 6301 21
9435 9436 21
6757 6758 21
5896 5897 21
208 209 21
7132 7133 21
1990 1991 21
2588 2589 21
1341 1342 22
8323 8324 22
1908 1909 22
244 9066 22
636 637 22
9573 9574 22
3933 3934 22
9145 9146 22
897 8097 22
5367 5368 22
9165 9166 22
8059 8060 22
2128 2129 22
9611 9612 22
9174 9175 22
8064 8065 22
5883 5884 22
6424 8761 22
2933 8925 22
7334 7335 22
8770 8771 22
592 9862 22
1838 1839 22
8787 8788 22
1315 1316 22
5185 8383 22
1369 1370 22
5647 9049 22
9666 9667 22
667 668 22
3773 3774 22
5192 9008 22
5673 5674 22
8121 8554 22
9699 9700 22
2265 2266 22
1317 1318 22
763 7201 22
5688 5689 22
8137 8138 22
8138 8139 22
593 594 22
9743 9744 22
8851 8852 22
2960 2961 22
2472 2473 22
7837 7838 22
5432 7812 22
2616 2617 22
2626 2627 22
7439 7440 22
9784 9785 22
1136 4287 22
2476 8172 22
2362 9296 22
2144 2145 22
4030 4031 22
4032 4033 22
807 808 22
7098 7099 22
4606 4607 22
1537 7192 22
5031 5032 22
2774 8273 22
1976 1977 22
3184 3185 22
5050 5051 22
3185 3186 22
3186 3187 22
1877 1878 22
3485 5789 22
6844 6845 22
8221 8222 22
6319 6320 22
6028 6029 22
7568 7569 22
8982 8983 22
7931 7932 22
8233 9069 22
4071 4072 22
4272 4273 22
117 172 22
2102 2103 22
1808 8069 22
604 605 22
8616 8617 22
933 934 22
733 734 22
511 512 22
9911 9912 22
4294 4295 22
5566 5567 22
2399 2400 22
6652 6653 22
1638 3475 22
584 2739 22
4921 4922 22
3051 3052 22
8015 8016 22
7261 7262 22
5595 5596 22
3222 3223 22
9533 9534 22
6390 6391 22
8697 8698 22
9123 9124 22
8959 8960 23
6416 6417 23
5478 5479 23
5205 5206 23
162 163 23
2402 2403 23
5494 5495 23
9002 9003 23
5500 5501 23
7647 7648 23
7657 7658 23
3344 8444 23
2898 4951 23
3199 3200 23
7207 7208 23
1564 1565 23
2316 3418 23
7699 7700 23
4722 4723 23
8145 8146 23
9577 9578 23
1189 1190 23
1017 1018 23
5843 7095 23
297 298 23
1571 1572 23
7740 7741 23
1655 1656 23
2262 2263 23
6134 6135 23
9615 9616 23
6499 6500 23
8586 8587 23
8587 8588 23
6500 6501 23
2921 2922 23
2339 2340 23
7269 7270 23
9130 9131 23
8177 8178 23
8178 8179 23
476 477 23
7275 7276 23
456 457 23
4077 4078 23
6154 6155 23
317 318 23
3248 3249 23
3075 3076 23
7303 7304 23
7312 7313 23
1091 5896 23
730 731 23
7321 7322 23
6555 6556 23
2576 7275 23
6187 9692 23
9739 9740 23
814 815 23
2737 2738 23
5606 5607 23
3636 3637 23
2152 2153 23
7363 7364 23
1881 1882 23
4805 4806 23
5618 5619 23
848 849 23
9771 9772 23
9772 9773 23
5315 5316 23
6236 6237 23
9792 9793 23
1099 5917 23
6242 6243 23
2953 2954 23
3271 4622 23
6622 6623 23
5082 5083 23
6259 6260 23
354 1669 23
3287 3288 23
5112 5113 23
2956 2957 23
2852 8581 23
3294 3295 23
4373 4374 23
7001 7002 23
1815 1816 23
8329 8330 23
4842 4843 23
5130 5131 23
4158 4159 23
327 328 23
2969 2970 23
2760 2761 23
889 890 23
5986 5987 23
5697 5698 23
1170 1171 23
3950 9216 23
6000 6001 23
3307 3308 23
8020 8021 23
8026 8027 23
2983 2984 23
4636 4637 23
3490 3668 23
6703 6704 23
2025 2026 23
501 502 23
1701 1702 23
4443 4444 23
716 717 23
2397 3661 23
5444 5445 23
4664 4665 23
3327 3328 23
2780 2781 23
1494 1495 23
469 470 23
3029 3030 23
3536 3537 23
8444 8445 23
8447 8448 23
4010 5455 23
5093 5094 24
4572 4573 24
7963 7964 24
5335 5336 24
5097 5098 24
8689 8690 24
493 494 24
6790 6791 24
2750 3679 24
3956 7305 24
3226 3227 24
1447 1448 24
4180 8972 24
2954 2955 24
3737 3738 24
8722 8723 24
4196 4197 24
4196 8513 24
4855 5698 24
1226 1227 24
8747 8748 24
3089 3090 24
6558 9005 24
4880 7548 24
2515 2516 24
2217 2218 24
3381 3382 24
4217 6378 24
2675 2676 24
1338 1339 24
3102 3103 24
6886 6887 24
2679 4201 24
2529 2530 24
2975 2976 24
6296 8495 24
7268 7269 24
1895 1896 24
6310 6311 24
4461 4462 24
3120 3121 24
2368 2369 24
784 785 24
9293 9294 24
3140 3141 24
3149 3150 24
7736 7737 24
1619 1620 24
1673 1674 24
3157 6335 24
2694 7322 24
4064 4065 24
5485 5486 24
8434 8435 24
2791 2792 24
1458 1459 24
1519 1520 24
2143 2144 24
2699 3578 24
680 681 24
9355 9356 24
8892 8982 24
6680 8393 24
4731 8019 24
2561 2562 24
4505 4506 24
7830 7831 24
6085 6086 24
114 115 24
9825 9826 24
1688 1689 24
3461 3462 24
7840 7841 24
5819 5820 24
7008 7009 24
1922 1923 24
482 3009 24
8947 8948 24
8948 8949 24
9848 9849 24
9851 9852 24
3187 3188 24
2724 2725 24
3688 3689 24
7421 8542 24
4763 4764 24
2592 3272 24
4110 4111 24
9438 9439 24
7888 7889 24
7038 7039 24
5271 5272 24
1572 2665 24
4532 4533 24
587 4761 24
937 938 24
1746 1747 24
2632 2633 24
8221 9435 24
3497 3498 24
1118 1119 24
1595 1596 24
4806 4807 24
7913 7914 24
9063 9064 24
9509 9510 24
5062 5063 24
6754 6755 24
3342 3343 24
9527 9528 24
4346 4347 24
7110 7111 24
959 960 24
7523 7524 24
1439 5827 24
9199 9200 25
5013 5153 25
3813 3814 25
3026 3027 25
831 832 25
3640 3641 25
3028 3029 25
4600 7963 25
1650 1651 25
1172 1173 25
1420 1421 25
8840 8841 25
9637 9638 25
1289 1290 25
5760 5761 25
1292 1293 25
4633 4634 25
2198 2199 25
7871 8647 25
980 7365 25
3326 3327 25
474 475 25
7499 7500 25
173 8359 25
9696 9761 25
1598 1599 25
4646 4647 25
6323 7473 25
5809 5973 25
7904 7905 25
1348 1349 25
575 8870 25
3696 9255 25
2815 9058 25
6609 6610 25
6341 6342 25
2324 2325 25
496 497 25
8545 8546 25
5327 5328 25
7220 7221 25
9762 9763 25
1604 1605 25
283 284 25
8556 8557 25
761 762 25
4916 4917 25
4301 9040 25
6372 6502 25
2560 2561 25
615 616 25
482 483 25
3239 3240 25
7611 9324 25
675 676 25
60 61 25
2585 2586 25
1842 1843 25
7621 7622 25
4952 4953 25
8270 9468 25
2738 2739 25
5632 5633 25
9044 9045 25
2064 2065 25
9837 9838 25
773 774 25
8011 8012 25
2269 2270 25
4331 4332 25
5391 5392 25
8021 8022 25
2853 2854 25
312 313 25
2477 9567 25
9474 9475 25
9480 9481 25
4178 4179 25
954 5164 25
6994 7103 25
1553 1554 25
7326 7327 25
6444 6445 25
2081 2082 25
4976 4977 25
2370 2371 25
2282 7391 25
8352 8353 25
7739 7740 25
8074 8075 25
859 860 25
9917 9918 25
1854 1855 25
316 317 25
8082 8083 25
3008 3009 25
2494 2495 25
290 291 25
4566 4567 25
5960 5961 25
4397 5891 25
7045 7046 25
2889 2890 25
6506 6507 25
509 4897 25
4416 4417 25
7816 7817 25
4057 4058 26
5901 5902 26
9194 9195 26
3644 3645 26
4941 4942 26
7427 7428 26
2512 2513 26
2669 8756 26
7842 7843 26
2072 2073 26
5398 5399 26
1357 2864 26
3221 3222 26
9244 9245 26
8827 8828 26
3839 6125 26
4083 4084 26
4085 4600 26
164 165 26
3844 3845 26
7108 7109 26
6519 6520 26
744 2854 26
977 3800 26
9676 9677 26
3234 3235 26
9294 9295 26
6246 6247 26
3678 8042 26
2089 8074 26
3687 8226 26
5208 5209 26
6269 6270 26
932 4451 26
746 747 26
3243 9043 26
405 3396 26
3910 6577 26
852 853 26
1591 1592 26
2888 5821 26
6866 6867 26
6302 6303 26
2282 2283 26
4788 7440 26
6877 6878 26
2890 2891 26
7593 7594 26
230 231 26
8566 8567 26
3542 3543 26
1833 5734 26
8577 8578 26
2797 9343 26
3021 3022 26
8968 8969 26
7610 8883 26
5778 9341 26
6331 6332 26
2170 2171 26
8986 8987 26
858 859 26
4171 4172 26
110 9667 26
2579 2580 26
532 533 26
8630 8631 26
2716 2717 26
4591 4592 26
944 9208 26
294 295 26
186 187 26
8654 8655 26
5560 8945 26
9449 9450 26
1470 1471 26
4602 6828 26
728 729 26
3986 3987 26
5088 5089 26
2729 4464 26
1935 1936 26
1415 1416 26
324 325 26
5328 5329 26
3302 3752 26
3791 9159 26
2634 2635 26
135 136 26
1859 1860 26
1097 9802 26
735 736 26
3634 6077 26
6428 6429 26
2244 2245 26
2068 7883 26
3812 3813 26
3641 7754 26
7787 7788 26
8379 8380 26
7391 7392 26
3813 7674 26
9564 9565 26
9162 9163 26
9570 9571 26
4049 4050 26
6446 6447 26
9578 9579 26
1812 1813 26
8118 8119 26
4055 4056 26
8031 8032 27
4746 4747 27
4748 4749 27
908 2234 27
1642 1643 27
876 877 27
29 1487 27
9588 9589 27
7712 7713 27
1937 8777 27
4979 4980 27
9184 9185 27
4236 4237 27
6168 6169 27
1298 1299 27
8780 8781 27
4581 8700 27
2238 4746 27
6186 7344 27
357 358 27
9625 9626 27
7364 7365 27
1009 1010 27
684 685 27
3298 3299 27
7383 7384 27
8404 8405 27
4999 5000 27
7385 7386 27
6207 6208 27
6212 6213 27
3913 3914 27
3067 3068 27
2429 2430 27
471 472 27
3075 3391 27
7417 7418 27
5235 5236 27
7823 8459 27
4266 4267 27
1074 4861 27
6241 6242 27
4817 4818 27
5026 5027 27
2079 2080 27
7085 7086 27
7438 7439 27
5251 5252 27
103 4083 27
6524 6525 27
6525 6526 27
8485 8486 27
2347 9472 27
1245 4187 27
5505 5506 27
7871 7872 27
8506 8507 27
3090 3091 27
1736 1737 27
1089 1090 27
9787 9788 27
964 6782 27
1451 1945 27
5536 5537 27
3469 3470 27
2100 8667 27
541 542 27
2711 2712 27
5549 8027 27
935 936 27
5798 5799 27
8199 8200 27
7527 7528 27
7907 9378 27
9417 9418 27
8975 8976 27
7162 9517 27
3643 3644 27
2583 4072 27
1820 1821 27
3989 3990 27
1681 7466 27
9439 9440 27
3808 3809 27
7572 9480 27
3131 3701 27
651 6341 27
7936 7937 27
6604 6605 27
8608 8609 27
1097 1098 27
116 5538 27
8621 8622 27
4919 4920 27
9472 9473 27
6619 6620 27
3504 3505 27
3828 3829 27
4334 4335 27
4520 4521 27
6632 6633 27
4336 4337 27
4937 4938 27
3828 4958 27
6099 6100 27
618 619 27
4344 6917 27
8292 8293 27
594 8659 27
8003 8004 27
677 678 27
9951 9952 27
1215 1216 27
9955 9956 27
1162 1163 27
9544 9545 27
3520 9095 27
2302 2303 27
2219 2220 27
9979 9980 27
7299 7300 27
8029 8030 27
988 989 27
9566 9567 27
5468 7274 28
2238 2239 28
1387 1388 28
5482 5483 28
7557 7558 28
7562 7563 28
7564 7565 28
6644 6645 28
2640 2641 28
9623 9624 28
8857 8858 28
3979 3980 28
4449 7346 28
3669 3670 28
9281 9282 28
2522 7554 28
4751 4752 28
482 2684 28
8882 8883 28
3553 3554 28
6933 6934 28
6935 6936 28
1330 1331 28
1521 1522 28
5301 5302 28
657 658 28
5529 5530 28
8911 8912 28
6203 6204 28
2474 2475 28
1525 1526 28
8928 8929 28
8230 8231 28
659 660 28
5971 5972 28
6221 6222 28
1931 3042 28
2831 2832 28
5980 5981 28
7984 7985 28
9748 9749 28
2129 2130 28
5549 5550 28
5148 5149 28
9382 9383 28
6721 6722 28
5765 5766 28
8596 8597 28
2553 6635 28
7331 7332 28
1792 9272 28
3716 3717 28
3858 6901 28
1797 1798 28
3719 4551 28
6016 6711 28
4492 4493 28
2184 2185 28
9013 9014 28
3723 3724 28
6745 6746 28
2686 9706 28
9812 9813 28
3247 3248 28
2687 4690 28
950 951 28
9824 9825 28
7064 7065 28
9055 9056 28
2197 2198 28
8328 8329 28
1941 8010 28
5820 5821 28
3610 3717 28
5833 5834 28
4837 4838 28
9841 9842 28
9460 9461 28
7781 7782 28
2489 2490 28
4680 9961 28
4682 4683 28
7797 7798 28
2 1851 28
8089 8090 28
2776 2777 28
6564 7500 28
7813 7814 28
8735 9391 28
3361 3362 28
9125 9126 28
6573 6574 28
7109 7110 28
9889 9890 28
5214 5215 28
1443 1444 28
9532 9533 28
536 537 28
5032 5033 28
4859 8126 28
5039 5040 28
64 9183 28
8775 8776 28
6837 6838 28
7135 7136 28
2226 2227 28
9932 9933 28
5431 6367 28
3061 6288 28
2105 2106 28
6117 6118 28
3279 3280 28
1416 5495 28
580 581 28
2617 2618 28
7185 7186 28
1597 1598 28
4270 4271 28
212 213 28
9599 9600 28
215 216 28
6504 6505 29
5781 5782 29
6508 6509 29
3417 3418 29
7016 7017 29
7983 8334 29
4953 4954 29
7665 7666 29
8931 8932 29
7671 7672 29
770 771 29
6734 6735 29
4441 4442 29
8267 8268 29
6522 6523 29
2163 2164 29
4283 4284 29
8606 8607 29
1299 1300 29
7371 7372 29
6531 6532 29
1400 1401 29
2707 2708 29
7060 7061 29
4775 4776 29
9374 9375 29
477 478 29
2452 2453 29
3334 3335 29
8638 8639 29
1174 1175 29
8999 9000 29
9000 9001 29
7749 7750 29
9396 9397 29
44 45 29
7759 7760 29
2249 4259 29
8052 8053 29
8667 8668 29
4610 4611 29
6073 6074 29
919 6243 29
939 940 29
2535 2536 29
2098 2099 29
1686 1687 29
3892 6661 29
1980 1981 29
4639 4640 29
2187 2188 29
4641 4642 29
268 269 29
5641 5642 29
2045 2046 29
7822 7823 29
2104 2105 29
2046 2047 29
2823 4243 29
4834 9783 29
3762 3763 29
5660 5661 29
3372 3373 29
7497 7498 29
2210 8121 29
4223 4224 29
3499 5972 29
5681 5682 29
6888 6889 29
6147 6148 29
443 444 29
4347 4348 29
9857 9858 29
5464 9982 29
1029 1030 29
4348 4740 29
2572 2573 29
4861 4862 29
4358 4359 29
6915 6916 29
2222 2223 29
2490 2491 29
3018 7457 29
6183 6184 29
713 714 29
8824 8825 29
7571 7572 29
6432 9675 29
3024 3025 29
4248 4249 29
5274 5275 29
437 438 29
4720 5380 29
9 10 29
5523 5524 29
1999 2000 29
1543 1544 29
4729 8769 29
9933 9934 29
9591 9592 29
4401 4402 29
2925 2926 29
3314 3315 29
4933 4934 29
9958 9959 29
4935 4936 29
4265 4266 29
3687 4883 29
9977 9978 29
9272 9273 29
3315 3316 29
9280 9281 29
2360 9026 29
3569 3570 29
7003 7004 29
2317 2318 30
3244 8256 30
2552 2553 30
778 8168 30
9657 9658 30
7166 7167 30
4505 9661 30
1184 1185 30
4818 4819 30
4821 4822 30
8670 8671 30
6683 6684 30
6920 6921 30
3168 3477 30
5358 5359 30
5771 5772 30
244 715 30
2193 2194 30
3690 3691 30
6011 8422 30
1228 1229 30
7855 7856 30
2025 2910 30
9054 9055 30
7549 7550 30
7246 7247 30
2091 2092 30
521 522 30
2982 2983 30
5581 5582 30
6960 6961 30
3982 3983 30
9763 9764 30
2274 2275 30
5815 5816 30
374 375 30
654 655 30
3991 3992 30
6990 6991 30
599 8818 30
4274 7580 30
9107 9108 30
433 434 30
3837 3838 30
1299 8020 30
5412 5413 30
9804 9805 30
8442 8443 30
3603 3604 30
528 529 30
9470 9471 30
5852 5853 30
4159 4160 30
9476 9477 30
4905 4906 30
6 7 30
5433 5434 30
4439 4440 30
3200 3201 30
416 417 30
361 362 30
1355 1356 30
915 916 30
7042 7043 30
9519 9520 30
9521 9522 30
8200 8201 30
9526 9527 30
17 7233 30
4588 4589 30
4455 4679 30
7667 7668 30
7669 9796 30
1108 1109 30
642 643 30
7975 7976 30
1733 1734 30
3513 6270 30
5102 5103 30
7684 7685 30
19 9028 30
5690 5691 30
6821 6822 30
6365 6366 30
8889 8890 30
3762 5686 30
6369 7405 30
4765 4766 30
9585 9586 30
3225 3598 30
3518 3519 30
1068 1069 30
8907 8908 30
497 498 30
5713 8110 30
2803 6078 30
6391 8467 30
5303 5304 30
7120 7121 30
2946 2947 30
2259 2260 30
6159 6160 30
2388 2389 30
4960 4961 30
8045 9231 30
8301 8302 30
4961 4962 30
4227 4228 30
8628 8629 30
878 6850 30
4340 4341 30
4343 4344 30
9606 9607 31
6792 6793 31
3332 3333 31
8101 8102 31
9233 9234 31
6308 6309 31
8112 8113 31
6799 6800 31
6049 6050 31
1946 1947 31
3706 3707 31
414 415 31
6563 6564 31
3833 3834 31
1774 1775 31
1473 1474 31
8133 8134 31
3451 3452 31
1954 3872 31
5395 5396 31
4633 7035 31
6336 6337 31
4472 4473 31
196 197 31
7503 7504 31
4187 4188 31
1889 1890 31
169 170 31
1891 1892 31
9692 9693 31
2600 2601 31
8499 8500 31
1354 3777 31
6608 6609 31
9706 9707 31
8507 9479 31
8512 8513 31
5216 6476 31
6106 8345 31
2792 2793 31
8521 8522 31
7539 7540 31
6115 6116 31
600 601 31
3733 3734 31
2623 2624 31
2882 2883 31
7901 7902 31
1828 1829 31
5023 8543 31
5888 5889 31
9765 9766 31
214 4432 31
4060 4061 31
4847 4848 31
4230 4231 31
4509 4510 31
6925 6926 31
2519 2520 31
3500 3501 31
3911 3912 31
2635 2636 31
7259 7260 31
5702 5703 31
5705 5706 31
1539 1540 31
398 399 31
4881 4882 31
7942 7943 31
3765 3766 31
1256 1257 31
2648 2649 31
1065 1066 31
6975 7197 31
4530 4531 31
783 784 31
8262 8263 31
7296 7297 31
4388 4389 31
4537 4538 31
1696 1697 31
5517 6164 31
6709 6710 31
6449 6450 31
447 8400 31
449 450 31
5736 5737 31
9854 9855 31
1653 1654 31
3664 3665 31
8675 8676 31
1558 3788 31
3956 3957 31
7013 7014 31
9086 9087 31
1930 1931 31
651 652 31
9101 9102 31
7698 7699 31
4422 4423 31
26 27 31
2034 5754 31
5324 5325 31
6003 6004 31
3807 3808 31
2834 9549 31
7382 7383 31
4278 4279 31
3322 3323 31
8342 8343 31
9919 9920 31
8346 8347 31
5138 6996 31
7743 7744 31
1106 1107 31
3325 3326 31
7754 7755 31
5795 5796 31
7758 7759 31
6530 6531 31
8069 8070 31
1665 1666 31
4446 4447 31
6533 8312 31
8079 8080 31
7769 7770 31
4592 4593 31
1142 1143 31
1873 1874 31
9987 9988 31
4598 4599 31
9210 9211 31
2043 3098 31
7426 7427 31
7437 8379 32
9342 9343 32
6613 6614 32
3976 9898 32
6876 6877 32
220 221 32
329 330 32
8068 8069 32
2377 6256 32
3553 9908 32
5108 5109 32
5493 5494 32
45 3627 32
5286 5287 32
5714 5715 32
7820 7821 32
8676 8677 32
3559 3560 32
9725 9726 32
7168 7169 32
129 7329 32
5294 5295 32
4309 4310 32
1573 1574 32
1937 1938 32
2789 2790 32
6431 7253 32
9411 9412 32
994 995 32
6184 6185 32
8116 8117 32
1728 1729 32
7229 7230 32
2717 2718 32
1534 1535 32
5967 9652 32
7866 7867 32
1159 7611 32
2951 2952 32
3335 7367 32
2093 2094 32
9088 9089 32
1269 1270 32
2662 2663 32
1735 1736 32
4040 4041 32
8767 8768 32
5156 5157 32
1395 1396 32
700 701 32
3470 3471 32
4639 5716 32
6008 6009 32
572 573 32
5780 5781 32
5173 5174 32
9484 9485 32
7280 7281 32
63 4755 32
2970 2971 32
3067 3750 32
9155 9156 32
2348 3161 32
3747 3748 32
3363 3364 32
3070 3071 32
8483 8484 32
9173 9174 32
7004 7005 32
1002 1003 32
3283 3284 32
4669 4670 32
7317 7318 32
152 153 32
7323 7324 32
5611 5612 32
2415 8005 32
7643 7644 32
1847 1848 32
8860 8861 32
6535 6536 32
3501 3502 32
647 648 32
3086 3087 32
6057 6058 32
6058 6059 32
3935 3936 32
5024 5025 32
3504 5303 32
6078 7289 32
2158 2159 32
4704 4705 32
136 2695 32
3656 3657 32
142 143 32
9274 9275 32
5432 5433 32
5644 5645 32
1454 1455 32
2117 7619 32
4107 4108 32
4109 4110 32
6828 6829 32
4558 4559 32
4274 4275 32
7410 7411 32
5668 8369 32
671 672 32
2766 2767 32
2609 2610 32
3405 3406 32
7113 7114 32
3311 3312 32
4571 4572 32
5263 5264 32
923 924 32
6520 6521 33
5842 5843 33
4787 4788 33
5847 5848 33
1301 6097 33
3488 3489 33
6059 6060 33
5265 5266 33
1702 1703 33
8132 8133 33
1706 1707 33
19 377 33
6313 6314 33
6314 6315 33
2615 2616 33
5466 5467 33
1083 1084 33
824 825 33
2846 2847 33
5476 5477 33
7330 7331 33
1148 1149 33
2074 2075 33
3112 4281 33
3118 3119 33
4653 4654 33
4809 4810 33
5696 5697 33
6575 8536 33
6811 6812 33
7369 7370 33
6577 6578 33
299 300 33
5698 5699 33
3030 3031 33
7955 7956 33
4138 4139 33
3854 3855 33
8193 8194 33
4153 4154 33
1394 1395 33
4157 4271 33
3640 9006 33
787 5334 33
331 332 33
7976 7977 33
9488 9489 33
8209 8210 33
9497 9498 33
3744 3745 33
7713 9487 33
7983 7984 33
4554 4555 33
3888 3889 33
5916 6896 33
5720 5721 33
4701 4702 33
2387 2388 33
8865 8866 33
8866 8867 33
53 877 33
1218 1219 33
8239 8240 33
8008 8009 33
5344 5345 33
1580 1581 33
6166 6167 33
2795 5613 33
1638 1639 33
861 6603 33
2659 2660 33
1685 1686 33
2555 9052 33
5206 5207 33
8906 8907 33
5371 5372 33
2201 2202 33
2209 2210 33
5766 5767 33
4463 4464 33
8595 8596 33
5035 5036 33
1833 1834 33
6209 6210 33
3925 3926 33
9597 9598 33
5389 9392 33
3668 3669 33
2210 2211 33
998 999 33
3448 3449 33
9306 9307 33
969 970 33
3573 3574 33
904 9761 33
5236 5237 33
493 6474 33
242 243 33
7254 9706 33
4753 4754 33
1371 1372 33
4092 4093 33
7258 7259 33
2755 2756 33
2422 2423 33
4627 5109 33
5634 5635 33
1558 1559 33
5439 5440 33
6514 6515 33
9005 9006 33
1977 1978 33
7923 7924 34
6596 9426 34
2204 2205 34
1490 1491 34
9740 9741 34
3987 7421 34
9456 9457 34
5448 8330 34
3713 3714 34
4392 8415 34
3903 3904 34
271 272 34
4396 4397 34
4807 5639 34
5623 5624 34
91 6629 34
3486 3487 34
1084 1085 34
8924 8925 34
8651 8652 34
1233 2621 34
2400 2401 34
7762 7763 34
5481 5482 34
8170 8171 34
5935 5936 34
6293 6294 34
2401 2402 34
852 8856 34
7774 7775 34
6105 6106 34
8417 8418 34
1910 1911 34
7054 7055 34
5945 5946 34
41 42 34
5085 5086 34
4020 4021 34
2224 2225 34
8435 8436 34
8012 8013 34
1421 1422 34
6680 6681 34
2026 2027 34
6320 6321 34
4965 4966 34
8028 8029 34
1424 1425 34
5106 5107 34
4037 4038 34
2843 2844 34
2371 2372 34
719 720 34
5825 5826 34
532 9753 34
7341 7371 34
5993 5994 34
5247 5248 34
9865 9866 34
754 755 34
1362 1363 34
4638 4639 34
3368 8662 34
5545 5546 34
4750 4751 34
7130 7131 34
2435 6054 34
2750 2792 34
421 422 34
4552 4553 34
9899 9900 34
6185 6186 34
902 903 34
9903 9904 34
8814 8815 34
8283 8284 34
3856 3857 34
5863 5864 34
3964 3965 34
7644 7645 34
7163 7164 34
9643 9644 34
8092 8093 34
5269 5270 34
9403 9404 34
9119 9120 34
5149 5150 34
599 600 34
4911 4912 34
3623 3624 34
9430 9431 34
3540 3541 34
2151 2152 34
9133 9134 34
6582 6583 34
4472 6276 34
1176 1177 34
6763 6764 34
6988 6989 34
6051 6052 34
2991 2992 34
4675 4676 34
7793 7794 35
7794 7795 35
4909 4910 35
7800 7801 35
3965 3966 35
6678 6679 35
3074 3075 35
5064 5065 35
3970 3971 35
2533 2534 35
677 6639 35
8656 8657 35
5083 5084 35
3681 3682 35
8990 8991 35
6237 6238 35
1248 1249 35
7243 7244 35
431 432 35
1049 1373 35
2893 7397 35
1647 1648 35
4749 4750 35
9014 9015 35
6254 6255 35
68 4202 35
2172 2173 35
3090 4313 35
2997 5229 35
6271 6272 35
9045 9046 35
8698 8699 35
879 1727 35
6281 6282 35
8712 8713 35
264 265 35
291 9901 35
1060 1061 35
8726 8727 35
6071 6072 35
1545 1546 35
2825 2826 35
8733 8734 35
4619 4620 35
2261 2262 35
4177 4178 35
6307 6308 35
1867 1868 35
3597 3598 35
9090 9091 35
9092 9093 35
6746 6747 35
5706 5707 35
2325 2326 35
2188 2189 35
2190 2191 35
1505 1506 35
516 517 35
8778 8779 35
2584 2585 35
2196 2197 35
3144 3145 35
3350 8513 35
1272 1273 35
477 4765 35
7634 7635 35
6781 9491 35
1235 1236 35
2095 8092 35
2032 2033 35
7932 7933 35
4354 4355 35
2608 2609 35
6128 6129 35
918 919 35
7357 7635 35
3756 3757 35
3042 3043 35
6356 6357 35
6357 6358 35
7080 7081 35
1670 1671 35
9188 9189 35
3374 3375 35
7086 7087 35
6360 6361 35
6142 6143 35
2787 2788 35
4077 7279 35
5377 5378 35
7719 7720 35
1406 1407 35
5961 5962 35
6839 6840 35
105 106 35
1360 1361 35
4534 4535 35
3055 3056 35
9909 9910 35
6612 6613 35
9249 9250 35
3647 3648 35
3648 3649 35
896 9795 35
8565 8566 35
1103 1104 35
1033 1034 35
9602 9603 35
3657 3658 35
5033 8203 35
5788 5789 35
5399 5400 35
3395 3396 35
3062 3063 35
4102 4103 35
2290 2291 35
460 461 35
7452 7754 35
4892 4893 35
8041 8042 35
4429 4430 35
1417 8257 35
7789 7790 35
2800 2915 35
9635 9636 35
8299 8300 35
8862 8863 36
1784 1785 36
1522 1523 36
1885 9300 36
7661 7662 36
7147 7148 36
1555 7580 36
23 8256 36
3731 3732 36
4778 7982 36
7156 7157 36
48 49 36
4118 4119 36
8126 8127 36
5429 5430 36
8895 8896 36
5612 8847 36
2958 2959 36
4943 4944 36
7710 7711 36
2333 2334 36
6957 6958 36
8646 8647 36
4393 4394 36
4001 9861 36
4797 4798 36
917 5368 36
9219 9220 36
586 6416 36
4521 4522 36
5806 5807 36
4523 4524 36
2967 2968 36
6750 7377 36
6180 6181 36
571 572 36
1042 1043 36
2342 2343 36
4150 4151 36
9816 9817 36
1963 1964 36
4966 4967 36
248 2691 36
6386 6387 36
3549 3550 36
4540 4541 36
3065 3066 36
6204 6205 36
5663 5664 36
3258 3393 36
9285 9286 36
839 840 36
3767 3768 36
4166 4167 36
1172 3814 36
1974 1975 36
7030 7031 36
3446 3447 36
1755 1756 36
3071 3072 36
9010 9011 36
8743 8744 36
22 23 36
3674 3675 36
9333 9334 36
9598 9599 36
2596 2597 36
1174 2717 36
4845 6858 36
2358 2359 36
8486 8487 36
8487 8488 36
2060 2061 36
661 8834 36
1578 5761 36
5530 5531 36
1542 1543 36
7322 7323 36
3950 3951 36
6264 6265 36
2702 2703 36
4866 4867 36
9914 9915 36
5025 5026 36
9631 9632 36
662 663 36
337 1235 36
7333 7334 36
880 881 36
781 3777 36
7860 7861 36
3376 3377 36
2173 8431 36
4341 4342 36
2175 2176 36
3301 3302 36
5903 7646 36
4602 4603 36
8087 8088 36
1222 5656 36
9976 9977 36
9415 9416 36
6106 6107 36
2011 2012 36
2249 2250 36
2076 2077 36
3617 3618 36
8096 8097 36
1600 1601 36
914 915 37
4473 4474 37
4862 4863 37
8796 8797 37
4218 4219 37
9701 9702 37
3232 3233 37
5862 5863 37
710 711 37
3813 9545 37
2097 2098 37
523 524 37
1631 4905 37
2315 2316 37
6800 6801 37
1912 1913 37
3969 3970 37
8527 8528 37
6810 6811 37
3394 3395 37
7808 7809 37
7547 7548 37
1353 1354 37
9755 9756 37
871 9771 37
5714 6074 37
6072 6073 37
7293 7294 37
567 568 37
5378 5379 37
7829 7830 37
3624 3625 37
7059 7060 37
3324 3325 37
4918 4919 37
8580 8581 37
1007 1008 37
7838 7839 37
7066 7067 37
8076 8077 37
3842 3843 37
2055 2056 37
3513 3514 37
1042 9069 37
678 679 37
8315 8316 37
6857 6858 37
179 180 37
7604 7605 37
5066 5067 37
6662 6663 37
5237 5238 37
7869 7870 37
1151 1152 37
9243 9244 37
5745 5746 37
319 320 37
5403 5404 37
1153 1154 37
4643 4644 37
1729 1730 37
9844 9845 37
2018 2019 37
4140 4141 37
4801 4802 37
7898 7899 37
6124 6125 37
6904 6905 37
824 3414 37
9571 9572 37
6515 6516 37
7377 7378 37
2813 2814 37
3895 3896 37
738 739 37
149 9031 37
8393 8394 37
7140 7141 37
3343 3344 37
2479 2520 37
4160 4161 37
3443 3444 37
1789 7461 37
2633 2634 37
3349 5312 37
3563 3564 37
3202 3203 37
7707 7708 37
221 222 37
3357 3358 37
3673 3674 37
6165 6166 37
8430 8431 37
1423 1424 37
9349 9350 37
5144 5145 37
8734 8735 37
6170 8321 37
9359 9360 37
2893 2894 37
9365 9366 37
2767 2768 37
7202 7203 37
7965 7966 37
1195 1196 37
764 765 37
3473 3474 37
9647 9648 37
4576 4577 37
9973 9974 37
3043 9299 37
4994 4995 37
7751 7752 37
4202 4203 37
1266 1267 37
2969 3563 37
6761 6762 37
1662 1663 37
3046 3687 37
432 433 38
4088 4089 38
8515 8516 38
4831 4832 38
2814 2815 38
2617 4239 38
7559 7560 38
1361 1362 38
7815 7816 38
724 725 38
6270 6271 38
1463 1464 38
6452 6453 38
264 3253 38
3056 4325 38
3728 3729 38
154 8307 38
2077 7719 38
7581 7582 38
5924 5925 38
3980 3981 38
2416 9127 38
4733 4734 38
7087 7088 38
2978 2979 38
7852 7853 38
2704 6909 38
1428 1429 38
78 79 38
8312 8313 38
6309 6310 38
9186 9187 38
8314 8315 38
5309 5310 38
4875 4876 38
1758 1759 38
1000 1001 38
2561 9589 38
579 580 38
3753 3754 38
5807 5808 38
8618 8619 38
5809 5810 38
7884 7885 38
4894 4895 38
6325 6326 38
2998 2999 38
1375 2732 38
8923 8924 38
2442 2443 38
2722 9231 38
2788 4231 38
8644 8645 38
427 2237 38
2845 6138 38
6162 9717 38
7153 7154 38
5828 5829 38
1766 1767 38
7672 7673 38
5832 5833 38
4025 4026 38
8953 8954 38
7679 7680 38
3907 3908 38
2848 2849 38
2231 2232 38
2851 2852 38
3297 3298 38
3784 3785 38
6367 6368 38
905 906 38
7196 7197 38
8410 8411 38
5370 5371 38
9600 9601 38
4425 4426 38
7718 7719 38
8707 8708 38
3683 3684 38
1613 1614 38
6989 6990 38
9006 9007 38
2390 2391 38
1776 1777 38
5067 5068 38
3378 3379 38
2798 2799 38
6996 6997 38
9024 9025 38
6592 6593 38
4313 6935 38
2866 2867 38
3492 3493 38
7005 7006 38
1006 5091 38
7493 7494 38
7494 7495 38
7252 7253 38
717 718 38
8 9 38
7256 7257 38
1451 1452 38
3317 3318 38
7999 8000 38
4688 4689 38
1630 4267 38
5728 5729 38
5891 5892 38
4563 7948 38
6615 6616 38
6077 6078 38
1786 5919 38
314 315 38
494 495 38
7515 7516 39
752 753 39
7773 7774 39
150 151 39
2918 2919 39
7265 7266 39
7033 7034 39
2377 2378 39
6081 6082 39
1931 9928 39
8498 8499 39
9723 9724 39
6829 6830 39
6085 7252 39
423 1607 39
4031 4032 39
7052 7053 39
2590 2591 39
8024 8025 39
3047 3048 39
5266 5267 39
8519 8520 39
4548 4549 39
2341 2342 39
5142 5592 39
4903 6559 39
5764 5765 39
7071 7072 39
1026 1027 39
424 425 39
8546 8547 39
3591 3592 39
6488 6489 39
4909 4919 39
9161 9484 39
5440 5441 39
2997 2998 39
5929 9841 39
1079 1080 39
3134 3135 39
3671 3672 39
8062 8063 39
5298 5299 39
9183 9184 39
4263 9370 39
5794 5795 39
6896 6897 39
6898 6899 39
464 465 39
2601 2602 39
1885 1886 39
4363 4364 39
4920 6776 39
5174 5175 39
5175 5176 39
8603 8604 39
8319 8320 39
4063 7016 39
2549 9012 39
9231 9232 39
7131 7132 39
2195 2196 39
8913 8914 39
6718 6719 39
7646 7647 39
2786 4447 39
5041 5042 39
3440 3441 39
7893 7894 39
8107 8108 39
1119 1120 39
6343 6344 39
3865 5821 39
3875 3876 39
7900 7901 39
5672 5673 39
8650 8651 39
8368 8369 39
5826 5827 39
2886 2887 39
4084 4085 39
4709 4710 39
5342 5343 39
1588 1589 39
6743 6744 39
4503 4504 39
5841 5842 39
5348 5349 39
96 97 39
4289 4290 39
5357 5358 39
1926 1927 39
2790 2791 39
1088 1089 39
6581 6582 39
5225 5226 39
7933 7934 39
5081 9603 39
1462 1463 39
7723 7724 39
3179 3180 39
1144 1145 39
7948 7949 39
7241 7242 39
7473 7474 39
5868 5869 39
3707 5839 39
3639 3640 39
4519 4520 39
2323 2324 39
2011 4346 39
1968 1969 39
8446 8447 39
5104 5105 39
2513 2514 39
8458 8459 39
2329 2330 39
5884 7535 39
9672 9673 39
2751 2752 39
2115 2116 39
3940 3941 40
922 923 40
6874 6875 40
4676 4677 40
8507 8508 40
4176 7846 40
6276 6277 40
9085 9086 40
7592 7593 40
6278 6279 40
5091 5092 40
4059 4060 40
9091 9092 40
4681 4682 40
8276 8277 40
953 954 40
5567 5568 40
7339 7340 40
3946 3947 40
1196 1197 40
2622 2623 40
5909 5910 40
8825 8826 40
5400 5401 40
7361 7362 40
7122 7123 40
2705 2706 40
6304 6305 40
644 4728 40
686 687 40
5259 5260 40
2000 2001 40
6713 6984 40
8572 8573 40
4199 4387 40
313 9505 40
931 932 40
4973 4974 40
8581 8582 40
576 577 40
273 9858 40
3649 3650 40
133 134 40
5789 5790 40
2791 7794 40
5434 5435 40
6146 6147 40
8598 8599 40
1659 9235 40
85 9381 40
5142 5143 40
4472 9498 40
8348 8349 40
9820 9821 40
8349 8350 40
1821 1822 40
7689 7690 40
3746 3747 40
3370 3371 40
8362 8363 40
2870 2871 40
8921 8922 40
5642 9440 40
2651 2652 40
581 582 40
549 550 40
9546 9547 40
8927 8928 40
3761 3762 40
7918 7919 40
3988 3989 40
1524 1874 40
3882 3883 40
5 6 40
2033 2034 40
4001 4002 40
4369 4370 40
2565 2566 40
3894 3895 40
8952 8953 40
8403 8404 40
5674 5675 40
7943 7944 40
6188 6189 40
4121 4122 40
9888 9889 40
1668 1669 40
551 7185 40
1529 1530 40
395 396 40
6798 6799 40
1673 4648 40
200 201 40
6801 6802 40
404 1139 40
9316 9317 40
5040 7530 40
5513 5514 40
1731 4739 40
1477 1478 40
7772 8748 40
6817 6818 40
4399 4400 40
7778 7779 40
806 807 40
7535 8690 40
2301 2302 40
9348 9349 40
5353 5354 40
2109 2110 40
4923 4924 40
9034 9035 40
2051 2052 40
9639 9640 40
9966 9967 40
3505 3506 40
5220 5221 40
3506 3507 40
374 3876 40
1109 6993 40
2605 2606 40
1313 1314 40
6256 6257 40
5723 5724 40
2173 2174 40
1589 8352 40
2308 2309 41
2939 2940 41
12 13 41
890 9799 41
6199 6200 41
8411 8412 41
2520 2521 41
7811 7812 41
1790 1791 41
7595 7596 41
5567 5648 41
355 7096 41
6373 8027 41
7821 7822 41
5414 5415 41
8930 8931 41
3403 3404 41
326 327 41
805 806 41
3260 3261 41
7612 7613 41
9490 9491 41
5013 5014 41
2597 2598 41
6070 6071 41
3263 3264 41
1669 1670 41
5753 5754 41
4019 4020 41
8466 8467 41
5756 5757 41
7392 7393 41
4134 4135 41
6412 6413 41
697 698 41
8048 8049 41
2411 2412 41
1934 1935 41
8979 8980 41
9269 9270 41
302 303 41
8984 8985 41
9545 9546 41
3198 3199 41
2840 2841 41
8264 8265 41
8492 8493 41
7204 7205 41
8494 8495 41
1770 1771 41
3281 3282 41
1154 2737 41
1772 1773 41
2794 2795 41
5916 7250 41
3441 3442 41
6628 6629 41
73 74 41
1774 2131 41
3294 5240 41
1676 1677 41
4058 4059 41
1561 1562 41
3551 3552 41
4674 4828 41
5802 5803 41
9052 9053 41
9874 9875 41
9601 9602 41
2495 8499 41
4062 4063 41
6296 6297 41
3051 6248 41
5661 5662 41
6842 6843 41
5492 5493 41
3957 3958 41
3959 3960 41
7055 8509 41
4182 4183 41
3449 3450 41
6503 6504 41
4069 4070 41
1178 1179 41
117 2678 41
4071 6831 41
9377 9378 41
367 368 41
3846 3847 41
4963 5978 41
7937 8620 41
5375 5376 41
8354 8355 41
6156 6157 41
9104 9105 41
3463 3464 41
9940 9941 41
2923 2924 41
9115 9116 41
9954 9955 41
3858 3859 41
1858 8486 41
7093 7094 41
1540 1541 41
7550 7551 41
1861 4023 41
2509 2510 41
3240 9813 41
3984 3985 41
4095 4096 41
5392 5393 41
2641 2642 41
9984 9985 41
4592 4717 41
1914 1915 41
938 7909 41
13 6839 41
8175 8176 41
1267 1268 42
7111 7112 42
2418 2419 42
5493 7020 42
1157 1158 42
9757 9758 42
7937 7938 42
1703 1704 42
6400 6401 42
6095 6096 42
2932 2933 42
3011 3012 42
286 287 42
6955 8867 42
4180 4628 42
1971 1972 42
3509 3510 42
3083 3084 42
3703 7868 42
975 976 42
2704 2705 42
4408 4409 42
4610 8308 42
3277 3278 42
2080 2081 42
9312 9313 42
31 32 42
8154 8155 42
4311 4312 42
2277 2278 42
5255 5256 42
6132 6133 42
8375 8376 42
5129 9370 42
1475 1476 42
4318 4319 42
1527 1528 42
2711 7383 42
6453 6454 42
6298 6299 42
7394 7395 42
1789 1790 42
740 741 42
1247 7265 42
2659 3303 42
8191 8192 42
766 767 42
1796 1797 42
2895 2896 42
7225 7226 42
2394 2939 42
5014 5015 42
535 536 42
2962 2963 42
885 886 42
1347 9202 42
1290 1291 42
4793 6863 42
8429 8430 42
2292 2293 42
8653 8654 42
2054 2055 42
3843 3844 42
4557 4558 42
7253 7254 42
389 390 42
9146 9147 42
8441 8442 42
1295 1296 42
2910 6818 42
6871 6872 42
9425 9426 42
5183 5808 42
9649 9650 42
7688 7689 42
4144 4145 42
9661 9662 42
1209 2468 42
4804 9285 42
3155 3156 42
5761 5762 42
6196 6197 42
125 126 42
4568 4569 42
1622 1623 42
5197 5198 42
26 9987 42
1117 1118 42
4359 4360 42
4694 4695 42
6218 6219 42
7724 7725 42
2203 2204 42
2991 3711 42
8964 8965 42
5907 5908 42
2995 2996 42
8970 8971 42
6224 6225 42
8296 9993 42
7742 7743 42
6377 6378 42
1467 1468 42
4484 6568 42
9746 9747 42
9993 9994 42
5080 5081 42
7543 7544 42
955 956 43
4896 4897 43
7565 7566 43
6187 6188 43
6802 8878 43
7938 9258 43
6058 9392 43
2757 2758 43
6329 6330 43
1548 1549 43
4780 4781 43
4261 4262 43
2873 2874 43
7169 7170 43
6339 6340 43
5789 8406 43
8561 8562 43
9791 9792 43
9534 9535 43
1246 1247 43
2875 2876 43
5671 5672 43
3323 3324 43
1810 1811 43
1351 1352 43
4567 4568 43
7206 7207 43
9057 9058 43
5394 6615 43
7208 7209 43
7021 7022 43
2936 2937 43
9321 9322 43
7216 9989 43
1093 1094 43
7995 7996 43
4074 4075 43
7997 7998 43
7408 7409 43
760 761 43
4482 4483 43
7827 7828 43
7627 7628 43
2646 2647 43
246 4692 43
8405 8406 43
6372 6373 43
3412 3413 43
2333 3267 43
4929 4930 43
652 4494 43
322 4380 43
564 7781 43
422 423 43
260 261 43
6717 6718 43
1873 9781 43
392 393 43
7857 7858 43
6561 6562 43
2100 7519 43
2521 9948 43
4711 4712 43
5982 5983 43
4409 4410 43
5719 5720 43
127 128 43
9144 9145 43
2728 2729 43
3516 3896 43
3109 3110 43
1572 1573 43
1446 1447 43
1011 1012 43
9421 9422 43
335 336 43
7501 7502 43
8070 8071 43
1710 4459 43
1450 1451 43
4964 9930 43
5211 5212 43
3130 3131 43
8942 8943 43
6599 6600 43
8706 8707 43
1109 5412 43
9446 9447 43
9946 9947 43
4436 4437 43
908 909 43
9696 9697 43
6605 6606 43
1418 1419 43
3233 3234 43
3460 3461 43
3555 3556 43
8497 8498 43
2409 4030 43
9465 9466 43
2266 2267 43
9469 9470 43
2861 2862 43
7748 7749 43
2413 2414 43
799 800 43
5116 5117 43
3957 6752 43
7554 7555 43
688 1487 43
313 314 43
6170 6171 44
1993 1994 44
9224 9225 44
7467 7468 44
7468 7469 44
8971 8972 44
8973 8974 44
6856 6857 44
4766 4767 44
1005 1006 44
5865 5866 44
1364 1365 44
4660 5690 44
7262 7263 44
4560 5688 44
4785 4786 44
9769 9770 44
5143 5144 44
549 9900 44
9261 9262 44
4665 4666 44
3912 3913 44
9524 9525 44
506 507 44
7276 7277 44
3997 3998 44
5280 5281 44
5428 5429 44
7519 7520 44
7284 7285 44
2382 8443 44
9290 9291 44
5603 5604 44
6536 6537 44
2624 2625 44
3589 3590 44
2692 2693 44
9305 9306 44
6544 6545 44
6364 6365 44
4918 6091 44
2747 2748 44
214 215 44
3926 4589 44
5614 5615 44
1149 1369 44
6922 6923 44
5034 5035 44
9581 9582 44
1742 1743 44
9067 9068 44
6082 6083 44
7779 7780 44
1312 1313 44
6377 9048 44
8843 8844 44
1122 5291 44
6570 6571 44
8165 8166 44
4310 4311 44
4499 4500 44
373 374 44
1448 1449 44
9361 9362 44
958 2226 44
4317 4318 44
475 8267 44
2396 2397 44
6249 6250 44
3533 3534 44
2453 2454 44
182 8210 44
3852 3853 44
4122 4123 44
2154 2155 44
8635 8636 44
252 253 44
7376 7377 44
9393 9394 44
3625 3626 44
5079 5080 44
4833 4834 44
3696 3719 44
8647 8648 44
4617 4618 44
3053 3054 44
4054 4055 44
1324 1325 44
5359 5360 44
2208 2209 44
6442 6443 44
2712 2713 44
183 184 44
3878 3879 44
3704 9483 44
4539 4540 44
560 561 44
406 407 44
1727 1728 44
9171 9172 44
2085 2086 44
7655 7656 44
816 817 44
9177 9178 44
4869 4870 44
4873 4874 44
5541 6603 44
1933 1934 44
646 647 44
1429 1430 44
7034 7035 44
5253 5254 44
5126 5127 44
2890 7519 44
4993 4994 44
1579 1580 44
7455 7456 44
8409 8410 45
7892 7893 45
6845 6846 45
6557 6655 45
6031 6032 45
8414 8415 45
7350 7351 45
3942 3943 45
5343 5344 45
5676 7060 45
8855 8856 45
4081 4082 45
5680 5681 45
7906 7907 45
8238 8239 45
5055 5056 45
2775 2776 45
6299 6300 45
5792 5793 45
7213 7214 45
6426 6427 45
9341 9342 45
1713 1714 45
2352 2471 45
3799 3800 45
2957 5901 45
7574 7575 45
4731 4732 45
4329 4330 45
2410 2411 45
1255 1256 45
1460 1461 45
712 7705 45
6738 6739 45
4501 4502 45
1404 1405 45
3100 3101 45
6193 6194 45
3471 3472 45
2963 2964 45
6918 6919 45
175 176 45
7078 7079 45
1983 5511 45
1057 1058 45
881 882 45
6332 6333 45
3968 3969 45
5010 5011 45
2758 2759 45
8503 8504 45
6616 6617 45
8939 8940 45
5619 5620 45
592 593 45
7445 7446 45
5290 5291 45
5496 9363 45
8950 8951 45
229 230 45
7453 7454 45
1043 1044 45
5628 9744 45
8735 8736 45
1326 1327 45
8960 8961 45
4119 4120 45
5019 5020 45
8745 8746 45
8746 8747 45
4942 4943 45
5740 5741 45
33 34 45
5858 5859 45
8543 8544 45
5858 7239 45
2943 2944 45
1487 1488 45
3916 3917 45
7307 7308 45
1453 1454 45
5410 5411 45
3780 3781 45
3554 3555 45
5872 5873 45
6006 7509 45
8180 8181 45
3720 3721 45
123 124 45
8575 8763 45
3851 3852 45
7518 7519 45
3931 3932 45
2255 2256 45
9270 9271 45
9022 9023 45
2346 2347 45
9025 9026 45
4316 4317 45
338 339 45
7528 7529 45
3257 3258 45
8045 8046 45
3795 3796 45
9288 9289 45
5778 5779 45
6659 6916 46
1509 1510 46
6362 6363 46
2826 6448 46
5469 5470 46
6667 6668 46
9764 9765 46
5245 5246 46
2780 8992 46
2687 2688 46
2730 9231 46
3820 3821 46
2731 2732 46
1605 1606 46
6537 6538 46
7179 7180 46
2463 2464 46
7187 7188 46
3016 3017 46
9795 9796 46
4000 6082 46
5149 8649 46
8463 8464 46
4844 4845 46
6383 6384 46
5379 5380 46
8472 8473 46
1435 1436 46
5755 5756 46
1137 5098 46
2470 2471 46
6870 6871 46
4377 7293 46
5508 5509 46
7387 7388 46
1138 1139 46
9589 9590 46
8489 8490 46
3928 3929 46
7580 9480 46
7225 7537 46
6019 6020 46
1439 1440 46
1687 1688 46
626 627 46
3303 3304 46
154 155 46
4395 4396 46
7791 7792 46
4874 4875 46
1392 1393 46
3687 3688 46
1393 1394 46
5187 5188 46
633 634 46
3845 3846 46
925 926 46
6177 6178 46
2752 6536 46
1191 7692 46
7079 7080 46
29 30 46
7818 7819 46
9422 9423 46
343 344 46
8542 8543 46
5796 5797 46
895 2129 46
8974 8975 46
331 2171 46
7989 7990 46
3628 3629 46
9651 9652 46
9212 9213 46
9655 9656 46
7450 7451 46
6069 6070 46
3781 3782 46
1940 1941 46
8559 8560 46
2092 2093 46
5320 5321 46
8788 8789 46
6327 9051 46
9931 9932 46
2607 2608 46
7660 7661 46
9245 9246 46
1495 1496 46
4240 8670 46
4605 4606 46
7847 7848 46
6954 6955 46
393 394 46
8810 8811 46
637 638 46
9479 9480 46
3482 3483 46
120 121 46
8195 8196 46
7496 7497 46
6211 6212 46
19 20 46
1787 1788 46
3487 9178 46
2621 2622 46
5831 5832 46
5017 5018 46
9749 9750 46
2016 2017 46
2996 2997 46
3282 3283 46
9674 9675 47
2010 7604 47
6685 6686 47
7850 7851 47
1741 1742 47
4983 9360 47
5777 5778 47
5925 5926 47
25 26 47
7858 7859 47
6127 6128 47
152 4741 47
2017 2018 47
5275 5276 47
512 513 47
9717 9718 47
9718 9719 47
3677 3678 47
1343 2626 47
2409 9705 47
5791 5792 47
3598 3599 47
7883 7884 47
3684 3685 47
8576 9502 47
2066 2067 47
8579 8580 47
5000 5001 47
9444 9445 47
9143 9144 47
3436 3437 47
3165 3166 47
1841 1842 47
5007 5008 47
976 977 47
8353 8354 47
4875 9224 47
1811 1812 47
4100 7371 47
1574 2803 47
3692 3693 47
9767 9768 47
8120 8121 47
4000 4001 47
4238 4239 47
6735 9501 47
5172 5173 47
8909 8910 47
6739 6740 47
6980 6981 47
5998 5999 47
8915 8916 47
9189 9190 47
2337 2338 47
3611 3612 47
9491 9492 47
6354 6355 47
4608 4609 47
3611 9903 47
9808 9809 47
2147 8056 47
2538 2539 47
1975 1976 47
4249 4250 47
4365 4366 47
5189 5190 47
1515 1516 47
6764 6765 47
2677 2678 47
7935 7936 47
6021 6022 47
7486 7487 47
8943 8944 47
16 17 47
8413 8414 47
3626 3627 47
3918 3919 47
6373 6374 47
5198 5199 47
2726 9289 47
5701 5702 47
9548 9549 47
1305 1306 47
3539 3540 47
2433 7401 47
4135 4136 47
8963 8964 47
412 413 47
8693 8694 47
2984 9587 47
1020 1021 47
1898 1899 47
103 104 47
7765 7766 47
864 7336 47
3939 3940 47
3477 3478 47
5065 5066 47
6234 6235 47
8715 8716 47
8454 8455 47
448 449 47
3399 3400 47
8998 8999 47
7283 7284 47
3052 3053 47
3483 3484 47
3948 3949 47
3331 3332 47
3838 3839 47
3117 3118 47
4424 7583 47
2885 2886 47
401 402 47
3653 9919 47
9922 9923 47
8231 8232 47
6841 6842 47
9022 9285 47
5889 5890 47
1681 1682 47
4432 4433 47
3741 3742 47
4435 4436 47
5744 5745 47
5399 7470 47
3410 3411 47
8769 8770 47
5579 5580 47
4066 4067 47
1653 9739 47
9960 9961 47
3576 4512 47
920 921 47
4692 4693 47
1570 1571 47
2575 2576 47
3754 3755 47
6674 6675 47
6295 6296 47
4194 4195 47
6474 9099 47
4450 4451 47
6681 6682 47
6893 6894 47
4453 4454 47
6895 6896 47
8811 8812 47
5006 5007 48
8437 8438 48
5520 5521 48
5678 5679 48
5380 5381 48
4791 4792 48
6271 6296 48
6417 6418 48
3883 3884 48
9459 9460 48
6419 6420 48
8019 8020 48
2328 2329 48
273 274 48
5812 5813 48
9205 9206 48
517 518 48
6427 6428 48
75 7931 48
6431 6432 48
5257 5258 48
288 3902 48
8480 9971 48
6288 6289 48
9486 9487 48
3241 3242 48
2179 2180 48
7197 7198 48
920 2171 48
9242 9243 48
7200 7201 48
3798 7837 48
4570 4571 48
4273 4274 48
1533 4706 48
715 716 48
2571 2572 48
7209 7210 48
2999 3000 48
1252 1253 48
8499 8946 48
9266 9267 48
1646 1647 48
7011 7012 48
5157 5158 48
3069 3070 48
5164 5165 48
5565 5566 48
2393 2394 48
7019 7020 48
2577 2578 48
491 2512 48
6015 6016 48
3729 3730 48
8522 8523 48
3014 3015 48
5724 6840 48
5042 5043 48
2823 3643 48
4093 4094 48
5045 5046 48
8537 8538 48
9031 9032 48
9576 9577 48
7040 7041 48
1512 1513 48
7470 7471 48
4194 5299 48
9850 9851 48
4406 4407 48
6850 6851 48
7050 7051 48
2450 2451 48
1964 1965 48
8557 8558 48
9860 9861 48
4413 4414 48
922 7978 48
1720 1721 48
2462 6987 48
4315 4316 48
3189 3190 48
5451 6011 48
9603 9604 48
7067 7068 48
253 254 48
9883 9884 48
4018 4019 48
4621 4622 48
8846 8847 48
63 64 48
1443 8125 48
9897 9898 48
4106 5242 48
8136 8137 48
4857 4858 48
427 428 48
383 384 48
5895 5896 48
437 8608 48
9629 9630 48
3432 3433 48
7301 7302 48
5092 5093 48
6719 6720 48
2730 2731 48
9387 9388 48
7309 7310 48
7949 7950 48
7954 7955 48
8878 8879 48
6901 6902 48
7956 7957 48
5776 5777 48
9945 9946 48
1104 1105 48
1690 1691 48
5487 5488 48
9137 9138 48
9407 9408 48
428 4956 48
514 515 48
4123 4124 48
2083 2084 48
2541 2542 48
2218 4266 48
666 667 48
7977 9289 48
2322 8055 48
6567 6568 48
6736 6737 48
3524 4518 48
1893 1894 48
2979 2980 48
1989 1990 48
5933 5934 48
7578 7579 48
2857 2858 48
1333 1334 48
8224 8225 49
3366 5324 49
7115 7116 49
8773 8774 49
6985 6986 49
4332 9923 49
4496 4497 49
60 2448 49
7780 7781 49
1719 1720 49
9178 9179 49
5827 5828 49
2326 2327 49
8244 8245 49
6843 6844 49
963 964 49
6451 6452 49
3653 3694 49
3099 3100 49
5749 5750 49
5450 5451 49
1920 1921 49
7462 7463 49
6257 6258 49
7150 7151 49
8815 8816 49
8612 8613 49
857 858 49
815 816 49
1965 4851 49
973 974 49
4190 4191 49
5195 5196 49
8629 8630 49
8837 8838 49
6495 6496 49
2159 2160 49
1749 1750 49
2654 2655 49
3455 9193 49
9030 9031 49
611 612 49
5958 8625 49
9866 9867 49
3114 3115 49
6620 6621 49
9457 9458 49
9042 9043 49
9042 9326 49
6173 6174 49
5860 5861 49
2295 2296 49
6378 6379 49
7335 7336 49
2427 2428 49
946 947 49
2539 2540 49
3680 3681 49
2599 2600 49
551 9049 49
9689 9690 49
6086 6087 49
6529 6530 49
3022 3023 49
89 90 49
279 1652 49
7366 7367 49
534 535 49
6784 6785 49
2215 2216 49
1822 1823 49
6406 6407 49
6198 6199 49
5313 5596 49
6541 6542 49
7073 7074 49
7556 7557 49
4469 4470 49
6413 6545 49
2131 8771 49
8184 8185 49
92 93 49
7741 7742 49
3157 3158 49
5886 5887 49
8190 8191 49
8538 8539 49
8541 8542 49
2554 2555 49
1622 2016 49
3081 8263 49
679 680 49
3566 3567 49
2103 2104 49
8744 8745 49
7577 7578 49
6962 6963 49
786 787 49
1426 3848 49
3853 3854 49
411 412 49
1206 1207 49
7768 7769 49
7589 7590 49
9997 9998 49
266 267 49
3309 9711 50
6595 6596 50
7239 7240 50
1023 1024 50
3242 3243 50
2833 2834 50
7402 7403 50
1122 1123 50
7590 7591 50
1263 1264 50
1322 1323 50
1610 3020 50
3396 3397 50
4677 4678 50
3582 3583 50
5023 5024 50
8130 8131 50
7422 7423 50
38 9969 50
6923 6924 50
4803 4804 50
621 622 50
1500 6761 50
3082 9385 50
7434 7435 50
8332 8333 50
1809 3731 50
1550 5644 50
2373 2374 50
1079 2496 50
8345 8346 50
4934 4935 50
3596 3597 50
7628 7629 50
1620 1621 50
3030 8511 50
1217 1218 50
5409 5410 50
8544 8545 50
2852 2853 50
2478 2479 50
2972 2973 50
4291 4292 50
916 917 50
6973 7272 50
2380 6720 50
8175 9487 50
1985 1986 50
2709 2710 50
120 604 50
3426 3427 50
8381 8382 50
3427 3428 50
5715 5716 50
9642 9643 50
1748 1749 50
655 656 50
7308 7309 50
8188 8189 50
3615 3616 50
5193 5194 50
5835 5836 50
2714 2715 50
7687 7688 50
801 802 50
5583 5584 50
2488 2489 50
3286 3287 50
4518 5416 50
1751 1752 50
9673 9674 50
8206 8207 50
9675 9676 50
3288 3289 50
9677 9678 50
4971 4972 50
656 657 50
9257 9258 50
2933 2934 50
6399 6400 50
3362 3363 50
4006 4007 50
1995 1996 50
7721 7722 50
5615 5616 50
7183 7184 50
376 377 50
8624 8625 50
9712 9713 50
3123 3124 50
6149 6150 50
8234 8235 50
529 530 50
2352 2353 50
141 142 50
2007 2008 50
4878 4879 50
9297 9298 50
3229 3230 50
4021 4022 50
3725 9520 50
3061 3062 50
189 4537 50
5879 5880 50
3936 3937 50
2683 7244 50
7381 7382 50
233 234 50
7914 7915 50
6585 6586 50
6170 8148 50
2785 2786 50
9329 9330 50
4657 4658 50
2174 5742 50
8395 8396 51
7890 7891 51
6781 6782 51
3705 3706 51
6926 6927 51
7077 9813 51
6646 6647 51
8962 8963 51
7897 9132 51
7250 7251 51
6650 6651 51
6786 6787 51
7575 7576 51
2916 5443 51
1984 1985 51
2258 2259 51
4242 4420 51
4489 4490 51
1243 1244 51
2966 2967 51
4859 4860 51
6295 8506 51
3299 3300 51
5808 5809 51
4247 4248 51
318 319 51
3476 3477 51
5470 5471 51
9001 9002 51
6552 6553 51
7599 7600 51
2672 2673 51
7601 7602 51
6414 6415 51
186 5447 51
4873 9056 51
147 148 51
1524 1525 51
4584 4585 51
9235 9236 51
4587 4588 51
5929 5930 51
2379 2380 51
1791 1792 51
9861 9862 51
1363 1364 51
9029 9030 51
3202 8531 51
7803 7804 51
2078 2079 51
7466 9099 51
3798 8620 51
172 173 51
7149 7150 51
5074 5075 51
5499 5500 51
5955 5956 51
6852 6853 51
4798 5159 51
3676 3677 51
767 1975 51
7972 7973 51
9276 9277 51
9678 9679 51
8874 8875 51
439 440 51
3810 3811 51
2145 2146 51
2892 2893 51
873 874 51
2005 2006 51
9076 9077 51
5749 7996 51
9496 9497 51
8894 8895 51
1425 1426 51
2356 2357 51
1554 1555 51
5100 5101 51
5653 5654 51
111 112 51
7845 7846 51
402 403 51
9523 9524 51
3829 3830 51
808 809 51
8171 8172 51
3749 9913 51
4465 9342 51
7694 7695 51
5669 5670 51
3328 3329 51
942 5131 51
4543 4544 51
3581 3582 51
2362 2363 51
1979 8849 51
6908 6909 51
8371 8372 51
3005 3006 51
4226 4227 51
1871 1872 51
4066 8723 51
5683 5684 51
7877 7878 51
4136 9841 51
698 2956 51
984 985 51
5234 5235 51
628 629 51
5338 9083 52
3658 5073 52
6862 6863 52
6863 7311 52
5914 5915 52
8877 8878 52
2220 2221 52
3662 3663 52
9311 9312 52
5233 5234 52
7560 7561 52
4620 6586 52
7203 7204 52
444 445 52
2522 2523 52
9327 9328 52
2911 2912 52
4630 4631 52
6877 8058 52
8103 8104 52
1307 1308 52
3160 3161 52
665 666 52
6083 6084 52
6594 6595 52
7047 7048 52
5938 5939 52
45 46 52
5725 5726 52
9352 9353 52
9584 9585 52
6737 6738 52
3927 3928 52
4183 4184 52
8702 8703 52
391 392 52
6465 6466 52
966 967 52
116 2154 52
6906 6907 52
5625 5626 52
3369 3370 52
6909 6910 52
6476 6477 52
6752 6753 52
1819 1820 52
9149 9150 52
8142 8143 52
6481 6482 52
9161 9162 52
1210 1211 52
6487 6488 52
1715 2669 52
7435 7436 52
7614 7615 52
5047 5048 52
3520 3521 52
5382 5383 52
322 323 52
285 286 52
8355 8356 52
6501 6502 52
2382 2383 52
9634 9635 52
8759 8760 52
4480 4481 52
5983 5984 52
3093 3094 52
3095 3096 52
1680 1681 52
8173 8174 52
455 456 52
2550 6858 52
5176 5177 52
1156 1157 52
1032 1033 52
1221 8248 52
2250 2251 52
9213 9214 52
82 83 52
9221 9222 52
9906 9907 52
4882 4883 52
6136 6137 52
7484 7485 52
3197 3198 52
6972 6973 52
3635 3636 52
65 6134 52
132 9081 52
518 5757 52
7856 8447 52
1983 1984 52
5089 5090 52
6983 6984 52
3276 3277 52
9690 9691 52
1434 1435 52
4590 4591 52
3886 4314 52
2949 2950 52
441 2718 52
9477 9478 52
1544 1545 52
8831 8832 52
3211 3212 52
7701 7702 52
199 200 52
3491 3492 52
5322 5323 52
1843 1844 52
1043 9830 52
7717 7718 52
9495 9496 52
7164 7165 52
7532 7533 52
854 855 52
3017 3018 52
2513 9350 52
7537 7538 52
8634 9945 52
2171 3557 52
246 247 52
4527 4528 52
2403 2404 52
112 113 53
1740 1741 53
9380 9381 53
9175 9176 53
1586 1587 53
7313 8304 53
1917 1918 53
5793 5794 53
685 8469 53
202 203 53
194 195 53
3270 3271 53
3742 3743 53
2664 2665 53
1869 1870 53
4195 4196 53
8448 8449 53
9814 9815 53
2028 2029 53
522 523 53
9408 9409 53
616 892 53
853 854 53
8830 8831 53
9007 9008 53
5438 5439 53
1599 1600 53
4904 4905 53
2294 2295 53
6334 6335 53
1277 1278 53
2246 2247 53
832 833 53
6742 6743 53
1346 1347 53
4112 9831 53
5593 5594 53
2856 2857 53
5009 5010 53
8321 8322 53
504 505 53
7706 7707 53
1213 1214 53
8665 8666 53
2683 5387 53
8495 8496 53
692 693 53
2863 9112 53
7057 7058 53
4594 4595 53
6760 6761 53
4042 7963 53
1837 2494 53
2540 2541 53
1136 1137 53
493 6173 53
3141 3142 53
5141 9399 53
9473 9474 53
2547 2548 53
280 281 53
5249 5250 53
8356 8357 53
5369 5370 53
2049 8031 53
6374 6375 53
6647 6648 53
2693 2694 53
8717 8718 53
1218 5976 53
4720 4721 53
1996 1997 53
4939 4940 53
4526 5217 53
248 249 53
1195 9838 53
9503 9504 53
113 114 53
5757 5758 53
6804 9365 53
4730 4731 53
4529 4530 53
2374 2375 53
2001 2002 53
5651 5652 53
9325 9326 53
2376 2377 53
8938 8939 53
1141 1142 53
7910 7911 53
5880 5881 53
9135 9136 53
4345 4346 53
3169 3170 53
6291 8292 53
2269 9579 53
5772 5773 53
898 899 53
8085 8086 53
8768 8769 53
1700 6334 53
3253 3254 53
3174 3175 53
7134 7135 53
1092 1093 53
3177 3178 53
979 980 53
7469 7470 53
8965 8966 53
3994 3995 53
1472 1473 53
8099 8100 53
5455 5456 54
1107 6461 54
1575 1576 54
731 732 54
6370 6371 54
4183 6045 54
3998 3999 54
2022 2023 54
9383 9384 54
7249 7250 54
43 44 54
2155 2156 54
4917 4918 54
7582 7583 54
5738 5739 54
3288 4889 54
3825 3826 54
8822 8823 54
2961 2962 54
6126 6127 54
2070 2071 54
7428 7429 54
9208 9209 54
437 4789 54
3231 3232 54
9818 9819 54
9009 9010 54
5243 5244 54
2912 2913 54
3355 3356 54
9419 9420 54
2589 2590 54
9223 9224 54
116 117 54
1652 5989 54
649 650 54
879 880 54
4020 7038 54
8118 8766 54
3674 6032 54
7277 7278 54
7123 7124 54
918 5916 54
2921 8892 54
3748 3749 54
5652 5653 54
7809 7810 54
399 400 54
98 5388 54
1990 5060 54
510 511 54
3757 6131 54
1149 5367 54
7140 8061 54
6421 7685 54
8678 8679 54
6029 6030 54
3308 9585 54
5394 5395 54
9464 9465 54
3180 3181 54
3530 5634 54
9468 9469 54
3181 3182 54
2125 2126 54
3456 3457 54
4454 6934 54
1757 9598 54
5278 5279 54
958 5483 54
570 571 54
5181 5182 54
6875 6876 54
8352 9688 54
2 3 54
7846 7847 54
1872 1873 54
7681 7682 54
3697 3698 54
1667 1668 54
7685 7686 54
5186 5187 54
3881 3882 54
4157 4158 54
3550 3551 54
7194 7195 54
9318 9319 54
9507 9508 54
1388 1389 54
9936 9937 54
4644 4645 54
9512 9513 54
548 8897 54
9731 9732 54
2006 2007 54
9737 9738 54
989 990 54
3116 7131 54
4560 5204 54
4654 4655 54
2503 2504 54
5930 5931 54
1135 1136 54
2099 2100 54
2947 2948 54
714 715 54
4897 4898 54
349 3427 54
2061 4730 54
7224 7225 54
7726 7727 54
1642 8542 54
5105 5106 54
6231 7062 54
2257 2258 54
2063 2064 54
7390 7391 54
7238 7239 54
1537 9684 55
4154 4155 55
664 665 55
8016 8017 55
6569 6570 55
4716 4717 55
100 101 55
2602 2603 55
7872 7873 55
3595 3596 55
6443 6444 55
8740 8741 55
972 973 55
5425 5426 55
5118 5119 55
6338 6339 55
8370 8371 55
4457 4458 55
4072 4073 55
8373 8374 55
67 6388 55
8549 8550 55
4075 4076 55
218 219 55
309 310 55
9593 9594 55
2610 2611 55
7000 7001 55
6729 6730 55
56 7820 55
3216 4652 55
8201 8202 55
2361 2362 55
2680 7471 55
3529 3530 55
5443 5444 55
3530 3531 55
4945 4946 55
8067 8068 55
65 66 55
1148 8665 55
511 1642 55
8584 8585 55
8073 8074 55
4008 4009 55
7300 7301 55
1577 1578 55
2068 2069 55
7459 7460 55
3228 3493 55
7613 7614 55
355 8182 55
6267 6268 55
7921 7922 55
3615 3932 55
7167 7168 55
238 239 55
8610 8611 55
3619 3620 55
8433 8434 55
1817 1818 55
5048 5049 55
7318 7319 55
7319 7320 55
1254 1255 55
2408 5636 55
9653 9654 55
6045 6046 55
1682 1683 55
7489 7490 55
601 602 55
8113 8843 55
7191 7192 55
7046 7047 55
1944 1945 55
8641 8642 55
6387 6388 55
3632 3633 55
7659 7660 55
1944 2407 55
18 4734 55
8471 8472 55
6393 8061 55
3555 8905 55
9064 9065 55
2412 2413 55
3350 3351 55
9069 9070 55
8300 8301 55
9487 9488 55
3704 3705 55
6176 6177 55
900 901 55
7520 7521 55
1625 1626 55
5731 5732 55
9944 9945 55
4981 4982 55
1626 1627 55
2205 2206 55
3246 3247 55
4130 4131 55
8688 8689 55
109 110 55
59 60 55
9095 9096 55
920 7201 55
3576 3577 55
5512 5513 55
7993 7994 55
3434 3435 55
1512 4991 55
9110 9111 55
8334 8335 55
2661 8714 55
6820 6821 55
3019 3020 55
3125 3126 55
9535 9536 55
8514 8515 55
275 4272 55
1918 1919 55
9346 9347 55
5647 5648 56
7078 8889 56
570 7350 56
488 489 56
701 702 56
1186 1187 56
1718 1719 56
2003 9607 56
4296 4297 56
6101 6102 56
4115 4116 56
1919 1920 56
9805 9806 56
5538 5636 56
8467 8468 56
7101 7102 56
2658 2659 56
7551 7552 56
1212 7749 56
3437 7574 56
8477 8478 56
6716 6717 56
9428 9429 56
4213 4214 56
5133 5134 56
325 326 56
4402 4403 56
7563 7564 56
2409 5479 56
3654 3655 56
3108 3515 56
1076 1077 56
780 781 56
3187 7385 56
8014 8015 56
8163 8164 56
1392 8388 56
502 2226 56
5446 5447 56
5241 8557 56
6602 6603 56
8876 8877 56
2138 2139 56
6486 6487 56
5695 5696 56
2719 2720 56
105 2966 56
811 2205 56
8511 8512 56
2604 2605 56
7285 7286 56
6026 6027 56
3525 3526 56
606 607 56
5361 5362 56
6882 6883 56
6618 6619 56
5458 5459 56
7158 7159 56
140 141 56
4972 7715 56
8051 8052 56
2241 2242 56
3827 3828 56
7907 7908 56
1981 1982 56
8540 8541 56
5906 5907 56
2245 2246 56
8202 8203 56
320 321 56
9112 9113 56
6899 6900 56
661 662 56
9504 9505 56
79 80 56
3326 9398 56
8213 8214 56
8071 8072 56
9921 9922 56
7617 7618 56
356 357 56
7784 7785 56
7478 7479 56
7788 7789 56
27 28 56
4526 4527 56
2439 2440 56
2299 2300 56
8568 8569 56
15 16 56
8573 8574 56
425 426 56
3335 3336 56
1590 1591 56
6410 6411 56
1413 1414 56
2306 2307 56
8421 8422 56
4814 4815 56
1478 1479 56
2968 2969 56
1303 1304 56
746 6514 56
9972 9973 56
9170 9171 56
8972 8973 56
1175 1176 56
3292 3293 56
8795 8796 56
3776 3777 56
855 856 56
3855 3856 56
5108 5853 56
7077 7078 56
2644 2645 56
9580 9581 56
9779 9780 56
8649 8650 57
7212 7213 57
7760 7761 57
3157 5874 57
4300 4301 57
3860 3861 57
2461 2462 57
9093 9094 57
1904 1905 57
6005 9887 57
562 563 57
8111 8214 57
9103 9104 57
3592 3593 57
8898 8899 57
2050 2051 57
118 119 57
2252 2253 57
2732 2733 57
8490 8491 57
9118 9119 57
2471 2472 57
1390 2440 57
1120 1121 57
616 617 57
6020 6021 57
2802 2803 57
267 268 57
320 9961 57
9583 9584 57
6597 6598 57
790 791 57
8700 8701 57
5235 9281 57
360 361 57
3421 3422 57
1006 1007 57
3695 3696 57
2748 3902 57
1972 9782 57
85 86 57
2883 2884 57
539 540 57
8340 8341 57
871 872 57
6770 6771 57
7263 7264 57
4916 9599 57
5139 5140 57
2268 2269 57
9845 9846 57
9610 9611 57
2069 2070 57
7819 7820 57
8736 8737 57
1696 4417 57
8532 8533 57
2756 2757 57
3272 3273 57
3275 3276 57
6951 6952 57
6625 6626 57
7278 7279 57
1318 2476 57
3630 3631 57
9869 9870 57
1053 1054 57
540 541 57
2419 5327 57
2328 5031 57
5531 5532 57
3824 3825 57
9879 9880 57
6642 9596 57
7294 7295 57
151 152 57
8771 8772 57
4356 4357 57
8183 8184 57
1535 1536 57
1205 1206 57
1502 1503 57
6981 6982 57
6807 6808 57
305 306 57
899 900 57
2710 5396 57
949 5814 57
6088 6089 57
5279 8764 57
6516 6517 57
3119 3120 57
2837 9222 57
4488 4489 57
3646 9690 57
5178 9280 57
2437 2438 57
4155 4156 57
3050 3051 57
9926 9927 57
875 876 57
901 4086 57
381 382 57
2086 2087 57
7529 7530 57
982 7473 57
2514 2515 57
9942 9943 57
9035 9036 57
698 699 57
7338 7339 57
8063 8064 57
229 4670 57
7341 7342 57
3148 3149 57
2395 2396 57
611 1404 57
8620 9727 57
3304 3305 57
5589 5590 57
69 6854 57
2993 2994 57
3240 4850 57
5600 5601 57
5984 5985 57
6405 6406 57
6130 6131 57
8084 8085 57
3310 3311 57
4864 4865 57
6411 6412 57
8462 8463 57
5608 5609 57
700 5295 57
7380 7381 57
5729 5730 57
5657 5658 58
191 192 58
1537 1538 58
5046 5047 58
1863 1864 58
1283 1284 58
8172 8173 58
330 7180 58
7328 7329 58
3116 3117 58
8620 9838 58
7904 8604 58
3188 3189 58
5967 5968 58
8047 8048 58
4519 9775 58
451 452 58
1088 9352 58
3790 3791 58
4349 4350 58
6942 6943 58
2952 2953 58
2117 2118 58
2419 2420 58
7499 8204 58
1484 1485 58
3063 3064 58
9328 9329 58
4362 4363 58
5986 9072 58
779 780 58
6577 7633 58
1700 1701 58
5691 5692 58
1230 1231 58
6108 6109 58
9867 9868 58
8835 8836 58
9871 9872 58
1130 1131 58
1543 8613 58
5376 5377 58
3135 3136 58
2542 2543 58
879 9637 58
6468 6469 58
2166 2167 58
5270 5271 58
4470 4471 58
2089 3405 58
6851 6852 58
9702 9703 58
8687 8688 58
9180 9827 58
9017 9018 58
9370 9371 58
6127 6865 58
6726 6727 58
2436 2437 58
9721 9722 58
2169 2170 58
933 9953 58
2718 2719 58
7691 7692 58
2871 2872 58
4926 4927 58
2441 2442 58
3675 3676 58
3402 3403 58
7002 7525 58
9038 9039 58
1496 1497 58
7561 7562 58
2872 3533 58
5904 5905 58
1709 1710 58
3034 3035 58
1149 8621 58
9053 9054 58
5020 5021 58
2012 2013 58
177 2853 58
707 708 58
3414 3415 58
1714 1715 58
5918 5919 58
1849 1850 58
3757 3758 58
7733 7734 58
1073 1074 58
9959 9960 58
390 391 58
913 914 58
385 2013 58
4251 4252 58
3570 3571 58
6902 6903 58
1901 1902 58
5040 5041 58
9440 9441 58
4674 4675 58
827 828 58
9983 9984 58
6303 6304 58
558 559 58
8594 9238 58
6071 9488 58
1224 1225 58
8159 8160 58
9810 9811 58
5947 5948 58
2273 9061 59
7535 7536 59
8235 8236 59
4056 4057 59
4354 5395 59
3717 8588 59
5167 5168 59
3559 5046 59
2426 2427 59
5461 5462 59
9081 9082 59
8418 8419 59
160 161 59
6471 6472 59
2630 2631 59
4201 4202 59
6726 7155 59
3787 3788 59
1345 1346 59
5261 6296 59
5800 5801 59
21 9964 59
2481 2482 59
4611 4612 59
6371 6372 59
6263 6264 59
7137 7138 59
819 820 59
4374 4375 59
4212 4213 59
2242 2814 59
3339 3340 59
734 735 59
9658 9659 59
624 625 59
1228 3448 59
5620 5621 59
3002 3003 59
8459 8460 59
8780 9988 59
4223 6403 59
8148 8669 59
7579 7580 59
9493 9494 59
1253 1254 59
3302 3303 59
2644 6415 59
8792 8793 59
9687 9688 59
4149 4150 59
6518 6519 59
598 599 59
3947 3948 59
4010 4011 59
4560 4561 59
5398 9267 59
1295 2561 59
3949 3950 59
9154 9155 59
7311 9585 59
2871 3554 59
5942 5943 59
7183 7558 59
663 664 59
4157 6178 59
1466 1467 59
4946 4947 59
9169 9170 59
1066 1067 59
1258 1259 59
5217 5218 59
176 6563 59
968 969 59
7777 7778 59
703 704 59
9372 9373 59
5226 5227 59
8501 8502 59
1618 8818 59
1095 1096 59
5229 5230 59
6087 6088 59
4029 4030 59
9018 9019 59
4578 4579 59
6682 6683 59
407 408 59
1795 1796 59
8072 8073 59
7636 7637 59
5978 5979 59
3278 3279 59
7217 7218 59
8204 8205 59
6949 8255 59
9961 9962 59
568 1886 59
9216 9217 59
1334 1335 59
9777 9778 59
8528 8529 59
7648 7649 59
2075 2723 59
6210 6211 59
1241 1242 59
228 229 59
3659 3660 59
6335 7385 59
4793 4794 59
8704 8705 59
4442 4443 59
195 196 59
76 77 59
1051 1052 59
382 383 59
8994 8995 60
428 429 60
3862 3863 60
6220 8081 60
88 89 60
5605 5606 60
7089 7090 60
3194 3195 60
7372 8391 60
5390 5391 60
3871 3872 60
5708 5709 60
8390 8391 60
7947 7948 60
4415 4416 60
6976 6977 60
1273 1274 60
2544 5889 60
6122 6123 60
8401 8402 60
2591 2592 60
5224 7036 60
3750 3751 60
3432 8293 60
5498 5499 60
4489 6098 60
111 5367 60
2642 2643 60
891 892 60
6858 6859 60
2153 2154 60
486 2740 60
8716 8717 60
8259 8260 60
5317 5318 60
7129 7130 60
7711 7712 60
2078 2227 60
5913 5914 60
1165 1166 60
3390 3391 60
6040 6041 60
638 639 60
5151 7038 60
495 496 60
9226 9227 60
7141 7142 60
7143 7144 60
4352 4353 60
5329 5330 60
6274 6275 60
6505 6506 60
3210 3211 60
2288 2289 60
1137 1138 60
1477 5593 60
4295 4296 60
7876 7877 60
2859 2860 60
10 927 60
4092 9236 60
6517 8792 60
371 372 60
4924 4925 60
262 263 60
4308 4309 60
4928 4929 60
5551 5552 60
1546 7151 60
4845 4846 60
4932 4933 60
1845 1846 60
2484 9605 60
6408 6409 60
3974 3975 60
2527 2528 60
4774 4775 60
4041 4042 60
9608 9609 60
2139 2140 60
3228 7063 60
137 138 60
5767 5768 60
3076 3077 60
9295 9296 60
5977 5978 60
2041 2042 60
1128 6344 60
9970 9971 60
2415 7328 60
3478 3479 60
6201 6202 60
9809 9810 60
4397 4398 60
1875 1876 60
9980 9981 60
2416 2417 60
985 986 60
4328 9722 60
7505 7506 60
5592 5593 60
5992 5993 60
6696 6697 60
2462 2463 60
6214 6215 60
5733 5734 61
5973 9459 61
168 169 61
2763 2764 61
9166 9167 61
3154 3155 61
2669 9420 61
7092 7093 61
5162 5163 61
2211 2212 61
2461 5740 61
830 831 61
1793 2317 61
6795 6796 61
8591 8592 61
1389 1390 61
4770 4771 61
3161 3162 61
5057 5058 61
8798 8799 61
8249 8250 61
470 7480 61
2467 2468 61
127 1627 61
120 6790 61
4404 4405 61
6805 6806 61
2628 2629 61
1829 1937 61
6673 6674 61
9012 9013 61
6673 7254 61
751 752 61
6815 6816 61
8452 8453 61
9217 9218 61
9218 9219 61
6675 6676 61
1991 1992 61
627 628 61
7465 7466 61
9852 9853 61
7950 7951 61
472 3936 61
6012 6013 61
473 474 61
917 918 61
6145 6146 61
4898 4903 61
1274 1275 61
7472 7473 61
2036 2037 61
2037 2038 61
9450 9451 61
2643 2644 61
8307 8308 61
9246 9247 61
6553 6554 61
3489 3490 61
5539 5540 61
8652 8653 61
416 2288 61
66 67 61
4691 4692 61
4995 4996 61
3567 3568 61
4073 4074 61
8148 8149 61
1925 1926 61
475 476 61
3840 3841 61
2435 9622 61
4079 4080 61
9073 9074 61
846 847 61
3012 8931 61
2898 2899 61
7172 7173 61
781 782 61
5117 5118 61
1656 1657 61
2902 2903 61
5800 7918 61
1178 8461 61
5916 5917 61
1182 1183 61
3437 3438 61
4925 4926 61
2405 2406 61
1689 1690 61
4829 4830 61
9716 9717 61
2407 2408 61
7705 7706 61
5582 5583 61
7355 7356 61
5811 5812 61
5131 5132 61
3313 9439 61
180 2530 61
6335 6336 61
426 427 61
359 360 61
4277 7010 61
5029 5030 61
5460 5461 61
1294 1295 61
8380 8381 61
5356 5357 61
8382 8383 61
4024 4025 61
7222 7223 61
9538 9539 61
4281 4282 61
8388 8389 61
3952 3953 61
3146 3147 61
4028 4029 61
3953 8710 61
3268 3269 61
9551 9552 61
1159 1160 61
8755 8756 61
5480 5481 61
5966 5967 61
4849 4850 61
3876 3877 61
6230 9281 61
6775 6776 61
4199 4200 61
1578 5689 62
919 920 62
2652 2653 62
1794 1795 62
7324 7325 62
57 8054 62
890 891 62
5141 5142 62
9192 9193 62
9193 9194 62
2799 2800 62
526 527 62
7049 7050 62
2003 2004 62
7973 7974 62
9409 9410 62
4381 4382 62
2909 2910 62
603 604 62
5782 5783 62
1695 6313 62
9822 9823 62
2498 2499 62
2914 2915 62
3563 8818 62
2915 2916 62
5351 5352 62
2807 2808 62
7351 7352 62
4210 4211 62
6654 6655 62
378 7162 62
3347 3348 62
293 4326 62
9037 9038 62
1236 1237 62
7219 7220 62
3874 3875 62
8003 9190 62
8007 8008 62
3787 8286 62
7223 7224 62
1883 1884 62
3349 6031 62
95 96 62
7862 7863 62
1161 8313 62
5170 8737 62
1501 1502 62
2469 2470 62
8505 8506 62
2764 2765 62
572 7312 62
9265 9266 62
3110 6074 62
896 897 62
8692 8693 62
1074 1075 62
366 367 62
1431 1432 62
457 458 62
6305 6306 62
9278 9279 62
5928 5929 62
6688 6689 62
8520 8521 62
8037 8038 62
7106 7107 62
2826 2827 62
820 821 62
5821 5822 62
2573 2574 62
1275 9643 62
3444 3445 62
5937 5938 62
5726 6804 62
6189 6190 62
8198 8199 62
1222 1223 62
5830 5831 62
3732 3733 62
3000 3001 62
5393 5394 62
4604 8965 62
997 1655 62
8389 8390 62
2523 2524 62
7274 7275 62
6580 8650 62
822 823 62
8941 8942 62
5633 5634 62
8216 8217 62
4162 4163 62
8220 8221 62
7136 7137 62
3670 3671 62
84 85 62
8223 8224 62
2481 5632 62
2733 2734 62
6860 6861 62
8228 8229 62
5521 5522 62
1414 1415 62
856 857 62
3830 6758 62
3389 3390 62
1087 1088 62
7464 7465 62
9760 9761 62
8774 8775 62
6347 6348 62
4731 7738 62
1948 1949 62
4536 4537 62
5864 5865 62
1950 1951 62
6479 6480 62
5218 5219 62
10 11 62
7165 7166 62
3752 3753 62
9781 9782 62
5762 5763 62
8989 8990 62
5319 5320 62
2740 2741 62
3616 3617 62
2537 2538 63
8570 8571 63
3589 9190 63
1618 1619 63
1319 1320 63
561 7220 63
518 9576 63
7541 7542 63
8272 8273 63
7107 7108 63
5813 5814 63
5242 5243 63
9291 9292 63
8282 8283 63
5598 5599 63
5037 5038 63
4243 4244 63
5468 5469 63
3373 3374 63
863 864 63
3908 3909 63
3517 3518 63
8958 8963 63
181 182 63
1430 1431 63
2606 2607 63
2206 2207 63
3012 3013 63
789 790 63
732 733 63
7567 7568 63
8609 8610 63
882 883 63
1710 1711 63
182 183 63
2314 2315 63
7874 7875 63
2839 2840 63
1711 1712 63
7734 7735 63
8476 8477 63
1214 1215 63
1587 1588 63
276 5013 63
4758 4759 63
6345 6346 63
5630 5631 63
992 993 63
3548 3549 63
1367 1368 63
7895 7896 63
1805 1806 63
3477 9605 63
350 351 63
2371 7445 63
2794 6550 63
1594 1595 63
5518 5519 63
7027 7028 63
4192 4193 63
9726 9727 63
2225 3602 63
6116 6117 63
2569 2570 63
370 371 63
6753 6754 63
1163 1164 63
994 4176 63
360 431 63
3778 3779 63
670 671 63
4390 4391 63
945 946 63
7184 7185 63
696 7716 63
4569 8076 63
8680 8681 63
8684 8685 63
84 8858 63
1383 1384 63
1500 1501 63
912 913 63
4488 6005 63
3353 3354 63
443 4788 63
3712 3713 63
4312 4313 63
4124 4125 63
3498 3499 63
843 7237 63
3358 9033 63
2480 2481 63
1504 1505 63
2817 8730 63
5332 5333 63
2592 2593 63
1318 1319 63
6289 6290 63
2534 6335 63
4595 8191 63
6039 6040 63
4820 4821 63
4322 4323 63
8408 8409 63
5700 5701 63
7959 7960 63
4324 4325 63
8113 8114 63
6297 6298 63
9989 9990 63
5576 5577 63
3890 3891 63
7236 7237 63
4713 4714 63
4604 4605 64
7807 7808 64
5562 5742 64
6430 6431 64
5870 5871 64
2063 6372 64
7227 7228 64
1170 5640 64
2286 2287 64
3847 3848 64
4307 4308 64
8093 8094 64
1297 9512 64
8226 8227 64
9237 9238 64
5364 5365 64
3669 4792 64
642 7893 64
8396 8397 64
568 569 64
3726 3727 64
7824 7825 64
6834 6835 64
3333 3334 64
1106 4756 64
538 539 64
7832 7833 64
8240 8241 64
5587 5588 64
6111 6112 64
7835 7836 64
4810 4811 64
4156 5794 64
7546 7547 64
6231 6232 64
4547 4548 64
6349 6350 64
4721 4722 64
3131 3132 64
1747 1748 64
887 888 64
5602 5603 64
1323 1324 64
9100 9101 64
3137 3138 64
8431 8432 64
1373 1374 64
788 789 64
5282 5283 64
1697 1698 64
8139 8140 64
2486 2487 64
3515 5703 64
803 804 64
4250 4251 64
8593 8594 64
756 757 64
8954 8955 64
9494 9495 64
9126 9127 64
1116 1117 64
9695 9696 64
3816 3817 64
3691 3692 64
3889 3890 64
8453 8454 64
2686 2687 64
5624 5625 64
9139 9140 64
6883 6884 64
3892 3893 64
5028 5029 64
7292 7293 64
2457 2458 64
693 694 64
3209 3210 64
4186 4187 64
440 441 64
9152 9153 64
1385 1386 64
6640 6641 64
1939 1940 64
5637 5638 64
6769 6770 64
4858 4859 64
4047 4048 64
9934 9935 64
6056 8865 64
1203 1204 64
9541 9542 64
696 697 64
2734 2735 64
1168 1169 64
6062 8579 64
1441 1442 64
6067 6068 64
4782 4783 64
4784 4785 64
4678 9253 64
3655 3656 64
6793 6794 64
3224 5501 64
613 614 64
4879 4880 64
1872 5894 64
8839 8840 64
5962 5963 64
9016 9017 64
8197 8198 64
397 7579 64
9392 9462 64
8663 8664 64
8848 8849 64
9783 9784 64
2425 3345 64
8366 8367 64
9788 9789 64
2243 2244 64
2555 2556 64
6941 6942 64
2161 3090 64
6197 6198 64
3923 8771 64
1536 1537 64
9557 9558 65
2082 2083 65
6700 6701 65
8374 8375 65
5514 5515 65
5058 5059 65
1233 3765 65
6148 6149 65
7863 7864 65
6711 6712 65
3950 5977 65
4769 4770 65
4871 4872 65
5178 5179 65
4656 4657 65
3490 3491 65
2321 2322 65
919 7193 65
2458 2459 65
4779 4780 65
3420 3421 65
3173 6357 65
8765 8766 65
8567 8568 65
7534 7535 65
1853 5726 65
1281 7042 65
587 588 65
7346 7347 65
7198 7199 65
3110 3111 65
5785 5786 65
2507 2508 65
5544 7195 65
144 145 65
3717 3718 65
8785 8786 65
1858 9206 65
3503 3504 65
7735 7736 65
7365 7366 65
909 910 65
7903 7904 65
5422 5423 65
9004 9005 65
309 3084 65
7053 7054 65
1724 1725 65
5101 5102 65
2562 2563 65
796 797 65
9855 9856 65
811 812 65
7378 7379 65
3809 3810 65
4910 6498 65
4145 4146 65
5321 5322 65
9640 9641 65
419 420 65
6750 6751 65
1969 1970 65
6751 6752 65
6463 6464 65
7232 7233 65
1793 1794 65
3594 3595 65
3256 3257 65
5703 5704 65
8625 8626 65
408 409 65
5222 5223 65
9454 9455 65
3126 3127 65
6342 6343 65
6619 7700 65
1491 1492 65
798 799 65
1730 1731 65
2694 2695 65
9050 9051 65
2741 2742 65
2423 2424 65
1359 1360 65
259 260 65
8297 8298 65
3138 3139 65
6495 9832 65
7792 7793 65
9061 9062 65
6637 7879 65
3999 4000 65
7104 7105 65
3387 3388 65
5135 5136 65
5462 5463 65
5350 5351 65
1080 1081 65
1767 1768 65
5467 5468 65
9711 9712 65
2586 2587 65
8879 8880 65
7117 7118 65
9938 9939 65
8322 8323 65
5840 7679 65
5355 5356 65
1768 1769 65
1462 8959 65
508 509 65
1840 1841 65
6971 6972 65
4456 4457 65
1807 1808 65
8502 8503 65
487 488 65
8339 8340 65
3618 3619 65
3546 3547 65
6375 6376 65
585 586 65
730 5873 65
1937 6894 65
2868 2869 65
7651 7652 65
4744 4745 65
4950 4951 65
5991 5992 65
1341 6487 65
203 204 65
3162 3163 65
4555 4556 65
5751 5752 65
3340 3341 65
4285 4286 65
1694 1695 65
1744 1745 65
1813 1814 65
6009 6010 65
1851 1852 65
3987 3988 66
608 609 66
3665 3666 66
929 930 66
8000 8001 66
3105 3106 66
8936 8937 66
1557 1558 66
2744 2745 66
3371 3372 66
6239 6240 66
7404 7405 66
1064 9674 66
1593 1788 66
2580 2581 66
8309 9806 66
6011 6012 66
2917 2918 66
5584 5585 66
7142 7143 66
5051 5052 66
1191 1192 66
9650 9651 66
2104 3852 66
1672 1673 66
3048 3049 66
4364 4365 66
2700 2701 66
8614 8615 66
4280 4281 66
2199 2200 66
1342 1343 66
3463 9834 66
2351 2352 66
817 818 66
8040 8041 66
7444 7445 66
6513 6514 66
3841 3842 66
792 4156 66
6382 6383 66
6762 6763 66
3934 7231 66
4385 7561 66
7044 7045 66
9691 9692 66
5915 5916 66
9693 9694 66
8192 9007 66
1227 7087 66
1786 1787 66
1566 1567 66
5082 5260 66
1437 1438 66
5724 5725 66
6048 6049 66
3763 3764 66
4898 4899 66
1378 1379 66
9530 9531 66
243 244 66
68 69 66
1952 1953 66
234 235 66
7482 7483 66
2942 2943 66
9916 9917 66
2603 2604 66
7329 7330 66
265 266 66
3214 3215 66
6064 6065 66
3215 3216 66
2317 2955 66
4699 4700 66
4042 4043 66
9928 9929 66
1611 1612 66
3873 3874 66
7342 7343 66
7506 7507 66
2553 2554 66
4513 4514 66
838 839 66
2725 2726 66
6953 6954 66
6323 6324 66
9041 9042 66
698 2245 66
2612 2613 66
7675 7676 66
8885 8886 66
1030 1031 66
1283 7115 66
4240 4241 66
3085 3086 66
3579 3580 66
6965 6966 66
8555 8556 66
1217 8389 66
2174 2175 66
227 228 66
9423 9424 66
8903 8904 66
8415 8416 66
1658 1659 66
1333 4289 66
5871 5872 66
2684 2685 66
1928 1929 66
552 3494 66
1218 8709 66
8919 8920 66
256 257 66
1339 5703 66
5563 5564 66
5989 5990 66
3593 3594 66
1351 8779 67
2366 2367 67
577 578 67
4214 4215 67
5591 5592 67
3309 3310 67
2210 7421 67
3775 3776 67
257 258 67
9191 9192 67
5599 5600 67
4495 4496 67
7 8 67
4087 4088 67
9681 9682 67
5604 5605 67
3458 3459 67
3175 4701 67
4803 4973 67
1961 1962 67
2216 2217 67
4504 4505 67
3782 3783 67
1356 1357 67
9215 9216 67
2987 2988 67
5049 5050 67
6233 6234 67
2058 2059 67
4903 4904 67
6460 6461 67
2259 7616 67
8619 8620 67
2900 2901 67
509 510 67
2821 2822 67
6240 6241 67
7958 7959 67
6355 6356 67
8781 8782 67
192 4282 67
2263 2264 67
4819 4820 67
9730 9731 67
2084 2085 67
6248 6249 67
5528 5529 67
1188 9455 67
6252 6253 67
1556 3191 67
70 71 67
9744 9745 67
809 1527 67
6614 6615 67
6036 6037 67
5336 6372 67
6038 6039 67
9264 9265 67
4992 4993 67
903 904 67
3485 3486 67
5640 5641 67
1173 1174 67
3537 3538 67
4593 4594 67
5347 5348 67
6047 6048 67
458 459 67
161 162 67
964 965 67
6897 6898 67
8829 8830 67
4839 4840 67
3377 3378 67
6385 6386 67
5256 5257 67
4678 4679 67
3872 3873 67
2390 3954 67
2094 2095 67
5453 5454 67
2753 2754 67
5958 5959 67
6526 6527 67
1062 1063 67
2127 2128 67
1769 1770 67
6919 6920 67
4852 4853 67
884 885 67
9314 9315 67
8861 8862 67
3820 7705 67
5268 5269 67
49 50 67
4781 4782 67
8705 8706 67
5107 5108 67
9982 9983 67
1621 1622 67
1216 1217 67
1350 1351 67
967 968 67
4700 4701 67
1777 1778 67
4076 4077 67
5876 7844 67
5981 5982 67
7340 7341 68
9356 9357 68
7737 7738 68
4050 4051 68
6671 6672 68
2543 2544 68
8920 9484 68
5617 5618 68
554 555 68
6155 6156 68
1850 1851 68
5534 5535 68
7352 7353 68
596 597 68
4984 4985 68
7490 7491 68
3627 6453 68
2670 2671 68
5368 5369 68
6362 8798 68
3884 3885 68
4306 4307 68
8006 8007 68
310 311 68
2849 6167 68
6171 6172 68
8798 9869 68
8801 8802 68
1888 1889 68
8400 8401 68
4500 4501 68
5888 8906 68
1959 1960 68
6372 8607 68
4501 6630 68
9722 9723 68
5803 5804 68
2782 2783 68
187 188 68
9729 9730 68
9890 9891 68
245 246 68
1028 1029 68
7783 7784 68
1474 1475 68
9105 9106 68
631 632 68
4865 4866 68
4376 4377 68
9742 9743 68
323 324 68
2986 2987 68
3494 3495 68
4258 7937 68
537 538 68
3792 3793 68
473 9931 68
9592 9593 68
4262 4263 68
337 338 68
45 5641 68
4586 4587 68
5486 5487 68
5325 8680 68
5099 5100 68
2397 7491 68
4022 4023 68
1303 3805 68
5752 5753 68
1839 1840 68
4662 4663 68
6521 6522 68
7558 7559 68
2491 2492 68
7081 7082 68
2830 2831 68
3358 3359 68
8869 8870 68
1304 1305 68
5185 5186 68
619 620 68
4964 4965 68
604 2074 68
5685 5686 68
6129 6130 68
1640 1641 68
1641 1642 68
6423 6424 68
9322 9323 68
2611 2612 68
9326 9327 68
3049 3050 68
6043 6044 68
7461 7462 68
2877 2878 68
1227 2803 68
378 379 68
9033 9034 68
7848 7849 68
8211 8212 68
5773 5774 68
1497 1498 68
9185 9186 68
7970 7971 68
5522 5523 68
269 6004 68
9995 9996 68
3711 3712 68
1880 1881 68
5555 5556 69
4487 4488 69
895 896 69
5177 5178 69
163 164 69
5111 5112 69
2637 7582 69
6633 6634 69
1882 1883 69
6973 6974 69
4491 4492 69
2829 2830 69
1054 1055 69
4599 4600 69
8081 8082 69
3633 3634 69
8347 8348 69
6859 6860 69
7212 7589 69
1321 1322 69
2052 2053 69
4551 4552 69
4868 4869 69
2417 2418 69
932 933 69
1956 3086 69
6657 6702 69
971 972 69
7584 7585 69
1109 1110 69
5585 5586 69
543 544 69
6759 6760 69
5822 5823 69
7114 7115 69
8108 8109 69
8634 8635 69
2381 4743 69
7978 7979 69
9886 9887 69
2777 2778 69
5421 5422 69
6363 6364 69
7745 7746 69
423 424 69
5507 5508 69
6366 6367 69
1170 8259 69
3153 4038 69
9253 9254 69
2551 6561 69
4944 4945 69
1476 1477 69
4883 4884 69
9427 9428 69
5354 8728 69
8392 8393 69
5273 5274 69
6192 6193 69
4301 4302 69
7500 7501 69
6789 6790 69
8258 8259 69
3430 3431 69
9758 9759 69
4893 4894 69
6475 6476 69
7508 7509 69
9279 9280 69
2878 2879 69
8533 8534 69
1112 1113 69
5441 5442 69
5769 5770 69
3607 3608 69
9775 9776 69
8988 8989 69
5223 5730 69
6027 6028 69
8991 8992 69
2336 5144 69
9785 9786 69
2386 2387 69
7786 7787 69
1987 1988 69
5289 5290 69
6388 6389 69
6033 6034 69
4418 4419 69
5023 7690 69
9150 9151 69
6394 6395 69
1411 1412 69
2389 5892 69
1390 1391 69
1483 1484 69
8302 8303 69
8303 8304 69
5953 5954 69
5305 5306 69
3702 3703 69
518 519 69
2699 2700 69
7182 7183 69
2854 2855 69
362 363 69
4531 4532 69
7929 7930 69
6137 6138 69
1219 1220 69
1596 1597 70
4996 4997 70
4697 4698 70
368 369 70
7097 7098 70
9819 9820 70
5001 5002 70
1177 1178 70
2063 4697 70
2536 9069 70
1514 1515 70
6968 6969 70
1399 1400 70
1010 1011 70
9478 9479 70
3285 3286 70
1759 1760 70
9659 9660 70
1400 3374 70
6432 6433 70
4185 4186 70
1121 1122 70
2656 2657 70
1352 1353 70
1335 1336 70
4454 4455 70
298 299 70
1909 1910 70
3745 3746 70
6847 6848 70
3963 4831 70
708 709 70
1064 1065 70
5672 9365 70
2106 2107 70
2980 2981 70
71 72 70
2669 2670 70
7436 7437 70
7437 7438 70
7752 7753 70
3900 3901 70
1679 1680 70
1384 1385 70
951 952 70
1004 1005 70
2336 9454 70
3113 3114 70
1957 1958 70
5578 5579 70
6477 6478 70
2929 2930 70
4219 4220 70
4220 4221 70
4063 4064 70
5152 5153 70
2676 2677 70
4479 4480 70
8210 8211 70
3251 3252 70
209 210 70
4224 4225 70
8219 8220 70
5166 5167 70
4484 4485 70
4141 4142 70
4564 4565 70
4228 4229 70
8703 8704 70
5910 5911 70
4777 4778 70
6637 6638 70
4663 4664 70
1306 1307 70
4968 4969 70
1584 1585 70
1438 1439 70
7639 7640 70
1035 1036 70
445 446 70
2936 4548 70
6284 6285 70
5919 5920 70
7065 7066 70
452 453 70
2566 2567 70
8563 8564 70
6657 6658 70
4407 4408 70
2567 2568 70
1345 9401 70
1221 1222 70
5823 5824 70
2304 7128 70
7668 7669 70
8574 8575 70
2305 2306 70
6052 6053 70
1422 1423 70
8269 8270 70
3786 5081 70
1931 1932 70
6407 6408 70
5941 5942 70
1101 1102 70
7683 7684 70
742 743 70
4506 4507 70
7842 9236 70
2850 2851 71
268 8732 71
2683 2684 71
706 707 71
3975 3976 71
6035 6036 71
7852 8194 71
5341 5342 71
7702 7703 71
5244 5245 71
7115 7497 71
4193 4194 71
7709 7710 71
6140 6141 71
9413 9414 71
4910 4911 71
7393 7394 71
1508 1509 71
9614 9615 71
7553 7554 71
7714 7715 71
1030 6822 71
6991 7695 71
2949 8439 71
6481 8642 71
5837 5838 71
1330 3985 71
2311 2312 71
6863 6864 71
4338 4339 71
8682 8683 71
9238 9239 71
7270 7271 71
8875 8876 71
3426 7548 71
3922 3923 71
6157 6158 71
9644 9645 71
3922 7826 71
3223 3224 71
5949 5950 71
6747 6748 71
7286 7287 71
9072 9073 71
8057 8058 71
5094 5095 71
9664 9665 71
8901 8902 71
3791 3792 71
5096 5097 71
7587 7588 71
8709 8710 71
1607 1608 71
2649 2650 71
1281 1282 71
2019 2020 71
1333 1494 71
8916 8917 71
7594 8571 71
1693 1694 71
7035 7036 71
6641 6642 71
347 819 71
5475 5476 71
1988 1989 71
8925 8926 71
6074 6075 71
2281 2282 71
4451 4452 71
8741 8742 71
9904 9905 71
6404 6405 71
1167 1168 71
1396 1397 71
9114 9115 71
2363 2364 71
5877 8050 71
5283 5284 71
2433 2434 71
621 9569 71
534 5272 71
6317 6318 71
5699 5700 71
2284 3406 71
8245 8246 71
5205 6207 71
9131 9132 71
1464 1465 71
3079 3080 71
9734 9735 71
7492 7493 71
281 1044 71
7640 9613 71
1216 9647 71
2254 2255 71
4387 4388 71
1567 8726 71
7812 7813 71
224 225 71
5801 5802 71
8275 8276 71
7653 7654 71
6945 6946 71
2035 9091 71
9357 9358 71
3406 3407 71
9965 9966 71
4538 4539 71
3407 3408 71
4180 4181 71
1099 1100 71
6230 9910 71
5905 5906 71
3521 3522 71
772 773 71
1146 1147 71
4969 4970 71
7982 7983 71
1073 3026 71
239 240 71
4623 4624 71
7531 7532 71
2042 2043 71
4626 4627 71
8472 9122 71
8310 8311 71
7105 7106 71
4550 4551 71
2842 2843 72
7894 7895 72
4846 4847 72
844 7924 72
6962 8595 72
2937 6270 72
834 835 72
4290 4291 72
4853 4854 72
8929 8930 72
8218 8219 72
9728 9729 72
4139 4140 72
1622 7841 72
5487 9811 72
7700 7701 72
5420 5421 72
126 127 72
2754 2755 72
6421 6422 72
2296 2297 72
7491 7492 72
7176 7177 72
825 826 72
8946 8947 72
9885 9886 72
1661 9132 72
9335 9336 72
6880 6881 72
3004 3005 72
3424 3425 72
3833 9777 72
3794 3930 72
9898 9899 72
4870 4871 72
6705 6706 72
982 983 72
5855 5856 72
6617 6618 72
5648 5649 72
2761 2762 72
8484 8485 72
743 744 72
6439 6440 72
8853 8854 72
2119 9475 72
4877 8097 72
7523 7554 72
332 333 72
3977 3978 72
533 534 72
8271 8272 72
4631 4632 72
3769 5752 72
823 3082 72
4026 8071 72
5932 5933 72
3774 3775 72
3849 3850 72
5533 5534 72
753 754 72
4375 4376 72
9258 9259 72
2708 2709 72
4127 4128 72
7766 7767 72
4229 4230 72
7441 7442 72
6836 6837 72
3343 7291 72
6392 6393 72
8763 8764 72
4382 4383 72
231 232 72
3542 4384 72
3023 3024 72
9826 9827 72
6255 6256 72
8640 8641 72
4449 4450 72
6482 6483 72
5084 5085 72
6485 6486 72
6578 6579 72
5956 5957 72
9156 9157 72
9842 9843 72
6261 6262 72
3580 3581 72
7994 7995 72
9163 9164 72
9832 9833 73
1193 1194 73
8659 8660 73
5525 5526 73
956 957 73
5430 5431 73
9846 9847 73
5252 5253 73
9378 9379 73
745 746 73
1280 1415 73
9536 9537 73
1249 1250 73
2291 7729 73
8815 9282 73
1527 3875 73
7477 7478 73
2212 2213 73
1921 1922 73
6907 6908 73
4112 4113 73
9713 9714 73
86 87 73
1064 5308 73
6391 6392 73
2620 2621 73
8967 8968 73
1284 1285 73
2303 2304 73
5452 5453 73
7039 7040 73
3158 3159 73
5113 5464 73
8337 8338 73
447 448 73
9122 9123 73
2568 2569 73
148 149 73
8464 8465 73
5658 5659 73
8992 8993 73
7510 7511 73
8346 8665 73
9134 9135 73
4889 4890 73
4203 4204 73
3044 3045 73
1857 1858 73
5287 5288 73
739 740 73
7281 7282 73
2425 2426 73
4068 4069 73
5477 5478 73
8002 8003 73
9935 9936 73
9620 9621 73
1932 1933 73
7650 7651 73
351 352 73
1239 6494 73
2111 2112 73
5952 5953 73
5305 6450 73
4738 4739 73
3241 9072 73
4577 5963 73
2482 4190 73
970 971 73
2434 2435 73
1775 1776 73
1207 9830 73
1904 2320 73
9040 9041 73
9181 9182 73
8917 8918 73
98 99 73
4305 4306 73
9043 9044 73
5070 5071 73
330 331 73
4232 4233 73
6664 6665 73
9502 9503 73
2160 2161 73
5419 9054 73
9665 9666 73
6767 6768 73
74 75 73
9201 9202 73
1059 1060 73
5946 5947 74
7623 7624 74
6310 8631 74
5297 5298 74
8157 8158 74
2138 8479 74
7630 7631 74
289 290 74
997 998 74
805 8527 74
6708 6709 74
3308 3309 74
9353 9354 74
1734 1735 74
9517 9518 74
2769 2770 74
1560 1561 74
1291 1292 74
8308 8309 74
3208 3209 74
6819 6820 74
7906 9879 74
5312 5313 74
7785 7786 74
7399 7400 74
5560 5561 74
7654 7655 74
1231 1232 74
6141 6142 74
4551 8286 74
8599 8600 74
201 202 74
7664 7665 74
0 1 74
432 7606 74
842 6180 74
5974 5975 74
7924 7925 74
7805 8332 74
1894 1895 74
159 160 74
8479 8480 74
1860 1861 74
2464 2465 74
2746 2747 74
277 278 74
1645 1646 74
4034 4035 74
2587 7523 74
8626 8627 74
7306 7307 74
1314 1315 74
4098 4099 74
6970 6971 74
4445 5136 74
1238 1239 74
4303 4304 74
4730 7237 74
6540 6541 74
2200 2201 74
3176 3177 74
7447 7448 74
7704 7705 74
2964 2965 74
5511 5512 74
7210 7211 74
4241 4242 74
6867 6868 74
4242 4243 74
9116 9117 74
1110 1111 74
6181 6709 74
6279 6280 74
3788 3789 74
9277 9278 74
1144 6066 74
8236 8237 74
9943 9944 74
5844 5845 74
6186 6187 74
9947 9948 74
8983 8984 74
1677 1678 74
8241 8242 74
6669 6670 74
3848 3849 74
4828 4829 74
3679 3680 74
9462 9463 74
2430 2431 74
1056 1057 74
7234 7235 74
7480 7481 74
6294 6295 74
6574 6575 74
3 4 74
8406 8407 74
1627 1628 74
1375 1376 74
9159 9160 74
386 1197 74
6686 6687 74
2803 2804 74
5940 5941 74
3033 7490 74
387 388 74
1493 4256 74
7619 7620 74
4535 4536 74
1731 1732 74
7771 7772 75
7357 7358 75
487 8269 75
1856 1857 75
6275 6276 75
6161 6162 75
2448 2449 75
5182 5183 75
8622 8623 75
8335 8336 75
1764 3420 75
3921 3922 75
9467 9468 75
2576 2577 75
4361 4362 75
4762 4763 75
383 917 75
4673 4674 75
3924 3925 75
986 987 75
6624 8350 75
2355 2356 75
3073 3074 75
4522 4523 75
8645 8646 75
454 455 75
729 730 75
3722 3723 75
6396 6397 75
2168 2169 75
1658 8887 75
5689 5690 75
7012 7013 75
9683 9684 75
3081 3082 75
1114 1115 75
9870 9871 75
9330 9331 75
3861 3862 75
5488 5489 75
7414 7415 75
714 6441 75
2806 2807 75
4090 4091 75
5304 5305 75
4169 4170 75
7828 7829 75
6768 6769 75
3614 3615 75
6208 6209 75
6100 6101 75
1075 1076 75
216 217 75
5506 5507 75
2989 2990 75
4884 4885 75
238 4941 75
978 5075 75
400 401 75
3429 7521 75
3207 3208 75
7981 7982 75
3259 3260 75
683 684 75
36 37 75
8127 8128 75
2336 2337 75
2148 2149 75
5523 7010 75
4902 4903 75
7990 7991 75
8897 8898 75
3751 3752 75
8723 8724 75
1022 1023 75
6928 6929 75
8904 8905 75
3319 4210 75
1045 1046 75
6353 6354 75
8912 8913 75
6809 6810 75
5732 5733 75
9768 9769 75
5921 5922 75
1675 1676 75
9418 9419 75
9773 9774 75
8582 8583 75
1405 1406 75
1107 1108 75
3508 3509 75
3641 3642 75
2564 2565 75
7483 7484 75
7757 7758 75
5076 5077 75
3220 4434 75
9613 9614 75
9263 9264 75
8604 8605 75
1761 1762 75
2614 2615 75
3280 3281 75
622 623 75
5087 8550 75
2443 2444 75
4269 4270 76
1550 1551 76
4907 4908 76
5969 5970 76
4035 4036 76
2984 2985 76
1644 1645 76
6690 6691 76
5541 5542 76
3129 3130 76
8134 8135 76
8550 8551 76
5544 5545 76
6456 6457 76
4524 4525 76
2588 5928 76
9132 9133 76
8140 8141 76
1253 5350 76
6780 6781 76
1829 1830 76
9020 9021 76
1829 9511 76
7849 7850 76
328 329 76
2344 8588 76
2141 2142 76
8803 8804 76
8683 8684 76
9790 9791 76
6879 6880 76
7953 7954 76
6974 6975 76
2141 3201 76
6634 6635 76
5374 5375 76
5313 5314 76
3749 5891 76
7161 7162 76
3560 3561 76
1887 1888 76
6006 6007 76
3037 3038 76
2213 2214 76
2845 2846 76
6216 6217 76
9300 9301 76
924 925 76
2765 2766 76
9823 9824 76
7178 7179 76
6653 6654 76
4252 4253 76
5159 5160 76
6905 6906 76
7091 7092 76
8719 8735 76
307 308 76
720 721 76
51 52 76
7585 7586 76
6424 6425 76
6583 6584 76
2826 3606 76
7099 7100 76
7100 7101 76
1489 1490 76
300 301 76
5834 5835 76
4350 4351 76
3981 3982 76
2502 2503 76
4263 4264 76
5054 5055 76
2431 2432 76
2500 2501 77
4342 4343 77
8859 8860 77
759 7348 77
3919 3920 77
5542 5543 77
1408 1409 77
1798 1799 77
6351 6352 77
9663 9664 77
2973 4210 77
5747 5748 77
155 156 77
9499 9500 77
5550 5551 77
409 410 77
106 107 77
2235 2236 77
8054 8055 77
1082 1083 77
7406 7407 77
6576 6577 77
211 212 77
7412 7413 77
1045 6450 77
1086 1087 77
2661 2662 77
2276 2277 77
8336 8337 77
6689 6690 77
4007 4751 77
2521 2522 77
9196 9197 77
2663 2664 77
1891 6204 77
6470 6471 77
9204 9205 77
433 7727 77
2524 2525 77
9209 9210 77
7175 7176 77
810 811 77
1144 9610 77
2528 3196 77
413 414 77
4168 4169 77
6818 6819 77
1147 1148 77
4696 4697 77
9559 9560 77
9733 9734 77
5779 5780 77
4386 4387 77
3500 6575 77
293 294 77
3568 3569 77
8782 8783 77
8633 8634 77
1471 1472 77
5036 5037 77
3273 3274 77
1129 1130 77
566 567 77
1531 1532 77
7083 7084 77
4620 4621 77
7588 7589 77
3380 3381 77
2455 2456 77
5138 5139 77
4888 4889 77
3511 3512 77
9259 9260 77
3759 3760 77
9429 9430 77
2322 2323 77
8125 8126 77
3331 6944 77
5516 5517 77
3230 3231 77
5145 5146 77
156 157 77
586 6533 77
3455 3456 77
8674 8675 77
8828 8829 77
1942 1943 77
1848 2436 77
8832 8833 77
6113 6114 77
8980 8981 77
8981 8982 77
5818 5819 77
4335 4336 77
485 486 77
9991 9992 77
2548 2549 77
7772 7773 77
8993 8994 77
5824 5825 77
6063 6064 78
2638 2639 78
3066 3067 78
7986 7987 78
747 748 78
3534 3535 78
4045 4046 78
5339 5340 78
8402 8403 78
8129 8130 78
1245 1246 78
7367 7368 78
9669 9670 78
3859 3860 78
50 51 78
5846 5847 78
1181 1182 78
1785 1786 78
6728 6729 78
886 887 78
7266 7267 78
6943 6944 78
6946 6947 78
6272 6273 78
8295 8296 78
8729 8730 78
7058 7059 78
8160 8161 78
8161 8162 78
9195 9196 78
4601 4602 78
6550 6671 78
4726 4727 78
4728 4729 78
996 997 78
6849 6850 78
2742 2743 78
9381 9382 78
3346 3347 78
8750 8751 78
5291 5292 78
18 7929 78
7074 7075 78
7799 7800 78
6967 6968 78
9915 9916 78
9066 9067 78
4672 4673 78
2180 2181 78
4205 4206 78
722 1890 78
2597 3683 78
217 218 78
9414 9415 78
843 844 78
2049 6054 78
1285 1286 78
7817 7818 78
8344 8345 78
7690 7691 78
7090 7091 78
4931 4932 78
3121 3122 78
5676 5677 78
1271 1272 78
9950 9951 78
5887 5888 78
2826 5283 78
3359 3360 78
8949 8950 78
4997 4998 78
7452 7453 78
4754 4755 78
4172 4173 78
705 706 78
5821 6114 78
2053 2054 78
8807 8808 78
6228 6229 78
4428 4429 78
7969 7970 78
1014 4696 78
6143 6144 78
2559 2560 78
5693 5694 78
3528 3529 78
3203 3204 78
9455 9456 79
1403 1404 79
4913 5501 79
6624 6625 79
3418 3419 79
7927 7928 79
5087 5088 79
7930 7931 79
3201 3202 79
7662 7663 79
2147 2148 79
202 5050 79
4465 4466 79
1049 1050 79
6998 6999 79
3962 3963 79
9313 9314 79
7945 7946 79
2574 2575 79
8996 8997 79
7398 7399 79
3587 3588 79
2781 2782 79
1456 1457 79
6758 6759 79
6648 6649 79
6889 6890 79
1166 1167 79
5192 5193 79
6328 6329 79
9686 9687 79
7697 7698 79
4686 4687 79
7029 7030 79
2424 2425 79
5200 5201 79
1039 1040 79
4481 4482 79
2456 2457 79
1459 1460 79
4867 4868 79
617 618 79
5123 5124 79
4944 5688 79
2618 2619 79
8562 8563 79
1643 1644 79
4167 4168 79
1261 1262 79
3136 3137 79
6572 6573 79
5415 5416 79
1765 8246 79
9046 9047 79
3867 3868 79
1705 1706 79
4353 4354 79
4960 9562 79
2113 2114 79
4710 5763 79
8748 8749 79
480 481 79
9228 9229 79
9402 9403 79
6586 6587 79
4116 4117 79
4499 8473 79
6472 6473 79
8309 8310 79
3880 7809 79
8455 8456 79
4444 4445 79
8457 8458 79
3057 3058 79
5649 5650 79
3459 3460 79
5241 5242 79
4368 4369 79
8318 8319 79
8469 8470 79
8617 8618 79
5154 5155 79
3945 3946 79
2903 2904 79
192 193 79
4651 7505 79
5161 5162 79
3622 3623 79
398 7023 79
5456 5457 79
7640 7641 79
5072 5073 79
5073 5074 79
7507 7508 79
1132 1133 79
4741 4742 79
365 366 80
3815 3816 80
5504 5505 80
4667 4668 80
2631 2632 80
7882 7883 80
5437 5438 80
1012 6064 80
6229 6230 80
2119 4014 80
6075 6076 80
1610 1611 80
7796 7797 80
3738 3739 80
4613 4614 80
9416 9417 80
1150 1151 80
2607 5198 80
5316 5317 80
235 236 80
4290 9078 80
6545 6546 80
7514 7515 80
5526 5527 80
4573 4574 80
94 95 80
4385 4386 80
778 779 80
1886 1887 80
7145 7146 80
8331 8332 80
4297 4298 80
3564 3565 80
499 500 80
4982 4983 80
5215 5216 80
8891 8892 80
3526 3527 80
1410 1411 80
6483 6484 80
7538 7539 80
6268 6269 80
1704 1705 80
308 3691 80
6825 6826 80
7940 7941 80
2280 2281 80
8252 8253 80
3898 3899 80
3305 3306 80
7006 7007 80
629 630 80
595 596 80
3474 3475 80
7186 7187 80
7865 7866 80
4411 4412 80
3990 3991 80
578 579 81
198 199 81
1013 1014 81
2645 2646 81
8025 8026 81
7214 7215 81
6260 6261 81
2382 5971 81
7826 7827 81
476 3834 81
8475 8476 81
6502 6503 81
491 492 81
8589 8590 81
3966 3967 81
8714 8715 81
6347 7165 81
3714 3715 81
7226 7227 81
1183 1184 81
3866 3867 81
2331 2332 81
3543 3544 81
7637 7638 81
1358 1359 81
4377 4378 81
1259 1260 81
7853 7854 81
711 712 81
213 214 81
2185 2186 81
4816 4817 81
466 467 81
5471 5472 81
1948 3994 81
2451 2452 81
8884 8885 81
4685 4686 81
7458 7459 81
5008 5009 81
1951 1952 81
1830 1831 81
2009 2010 81
7670 7671 81
5990 5991 81
8524 8525 81
6455 6456 81
7174 7175 81
6066 6067 81
8420 8421 81
5210 5211 81
4175 4176 81
8097 8098 81
9543 9544 81
7474 7475 81
2197 3284 81
4398 4399 81
3565 3566 81
2778 2779 81
9562 9563 81
8440 8441 81
1511 1512 81
8799 8800 81
7804 7805 81
5569 9882 81
4005 4006 81
5575 5576 81
1493 1494 81
1248 4037 81
9670 9671 82
9206 9207 82
2270 2271 82
3235 3236 82
3391 3392 82
2840 6012 82
7744 7745 82
3960 3961 82
6766 6767 82
6665 6666 82
3801 3802 82
2189 2190 82
178 179 82
8805 8806 82
4078 4079 82
2298 2299 82
1061 1062 82
1635 1636 82
6782 6783 82
9099 9100 82
342 343 82
3629 3630 82
5574 5575 82
8013 8014 82
5119 5120 82
270 2866 82
5503 5504 82
430 431 82
7155 7156 82
8156 8157 82
3823 3824 82
9910 9911 82
479 480 82
1486 1487 82
6490 6491 82
6110 6111 82
5926 5927 82
6395 7696 82
6707 6708 82
6814 6815 82
3453 3454 82
6816 6817 82
1328 1329 82
49 646 82
609 610 82
5060 5061 82
3183 3184 82
3145 3146 82
4052 4053 82
6833 6834 82
2625 2626 82
8461 8462 82
5783 5784 82
5948 5949 82
2928 2929 82
4936 4937 82
7446 7447 82
758 9663 82
1820 2696 82
5710 5711 82
93 94 82
6053 6054 82
3192 3193 82
3609 3610 82
9340 9341 82
6246 8235 82
4813 4814 82
4360 4361 82
9986 9987 82
6543 6544 82
4007 4008 82
775 776 82
7727 7728 82
5465 5466 82
5867 5868 83
9065 9066 83
769 770 83
4756 4757 83
9070 9071 83
771 772 83
8386 8387 83
1372 1373 83
6955 6956 83
4890 4891 83
748 749 83
3531 3532 83
5496 5497 83
591 592 83
1834 1835 83
4768 4769 83
6277 6278 83
5654 5655 83
5021 5022 83
8737 8738 83
9225 9226 83
2432 2433 83
3620 3621 83
5436 5437 83
7881 7882 83
4152 4153 83
5160 5161 83
6884 6885 83
8881 8882 83
3992 3993 83
8888 8889 83
4367 4368 83
8639 8640 83
3707 3708 83
9515 9516 83
3545 3546 83
6219 6220 83
9518 9519 83
6454 6455 83
1019 1020 83
776 4901 83
1913 1914 83
9800 9801 83
4164 4165 83
3804 3805 83
3805 3806 83
787 788 83
4863 4864 83
2557 9334 83
7504 7505 83
7298 7299 83
3035 3036 83
2297 2298 83
2116 2117 83
3557 3558 83
4013 4014 83
3358 9867 83
7415 7416 83
2324 5680 83
3074 9390 83
5923 5924 83
9698 9699 83
2221 9599 83
3868 8103 83
102 103 83
9707 9708 83
3077 3078 83
1868 1869 83
138 139 84
1965 1966 84
171 172 84
4514 4515 84
5364 5734 84
987 988 84
3897 3898 84
6546 6547 84
6547 6548 84
1589 1590 84
405 406 84
9363 9364 84
2008 2009 84
3094 3095 84
8363 8364 84
8365 8366 84
9373 9374 84
226 227 84
2994 2995 84
1870 1871 84
6885 6886 84
2945 2946 84
6459 6460 84
7594 7595 84
4684 4685 84
2149 2150 84
9710 9711 84
6467 6468 84
9552 9553 84
5998 6023 84
2774 2775 84
7606 7607 84
9404 9405 84
8657 8658 84
8658 8659 84
9568 9569 84
3056 3057 84
6380 7361 84
4780 7400 84
5011 5012 84
7502 7503 84
5666 5667 84
2056 2057 84
3677 9306 84
7632 7633 84
7511 7512 84
840 841 84
6109 6110 84
3800 3801 84
1268 2456 84
1551 1552 84
5857 5858 84
6938 6939 84
6939 6940 84
9949 9950 84
6822 6823 84
770 1006 84
5107 6606 84
3454 3455 84
9628 9629 84
4288 4289 84
983 984 84
8725 8726 84
5784 5785 84
7673 7674 84
1276 1277 84
4437 4438 84
2505 2506 84
6144 6145 84
4574 4575 84
3524 3525 84
2677 7287 84
5547 5548 85
5408 5409 85
2240 2241 85
7416 7417 85
5704 5705 85
9619 9620 85
7607 7608 85
7138 7139 85
296 297 85
2819 2820 85
7429 7430 85
8450 8451 85
7730 7731 85
542 543 85
1085 1086 85
3772 3773 85
3018 3019 85
5059 5060 85
1782 1783 85
3128 3129 85
7348 7349 85
6808 6809 85
695 696 85
4851 4852 85
3354 3355 85
6022 6023 85
8273 8274 85
8280 8281 85
6997 6998 85
6262 6263 85
1843 3356 85
1115 1116 85
5077 5078 85
7569 7570 85
255 256 85
6666 6667 85
2598 2599 85
5325 5326 85
9833 9834 85
3151 3152 85
2460 2461 85
6285 6286 85
1264 1265 85
396 397 85
3001 3002 85
8987 8988 85
5473 5474 85
5115 5116 86
478 479 86
1629 1630 86
7920 7921 86
3880 3881 86
9079 9080 86
4773 4774 86
301 302 86
7631 7632 86
7442 7443 86
1911 1912 86
4649 4650 86
5667 5668 86
4900 4901 86
4652 4653 86
3835 3836 86
4712 4713 86
8061 8062 86
2013 2014 86
1180 1181 86
5078 5079 86
2546 2547 86
545 546 86
6813 6814 86
8516 8517 86
2023 2024 86
157 158 86
2182 2183 86
1479 1480 86
7481 7482 86
6827 6828 86
7386 7387 86
8100 8101 86
1998 1999 86
8104 8105 86
3213 3214 86
793 794 86
4624 4625 86
9549 9550 86
8109 8110 86
8790 8791 86
8110 8111 86
8212 8213 86
5775 5776 86
3522 3523 86
9974 9975 86
3139 3140 86
3822 3823 86
6687 6688 86
2310 2311 86
7609 7610 86
6464 6465 87
3146 9706 87
3147 3148 87
5373 5374 87
7674 7675 87
4511 4512 87
741 742 87
1016 1017 87
531 532 87
6912 6913 87
9241 9242 87
139 140 87
3228 3229 87
9894 9895 87
2015 2016 87
2976 2977 87
9633 9634 87
7295 7296 87
1623 1624 87
6492 6493 87
4736 4737 87
5597 5598 87
4680 4681 87
7409 7410 87
4125 4126 87
5209 5210 87
3462 3463 87
1128 1129 87
6032 6033 87
5957 5958 87
1585 1586 87
1831 1832 87
6190 6191 87
2666 5355 87
1102 1103 87
9303 9304 87
9558 9559 87
6123 6124 87
3700 3701 87
7941 7942 87
6787 6788 87
7451 7452 87
5114 5115 87
38 39 87
8274 8275 87
4148 4149 87
4885 4886 87
7755 7756 87
2867 2868 87
736 737 87
3830 3831 87
9720 9721 87
4948 4949 87
9864 9865 88
190 191 88
4660 4661 88
652 653 88
7542 7543 88
1480 1481 88
2096 2097 88
6937 6938 88
1482 1483 88
1208 2332 88
7025 7026 88
7189 7190 88
2930 2931 88
1923 1924 88
2225 2226 88
5295 5296 88
8044 8045 88
2516 2517 88
530 531 88
4614 4615 88
206 207 88
8250 8251 88
1113 1114 88
5939 7306 88
1440 1441 88
4421 4422 88
1377 1378 88
3766 3767 88
900 2255 88
9284 9285 88
5502 5503 88
1081 1082 88
3464 3465 88
3466 3467 88
7139 7140 88
6306 6307 88
8711 8712 88
7411 7412 88
6025 6026 88
7413 7414 88
1874 1875 88
7795 7796 88
8842 8843 88
9964 9965 88
453 454 88
9574 9575 88
9834 9835 88
5519 5520 88
7240 9525 88
958 959 88
3978 3979 88
5845 5846 88
4389 4390 88
5110 5111 88
4080 4081 88
5851 5852 88
8844 8845 89
519 520 89
7055 7056 89
3104 3105 89
8350 8351 89
6571 6572 89
4812 4813 89
590 591 89
6217 6218 89
77 78 89
5471 6465 89
346 347 89
6772 6773 89
1419 1420 89
4824 4825 89
9884 9885 89
9148 9149 89
864 865 89
4215 4216 89
2251 2252 89
3115 3116 89
6497 6498 89
5401 5402 89
3166 3167 89
8752 8753 89
8753 8754 89
4836 4837 89
2795 2796 89
3740 3741 89
6610 6611 89
8510 8511 89
5665 5666 89
3007 3008 89
4293 4294 89
5580 5581 89
3218 3219 89
1962 1963 89
7304 7305 89
1234 1235 89
6078 6079 89
7425 7426 89
7951 7952 89
2771 2772 89
6010 6011 89
2178 2179 89
5601 5602 89
8088 8089 89
87 88 89
7652 7653 89
8325 8326 89
3515 8284 89
8691 8692 89
4257 4258 89
8102 8103 89
7880 7881 89
7663 7664 89
1859 5940 89
3398 3399 90
4108 4109 90
1964 4410 90
4410 4411 90
9590 9591 90
1445 1446 90
144 6427 90
7108 7526 90
3138 4704 90
3739 3740 90
9343 9344 90
9892 9893 90
4891 4892 90
8838 8839 90
7026 7027 90
1047 1048 90
4133 4134 90
7624 7625 90
8601 8602 90
7626 7627 90
9097 9098 90
9106 9107 90
8166 8167 90
222 223 90
4372 4373 90
8286 8287 90
3237 3238 90
1753 1754 90
2815 2816 90
4629 4630 90
4977 4978 90
6316 6317 90
6964 6965 90
9957 9958 90
6491 6492 90
5746 5747 90
6322 6323 90
7359 7360 90
1802 1803 90
3383 3384 90
1896 1897 90
8539 8540 90
9157 9158 90
5201 5202 90
3124 3125 90
4715 4716 90
468 469 90
5995 5996 90
8671 8672 90
1903 1904 90
6253 6254 90
1070 1071 90
7360 7361 91
2627 2628 91
4612 4613 91
7372 7373 91
4440 4441 91
6854 6855 91
5836 5837 91
1581 1582 91
6292 6293 91
4207 4208 91
2123 2124 91
6771 6772 91
9344 9345 91
4267 4268 91
4790 4791 91
3289 3290 91
7988 7989 91
3465 3466 91
1244 1245 91
961 962 91
4727 4728 91
3943 3944 91
2653 2654 91
1956 1957 91
2108 2109 91
4532 5571 91
3606 3607 91
8022 8023 91
7457 7458 91
1455 1456 91
1034 1035 91
9553 9554 91
3142 3143 91
4424 4425 91
6643 6644 92
9735 9736 92
4772 4773 92
7180 7181 92
1293 1294 92
6740 6741 92
6202 6203 92
5799 5800 92
5927 5928 92
6510 6511 92
5405 5406 92
465 466 92
2350 2351 92
9793 9794 92
7320 7321 92
6959 6960 92
6527 6528 92
2312 2313 92
4693 4694 92
5366 5367 92
6381 6382 92
849 850 92
8265 8266 92
2855 2856 92
7159 7160 92
7957 7958 92
3814 3815 92
610 611 93
4618 4619 93
990 991 93
6931 6932 93
7024 7025 93
9780 9781 93
4823 4824 93
4577 4578 93
9060 9061 93
699 2810 93
9302 9303 93
2638 3696 93
1481 1482 93
258 259 93
3242 9704 93
3819 3820 93
6694 6695 93
7418 7419 93
3869 3870 93
3870 3871 93
4783 4784 93
3472 3473 93
5571 5572 93
9111 9112 93
847 848 93
500 501 93
6642 6643 93
1038 1039 93
7353 7354 93
1040 1041 93
8248 8249 93
2048 2049 94
8602 8603 94
6587 6588 94
7656 7657 94
3638 3639 94
6397 6398 94
461 462 94
4147 4148 94
5419 5420 94
9747 9748 94
702 703 94
5018 5019 94
7693 7694 94
3769 3770 94
4371 4372 94
6151 9251 94
166 167 94
4658 4659 94
9656 9657 94
1563 1564 94
2860 2861 94
4043 4044 94
7966 7967 94
2779 2780 94
7629 7630 94
2192 2193 94
4980 4981 94
4834 4835 94
2594 2595 95
8819 8820 95
3382 3383 95
9331 9332 95
7775 7776 95
3386 3387 95
6225 6226 95
1659 1660 95
40 41 95
1568 1569 95
7798 7799 95
7991 7992 95
2349 2350 95
2186 2187 95
6704 6705 95
9136 9137 95
2059 2060 95
7732 7733 95
7917 7918 95
7922 7923 95
3944 3945 95
4771 4772 95
5128 5129 95
3818 3819 95
1612 1613 95
8254 8255 95
165 166 96
9627 9628 96
7031 7032 96
5709 5710 96
394 395 96
8232 8233 96
2228 2229 96
4014 4015 96
2938 2939 96
7405 7406 96
6437 6438 96
4111 4112 96
9971 9972 96
3290 3291 96
1027 1028 96
6929 6930 96
254 255 96
7449 7450 96
8739 8740 97
2043 2044 97
167 168 97
4430 4431 97
4143 4144 97
2191 2192 97
4151 4152 97
9802 9803 97
8673 8674 97
119 120 97
4405 4406 97
6656 6657 97
5423 5424 97
3937 3938 98
5588 5589 98
8818 8819 98
8279 8280 98
9437 9438 98
2941 2942 98
6532 6533 98
4447 4448 98
1876 1877 99
3103 3104 99
4616 4617 99
6174 6175 99
9151 9152 100
8710 8711 100

Total MST weight: 432637

Execution time: 149.567 ms
