Algorithm: PageRank
Damping: 0.850000
Vertex ranks:
0 0.000117
1 0.000212
2 0.000117
3 0.000087
4 0.000127
5 0.000150
6 0.000108
7 0.000131
8 0.000065
9 0.000104
10 0.000073
11 0.000051
12 0.000064
13 0.000087
14 0.000015
15 0.000079
16 0.000047
17 0.000125
18 0.000109
19 0.000167
20 0.000049
21 0.000044
22 0.000118
23 0.000082
24 0.000156
25 0.000025
26 0.000080
27 0.000104
28 0.000036
29 0.000181
30 0.000102
31 0.000046
32 0.000072
33 0.000059
34 0.000082
35 0.000060
36 0.000061
37 0.000249
38 0.000086
39 0.000160
40 0.000029
41 0.000077
42 0.000126
43 0.000046
44 0.000069
45 0.000015
46 0.000083
47 0.000069
48 0.000217
49 0.000086
50 0.000134
51 0.000071
52 0.000024
53 0.000081
54 0.000226
55 0.000141
56 0.000200
57 0.000104
58 0.000024
59 0.000036
60 0.000051
61 0.000177
62 0.000147
63 0.000032
64 0.000083
65 0.000132
66 0.000081
67 0.000160
68 0.000109
69 0.000077
70 0.000193
71 0.000073
72 0.000121
73 0.000091
74 0.000097
75 0.000081
76 0.000049
77 0.000044
78 0.000084
79 0.000088
80 0.000037
81 0.000131
82 0.000077
83 0.000157
84 0.000042
85 0.000089
86 0.000098
87 0.000065
88 0.000163
89 0.000050
90 0.000052
91 0.000135
92 0.000046
93 0.000122
94 0.000071
95 0.000090
96 0.000125
97 0.000114
98 0.000074
99 0.000065
100 0.000189
101 0.000104
102 0.000073
103 0.000115
104 0.000085
105 0.000235
106 0.000057
107 0.000177
108 0.000178
109 0.000183
110 0.000076
111 0.000076
112 0.000204
113 0.000141
114 0.000069
115 0.000104
116 0.000186
117 0.000046
118 0.000175
119 0.000049
120 0.000080
121 0.000064
122 0.000051
123 0.000066
124 0.000160
125 0.000159
126 0.000200
127 0.000124
128 0.000090
129 0.000034
130 0.000086
131 0.000059
132 0.000184
133 0.000156
134 0.000032
135 0.000072
136 0.000093
137 0.000083
138 0.000166
139 0.000036
140 0.000070
141 0.000026
142 0.000065
143 0.000081
144 0.000156
145 0.000070
146 0.000059
147 0.000129
148 0.000052
149 0.000201
150 0.000127
151 0.000135
152 0.000062
153 0.000079
154 0.000122
155 0.000115
156 0.000084
157 0.000065
158 0.000063
159 0.000090
160 0.000106
161 0.000086
162 0.000049
163 0.000087
164 0.000084
165 0.000148
166 0.000070
167 0.000021
168 0.000096
169 0.000066
170 0.000102
171 0.000147
172 0.000151
173 0.000074
174 0.000064
175 0.000079
176 0.000050
177 0.000090
178 0.000057
179 0.000041
180 0.000090
181 0.000106
182 0.000071
183 0.000036
184 0.000117
185 0.000070
186 0.000120
187 0.000162
188 0.000078
189 0.000057
190 0.000047
191 0.000052
192 0.000042
193 0.000208
194 0.000038
195 0.000107
196 0.000071
197 0.000136
198 0.000144
199 0.000054
200 0.000182
201 0.000121
202 0.000179
203 0.000090
204 0.000097
205 0.000160
206 0.000091
207 0.000090
208 0.000081
209 0.000129
210 0.000088
211 0.000141
212 0.000074
213 0.000175
214 0.000086
215 0.000170
216 0.000163
217 0.000102
218 0.000091
219 0.000079
220 0.000068
221 0.000043
222 0.000038
223 0.000106
224 0.000056
225 0.000073
226 0.000108
227 0.000046
228 0.000119
229 0.000131
230 0.000112
231 0.000084
232 0.000269
233 0.000108
234 0.000066
235 0.000036
236 0.000058
237 0.000079
238 0.000025
239 0.000098
240 0.000041
241 0.000117
242 0.000180
243 0.000177
244 0.000074
245 0.000070
246 0.000102
247 0.000115
248 0.000061
249 0.000071
250 0.000126
251 0.000237
252 0.000115
253 0.000097
254 0.000165
255 0.000067
256 0.000080
257 0.000075
258 0.000102
259 0.000119
260 0.000066
261 0.000092
262 0.000070
263 0.000195
264 0.000140
265 0.000086
266 0.000054
267 0.000137
268 0.000115
269 0.000087
270 0.000046
271 0.000068
272 0.000108
273 0.000106
274 0.000095
275 0.000122
276 0.000128
277 0.000139
278 0.000092
279 0.000107
280 0.000090
281 0.000080
282 0.000167
283 0.000189
284 0.000133
285 0.000072
286 0.000076
287 0.000040
288 0.000131
289 0.000025
290 0.000102
291 0.000043
292 0.000153
293 0.000103
294 0.000123
295 0.000109
296 0.000122
297 0.000150
298 0.000216
299 0.000291
300 0.000104
301 0.000090
302 0.000034
303 0.000057
304 0.000081
305 0.000042
306 0.000091
307 0.000041
308 0.000074
309 0.000077
310 0.000096
311 0.000084
312 0.000126
313 0.000125
314 0.000074
315 0.000107
316 0.000070
317 0.000066
318 0.000096
319 0.000113
320 0.000073
321 0.000133
322 0.000070
323 0.000062
324 0.000065
325 0.000062
326 0.000074
327 0.000102
328 0.000031
329 0.000088
330 0.000178
331 0.000125
332 0.000062
333 0.000036
334 0.000077
335 0.000071
336 0.000086
337 0.000054
338 0.000054
339 0.000115
340 0.000075
341 0.000111
342 0.000109
343 0.000118
344 0.000073
345 0.000044
346 0.000069
347 0.000143
348 0.000074
349 0.000105
350 0.000069
351 0.000031
352 0.000088
353 0.000030
354 0.000079
355 0.000099
356 0.000120
357 0.000073
358 0.000151
359 0.000045
360 0.000073
361 0.000106
362 0.000079
363 0.000078
364 0.000168
365 0.000085
366 0.000207
367 0.000081
368 0.000138
369 0.000052
370 0.000090
371 0.000140
372 0.000151
373 0.000060
374 0.000039
375 0.000015
376 0.000038
377 0.000126
378 0.000110
379 0.000140
380 0.000115
381 0.000073
382 0.000067
383 0.000054
384 0.000043
385 0.000185
386 0.000138
387 0.000133
388 0.000218
389 0.000078
390 0.000112
391 0.000092
392 0.000103
393 0.000079
394 0.000163
395 0.000031
396 0.000074
397 0.000096
398 0.000120
399 0.000095
400 0.000121
401 0.000073
402 0.000096
403 0.000110
404 0.000076
405 0.000078
406 0.000094
407 0.000031
408 0.000050
409 0.000231
410 0.000129
411 0.000189
412 0.000102
413 0.000091
414 0.000097
415 0.000126
416 0.000131
417 0.000156
418 0.000096
419 0.000099
420 0.000202
421 0.000101
422 0.000117
423 0.000028
424 0.000079
425 0.000068
426 0.000057
427 0.000166
428 0.000055
429 0.000131
430 0.000095
431 0.000210
432 0.000116
433 0.000082
434 0.000038
435 0.000172
436 0.000106
437 0.000056
438 0.000110
439 0.000107
440 0.000075
441 0.000125
442 0.000241
443 0.000175
444 0.000079
445 0.000095
446 0.000123
447 0.000162
448 0.000070
449 0.000045
450 0.000064
451 0.000136
452 0.000170
453 0.000065
454 0.000122
455 0.000056
456 0.000139
457 0.000110
458 0.000094
459 0.000163
460 0.000015
461 0.000100
462 0.000099
463 0.000094
464 0.000062
465 0.000099
466 0.000055
467 0.000088
468 0.000112
469 0.000050
470 0.000119
471 0.000043
472 0.000099
473 0.000064
474 0.000045
475 0.000209
476 0.000089
477 0.000095
478 0.000092
479 0.000080
480 0.000056
481 0.000107
482 0.000050
483 0.000039
484 0.000147
485 0.000073
486 0.000091
487 0.000129
488 0.000131
489 0.000084
490 0.000050
491 0.000072
492 0.000094
493 0.000034
494 0.000155
495 0.000254
496 0.000097
497 0.000140
498 0.000097
499 0.000044
500 0.000070
501 0.000150
502 0.000111
503 0.000082
504 0.000051
505 0.000071
506 0.000065
507 0.000097
508 0.000065
509 0.000101
510 0.000051
511 0.000041
512 0.000063
513 0.000071
514 0.000103
515 0.000065
516 0.000080
517 0.000070
518 0.000233
519 0.000051
520 0.000070
521 0.000111
522 0.000126
523 0.000080
524 0.000095
525 0.000051
526 0.000147
527 0.000150
528 0.000083
529 0.000078
530 0.000120
531 0.000098
532 0.000044
533 0.000047
534 0.000042
535 0.000064
536 0.000132
537 0.000067
538 0.000081
539 0.000146
540 0.000057
541 0.000195
542 0.000092
543 0.000054
544 0.000140
545 0.000058
546 0.000145
547 0.000082
548 0.000129
549 0.000091
550 0.000033
551 0.000071
552 0.000121
553 0.000080
554 0.000161
555 0.000084
556 0.000171
557 0.000094
558 0.000060
559 0.000024
560 0.000048
561 0.000041
562 0.000131
563 0.000129
564 0.000036
565 0.000045
566 0.000137
567 0.000031
568 0.000186
569 0.000058
570 0.000072
571 0.000107
572 0.000062
573 0.000077
574 0.000032
575 0.000053
576 0.000097
577 0.000030
578 0.000146
579 0.000149
580 0.000170
581 0.000088
582 0.000116
583 0.000088
584 0.000107
585 0.000070
586 0.000143
587 0.000101
588 0.000076
589 0.000144
590 0.000124
591 0.000103
592 0.000118
593 0.000083
594 0.000074
595 0.000119
596 0.000097
597 0.000103
598 0.000132
599 0.000040
600 0.000072
601 0.000075
602 0.000050
603 0.000146
604 0.000210
605 0.000082
606 0.000134
607 0.000073
608 0.000051
609 0.000116
610 0.000151
611 0.000172
612 0.000109
613 0.000085
614 0.000050
615 0.000114
616 0.000030
617 0.000088
618 0.000123
619 0.000135
620 0.000077
621 0.000065
622 0.000026
623 0.000091
624 0.000048
625 0.000203
626 0.000074
627 0.000174
628 0.000066
629 0.000072
630 0.000030
631 0.000049
632 0.000038
633 0.000144
634 0.000077
635 0.000181
636 0.000151
637 0.000140
638 0.000082
639 0.000203
640 0.000047
641 0.000101
642 0.000104
643 0.000015
644 0.000103
645 0.000103
646 0.000137
647 0.000091
648 0.000054
649 0.000084
650 0.000136
651 0.000060
652 0.000075
653 0.000109
654 0.000051
655 0.000158
656 0.000078
657 0.000033
658 0.000143
659 0.000071
660 0.000178
661 0.000067
662 0.000052
663 0.000058
664 0.000100
665 0.000061
666 0.000083
667 0.000129
668 0.000067
669 0.000122
670 0.000038
671 0.000040
672 0.000091
673 0.000145
674 0.000098
675 0.000032
676 0.000160
677 0.000087
678 0.000150
679 0.000153
680 0.000090
681 0.000109
682 0.000080
683 0.000070
684 0.000072
685 0.000075
686 0.000036
687 0.000032
688 0.000178
689 0.000085
690 0.000097
691 0.000054
692 0.000080
693 0.000105
694 0.000178
695 0.000088
696 0.000100
697 0.000119
698 0.000078
699 0.000061
700 0.000093
701 0.000202
702 0.000027
703 0.000196
704 0.000068
705 0.000070
706 0.000089
707 0.000049
708 0.000069
709 0.000125
710 0.000091
711 0.000112
712 0.000155
713 0.000076
714 0.000051
715 0.000061
716 0.000117
717 0.000086
718 0.000067
719 0.000032
720 0.000075
721 0.000051
722 0.000042
723 0.000132
724 0.000132
725 0.000156
726 0.000113
727 0.000076
728 0.000073
729 0.000015
730 0.000053
731 0.000104
732 0.000130
733 0.000074
734 0.000192
735 0.000073
736 0.000127
737 0.000024
738 0.000103
739 0.000044
740 0.000170
741 0.000015
742 0.000090
743 0.000048
744 0.000097
745 0.000074
746 0.000049
747 0.000155
748 0.000114
749 0.000074
750 0.000168
751 0.000219
752 0.000105
753 0.000076
754 0.000057
755 0.000213
756 0.000195
757 0.000028
758 0.000097
759 0.000068
760 0.000076
761 0.000142
762 0.000180
763 0.000060
764 0.000108
765 0.000034
766 0.000047
767 0.000109
768 0.000065
769 0.000139
770 0.000125
771 0.000121
772 0.000082
773 0.000072
774 0.000110
775 0.000099
776 0.000132
777 0.000033
778 0.000074
779 0.000053
780 0.000052
781 0.000096
782 0.000080
783 0.000200
784 0.000115
785 0.000120
786 0.000082
787 0.000181
788 0.000106
789 0.000165
790 0.000077
791 0.000118
792 0.000077
793 0.000072
794 0.000081
795 0.000072
796 0.000040
797 0.000078
798 0.000056
799 0.000131
800 0.000168
801 0.000146
802 0.000069
803 0.000126
804 0.000064
805 0.000066
806 0.000104
807 0.000027
808 0.000162
809 0.000088
810 0.000100
811 0.000056
812 0.000109
813 0.000101
814 0.000063
815 0.000040
816 0.000094
817 0.000166
818 0.000073
819 0.000068
820 0.000097
821 0.000096
822 0.000064
823 0.000129
824 0.000111
825 0.000062
826 0.000213
827 0.000117
828 0.000096
829 0.000104
830 0.000092
831 0.000033
832 0.000189
833 0.000082
834 0.000084
835 0.000057
836 0.000049
837 0.000062
838 0.000128
839 0.000063
840 0.000186
841 0.000015
842 0.000097
843 0.000067
844 0.000055
845 0.000037
846 0.000082
847 0.000135
848 0.000094
849 0.000220
850 0.000112
851 0.000172
852 0.000147
853 0.000075
854 0.000213
855 0.000109
856 0.000092
857 0.000106
858 0.000049
859 0.000191
860 0.000063
861 0.000041
862 0.000119
863 0.000039
864 0.000104
865 0.000067
866 0.000110
867 0.000054
868 0.000159
869 0.000091
870 0.000131
871 0.000130
872 0.000145
873 0.000076
874 0.000083
875 0.000087
876 0.000080
877 0.000241
878 0.000113
879 0.000194
880 0.000088
881 0.000119
882 0.000038
883 0.000043
884 0.000092
885 0.000128
886 0.000163
887 0.000127
888 0.000045
889 0.000170
890 0.000098
891 0.000026
892 0.000060
893 0.000027
894 0.000050
895 0.000142
896 0.000130
897 0.000092
898 0.000107
899 0.000191
900 0.000172
901 0.000106
902 0.000099
903 0.000147
904 0.000049
905 0.000136
906 0.000121
907 0.000072
908 0.000126
909 0.000088
910 0.000040
911 0.000127
912 0.000143
913 0.000240
914 0.000118
915 0.000117
916 0.000142
917 0.000127
918 0.000135
919 0.000065
920 0.000226
921 0.000023
922 0.000143
923 0.000090
924 0.000111
925 0.000042
926 0.000068
927 0.000136
928 0.000126
929 0.000164
930 0.000156
931 0.000058
932 0.000138
933 0.000054
934 0.000163
935 0.000125
936 0.000120
937 0.000153
938 0.000068
939 0.000135
940 0.000302
941 0.000174
942 0.000124
943 0.000083
944 0.000129
945 0.000099
946 0.000071
947 0.000026
948 0.000096
949 0.000066
950 0.000189
951 0.000096
952 0.000069
953 0.000119
954 0.000058
955 0.000104
956 0.000087
957 0.000058
958 0.000063
959 0.000083
960 0.000083
961 0.000042
962 0.000097
963 0.000091
964 0.000017
965 0.000206
966 0.000131
967 0.000119
968 0.000191
969 0.000196
970 0.000105
971 0.000082
972 0.000060
973 0.000074
974 0.000105
975 0.000118
976 0.000137
977 0.000095
978 0.000173
979 0.000147
980 0.000015
981 0.000105
982 0.000037
983 0.000200
984 0.000056
985 0.000224
986 0.000160
987 0.000092
988 0.000104
989 0.000059
990 0.000086
991 0.000101
992 0.000097
993 0.000093
994 0.000043
995 0.000042
996 0.000123
997 0.000137
998 0.000087
999 0.000050
1000 0.000064
1001 0.000066
1002 0.000118
1003 0.000076
1004 0.000056
1005 0.000130
1006 0.000115
1007 0.000056
1008 0.000154
1009 0.000167
1010 0.000033
1011 0.000126
1012 0.000120
1013 0.000069
1014 0.000152
1015 0.000085
1016 0.000164
1017 0.000049
1018 0.000096
1019 0.000037
1020 0.000179
1021 0.000064
1022 0.000059
1023 0.000098
1024 0.000046
1025 0.000055
1026 0.000082
1027 0.000161
1028 0.000076
1029 0.000137
1030 0.000093
1031 0.000143
1032 0.000158
1033 0.000045
1034 0.000182
1035 0.000094
1036 0.000131
1037 0.000101
1038 0.000024
1039 0.000155
1040 0.000180
1041 0.000062
1042 0.000033
1043 0.000086
1044 0.000054
1045 0.000195
1046 0.000079
1047 0.000186
1048 0.000134
1049 0.000085
1050 0.000065
1051 0.000048
1052 0.000015
1053 0.000112
1054 0.000025
1055 0.000090
1056 0.000056
1057 0.000056
1058 0.000109
1059 0.000060
1060 0.000071
1061 0.000114
1062 0.000075
1063 0.000111
1064 0.000138
1065 0.000093
1066 0.000033
1067 0.000069
1068 0.000225
1069 0.000061
1070 0.000066
1071 0.000129
1072 0.000050
1073 0.000077
1074 0.000120
1075 0.000108
1076 0.000089
1077 0.000063
1078 0.000104
1079 0.000122
1080 0.000061
1081 0.000015
1082 0.000101
1083 0.000124
1084 0.000091
1085 0.000096
1086 0.000111
1087 0.000086
1088 0.000126
1089 0.000200
1090 0.000171
1091 0.000015
1092 0.000122
1093 0.000109
1094 0.000075
1095 0.000142
1096 0.000144
1097 0.000087
1098 0.000112
1099 0.000158
1100 0.000066
1101 0.000099
1102 0.000113
1103 0.000066
1104 0.000088
1105 0.000085
1106 0.000124
1107 0.000173
1108 0.000071
1109 0.000111
1110 0.000219
1111 0.000101
1112 0.000077
1113 0.000172
1114 0.000105
1115 0.000067
1116 0.000087
1117 0.000053
1118 0.000048
1119 0.000114
1120 0.000167
1121 0.000063
1122 0.000342
1123 0.000087
1124 0.000071
1125 0.000123
1126 0.000138
1127 0.000088
1128 0.000168
1129 0.000129
1130 0.000055
1131 0.000058
1132 0.000045
1133 0.000103
1134 0.000069
1135 0.000102
1136 0.000055
1137 0.000065
1138 0.000056
1139 0.000096
1140 0.000117
1141 0.000074
1142 0.000109
1143 0.000071
1144 0.000040
1145 0.000081
1146 0.000090
1147 0.000131
1148 0.000052
1149 0.000037
1150 0.000045
1151 0.000130
1152 0.000194
1153 0.000058
1154 0.000075
1155 0.000094
1156 0.000125
1157 0.000162
1158 0.000101
1159 0.000144
1160 0.000102
1161 0.000225
1162 0.000142
1163 0.000086
1164 0.000083
1165 0.000069
1166 0.000118
1167 0.000117
1168 0.000127
1169 0.000118
1170 0.000100
1171 0.000092
1172 0.000115
1173 0.000101
1174 0.000066
1175 0.000121
1176 0.000063
1177 0.000075
1178 0.000098
1179 0.000103
1180 0.000125
1181 0.000077
1182 0.000106
1183 0.000144
1184 0.000054
1185 0.000061
1186 0.000098
1187 0.000078
1188 0.000036
1189 0.000126
1190 0.000140
1191 0.000103
1192 0.000052
1193 0.000073
1194 0.000137
1195 0.000151
1196 0.000061
1197 0.000038
1198 0.000060
1199 0.000119
1200 0.000079
1201 0.000111
1202 0.000208
1203 0.000198
1204 0.000108
1205 0.000105
1206 0.000114
1207 0.000059
1208 0.000057
1209 0.000051
1210 0.000176
1211 0.000050
1212 0.000078
1213 0.000048
1214 0.000120
1215 0.000059
1216 0.000211
1217 0.000086
1218 0.000119
1219 0.000122
1220 0.000126
1221 0.000091
1222 0.000072
1223 0.000081
1224 0.000091
1225 0.000106
1226 0.000095
1227 0.000241
1228 0.000124
1229 0.000114
1230 0.000108
1231 0.000091
1232 0.000153
1233 0.000051
1234 0.000164
1235 0.000062
1236 0.000269
1237 0.000119
1238 0.000050
1239 0.000127
1240 0.000015
1241 0.000144
1242 0.000104
1243 0.000177
1244 0.000127
1245 0.000107
1246 0.000141
1247 0.000103
1248 0.000060
1249 0.000082
1250 0.000051
1251 0.000113
1252 0.000128
1253 0.000122
1254 0.000118
1255 0.000241
1256 0.000052
1257 0.000072
1258 0.000059
1259 0.000066
1260 0.000088
1261 0.000042
1262 0.000100
1263 0.000065
1264 0.000047
1265 0.000127
1266 0.000080
1267 0.000115
1268 0.000114
1269 0.000077
1270 0.000100
1271 0.000103
1272 0.000150
1273 0.000149
1274 0.000147
1275 0.000176
1276 0.000072
1277 0.000077
1278 0.000096
1279 0.000073
1280 0.000097
1281 0.000082
1282 0.000082
1283 0.000066
1284 0.000182
1285 0.000066
1286 0.000080
1287 0.000113
1288 0.000071
1289 0.000206
1290 0.000079
1291 0.000189
1292 0.000111
1293 0.000046
1294 0.000147
1295 0.000122
1296 0.000137
1297 0.000112
1298 0.000109
1299 0.000113
1300 0.000067
1301 0.000097
1302 0.000100
1303 0.000160
1304 0.000081
1305 0.000115
1306 0.000081
1307 0.000110
1308 0.000105
1309 0.000074
1310 0.000146
1311 0.000047
1312 0.000119
1313 0.000147
1314 0.000082
1315 0.000118
1316 0.000042
1317 0.000047
1318 0.000056
1319 0.000081
1320 0.000032
1321 0.000061
1322 0.000138
1323 0.000050
1324 0.000112
1325 0.000097
1326 0.000085
1327 0.000162
1328 0.000139
1329 0.000110
1330 0.000085
1331 0.000101
1332 0.000040
1333 0.000038
1334 0.000056
1335 0.000098
1336 0.000174
1337 0.000094
1338 0.000082
1339 0.000072
1340 0.000077
1341 0.000138
1342 0.000095
1343 0.000131
1344 0.000073
1345 0.000048
1346 0.000063
1347 0.000049
1348 0.000110
1349 0.000161
1350 0.000082
1351 0.000106
1352 0.000073
1353 0.000050
1354 0.000137
1355 0.000137
1356 0.000076
1357 0.000115
1358 0.000214
1359 0.000077
1360 0.000084
1361 0.000049
1362 0.000085
1363 0.000134
1364 0.000028
1365 0.000104
1366 0.000122
1367 0.000188
1368 0.000109
1369 0.000098
1370 0.000126
1371 0.000149
1372 0.000020
1373 0.000188
1374 0.000096
1375 0.000155
1376 0.000065
1377 0.000096
1378 0.000200
1379 0.000170
1380 0.000088
1381 0.000083
1382 0.000069
1383 0.000150
1384 0.000161
1385 0.000164
1386 0.000178
1387 0.000099
1388 0.000043
1389 0.000078
1390 0.000143
1391 0.000103
1392 0.000175
1393 0.000026
1394 0.000045
1395 0.000119
1396 0.000091
1397 0.000089
1398 0.000115
1399 0.000102
1400 0.000105
1401 0.000047
1402 0.000153
1403 0.000108
1404 0.000039
1405 0.000067
1406 0.000084
1407 0.000134
1408 0.000040
1409 0.000115
1410 0.000087
1411 0.000062
1412 0.000056
1413 0.000078
1414 0.000106
1415 0.000047
1416 0.000125
1417 0.000056
1418 0.000201
1419 0.000112
1420 0.000080
1421 0.000062
1422 0.000020
1423 0.000125
1424 0.000133
1425 0.000058
1426 0.000077
1427 0.000045
1428 0.000192
1429 0.000107
1430 0.000073
1431 0.000032
1432 0.000047
1433 0.000050
1434 0.000143
1435 0.000105
1436 0.000079
1437 0.000104
1438 0.000065
1439 0.000061
1440 0.000154
1441 0.000227
1442 0.000127
1443 0.000099
1444 0.000169
1445 0.000124
1446 0.000213
1447 0.000046
1448 0.000074
1449 0.000233
1450 0.000120
1451 0.000092
1452 0.000119
1453 0.000091
1454 0.000067
1455 0.000153
1456 0.000058
1457 0.000097
1458 0.000026
1459 0.000155
1460 0.000142
1461 0.000156
1462 0.000066
1463 0.000127
1464 0.000126
1465 0.000119
1466 0.000026
1467 0.000057
1468 0.000089
1469 0.000081
1470 0.000185
1471 0.000153
1472 0.000048
1473 0.000073
1474 0.000052
1475 0.000154
1476 0.000139
1477 0.000042
1478 0.000031
1479 0.000153
1480 0.000036
1481 0.000080
1482 0.000108
1483 0.000052
1484 0.000087
1485 0.000146
1486 0.000089
1487 0.000067
1488 0.000081
1489 0.000119
1490 0.000226
1491 0.000080
1492 0.000088
1493 0.000027
1494 0.000068
1495 0.000056
1496 0.000101
1497 0.000128
1498 0.000072
1499 0.000226
1500 0.000153
1501 0.000112
1502 0.000062
1503 0.000123
1504 0.000147
1505 0.000208
1506 0.000077
1507 0.000064
1508 0.000283
1509 0.000067
1510 0.000144
1511 0.000039
1512 0.000090
1513 0.000080
1514 0.000101
1515 0.000026
1516 0.000065
1517 0.000040
1518 0.000140
1519 0.000163
1520 0.000039
1521 0.000098
1522 0.000149
1523 0.000142
1524 0.000169
1525 0.000057
1526 0.000176
1527 0.000117
1528 0.000045
1529 0.000104
1530 0.000140
1531 0.000088
1532 0.000080
1533 0.000172
1534 0.000112
1535 0.000167
1536 0.000037
1537 0.000084
1538 0.000036
1539 0.000091
1540 0.000163
1541 0.000194
1542 0.000122
1543 0.000069
1544 0.000112
1545 0.000126
1546 0.000090
1547 0.000316
1548 0.000049
1549 0.000207
1550 0.000113
1551 0.000127
1552 0.000070
1553 0.000089
1554 0.000077
1555 0.000077
1556 0.000047
1557 0.000133
1558 0.000135
1559 0.000101
1560 0.000094
1561 0.000130
1562 0.000099
1563 0.000120
1564 0.000061
1565 0.000070
1566 0.000069
1567 0.000136
1568 0.000065
1569 0.000058
1570 0.000054
1571 0.000072
1572 0.000107
1573 0.000085
1574 0.000166
1575 0.000043
1576 0.000073
1577 0.000074
1578 0.000050
1579 0.000089
1580 0.000069
1581 0.000155
1582 0.000108
1583 0.000032
1584 0.000136
1585 0.000182
1586 0.000136
1587 0.000064
1588 0.000177
1589 0.000050
1590 0.000118
1591 0.000091
1592 0.000028
1593 0.000145
1594 0.000088
1595 0.000176
1596 0.000148
1597 0.000050
1598 0.000190
1599 0.000065
1600 0.000101
1601 0.000085
1602 0.000071
1603 0.000147
1604 0.000054
1605 0.000093
1606 0.000070
1607 0.000099
1608 0.000104
1609 0.000044
1610 0.000041
1611 0.000065
1612 0.000044
1613 0.000043
1614 0.000037
1615 0.000037
1616 0.000056
1617 0.000129
1618 0.000142
1619 0.000055
1620 0.000159
1621 0.000156
1622 0.000044
1623 0.000134
1624 0.000089
1625 0.000057
1626 0.000057
1627 0.000034
1628 0.000075
1629 0.000077
1630 0.000056
1631 0.000125
1632 0.000031
1633 0.000036
1634 0.000042
1635 0.000080
1636 0.000031
1637 0.000069
1638 0.000049
1639 0.000085
1640 0.000087
1641 0.000055
1642 0.000086
1643 0.000040
1644 0.000066
1645 0.000090
1646 0.000080
1647 0.000048
1648 0.000135
1649 0.000146
1650 0.000117
1651 0.000087
1652 0.000188
1653 0.000160
1654 0.000095
1655 0.000125
1656 0.000053
1657 0.000069
1658 0.000060
1659 0.000088
1660 0.000110
1661 0.000116
1662 0.000034
1663 0.000136
1664 0.000117
1665 0.000057
1666 0.000111
1667 0.000074
1668 0.000090
1669 0.000152
1670 0.000107
1671 0.000159
1672 0.000152
1673 0.000120
1674 0.000180
1675 0.000141
1676 0.000112
1677 0.000084
1678 0.000087
1679 0.000080
1680 0.000063
1681 0.000125
1682 0.000039
1683 0.000134
1684 0.000062
1685 0.000214
1686 0.000080
1687 0.000073
1688 0.000099
1689 0.000101
1690 0.000183
1691 0.000187
1692 0.000034
1693 0.000085
1694 0.000099
1695 0.000152
1696 0.000086
1697 0.000154
1698 0.000036
1699 0.000075
1700 0.000109
1701 0.000051
1702 0.000085
1703 0.000075
1704 0.000073
1705 0.000120
1706 0.000110
1707 0.000143
1708 0.000231
1709 0.000117
1710 0.000076
1711 0.000079
1712 0.000079
1713 0.000136
1714 0.000129
1715 0.000041
1716 0.000022
1717 0.000044
1718 0.000100
1719 0.000077
1720 0.000113
1721 0.000101
1722 0.000191
1723 0.000052
1724 0.000169
1725 0.000074
1726 0.000022
1727 0.000058
1728 0.000130
1729 0.000157
1730 0.000166
1731 0.000195
1732 0.000115
1733 0.000126
1734 0.000078
1735 0.000121
1736 0.000069
1737 0.000118
1738 0.000114
1739 0.000108
1740 0.000083
1741 0.000065
1742 0.000067
1743 0.000117
1744 0.000082
1745 0.000160
1746 0.000315
1747 0.000046
1748 0.000037
1749 0.000119
1750 0.000053
1751 0.000088
1752 0.000062
1753 0.000023
1754 0.000068
1755 0.000099
1756 0.000159
1757 0.000201
1758 0.000069
1759 0.000084
1760 0.000154
1761 0.000078
1762 0.000075
1763 0.000132
1764 0.000084
1765 0.000101
1766 0.000109
1767 0.000027
1768 0.000160
1769 0.000088
1770 0.000115
1771 0.000063
1772 0.000055
1773 0.000076
1774 0.000251
1775 0.000106
1776 0.000166
1777 0.000071
1778 0.000063
1779 0.000158
1780 0.000075
1781 0.000087
1782 0.000136
1783 0.000163
1784 0.000144
1785 0.000087
1786 0.000075
1787 0.000124
1788 0.000088
1789 0.000171
1790 0.000071
1791 0.000065
1792 0.000110
1793 0.000111
1794 0.000098
1795 0.000078
1796 0.000086
1797 0.000131
1798 0.000107
1799 0.000040
1800 0.000108
1801 0.000088
1802 0.000056
1803 0.000078
1804 0.000143
1805 0.000085
1806 0.000153
1807 0.000105
1808 0.000059
1809 0.000113
1810 0.000117
1811 0.000072
1812 0.000108
1813 0.000115
1814 0.000135
1815 0.000045
1816 0.000100
1817 0.000122
1818 0.000143
1819 0.000117
1820 0.000024
1821 0.000042
1822 0.000042
1823 0.000064
1824 0.000115
1825 0.000086
1826 0.000279
1827 0.000109
1828 0.000064
1829 0.000077
1830 0.000092
1831 0.000121
1832 0.000071
1833 0.000102
1834 0.000156
1835 0.000082
1836 0.000144
1837 0.000271
1838 0.000154
1839 0.000075
1840 0.000107
1841 0.000120
1842 0.000033
1843 0.000103
1844 0.000084
1845 0.000075
1846 0.000156
1847 0.000090
1848 0.000169
1849 0.000166
1850 0.000117
1851 0.000099
1852 0.000103
1853 0.000116
1854 0.000111
1855 0.000025
1856 0.000123
1857 0.000097
1858 0.000154
1859 0.000132
1860 0.000145
1861 0.000072
1862 0.000088
1863 0.000084
1864 0.000119
1865 0.000108
1866 0.000113
1867 0.000160
1868 0.000123
1869 0.000099
1870 0.000085
1871 0.000134
1872 0.000121
1873 0.000054
1874 0.000147
1875 0.000094
1876 0.000083
1877 0.000065
1878 0.000079
1879 0.000130
1880 0.000111
1881 0.000075
1882 0.000040
1883 0.000119
1884 0.000097
1885 0.000088
1886 0.000138
1887 0.000102
1888 0.000046
1889 0.000198
1890 0.000137
1891 0.000058
1892 0.000096
1893 0.000173
1894 0.000180
1895 0.000099
1896 0.000045
1897 0.000131
1898 0.000099
1899 0.000053
1900 0.000093
1901 0.000122
1902 0.000072
1903 0.000102
1904 0.000055
1905 0.000168
1906 0.000040
1907 0.000139
1908 0.000069
1909 0.000090
1910 0.000175
1911 0.000195
1912 0.000110
1913 0.000109
1914 0.000148
1915 0.000139
1916 0.000127
1917 0.000027
1918 0.000140
1919 0.000135
1920 0.000134
1921 0.000078
1922 0.000104
1923 0.000124
1924 0.000144
1925 0.000164
1926 0.000077
1927 0.000109
1928 0.000129
1929 0.000083
1930 0.000070
1931 0.000252
1932 0.000182
1933 0.000150
1934 0.000056
1935 0.000029
1936 0.000052
1937 0.000122
1938 0.000090
1939 0.000087
1940 0.000078
1941 0.000137
1942 0.000027
1943 0.000054
1944 0.000084
1945 0.000122
1946 0.000081
1947 0.000228
1948 0.000110
1949 0.000098
1950 0.000015
1951 0.000095
1952 0.000068
1953 0.000080
1954 0.000036
1955 0.000059
1956 0.000071
1957 0.000088
1958 0.000189
1959 0.000092
1960 0.000137
1961 0.000080
1962 0.000218
1963 0.000078
1964 0.000047
1965 0.000175
1966 0.000057
1967 0.000177
1968 0.000098
1969 0.000123
1970 0.000062
1971 0.000228
1972 0.000086
1973 0.000126
1974 0.000097
1975 0.000091
1976 0.000090
1977 0.000054
1978 0.000090
1979 0.000148
1980 0.000134
1981 0.000135
1982 0.000038
1983 0.000097
1984 0.000050
1985 0.000070
1986 0.000084
1987 0.000076
1988 0.000135
1989 0.000060
1990 0.000040
1991 0.000042
1992 0.000076
1993 0.000044
1994 0.000097
1995 0.000082
1996 0.000127
1997 0.000041
1998 0.000080
1999 0.000120
2000 0.000144
2001 0.000073
2002 0.000178
2003 0.000173
2004 0.000120
2005 0.000162
2006 0.000092
2007 0.000077
2008 0.000125
2009 0.000068
2010 0.000111
2011 0.000075
2012 0.000116
2013 0.000057
2014 0.000100
2015 0.000127
2016 0.000135
2017 0.000161
2018 0.000060
2019 0.000050
2020 0.000094
2021 0.000101
2022 0.000113
2023 0.000078
2024 0.000094
2025 0.000093
2026 0.000239
2027 0.000081
2028 0.000084
2029 0.000015
2030 0.000118
2031 0.000110
2032 0.000059
2033 0.000154
2034 0.000090
2035 0.000107
2036 0.000083
2037 0.000176
2038 0.000198
2039 0.000065
2040 0.000015
2041 0.000109
2042 0.000077
2043 0.000080
2044 0.000166
2045 0.000119
2046 0.000109
2047 0.000073
2048 0.000143
2049 0.000039
2050 0.000086
2051 0.000102
2052 0.000063
2053 0.000128
2054 0.000077
2055 0.000161
2056 0.000125
2057 0.000104
2058 0.000054
2059 0.000108
2060 0.000038
2061 0.000100
2062 0.000096
2063 0.000110
2064 0.000083
2065 0.000120
2066 0.000078
2067 0.000074
2068 0.000059
2069 0.000173
2070 0.000051
2071 0.000081
2072 0.000172
2073 0.000093
2074 0.000138
2075 0.000039
2076 0.000088
2077 0.000074
2078 0.000099
2079 0.000076
2080 0.000194
2081 0.000070
2082 0.000046
2083 0.000123
2084 0.000099
2085 0.000100
2086 0.000082
2087 0.000097
2088 0.000162
2089 0.000071
2090 0.000061
2091 0.000146
2092 0.000087
2093 0.000202
2094 0.000069
2095 0.000054
2096 0.000130
2097 0.000137
2098 0.000078
2099 0.000106
2100 0.000159
2101 0.000101
2102 0.000071
2103 0.000086
2104 0.000155
2105 0.000115
2106 0.000124
2107 0.000065
2108 0.000015
2109 0.000104
2110 0.000061
2111 0.000087
2112 0.000108
2113 0.000058
2114 0.000126
2115 0.000089
2116 0.000163
2117 0.000110
2118 0.000042
2119 0.000111
2120 0.000044
2121 0.000121
2122 0.000064
2123 0.000112
2124 0.000117
2125 0.000111
2126 0.000097
2127 0.000065
2128 0.000161
2129 0.000069
2130 0.000091
2131 0.000046
2132 0.000099
2133 0.000096
2134 0.000119
2135 0.000039
2136 0.000120
2137 0.000092
2138 0.000101
2139 0.000077
2140 0.000078
2141 0.000101
2142 0.000137
2143 0.000183
2144 0.000080
2145 0.000133
2146 0.000028
2147 0.000046
2148 0.000028
2149 0.000112
2150 0.000048
2151 0.000047
2152 0.000123
2153 0.000082
2154 0.000029
2155 0.000049
2156 0.000220
2157 0.000056
2158 0.000145
2159 0.000075
2160 0.000176
2161 0.000077
2162 0.000121
2163 0.000229
2164 0.000141
2165 0.000056
2166 0.000132
2167 0.000092
2168 0.000109
2169 0.000042
2170 0.000113
2171 0.000096
2172 0.000062
2173 0.000089
2174 0.000131
2175 0.000114
2176 0.000086
2177 0.000063
2178 0.000107
2179 0.000093
2180 0.000189
2181 0.000145
2182 0.000123
2183 0.000095
2184 0.000095
2185 0.000110
2186 0.000027
2187 0.000072
2188 0.000111
2189 0.000108
2190 0.000090
2191 0.000115
2192 0.000116
2193 0.000194
2194 0.000032
2195 0.000059
2196 0.000045
2197 0.000078
2198 0.000031
2199 0.000169
2200 0.000015
2201 0.000026
2202 0.000066
2203 0.000050
2204 0.000060
2205 0.000101
2206 0.000200
2207 0.000174
2208 0.000077
2209 0.000066
2210 0.000034
2211 0.000153
2212 0.000048
2213 0.000117
2214 0.000119
2215 0.000101
2216 0.000113
2217 0.000128
2218 0.000074
2219 0.000065
2220 0.000110
2221 0.000076
2222 0.000103
2223 0.000134
2224 0.000098
2225 0.000094
2226 0.000132
2227 0.000035
2228 0.000074
2229 0.000124
2230 0.000141
2231 0.000041
2232 0.000057
2233 0.000150
2234 0.000116
2235 0.000141
2236 0.000126
2237 0.000110
2238 0.000097
2239 0.000089
2240 0.000038
2241 0.000081
2242 0.000131
2243 0.000076
2244 0.000026
2245 0.000084
2246 0.000130
2247 0.000139
2248 0.000076
2249 0.000091
2250 0.000038
2251 0.000100
2252 0.000038
2253 0.000100
2254 0.000062
2255 0.000122
2256 0.000147
2257 0.000136
2258 0.000156
2259 0.000113
2260 0.000026
2261 0.000150
2262 0.000146
2263 0.000062
2264 0.000102
2265 0.000061
2266 0.000094
2267 0.000068
2268 0.000030
2269 0.000113
2270 0.000047
2271 0.000183
2272 0.000143
2273 0.000041
2274 0.000140
2275 0.000051
2276 0.000093
2277 0.000065
2278 0.000056
2279 0.000116
2280 0.000071
2281 0.000159
2282 0.000099
2283 0.000129
2284 0.000117
2285 0.000122
2286 0.000081
2287 0.000116
2288 0.000080
2289 0.000116
2290 0.000116
2291 0.000087
2292 0.000102
2293 0.000194
2294 0.000150
2295 0.000107
2296 0.000077
2297 0.000092
2298 0.000041
2299 0.000103
2300 0.000171
2301 0.000015
2302 0.000142
2303 0.000026
2304 0.000085
2305 0.000075
2306 0.000050
2307 0.000180
2308 0.000090
2309 0.000149
2310 0.000100
2311 0.000133
2312 0.000124
2313 0.000116
2314 0.000183
2315 0.000140
2316 0.000189
2317 0.000049
2318 0.000112
2319 0.000092
2320 0.000105
2321 0.000061
2322 0.000045
2323 0.000056
2324 0.000163
2325 0.000060
2326 0.000123
2327 0.000135
2328 0.000071
2329 0.000054
2330 0.000083
2331 0.000094
2332 0.000125
2333 0.000074
2334 0.000074
2335 0.000109
2336 0.000069
2337 0.000106
2338 0.000030
2339 0.000167
2340 0.000088
2341 0.000059
2342 0.000057
2343 0.000057
2344 0.000061
2345 0.000076
2346 0.000051
2347 0.000225
2348 0.000015
2349 0.000090
2350 0.000142
2351 0.000152
2352 0.000103
2353 0.000074
2354 0.000055
2355 0.000157
2356 0.000047
2357 0.000108
2358 0.000154
2359 0.000066
2360 0.000098
2361 0.000249
2362 0.000246
2363 0.000165
2364 0.000026
2365 0.000147
2366 0.000088
2367 0.000041
2368 0.000067
2369 0.000111
2370 0.000066
2371 0.000046
2372 0.000115
2373 0.000063
2374 0.000086
2375 0.000129
2376 0.000063
2377 0.000107
2378 0.000045
2379 0.000156
2380 0.000020
2381 0.000189
2382 0.000065
2383 0.000058
2384 0.000056
2385 0.000159
2386 0.000197
2387 0.000036
2388 0.000092
2389 0.000172
2390 0.000118
2391 0.000131
2392 0.000108
2393 0.000089
2394 0.000093
2395 0.000194
2396 0.000050
2397 0.000033
2398 0.000015
2399 0.000111
2400 0.000113
2401 0.000080
2402 0.000063
2403 0.000179
2404 0.000088
2405 0.000060
2406 0.000063
2407 0.000062
2408 0.000075
2409 0.000150
2410 0.000124
2411 0.000100
2412 0.000031
2413 0.000059
2414 0.000180
2415 0.000081
2416 0.000218
2417 0.000039
2418 0.000147
2419 0.000032
2420 0.000158
2421 0.000036
2422 0.000031
2423 0.000121
2424 0.000042
2425 0.000101
2426 0.000047
2427 0.000042
2428 0.000089
2429 0.000021
2430 0.000129
2431 0.000066
2432 0.000090
2433 0.000107
2434 0.000109
2435 0.000073
2436 0.000146
2437 0.000053
2438 0.000073
2439 0.000089
2440 0.000081
2441 0.000062
2442 0.000097
2443 0.000115
2444 0.000061
2445 0.000074
2446 0.000101
2447 0.000083
2448 0.000080
2449 0.000069
2450 0.000103
2451 0.000087
2452 0.000077
2453 0.000126
2454 0.000038
2455 0.000098
2456 0.000091
2457 0.000203
2458 0.000136
2459 0.000082
2460 0.000117
2461 0.000033
2462 0.000081
2463 0.000100
2464 0.000087
2465 0.000078
2466 0.000088
2467 0.000131
2468 0.000094
2469 0.000056
2470 0.000135
2471 0.000044
2472 0.000071
2473 0.000116
2474 0.000105
2475 0.000022
2476 0.000132
2477 0.000048
2478 0.000259
2479 0.000104
2480 0.000062
2481 0.000153
2482 0.000042
2483 0.000141
2484 0.000091
2485 0.000148
2486 0.000059
2487 0.000060
2488 0.000166
2489 0.000052
2490 0.000106
2491 0.000226
2492 0.000026
2493 0.000125
2494 0.000050
2495 0.000015
2496 0.000082
2497 0.000070
2498 0.000093
2499 0.000089
2500 0.000117
2501 0.000165
2502 0.000073
2503 0.000135
2504 0.000164
2505 0.000098
2506 0.000141
2507 0.000050
2508 0.000054
2509 0.000049
2510 0.000076
2511 0.000067
2512 0.000205
2513 0.000054
2514 0.000095
2515 0.000050
2516 0.000141
2517 0.000103
2518 0.000097
2519 0.000096
2520 0.000032
2521 0.000055
2522 0.000087
2523 0.000213
2524 0.000047
2525 0.000057
2526 0.000162
2527 0.000034
2528 0.000054
2529 0.000139
2530 0.000174
2531 0.000092
2532 0.000068
2533 0.000049
2534 0.000127
2535 0.000091
2536 0.000163
2537 0.000124
2538 0.000074
2539 0.000075
2540 0.000084
2541 0.000076
2542 0.000170
2543 0.000212
2544 0.000078
2545 0.000047
2546 0.000102
2547 0.000050
2548 0.000066
2549 0.000123
2550 0.000060
2551 0.000137
2552 0.000052
2553 0.000074
2554 0.000072
2555 0.000130
2556 0.000093
2557 0.000111
2558 0.000060
2559 0.000191
2560 0.000151
2561 0.000099
2562 0.000191
2563 0.000047
2564 0.000088
2565 0.000118
2566 0.000103
2567 0.000095
2568 0.000145
2569 0.000037
2570 0.000051
2571 0.000197
2572 0.000103
2573 0.000044
2574 0.000109
2575 0.000043
2576 0.000096
2577 0.000121
2578 0.000166
2579 0.000053
2580 0.000081
2581 0.000088
2582 0.000093
2583 0.000134
2584 0.000147
2585 0.000040
2586 0.000065
2587 0.000104
2588 0.000073
2589 0.000081
2590 0.000034
2591 0.000149
2592 0.000033
2593 0.000093
2594 0.000145
2595 0.000078
2596 0.000081
2597 0.000102
2598 0.000080
2599 0.000052
2600 0.000089
2601 0.000097
2602 0.000168
2603 0.000093
2604 0.000069
2605 0.000122
2606 0.000050
2607 0.000119
2608 0.000133
2609 0.000156
2610 0.000062
2611 0.000071
2612 0.000136
2613 0.000117
2614 0.000090
2615 0.000132
2616 0.000130
2617 0.000138
2618 0.000116
2619 0.000041
2620 0.000029
2621 0.000131
2622 0.000070
2623 0.000059
2624 0.000171
2625 0.000069
2626 0.000133
2627 0.000063
2628 0.000151
2629 0.000101
2630 0.000153
2631 0.000044
2632 0.000109
2633 0.000062
2634 0.000110
2635 0.000124
2636 0.000057
2637 0.000082
2638 0.000110
2639 0.000074
2640 0.000039
2641 0.000123
2642 0.000098
2643 0.000043
2644 0.000090
2645 0.000053
2646 0.000087
2647 0.000151
2648 0.000171
2649 0.000107
2650 0.000109
2651 0.000101
2652 0.000178
2653 0.000181
2654 0.000087
2655 0.000037
2656 0.000058
2657 0.000072
2658 0.000120
2659 0.000049
2660 0.000042
2661 0.000089
2662 0.000040
2663 0.000124
2664 0.000063
2665 0.000045
2666 0.000178
2667 0.000152
2668 0.000104
2669 0.000082
2670 0.000180
2671 0.000041
2672 0.000182
2673 0.000083
2674 0.000106
2675 0.000189
2676 0.000025
2677 0.000044
2678 0.000175
2679 0.000083
2680 0.000093
2681 0.000053
2682 0.000074
2683 0.000135
2684 0.000077
2685 0.000061
2686 0.000075
2687 0.000121
2688 0.000067
2689 0.000092
2690 0.000045
2691 0.000082
2692 0.000098
2693 0.000162
2694 0.000153
2695 0.000083
2696 0.000067
2697 0.000221
2698 0.000118
2699 0.000085
2700 0.000142
2701 0.000094
2702 0.000029
2703 0.000047
2704 0.000085
2705 0.000069
2706 0.000071
2707 0.000045
2708 0.000069
2709 0.000084
2710 0.000075
2711 0.000097
2712 0.000049
2713 0.000129
2714 0.000060
2715 0.000115
2716 0.000140
2717 0.000065
2718 0.000079
2719 0.000027
2720 0.000083
2721 0.000042
2722 0.000049
2723 0.000141
2724 0.000026
2725 0.000071
2726 0.000067
2727 0.000202
2728 0.000139
2729 0.000084
2730 0.000080
2731 0.000125
2732 0.000044
2733 0.000159
2734 0.000107
2735 0.000097
2736 0.000136
2737 0.000233
2738 0.000098
2739 0.000108
2740 0.000023
2741 0.000164
2742 0.000074
2743 0.000136
2744 0.000051
2745 0.000153
2746 0.000099
2747 0.000118
2748 0.000137
2749 0.000131
2750 0.000140
2751 0.000110
2752 0.000091
2753 0.000080
2754 0.000061
2755 0.000267
2756 0.000066
2757 0.000077
2758 0.000073
2759 0.000048
2760 0.000065
2761 0.000059
2762 0.000051
2763 0.000070
2764 0.000081
2765 0.000079
2766 0.000135
2767 0.000111
2768 0.000083
2769 0.000103
2770 0.000065
2771 0.000113
2772 0.000072
2773 0.000154
2774 0.000091
2775 0.000175
2776 0.000047
2777 0.000088
2778 0.000058
2779 0.000101
2780 0.000167
2781 0.000098
2782 0.000074
2783 0.000116
2784 0.000117
2785 0.000015
2786 0.000096
2787 0.000045
2788 0.000166
2789 0.000096
2790 0.000090
2791 0.000097
2792 0.000074
2793 0.000018
2794 0.000062
2795 0.000054
2796 0.000096
2797 0.000033
2798 0.000047
2799 0.000180
2800 0.000210
2801 0.000097
2802 0.000064
2803 0.000058
2804 0.000052
2805 0.000093
2806 0.000123
2807 0.000070
2808 0.000079
2809 0.000036
2810 0.000080
2811 0.000102
2812 0.000091
2813 0.000059
2814 0.000084
2815 0.000042
2816 0.000046
2817 0.000089
2818 0.000102
2819 0.000188
2820 0.000056
2821 0.000050
2822 0.000070
2823 0.000109
2824 0.000103
2825 0.000074
2826 0.000190
2827 0.000032
2828 0.000196
2829 0.000066
2830 0.000030
2831 0.000246
2832 0.000194
2833 0.000052
2834 0.000090
2835 0.000294
2836 0.000096
2837 0.000148
2838 0.000091
2839 0.000038
2840 0.000120
2841 0.000022
2842 0.000144
2843 0.000047
2844 0.000044
2845 0.000160
2846 0.000161
2847 0.000078
2848 0.000150
2849 0.000052
2850 0.000021
2851 0.000170
2852 0.000106
2853 0.000059
2854 0.000122
2855 0.000055
2856 0.000165
2857 0.000075
2858 0.000056
2859 0.000045
2860 0.000100
2861 0.000116
2862 0.000022
2863 0.000090
2864 0.000145
2865 0.000153
2866 0.000047
2867 0.000118
2868 0.000108
2869 0.000113
2870 0.000186
2871 0.000065
2872 0.000060
2873 0.000087
2874 0.000067
2875 0.000082
2876 0.000060
2877 0.000054
2878 0.000112
2879 0.000088
2880 0.000086
2881 0.000061
2882 0.000097
2883 0.000077
2884 0.000091
2885 0.000197
2886 0.000113
2887 0.000049
2888 0.000041
2889 0.000114
2890 0.000079
2891 0.000018
2892 0.000022
2893 0.000183
2894 0.000103
2895 0.000061
2896 0.000069
2897 0.000073
2898 0.000119
2899 0.000072
2900 0.000143
2901 0.000161
2902 0.000143
2903 0.000093
2904 0.000133
2905 0.000079
2906 0.000089
2907 0.000121
2908 0.000038
2909 0.000199
2910 0.000034
2911 0.000157
2912 0.000074
2913 0.000042
2914 0.000063
2915 0.000115
2916 0.000050
2917 0.000084
2918 0.000045
2919 0.000220
2920 0.000113
2921 0.000123
2922 0.000111
2923 0.000078
2924 0.000148
2925 0.000074
2926 0.000037
2927 0.000067
2928 0.000067
2929 0.000046
2930 0.000186
2931 0.000093
2932 0.000082
2933 0.000095
2934 0.000081
2935 0.000077
2936 0.000065
2937 0.000160
2938 0.000164
2939 0.000070
2940 0.000132
2941 0.000111
2942 0.000112
2943 0.000039
2944 0.000070
2945 0.000068
2946 0.000132
2947 0.000087
2948 0.000140
2949 0.000049
2950 0.000052
2951 0.000049
2952 0.000060
2953 0.000096
2954 0.000027
2955 0.000080
2956 0.000204
2957 0.000061
2958 0.000104
2959 0.000062
2960 0.000080
2961 0.000131
2962 0.000139
2963 0.000092
2964 0.000064
2965 0.000062
2966 0.000063
2967 0.000039
2968 0.000069
2969 0.000060
2970 0.000127
2971 0.000067
2972 0.000126
2973 0.000051
2974 0.000068
2975 0.000053
2976 0.000077
2977 0.000097
2978 0.000150
2979 0.000056
2980 0.000039
2981 0.000123
2982 0.000092
2983 0.000156
2984 0.000123
2985 0.000184
2986 0.000153
2987 0.000089
2988 0.000093
2989 0.000080
2990 0.000109
2991 0.000073
2992 0.000089
2993 0.000039
2994 0.000073
2995 0.000135
2996 0.000053
2997 0.000133
2998 0.000142
2999 0.000042
3000 0.000030
3001 0.000213
3002 0.000299
3003 0.000082
3004 0.000108
3005 0.000080
3006 0.000058
3007 0.000015
3008 0.000072
3009 0.000114
3010 0.000112
3011 0.000095
3012 0.000214
3013 0.000035
3014 0.000145
3015 0.000098
3016 0.000156
3017 0.000065
3018 0.000110
3019 0.000027
3020 0.000061
3021 0.000064
3022 0.000057
3023 0.000043
3024 0.000063
3025 0.000109
3026 0.000146
3027 0.000157
3028 0.000100
3029 0.000057
3030 0.000166
3031 0.000084
3032 0.000112
3033 0.000105
3034 0.000056
3035 0.000105
3036 0.000055
3037 0.000153
3038 0.000134
3039 0.000026
3040 0.000077
3041 0.000106
3042 0.000023
3043 0.000077
3044 0.000099
3045 0.000081
3046 0.000158
3047 0.000105
3048 0.000271
3049 0.000056
3050 0.000048
3051 0.000102
3052 0.000199
3053 0.000096
3054 0.000097
3055 0.000098
3056 0.000084
3057 0.000073
3058 0.000104
3059 0.000015
3060 0.000101
3061 0.000077
3062 0.000142
3063 0.000215
3064 0.000051
3065 0.000077
3066 0.000260
3067 0.000036
3068 0.000091
3069 0.000089
3070 0.000106
3071 0.000164
3072 0.000121
3073 0.000130
3074 0.000066
3075 0.000091
3076 0.000166
3077 0.000121
3078 0.000062
3079 0.000064
3080 0.000109
3081 0.000097
3082 0.000107
3083 0.000115
3084 0.000095
3085 0.000072
3086 0.000100
3087 0.000079
3088 0.000123
3089 0.000130
3090 0.000060
3091 0.000075
3092 0.000028
3093 0.000088
3094 0.000086
3095 0.000085
3096 0.000079
3097 0.000103
3098 0.000077
3099 0.000106
3100 0.000060
3101 0.000050
3102 0.000112
3103 0.000126
3104 0.000076
3105 0.000082
3106 0.000116
3107 0.000064
3108 0.000094
3109 0.000164
3110 0.000136
3111 0.000044
3112 0.000070
3113 0.000037
3114 0.000104
3115 0.000115
3116 0.000071
3117 0.000083
3118 0.000066
3119 0.000083
3120 0.000212
3121 0.000189
3122 0.000053
3123 0.000099
3124 0.000106
3125 0.000071
3126 0.000089
3127 0.000093
3128 0.000046
3129 0.000124
3130 0.000099
3131 0.000063
3132 0.000088
3133 0.000060
3134 0.000095
3135 0.000054
3136 0.000193
3137 0.000113
3138 0.000102
3139 0.000236
3140 0.000061
3141 0.000093
3142 0.000153
3143 0.000119
3144 0.000083
3145 0.000215
3146 0.000015
3147 0.000092
3148 0.000121
3149 0.000128
3150 0.000081
3151 0.000034
3152 0.000101
3153 0.000179
3154 0.000089
3155 0.000073
3156 0.000114
3157 0.000066
3158 0.000104
3159 0.000238
3160 0.000090
3161 0.000054
3162 0.000121
3163 0.000129
3164 0.000073
3165 0.000119
3166 0.000031
3167 0.000178
3168 0.000123
3169 0.000026
3170 0.000155
3171 0.000179
3172 0.000042
3173 0.000138
3174 0.000028
3175 0.000072
3176 0.000118
3177 0.000142
3178 0.000093
3179 0.000124
3180 0.000103
3181 0.000127
3182 0.000100
3183 0.000088
3184 0.000085
3185 0.000056
3186 0.000221
3187 0.000079
3188 0.000099
3189 0.000120
3190 0.000193
3191 0.000074
3192 0.000037
3193 0.000099
3194 0.000067
3195 0.000034
3196 0.000080
3197 0.000102
3198 0.000054
3199 0.000046
3200 0.000125
3201 0.000113
3202 0.000138
3203 0.000122
3204 0.000074
3205 0.000124
3206 0.000082
3207 0.000155
3208 0.000067
3209 0.000122
3210 0.000037
3211 0.000063
3212 0.000082
3213 0.000088
3214 0.000164
3215 0.000181
3216 0.000047
3217 0.000260
3218 0.000096
3219 0.000118
3220 0.000105
3221 0.000060
3222 0.000191
3223 0.000106
3224 0.000067
3225 0.000059
3226 0.000090
3227 0.000031
3228 0.000213
3229 0.000037
3230 0.000172
3231 0.000123
3232 0.000078
3233 0.000112
3234 0.000071
3235 0.000076
3236 0.000074
3237 0.000058
3238 0.000087
3239 0.000061
3240 0.000090
3241 0.000071
3242 0.000033
3243 0.000060
3244 0.000121
3245 0.000151
3246 0.000069
3247 0.000084
3248 0.000056
3249 0.000078
3250 0.000114
3251 0.000067
3252 0.000111
3253 0.000073
3254 0.000069
3255 0.000063
3256 0.000174
3257 0.000040
3258 0.000131
3259 0.000036
3260 0.000039
3261 0.000113
3262 0.000115
3263 0.000134
3264 0.000151
3265 0.000139
3266 0.000044
3267 0.000146
3268 0.000121
3269 0.000140
3270 0.000059
3271 0.000041
3272 0.000120
3273 0.000076
3274 0.000079
3275 0.000022
3276 0.000044
3277 0.000167
3278 0.000226
3279 0.000139
3280 0.000098
3281 0.000022
3282 0.000063
3283 0.000074
3284 0.000084
3285 0.000060
3286 0.000100
3287 0.000073
3288 0.000142
3289 0.000075
3290 0.000059
3291 0.000169
3292 0.000181
3293 0.000112
3294 0.000039
3295 0.000064
3296 0.000038
3297 0.000141
3298 0.000126
3299 0.000109
3300 0.000158
3301 0.000067
3302 0.000081
3303 0.000117
3304 0.000124
3305 0.000131
3306 0.000132
3307 0.000078
3308 0.000072
3309 0.000069
3310 0.000099
3311 0.000015
3312 0.000097
3313 0.000049
3314 0.000115
3315 0.000134
3316 0.000080
3317 0.000100
3318 0.000126
3319 0.000072
3320 0.000180
3321 0.000143
3322 0.000101
3323 0.000100
3324 0.000087
3325 0.000125
3326 0.000170
3327 0.000223
3328 0.000075
3329 0.000069
3330 0.000045
3331 0.000085
3332 0.000041
3333 0.000049
3334 0.000044
3335 0.000154
3336 0.000095
3337 0.000148
3338 0.000119
3339 0.000069
3340 0.000071
3341 0.000088
3342 0.000137
3343 0.000107
3344 0.000128
3345 0.000091
3346 0.000052
3347 0.000082
3348 0.000228
3349 0.000070
3350 0.000067
3351 0.000083
3352 0.000063
3353 0.000116
3354 0.000097
3355 0.000114
3356 0.000101
3357 0.000095
3358 0.000057
3359 0.000164
3360 0.000138
3361 0.000111
3362 0.000046
3363 0.000111
3364 0.000055
3365 0.000031
3366 0.000097
3367 0.000129
3368 0.000136
3369 0.000080
3370 0.000126
3371 0.000076
3372 0.000117
3373 0.000111
3374 0.000052
3375 0.000136
3376 0.000160
3377 0.000145
3378 0.000088
3379 0.000112
3380 0.000072
3381 0.000154
3382 0.000068
3383 0.000015
3384 0.000067
3385 0.000124
3386 0.000102
3387 0.000039
3388 0.000041
3389 0.000078
3390 0.000091
3391 0.000097
3392 0.000058
3393 0.000126
3394 0.000064
3395 0.000116
3396 0.000015
3397 0.000086
3398 0.000107
3399 0.000127
3400 0.000096
3401 0.000142
3402 0.000097
3403 0.000178
3404 0.000125
3405 0.000060
3406 0.000088
3407 0.000096
3408 0.000141
3409 0.000037
3410 0.000129
3411 0.000102
3412 0.000082
3413 0.000099
3414 0.000074
3415 0.000058
3416 0.000056
3417 0.000121
3418 0.000031
3419 0.000065
3420 0.000148
3421 0.000105
3422 0.000054
3423 0.000056
3424 0.000132
3425 0.000121
3426 0.000127
3427 0.000064
3428 0.000047
3429 0.000074
3430 0.000048
3431 0.000087
3432 0.000110
3433 0.000060
3434 0.000085
3435 0.000060
3436 0.000139
3437 0.000143
3438 0.000137
3439 0.000134
3440 0.000038
3441 0.000079
3442 0.000056
3443 0.000084
3444 0.000031
3445 0.000060
3446 0.000189
3447 0.000098
3448 0.000106
3449 0.000196
3450 0.000049
3451 0.000105
3452 0.000174
3453 0.000045
3454 0.000085
3455 0.000065
3456 0.000068
3457 0.000119
3458 0.000096
3459 0.000091
3460 0.000154
3461 0.000124
3462 0.000110
3463 0.000116
3464 0.000043
3465 0.000128
3466 0.000190
3467 0.000037
3468 0.000062
3469 0.000056
3470 0.000124
3471 0.000062
3472 0.000036
3473 0.000080
3474 0.000053
3475 0.000029
3476 0.000022
3477 0.000116
3478 0.000033
3479 0.000084
3480 0.000116
3481 0.000052
3482 0.000094
3483 0.000074
3484 0.000051
3485 0.000097
3486 0.000182
3487 0.000038
3488 0.000132
3489 0.000098
3490 0.000058
3491 0.000143
3492 0.000077
3493 0.000065
3494 0.000165
3495 0.000072
3496 0.000100
3497 0.000031
3498 0.000095
3499 0.000044
3500 0.000115
3501 0.000079
3502 0.000069
3503 0.000083
3504 0.000109
3505 0.000079
3506 0.000088
3507 0.000105
3508 0.000162
3509 0.000020
3510 0.000084
3511 0.000104
3512 0.000034
3513 0.000077
3514 0.000090
3515 0.000149
3516 0.000119
3517 0.000133
3518 0.000153
3519 0.000179
3520 0.000076
3521 0.000147
3522 0.000125
3523 0.000079
3524 0.000071
3525 0.000127
3526 0.000107
3527 0.000056
3528 0.000131
3529 0.000111
3530 0.000112
3531 0.000176
3532 0.000133
3533 0.000075
3534 0.000146
3535 0.000246
3536 0.000173
3537 0.000192
3538 0.000078
3539 0.000141
3540 0.000131
3541 0.000136
3542 0.000035
3543 0.000077
3544 0.000092
3545 0.000056
3546 0.000062
3547 0.000170
3548 0.000105
3549 0.000065
3550 0.000086
3551 0.000099
3552 0.000103
3553 0.000095
3554 0.000111
3555 0.000168
3556 0.000205
3557 0.000126
3558 0.000076
3559 0.000075
3560 0.000185
3561 0.000033
3562 0.000055
3563 0.000107
3564 0.000129
3565 0.000070
3566 0.000042
3567 0.000177
3568 0.000065
3569 0.000042
3570 0.000137
3571 0.000094
3572 0.000088
3573 0.000097
3574 0.000039
3575 0.000048
3576 0.000082
3577 0.000036
3578 0.000076
3579 0.000053
3580 0.000096
3581 0.000086
3582 0.000165
3583 0.000056
3584 0.000043
3585 0.000163
3586 0.000072
3587 0.000113
3588 0.000124
3589 0.000074
3590 0.000114
3591 0.000042
3592 0.000072
3593 0.000064
3594 0.000031
3595 0.000108
3596 0.000053
3597 0.000154
3598 0.000052
3599 0.000169
3600 0.000098
3601 0.000206
3602 0.000044
3603 0.000139
3604 0.000186
3605 0.000168
3606 0.000082
3607 0.000085
3608 0.000081
3609 0.000037
3610 0.000120
3611 0.000098
3612 0.000102
3613 0.000137
3614 0.000081
3615 0.000108
3616 0.000062
3617 0.000064
3618 0.000110
3619 0.000102
3620 0.000109
3621 0.000065
3622 0.000174
3623 0.000140
3624 0.000151
3625 0.000090
3626 0.000087
3627 0.000042
3628 0.000111
3629 0.000022
3630 0.000042
3631 0.000125
3632 0.000074
3633 0.000229
3634 0.000099
3635 0.000173
3636 0.000126
3637 0.000084
3638 0.000154
3639 0.000147
3640 0.000076
3641 0.000047
3642 0.000166
3643 0.000138
3644 0.000060
3645 0.000078
3646 0.000055
3647 0.000165
3648 0.000066
3649 0.000066
3650 0.000055
3651 0.000106
3652 0.000050
3653 0.000043
3654 0.000071
3655 0.000113
3656 0.000125
3657 0.000049
3658 0.000096
3659 0.000104
3660 0.000060
3661 0.000052
3662 0.000100
3663 0.000055
3664 0.000093
3665 0.000062
3666 0.000056
3667 0.000137
3668 0.000099
3669 0.000059
3670 0.000134
3671 0.000061
3672 0.000106
3673 0.000088
3674 0.000064
3675 0.000084
3676 0.000070
3677 0.000034
3678 0.000081
3679 0.000139
3680 0.000175
3681 0.000037
3682 0.000030
3683 0.000135
3684 0.000088
3685 0.000026
3686 0.000033
3687 0.000065
3688 0.000092
3689 0.000063
3690 0.000088
3691 0.000368
3692 0.000168
3693 0.000079
3694 0.000223
3695 0.000048
3696 0.000080
3697 0.000037
3698 0.000109
3699 0.000158
3700 0.000130
3701 0.000128
3702 0.000176
3703 0.000030
3704 0.000158
3705 0.000051
3706 0.000094
3707 0.000111
3708 0.000202
3709 0.000096
3710 0.000130
3711 0.000236
3712 0.000135
3713 0.000085
3714 0.000075
3715 0.000065
3716 0.000022
3717 0.000142
3718 0.000174
3719 0.000099
3720 0.000088
3721 0.000055
3722 0.000130
3723 0.000042
3724 0.000159
3725 0.000089
3726 0.000040
3727 0.000163
3728 0.000064
3729 0.000138
3730 0.000194
3731 0.000043
3732 0.000122
3733 0.000177
3734 0.000081
3735 0.000177
3736 0.000035
3737 0.000201
3738 0.000072
3739 0.000044
3740 0.000137
3741 0.000104
3742 0.000075
3743 0.000183
3744 0.000125
3745 0.000077
3746 0.000032
3747 0.000061
3748 0.000109
3749 0.000069
3750 0.000027
3751 0.000042
3752 0.000089
3753 0.000095
3754 0.000179
3755 0.000126
3756 0.000142
3757 0.000027
3758 0.000095
3759 0.000074
3760 0.000032
3761 0.000087
3762 0.000166
3763 0.000083
3764 0.000129
3765 0.000062
3766 0.000106
3767 0.000101
3768 0.000083
3769 0.000036
3770 0.000023
3771 0.000166
3772 0.000096
3773 0.000050
3774 0.000182
3775 0.000160
3776 0.000057
3777 0.000160
3778 0.000135
3779 0.000067
3780 0.000071
3781 0.000044
3782 0.000078
3783 0.000137
3784 0.000053
3785 0.000015
3786 0.000153
3787 0.000019
3788 0.000076
3789 0.000142
3790 0.000101
3791 0.000062
3792 0.000064
3793 0.000118
3794 0.000117
3795 0.000069
3796 0.000118
3797 0.000080
3798 0.000050
3799 0.000027
3800 0.000066
3801 0.000066
3802 0.000063
3803 0.000123
3804 0.000138
3805 0.000136
3806 0.000111
3807 0.000101
3808 0.000075
3809 0.000059
3810 0.000039
3811 0.000056
3812 0.000143
3813 0.000122
3814 0.000112
3815 0.000084
3816 0.000118
3817 0.000247
3818 0.000092
3819 0.000051
3820 0.000178
3821 0.000132
3822 0.000186
3823 0.000085
3824 0.000123
3825 0.000085
3826 0.000148
3827 0.000102
3828 0.000105
3829 0.000073
3830 0.000015
3831 0.000152
3832 0.000214
3833 0.000023
3834 0.000114
3835 0.000075
3836 0.000078
3837 0.000159
3838 0.000093
3839 0.000058
3840 0.000082
3841 0.000071
3842 0.000120
3843 0.000105
3844 0.000067
3845 0.000037
3846 0.000084
3847 0.000168
3848 0.000059
3849 0.000159
3850 0.000078
3851 0.000110
3852 0.000096
3853 0.000034
3854 0.000073
3855 0.000178
3856 0.000130
3857 0.000177
3858 0.000090
3859 0.000104
3860 0.000151
3861 0.000060
3862 0.000044
3863 0.000086
3864 0.000160
3865 0.000149
3866 0.000081
3867 0.000054
3868 0.000054
3869 0.000187
3870 0.000099
3871 0.000098
3872 0.000097
3873 0.000060
3874 0.000084
3875 0.000081
3876 0.000149
3877 0.000202
3878 0.000052
3879 0.000064
3880 0.000036
3881 0.000114
3882 0.000219
3883 0.000062
3884 0.000074
3885 0.000053
3886 0.000031
3887 0.000103
3888 0.000183
3889 0.000108
3890 0.000101
3891 0.000047
3892 0.000097
3893 0.000023
3894 0.000132
3895 0.000073
3896 0.000063
3897 0.000128
3898 0.000114
3899 0.000182
3900 0.000093
3901 0.000222
3902 0.000044
3903 0.000121
3904 0.000124
3905 0.000047
3906 0.000072
3907 0.000131
3908 0.000080
3909 0.000184
3910 0.000036
3911 0.000063
3912 0.000115
3913 0.000080
3914 0.000114
3915 0.000162
3916 0.000175
3917 0.000063
3918 0.000060
3919 0.000040
3920 0.000072
3921 0.000049
3922 0.000076
3923 0.000045
3924 0.000074
3925 0.000080
3926 0.000139
3927 0.000142
3928 0.000059
3929 0.000127
3930 0.000143
3931 0.000116
3932 0.000068
3933 0.000031
3934 0.000100
3935 0.000049
3936 0.000067
3937 0.000046
3938 0.000103
3939 0.000174
3940 0.000127
3941 0.000118
3942 0.000099
3943 0.000090
3944 0.000066
3945 0.000105
3946 0.000102
3947 0.000101
3948 0.000053
3949 0.000042
3950 0.000078
3951 0.000086
3952 0.000120
3953 0.000078
3954 0.000090
3955 0.000056
3956 0.000100
3957 0.000138
3958 0.000100
3959 0.000080
3960 0.000150
3961 0.000135
3962 0.000040
3963 0.000015
3964 0.000102
3965 0.000105
3966 0.000148
3967 0.000096
3968 0.000203
3969 0.000086
3970 0.000096
3971 0.000117
3972 0.000145
3973 0.000130
3974 0.000154
3975 0.000105
3976 0.000122
3977 0.000116
3978 0.000065
3979 0.000039
3980 0.000120
3981 0.000097
3982 0.000068
3983 0.000157
3984 0.000155
3985 0.000145
3986 0.000106
3987 0.000096
3988 0.000109
3989 0.000148
3990 0.000071
3991 0.000120
3992 0.000081
3993 0.000176
3994 0.000038
3995 0.000026
3996 0.000086
3997 0.000143
3998 0.000161
3999 0.000098
4000 0.000074
4001 0.000119
4002 0.000100
4003 0.000105
4004 0.000171
4005 0.000123
4006 0.000091
4007 0.000114
4008 0.000163
4009 0.000074
4010 0.000096
4011 0.000151
4012 0.000113
4013 0.000106
4014 0.000108
4015 0.000053
4016 0.000135
4017 0.000038
4018 0.000089
4019 0.000094
4020 0.000162
4021 0.000274
4022 0.000151
4023 0.000036
4024 0.000067
4025 0.000054
4026 0.000061
4027 0.000083
4028 0.000060
4029 0.000063
4030 0.000112
4031 0.000149
4032 0.000056
4033 0.000107
4034 0.000044
4035 0.000060
4036 0.000083
4037 0.000071
4038 0.000054
4039 0.000076
4040 0.000050
4041 0.000090
4042 0.000044
4043 0.000150
4044 0.000015
4045 0.000173
4046 0.000082
4047 0.000155
4048 0.000138
4049 0.000060
4050 0.000110
4051 0.000113
4052 0.000038
4053 0.000056
4054 0.000127
4055 0.000184
4056 0.000177
4057 0.000045
4058 0.000055
4059 0.000087
4060 0.000153
4061 0.000074
4062 0.000091
4063 0.000102
4064 0.000096
4065 0.000041
4066 0.000116
4067 0.000089
4068 0.000060
4069 0.000128
4070 0.000129
4071 0.000093
4072 0.000112
4073 0.000067
4074 0.000102
4075 0.000080
4076 0.000090
4077 0.000083
4078 0.000064
4079 0.000022
4080 0.000182
4081 0.000092
4082 0.000089
4083 0.000194
4084 0.000092
4085 0.000093
4086 0.000119
4087 0.000064
4088 0.000199
4089 0.000108
4090 0.000068
4091 0.000032
4092 0.000061
4093 0.000023
4094 0.000068
4095 0.000091
4096 0.000029
4097 0.000132
4098 0.000129
4099 0.000037
4100 0.000246
4101 0.000057
4102 0.000068
4103 0.000088
4104 0.000052
4105 0.000127
4106 0.000088
4107 0.000051
4108 0.000131
4109 0.000145
4110 0.000053
4111 0.000075
4112 0.000126
4113 0.000069
4114 0.000057
4115 0.000049
4116 0.000096
4117 0.000095
4118 0.000044
4119 0.000108
4120 0.000123
4121 0.000094
4122 0.000148
4123 0.000146
4124 0.000154
4125 0.000081
4126 0.000034
4127 0.000050
4128 0.000123
4129 0.000116
4130 0.000161
4131 0.000037
4132 0.000057
4133 0.000063
4134 0.000041
4135 0.000164
4136 0.000155
4137 0.000092
4138 0.000103
4139 0.000059
4140 0.000069
4141 0.000101
4142 0.000022
4143 0.000077
4144 0.000109
4145 0.000175
4146 0.000119
4147 0.000240
4148 0.000106
4149 0.000098
4150 0.000156
4151 0.000043
4152 0.000067
4153 0.000025
4154 0.000116
4155 0.000084
4156 0.000057
4157 0.000095
4158 0.000079
4159 0.000184
4160 0.000030
4161 0.000027
4162 0.000082
4163 0.000036
4164 0.000151
4165 0.000190
4166 0.000137
4167 0.000176
4168 0.000035
4169 0.000128
4170 0.000122
4171 0.000075
4172 0.000161
4173 0.000113
4174 0.000100
4175 0.000097
4176 0.000226
4177 0.000140
4178 0.000074
4179 0.000064
4180 0.000055
4181 0.000083
4182 0.000166
4183 0.000069
4184 0.000087
4185 0.000039
4186 0.000132
4187 0.000059
4188 0.000070
4189 0.000096
4190 0.000015
4191 0.000060
4192 0.000067
4193 0.000130
4194 0.000133
4195 0.000231
4196 0.000119
4197 0.000093
4198 0.000075
4199 0.000121
4200 0.000033
4201 0.000185
4202 0.000029
4203 0.000082
4204 0.000145
4205 0.000097
4206 0.000047
4207 0.000148
4208 0.000038
4209 0.000068
4210 0.000108
4211 0.000049
4212 0.000039
4213 0.000146
4214 0.000058
4215 0.000065
4216 0.000065
4217 0.000092
4218 0.000202
4219 0.000092
4220 0.000030
4221 0.000095
4222 0.000121
4223 0.000074
4224 0.000079
4225 0.000021
4226 0.000099
4227 0.000091
4228 0.000160
4229 0.000058
4230 0.000069
4231 0.000047
4232 0.000066
4233 0.000028
4234 0.000050
4235 0.000094
4236 0.000081
4237 0.000129
4238 0.000113
4239 0.000106
4240 0.000099
4241 0.000138
4242 0.000073
4243 0.000122
4244 0.000144
4245 0.000083
4246 0.000101
4247 0.000084
4248 0.000078
4249 0.000169
4250 0.000155
4251 0.000081
4252 0.000126
4253 0.000220
4254 0.000103
4255 0.000051
4256 0.000053
4257 0.000096
4258 0.000052
4259 0.000125
4260 0.000086
4261 0.000067
4262 0.000111
4263 0.000136
4264 0.000056
4265 0.000049
4266 0.000088
4267 0.000077
4268 0.000064
4269 0.000066
4270 0.000088
4271 0.000102
4272 0.000056
4273 0.000131
4274 0.000100
4275 0.000129
4276 0.000053
4277 0.000059
4278 0.000123
4279 0.000197
4280 0.000061
4281 0.000061
4282 0.000143
4283 0.000106
4284 0.000121
4285 0.000151
4286 0.000075
4287 0.000134
4288 0.000090
4289 0.000041
4290 0.000102
4291 0.000099
4292 0.000111
4293 0.000074
4294 0.000034
4295 0.000120
4296 0.000114
4297 0.000063
4298 0.000030
4299 0.000067
4300 0.000141
4301 0.000137
4302 0.000115
4303 0.000064
4304 0.000148
4305 0.000049
4306 0.000126
4307 0.000165
4308 0.000087
4309 0.000127
4310 0.000099
4311 0.000077
4312 0.000081
4313 0.000120
4314 0.000072
4315 0.000100
4316 0.000171
4317 0.000019
4318 0.000114
4319 0.000059
4320 0.000223
4321 0.000173
4322 0.000072
4323 0.000156
4324 0.000032
4325 0.000150
4326 0.000038
4327 0.000094
4328 0.000146
4329 0.000150
4330 0.000115
4331 0.000053
4332 0.000104
4333 0.000130
4334 0.000078
4335 0.000058
4336 0.000125
4337 0.000072
4338 0.000070
4339 0.000143
4340 0.000078
4341 0.000163
4342 0.000082
4343 0.000148
4344 0.000137
4345 0.000108
4346 0.000152
4347 0.000158
4348 0.000095
4349 0.000029
4350 0.000072
4351 0.000091
4352 0.000163
4353 0.000021
4354 0.000082
4355 0.000050
4356 0.000022
4357 0.000163
4358 0.000072
4359 0.000117
4360 0.000083
4361 0.000071
4362 0.000015
4363 0.000088
4364 0.000170
4365 0.000015
4366 0.000116
4367 0.000179
4368 0.000023
4369 0.000065
4370 0.000111
4371 0.000027
4372 0.000118
4373 0.000082
4374 0.000103
4375 0.000141
4376 0.000041
4377 0.000033
4378 0.000079
4379 0.000100
4380 0.000084
4381 0.000056
4382 0.000112
4383 0.000122
4384 0.000119
4385 0.000080
4386 0.000072
4387 0.000129
4388 0.000080
4389 0.000123
4390 0.000072
4391 0.000147
4392 0.000095
4393 0.000101
4394 0.000056
4395 0.000102
4396 0.000130
4397 0.000176
4398 0.000092
4399 0.000130
4400 0.000050
4401 0.000155
4402 0.000059
4403 0.000058
4404 0.000069
4405 0.000149
4406 0.000113
4407 0.000087
4408 0.000063
4409 0.000125
4410 0.000072
4411 0.000073
4412 0.000234
4413 0.000088
4414 0.000043
4415 0.000122
4416 0.000140
4417 0.000041
4418 0.000086
4419 0.000150
4420 0.000111
4421 0.000123
4422 0.000070
4423 0.000063
4424 0.000051
4425 0.000102
4426 0.000098
4427 0.000041
4428 0.000064
4429 0.000134
4430 0.000077
4431 0.000138
4432 0.000150
4433 0.000086
4434 0.000082
4435 0.000095
4436 0.000074
4437 0.000028
4438 0.000091
4439 0.000173
4440 0.000046
4441 0.000128
4442 0.000209
4443 0.000110
4444 0.000163
4445 0.000095
4446 0.000027
4447 0.000118
4448 0.000063
4449 0.000024
4450 0.000176
4451 0.000179
4452 0.000106
4453 0.000080
4454 0.000115
4455 0.000130
4456 0.000164
4457 0.000100
4458 0.000064
4459 0.000049
4460 0.000058
4461 0.000160
4462 0.000085
4463 0.000056
4464 0.000175
4465 0.000065
4466 0.000129
4467 0.000100
4468 0.000046
4469 0.000065
4470 0.000105
4471 0.000130
4472 0.000065
4473 0.000105
4474 0.000018
4475 0.000181
4476 0.000130
4477 0.000050
4478 0.000163
4479 0.000082
4480 0.000096
4481 0.000058
4482 0.000101
4483 0.000134
4484 0.000040
4485 0.000104
4486 0.000131
4487 0.000066
4488 0.000086
4489 0.000045
4490 0.000116
4491 0.000115
4492 0.000147
4493 0.000049
4494 0.000071
4495 0.000121
4496 0.000050
4497 0.000102
4498 0.000108
4499 0.000093
4500 0.000048
4501 0.000121
4502 0.000107
4503 0.000091
4504 0.000117
4505 0.000105
4506 0.000100
4507 0.000061
4508 0.000089
4509 0.000062
4510 0.000102
4511 0.000126
4512 0.000122
4513 0.000105
4514 0.000092
4515 0.000048
4516 0.000108
4517 0.000211
4518 0.000106
4519 0.000057
4520 0.000131
4521 0.000027
4522 0.000025
4523 0.000039
4524 0.000086
4525 0.000076
4526 0.000108
4527 0.000030
4528 0.000109
4529 0.000124
4530 0.000082
4531 0.000076
4532 0.000191
4533 0.000055
4534 0.000133
4535 0.000114
4536 0.000202
4537 0.000166
4538 0.000101
4539 0.000087
4540 0.000085
4541 0.000093
4542 0.000082
4543 0.000127
4544 0.000080
4545 0.000115
4546 0.000072
4547 0.000078
4548 0.000035
4549 0.000027
4550 0.000130
4551 0.000083
4552 0.000222
4553 0.000063
4554 0.000140
4555 0.000065
4556 0.000057
4557 0.000184
4558 0.000084
4559 0.000113
4560 0.000053
4561 0.000106
4562 0.000064
4563 0.000053
4564 0.000062
4565 0.000097
4566 0.000056
4567 0.000039
4568 0.000024
4569 0.000228
4570 0.000213
4571 0.000027
4572 0.000052
4573 0.000119
4574 0.000063
4575 0.000151
4576 0.000137
4577 0.000161
4578 0.000169
4579 0.000090
4580 0.000128
4581 0.000196
4582 0.000089
4583 0.000123
4584 0.000037
4585 0.000119
4586 0.000110
4587 0.000050
4588 0.000104
4589 0.000159
4590 0.000088
4591 0.000070
4592 0.000081
4593 0.000097
4594 0.000099
4595 0.000166
4596 0.000111
4597 0.000051
4598 0.000035
4599 0.000105
4600 0.000058
4601 0.000083
4602 0.000051
4603 0.000154
4604 0.000131
4605 0.000197
4606 0.000069
4607 0.000064
4608 0.000184
4609 0.000015
4610 0.000123
4611 0.000046
4612 0.000043
4613 0.000140
4614 0.000155
4615 0.000135
4616 0.000015
4617 0.000035
4618 0.000077
4619 0.000094
4620 0.000074
4621 0.000066
4622 0.000111
4623 0.000095
4624 0.000133
4625 0.000015
4626 0.000072
4627 0.000070
4628 0.000111
4629 0.000066
4630 0.000139
4631 0.000078
4632 0.000058
4633 0.000078
4634 0.000239
4635 0.000129
4636 0.000137
4637 0.000208
4638 0.000096
4639 0.000162
4640 0.000128
4641 0.000025
4642 0.000100
4643 0.000130
4644 0.000106
4645 0.000039
4646 0.000105
4647 0.000062
4648 0.000078
4649 0.000076
4650 0.000071
4651 0.000216
4652 0.000031
4653 0.000020
4654 0.000062
4655 0.000064
4656 0.000039
4657 0.000148
4658 0.000284
4659 0.000190
4660 0.000164
4661 0.000085
4662 0.000105
4663 0.000113
4664 0.000120
4665 0.000074
4666 0.000068
4667 0.000108
4668 0.000071
4669 0.000137
4670 0.000134
4671 0.000108
4672 0.000047
4673 0.000180
4674 0.000041
4675 0.000104
4676 0.000061
4677 0.000079
4678 0.000097
4679 0.000051
4680 0.000109
4681 0.000099
4682 0.000084
4683 0.000165
4684 0.000051
4685 0.000116
4686 0.000073
4687 0.000166
4688 0.000146
4689 0.000178
4690 0.000106
4691 0.000142
4692 0.000043
4693 0.000134
4694 0.000071
4695 0.000147
4696 0.000087
4697 0.000135
4698 0.000108
4699 0.000197
4700 0.000205
4701 0.000054
4702 0.000087
4703 0.000033
4704 0.000065
4705 0.000122
4706 0.000117
4707 0.000123
4708 0.000048
4709 0.000198
4710 0.000065
4711 0.000112
4712 0.000113
4713 0.000024
4714 0.000141
4715 0.000056
4716 0.000148
4717 0.000177
4718 0.000126
4719 0.000133
4720 0.000164
4721 0.000067
4722 0.000103
4723 0.000125
4724 0.000100
4725 0.000116
4726 0.000089
4727 0.000077
4728 0.000088
4729 0.000120
4730 0.000115
4731 0.000107
4732 0.000047
4733 0.000089
4734 0.000127
4735 0.000088
4736 0.000092
4737 0.000062
4738 0.000110
4739 0.000190
4740 0.000101
4741 0.000049
4742 0.000076
4743 0.000081
4744 0.000058
4745 0.000067
4746 0.000117
4747 0.000046
4748 0.000140
4749 0.000089
4750 0.000062
4751 0.000066
4752 0.000060
4753 0.000081
4754 0.000062
4755 0.000246
4756 0.000074
4757 0.000157
4758 0.000096
4759 0.000061
4760 0.000136
4761 0.000098
4762 0.000135
4763 0.000058
4764 0.000150
4765 0.000061
4766 0.000177
4767 0.000062
4768 0.000091
4769 0.000078
4770 0.000118
4771 0.000052
4772 0.000096
4773 0.000104
4774 0.000171
4775 0.000062
4776 0.000058
4777 0.000242
4778 0.000157
4779 0.000110
4780 0.000044
4781 0.000075
4782 0.000103
4783 0.000061
4784 0.000139
4785 0.000083
4786 0.000191
4787 0.000064
4788 0.000129
4789 0.000049
4790 0.000120
4791 0.000086
4792 0.000084
4793 0.000186
4794 0.000058
4795 0.000158
4796 0.000069
4797 0.000124
4798 0.000055
4799 0.000071
4800 0.000069
4801 0.000114
4802 0.000046
4803 0.000105
4804 0.000102
4805 0.000144
4806 0.000094
4807 0.000187
4808 0.000131
4809 0.000097
4810 0.000070
4811 0.000092
4812 0.000127
4813 0.000036
4814 0.000105
4815 0.000211
4816 0.000102
4817 0.000126
4818 0.000099
4819 0.000063
4820 0.000093
4821 0.000064
4822 0.000089
4823 0.000079
4824 0.000078
4825 0.000114
4826 0.000186
4827 0.000161
4828 0.000122
4829 0.000066
4830 0.000183
4831 0.000108
4832 0.000130
4833 0.000051
4834 0.000056
4835 0.000174
4836 0.000122
4837 0.000083
4838 0.000034
4839 0.000073
4840 0.000028
4841 0.000162
4842 0.000142
4843 0.000109
4844 0.000110
4845 0.000063
4846 0.000120
4847 0.000087
4848 0.000176
4849 0.000083
4850 0.000142
4851 0.000129
4852 0.000158
4853 0.000110
4854 0.000122
4855 0.000024
4856 0.000089
4857 0.000048
4858 0.000044
4859 0.000056
4860 0.000226
4861 0.000068
4862 0.000081
4863 0.000179
4864 0.000167
4865 0.000106
4866 0.000076
4867 0.000126
4868 0.000065
4869 0.000058
4870 0.000046
4871 0.000059
4872 0.000162
4873 0.000097
4874 0.000072
4875 0.000109
4876 0.000040
4877 0.000173
4878 0.000072
4879 0.000189
4880 0.000082
4881 0.000045
4882 0.000073
4883 0.000096
4884 0.000077
4885 0.000082
4886 0.000084
4887 0.000097
4888 0.000078
4889 0.000061
4890 0.000018
4891 0.000066
4892 0.000028
4893 0.000126
4894 0.000068
4895 0.000108
4896 0.000240
4897 0.000158
4898 0.000103
4899 0.000106
4900 0.000201
4901 0.000032
4902 0.000072
4903 0.000087
4904 0.000110
4905 0.000113
4906 0.000164
4907 0.000096
4908 0.000119
4909 0.000055
4910 0.000033
4911 0.000060
4912 0.000042
4913 0.000056
4914 0.000109
4915 0.000054
4916 0.000055
4917 0.000233
4918 0.000120
4919 0.000073
4920 0.000065
4921 0.000145
4922 0.000077
4923 0.000057
4924 0.000077
4925 0.000109
4926 0.000071
4927 0.000053
4928 0.000185
4929 0.000107
4930 0.000103
4931 0.000108
4932 0.000025
4933 0.000170
4934 0.000058
4935 0.000051
4936 0.000095
4937 0.000069
4938 0.000143
4939 0.000160
4940 0.000074
4941 0.000042
4942 0.000146
4943 0.000150
4944 0.000116
4945 0.000088
4946 0.000061
4947 0.000111
4948 0.000042
4949 0.000128
4950 0.000133
4951 0.000150
4952 0.000055
4953 0.000048
4954 0.000071
4955 0.000106
4956 0.000152
4957 0.000074
4958 0.000139
4959 0.000116
4960 0.000108
4961 0.000097
4962 0.000125
4963 0.000089
4964 0.000047
4965 0.000051
4966 0.000111
4967 0.000069
4968 0.000120
4969 0.000134
4970 0.000119
4971 0.000157
4972 0.000076
4973 0.000122
4974 0.000226
4975 0.000051
4976 0.000038
4977 0.000095
4978 0.000105
4979 0.000102
4980 0.000015
4981 0.000118
4982 0.000066
4983 0.000107
4984 0.000034
4985 0.000107
4986 0.000118
4987 0.000078
4988 0.000070
4989 0.000095
4990 0.000125
4991 0.000073
4992 0.000108
4993 0.000025
4994 0.000085
4995 0.000128
4996 0.000165
4997 0.000079
4998 0.000077
4999 0.000067
5000 0.000157
5001 0.000139
5002 0.000100
5003 0.000096
5004 0.000163
5005 0.000116
5006 0.000101
5007 0.000067
5008 0.000208
5009 0.000089
5010 0.000080
5011 0.000057
5012 0.000136
5013 0.000084
5014 0.000049
5015 0.000189
5016 0.000128
5017 0.000140
5018 0.000053
5019 0.000085
5020 0.000117
5021 0.000247
5022 0.000061
5023 0.000072
5024 0.000037
5025 0.000106
5026 0.000095
5027 0.000080
5028 0.000057
5029 0.000138
5030 0.000086
5031 0.000113
5032 0.000187
5033 0.000090
5034 0.000056
5035 0.000096
5036 0.000107
5037 0.000112
5038 0.000045
5039 0.000138
5040 0.000174
5041 0.000171
5042 0.000145
5043 0.000032
5044 0.000134
5045 0.000088
5046 0.000099
5047 0.000154
5048 0.000117
5049 0.000099
5050 0.000028
5051 0.000141
5052 0.000090
5053 0.000115
5054 0.000092
5055 0.000176
5056 0.000073
5057 0.000057
5058 0.000123
5059 0.000120
5060 0.000077
5061 0.000021
5062 0.000130
5063 0.000036
5064 0.000096
5065 0.000141
5066 0.000100
5067 0.000059
5068 0.000090
5069 0.000095
5070 0.000153
5071 0.000068
5072 0.000148
5073 0.000266
5074 0.000163
5075 0.000160
5076 0.000125
5077 0.000068
5078 0.000075
5079 0.000054
5080 0.000049
5081 0.000081
5082 0.000141
5083 0.000114
5084 0.000077
5085 0.000062
5086 0.000058
5087 0.000069
5088 0.000109
5089 0.000042
5090 0.000109
5091 0.000192
5092 0.000147
5093 0.000104
5094 0.000134
5095 0.000140
5096 0.000109
5097 0.000158
5098 0.000176
5099 0.000166
5100 0.000117
5101 0.000095
5102 0.000099
5103 0.000069
5104 0.000194
5105 0.000120
5106 0.000045
5107 0.000080
5108 0.000114
5109 0.000087
5110 0.000115
5111 0.000102
5112 0.000079
5113 0.000070
5114 0.000072
5115 0.000020
5116 0.000015
5117 0.000061
5118 0.000059
5119 0.000174
5120 0.000183
5121 0.000054
5122 0.000194
5123 0.000075
5124 0.000157
5125 0.000063
5126 0.000131
5127 0.000151
5128 0.000050
5129 0.000076
5130 0.000063
5131 0.000161
5132 0.000119
5133 0.000109
5134 0.000160
5135 0.000054
5136 0.000081
5137 0.000118
5138 0.000087
5139 0.000181
5140 0.000112
5141 0.000077
5142 0.000119
5143 0.000063
5144 0.000098
5145 0.000179
5146 0.000118
5147 0.000109
5148 0.000097
5149 0.000106
5150 0.000075
5151 0.000065
5152 0.000029
5153 0.000054
5154 0.000077
5155 0.000072
5156 0.000116
5157 0.000078
5158 0.000083
5159 0.000047
5160 0.000021
5161 0.000120
5162 0.000015
5163 0.000035
5164 0.000292
5165 0.000054
5166 0.000100
5167 0.000106
5168 0.000128
5169 0.000114
5170 0.000100
5171 0.000068
5172 0.000265
5173 0.000087
5174 0.000178
5175 0.000052
5176 0.000091
5177 0.000098
5178 0.000158
5179 0.000133
5180 0.000242
5181 0.000144
5182 0.000088
5183 0.000113
5184 0.000101
5185 0.000125
5186 0.000072
5187 0.000141
5188 0.000110
5189 0.000109
5190 0.000099
5191 0.000067
5192 0.000287
5193 0.000174
5194 0.000163
5195 0.000053
5196 0.000117
5197 0.000059
5198 0.000123
5199 0.000137
5200 0.000144
5201 0.000164
5202 0.000108
5203 0.000224
5204 0.000077
5205 0.000115
5206 0.000164
5207 0.000137
5208 0.000193
5209 0.000087
5210 0.000100
5211 0.000069
5212 0.000020
5213 0.000153
5214 0.000214
5215 0.000105
5216 0.000142
5217 0.000038
5218 0.000119
5219 0.000142
5220 0.000044
5221 0.000139
5222 0.000060
5223 0.000060
5224 0.000176
5225 0.000093
5226 0.000104
5227 0.000166
5228 0.000080
5229 0.000144
5230 0.000159
5231 0.000071
5232 0.000089
5233 0.000103
5234 0.000051
5235 0.000177
5236 0.000113
5237 0.000053
5238 0.000072
5239 0.000091
5240 0.000100
5241 0.000095
5242 0.000056
5243 0.000162
5244 0.000106
5245 0.000050
5246 0.000088
5247 0.000217
5248 0.000152
5249 0.000083
5250 0.000144
5251 0.000128
5252 0.000206
5253 0.000070
5254 0.000124
5255 0.000075
5256 0.000059
5257 0.000109
5258 0.000127
5259 0.000090
5260 0.000035
5261 0.000078
5262 0.000101
5263 0.000074
5264 0.000131
5265 0.000067
5266 0.000057
5267 0.000035
5268 0.000135
5269 0.000141
5270 0.000100
5271 0.000181
5272 0.000057
5273 0.000111
5274 0.000121
5275 0.000097
5276 0.000087
5277 0.000119
5278 0.000083
5279 0.000038
5280 0.000117
5281 0.000122
5282 0.000162
5283 0.000096
5284 0.000078
5285 0.000030
5286 0.000098
5287 0.000176
5288 0.000127
5289 0.000132
5290 0.000058
5291 0.000070
5292 0.000150
5293 0.000137
5294 0.000136
5295 0.000128
5296 0.000108
5297 0.000079
5298 0.000045
5299 0.000056
5300 0.000150
5301 0.000064
5302 0.000115
5303 0.000127
5304 0.000061
5305 0.000185
5306 0.000174
5307 0.000099
5308 0.000092
5309 0.000112
5310 0.000106
5311 0.000251
5312 0.000075
5313 0.000117
5314 0.000078
5315 0.000099
5316 0.000052
5317 0.000080
5318 0.000142
5319 0.000150
5320 0.000355
5321 0.000080
5322 0.000052
5323 0.000077
5324 0.000170
5325 0.000054
5326 0.000054
5327 0.000040
5328 0.000129
5329 0.000047
5330 0.000054
5331 0.000073
5332 0.000112
5333 0.000015
5334 0.000110
5335 0.000042
5336 0.000106
5337 0.000080
5338 0.000087
5339 0.000048
5340 0.000124
5341 0.000137
5342 0.000046
5343 0.000104
5344 0.000076
5345 0.000044
5346 0.000070
5347 0.000092
5348 0.000122
5349 0.000137
5350 0.000123
5351 0.000130
5352 0.000119
5353 0.000183
5354 0.000168
5355 0.000158
5356 0.000130
5357 0.000117
5358 0.000202
5359 0.000165
5360 0.000087
5361 0.000189
5362 0.000127
5363 0.000096
5364 0.000067
5365 0.000096
5366 0.000024
5367 0.000073
5368 0.000086
5369 0.000131
5370 0.000106
5371 0.000131
5372 0.000066
5373 0.000042
5374 0.000063
5375 0.000096
5376 0.000089
5377 0.000100
5378 0.000126
5379 0.000103
5380 0.000072
5381 0.000096
5382 0.000106
5383 0.000070
5384 0.000113
5385 0.000088
5386 0.000062
5387 0.000102
5388 0.000051
5389 0.000102
5390 0.000047
5391 0.000112
5392 0.000127
5393 0.000144
5394 0.000026
5395 0.000104
5396 0.000053
5397 0.000081
5398 0.000058
5399 0.000051
5400 0.000154
5401 0.000103
5402 0.000064
5403 0.000015
5404 0.000119
5405 0.000138
5406 0.000153
5407 0.000045
5408 0.000237
5409 0.000083
5410 0.000129
5411 0.000037
5412 0.000119
5413 0.000112
5414 0.000067
5415 0.000108
5416 0.000215
5417 0.000130
5418 0.000045
5419 0.000105
5420 0.000142
5421 0.000028
5422 0.000137
5423 0.000051
5424 0.000056
5425 0.000107
5426 0.000133
5427 0.000040
5428 0.000129
5429 0.000157
5430 0.000049
5431 0.000099
5432 0.000064
5433 0.000109
5434 0.000079
5435 0.000070
5436 0.000101
5437 0.000072
5438 0.000096
5439 0.000118
5440 0.000062
5441 0.000067
5442 0.000137
5443 0.000076
5444 0.000077
5445 0.000124
5446 0.000060
5447 0.000116
5448 0.000095
5449 0.000075
5450 0.000094
5451 0.000177
5452 0.000134
5453 0.000194
5454 0.000069
5455 0.000070
5456 0.000067
5457 0.000021
5458 0.000052
5459 0.000079
5460 0.000092
5461 0.000087
5462 0.000094
5463 0.000029
5464 0.000046
5465 0.000143
5466 0.000176
5467 0.000042
5468 0.000025
5469 0.000135
5470 0.000089
5471 0.000135
5472 0.000052
5473 0.000233
5474 0.000045
5475 0.000110
5476 0.000097
5477 0.000136
5478 0.000120
5479 0.000245
5480 0.000053
5481 0.000077
5482 0.000095
5483 0.000077
5484 0.000076
5485 0.000114
5486 0.000077
5487 0.000164
5488 0.000064
5489 0.000097
5490 0.000053
5491 0.000195
5492 0.000095
5493 0.000124
5494 0.000093
5495 0.000201
5496 0.000059
5497 0.000203
5498 0.000093
5499 0.000171
5500 0.000094
5501 0.000070
5502 0.000074
5503 0.000112
5504 0.000139
5505 0.000074
5506 0.000083
5507 0.000071
5508 0.000137
5509 0.000015
5510 0.000112
5511 0.000118
5512 0.000115
5513 0.000133
5514 0.000126
5515 0.000029
5516 0.000043
5517 0.000060
5518 0.000086
5519 0.000128
5520 0.000118
5521 0.000114
5522 0.000074
5523 0.000086
5524 0.000065
5525 0.000102
5526 0.000090
5527 0.000132
5528 0.000091
5529 0.000050
5530 0.000107
5531 0.000071
5532 0.000118
5533 0.000106
5534 0.000099
5535 0.000084
5536 0.000247
5537 0.000064
5538 0.000076
5539 0.000089
5540 0.000088
5541 0.000119
5542 0.000119
5543 0.000167
5544 0.000120
5545 0.000123
5546 0.000154
5547 0.000130
5548 0.000089
5549 0.000047
5550 0.000096
5551 0.000015
5552 0.000067
5553 0.000045
5554 0.000094
5555 0.000048
5556 0.000110
5557 0.000112
5558 0.000092
5559 0.000085
5560 0.000076
5561 0.000122
5562 0.000084
5563 0.000078
5564 0.000076
5565 0.000173
5566 0.000231
5567 0.000069
5568 0.000057
5569 0.000140
5570 0.000042
5571 0.000105
5572 0.000033
5573 0.000046
5574 0.000090
5575 0.000103
5576 0.000155
5577 0.000184
5578 0.000089
5579 0.000092
5580 0.000069
5581 0.000053
5582 0.000105
5583 0.000065
5584 0.000025
5585 0.000132
5586 0.000079
5587 0.000118
5588 0.000066
5589 0.000049
5590 0.000122
5591 0.000025
5592 0.000127
5593 0.000104
5594 0.000075
5595 0.000081
5596 0.000142
5597 0.000255
5598 0.000125
5599 0.000108
5600 0.000051
5601 0.000040
5602 0.000137
5603 0.000062
5604 0.000150
5605 0.000058
5606 0.000079
5607 0.000087
5608 0.000050
5609 0.000115
5610 0.000084
5611 0.000080
5612 0.000116
5613 0.000151
5614 0.000072
5615 0.000195
5616 0.000076
5617 0.000071
5618 0.000028
5619 0.000064
5620 0.000033
5621 0.000108
5622 0.000055
5623 0.000059
5624 0.000146
5625 0.000090
5626 0.000123
5627 0.000135
5628 0.000080
5629 0.000096
5630 0.000060
5631 0.000058
5632 0.000130
5633 0.000111
5634 0.000059
5635 0.000129
5636 0.000015
5637 0.000068
5638 0.000052
5639 0.000020
5640 0.000150
5641 0.000099
5642 0.000126
5643 0.000116
5644 0.000159
5645 0.000156
5646 0.000055
5647 0.000226
5648 0.000079
5649 0.000029
5650 0.000074
5651 0.000189
5652 0.000068
5653 0.000340
5654 0.000120
5655 0.000132
5656 0.000101
5657 0.000069
5658 0.000117
5659 0.000046
5660 0.000118
5661 0.000134
5662 0.000173
5663 0.000026
5664 0.000042
5665 0.000092
5666 0.000191
5667 0.000045
5668 0.000078
5669 0.000133
5670 0.000056
5671 0.000081
5672 0.000071
5673 0.000073
5674 0.000094
5675 0.000123
5676 0.000089
5677 0.000117
5678 0.000135
5679 0.000087
5680 0.000059
5681 0.000052
5682 0.000069
5683 0.000071
5684 0.000118
5685 0.000068
5686 0.000035
5687 0.000076
5688 0.000071
5689 0.000095
5690 0.000140
5691 0.000028
5692 0.000083
5693 0.000053
5694 0.000054
5695 0.000057
5696 0.000133
5697 0.000098
5698 0.000115
5699 0.000057
5700 0.000050
5701 0.000113
5702 0.000025
5703 0.000104
5704 0.000071
5705 0.000049
5706 0.000111
5707 0.000124
5708 0.000139
5709 0.000182
5710 0.000175
5711 0.000085
5712 0.000086
5713 0.000118
5714 0.000037
5715 0.000188
5716 0.000075
5717 0.000030
5718 0.000024
5719 0.000153
5720 0.000129
5721 0.000123
5722 0.000233
5723 0.000097
5724 0.000112
5725 0.000082
5726 0.000033
5727 0.000046
5728 0.000020
5729 0.000050
5730 0.000097
5731 0.000080
5732 0.000084
5733 0.000050
5734 0.000079
5735 0.000150
5736 0.000159
5737 0.000202
5738 0.000197
5739 0.000106
5740 0.000171
5741 0.000077
5742 0.000133
5743 0.000049
5744 0.000071
5745 0.000155
5746 0.000140
5747 0.000097
5748 0.000086
5749 0.000046
5750 0.000093
5751 0.000087
5752 0.000055
5753 0.000084
5754 0.000091
5755 0.000265
5756 0.000200
5757 0.000199
5758 0.000224
5759 0.000035
5760 0.000047
5761 0.000147
5762 0.000109
5763 0.000087
5764 0.000056
5765 0.000039
5766 0.000192
5767 0.000161
5768 0.000049
5769 0.000063
5770 0.000171
5771 0.000064
5772 0.000116
5773 0.000086
5774 0.000071
5775 0.000028
5776 0.000097
5777 0.000105
5778 0.000212
5779 0.000074
5780 0.000142
5781 0.000110
5782 0.000054
5783 0.000102
5784 0.000064
5785 0.000027
5786 0.000078
5787 0.000106
5788 0.000023
5789 0.000122
5790 0.000119
5791 0.000044
5792 0.000110
5793 0.000138
5794 0.000055
5795 0.000096
5796 0.000015
5797 0.000042
5798 0.000090
5799 0.000133
5800 0.000021
5801 0.000112
5802 0.000102
5803 0.000188
5804 0.000073
5805 0.000094
5806 0.000035
5807 0.000036
5808 0.000103
5809 0.000118
5810 0.000070
5811 0.000110
5812 0.000066
5813 0.000077
5814 0.000075
5815 0.000184
5816 0.000048
5817 0.000084
5818 0.000038
5819 0.000075
5820 0.000059
5821 0.000023
5822 0.000081
5823 0.000124
5824 0.000077
5825 0.000152
5826 0.000126
5827 0.000058
5828 0.000167
5829 0.000142
5830 0.000155
5831 0.000120
5832 0.000093
5833 0.000118
5834 0.000050
5835 0.000065
5836 0.000188
5837 0.000038
5838 0.000169
5839 0.000171
5840 0.000053
5841 0.000071
5842 0.000094
5843 0.000178
5844 0.000062
5845 0.000114
5846 0.000108
5847 0.000074
5848 0.000183
5849 0.000158
5850 0.000088
5851 0.000121
5852 0.000103
5853 0.000106
5854 0.000073
5855 0.000108
5856 0.000100
5857 0.000041
5858 0.000067
5859 0.000174
5860 0.000090
5861 0.000068
5862 0.000050
5863 0.000040
5864 0.000081
5865 0.000030
5866 0.000156
5867 0.000072
5868 0.000125
5869 0.000108
5870 0.000096
5871 0.000038
5872 0.000086
5873 0.000164
5874 0.000090
5875 0.000053
5876 0.000104
5877 0.000162
5878 0.000081
5879 0.000067
5880 0.000179
5881 0.000092
5882 0.000236
5883 0.000186
5884 0.000081
5885 0.000125
5886 0.000088
5887 0.000155
5888 0.000128
5889 0.000144
5890 0.000135
5891 0.000190
5892 0.000205
5893 0.000096
5894 0.000077
5895 0.000076
5896 0.000055
5897 0.000106
5898 0.000099
5899 0.000029
5900 0.000173
5901 0.000056
5902 0.000110
5903 0.000139
5904 0.000076
5905 0.000107
5906 0.000072
5907 0.000098
5908 0.000044
5909 0.000066
5910 0.000090
5911 0.000026
5912 0.000113
5913 0.000081
5914 0.000076
5915 0.000089
5916 0.000132
5917 0.000121
5918 0.000099
5919 0.000079
5920 0.000105
5921 0.000074
5922 0.000145
5923 0.000149
5924 0.000121
5925 0.000073
5926 0.000042
5927 0.000061
5928 0.000074
5929 0.000153
5930 0.000074
5931 0.000095
5932 0.000170
5933 0.000069
5934 0.000169
5935 0.000170
5936 0.000067
5937 0.000123
5938 0.000128
5939 0.000130
5940 0.000127
5941 0.000057
5942 0.000067
5943 0.000049
5944 0.000026
5945 0.000035
5946 0.000097
5947 0.000037
5948 0.000155
5949 0.000128
5950 0.000115
5951 0.000054
5952 0.000071
5953 0.000075
5954 0.000067
5955 0.000110
5956 0.000090
5957 0.000070
5958 0.000089
5959 0.000076
5960 0.000022
5961 0.000135
5962 0.000209
5963 0.000089
5964 0.000124
5965 0.000050
5966 0.000075
5967 0.000104
5968 0.000160
5969 0.000030
5970 0.000108
5971 0.000057
5972 0.000189
5973 0.000088
5974 0.000116
5975 0.000186
5976 0.000127
5977 0.000034
5978 0.000093
5979 0.000083
5980 0.000077
5981 0.000162
5982 0.000090
5983 0.000139
5984 0.000104
5985 0.000093
5986 0.000105
5987 0.000125
5988 0.000122
5989 0.000083
5990 0.000137
5991 0.000062
5992 0.000052
5993 0.000081
5994 0.000094
5995 0.000102
5996 0.000069
5997 0.000090
5998 0.000133
5999 0.000131
6000 0.000168
6001 0.000076
6002 0.000041
6003 0.000103
6004 0.000085
6005 0.000146
6006 0.000080
6007 0.000124
6008 0.000067
6009 0.000066
6010 0.000189
6011 0.000080
6012 0.000085
6013 0.000139
6014 0.000164
6015 0.000069
6016 0.000124
6017 0.000144
6018 0.000158
6019 0.000105
6020 0.000118
6021 0.000084
6022 0.000105
6023 0.000097
6024 0.000095
6025 0.000020
6026 0.000176
6027 0.000100
6028 0.000118
6029 0.000074
6030 0.000067
6031 0.000080
6032 0.000113
6033 0.000083
6034 0.000063
6035 0.000093
6036 0.000145
6037 0.000083
6038 0.000166
6039 0.000137
6040 0.000064
6041 0.000181
6042 0.000194
6043 0.000171
6044 0.000095
6045 0.000092
6046 0.000179
6047 0.000098
6048 0.000086
6049 0.000065
6050 0.000066
6051 0.000123
6052 0.000064
6053 0.000155
6054 0.000106
6055 0.000166
6056 0.000036
6057 0.000076
6058 0.000081
6059 0.000182
6060 0.000092
6061 0.000055
6062 0.000045
6063 0.000099
6064 0.000111
6065 0.000129
6066 0.000060
6067 0.000131
6068 0.000087
6069 0.000135
6070 0.000058
6071 0.000050
6072 0.000048
6073 0.000137
6074 0.000095
6075 0.000136
6076 0.000200
6077 0.000129
6078 0.000056
6079 0.000107
6080 0.000078
6081 0.000108
6082 0.000043
6083 0.000103
6084 0.000054
6085 0.000054
6086 0.000188
6087 0.000156
6088 0.000295
6089 0.000192
6090 0.000109
6091 0.000180
6092 0.000091
6093 0.000081
6094 0.000063
6095 0.000098
6096 0.000047
6097 0.000098
6098 0.000110
6099 0.000110
6100 0.000137
6101 0.000032
6102 0.000138
6103 0.000050
6104 0.000123
6105 0.000105
6106 0.000124
6107 0.000037
6108 0.000176
6109 0.000122
6110 0.000038
6111 0.000124
6112 0.000048
6113 0.000088
6114 0.000193
6115 0.000080
6116 0.000136
6117 0.000066
6118 0.000085
6119 0.000212
6120 0.000134
6121 0.000128
6122 0.000090
6123 0.000043
6124 0.000162
6125 0.000104
6126 0.000080
6127 0.000201
6128 0.000127
6129 0.000123
6130 0.000058
6131 0.000067
6132 0.000137
6133 0.000046
6134 0.000049
6135 0.000081
6136 0.000087
6137 0.000015
6138 0.000121
6139 0.000066
6140 0.000053
6141 0.000072
6142 0.000046
6143 0.000141
6144 0.000151
6145 0.000037
6146 0.000033
6147 0.000070
6148 0.000040
6149 0.000151
6150 0.000071
6151 0.000113
6152 0.000066
6153 0.000050
6154 0.000073
6155 0.000096
6156 0.000129
6157 0.000102
6158 0.000058
6159 0.000133
6160 0.000108
6161 0.000108
6162 0.000076
6163 0.000057
6164 0.000070
6165 0.000146
6166 0.000098
6167 0.000028
6168 0.000073
6169 0.000102
6170 0.000096
6171 0.000164
6172 0.000158
6173 0.000054
6174 0.000036
6175 0.000058
6176 0.000109
6177 0.000066
6178 0.000124
6179 0.000063
6180 0.000090
6181 0.000102
6182 0.000072
6183 0.000112
6184 0.000042
6185 0.000070
6186 0.000167
6187 0.000162
6188 0.000093
6189 0.000156
6190 0.000191
6191 0.000230
6192 0.000052
6193 0.000049
6194 0.000043
6195 0.000085
6196 0.000109
6197 0.000043
6198 0.000140
6199 0.000058
6200 0.000131
6201 0.000129
6202 0.000191
6203 0.000042
6204 0.000137
6205 0.000080
6206 0.000015
6207 0.000077
6208 0.000055
6209 0.000064
6210 0.000129
6211 0.000157
6212 0.000112
6213 0.000078
6214 0.000094
6215 0.000105
6216 0.000032
6217 0.000068
6218 0.000167
6219 0.000118
6220 0.000129
6221 0.000083
6222 0.000107
6223 0.000093
6224 0.000123
6225 0.000079
6226 0.000071
6227 0.000080
6228 0.000063
6229 0.000122
6230 0.000118
6231 0.000216
6232 0.000031
6233 0.000130
6234 0.000090
6235 0.000084
6236 0.000102
6237 0.000150
6238 0.000036
6239 0.000062
6240 0.000104
6241 0.000061
6242 0.000091
6243 0.000137
6244 0.000117
6245 0.000145
6246 0.000124
6247 0.000104
6248 0.000146
6249 0.000198
6250 0.000139
6251 0.000083
6252 0.000079
6253 0.000200
6254 0.000062
6255 0.000236
6256 0.000080
6257 0.000097
6258 0.000108
6259 0.000115
6260 0.000089
6261 0.000103
6262 0.000183
6263 0.000090
6264 0.000103
6265 0.000105
6266 0.000067
6267 0.000121
6268 0.000098
6269 0.000103
6270 0.000084
6271 0.000089
6272 0.000058
6273 0.000084
6274 0.000100
6275 0.000095
6276 0.000170
6277 0.000067
6278 0.000186
6279 0.000047
6280 0.000105
6281 0.000149
6282 0.000132
6283 0.000134
6284 0.000256
6285 0.000071
6286 0.000091
6287 0.000077
6288 0.000088
6289 0.000090
6290 0.000039
6291 0.000059
6292 0.000160
6293 0.000103
6294 0.000015
6295 0.000183
6296 0.000035
6297 0.000162
6298 0.000033
6299 0.000095
6300 0.000148
6301 0.000091
6302 0.000102
6303 0.000070
6304 0.000049
6305 0.000043
6306 0.000086
6307 0.000114
6308 0.000078
6309 0.000055
6310 0.000119
6311 0.000159
6312 0.000137
6313 0.000141
6314 0.000020
6315 0.000031
6316 0.000117
6317 0.000185
6318 0.000086
6319 0.000103
6320 0.000201
6321 0.000075
6322 0.000140
6323 0.000080
6324 0.000087
6325 0.000015
6326 0.000103
6327 0.000079
6328 0.000081
6329 0.000070
6330 0.000123
6331 0.000165
6332 0.000141
6333 0.000094
6334 0.000107
6335 0.000104
6336 0.000070
6337 0.000113
6338 0.000146
6339 0.000015
6340 0.000099
6341 0.000124
6342 0.000135
6343 0.000136
6344 0.000056
6345 0.000077
6346 0.000172
6347 0.000092
6348 0.000103
6349 0.000137
6350 0.000079
6351 0.000085
6352 0.000083
6353 0.000050
6354 0.000238
6355 0.000088
6356 0.000046
6357 0.000107
6358 0.000123
6359 0.000168
6360 0.000103
6361 0.000117
6362 0.000136
6363 0.000080
6364 0.000050
6365 0.000057
6366 0.000076
6367 0.000071
6368 0.000070
6369 0.000091
6370 0.000096
6371 0.000082
6372 0.000084
6373 0.000078
6374 0.000096
6375 0.000167
6376 0.000071
6377 0.000112
6378 0.000115
6379 0.000073
6380 0.000085
6381 0.000050
6382 0.000132
6383 0.000116
6384 0.000194
6385 0.000028
6386 0.000179
6387 0.000135
6388 0.000135
6389 0.000113
6390 0.000101
6391 0.000101
6392 0.000106
6393 0.000119
6394 0.000061
6395 0.000120
6396 0.000133
6397 0.000149
6398 0.000074
6399 0.000194
6400 0.000153
6401 0.000048
6402 0.000111
6403 0.000104
6404 0.000142
6405 0.000096
6406 0.000101
6407 0.000112
6408 0.000133
6409 0.000245
6410 0.000107
6411 0.000112
6412 0.000140
6413 0.000094
6414 0.000095
6415 0.000089
6416 0.000019
6417 0.000087
6418 0.000126
6419 0.000033
6420 0.000060
6421 0.000102
6422 0.000084
6423 0.000103
6424 0.000107
6425 0.000095
6426 0.000071
6427 0.000078
6428 0.000112
6429 0.000059
6430 0.000091
6431 0.000165
6432 0.000067
6433 0.000082
6434 0.000167
6435 0.000106
6436 0.000114
6437 0.000052
6438 0.000218
6439 0.000131
6440 0.000054
6441 0.000080
6442 0.000043
6443 0.000173
6444 0.000129
6445 0.000054
6446 0.000168
6447 0.000099
6448 0.000201
6449 0.000102
6450 0.000126
6451 0.000056
6452 0.000056
6453 0.000087
6454 0.000052
6455 0.000106
6456 0.000168
6457 0.000164
6458 0.000128
6459 0.000109
6460 0.000104
6461 0.000145
6462 0.000085
6463 0.000054
6464 0.000101
6465 0.000150
6466 0.000093
6467 0.000050
6468 0.000046
6469 0.000143
6470 0.000130
6471 0.000095
6472 0.000234
6473 0.000050
6474 0.000144
6475 0.000049
6476 0.000133
6477 0.000092
6478 0.000148
6479 0.000295
6480 0.000029
6481 0.000154
6482 0.000106
6483 0.000089
6484 0.000123
6485 0.000047
6486 0.000100
6487 0.000150
6488 0.000064
6489 0.000171
6490 0.000115
6491 0.000105
6492 0.000281
6493 0.000094
6494 0.000096
6495 0.000201
6496 0.000109
6497 0.000073
6498 0.000080
6499 0.000173
6500 0.000111
6501 0.000064
6502 0.000111
6503 0.000015
6504 0.000176
6505 0.000072
6506 0.000095
6507 0.000063
6508 0.000155
6509 0.000111
6510 0.000102
6511 0.000043
6512 0.000100
6513 0.000059
6514 0.000178
6515 0.000060
6516 0.000108
6517 0.000175
6518 0.000065
6519 0.000064
6520 0.000126
6521 0.000108
6522 0.000152
6523 0.000111
6524 0.000128
6525 0.000062
6526 0.000046
6527 0.000093
6528 0.000152
6529 0.000129
6530 0.000214
6531 0.000186
6532 0.000075
6533 0.000035
6534 0.000110
6535 0.000035
6536 0.000108
6537 0.000129
6538 0.000057
6539 0.000055
6540 0.000060
6541 0.000165
6542 0.000057
6543 0.000059
6544 0.000089
6545 0.000062
6546 0.000086
6547 0.000097
6548 0.000161
6549 0.000038
6550 0.000108
6551 0.000083
6552 0.000077
6553 0.000030
6554 0.000122
6555 0.000099
6556 0.000063
6557 0.000106
6558 0.000150
6559 0.000216
6560 0.000038
6561 0.000067
6562 0.000125
6563 0.000091
6564 0.000070
6565 0.000066
6566 0.000084
6567 0.000208
6568 0.000076
6569 0.000144
6570 0.000091
6571 0.000085
6572 0.000038
6573 0.000069
6574 0.000138
6575 0.000114
6576 0.000015
6577 0.000046
6578 0.000068
6579 0.000154
6580 0.000072
6581 0.000055
6582 0.000064
6583 0.000083
6584 0.000070
6585 0.000139
6586 0.000053
6587 0.000125
6588 0.000106
6589 0.000055
6590 0.000139
6591 0.000104
6592 0.000106
6593 0.000185
6594 0.000107
6595 0.000205
6596 0.000122
6597 0.000059
6598 0.000097
6599 0.000125
6600 0.000083
6601 0.000134
6602 0.000070
6603 0.000128
6604 0.000090
6605 0.000121
6606 0.000037
6607 0.000188
6608 0.000114
6609 0.000086
6610 0.000043
6611 0.000154
6612 0.000070
6613 0.000083
6614 0.000078
6615 0.000076
6616 0.000059
6617 0.000052
6618 0.000086
6619 0.000231
6620 0.000030
6621 0.000080
6622 0.000094
6623 0.000094
6624 0.000153
6625 0.000095
6626 0.000124
6627 0.000212
6628 0.000038
6629 0.000076
6630 0.000066
6631 0.000084
6632 0.000025
6633 0.000078
6634 0.000217
6635 0.000127
6636 0.000139
6637 0.000099
6638 0.000056
6639 0.000060
6640 0.000141
6641 0.000060
6642 0.000051
6643 0.000167
6644 0.000116
6645 0.000220
6646 0.000109
6647 0.000119
6648 0.000057
6649 0.000108
6650 0.000033
6651 0.000100
6652 0.000063
6653 0.000035
6654 0.000090
6655 0.000232
6656 0.000112
6657 0.000079
6658 0.000135
6659 0.000050
6660 0.000106
6661 0.000053
6662 0.000030
6663 0.000143
6664 0.000155
6665 0.000071
6666 0.000069
6667 0.000057
6668 0.000045
6669 0.000023
6670 0.000117
6671 0.000141
6672 0.000067
6673 0.000092
6674 0.000058
6675 0.000068
6676 0.000185
6677 0.000090
6678 0.000111
6679 0.000062
6680 0.000264
6681 0.000113
6682 0.000090
6683 0.000149
6684 0.000067
6685 0.000071
6686 0.000077
6687 0.000029
6688 0.000229
6689 0.000104
6690 0.000196
6691 0.000071
6692 0.000113
6693 0.000064
6694 0.000094
6695 0.000100
6696 0.000079
6697 0.000182
6698 0.000089
6699 0.000051
6700 0.000149
6701 0.000196
6702 0.000084
6703 0.000096
6704 0.000216
6705 0.000114
6706 0.000060
6707 0.000116
6708 0.000073
6709 0.000107
6710 0.000156
6711 0.000226
6712 0.000092
6713 0.000143
6714 0.000085
6715 0.000044
6716 0.000108
6717 0.000091
6718 0.000075
6719 0.000119
6720 0.000110
6721 0.000054
6722 0.000054
6723 0.000131
6724 0.000048
6725 0.000064
6726 0.000073
6727 0.000075
6728 0.000066
6729 0.000067
6730 0.000050
6731 0.000246
6732 0.000101
6733 0.000157
6734 0.000187
6735 0.000111
6736 0.000098
6737 0.000194
6738 0.000130
6739 0.000046
6740 0.000062
6741 0.000153
6742 0.000127
6743 0.000117
6744 0.000042
6745 0.000054
6746 0.000096
6747 0.000070
6748 0.000098
6749 0.000101
6750 0.000104
6751 0.000032
6752 0.000097
6753 0.000074
6754 0.000060
6755 0.000118
6756 0.000075
6757 0.000058
6758 0.000135
6759 0.000135
6760 0.000050
6761 0.000129
6762 0.000119
6763 0.000077
6764 0.000080
6765 0.000065
6766 0.000035
6767 0.000095
6768 0.000111
6769 0.000149
6770 0.000100
6771 0.000041
6772 0.000115
6773 0.000144
6774 0.000096
6775 0.000074
6776 0.000069
6777 0.000079
6778 0.000090
6779 0.000183
6780 0.000107
6781 0.000263
6782 0.000105
6783 0.000072
6784 0.000040
6785 0.000192
6786 0.000106
6787 0.000063
6788 0.000097
6789 0.000121
6790 0.000145
6791 0.000124
6792 0.000094
6793 0.000053
6794 0.000076
6795 0.000133
6796 0.000149
6797 0.000088
6798 0.000108
6799 0.000076
6800 0.000116
6801 0.000142
6802 0.000085
6803 0.000083
6804 0.000073
6805 0.000099
6806 0.000082
6807 0.000131
6808 0.000343
6809 0.000034
6810 0.000055
6811 0.000087
6812 0.000034
6813 0.000142
6814 0.000082
6815 0.000186
6816 0.000074
6817 0.000114
6818 0.000138
6819 0.000062
6820 0.000034
6821 0.000025
6822 0.000164
6823 0.000038
6824 0.000141
6825 0.000069
6826 0.000169
6827 0.000199
6828 0.000123
6829 0.000060
6830 0.000127
6831 0.000060
6832 0.000095
6833 0.000116
6834 0.000055
6835 0.000079
6836 0.000208
6837 0.000075
6838 0.000085
6839 0.000174
6840 0.000027
6841 0.000079
6842 0.000146
6843 0.000073
6844 0.000072
6845 0.000156
6846 0.000082
6847 0.000046
6848 0.000179
6849 0.000113
6850 0.000088
6851 0.000116
6852 0.000097
6853 0.000045
6854 0.000095
6855 0.000050
6856 0.000095
6857 0.000049
6858 0.000192
6859 0.000133
6860 0.000053
6861 0.000038
6862 0.000140
6863 0.000058
6864 0.000129
6865 0.000183
6866 0.000101
6867 0.000145
6868 0.000185
6869 0.000065
6870 0.000132
6871 0.000079
6872 0.000097
6873 0.000126
6874 0.000123
6875 0.000112
6876 0.000125
6877 0.000066
6878 0.000054
6879 0.000099
6880 0.000122
6881 0.000092
6882 0.000089
6883 0.000112
6884 0.000103
6885 0.000048
6886 0.000132
6887 0.000050
6888 0.000077
6889 0.000127
6890 0.000054
6891 0.000165
6892 0.000055
6893 0.000026
6894 0.000065
6895 0.000093
6896 0.000077
6897 0.000189
6898 0.000069
6899 0.000174
6900 0.000055
6901 0.000096
6902 0.000061
6903 0.000116
6904 0.000075
6905 0.000023
6906 0.000120
6907 0.000036
6908 0.000126
6909 0.000173
6910 0.000078
6911 0.000107
6912 0.000143
6913 0.000063
6914 0.000060
6915 0.000104
6916 0.000234
6917 0.000036
6918 0.000091
6919 0.000118
6920 0.000045
6921 0.000126
6922 0.000086
6923 0.000163
6924 0.000118
6925 0.000039
6926 0.000151
6927 0.000030
6928 0.000201
6929 0.000119
6930 0.000027
6931 0.000043
6932 0.000068
6933 0.000022
6934 0.000163
6935 0.000040
6936 0.000117
6937 0.000105
6938 0.000122
6939 0.000082
6940 0.000113
6941 0.000099
6942 0.000089
6943 0.000047
6944 0.000066
6945 0.000044
6946 0.000110
6947 0.000134
6948 0.000090
6949 0.000069
6950 0.000107
6951 0.000070
6952 0.000087
6953 0.000105
6954 0.000141
6955 0.000085
6956 0.000032
6957 0.000036
6958 0.000131
6959 0.000024
6960 0.000116
6961 0.000170
6962 0.000042
6963 0.000182
6964 0.000081
6965 0.000122
6966 0.000065
6967 0.000077
6968 0.000188
6969 0.000086
6970 0.000076
6971 0.000074
6972 0.000100
6973 0.000040
6974 0.000088
6975 0.000043
6976 0.000138
6977 0.000111
6978 0.000104
6979 0.000105
6980 0.000118
6981 0.000275
6982 0.000047
6983 0.000080
6984 0.000030
6985 0.000100
6986 0.000043
6987 0.000025
6988 0.000064
6989 0.000173
6990 0.000060
6991 0.000076
6992 0.000079
6993 0.000115
6994 0.000153
6995 0.000047
6996 0.000086
6997 0.000117
6998 0.000117
6999 0.000049
7000 0.000102
7001 0.000053
7002 0.000098
7003 0.000223
7004 0.000083
7005 0.000086
7006 0.000157
7007 0.000098
7008 0.000053
7009 0.000040
7010 0.000065
7011 0.000055
7012 0.000092
7013 0.000172
7014 0.000155
7015 0.000060
7016 0.000015
7017 0.000045
7018 0.000231
7019 0.000082
7020 0.000059
7021 0.000086
7022 0.000064
7023 0.000088
7024 0.000142
7025 0.000103
7026 0.000091
7027 0.000160
7028 0.000059
7029 0.000125
7030 0.000080
7031 0.000062
7032 0.000062
7033 0.000119
7034 0.000171
7035 0.000109
7036 0.000088
7037 0.000195
7038 0.000059
7039 0.000106
7040 0.000078
7041 0.000120
7042 0.000047
7043 0.000093
7044 0.000106
7045 0.000134
7046 0.000119
7047 0.000044
7048 0.000076
7049 0.000124
7050 0.000085
7051 0.000023
7052 0.000121
7053 0.000097
7054 0.000126
7055 0.000167
7056 0.000149
7057 0.000124
7058 0.000088
7059 0.000073
7060 0.000136
7061 0.000076
7062 0.000059
7063 0.000168
7064 0.000066
7065 0.000044
7066 0.000105
7067 0.000183
7068 0.000101
7069 0.000051
7070 0.000087
7071 0.000160
7072 0.000024
7073 0.000081
7074 0.000054
7075 0.000094
7076 0.000104
7077 0.000139
7078 0.000037
7079 0.000072
7080 0.000070
7081 0.000153
7082 0.000086
7083 0.000085
7084 0.000135
7085 0.000133
7086 0.000125
7087 0.000204
7088 0.000089
7089 0.000047
7090 0.000117
7091 0.000085
7092 0.000127
7093 0.000056
7094 0.000109
7095 0.000042
7096 0.000067
7097 0.000085
7098 0.000065
7099 0.000161
7100 0.000100
7101 0.000085
7102 0.000093
7103 0.000232
7104 0.000070
7105 0.000102
7106 0.000066
7107 0.000139
7108 0.000099
7109 0.000040
7110 0.000015
7111 0.000103
7112 0.000138
7113 0.000027
7114 0.000066
7115 0.000018
7116 0.000204
7117 0.000046
7118 0.000064
7119 0.000044
7120 0.000073
7121 0.000184
7122 0.000075
7123 0.000270
7124 0.000105
7125 0.000202
7126 0.000118
7127 0.000100
7128 0.000095
7129 0.000091
7130 0.000126
7131 0.000109
7132 0.000089
7133 0.000179
7134 0.000040
7135 0.000119
7136 0.000050
7137 0.000104
7138 0.000185
7139 0.000030
7140 0.000099
7141 0.000090
7142 0.000021
7143 0.000052
7144 0.000126
7145 0.000077
7146 0.000081
7147 0.000131
7148 0.000047
7149 0.000101
7150 0.000122
7151 0.000042
7152 0.000117
7153 0.000161
7154 0.000151
7155 0.000058
7156 0.000130
7157 0.000068
7158 0.000201
7159 0.000065
7160 0.000155
7161 0.000161
7162 0.000069
7163 0.000093
7164 0.000094
7165 0.000051
7166 0.000046
7167 0.000217
7168 0.000229
7169 0.000151
7170 0.000100
7171 0.000068
7172 0.000047
7173 0.000189
7174 0.000050
7175 0.000107
7176 0.000054
7177 0.000150
7178 0.000164
7179 0.000079
7180 0.000160
7181 0.000116
7182 0.000221
7183 0.000035
7184 0.000091
7185 0.000098
7186 0.000054
7187 0.000119
7188 0.000115
7189 0.000063
7190 0.000096
7191 0.000141
7192 0.000070
7193 0.000074
7194 0.000054
7195 0.000080
7196 0.000200
7197 0.000116
7198 0.000084
7199 0.000076
7200 0.000072
7201 0.000185
7202 0.000084
7203 0.000044
7204 0.000083
7205 0.000143
7206 0.000035
7207 0.000154
7208 0.000095
7209 0.000115
7210 0.000123
7211 0.000114
7212 0.000045
7213 0.000071
7214 0.000092
7215 0.000061
7216 0.000113
7217 0.000047
7218 0.000157
7219 0.000209
7220 0.000065
7221 0.000160
7222 0.000141
7223 0.000045
7224 0.000073
7225 0.000105
7226 0.000136
7227 0.000040
7228 0.000144
7229 0.000092
7230 0.000138
7231 0.000036
7232 0.000101
7233 0.000062
7234 0.000080
7235 0.000147
7236 0.000106
7237 0.000075
7238 0.000017
7239 0.000157
7240 0.000066
7241 0.000108
7242 0.000060
7243 0.000095
7244 0.000120
7245 0.000022
7246 0.000174
7247 0.000095
7248 0.000067
7249 0.000102
7250 0.000149
7251 0.000095
7252 0.000098
7253 0.000050
7254 0.000046
7255 0.000179
7256 0.000041
7257 0.000064
7258 0.000055
7259 0.000053
7260 0.000119
7261 0.000091
7262 0.000060
7263 0.000030
7264 0.000104
7265 0.000200
7266 0.000061
7267 0.000054
7268 0.000115
7269 0.000047
7270 0.000096
7271 0.000062
7272 0.000052
7273 0.000094
7274 0.000120
7275 0.000116
7276 0.000090
7277 0.000123
7278 0.000153
7279 0.000108
7280 0.000078
7281 0.000122
7282 0.000191
7283 0.000131
7284 0.000060
7285 0.000085
7286 0.000173
7287 0.000048
7288 0.000145
7289 0.000073
7290 0.000164
7291 0.000140
7292 0.000049
7293 0.000026
7294 0.000061
7295 0.000110
7296 0.000114
7297 0.000221
7298 0.000095
7299 0.000166
7300 0.000031
7301 0.000088
7302 0.000104
7303 0.000064
7304 0.000122
7305 0.000057
7306 0.000066
7307 0.000035
7308 0.000149
7309 0.000104
7310 0.000113
7311 0.000162
7312 0.000104
7313 0.000088
7314 0.000059
7315 0.000155
7316 0.000078
7317 0.000086
7318 0.000179
7319 0.000102
7320 0.000079
7321 0.000173
7322 0.000078
7323 0.000033
7324 0.000048
7325 0.000059
7326 0.000189
7327 0.000015
7328 0.000068
7329 0.000050
7330 0.000100
7331 0.000030
7332 0.000098
7333 0.000093
7334 0.000091
7335 0.000052
7336 0.000065
7337 0.000103
7338 0.000057
7339 0.000072
7340 0.000044
7341 0.000194
7342 0.000135
7343 0.000024
7344 0.000113
7345 0.000090
7346 0.000162
7347 0.000073
7348 0.000056
7349 0.000081
7350 0.000036
7351 0.000115
7352 0.000072
7353 0.000145
7354 0.000215
7355 0.000084
7356 0.000090
7357 0.000140
7358 0.000127
7359 0.000142
7360 0.000069
7361 0.000144
7362 0.000095
7363 0.000112
7364 0.000060
7365 0.000094
7366 0.000118
7367 0.000087
7368 0.000054
7369 0.000122
7370 0.000179
7371 0.000015
7372 0.000085
7373 0.000078
7374 0.000071
7375 0.000223
7376 0.000126
7377 0.000031
7378 0.000113
7379 0.000071
7380 0.000206
7381 0.000107
7382 0.000049
7383 0.000046
7384 0.000112
7385 0.000060
7386 0.000154
7387 0.000097
7388 0.000081
7389 0.000080
7390 0.000111
7391 0.000069
7392 0.000061
7393 0.000105
7394 0.000132
7395 0.000109
7396 0.000065
7397 0.000108
7398 0.000053
7399 0.000184
7400 0.000195
7401 0.000133
7402 0.000041
7403 0.000072
7404 0.000095
7405 0.000070
7406 0.000046
7407 0.000073
7408 0.000090
7409 0.000167
7410 0.000044
7411 0.000076
7412 0.000089
7413 0.000106
7414 0.000044
7415 0.000092
7416 0.000113
7417 0.000141
7418 0.000158
7419 0.000084
7420 0.000015
7421 0.000085
7422 0.000052
7423 0.000078
7424 0.000087
7425 0.000133
7426 0.000041
7427 0.000065
7428 0.000067
7429 0.000056
7430 0.000166
7431 0.000102
7432 0.000145
7433 0.000055
7434 0.000095
7435 0.000045
7436 0.000098
7437 0.000138
7438 0.000084
7439 0.000032
7440 0.000040
7441 0.000063
7442 0.000099
7443 0.000085
7444 0.000206
7445 0.000043
7446 0.000178
7447 0.000135
7448 0.000059
7449 0.000074
7450 0.000026
7451 0.000178
7452 0.000130
7453 0.000197
7454 0.000123
7455 0.000105
7456 0.000156
7457 0.000064
7458 0.000120
7459 0.000052
7460 0.000152
7461 0.000060
7462 0.000068
7463 0.000054
7464 0.000094
7465 0.000148
7466 0.000087
7467 0.000086
7468 0.000051
7469 0.000062
7470 0.000038
7471 0.000062
7472 0.000069
7473 0.000126
7474 0.000064
7475 0.000035
7476 0.000153
7477 0.000066
7478 0.000055
7479 0.000105
7480 0.000098
7481 0.000078
7482 0.000052
7483 0.000097
7484 0.000054
7485 0.000126
7486 0.000125
7487 0.000042
7488 0.000128
7489 0.000066
7490 0.000039
7491 0.000169
7492 0.000164
7493 0.000122
7494 0.000182
7495 0.000084
7496 0.000053
7497 0.000067
7498 0.000098
7499 0.000104
7500 0.000078
7501 0.000153
7502 0.000134
7503 0.000169
7504 0.000054
7505 0.000078
7506 0.000050
7507 0.000078
7508 0.000050
7509 0.000115
7510 0.000142
7511 0.000077
7512 0.000058
7513 0.000073
7514 0.000082
7515 0.000075
7516 0.000102
7517 0.000038
7518 0.000178
7519 0.000058
7520 0.000083
7521 0.000076
7522 0.000069
7523 0.000029
7524 0.000093
7525 0.000147
7526 0.000077
7527 0.000059
7528 0.000112
7529 0.000076
7530 0.000159
7531 0.000182
7532 0.000087
7533 0.000094
7534 0.000104
7535 0.000088
7536 0.000077
7537 0.000138
7538 0.000066
7539 0.000081
7540 0.000055
7541 0.000071
7542 0.000124
7543 0.000073
7544 0.000054
7545 0.000088
7546 0.000065
7547 0.000120
7548 0.000108
7549 0.000052
7550 0.000074
7551 0.000021
7552 0.000054
7553 0.000137
7554 0.000066
7555 0.000082
7556 0.000104
7557 0.000049
7558 0.000061
7559 0.000175
7560 0.000119
7561 0.000155
7562 0.000041
7563 0.000138
7564 0.000193
7565 0.000076
7566 0.000119
7567 0.000063
7568 0.000118
7569 0.000103
7570 0.000060
7571 0.000113
7572 0.000175
7573 0.000066
7574 0.000050
7575 0.000038
7576 0.000100
7577 0.000093
7578 0.000105
7579 0.000082
7580 0.000068
7581 0.000047
7582 0.000094
7583 0.000061
7584 0.000037
7585 0.000117
7586 0.000143
7587 0.000064
7588 0.000098
7589 0.000052
7590 0.000095
7591 0.000106
7592 0.000063
7593 0.000062
7594 0.000043
7595 0.000087
7596 0.000037
7597 0.000107
7598 0.000057
7599 0.000150
7600 0.000015
7601 0.000120
7602 0.000079
7603 0.000108
7604 0.000052
7605 0.000087
7606 0.000081
7607 0.000051
7608 0.000116
7609 0.000118
7610 0.000208
7611 0.000099
7612 0.000106
7613 0.000083
7614 0.000138
7615 0.000093
7616 0.000118
7617 0.000180
7618 0.000066
7619 0.000077
7620 0.000099
7621 0.000078
7622 0.000069
7623 0.000120
7624 0.000049
7625 0.000074
7626 0.000138
7627 0.000176
7628 0.000048
7629 0.000161
7630 0.000081
7631 0.000164
7632 0.000098
7633 0.000081
7634 0.000056
7635 0.000119
7636 0.000118
7637 0.000176
7638 0.000025
7639 0.000125
7640 0.000034
7641 0.000038
7642 0.000066
7643 0.000121
7644 0.000117
7645 0.000110
7646 0.000152
7647 0.000139
7648 0.000154
7649 0.000150
7650 0.000146
7651 0.000325
7652 0.000092
7653 0.000076
7654 0.000139
7655 0.000151
7656 0.000146
7657 0.000206
7658 0.000086
7659 0.000031
7660 0.000105
7661 0.000157
7662 0.000080
7663 0.000081
7664 0.000076
7665 0.000074
7666 0.000108
7667 0.000046
7668 0.000109
7669 0.000113
7670 0.000137
7671 0.000206
7672 0.000104
7673 0.000058
7674 0.000058
7675 0.000123
7676 0.000102
7677 0.000191
7678 0.000114
7679 0.000051
7680 0.000047
7681 0.000053
7682 0.000078
7683 0.000077
7684 0.000051
7685 0.000134
7686 0.000081
7687 0.000150
7688 0.000047
7689 0.000087
7690 0.000030
7691 0.000091
7692 0.000056
7693 0.000148
7694 0.000063
7695 0.000080
7696 0.000040
7697 0.000072
7698 0.000066
7699 0.000099
7700 0.000080
7701 0.000024
7702 0.000204
7703 0.000064
7704 0.000233
7705 0.000078
7706 0.000116
7707 0.000102
7708 0.000095
7709 0.000073
7710 0.000049
7711 0.000020
7712 0.000099
7713 0.000071
7714 0.000091
7715 0.000151
7716 0.000114
7717 0.000132
7718 0.000049
7719 0.000147
7720 0.000089
7721 0.000063
7722 0.000113
7723 0.000178
7724 0.000235
7725 0.000083
7726 0.000188
7727 0.000096
7728 0.000114
7729 0.000078
7730 0.000188
7731 0.000096
7732 0.000077
7733 0.000103
7734 0.000062
7735 0.000119
7736 0.000065
7737 0.000115
7738 0.000085
7739 0.000144
7740 0.000102
7741 0.000129
7742 0.000028
7743 0.000176
7744 0.000200
7745 0.000058
7746 0.000065
7747 0.000064
7748 0.000154
7749 0.000092
7750 0.000208
7751 0.000067
7752 0.000075
7753 0.000108
7754 0.000058
7755 0.000077
7756 0.000186
7757 0.000154
7758 0.000036
7759 0.000076
7760 0.000224
7761 0.000089
7762 0.000113
7763 0.000145
7764 0.000073
7765 0.000087
7766 0.000059
7767 0.000055
7768 0.000036
7769 0.000057
7770 0.000100
7771 0.000081
7772 0.000110
7773 0.000131
7774 0.000240
7775 0.000072
7776 0.000057
7777 0.000044
7778 0.000068
7779 0.000119
7780 0.000100
7781 0.000040
7782 0.000085
7783 0.000127
7784 0.000050
7785 0.000060
7786 0.000153
7787 0.000030
7788 0.000091
7789 0.000176
7790 0.000026
7791 0.000078
7792 0.000030
7793 0.000025
7794 0.000086
7795 0.000129
7796 0.000093
7797 0.000035
7798 0.000107
7799 0.000141
7800 0.000145
7801 0.000106
7802 0.000142
7803 0.000134
7804 0.000096
7805 0.000151
7806 0.000098
7807 0.000054
7808 0.000065
7809 0.000141
7810 0.000088
7811 0.000122
7812 0.000104
7813 0.000087
7814 0.000034
7815 0.000077
7816 0.000041
7817 0.000042
7818 0.000154
7819 0.000138
7820 0.000104
7821 0.000120
7822 0.000086
7823 0.000064
7824 0.000120
7825 0.000114
7826 0.000105
7827 0.000123
7828 0.000245
7829 0.000096
7830 0.000138
7831 0.000172
7832 0.000101
7833 0.000143
7834 0.000045
7835 0.000149
7836 0.000053
7837 0.000207
7838 0.000070
7839 0.000162
7840 0.000114
7841 0.000134
7842 0.000111
7843 0.000071
7844 0.000101
7845 0.000134
7846 0.000099
7847 0.000062
7848 0.000127
7849 0.000137
7850 0.000106
7851 0.000054
7852 0.000068
7853 0.000221
7854 0.000089
7855 0.000129
7856 0.000109
7857 0.000044
7858 0.000052
7859 0.000250
7860 0.000182
7861 0.000173
7862 0.000063
7863 0.000035
7864 0.000168
7865 0.000085
7866 0.000130
7867 0.000143
7868 0.000154
7869 0.000047
7870 0.000068
7871 0.000098
7872 0.000068
7873 0.000071
7874 0.000063
7875 0.000050
7876 0.000086
7877 0.000172
7878 0.000066
7879 0.000100
7880 0.000089
7881 0.000053
7882 0.000084
7883 0.000176
7884 0.000104
7885 0.000054
7886 0.000091
7887 0.000116
7888 0.000052
7889 0.000111
7890 0.000155
7891 0.000168
7892 0.000057
7893 0.000054
7894 0.000105
7895 0.000090
7896 0.000121
7897 0.000107
7898 0.000099
7899 0.000074
7900 0.000067
7901 0.000159
7902 0.000086
7903 0.000094
7904 0.000051
7905 0.000068
7906 0.000194
7907 0.000052
7908 0.000075
7909 0.000068
7910 0.000021
7911 0.000120
7912 0.000045
7913 0.000100
7914 0.000070
7915 0.000065
7916 0.000069
7917 0.000105
7918 0.000109
7919 0.000138
7920 0.000123
7921 0.000334
7922 0.000106
7923 0.000079
7924 0.000042
7925 0.000097
7926 0.000109
7927 0.000149
7928 0.000050
7929 0.000073
7930 0.000047
7931 0.000170
7932 0.000076
7933 0.000094
7934 0.000147
7935 0.000080
7936 0.000038
7937 0.000104
7938 0.000055
7939 0.000140
7940 0.000088
7941 0.000119
7942 0.000158
7943 0.000116
7944 0.000088
7945 0.000058
7946 0.000074
7947 0.000099
7948 0.000086
7949 0.000069
7950 0.000110
7951 0.000084
7952 0.000134
7953 0.000113
7954 0.000068
7955 0.000090
7956 0.000110
7957 0.000117
7958 0.000157
7959 0.000128
7960 0.000049
7961 0.000154
7962 0.000117
7963 0.000123
7964 0.000055
7965 0.000145
7966 0.000058
7967 0.000187
7968 0.000084
7969 0.000108
7970 0.000080
7971 0.000067
7972 0.000052
7973 0.000134
7974 0.000063
7975 0.000073
7976 0.000123
7977 0.000087
7978 0.000049
7979 0.000058
7980 0.000086
7981 0.000076
7982 0.000101
7983 0.000072
7984 0.000120
7985 0.000066
7986 0.000198
7987 0.000117
7988 0.000087
7989 0.000057
7990 0.000094
7991 0.000066
7992 0.000050
7993 0.000135
7994 0.000222
7995 0.000101
7996 0.000094
7997 0.000084
7998 0.000114
7999 0.000083
8000 0.000110
8001 0.000121
8002 0.000102
8003 0.000080
8004 0.000112
8005 0.000085
8006 0.000095
8007 0.000163
8008 0.000216
8009 0.000148
8010 0.000083
8011 0.000084
8012 0.000124
8013 0.000137
8014 0.000105
8015 0.000065
8016 0.000106
8017 0.000068
8018 0.000136
8019 0.000128
8020 0.000164
8021 0.000065
8022 0.000145
8023 0.000094
8024 0.000087
8025 0.000101
8026 0.000176
8027 0.000055
8028 0.000109
8029 0.000124
8030 0.000078
8031 0.000114
8032 0.000086
8033 0.000102
8034 0.000106
8035 0.000079
8036 0.000096
8037 0.000099
8038 0.000094
8039 0.000113
8040 0.000123
8041 0.000086
8042 0.000120
8043 0.000056
8044 0.000101
8045 0.000031
8046 0.000091
8047 0.000049
8048 0.000025
8049 0.000184
8050 0.000172
8051 0.000077
8052 0.000200
8053 0.000110
8054 0.000107
8055 0.000072
8056 0.000076
8057 0.000087
8058 0.000045
8059 0.000081
8060 0.000062
8061 0.000037
8062 0.000161
8063 0.000167
8064 0.000227
8065 0.000112
8066 0.000064
8067 0.000106
8068 0.000154
8069 0.000142
8070 0.000084
8071 0.000053
8072 0.000071
8073 0.000098
8074 0.000119
8075 0.000060
8076 0.000076
8077 0.000046
8078 0.000043
8079 0.000126
8080 0.000125
8081 0.000122
8082 0.000125
8083 0.000066
8084 0.000114
8085 0.000099
8086 0.000059
8087 0.000046
8088 0.000160
8089 0.000079
8090 0.000094
8091 0.000176
8092 0.000081
8093 0.000161
8094 0.000082
8095 0.000063
8096 0.000151
8097 0.000072
8098 0.000039
8099 0.000070
8100 0.000074
8101 0.000029
8102 0.000158
8103 0.000167
8104 0.000090
8105 0.000129
8106 0.000131
8107 0.000075
8108 0.000073
8109 0.000165
8110 0.000078
8111 0.000137
8112 0.000035
8113 0.000068
8114 0.000170
8115 0.000053
8116 0.000034
8117 0.000215
8118 0.000055
8119 0.000118
8120 0.000041
8121 0.000149
8122 0.000061
8123 0.000114
8124 0.000092
8125 0.000079
8126 0.000125
8127 0.000219
8128 0.000043
8129 0.000028
8130 0.000116
8131 0.000089
8132 0.000100
8133 0.000061
8134 0.000120
8135 0.000080
8136 0.000082
8137 0.000113
8138 0.000246
8139 0.000101
8140 0.000015
8141 0.000075
8142 0.000125
8143 0.000059
8144 0.000147
8145 0.000059
8146 0.000143
8147 0.000059
8148 0.000092
8149 0.000070
8150 0.000042
8151 0.000150
8152 0.000070
8153 0.000125
8154 0.000140
8155 0.000080
8156 0.000090
8157 0.000191
8158 0.000120
8159 0.000112
8160 0.000142
8161 0.000037
8162 0.000094
8163 0.000059
8164 0.000124
8165 0.000100
8166 0.000124
8167 0.000124
8168 0.000151
8169 0.000099
8170 0.000215
8171 0.000082
8172 0.000065
8173 0.000143
8174 0.000074
8175 0.000063
8176 0.000039
8177 0.000168
8178 0.000198
8179 0.000040
8180 0.000045
8181 0.000086
8182 0.000046
8183 0.000062
8184 0.000161
8185 0.000103
8186 0.000064
8187 0.000088
8188 0.000068
8189 0.000088
8190 0.000126
8191 0.000148
8192 0.000037
8193 0.000127
8194 0.000069
8195 0.000048
8196 0.000165
8197 0.000083
8198 0.000099
8199 0.000143
8200 0.000139
8201 0.000095
8202 0.000107
8203 0.000174
8204 0.000116
8205 0.000095
8206 0.000088
8207 0.000118
8208 0.000075
8209 0.000264
8210 0.000048
8211 0.000154
8212 0.000144
8213 0.000213
8214 0.000121
8215 0.000113
8216 0.000062
8217 0.000060
8218 0.000110
8219 0.000042
8220 0.000200
8221 0.000051
8222 0.000040
8223 0.000072
8224 0.000112
8225 0.000138
8226 0.000090
8227 0.000050
8228 0.000085
8229 0.000105
8230 0.000040
8231 0.000282
8232 0.000118
8233 0.000040
8234 0.000160
8235 0.000124
8236 0.000183
8237 0.000096
8238 0.000075
8239 0.000115
8240 0.000141
8241 0.000076
8242 0.000082
8243 0.000098
8244 0.000149
8245 0.000059
8246 0.000104
8247 0.000067
8248 0.000055
8249 0.000114
8250 0.000056
8251 0.000057
8252 0.000081
8253 0.000108
8254 0.000084
8255 0.000083
8256 0.000021
8257 0.000139
8258 0.000093
8259 0.000087
8260 0.000200
8261 0.000078
8262 0.000168
8263 0.000109
8264 0.000042
8265 0.000143
8266 0.000070
8267 0.000082
8268 0.000130
8269 0.000071
8270 0.000062
8271 0.000126
8272 0.000188
8273 0.000218
8274 0.000062
8275 0.000042
8276 0.000076
8277 0.000123
8278 0.000025
8279 0.000136
8280 0.000082
8281 0.000178
8282 0.000061
8283 0.000033
8284 0.000095
8285 0.000172
8286 0.000077
8287 0.000143
8288 0.000099
8289 0.000169
8290 0.000055
8291 0.000031
8292 0.000085
8293 0.000062
8294 0.000055
8295 0.000073
8296 0.000089
8297 0.000142
8298 0.000100
8299 0.000083
8300 0.000081
8301 0.000047
8302 0.000069
8303 0.000105
8304 0.000095
8305 0.000186
8306 0.000055
8307 0.000092
8308 0.000024
8309 0.000138
8310 0.000053
8311 0.000107
8312 0.000067
8313 0.000103
8314 0.000121
8315 0.000209
8316 0.000112
8317 0.000066
8318 0.000097
8319 0.000178
8320 0.000290
8321 0.000096
8322 0.000062
8323 0.000031
8324 0.000096
8325 0.000019
8326 0.000191
8327 0.000198
8328 0.000040
8329 0.000038
8330 0.000088
8331 0.000153
8332 0.000044
8333 0.000102
8334 0.000062
8335 0.000124
8336 0.000047
8337 0.000163
8338 0.000171
8339 0.000119
8340 0.000086
8341 0.000133
8342 0.000074
8343 0.000160
8344 0.000073
8345 0.000064
8346 0.000109
8347 0.000095
8348 0.000081
8349 0.000022
8350 0.000061
8351 0.000105
8352 0.000150
8353 0.000046
8354 0.000064
8355 0.000082
8356 0.000053
8357 0.000138
8358 0.000092
8359 0.000109
8360 0.000045
8361 0.000129
8362 0.000099
8363 0.000062
8364 0.000156
8365 0.000103
8366 0.000053
8367 0.000030
8368 0.000124
8369 0.000095
8370 0.000115
8371 0.000128
8372 0.000086
8373 0.000062
8374 0.000117
8375 0.000220
8376 0.000131
8377 0.000074
8378 0.000116
8379 0.000035
8380 0.000165
8381 0.000103
8382 0.000073
8383 0.000022
8384 0.000085
8385 0.000064
8386 0.000037
8387 0.000100
8388 0.000174
8389 0.000106
8390 0.000077
8391 0.000136
8392 0.000068
8393 0.000072
8394 0.000315
8395 0.000116
8396 0.000038
8397 0.000090
8398 0.000081
8399 0.000034
8400 0.000093
8401 0.000100
8402 0.000061
8403 0.000104
8404 0.000112
8405 0.000049
8406 0.000094
8407 0.000122
8408 0.000095
8409 0.000051
8410 0.000051
8411 0.000163
8412 0.000106
8413 0.000050
8414 0.000098
8415 0.000027
8416 0.000179
8417 0.000074
8418 0.000100
8419 0.000144
8420 0.000117
8421 0.000093
8422 0.000158
8423 0.000087
8424 0.000104
8425 0.000169
8426 0.000048
8427 0.000134
8428 0.000082
8429 0.000099
8430 0.000131
8431 0.000067
8432 0.000069
8433 0.000055
8434 0.000073
8435 0.000042
8436 0.000088
8437 0.000027
8438 0.000074
8439 0.000126
8440 0.000056
8441 0.000081
8442 0.000058
8443 0.000137
8444 0.000093
8445 0.000089
8446 0.000083
8447 0.000081
8448 0.000156
8449 0.000058
8450 0.000069
8451 0.000169
8452 0.000072
8453 0.000078
8454 0.000241
8455 0.000097
8456 0.000138
8457 0.000072
8458 0.000067
8459 0.000112
8460 0.000180
8461 0.000112
8462 0.000216
8463 0.000053
8464 0.000095
8465 0.000127
8466 0.000124
8467 0.000076
8468 0.000040
8469 0.000100
8470 0.000089
8471 0.000079
8472 0.000104
8473 0.000091
8474 0.000056
8475 0.000083
8476 0.000092
8477 0.000058
8478 0.000126
8479 0.000073
8480 0.000092
8481 0.000058
8482 0.000066
8483 0.000134
8484 0.000133
8485 0.000078
8486 0.000114
8487 0.000190
8488 0.000102
8489 0.000149
8490 0.000097
8491 0.000128
8492 0.000091
8493 0.000033
8494 0.000127
8495 0.000154
8496 0.000166
8497 0.000140
8498 0.000061
8499 0.000099
8500 0.000110
8501 0.000072
8502 0.000045
8503 0.000095
8504 0.000109
8505 0.000069
8506 0.000104
8507 0.000080
8508 0.000092
8509 0.000141
8510 0.000127
8511 0.000170
8512 0.000089
8513 0.000065
8514 0.000110
8515 0.000121
8516 0.000056
8517 0.000213
8518 0.000108
8519 0.000127
8520 0.000115
8521 0.000160
8522 0.000064
8523 0.000058
8524 0.000155
8525 0.000027
8526 0.000101
8527 0.000108
8528 0.000113
8529 0.000061
8530 0.000028
8531 0.000072
8532 0.000105
8533 0.000078
8534 0.000094
8535 0.000042
8536 0.000120
8537 0.000096
8538 0.000055
8539 0.000058
8540 0.000121
8541 0.000131
8542 0.000120
8543 0.000068
8544 0.000087
8545 0.000078
8546 0.000166
8547 0.000092
8548 0.000122
8549 0.000034
8550 0.000082
8551 0.000153
8552 0.000132
8553 0.000039
8554 0.000122
8555 0.000131
8556 0.000075
8557 0.000098
8558 0.000190
8559 0.000111
8560 0.000054
8561 0.000087
8562 0.000060
8563 0.000125
8564 0.000033
8565 0.000090
8566 0.000101
8567 0.000083
8568 0.000110
8569 0.000061
8570 0.000127
8571 0.000177
8572 0.000106
8573 0.000156
8574 0.000094
8575 0.000124
8576 0.000032
8577 0.000102
8578 0.000088
8579 0.000045
8580 0.000164
8581 0.000056
8582 0.000208
8583 0.000039
8584 0.000129
8585 0.000044
8586 0.000058
8587 0.000196
8588 0.000069
8589 0.000130
8590 0.000102
8591 0.000041
8592 0.000145
8593 0.000060
8594 0.000030
8595 0.000064
8596 0.000091
8597 0.000081
8598 0.000086
8599 0.000036
8600 0.000142
8601 0.000030
8602 0.000064
8603 0.000114
8604 0.000099
8605 0.000145
8606 0.000122
8607 0.000040
8608 0.000085
8609 0.000143
8610 0.000015
8611 0.000083
8612 0.000058
8613 0.000042
8614 0.000100
8615 0.000061
8616 0.000117
8617 0.000025
8618 0.000127
8619 0.000111
8620 0.000097
8621 0.000035
8622 0.000063
8623 0.000285
8624 0.000029
8625 0.000103
8626 0.000112
8627 0.000108
8628 0.000071
8629 0.000234
8630 0.000158
8631 0.000061
8632 0.000092
8633 0.000057
8634 0.000086
8635 0.000156
8636 0.000039
8637 0.000111
8638 0.000015
8639 0.000081
8640 0.000077
8641 0.000105
8642 0.000071
8643 0.000093
8644 0.000075
8645 0.000034
8646 0.000055
8647 0.000101
8648 0.000119
8649 0.000056
8650 0.000079
8651 0.000059
8652 0.000088
8653 0.000018
8654 0.000101
8655 0.000084
8656 0.000143
8657 0.000172
8658 0.000015
8659 0.000094
8660 0.000114
8661 0.000148
8662 0.000163
8663 0.000119
8664 0.000197
8665 0.000132
8666 0.000079
8667 0.000205
8668 0.000108
8669 0.000145
8670 0.000053
8671 0.000108
8672 0.000132
8673 0.000096
8674 0.000083
8675 0.000043
8676 0.000165
8677 0.000090
8678 0.000122
8679 0.000147
8680 0.000190
8681 0.000144
8682 0.000080
8683 0.000054
8684 0.000161
8685 0.000051
8686 0.000138
8687 0.000138
8688 0.000173
8689 0.000187
8690 0.000062
8691 0.000110
8692 0.000155
8693 0.000117
8694 0.000091
8695 0.000193
8696 0.000032
8697 0.000112
8698 0.000088
8699 0.000160
8700 0.000113
8701 0.000068
8702 0.000103
8703 0.000051
8704 0.000104
8705 0.000059
8706 0.000089
8707 0.000109
8708 0.000073
8709 0.000127
8710 0.000131
8711 0.000093
8712 0.000045
8713 0.000069
8714 0.000127
8715 0.000130
8716 0.000122
8717 0.000079
8718 0.000086
8719 0.000051
8720 0.000081
8721 0.000056
8722 0.000060
8723 0.000028
8724 0.000214
8725 0.000108
8726 0.000165
8727 0.000082
8728 0.000137
8729 0.000069
8730 0.000160
8731 0.000118
8732 0.000077
8733 0.000093
8734 0.000065
8735 0.000120
8736 0.000065
8737 0.000061
8738 0.000151
8739 0.000069
8740 0.000081
8741 0.000115
8742 0.000065
8743 0.000063
8744 0.000082
8745 0.000042
8746 0.000129
8747 0.000071
8748 0.000142
8749 0.000121
8750 0.000070
8751 0.000091
8752 0.000115
8753 0.000089
8754 0.000144
8755 0.000146
8756 0.000176
8757 0.000086
8758 0.000108
8759 0.000171
8760 0.000101
8761 0.000164
8762 0.000052
8763 0.000025
8764 0.000086
8765 0.000054
8766 0.000074
8767 0.000161
8768 0.000101
8769 0.000130
8770 0.000085
8771 0.000080
8772 0.000022
8773 0.000141
8774 0.000079
8775 0.000115
8776 0.000112
8777 0.000108
8778 0.000162
8779 0.000085
8780 0.000095
8781 0.000151
8782 0.000124
8783 0.000058
8784 0.000143
8785 0.000159
8786 0.000262
8787 0.000044
8788 0.000109
8789 0.000082
8790 0.000095
8791 0.000087
8792 0.000100
8793 0.000094
8794 0.000050
8795 0.000066
8796 0.000078
8797 0.000119
8798 0.000146
8799 0.000083
8800 0.000123
8801 0.000082
8802 0.000188
8803 0.000132
8804 0.000064
8805 0.000068
8806 0.000102
8807 0.000097
8808 0.000135
8809 0.000103
8810 0.000063
8811 0.000084
8812 0.000237
8813 0.000192
8814 0.000186
8815 0.000015
8816 0.000119
8817 0.000071
8818 0.000094
8819 0.000074
8820 0.000038
8821 0.000086
8822 0.000124
8823 0.000092
8824 0.000061
8825 0.000134
8826 0.000083
8827 0.000147
8828 0.000059
8829 0.000069
8830 0.000078
8831 0.000087
8832 0.000123
8833 0.000162
8834 0.000061
8835 0.000042
8836 0.000109
8837 0.000083
8838 0.000113
8839 0.000101
8840 0.000125
8841 0.000079
8842 0.000080
8843 0.000038
8844 0.000135
8845 0.000133
8846 0.000147
8847 0.000108
8848 0.000039
8849 0.000087
8850 0.000118
8851 0.000125
8852 0.000089
8853 0.000104
8854 0.000062
8855 0.000124
8856 0.000075
8857 0.000098
8858 0.000137
8859 0.000080
8860 0.000064
8861 0.000163
8862 0.000048
8863 0.000121
8864 0.000160
8865 0.000221
8866 0.000169
8867 0.000093
8868 0.000069
8869 0.000130
8870 0.000090
8871 0.000031
8872 0.000097
8873 0.000091
8874 0.000098
8875 0.000063
8876 0.000182
8877 0.000036
8878 0.000101
8879 0.000097
8880 0.000125
8881 0.000111
8882 0.000103
8883 0.000129
8884 0.000113
8885 0.000100
8886 0.000209
8887 0.000064
8888 0.000077
8889 0.000034
8890 0.000060
8891 0.000109
8892 0.000076
8893 0.000100
8894 0.000033
8895 0.000080
8896 0.000109
8897 0.000063
8898 0.000105
8899 0.000093
8900 0.000120
8901 0.000077
8902 0.000072
8903 0.000075
8904 0.000127
8905 0.000093
8906 0.000102
8907 0.000074
8908 0.000091
8909 0.000153
8910 0.000129
8911 0.000163
8912 0.000129
8913 0.000144
8914 0.000030
8915 0.000074
8916 0.000163
8917 0.000086
8918 0.000103
8919 0.000091
8920 0.000122
8921 0.000015
8922 0.000050
8923 0.000068
8924 0.000081
8925 0.000156
8926 0.000114
8927 0.000043
8928 0.000149
8929 0.000221
8930 0.000116
8931 0.000124
8932 0.000100
8933 0.000028
8934 0.000116
8935 0.000114
8936 0.000162
8937 0.000100
8938 0.000048
8939 0.000099
8940 0.000127
8941 0.000073
8942 0.000121
8943 0.000178
8944 0.000120
8945 0.000099
8946 0.000030
8947 0.000131
8948 0.000180
8949 0.000116
8950 0.000112
8951 0.000052
8952 0.000176
8953 0.000124
8954 0.000132
8955 0.000110
8956 0.000088
8957 0.000092
8958 0.000073
8959 0.000051
8960 0.000050
8961 0.000082
8962 0.000106
8963 0.000063
8964 0.000034
8965 0.000107
8966 0.000043
8967 0.000105
8968 0.000085
8969 0.000115
8970 0.000100
8971 0.000077
8972 0.000134
8973 0.000086
8974 0.000109
8975 0.000152
8976 0.000046
8977 0.000078
8978 0.000060
8979 0.000129
8980 0.000095
8981 0.000095
8982 0.000068
8983 0.000204
8984 0.000139
8985 0.000080
8986 0.000039
8987 0.000129
8988 0.000162
8989 0.000051
8990 0.000119
8991 0.000073
8992 0.000104
8993 0.000045
8994 0.000198
8995 0.000121
8996 0.000110
8997 0.000085
8998 0.000037
8999 0.000078
9000 0.000138
9001 0.000035
9002 0.000031
9003 0.000191
9004 0.000120
9005 0.000084
9006 0.000132
9007 0.000115
9008 0.000102
9009 0.000101
9010 0.000114
9011 0.000054
9012 0.000171
9013 0.000079
9014 0.000078
9015 0.000157
9016 0.000086
9017 0.000085
9018 0.000051
9019 0.000087
9020 0.000081
9021 0.000181
9022 0.000086
9023 0.000100
9024 0.000131
9025 0.000099
9026 0.000191
9027 0.000092
9028 0.000069
9029 0.000135
9030 0.000077
9031 0.000086
9032 0.000091
9033 0.000078
9034 0.000128
9035 0.000098
9036 0.000062
9037 0.000176
9038 0.000038
9039 0.000096
9040 0.000089
9041 0.000095
9042 0.000015
9043 0.000201
9044 0.000065
9045 0.000043
9046 0.000154
9047 0.000081
9048 0.000240
9049 0.000082
9050 0.000125
9051 0.000101
9052 0.000087
9053 0.000108
9054 0.000162
9055 0.000052
9056 0.000043
9057 0.000116
9058 0.000047
9059 0.000024
9060 0.000129
9061 0.000079
9062 0.000028
9063 0.000055
9064 0.000091
9065 0.000147
9066 0.000162
9067 0.000082
9068 0.000063
9069 0.000071
9070 0.000066
9071 0.000112
9072 0.000111
9073 0.000110
9074 0.000124
9075 0.000070
9076 0.000075
9077 0.000090
9078 0.000056
9079 0.000080
9080 0.000030
9081 0.000106
9082 0.000106
9083 0.000053
9084 0.000084
9085 0.000127
9086 0.000110
9087 0.000054
9088 0.000114
9089 0.000062
9090 0.000058
9091 0.000086
9092 0.000055
9093 0.000160
9094 0.000066
9095 0.000123
9096 0.000108
9097 0.000281
9098 0.000098
9099 0.000070
9100 0.000056
9101 0.000079
9102 0.000053
9103 0.000076
9104 0.000138
9105 0.000050
9106 0.000073
9107 0.000033
9108 0.000096
9109 0.000073
9110 0.000103
9111 0.000071
9112 0.000099
9113 0.000235
9114 0.000071
9115 0.000100
9116 0.000129
9117 0.000038
9118 0.000071
9119 0.000129
9120 0.000074
9121 0.000208
9122 0.000060
9123 0.000176
9124 0.000046
9125 0.000115
9126 0.000068
9127 0.000153
9128 0.000105
9129 0.000101
9130 0.000053
9131 0.000116
9132 0.000085
9133 0.000071
9134 0.000087
9135 0.000131
9136 0.000208
9137 0.000076
9138 0.000213
9139 0.000066
9140 0.000099
9141 0.000134
9142 0.000116
9143 0.000141
9144 0.000068
9145 0.000160
9146 0.000103
9147 0.000270
9148 0.000106
9149 0.000177
9150 0.000246
9151 0.000176
9152 0.000067
9153 0.000082
9154 0.000087
9155 0.000077
9156 0.000085
9157 0.000079
9158 0.000057
9159 0.000066
9160 0.000075
9161 0.000115
9162 0.000041
9163 0.000078
9164 0.000021
9165 0.000120
9166 0.000075
9167 0.000096
9168 0.000171
9169 0.000173
9170 0.000165
9171 0.000101
9172 0.000119
9173 0.000084
9174 0.000075
9175 0.000049
9176 0.000123
9177 0.000072
9178 0.000083
9179 0.000088
9180 0.000082
9181 0.000046
9182 0.000108
9183 0.000117
9184 0.000126
9185 0.000041
9186 0.000216
9187 0.000063
9188 0.000074
9189 0.000049
9190 0.000136
9191 0.000078
9192 0.000059
9193 0.000092
9194 0.000065
9195 0.000056
9196 0.000070
9197 0.000095
9198 0.000024
9199 0.000055
9200 0.000050
9201 0.000125
9202 0.000084
9203 0.000055
9204 0.000103
9205 0.000100
9206 0.000138
9207 0.000108
9208 0.000095
9209 0.000032
9210 0.000131
9211 0.000049
9212 0.000074
9213 0.000191
9214 0.000106
9215 0.000102
9216 0.000163
9217 0.000107
9218 0.000024
9219 0.000076
9220 0.000025
9221 0.000072
9222 0.000044
9223 0.000130
9224 0.000098
9225 0.000144
9226 0.000107
9227 0.000170
9228 0.000051
9229 0.000172
9230 0.000119
9231 0.000061
9232 0.000091
9233 0.000056
9234 0.000184
9235 0.000049
9236 0.000107
9237 0.000117
9238 0.000048
9239 0.000077
9240 0.000168
9241 0.000088
9242 0.000097
9243 0.000089
9244 0.000045
9245 0.000158
9246 0.000099
9247 0.000105
9248 0.000268
9249 0.000105
9250 0.000059
9251 0.000254
9252 0.000086
9253 0.000143
9254 0.000138
9255 0.000098
9256 0.000068
9257 0.000124
9258 0.000086
9259 0.000067
9260 0.000027
9261 0.000088
9262 0.000111
9263 0.000054
9264 0.000091
9265 0.000101
9266 0.000032
9267 0.000085
9268 0.000109
9269 0.000118
9270 0.000115
9271 0.000076
9272 0.000046
9273 0.000171
9274 0.000093
9275 0.000084
9276 0.000113
9277 0.000122
9278 0.000192
9279 0.000061
9280 0.000184
9281 0.000087
9282 0.000129
9283 0.000107
9284 0.000207
9285 0.000067
9286 0.000169
9287 0.000062
9288 0.000214
9289 0.000095
9290 0.000091
9291 0.000102
9292 0.000105
9293 0.000136
9294 0.000112
9295 0.000128
9296 0.000094
9297 0.000072
9298 0.000227
9299 0.000095
9300 0.000101
9301 0.000121
9302 0.000128
9303 0.000130
9304 0.000022
9305 0.000061
9306 0.000160
9307 0.000051
9308 0.000054
9309 0.000115
9310 0.000135
9311 0.000116
9312 0.000146
9313 0.000024
9314 0.000126
9315 0.000074
9316 0.000047
9317 0.000096
9318 0.000100
9319 0.000127
9320 0.000070
9321 0.000098
9322 0.000104
9323 0.000015
9324 0.000096
9325 0.000123
9326 0.000148
9327 0.000077
9328 0.000076
9329 0.000090
9330 0.000140
9331 0.000091
9332 0.000084
9333 0.000137
9334 0.000118
9335 0.000128
9336 0.000045
9337 0.000148
9338 0.000108
9339 0.000127
9340 0.000282
9341 0.000125
9342 0.000080
9343 0.000087
9344 0.000051
9345 0.000052
9346 0.000042
9347 0.000159
9348 0.000112
9349 0.000117
9350 0.000052
9351 0.000127
9352 0.000032
9353 0.000081
9354 0.000055
9355 0.000060
9356 0.000080
9357 0.000178
9358 0.000160
9359 0.000086
9360 0.000148
9361 0.000066
9362 0.000053
9363 0.000089
9364 0.000054
9365 0.000031
9366 0.000180
9367 0.000071
9368 0.000079
9369 0.000067
9370 0.000134
9371 0.000109
9372 0.000104
9373 0.000033
9374 0.000230
9375 0.000089
9376 0.000122
9377 0.000153
9378 0.000092
9379 0.000031
9380 0.000066
9381 0.000091
9382 0.000112
9383 0.000051
9384 0.000138
9385 0.000168
9386 0.000140
9387 0.000060
9388 0.000147
9389 0.000073
9390 0.000075
9391 0.000097
9392 0.000083
9393 0.000178
9394 0.000128
9395 0.000077
9396 0.000130
9397 0.000109
9398 0.000082
9399 0.000156
9400 0.000065
9401 0.000160
9402 0.000114
9403 0.000111
9404 0.000073
9405 0.000103
9406 0.000116
9407 0.000109
9408 0.000077
9409 0.000112
9410 0.000100
9411 0.000079
9412 0.000184
9413 0.000150
9414 0.000101
9415 0.000138
9416 0.000047
9417 0.000090
9418 0.000066
9419 0.000135
9420 0.000085
9421 0.000051
9422 0.000044
9423 0.000064
9424 0.000087
9425 0.000062
9426 0.000132
9427 0.000114
9428 0.000074
9429 0.000083
9430 0.000091
9431 0.000160
9432 0.000054
9433 0.000087
9434 0.000070
9435 0.000117
9436 0.000130
9437 0.000122
9438 0.000036
9439 0.000015
9440 0.000169
9441 0.000121
9442 0.000089
9443 0.000058
9444 0.000129
9445 0.000092
9446 0.000148
9447 0.000058
9448 0.000118
9449 0.000227
9450 0.000138
9451 0.000122
9452 0.000240
9453 0.000047
9454 0.000131
9455 0.000141
9456 0.000050
9457 0.000123
9458 0.000062
9459 0.000140
9460 0.000124
9461 0.000173
9462 0.000106
9463 0.000044
9464 0.000048
9465 0.000057
9466 0.000128
9467 0.000055
9468 0.000120
9469 0.000168
9470 0.000115
9471 0.000081
9472 0.000162
9473 0.000086
9474 0.000115
9475 0.000084
9476 0.000144
9477 0.000015
9478 0.000172
9479 0.000103
9480 0.000154
9481 0.000024
9482 0.000056
9483 0.000117
9484 0.000136
9485 0.000089
9486 0.000112
9487 0.000056
9488 0.000084
9489 0.000141
9490 0.000143
9491 0.000130
9492 0.000107
9493 0.000149
9494 0.000140
9495 0.000201
9496 0.000119
9497 0.000216
9498 0.000093
9499 0.000161
9500 0.000154
9501 0.000062
9502 0.000129
9503 0.000063
9504 0.000145
9505 0.000130
9506 0.000086
9507 0.000052
9508 0.000033
9509 0.000112
9510 0.000037
9511 0.000217
9512 0.000084
9513 0.000107
9514 0.000076
9515 0.000116
9516 0.000177
9517 0.000129
9518 0.000182
9519 0.000047
9520 0.000097
9521 0.000141
9522 0.000101
9523 0.000104
9524 0.000142
9525 0.000050
9526 0.000070
9527 0.000111
9528 0.000125
9529 0.000109
9530 0.000040
9531 0.000108
9532 0.000123
9533 0.000056
9534 0.000112
9535 0.000171
9536 0.000120
9537 0.000105
9538 0.000131
9539 0.000101
9540 0.000090
9541 0.000180
9542 0.000072
9543 0.000089
9544 0.000051
9545 0.000165
9546 0.000146
9547 0.000129
9548 0.000049
9549 0.000094
9550 0.000071
9551 0.000045
9552 0.000094
9553 0.000103
9554 0.000035
9555 0.000124
9556 0.000144
9557 0.000052
9558 0.000091
9559 0.000108
9560 0.000073
9561 0.000027
9562 0.000130
9563 0.000054
9564 0.000045
9565 0.000072
9566 0.000066
9567 0.000105
9568 0.000134
9569 0.000106
9570 0.000172
9571 0.000116
9572 0.000111
9573 0.000147
9574 0.000119
9575 0.000154
9576 0.000150
9577 0.000078
9578 0.000059
9579 0.000064
9580 0.000039
9581 0.000078
9582 0.000078
9583 0.000047
9584 0.000150
9585 0.000157
9586 0.000021
9587 0.000070
9588 0.000064
9589 0.000069
9590 0.000191
9591 0.000097
9592 0.000239
9593 0.000114
9594 0.000082
9595 0.000115
9596 0.000109
9597 0.000015
9598 0.000136
9599 0.000061
9600 0.000038
9601 0.000110
9602 0.000101
9603 0.000176
9604 0.000118
9605 0.000083
9606 0.000217
9607 0.000084
9608 0.000081
9609 0.000126
9610 0.000173
9611 0.000107
9612 0.000047
9613 0.000090
9614 0.000069
9615 0.000144
9616 0.000089
9617 0.000048
9618 0.000096
9619 0.000110
9620 0.000086
9621 0.000137
9622 0.000118
9623 0.000059
9624 0.000114
9625 0.000055
9626 0.000070
9627 0.000076
9628 0.000080
9629 0.000121
9630 0.000155
9631 0.000151
9632 0.000052
9633 0.000120
9634 0.000029
9635 0.000069
9636 0.000088
9637 0.000137
9638 0.000154
9639 0.000144
9640 0.000105
9641 0.000069
9642 0.000115
9643 0.000095
9644 0.000100
9645 0.000115
9646 0.000073
9647 0.000091
9648 0.000088
9649 0.000135
9650 0.000061
9651 0.000132
9652 0.000021
9653 0.000049
9654 0.000051
9655 0.000155
9656 0.000026
9657 0.000064
9658 0.000236
9659 0.000153
9660 0.000074
9661 0.000038
9662 0.000048
9663 0.000150
9664 0.000100
9665 0.000092
9666 0.000109
9667 0.000201
9668 0.000105
9669 0.000061
9670 0.000137
9671 0.000073
9672 0.000015
9673 0.000100
9674 0.000051
9675 0.000064
9676 0.000119
9677 0.000177
9678 0.000150
9679 0.000065
9680 0.000134
9681 0.000126
9682 0.000095
9683 0.000130
9684 0.000122
9685 0.000274
9686 0.000077
9687 0.000138
9688 0.000109
9689 0.000080
9690 0.000052
9691 0.000090
9692 0.000153
9693 0.000031
9694 0.000089
9695 0.000145
9696 0.000079
9697 0.000095
9698 0.000109
9699 0.000077
9700 0.000025
9701 0.000106
9702 0.000041
9703 0.000093
9704 0.000059
9705 0.000037
9706 0.000057
9707 0.000051
9708 0.000108
9709 0.000104
9710 0.000071
9711 0.000161
9712 0.000132
9713 0.000102
9714 0.000086
9715 0.000062
9716 0.000080
9717 0.000089
9718 0.000055
9719 0.000178
9720 0.000173
9721 0.000018
9722 0.000151
9723 0.000095
9724 0.000138
9725 0.000059
9726 0.000065
9727 0.000046
9728 0.000076
9729 0.000144
9730 0.000224
9731 0.000162
9732 0.000092
9733 0.000047
9734 0.000143
9735 0.000160
9736 0.000105
9737 0.000140
9738 0.000077
9739 0.000090
9740 0.000160
9741 0.000063
9742 0.000064
9743 0.000091
9744 0.000067
9745 0.000059
9746 0.000136
9747 0.000085
9748 0.000070
9749 0.000042
9750 0.000151
9751 0.000054
9752 0.000087
9753 0.000181
9754 0.000116
9755 0.000093
9756 0.000103
9757 0.000089
9758 0.000139
9759 0.000133
9760 0.000099
9761 0.000103
9762 0.000091
9763 0.000195
9764 0.000145
9765 0.000069
9766 0.000099
9767 0.000049
9768 0.000074
9769 0.000089
9770 0.000048
9771 0.000056
9772 0.000066
9773 0.000121
9774 0.000059
9775 0.000070
9776 0.000159
9777 0.000084
9778 0.000106
9779 0.000101
9780 0.000165
9781 0.000202
9782 0.000161
9783 0.000089
9784 0.000118
9785 0.000163
9786 0.000179
9787 0.000194
9788 0.000051
9789 0.000193
9790 0.000228
9791 0.000123
9792 0.000163
9793 0.000090
9794 0.000131
9795 0.000080
9796 0.000029
9797 0.000081
9798 0.000127
9799 0.000046
9800 0.000085
9801 0.000079
9802 0.000211
9803 0.000192
9804 0.000128
9805 0.000088
9806 0.000126
9807 0.000067
9808 0.000151
9809 0.000051
9810 0.000059
9811 0.000052
9812 0.000082
9813 0.000160
9814 0.000090
9815 0.000116
9816 0.000181
9817 0.000104
9818 0.000044
9819 0.000090
9820 0.000110
9821 0.000155
9822 0.000075
9823 0.000106
9824 0.000176
9825 0.000058
9826 0.000167
9827 0.000015
9828 0.000164
9829 0.000148
9830 0.000137
9831 0.000112
9832 0.000080
9833 0.000200
9834 0.000086
9835 0.000038
9836 0.000108
9837 0.000110
9838 0.000038
9839 0.000050
9840 0.000182
9841 0.000037
9842 0.000050
9843 0.000107
9844 0.000155
9845 0.000142
9846 0.000082
9847 0.000093
9848 0.000172
9849 0.000084
9850 0.000019
9851 0.000070
9852 0.000176
9853 0.000092
9854 0.000104
9855 0.000195
9856 0.000217
9857 0.000291
9858 0.000095
9859 0.000086
9860 0.000069
9861 0.000051
9862 0.000082
9863 0.000210
9864 0.000129
9865 0.000097
9866 0.000072
9867 0.000109
9868 0.000131
9869 0.000111
9870 0.000024
9871 0.000130
9872 0.000042
9873 0.000062
9874 0.000095
9875 0.000089
9876 0.000120
9877 0.000069
9878 0.000045
9879 0.000141
9880 0.000178
9881 0.000135
9882 0.000115
9883 0.000161
9884 0.000259
9885 0.000185
9886 0.000082
9887 0.000117
9888 0.000057
9889 0.000056
9890 0.000114
9891 0.000175
9892 0.000040
9893 0.000160
9894 0.000109
9895 0.000054
9896 0.000090
9897 0.000083
9898 0.000214
9899 0.000042
9900 0.000207
9901 0.000127
9902 0.000063
9903 0.000126
9904 0.000203
9905 0.000178
9906 0.000120
9907 0.000086
9908 0.000065
9909 0.000097
9910 0.000090
9911 0.000039
9912 0.000027
9913 0.000114
9914 0.000068
9915 0.000062
9916 0.000084
9917 0.000081
9918 0.000054
9919 0.000081
9920 0.000110
9921 0.000051
9922 0.000131
9923 0.000073
9924 0.000042
9925 0.000075
9926 0.000087
9927 0.000169
9928 0.000073
9929 0.000111
9930 0.000049
9931 0.000056
9932 0.000096
9933 0.000180
9934 0.000099
9935 0.000086
9936 0.000090
9937 0.000098
9938 0.000136
9939 0.000021
9940 0.000127
9941 0.000127
9942 0.000100
9943 0.000036
9944 0.000053
9945 0.000104
9946 0.000065
9947 0.000274
9948 0.000015
9949 0.000209
9950 0.000069
9951 0.000159
9952 0.000057
9953 0.000146
9954 0.000217
9955 0.000088
9956 0.000111
9957 0.000181
9958 0.000139
9959 0.000166
9960 0.000049
9961 0.000118
9962 0.000117
9963 0.000109
9964 0.000086
9965 0.000099
9966 0.000081
9967 0.000155
9968 0.000133
9969 0.000076
9970 0.000146
9971 0.000108
9972 0.000030
9973 0.000146
9974 0.000111
9975 0.000147
9976 0.000156
9977 0.000098
9978 0.000133
9979 0.000086
9980 0.000095
9981 0.000095
9982 0.000116
9983 0.000106
9984 0.000224
9985 0.000147
9986 0.000063
9987 0.000057
9988 0.000104
9989 0.000129
9990 0.000080
9991 0.000159
9992 0.000043
9993 0.000110
9994 0.000112
9995 0.000089
9996 0.000174
9997 0.000089
9998 0.000119
9999 0.000085
Sum of ranks: 1.000000
Iterations: 11
Converged: true
Execution time: 27923.717000 ms
