Algorithm: Prim's MST

MST edges:
0 1 93
1 2 25
2 3 86
3 4 22
4 5 57
5 6 78
6 7 19
7 8 6
8 9 17
9 10 82
10 11 10
11 12 13
12 13 23
13 14 70
14 15 51
15 16 49
16 17 48
17 18 54
17 38854 59
38854 38855 14
38854 38853 67
18 21649 84
21649 21648 32
21648 21647 38
21649 21650 45
21650 21651 24
21651 48181 44
48181 48182 11
48181 15591 31
15591 15592 16
15592 15593 6
15593 49675 39
48181 48180 44
15593 15594 56
15594 31270 44
31270 31271 17
31270 31269 49
31269 31268 16
21647 21646 64
15594 15595 65
15595 15596 7
15596 24224 18
15596 15597 32
24224 24225 61
15591 15590 72
15590 15589 29
15589 15588 20
24225 24226 73
24226 24227 34
24227 24228 59
49675 49674 73
49674 34425 34
34425 34426 8
34425 34424 24
34424 34423 25
34423 21977 2
34423 1563 14
21977 21976 19
1563 1564 37
21976 21975 37
1564 1565 48
49674 49673 53
49673 49672 16
1563 1562 60
1562 1561 38
1561 1560 14
1560 1559 42
1559 1558 47
1558 1557 20
1557 1556 20
1556 1555 36
1555 1554 13
21977 21978 65
34423 34422 69
48182 48183 74
48183 48184 18
49675 49676 74
21978 21979 75
21979 21980 54
21980 21981 20
21981 21982 14
21982 21983 35
21975 21974 76
48184 48185 76
48185 48186 20
21979 8266 80
8266 8265 62
8265 8264 33
8264 8263 18
8265 23980 58
23980 23979 39
23979 23978 22
23978 23977 7
23977 23976 11
8263 8262 62
8262 8261 46
23976 23975 67
8266 8267 69
8267 8268 5
8268 8269 28
8269 6805 20
6805 6804 50
6804 6803 2
8269 35072 57
35072 35071 1
35072 35073 51
35073 35074 16
6805 6806 70
8269 8270 70
23980 23981 71
23981 23982 13
35073 39002 76
39002 39003 38
39002 39001 79
39001 39000 21
49676 49677 80
8261 8260 81
8260 8259 59
8259 8258 2
31271 31272 82
31272 31273 40
31273 35826 27
35826 35827 3
35827 35828 17
31273 31274 29
31274 31275 7
35828 35829 45
35829 35830 50
35830 35831 54
35831 35832 32
35831 20206 73
31275 31276 74
31276 31277 69
31277 31278 20
31278 39610 39
39610 39611 1
31278 49438 46
39611 39612 51
39612 39613 51
31278 31279 55
39610 39609 67
39609 39608 50
39608 39607 22
31279 31280 73
31280 31281 48
31281 31282 29
31280 20728 73
20728 20727 46
49438 49437 76
49672 49671 82
49671 49670 52
39607 6109 83
6109 6108 6
6108 6107 30
6108 1779 44
1779 1780 37
1780 3732 28
3732 3731 12
3731 3730 1
3730 3729 45
1780 1781 65
1781 1782 31
3732 3733 78
35074 35075 83
35075 35076 34
35076 30095 71
30095 30094 58
30094 30093 15
30093 30092 70
30092 30091 54
30091 30090 21
30090 30089 13
30089 30088 78
30092 48303 81
48303 48302 42
48303 48304 50
48304 48305 4
48305 48306 16
48306 48307 64
48307 47871 27
47871 20235 13
47871 47872 18
20235 20234 20
47872 2473 31
48307 48308 31
48308 48309 25
48309 48310 9
2473 2472 39
20235 20236 40
48310 48311 40
47871 47870 42
47872 40256 43
40256 40255 19
2473 2474 46
48311 48312 47
20236 20237 57
20237 3140 1
20237 20238 15
20238 20239 32
3140 3139 52
2473 49795 60
49795 49796 10
49796 49797 10
49796 11400 44
2472 2471 63
47872 47873 63
47873 47874 28
47874 47875 3
47875 47876 25
47876 47877 18
47877 47878 40
47878 47879 7
47878 3362 56
3362 3363 57
3363 3364 14
3364 3365 35
48312 48313 66
48313 48314 12
48314 48315 56
49797 49798 68
49798 49799 13
49799 49800 47
49800 49801 5
49801 49802 58
49802 49803 22
2474 2475 69
2475 2476 17
2476 2477 13
3365 3366 69
20238 18406 69
18406 18405 57
18405 18404 30
18406 18407 60
18407 18408 7
18408 18409 59
18409 18410 27
18410 18411 58
18411 18412 15
18412 25874 6
18412 18413 19
25874 25875 58
25875 25876 37
25876 25877 53
25877 25878 20
25878 25879 60
25879 25880 7
25880 25881 22
25881 25882 27
25882 25883 27
48302 48301 69
48301 48300 7
3366 3367 70
47879 47880 72
47880 3299 5
47880 47881 45
47881 47882 43
48300 48299 76
48299 48298 52
49803 49804 76
49804 49805 39
49805 49806 13
49806 49807 60
49807 15661 9
15661 15660 4
15660 15659 5
49807 49808 9
49808 2494 32
2494 2495 31
15660 37249 32
15661 15662 40
15662 15663 12
15662 3950 44
2494 2493 48
2493 35699 38
35699 26761 12
35699 35698 19
35699 35700 37
26761 26760 41
26760 26759 45
26759 26758 37
26758 26757 5
26758 38807 6
26757 26756 18
26757 22045 21
22045 22044 22
22044 22043 1
38807 38808 28
22043 22042 33
26756 26755 44
26755 26754 22
38807 38806 46
26761 26762 52
26762 26763 34
35698 35697 52
35697 35696 56
35696 35695 35
15663 15664 62
37249 37250 62
22042 22041 66
2493 2492 70
2492 2491 24
2491 2490 16
2490 2489 56
2489 2488 18
2488 2487 8
2488 13956 12
13956 13955 1
2489 14798 22
13956 13957 29
13957 13958 51
14798 14799 60
14799 14800 22
14800 14801 47
14801 45818 20
45818 45817 11
45818 45819 24
45817 45816 25
14801 14802 55
45816 45815 55
45815 45814 11
45814 45813 23
45813 45812 20
2487 2486 62
2486 2485 45
2485 2484 10
2484 2483 14
14799 38542 63
38542 38541 42
38541 38540 36
38540 38539 51
2486 19494 64
19494 19493 65
19493 19492 22
19492 19491 61
19491 19490 68
19490 16642 43
16642 16643 42
16642 16641 51
3950 3949 70
3949 3948 23
3948 3947 20
3947 39150 22
39150 39149 28
39149 39148 19
39148 39147 30
39147 39146 3
39146 39145 41
39145 39144 41
39144 39143 57
39143 39142 56
39142 39141 33
13955 13954 70
13954 13953 55
13953 13952 8
13952 13951 13
13953 19003 14
19003 19004 16
13953 2068 34
2068 2069 42
19004 19005 53
19005 19006 33
19006 19007 19
19007 19008 22
19008 19009 4
19008 36901 17
19009 19010 18
2068 2067 58
19010 19011 60
19011 19012 16
19011 16796 20
16796 16795 61
16795 40226 35
40226 1452 45
40226 40225 52
40225 40224 34
1452 1451 63
1452 1453 63
1453 1454 46
1454 21474 24
21474 21473 38
21474 21475 38
21475 21476 9
21475 33809 9
1454 1455 41
21476 21477 49
1451 1450 66
1450 1449 6
1449 1448 5
1450 2416 56
2416 2415 12
2416 2417 13
2417 2418 53
2415 2414 57
2414 2413 33
2416 17855 59
17855 17854 39
17854 17853 18
17853 17852 27
17852 17851 20
17855 17856 40
2415 19704 64
19704 19703 21
19703 19702 37
19704 19705 53
19705 19706 50
19706 19707 56
19707 19708 48
19708 19709 20
19709 19710 25
19710 19711 17
19711 19712 6
19712 19713 25
19711 8809 35
19713 19714 44
8809 8808 48
8808 8807 35
8807 8806 26
8809 8810 58
8810 8811 27
19707 34618 60
34618 3325 9
34618 34617 31
3325 3326 39
3326 3327 54
3327 3328 44
3328 3329 37
19714 19715 61
8811 8812 62
19714 14308 62
14308 14307 25
14307 14306 43
8812 8813 64
2067 2066 66
2066 2065 60
2065 2064 31
17851 17850 67
17850 17849 29
17849 23124 4
17849 21466 5
23124 23125 10
21466 21467 11
23124 23123 12
21467 21468 19
17849 17848 33
23125 23126 34
23126 23127 4
21466 21465 36
17848 17847 41
17847 17846 18
23125 9019 42
9019 9018 28
9018 9017 53
9017 9016 49
21465 21464 53
21464 21463 18
9018 22610 56
23127 23128 56
23127 22086 57
22086 22085 21
22086 22087 44
22085 22084 51
22087 22088 59
22085 49883 59
9016 9015 60
9015 9014 58
9014 9013 12
9016 9234 61
9234 9235 9
22088 22089 62
22089 22090 58
17846 17845 63
9019 9020 66
9020 9021 3
1455 1456 68
1456 1457 53
21468 21469 68
21469 21470 8
34618 34619 69
34619 34620 17
34620 12349 20
12349 12350 3
12349 18490 37
18490 18489 42
12349 12348 48
34620 34621 63
34621 34622 68
16795 16794 70
16794 16793 17
16793 16792 61
16792 16791 23
16791 16790 30
21470 21471 70
1448 1447 71
1447 1446 7
3329 3330 71
3330 3331 28
3331 3332 63
3332 19578 40
19578 19579 54
3332 3333 58
3333 3334 26
3334 3335 11
3334 47799 40
47799 47798 24
47799 47800 36
47798 47797 56
47797 47796 6
47796 47795 12
47797 21836 32
47796 28536 37
47795 47794 47
47794 47793 39
47793 47792 55
47792 47791 38
47791 47790 9
47790 47789 30
47789 47788 39
47793 15258 58
15258 15257 41
19579 26496 65
26496 26497 23
26496 26495 26
26497 26498 35
26498 26499 35
26499 26500 42
26500 26501 8
26501 26502 19
26502 26503 7
26503 37192 50
37192 37193 30
37192 37191 47
37191 28379 4
28379 28378 8
26502 47100 52
47100 47101 6
28378 28377 53
28377 28376 28
28376 28375 50
28375 28374 59
26495 26494 65
26494 26493 39
28379 28380 67
28380 25838 51
25838 25837 8
25837 25836 10
25836 25835 38
25835 46091 1
25838 25839 56
25839 32813 5
32813 32812 2
32812 32811 31
32811 32810 7
32813 32814 46
32814 32815 23
32815 32816 21
32816 32817 6
25839 25840 60
15664 16245 71
16245 16244 11
16244 16243 7
16245 16246 42
16246 16247 36
16243 16242 65
16242 47961 45
47961 47962 9
47962 47963 52
47961 47960 55
47960 47959 23
16242 16241 56
16247 26433 69
26433 26434 50
26434 26435 15
26435 45168 43
45168 45169 3
45168 13149 22
13149 13150 32
13149 13148 36
13148 20072 43
20072 20071 20
20072 20073 58
45169 45170 58
45170 45171 49
13150 13151 60
13151 13152 38
13152 13153 48
13153 13154 32
13154 13155 19
26434 33733 60
33733 33734 5
33733 33732 12
33732 33731 45
33731 33730 8
33730 33729 10
33729 33728 5
33728 33727 5
33727 33726 33
33726 33725 1
33725 33724 9
33726 29799 19
33724 39189 21
39189 39188 6
39188 39187 8
33724 33723 35
33723 33722 5
33722 33721 5
39187 39186 38
29799 29800 39
29799 29798 40
29798 29797 16
29797 29796 7
29796 29795 9
33732 23061 46
39186 39185 46
39185 171 6
39185 39184 18
171 172 30
33721 33720 53
33720 33719 31
33719 33718 25
29795 29794 55
29794 29793 45
33734 33735 55
33724 17552 56
33718 33717 59
33717 33716 43
45171 45172 60
45172 45173 35
45173 45174 44
45174 45175 36
29800 29110 61
29110 29109 35
29109 29108 15
29108 29107 2
29107 29106 31
29106 29105 29
13148 13147 62
26435 26436 66
26436 26437 38
26437 26438 57
39186 36720 67
36720 36721 23
36720 36719 32
36719 36718 14
36718 36717 31
36717 36716 40
36716 36715 4
36721 36722 43
36715 36714 56
36714 36713 41
36713 36712 50
36712 36711 29
36711 21926 26
21926 21925 5
21926 21927 7
21927 21928 4
21928 21929 17
21929 21930 5
21925 21924 48
21924 21923 63
21923 21922 64
21922 21921 13
21921 34803 42
21921 21920 44
21920 21919 14
21919 21918 53
21918 21917 20
21917 21916 12
21916 21915 36
21915 21914 22
21914 21913 69
21913 21912 44
21912 21911 51
29105 29104 70
29104 29103 28
29103 29102 31
29102 29101 30
33719 14579 71
14579 14578 49
14579 14580 49
3325 18143 71
18143 18144 16
18144 18145 39
18145 18146 47
19012 19013 71
19013 19014 49
29800 29801 71
29801 29802 71
29802 29803 4
29803 12347 19
12347 12346 25
12346 12345 57
12345 17434 59
17434 17435 43
17435 17436 18
17436 17437 37
17437 17438 11
17438 17439 40
13150 3519 72
3519 3520 2
3519 3518 32
3518 3517 26
16796 16797 72
16797 31126 40
31126 31127 44
31127 23849 16
23849 23848 61
23848 23847 26
23847 23846 60
23846 23845 12
23845 23844 48
31127 31128 64
31128 46076 61
31126 31125 69
46076 46077 69
46077 46078 21
46078 46079 46
46077 35652 66
35652 35651 52
18490 18491 72
18491 18492 32
18492 18493 26
18493 18494 69
18494 18495 12
18495 18496 49
18496 18497 21
18497 18498 36
18498 18499 3
19003 19002 72
19002 19001 19
45174 19065 72
19065 19066 46
19066 19067 38
22610 22611 72
22611 9068 37
9068 9067 29
9067 9066 22
9066 9065 4
9065 9064 39
22611 22612 59
22612 22613 29
22613 34162 49
34162 34161 31
34161 34160 38
34160 46867 59
46867 46868 33
46868 46869 33
46869 46870 25
46870 46871 15
46871 46872 28
29803 29804 72
29804 29805 56
29805 29806 28
29806 29807 12
29807 29808 21
49883 49882 72
49882 49881 42
49881 49880 31
49880 49879 30
49880 12798 36
12798 12797 18
49879 49878 40
49878 49877 18
12798 12799 65
12799 12800 34
12800 12801 13
12801 12802 70
12802 12803 9
12803 33466 20
33466 33465 19
12802 41936 24
12803 12804 36
12804 12805 33
12805 12806 6
41936 41935 53
41935 41934 13
41934 41933 34
41933 41932 57
41932 41931 52
41931 41930 29
41930 41929 8
41932 24064 60
33466 33467 62
12805 36753 65
33465 33464 67
33464 33463 14
33463 33462 54
33462 44676 31
44676 44677 45
44677 44678 15
44678 44679 8
44678 27469 60
27469 27468 23
27468 44969 18
44969 44968 38
44968 44967 5
27468 27467 65
27467 27466 41
27466 27465 43
27465 27464 5
27464 27463 33
27463 27462 59
27462 27461 5
27462 30841 54
30841 30840 18
30841 45302 27
45302 45303 3
45302 45301 28
45303 45304 40
30841 30842 41
30842 30843 4
30843 16839 2
16839 16838 1
16839 40860 11
40860 40859 4
16838 16837 28
45304 45305 41
45305 45306 23
40859 40858 43
40858 40857 29
40857 40856 33
40856 40855 2
30843 40790 46
40790 32752 22
32752 41095 8
41095 41096 42
41096 41097 34
40790 40791 43
40791 40792 22
40792 40793 21
41097 41098 47
41098 41099 35
41099 41100 30
32752 32751 48
32751 32750 44
32750 32749 12
32749 32748 17
40790 40789 49
40789 40788 32
40788 40787 41
40787 40786 23
40786 40785 9
45301 45300 49
45300 45299 47
45299 45298 31
45298 45297 51
45297 45296 48
45296 45295 13
45295 45294 11
41097 27746 54
27746 27747 54
27747 27748 7
27748 30947 9
30947 30948 15
27748 27749 39
41100 41101 54
41101 41102 46
41102 41103 48
41103 550 53
550 549 51
40793 40794 55
40794 40795 34
40795 40796 16
40796 10253 28
10253 10252 13
10252 10251 47
16839 16840 56
16840 16841 25
16841 16842 34
16842 16843 21
16843 16844 35
32748 32747 56
32749 31333 59
31333 31332 44
31332 31331 37
31333 31334 47
31334 31335 46
32747 32746 59
32746 32745 20
32745 32744 53
32744 687 35
32744 32743 51
687 688 61
688 689 39
689 690 43
690 691 23
691 692 2
691 17487 23
17487 17486 56
17486 17485 58
17485 17484 44
17484 17483 1
17483 17482 59
17482 17481 31
17481 17480 50
40855 40854 62
40854 40853 60
40853 24676 22
24676 24677 1
24677 24678 42
40853 40852 56
40852 40851 5
41095 41094 64
41094 41093 52
41093 41092 16
41092 1113 20
1113 1114 9
1114 13288 7
41092 41091 34
1114 1115 42
1115 1116 17
1115 28044 23
1116 1117 54
1117 1118 13
1118 1119 19
1119 1120 18
1120 1121 22
13288 13287 55
16837 16836 65
40796 40797 65
40797 40798 61
40798 40799 60
40799 40800 14
28044 28045 68
28045 28046 41
41933 38345 69
38345 38346 3
38346 38347 27
38345 38344 31
38347 38348 50
38348 38349 33
38349 38350 6
692 693 71
693 33277 16
33277 33276 9
33276 42560 25
42560 42561 17
42561 42562 30
42562 11182 9
11182 11183 56
11183 11184 30
11184 11185 41
11185 12203 6
12203 12202 35
12202 15032 18
12202 12201 32
15032 15031 38
15031 15030 2
15031 16261 25
16261 16262 10
15030 15029 28
12201 12200 52
11182 11181 59
15032 15033 59
15033 15034 43
15034 15035 42
15035 15036 28
15036 15037 42
12203 12204 62
12200 12199 71
16262 16263 71
16263 16264 24
16264 16265 32
16265 16266 44
16266 16267 55
30840 30839 71
30839 30838 26
30838 30837 30
30837 30836 19
30836 30835 67
24676 24675 72
24675 24674 40
24674 11520 67
11520 11519 18
11520 11521 54
11521 11522 14
11522 11523 44
41936 41937 72
41937 41938 45
41938 41939 47
41939 41940 4
41940 41941 13
693 694 73
694 30601 6
694 695 14
695 696 40
30601 30600 55
30600 30599 72
30599 30598 64
30598 30597 15
1457 1458 73
1458 1459 31
1459 9127 42
9127 9126 6
9126 9125 4
9125 9124 6
9124 9123 40
9123 9122 38
9122 9121 33
1459 1460 47
1460 42409 36
9127 9128 54
9128 9129 3
9129 9130 23
9121 9120 57
9130 9131 66
9131 9132 4
9132 9133 4
9133 9134 20
9134 9135 52
9135 9136 48
36753 5338 73
5338 5337 7
5337 14419 30
14419 14418 16
14419 14420 18
14418 14417 47
5338 5339 56
14420 14421 71
14421 14422 20
14422 14423 63
14423 14424 34
14424 19285 11
19285 19284 49
19284 19283 13
19285 19286 62
19286 19287 54
19287 19288 40
19288 39625 6
39625 39624 39
19288 19289 43
39624 16691 50
16691 16690 9
16690 35102 22
35102 35101 12
16690 16689 35
35101 33236 41
33236 46232 12
46232 46231 21
33236 33237 39
33237 33453 22
39624 39623 50
39623 22457 26
39624 27773 52
33236 33235 53
33453 33454 53
33454 33455 47
39625 39626 57
33237 33238 58
16691 16692 62
16692 16693 39
39623 39622 64
16689 16688 69
16688 16687 54
16687 16686 6
16687 43186 19
43186 43185 10
43185 24093 45
24093 24092 9
24093 24094 19
24094 24095 14
24092 24091 21
24091 40437 22
40437 40436 33
40436 40435 10
40435 41852 28
41852 41853 1
40435 40434 32
40434 40433 45
24091 24090 51
40433 40432 55
40432 18525 8
18525 18524 16
18524 18523 31
18523 43488 25
43488 43489 10
24090 24089 56
24089 24088 35
24088 24087 19
24087 49623 49
49623 49622 5
49622 49621 2
49623 49624 30
24095 24096 57
40432 40431 58
24088 40617 60
40617 40616 20
40617 40618 43
40618 40619 4
40619 40620 9
40620 40621 24
40620 24970 44
24970 24971 5
24971 24972 1
24972 24973 40
24973 24974 9
24973 49385 19
24974 24975 35
49385 49384 39
49385 49386 40
49386 49387 21
49387 49388 16
49384 49383 42
49383 49382 23
43489 43490 62
43490 43491 19
43491 43492 9
43492 43493 47
18525 18526 63
24970 24969 64
24969 24968 60
24968 24967 29
24967 24966 35
24966 24965 37
24967 43966 38
43966 43967 4
43967 12831 12
12831 12832 13
12832 12833 29
24965 24964 39
43967 43968 46
12831 12830 47
43966 43965 59
43965 43964 30
43964 43963 61
12833 12834 63
12834 12835 29
12835 45776 14
12835 12836 16
45776 45777 39
12836 12837 40
12837 12838 23
12838 12839 12
12839 12840 15
45777 45778 54
12840 12841 56
12841 12842 2
12842 12843 20
12841 7354 31
7354 7353 53
12831 27705 63
27705 27704 7
27705 27706 7
27705 37881 27
37881 37882 13
27706 27707 31
27706 36752 35
36752 36751 15
37881 37880 37
37882 37883 38
27704 27703 47
27703 17521 31
17521 17520 33
37880 37879 50
37879 1225 17
37879 37878 17
1225 1224 21
37878 37877 58
37877 37876 33
37876 37875 27
1224 1223 59
1223 1222 55
37883 37884 63
37884 37885 39
40616 40615 64
43966 47023 66
47023 37738 22
37738 37737 2
37738 37739 54
12830 12829 67
40615 40614 68
40614 40613 22
7354 7355 69
22457 22458 69
22458 22459 43
22459 22460 54
27773 27772 69
27772 27771 5
27771 27770 57
22457 22456 70
22456 22455 49
39626 37887 70
37887 37886 36
37887 37888 45
37888 37889 26
37889 37890 5
37890 37891 5
37891 37892 12
37892 37893 25
37890 40366 28
40366 40367 29
37891 32297 31
32297 32298 48
37893 37894 51
37894 37895 47
37895 37896 39
32297 32296 57
32296 32403 5
32296 32295 7
32403 32402 22
32295 32294 30
32294 32293 31
32293 32292 25
32296 25125 36
25125 25126 47
25126 25127 20
32292 26218 54
26218 26217 55
26217 26216 7
26216 26215 6
26215 26214 3
26214 26213 51
26213 26212 60
26212 26211 35
26211 26210 38
26210 26209 47
26209 26208 17
26208 26207 31
26207 35122 7
26207 26206 16
35122 35123 35
26208 32244 37
32403 32404 61
32404 35653 31
32404 10854 33
10854 10853 23
10853 10852 23
35653 35654 33
10854 10855 36
35654 35655 41
10855 10856 43
10856 10857 1
10857 10858 10
10858 10859 39
10859 10860 3
10860 10861 9
10854 43485 48
43485 43486 40
43485 14524 45
14524 14523 48
14523 14522 6
10852 10851 49
10851 10850 43
10850 10849 11
10849 10848 26
10848 10847 26
43485 43484 51
43484 43483 3
32404 32405 59
32405 10243 32
10243 10242 48
14524 14525 60
14525 14526 48
14526 14527 50
14527 14528 15
14528 14529 34
25127 25128 62
25128 25129 58
25126 47129 63
47129 47128 49
47128 47127 17
47127 36056 25
36056 36055 20
47127 12703 29
36055 36054 41
36054 36053 46
36053 36052 61
47129 47130 61
40366 40365 64
40365 40364 20
40365 33695 52
40364 40363 55
40363 40362 46
40362 40361 9
40361 40360 24
40360 40359 5
33695 33694 57
33694 33693 30
33693 33692 11
33692 33691 35
33692 16328 50
16328 16327 21
16327 16326 36
16326 16325 32
16328 16329 46
16329 16330 54
16330 37565 9
37565 37566 57
37566 37567 12
37567 37568 38
16325 16324 59
16324 16323 57
16325 43226 65
43226 43225 24
43226 43227 29
43227 43228 26
43228 43229 5
43229 43230 32
37568 37569 67
37569 37570 44
37570 35420 5
10243 10244 68
10244 10245 43
10245 10246 8
10246 10247 42
10247 10248 31
37894 46647 68
46647 46646 33
46646 46645 42
46647 46648 51
46648 46649 66
46649 46650 16
37565 37564 69
37564 37563 18
37563 37562 31
37562 37561 15
37561 37560 35
37560 37559 55
37559 37558 30
37558 37557 45
37557 2354 23
2354 20912 11
2354 2353 32
20912 20913 54
20913 20914 41
20914 20915 45
20915 20916 37
2353 2352 57
2352 24798 54
32244 32243 70
32243 32242 46
32242 32241 70
32241 32240 22
32240 32239 34
32239 32238 46
43230 43231 70
43231 43232 41
1225 1226 71
1226 1227 5
1227 1228 60
1228 1229 70
26217 5602 71
5602 5603 34
12703 12702 71
12702 12701 47
12701 10050 11
12701 12700 14
14529 14530 71
27770 27769 71
27769 27768 21
27768 27767 47
27767 27766 55
27766 27765 20
49621 49620 71
1227 2257 72
2257 2258 60
24971 16225 72
16225 16226 21
16225 16224 35
16224 16223 61
16223 16222 63
16222 16221 7
16221 16220 4
16220 16219 59
36751 36750 72
36750 36749 47
36749 36748 34
36748 36747 37
36747 36746 49
36746 36745 38
36750 17712 54
17712 17711 13
17712 17713 25
17713 17714 28
17714 17715 34
36746 36015 55
36015 36014 19
17711 17710 59
17710 17709 38
17709 17708 45
17708 17707 38
17707 7191 12
7191 7190 67
7190 33498 23
33498 33499 6
33499 34208 7
34208 34207 17
34207 21380 2
21380 21379 18
34208 34209 23
21379 21378 27
21378 21377 21
21377 21376 11
7190 7189 30
7190 15104 51
15104 15103 30
15103 15102 27
15102 15101 16
15104 15105 35
21376 21375 55
21375 21374 32
21374 21373 1
21373 21372 11
21376 15666 57
15666 15665 8
33498 33497 61
33497 33496 24
33496 33495 3
33495 33494 63
33494 33493 2
33493 33492 22
33492 33491 15
15105 15106 66
17707 17068 70
17068 17069 8
17069 21348 9
21348 21349 45
21349 21350 32
21350 21351 38
33491 33490 70
36745 36744 70
36744 36743 2
36743 24142 28
36743 36742 51
36742 42029 47
42029 42030 9
24142 35648 63
35648 35647 38
35648 35649 40
35649 35650 12
35647 35646 52
35646 35645 52
35648 23280 55
23280 23281 19
23281 6436 41
23281 23282 52
23282 23283 4
23283 23284 19
23284 23285 9
23285 23286 35
23286 23287 44
23287 23288 43
23288 23289 52
23283 798 53
798 799 11
799 4683 39
23280 27252 55
27252 27253 47
27253 27254 41
27252 27251 48
23280 23279 56
23279 23278 41
4683 4684 57
23280 23962 63
23962 23961 3
799 800 66
800 801 6
801 802 24
802 803 56
803 804 18
804 37485 10
804 805 31
805 806 61
37485 37484 62
37484 37483 3
37483 37482 44
37485 37486 62
42030 18449 66
18449 18448 56
18448 18447 53
18447 18446 37
804 11323 68
11323 11322 61
15666 15667 72
15667 15668 54
15668 15669 65
15669 15670 22
15670 15671 14
15671 15672 21
15672 15673 34
2258 2259 73
2259 2260 18
2260 2261 30
9120 9119 73
9235 9236 73
18143 18142 73
18142 18141 13
18141 18140 66
18140 18139 71
18139 18138 65
19014 19015 73
19015 19016 33
19016 19017 60
19017 19018 1
19702 19701 73
19701 19700 53
21836 21837 73
22455 22454 73
22460 22461 73
24975 24976 73
24976 6285 33
6285 6286 27
6286 6287 35
6287 6288 55
6288 6289 46
6289 6290 8
6290 6291 54
6291 6292 65
6292 6293 57
6285 6284 69
6284 20070 30
20070 20069 48
6284 6283 49
6293 6294 73
6294 6295 18
6294 5288 39
6295 6296 42
6296 6297 40
5288 5287 47
5287 5286 4
5286 1434 3
1434 1433 12
6297 6298 56
5286 5285 62
5285 5284 28
6298 6299 62
5284 5283 70
5283 5282 16
24976 24977 73
32752 32753 73
32753 32754 61
34207 34206 73
34206 34205 71
34205 34204 52
35655 35656 73
35656 35657 44
35657 35658 52
35658 35659 62
35659 35660 32
35660 35661 2
35661 45484 4
35661 35662 26
45484 45483 32
45483 45482 32
35662 35663 48
45483 35953 52
35953 35952 36
35953 35954 44
35954 35955 10
35955 35956 25
35956 35957 28
35954 34966 47
34966 34967 24
35954 47242 52
47242 47241 21
47241 47240 64
47240 47239 23
47239 47238 62
47238 47237 3
47242 47243 65
47243 47244 8
47244 47245 14
47245 47246 49
47246 47247 8
47247 47248 51
47248 47249 32
47249 47250 25
47242 25019 66
25019 25018 10
25018 25017 12
25017 25016 39
25019 25020 49
25020 25021 50
25021 25022 18
25022 39719 21
39719 39718 10
39718 39717 51
39717 39716 23
39716 39715 52
39715 39714 3
39714 39713 21
39713 39712 52
47237 47236 66
39719 39720 67
39720 39721 46
39721 39722 26
39722 39723 68
34967 34968 70
34968 34969 58
34969 34970 40
39712 39711 71
39711 39710 1
39710 39709 62
39709 39708 11
39708 39707 8
39707 39706 31
39706 39705 54
39705 10185 28
39705 39704 34
39704 39703 7
39703 39702 5
10185 10184 48
39702 39701 54
47236 47235 72
10185 10186 73
37896 37897 73
37897 37898 56
37898 41904 11
37898 37899 23
40621 40622 73
40622 40623 72
40623 40624 43
42029 42028 73
42028 30003 21
42028 42027 35
30003 30002 52
44969 44970 73
44970 44971 65
44971 44972 15
44972 3586 38
3586 3585 3
3586 3587 9
3585 33820 9
3587 3588 22
3588 3589 11
3589 3590 2
3585 3584 26
3584 3583 26
3583 3582 6
3583 215 25
215 214 5
215 216 15
3582 3581 28
3581 3580 48
3580 3579 31
3579 3578 15
214 213 56
213 14012 28
14012 14011 37
14012 14013 45
14013 14014 5
14012 7904 56
7904 7903 13
7904 7905 35
7905 7906 7
7903 1595 38
1595 1596 15
1595 1594 50
1594 1593 28
1593 1592 17
14011 14010 56
14014 14015 59
14015 14016 47
216 217 64
217 218 7
36742 2451 74
2451 2452 44
2452 2453 60
2453 2454 28
2454 2455 10
7353 7352 74
7352 7351 14
7351 7350 49
7350 7349 29
7349 7348 7
10847 10846 74
10846 10845 5
10845 10844 69
10844 10843 41
10843 10842 57
10842 10841 51
10841 36226 58
2495 12809 74
12809 12808 46
12808 12807 7
12809 12810 62
12810 12811 37
12811 12812 49
13155 13156 74
13156 13157 4
13157 13158 21
13158 13159 65
13159 13160 31
13160 13161 29
13161 13162 39
13159 5967 53
5967 5966 9
5967 5968 40
5966 5965 53
5965 5964 35
5964 5963 32
5963 5962 10
5962 35747 46
35747 35746 54
35746 34093 30
34093 34094 1
34093 25663 8
25663 25662 3
25663 25664 24
25664 25665 22
25665 18801 20
18801 18802 3
18801 45253 11
18801 18800 28
45253 45254 32
34094 34095 34
45254 45255 52
45255 45256 9
45256 28746 35
28746 28745 9
28746 28747 9
28747 28748 16
28748 28749 2
34095 34096 53
34096 34097 4
25662 25661 54
25661 25660 32
25660 25659 11
25665 25666 55
25666 30018 19
30018 30017 1
30017 30016 13
30016 30015 27
30018 30019 29
5962 5961 59
5961 26814 12
5961 5960 48
34097 34098 59
34098 34099 35
34099 34100 29
13161 3263 60
3263 3262 9
3262 3261 42
3261 3260 3
3260 3259 31
3259 3258 26
3258 3257 39
3257 3256 45
3256 34689 11
34689 34690 16
34689 34688 19
34688 34687 20
3258 17764 59
17764 17763 59
17763 23412 27
23412 23413 28
23413 23414 12
17763 17762 44
23412 23411 48
23411 23410 53
17762 17761 55
3259 23117 59
23117 23118 41
23118 23119 26
30019 30020 62
30020 30021 10
3263 3264 63
3264 3265 30
3265 3266 58
3266 3267 64
3267 3268 28
3268 3269 18
17764 17765 66
17765 17766 2
17766 17767 48
17767 17768 63
17768 17769 40
17769 17770 44
17770 17771 1
17771 17772 23
17771 14813 26
14813 14812 21
14813 14814 22
14814 14815 6
14815 14816 2
14816 14817 19
14817 14818 26
14818 14819 11
17772 17773 45
17773 17774 17
17774 17775 23
14819 14820 47
14820 14821 22
17761 17760 67
17760 17759 67
17759 17758 3
17758 17757 7
17757 17756 15
17756 17755 17
25666 25667 67
25667 25668 55
25668 25669 51
25669 25670 58
25670 25671 2
25668 25063 59
25063 42123 5
42123 42122 18
42123 42124 61
25063 25064 64
25064 25065 19
42124 42125 64
42125 42126 63
42126 42127 44
42127 42128 7
42128 42129 2
42129 42130 18
42128 16068 25
16068 16069 2
16069 16070 29
16070 16071 53
42130 42131 59
42131 42132 61
16068 16067 67
16067 16066 29
16067 37549 41
37549 37548 16
16066 44209 43
44209 44210 38
37548 37547 46
44210 44211 50
44211 44212 24
44212 44213 11
37547 37546 51
37546 37545 7
37545 37544 63
37544 37543 24
14816 47058 67
47058 47057 2
47058 47059 31
47059 47060 34
47057 47056 62
47056 47055 1
47055 47054 16
47054 47053 36
47053 47052 47
47052 13137 21
47052 47051 39
13137 13136 55
45254 9743 68
9743 9742 47
9742 9741 4
9741 9740 44
9740 9739 42
9739 24264 19
9739 9738 42
9738 9737 26
24264 24263 55
24263 24262 52
34100 34101 68
34101 34102 22
34102 34103 15
34103 34104 36
34104 34105 11
34105 46417 8
46417 46418 6
46418 46419 30
34104 6308 53
6308 6309 41
6308 6307 50
6309 6310 53
6310 6311 21
6311 6312 47
34690 34691 68
34691 34692 30
18802 18803 69
18803 36459 35
28745 28744 69
28744 28743 30
28743 28742 57
28742 28741 35
36459 36458 70
36458 36457 31
36457 36456 52
36456 36455 22
36455 36454 42
36454 6653 5
6653 6652 13
6652 6651 6
6651 6650 15
6650 6649 17
6651 1725 18
1725 1724 2
1725 1726 22
36454 36453 23
36453 36452 12
1726 12862 24
36453 8737 26
8737 8736 4
36452 18254 37
18254 18253 20
18253 18252 16
12862 12861 40
6651 1604 41
1726 1727 41
6653 6654 43
6654 6655 43
8736 8735 44
6653 32913 50
32913 32912 22
32912 32911 1
32913 32914 39
8735 8734 56
8734 8733 25
6655 4155 58
4155 4154 4
4154 4153 57
18254 18255 58
18255 18256 12
18256 18257 24
12862 12863 64
12863 12864 14
37549 37550 70
3259 49678 70
23410 23409 71
26814 26815 71
47051 47050 71
47050 47049 45
6655 6656 73
13136 13135 73
13135 38471 58
38471 38472 15
17775 17776 73
17776 17777 55
17777 17778 48
17778 17779 50
17779 17780 23
23414 23415 73
23415 23416 23
23416 23417 44
23417 23418 6
23418 23419 65
26815 26816 73
35746 35745 73
35745 35744 57
35744 35743 8
35743 35742 69
36458 46370 73
46370 46371 48
46371 46372 39
46372 46373 69
5968 5969 74
5969 5970 4
5970 5971 64
5971 5972 51
5972 5973 37
5973 5974 43
14580 14581 74
14581 14582 44
16261 16260 74
16260 34479 41
16260 6432 46
6432 6433 4
6432 6431 23
6431 6430 1
6430 5807 7
5807 5806 17
5807 5808 52
5808 5809 45
6433 6434 55
16260 21733 56
21733 21732 24
21733 21734 60
21734 21735 2
21735 21736 27
5807 39395 60
39395 39396 13
39395 39394 31
39394 39393 27
39393 39392 46
39392 39391 27
39392 36602 41
36602 36603 24
36602 40943 43
40943 40944 2
40943 40942 36
39394 45875 47
45875 45874 17
45874 45873 14
45873 45872 12
40943 19851 53
19851 19852 35
19851 19850 39
19850 19849 42
19849 19848 41
19848 19847 34
19847 19846 21
36603 36604 54
36604 36605 49
36605 36606 10
45872 45871 55
45871 45870 20
40944 40945 56
40945 35518 19
40945 40946 25
40946 40947 2
40947 40948 23
35518 35519 43
40944 1436 63
35518 35517 63
35517 33672 45
16260 16259 65
16259 16258 23
16258 16257 18
16257 16256 3
34479 5276 67
5276 5275 8
5275 5274 49
40948 40949 67
40949 40950 8
40950 40951 41
6430 6429 68
6429 6428 46
6428 6427 27
6427 6426 6
6429 11360 46
11360 12503 49
21736 21737 69
21737 21738 12
21738 21739 59
21739 21740 47
36602 36601 69
36601 36600 59
36601 2232 66
2232 2231 32
2232 2233 33
2233 41640 43
41640 41641 17
2233 2234 51
2232 41587 62
41587 41586 6
41586 41585 46
41585 41584 31
41584 41583 8
41583 41582 5
41582 41581 9
2234 2235 64
2235 2236 26
11360 11359 70
11359 17135 37
17135 17134 34
17134 17133 45
17133 17132 47
17132 17131 23
17131 25851 29
25851 25850 7
11359 11358 48
25851 25852 49
17135 17136 51
25850 25849 64
25849 25848 6
17131 17130 67
17130 17129 44
17129 17128 65
17128 17127 59
17127 17126 24
17126 17125 14
11360 11361 70
12503 12504 70
12504 12505 51
12505 12506 26
21732 21731 70
21731 21730 21
21730 21729 19
21731 15492 37
15492 15493 31
15493 15494 4
15494 15495 36
15495 15496 5
15495 20491 26
20491 20492 9
20492 20493 2
15496 15497 27
15497 9004 36
9004 9003 3
9004 8417 10
9003 9002 22
9004 9005 40
21729 21728 44
21728 38782 48
38782 38783 13
38783 38784 30
9002 9001 57
9001 9000 8
38784 38785 60
38785 38786 32
38786 38787 61
8417 8416 64
9000 8999 65
8999 8998 51
8998 8997 52
38787 38788 66
38788 19758 13
19758 19757 20
19757 19756 31
38788 38789 33
38789 38790 20
38790 38791 30
38791 38792 66
38792 38793 50
38793 38794 39
38794 38795 28
38792 8715 64
38782 38781 68
38781 38780 53
15497 15498 71
15498 15499 32
15499 15500 52
12503 12502 72
12502 12501 2
12501 12500 38
12506 12507 72
12507 12032 50
12032 12031 25
12507 12508 55
12508 12509 59
12032 42099 70
42099 42098 67
42098 42097 42
12032 12033 71
12033 19488 39
19488 19489 9
19488 19487 47
19487 48861 48
48861 48860 38
48860 48859 26
48859 48858 36
48861 48862 41
48858 48857 58
48857 48856 10
19487 19486 63
19852 19853 72
19853 19854 64
19854 19855 58
48861 38246 72
38246 38247 15
38246 38245 43
38247 38248 46
38248 38249 67
38246 42318 70
42318 42319 10
42319 42320 22
42320 42321 27
42321 42322 26
42318 42317 47
42318 2541 60
2541 2542 56
2542 40107 27
40107 12146 27
2542 2543 29
12146 12147 42
12146 12145 44
12145 12144 13
12145 23378 23
23378 25562 19
25562 2324 2
2324 2325 3
25562 25563 5
2325 2326 8
2324 2323 9
25562 25561 15
23378 23379 22
2323 2322 24
2322 2321 24
23378 23377 27
23377 23376 7
23378 47862 33
25563 25564 39
25564 25565 32
23376 23375 49
23375 23374 28
47862 47861 53
23379 23380 61
23374 23373 62
23373 23372 25
23372 23371 17
23371 23370 53
2326 2327 63
2327 2328 25
2328 2329 56
40107 40106 64
40106 40105 28
40105 40104 55
40104 40103 46
23378 28428 65
28428 28429 21
28428 28427 35
28427 28426 67
28426 28425 4
2329 2330 68
2330 2331 27
2331 21909 17
21909 21908 35
21908 21907 43
21907 21906 52
21906 21905 26
21905 21904 21
21904 21903 43
21903 21902 23
21902 21901 28
21901 21900 13
21900 21899 23
21909 21910 58
21899 21898 68
21898 21897 34
21897 21896 34
21896 21895 2
21895 16252 5
21895 21894 26
21894 21893 34
21893 21892 20
21894 13066 56
13066 13067 37
16252 16253 59
16253 16254 27
16254 16255 55
21892 21891 69
42317 42316 69
42316 42315 62
13066 13065 70
40103 40102 70
40102 40101 43
12147 12148 72
12148 12149 40
38780 38779 72
38779 48900 32
48900 48901 29
48901 1297 18
1297 1296 1
1296 1295 39
1296 26125 47
26125 26126 10
26126 26127 5
26127 26128 5
26128 26129 36
26129 26130 23
26125 26124 38
26124 26123 24
26123 26122 38
26130 27522 50
1295 34447 64
34447 34446 2
26130 26131 65
34446 34445 69
1297 1298 70
40951 40952 72
5806 5805 73
11361 11362 73
11362 11363 42
35518 25300 73
25300 25299 28
25300 25301 65
25301 25302 37
25302 25303 29
28425 28424 73
41640 41639 73
16686 16685 74
16685 16684 38
16684 16683 2
16797 16798 74
16798 16799 55
16799 16800 67
16800 16801 53
16801 16802 61
17068 17067 74
17067 17066 47
17066 17065 14
17065 17064 2
17064 17063 71
17069 17070 74
22041 22040 74
28046 28047 74
28047 28048 22
28374 28373 74
28373 28372 4
28372 28371 2
28371 28370 5
28370 28369 52
28372 25535 69
25535 25536 13
25536 11237 41
11237 11236 44
11236 11235 37
25536 25537 54
25537 25538 22
25538 25539 34
25539 25540 17
25535 25534 67
28741 28740 74
28740 28739 66
28739 28738 36
28738 28737 36
32238 32237 74
32237 32236 22
32236 32235 29
32754 32755 74
32755 32756 30
32756 32757 29
32757 32758 57
32758 32759 9
32759 32760 66
32759 28719 70
32760 32761 70
32761 32762 11
32762 32763 65
32763 32764 45
32762 28002 70
28002 34459 14
34459 34458 1
28002 28003 22
34459 34460 24
34458 34457 31
34457 34456 46
34456 34455 54
34455 34454 28
28002 28001 59
28001 28000 48
28000 27999 3
34460 34461 74
34461 34462 63
41639 41638 74
41638 41637 35
41637 41636 22
41636 41635 50
41635 41634 9
41634 41633 52
41637 1104 58
1104 1103 10
42097 42096 74
42096 42095 9
42095 42094 22
42094 440 32
440 441 5
440 439 33
42094 43582 41
43582 43581 4
43581 43580 38
441 442 42
442 443 31
443 444 34
444 445 14
445 43431 32
43431 43432 22
445 446 36
43580 43579 48
43431 43430 53
43430 43429 26
446 447 59
447 448 61
448 449 63
449 450 41
43429 43428 64
43582 43583 66
43583 43584 72
43584 43585 23
43585 43586 1
43586 43587 13
43587 16105 28
16105 16106 22
16106 16107 6
16107 16108 44
16108 16109 47
16105 16104 57
16104 16103 27
16103 16102 54
16102 16101 33
16101 16100 34
16100 16099 32
16106 25273 59
25273 25272 13
25272 25271 25
25271 25270 9
25270 25269 25
25269 25268 30
25273 25274 35
25269 27663 39
27663 27664 33
27663 27662 39
25274 20283 42
20283 20282 32
25268 25267 43
25267 25266 37
20283 20284 49
25266 25265 55
16102 35475 59
35475 35476 48
35476 35477 59
20284 20285 64
25274 25275 69
25275 25276 36
25265 25264 70
25264 25263 67
25263 25262 39
27664 27665 71
27665 27666 13
27666 27667 28
27667 27668 52
27668 27669 68
27669 30252 56
30252 30253 30
35475 35474 71
35474 3403 68
3403 3402 64
3402 3401 20
3402 45146 64
45146 45147 34
45147 45148 37
45148 45149 37
45149 45150 37
45150 45151 37
45151 8109 35
8109 8108 10
8109 8110 15
8110 8111 49
8111 8112 58
8108 8107 64
8112 8113 65
45148 31208 66
31208 31209 22
31209 31210 61
31210 31211 40
31211 31212 59
31212 31213 24
31213 31214 35
31214 31215 9
31215 31216 49
8112 29216 70
29216 29217 11
29217 29218 9
29218 29219 35
29219 29220 27
29216 29215 70
29215 29214 20
29214 29213 55
29213 29212 4
29215 22967 66
22967 22966 26
22967 22968 26
22966 22965 46
29212 29211 67
29211 29210 12
29210 29209 67
22968 22969 72
22969 22970 6
22970 22971 11
22971 22972 36
22970 27129 50
27129 27130 34
27130 27131 58
27131 27132 55
27132 27133 2
27133 27134 48
27134 23017 66
23017 23018 30
23017 23016 43
23016 23015 30
27134 27135 68
27135 27136 21
27136 27137 29
27137 27138 3
23018 23019 69
23019 25821 33
23019 23020 52
23020 23681 9
23681 23682 42
23682 23683 17
23683 23684 12
23683 30137 33
30137 30138 54
25821 25820 61
25820 25819 30
30138 30139 65
30139 30140 28
30140 30141 16
30141 2516 40
30141 30142 45
30142 30143 36
30143 30144 7
30144 30145 31
30145 30146 7
30146 30147 11
2516 2517 53
30142 4297 61
4297 4298 9
4298 41603 14
41603 41602 14
41602 41601 33
4298 4299 40
4299 4118 17
4118 4119 30
4297 4296 43
4296 4295 34
4118 4117 44
4117 4116 48
41603 41604 48
4116 4233 50
4233 4232 22
4233 4234 49
4234 4235 54
4235 4236 17
4236 4237 4
41604 13075 56
13075 13074 9
13074 13073 10
13075 13076 16
13076 13077 28
13077 13078 1
13073 13072 45
13072 13071 40
13071 13070 20
13071 44187 30
44187 44188 37
44188 44189 20
44187 44186 44
44186 44185 45
4232 4231 59
4299 4300 59
13070 13069 59
13069 13068 4
25819 25818 66
25818 25817 8
25818 34196 26
34196 34123 29
25817 25816 40
25816 25815 50
25815 25814 38
25814 25813 10
25813 25812 55
25812 25811 45
25811 25810 5
25811 49043 43
49043 49044 41
49044 49045 33
34196 34195 63
34195 34194 35
34194 34193 62
34193 34192 15
34192 34191 65
34191 34190 9
49043 49042 65
49042 49041 2
41604 41605 66
44189 44190 66
27129 27128 69
49041 49040 71
49040 45224 52
45224 45223 45
45223 45222 25
49040 49039 68
49039 49038 44
49038 49037 36
49037 49036 7
23684 23685 72
23685 23686 32
23685 31608 51
31608 31607 15
31607 31606 5
30252 30251 72
30251 30250 70
30250 30249 63
30249 30248 23
49036 49035 72
49035 49034 35
49034 49033 41
49033 49032 27
49032 49031 22
49034 33698 54
33698 33697 35
33698 33699 45
33697 33696 58
49032 37685 60
37685 37686 29
37686 36348 33
37685 37684 40
37684 30632 9
30632 30633 14
30633 30634 21
30634 30635 28
30635 30636 38
36348 36347 41
36347 36346 33
30636 30637 49
36348 36805 51
36805 10798 33
10798 10799 21
10798 10797 23
37684 37683 53
36348 36349 68
27138 27139 73
27662 27661 73
27661 27660 35
27660 27659 48
27659 27658 72
27658 27657 39
27657 27656 55
27656 27655 12
27656 23815 20
23815 23814 15
23814 23813 15
23814 36502 19
36502 36501 3
36502 36503 19
23813 23812 43
23815 23816 45
23816 23817 18
23817 23818 21
36502 9455 49
9455 24699 3
9455 9454 17
9454 9453 14
24699 16286 23
16286 16285 15
9455 9456 38
9456 9457 10
16286 16287 47
16287 16288 29
16288 16289 7
16289 16290 35
16290 16291 36
16291 16292 35
27655 27654 52
27654 27653 23
36503 36504 53
36504 36505 10
36505 36506 17
9453 9452 56
9452 9451 18
9451 9450 13
9450 9449 35
9449 9448 23
23818 23819 60
23819 23820 61
23820 23821 60
23821 23822 40
23822 23823 42
23823 23824 4
23824 23825 52
23825 23826 6
23826 23827 2
23827 23828 38
23828 48131 46
48131 48130 41
48130 48129 48
16285 29872 61
29872 29871 7
29871 27226 7
29872 29873 7
27226 27227 10
29873 29874 43
29874 29875 39
29875 29876 35
36502 48725 61
48725 37989 9
37989 37990 7
48725 48724 22
48724 48723 26
37989 37988 30
23812 23811 62
23811 23810 62
23810 23809 46
23809 23808 11
16292 16293 63
16293 16294 18
16294 20163 26
20163 20164 42
20164 11575 59
20163 15061 59
15061 15062 34
20163 20162 64
23828 23829 65
23829 23830 8
23830 23831 43
23831 23832 19
23832 23833 60
23833 23834 57
36506 36507 65
15062 15063 66
15063 46342 12
46342 46343 34
46343 46344 7
27226 27225 67
27225 32425 34
32425 32426 55
32425 39596 57
39596 39597 41
39597 39598 37
39598 39599 21
32425 32424 63
32424 32423 61
32423 32422 65
32422 14573 52
14573 14572 12
14572 14571 4
14571 14570 17
14570 14569 19
32422 32421 55
32421 32420 8
32420 32419 52
32419 32418 60
46344 46345 67
46345 46346 19
46346 46347 42
46347 46348 62
14569 14568 69
23808 23807 69
23807 23806 52
23806 23805 37
23805 23804 64
23804 23803 48
23803 23802 2
46342 38487 69
38487 38486 66
15061 15060 70
15060 15059 31
15059 20669 60
20669 20670 12
20669 20668 34
20162 20161 70
20161 20160 53
20160 20159 59
20159 20158 16
20158 42881 17
42881 42882 46
42882 42883 49
42882 41987 62
41987 41988 2
41987 41986 13
41988 41989 17
41988 28847 21
28847 28848 34
41986 41985 41
41985 41984 1
41984 41983 28
41989 41990 52
41990 41991 11
28847 28846 57
28846 28845 39
28845 28844 10
28844 20747 40
20747 20748 4
20748 20749 2
20747 44225 6
44225 44224 16
44225 44226 41
44226 44227 38
20747 20746 46
20746 20745 7
20745 20744 40
28844 28843 51
28843 28842 16
28842 28841 39
28841 28840 13
28840 28839 4
20744 20743 60
44227 44228 62
44228 44229 31
44229 44230 14
28839 28838 68
24699 24700 70
24700 24701 67
24701 49407 3
49407 49408 30
49408 49409 19
49409 49410 17
49407 49406 44
49406 30872 46
30872 30871 2
30871 30870 20
30872 30873 25
30873 7224 21
30870 13817 43
13817 13818 30
13818 13819 26
13819 43564 38
43564 43563 26
43564 11765 28
7224 19277 44
19277 15630 33
15630 45209 30
45209 45210 18
11765 11764 45
30870 9627 46
9627 9628 36
9628 9629 30
49408 8221 47
45210 45211 51
9629 9630 54
15630 15629 55
15629 3301 1
3301 3300 26
43563 43562 55
49406 49405 55
49405 49404 2
49404 49403 45
49410 49411 57
45211 45212 60
45212 45213 31
45213 45214 9
8221 8222 63
8222 8223 62
8223 8224 12
8224 8225 49
8224 5117 53
49411 32103 68
32103 32102 20
32103 32104 31
32104 33155 51
33155 33156 29
43564 43565 68
43565 43566 10
28848 28849 70
28849 28850 24
28850 28851 38
28851 28852 21
45214 45215 70
45215 45216 64
46347 18925 71
18925 18924 1
49404 24302 71
24302 24303 33
24302 24301 43
24301 24300 5
24303 24304 45
24304 46949 35
24300 24299 71
24299 24298 17
24298 24297 1
24297 24296 3
24296 24295 59
16294 16295 72
16295 16296 42
16295 29605 69
29605 29606 48
29605 29604 65
29604 29603 61
29603 29602 58
29602 29601 53
29601 29600 19
29600 29599 55
29599 29598 64
29598 29597 9
29597 29596 51
29596 29595 42
29595 29594 14
29594 29593 7
29595 8830 15
8830 8831 36
8831 8832 29
8830 8829 38
8829 8828 21
19277 19278 72
19278 19279 48
19279 24280 46
24280 24281 44
24281 24282 54
19279 19280 56
19280 19281 15
24282 24283 59
24283 1485 44
24283 24284 55
24284 24285 31
24285 40635 40
40635 40636 19
40636 40637 5
40637 40638 8
40635 40634 32
40638 40639 34
24284 6911 45
40639 40640 64
40640 40641 37
40641 31169 19
31169 31168 23
31168 31167 36
31169 31170 40
31170 31171 54
24280 24279 67
24279 9080 28
9080 9079 22
9079 9078 37
9078 9077 11
9077 9076 8
9076 9075 18
9075 9074 8
9080 9081 51
24279 24278 51
9081 9082 63
9082 9083 41
9083 9084 23
9084 9085 7
9085 9086 36
9086 9087 1
9087 9088 3
9082 48296 49
48296 48297 20
48296 48295 26
48295 48294 27
48294 48293 48
48293 48292 34
48292 48291 45
48291 48290 27
48290 48289 7
48289 48288 4
48289 7116 39
9087 2989 55
2989 2990 42
2989 2988 62
7116 7117 63
24281 35522 67
35522 35521 32
40641 40642 68
40642 40643 59
40643 27012 27
27012 27013 58
27013 27014 57
40643 40644 59
40644 38180 23
38180 38181 33
27012 27011 64
27011 27010 39
27014 27015 68
27015 27016 41
27016 22010 51
22010 22009 55
22009 22008 22
22008 22007 5
9074 9073 69
9073 9072 47
9072 9071 14
9071 9070 48
27010 27009 72
27009 27008 29
27008 27007 52
27007 27006 67
27006 27005 27
27005 27004 1
46343 27455 72
27455 27454 18
27454 27453 7
27453 27452 59
27455 27456 61
32418 32417 72
32417 32416 71
2990 2991 73
2991 2992 22
2992 2993 56
2993 2994 15
2994 2995 20
2995 2996 39
11575 11574 73
11574 11573 63
11573 11572 39
11572 11571 68
11571 11570 44
11570 11569 62
11569 11568 45
11568 11567 33
11567 11566 12
11575 11576 73
15059 15058 73
15058 15057 52
15057 15056 65
24278 24277 73
24277 24276 36
24276 16159 63
16159 16160 44
16160 16161 4
16161 1659 29
1659 6924 14
6924 6925 31
6925 39024 40
39024 39025 45
16161 16162 46
16162 24334 29
16162 16163 42
16163 15533 13
16163 16164 19
15533 15534 21
39024 39023 46
39023 39022 46
39022 39021 38
39021 39020 7
1659 1658 47
1658 1657 32
1657 1656 21
1656 1655 2
1656 17844 28
17844 17843 5
1655 1654 33
1654 1653 9
1653 1652 1
1652 1651 22
15533 15532 51
39024 15904 54
39020 48660 56
48660 48659 8
48659 48658 10
48658 48657 4
48659 1051 26
1051 1052 2
1052 8853 3
1051 1050 28
1050 1049 41
8853 8852 48
8852 8851 1
1052 1053 50
1053 1054 39
1651 3137 58
3137 3138 55
17843 17842 59
1658 36414 61
36414 36415 38
36415 36416 33
36416 36417 5
36417 36418 41
36418 36419 15
36419 36420 39
36420 36421 4
36421 36422 1
36422 36423 2
36423 36424 21
36424 36425 43
36425 36426 45
36426 36427 32
36427 14207 13
16159 16158 63
16158 16157 49
16157 16156 41
17842 17841 64
8851 8850 66
8850 8849 24
8849 8848 60
8848 8847 15
3137 3136 67
16156 16155 67
16155 16154 18
16154 16153 21
16153 16152 7
16153 7933 9
7933 7934 27
7934 7935 25
7935 7936 11
7935 21211 15
21211 21212 17
7936 7937 41
16152 16151 50
16151 16150 8
16164 16165 69
16165 16166 52
16166 16167 4
16167 16168 35
16168 16169 37
8853 8854 71
8854 8855 20
8855 8856 50
24276 24275 71
17841 17840 73
17840 11478 5
11478 34983 17
17840 17839 23
11478 11479 34
11479 11480 40
11480 11481 31
34983 34982 49
11478 11477 52
11477 11476 43
11476 11475 32
11475 11474 14
11474 11473 34
11481 11482 54
11482 11483 21
11483 11484 65
11484 11485 46
11485 11486 30
17839 17838 70
17838 17837 13
17837 17836 59
17836 17835 37
17835 43677 24
43677 43676 9
43676 24362 39
24362 24361 2
24362 24363 34
24363 24364 25
24363 15654 30
24364 24365 44
24365 24366 48
24366 14999 26
14999 14998 22
14998 14997 17
14997 14996 13
14996 14995 25
14999 15000 32
17835 17834 67
17834 31524 3
17834 17833 14
31524 47802 39
47802 47803 60
31524 31523 68
43677 43678 68
47803 47804 68
47804 47805 4
47805 47806 1
34983 34984 72
34984 26481 16
26481 26482 54
26482 26483 56
26483 26484 34
26484 26485 28
26485 26486 40
26486 827 55
827 828 19
34984 34985 64
34985 27397 19
27397 27398 32
27398 27399 17
27399 27400 20
27397 27396 36
27396 22530 9
22530 7611 21
22530 22531 21
22531 22532 10
7611 7610 31
7610 7609 14
27396 27395 44
27395 46466 27
46466 46467 39
46467 46468 9
46466 46465 47
22531 9391 58
9391 9390 20
9390 9389 32
27395 27394 64
27394 27393 23
27393 27392 27
27392 27391 24
27391 27390 26
27390 10955 23
10955 10954 39
10954 10953 43
10953 10952 36
10952 40030 16
27394 32771 57
32771 32772 4
10954 40372 63
40372 40371 29
40372 40373 60
34985 19081 65
19081 19080 14
19080 25765 28
19081 19082 31
19082 19083 55
26486 43809 67
43809 43808 6
43808 43807 26
43807 43806 3
43809 43810 28
43810 19449 46
19449 19450 43
19450 19451 41
828 829 68
829 33743 1
829 830 14
830 831 59
9389 9388 69
9388 9387 63
9387 9386 68
9386 9385 59
9385 9384 31
9387 39912 68
39912 39911 37
39911 39910 60
43810 43811 70
43811 43812 61
43812 43813 43
43813 43814 65
22531 30304 71
30304 30303 46
30303 30302 37
30302 30301 45
30301 30300 30
30300 30299 49
34985 34986 71
30304 30305 72
30305 30306 21
30306 30307 43
30307 30308 52
30308 30309 11
30309 30310 7
30310 30311 52
30311 30312 11
30305 30618 69
30618 30617 31
30617 30616 37
30616 30615 1
30618 30619 52
30619 30620 24
30620 38651 61
38651 38652 18
30615 30614 64
30617 19594 70
19594 19593 56
19594 19595 65
19595 19596 71
19596 19597 57
19597 34543 19
34543 34544 3
34543 34542 4
34544 34545 32
19597 19598 55
19598 19599 53
19599 19600 32
34542 34541 61
22532 22533 73
22533 22534 59
22534 22535 41
22535 22536 46
22536 22537 11
22537 22538 69
22538 22539 14
26486 26487 73
26487 25314 25
25314 2877 28
2877 2876 24
26487 26488 46
25314 25315 47
25315 25316 52
25316 25317 3
25317 25318 12
25318 25319 56
25319 25320 13
26488 26489 68
26489 26490 63
26490 26491 22
27400 27401 73
28838 28837 73
28837 28836 23
28836 28835 28
28835 28834 30
28834 28833 26
36419 33881 73
33881 33882 31
33882 33883 69
33883 46599 27
46599 46598 14
33883 47386 27
33883 29141 47
29141 29140 25
33883 23692 50
23692 23691 45
23691 23690 22
46598 46597 56
46597 46596 2
46596 46595 62
46595 20888 6
20888 20889 16
46595 46594 35
46594 46593 50
20889 20890 60
20890 20891 23
20891 34877 27
34877 34878 12
20890 21804 37
21804 21803 1
21803 24758 8
24758 24757 10
20891 20892 53
24757 37008 56
23692 23693 64
23693 23694 11
23694 23695 62
23695 23696 46
23696 17301 36
17301 20337 24
20337 20336 4
20336 20335 40
20335 20334 32
20334 20333 35
20333 20332 4
20332 20331 5
23696 23697 42
23697 23698 44
17301 8075 47
8075 8074 16
8075 8076 16
8074 8073 35
8073 8072 10
20888 20887 65
24757 24756 65
8072 8071 67
34877 34876 67
34876 34875 39
34875 34874 58
34874 34873 41
34873 2349 65
2349 2350 58
17301 18070 68
20892 20893 68
20893 20894 18
20894 20895 20
20895 20896 22
20893 37677 22
37677 37676 15
37676 37675 29
37675 37674 7
37674 37673 37
20896 20897 62
20897 20898 31
23690 23689 68
21804 21805 69
21805 21806 25
21806 21807 56
21807 31366 15
31366 31365 36
37673 22584 69
22584 22583 58
22583 22582 61
22584 22585 66
8075 36336 70
36336 36335 33
36336 36337 68
36337 36338 51
36338 36339 56
36339 36340 32
37008 37007 70
37007 37006 37
37006 37005 37
37005 5392 21
5392 5393 18
37005 37004 21
5392 34320 42
34320 34319 23
34319 250 7
250 1589 5
34319 36638 11
1589 1590 28
1590 1591 28
34319 34318 35
34318 34317 34
34320 34321 40
34321 34322 36
34317 34316 41
36638 36637 45
37004 37003 48
250 249 51
36638 36639 59
36639 36640 60
36640 36641 25
36641 36642 53
36642 36643 60
250 251 61
251 252 22
252 253 61
36643 36644 63
34322 34323 65
34323 34324 29
37003 37002 66
37002 37001 14
37001 37000 47
37000 36999 61
36999 36998 61
36998 36997 42
36997 36996 67
36996 36995 34
36995 36994 26
37008 37009 71
37009 37010 26
37010 34251 26
34251 34250 7
34250 34249 41
34251 34252 61
34252 34253 33
34253 34254 56
34254 34255 31
34255 34256 7
24756 24755 72
24755 24754 36
24754 24753 49
24753 24752 71
24752 24751 25
24751 24750 68
24750 10803 14
10803 10802 40
24750 24749 45
24749 24748 56
24748 8712 16
8712 8711 39
24758 24759 72
24759 24760 29
33883 33884 72
33884 33885 24
33884 38609 33
38609 38608 9
33885 33886 49
33886 33887 24
33886 35471 44
38608 38607 49
38607 38606 8
38606 38605 46
38605 38604 21
38604 38603 27
38609 38610 51
38603 38602 53
38602 38601 48
38601 38600 3
38610 38611 55
35471 35470 63
35470 35469 13
35469 35468 48
35468 35467 32
38611 23589 65
23589 23590 11
23590 23591 29
23591 27693 54
27693 27692 2
27692 4580 25
4580 4581 41
4581 4582 20
4582 4583 21
4583 4584 28
4584 4585 53
4585 4586 3
4586 25554 18
4580 4579 56
4579 28363 28
28363 28362 47
23589 23588 58
23588 23587 17
23587 35062 54
23591 23592 62
23592 23593 35
23593 23594 9
35062 35061 66
35061 35060 15
35060 35059 1
35059 35058 26
35058 35057 37
35059 30186 48
30186 30187 5
30187 30188 5
30186 30185 65
25554 25553 68
30185 30184 68
35057 35056 68
35056 35055 14
35055 35054 25
33884 27359 70
27359 27360 13
27359 13693 44
13693 13694 5
13693 13692 55
13692 13691 38
30184 30183 70
4579 4578 71
4578 4577 22
4577 4576 70
4583 43010 71
43010 43009 15
43009 43008 44
43008 43007 49
43007 43006 67
43010 43011 70
43011 43012 63
20887 20886 73
20898 20899 73
20899 20900 40
20900 20901 2
20901 20902 7
20899 23571 59
23571 23572 1
23572 23573 44
23573 23574 8
23574 23575 16
23575 23576 10
23576 4832 21
4832 2077 12
23573 15279 32
23576 23577 41
23577 23578 15
23578 23579 6
23579 23580 2
23580 23581 3
23581 23582 16
23580 48446 37
48446 48447 38
48447 48448 35
48448 48449 9
23582 23583 43
23583 23584 47
23584 23585 2
23585 23586 25
2077 2076 53
15279 15280 54
15280 15281 42
15281 15282 55
15282 15283 57
15283 15284 39
48446 48445 57
4832 4831 60
4831 4830 50
4830 4829 2
4829 4828 53
48447 34900 60
4828 4827 65
4827 4826 43
4826 4825 53
4825 4824 31
20899 10200 65
10200 10201 21
10200 10199 39
15279 15278 65
15278 15277 28
15277 15276 6
15276 15275 37
15275 26048 22
26048 26049 17
15275 15274 23
15275 43589 57
43589 43588 38
43589 43590 61
10201 10202 66
10199 10198 67
10198 10197 13
10197 10196 34
10196 10195 4
10195 10194 21
10194 10193 27
10193 10192 15
10197 32987 40
10196 11115 47
11115 11116 42
11116 11117 48
11115 11114 54
11114 11113 12
11114 17924 41
11113 11112 52
11112 11111 4
11117 11118 59
17924 17925 60
17925 17926 40
17926 17927 5
17927 17928 17
17928 17929 26
17929 17930 35
17930 17931 44
17931 17932 6
17932 43026 36
32987 32988 60
32988 32989 17
32989 32990 19
32988 851 41
851 850 11
850 849 45
849 14183 50
14183 14182 6
14183 15678 41
15678 45371 19
45371 45372 19
15678 15679 55
15679 15680 62
45371 45370 62
45372 45373 64
48445 48444 67
48444 48443 32
23582 15316 70
15316 15317 34
15316 15315 69
15315 15314 22
23571 23570 70
26049 26050 70
26050 45847 21
26050 26051 27
26051 26052 1
45847 45848 28
45848 45849 29
26052 26053 50
26053 26054 14
26054 26055 1
26055 32055 10
32055 32054 4
32055 4665 20
4665 4666 3
4666 4667 12
4665 4664 18
4667 4668 33
4668 21532 25
21532 21531 23
4665 762 42
762 763 35
763 764 39
26055 26056 43
26056 26057 8
762 761 49
32054 26028 51
764 765 52
765 766 49
766 767 11
767 768 4
766 9591 38
9591 9590 43
9590 9589 39
21532 21533 52
26057 26058 56
26058 26059 6
45847 45846 58
26028 26029 60
763 45286 61
45286 45285 10
45285 45284 10
45286 45287 19
45287 45288 44
45288 45289 53
21531 21530 63
32055 32056 64
32056 32057 58
32057 32058 24
32057 32850 56
32850 32849 65
45289 45290 67
26028 26027 69
32849 32848 69
21533 21534 70
21534 14707 30
14707 14706 19
14706 14705 21
15274 15273 71
15273 15272 40
11118 11119 72
11119 28613 53
28613 28614 4
28614 11016 58
15680 15681 72
26029 26030 72
26059 26060 72
28614 28615 72
32848 32847 72
32847 32846 72
32846 32845 38
32845 32844 28
4668 4669 73
4669 39032 35
39032 39031 7
39031 39030 3
39032 39033 17
39033 39034 40
39034 39035 61
39035 39036 40
39036 39037 7
39036 23910 8
23910 23911 36
23910 23909 44
39037 39038 66
39038 15503 30
15503 15504 17
39038 39039 50
39039 22058 11
22058 22059 9
22058 22057 14
22057 22056 6
22056 22055 13
39039 39040 17
22059 27065 50
27065 27064 11
27064 27063 9
27063 27062 42
27062 27061 25
27065 27066 49
15504 15505 52
15505 15506 46
22055 22054 52
15503 15502 55
15502 15501 56
27066 27067 56
27067 27068 52
22059 22060 64
22060 22061 11
22061 22062 37
22061 7652 62
7652 7651 4
7652 7653 53
7653 31843 14
7651 7650 58
7650 18913 6
18913 18912 56
18913 18914 61
18914 18915 34
31843 31844 66
31844 31845 13
4669 4670 68
4670 4671 48
4671 10173 64
10173 10174 5
10174 10175 14
10175 10176 9
10176 10177 34
10177 10178 54
10178 10179 16
10179 10180 31
10173 10172 55
10172 10171 45
10171 10170 29
10170 10169 6
27061 27060 68
27060 27059 51
27059 27058 10
27058 27057 13
27057 27056 27
27065 18993 72
18993 18994 1
18994 27920 33
27920 27921 16
18994 18995 47
18993 18992 69
18995 18996 71
18996 18997 61
18997 18998 21
18998 18999 24
4671 4672 73
4672 4673 63
4673 4674 48
15314 15313 73
15313 15312 40
15312 8201 4
8201 8200 4
15312 15311 63
15311 15310 27
15310 15309 49
15309 15308 59
8200 8199 64
8199 8198 46
8198 8197 26
8197 8196 68
8196 8195 39
21803 21802 73
38600 38599 73
38599 38598 20
38598 38597 50
38597 38596 26
39025 39026 73
39026 39027 40
39027 39028 43
39028 39029 27
35474 42989 73
42989 42990 10
42989 42988 70
27453 43597 73
43597 43596 51
43596 14431 19
14431 14432 35
43596 43595 35
43595 43594 23
43594 43301 36
14431 14430 40
43597 43598 51
43301 43300 58
43300 43299 29
43594 43593 60
43598 43599 69
43599 11643 49
11643 11644 16
11644 11645 44
43299 43298 70
43298 43297 51
43297 43296 2
27226 44174 73
44174 44175 13
44174 44173 67
20890 49284 73
49284 49285 51
49285 49286 10
49286 49287 23
49286 44938 49
44938 44939 17
44939 35422 8
44939 44940 20
44940 44941 27
44941 44942 12
44942 44943 11
44943 44944 22
44938 44937 38
44937 44936 31
44936 44935 5
49284 49283 54
49283 32674 34
32674 32673 28
32673 32672 8
32672 32671 29
49287 49288 61
35422 35423 64
44935 44934 64
44934 44933 56
44933 44932 55
44932 44931 60
35423 35424 67
35424 35425 24
35425 35426 34
35426 26408 19
26408 26407 19
26407 26406 40
35424 12132 47
12132 12131 9
12132 12133 14
12133 12134 16
12134 12135 1
12131 12130 33
26406 26405 55
26405 30000 21
30000 30001 31
30000 36959 38
36959 36960 21
36960 36961 24
36961 36962 2
30000 29999 57
12130 12129 59
12129 12128 59
12128 12127 7
12127 12126 12
36962 36963 70
36963 22289 58
22289 22290 47
22290 22291 1
22291 22292 66
22292 22293 9
22293 22294 54
22294 22295 11
32671 32670 72
32670 32669 45
32669 39645 34
39645 39644 4
39644 39643 1
39645 39646 21
39646 39647 25
39643 39642 41
32669 32668 59
32668 32667 7
39642 39641 62
39641 39640 64
39647 39648 66
43806 235 74
235 234 6
235 236 28
234 233 62
233 14463 1
14463 14464 6
233 232 21
14463 14462 33
14462 14461 18
1049 1048 74
1048 1047 11
1047 1046 40
1046 1045 27
1045 1044 59
1044 20876 9
1044 1043 17
20876 20877 60
20877 20878 12
20878 20879 36
20876 20875 61
20875 20874 29
1043 1042 70
1042 1041 38
1041 1040 47
2350 2351 74
2351 305 42
305 304 7
305 306 8
306 307 1
304 303 36
303 302 30
302 301 43
301 300 18
300 299 2
299 298 42
298 297 27
4824 4823 74
4823 4822 20
4822 47451 45
47451 47450 25
47451 47452 42
4822 4821 57
4821 4820 43
4820 4819 72
7116 7115 74
7115 7114 14
7114 7113 67
7113 7112 47
7112 7111 53
9070 9069 74
9448 9447 74
9447 9446 38
9446 9445 47
9445 9444 40
9444 9443 37
9443 9442 5
9388 17223 74
17223 17224 31
17223 17222 44
17222 42790 2
42790 42791 34
42791 42792 10
42790 42789 35
42789 42788 19
42788 23195 12
42788 7020 36
7020 7021 37
7021 7022 5
23195 23194 56
23194 23193 17
42788 42787 56
42787 42786 18
17222 17221 61
17221 17220 11
17220 17219 16
17219 17218 58
17218 17217 45
17217 17216 31
17216 17215 36
17215 17214 17
23195 23196 65
23196 23197 58
23197 23198 10
17214 17213 68
42788 18966 68
18966 18965 13
18966 18967 56
18967 18968 45
18968 18969 28
18969 18970 64
18970 18971 67
18971 18972 29
18972 18973 5
18973 18974 2
17213 17212 69
23193 23192 71
23192 23191 26
17212 17211 73
17211 17210 56
17210 17209 24
17209 17208 39
17208 17207 39
17207 17206 8
19593 19592 74
19592 19591 24
19591 19590 44
19590 19589 32
19600 19601 74
19601 19602 32
19602 19603 65
19603 19604 5
19604 19605 23
19605 19606 60
19606 19607 36
19607 19608 47
19602 43323 68
43323 43324 37
43324 43325 38
43323 43322 45
43322 43321 37
43321 43320 30
43322 5221 51
5221 5222 29
5222 5223 39
5223 5224 41
43320 43319 61
43319 43318 22
5224 5225 72
5225 5226 69
22582 22581 74
22965 22964 74
26491 26492 74
9453 26621 74
26621 26620 19
26620 26619 63
27360 27361 74
27361 32133 22
32133 32132 40
32133 32134 61
27361 27362 70
27225 29980 74
29980 29979 58
29979 29978 46
31843 31842 74
31842 29925 5
29925 29926 12
29925 4941 41
4941 4940 7
29925 29924 44
29924 29923 41
29923 29922 20
29922 29921 23
29921 29920 37
29920 29919 17
29919 29918 42
29918 20779 19
20779 31803 26
31803 31802 21
31802 31801 16
20779 20778 29
20778 20777 15
20777 20776 52
20776 20775 1
20775 20774 39
20774 20773 31
20773 1238 3
20773 31796 20
1238 1237 32
1237 1236 52
1236 1235 32
1235 1234 25
31842 31989 54
1234 1233 55
31796 31797 55
1238 1239 57
31989 31990 58
20779 20780 62
20780 20781 23
20781 20782 39
20781 38660 61
38660 38661 5
38660 38659 31
38659 15455 14
38659 38658 17
15455 15456 42
15456 15457 54
15457 15458 54
15458 15459 61
15459 15460 3
15460 15461 26
20782 20783 65
20783 20784 60
31797 31798 71
31798 31799 11
31799 31800 24
29926 29927 73
29927 29928 46
29928 29929 4
29929 29930 16
29930 36099 16
29930 29931 45
29931 29932 26
31990 31991 73
32134 32135 74
32135 32136 11
32136 32137 1
32137 32138 68
32416 32415 74
32415 32414 48
32414 32413 5
32413 25398 70
33887 33888 74
33888 39590 29
34982 34981 74
36099 36098 74
36098 36097 65
36098 21943 74
21943 21942 2
21943 21944 24
21944 21945 43
43301 43302 74
43302 43303 58
43303 43304 55
43304 43305 48
43305 43306 46
43306 37779 13
37779 37780 16
43306 43307 31
43307 43308 34
43308 43309 29
43309 43310 60
37780 37781 63
37781 34294 13
34294 34293 46
34293 34292 18
34294 34295 51
34292 40939 51
40939 38617 30
38617 38618 51
40939 40940 56
38618 38619 57
38619 38620 23
38620 38621 4
38621 38622 5
38617 38616 58
38616 38615 6
38622 38623 63
34295 34296 66
34296 34297 35
34297 34298 36
43306 41123 67
34298 34299 69
34297 34302 70
34302 34303 49
34303 6823 2
6823 6822 5
6822 6821 10
34303 34304 24
34304 34305 17
6822 48672 29
48672 48671 22
6823 6824 45
6821 6820 51
6820 6819 29
34302 34301 58
34301 34300 61
37781 37782 70
37782 1135 1
1135 1134 19
37782 37783 28
37783 37784 44
1135 1136 69
37780 48670 73
48670 48669 7
48669 48668 47
48668 48667 29
48667 48666 27
48666 48665 25
48665 48664 13
48664 48663 34
48663 48662 26
48662 48661 24
44972 44973 74
44973 44974 74
44974 44975 42
44975 44976 15
44976 44977 37
44977 44978 60
44978 44979 74
44979 44980 27
44980 44981 61
44981 44982 24
44981 18564 31
18564 18563 4
44982 44983 31
18563 16722 49
16722 16723 2
16722 16721 12
16723 16724 40
16724 16725 49
44983 44984 57
44984 44985 33
16725 16726 64
16726 16727 9
16727 16728 61
18564 18565 71
18565 18566 16
18566 24696 10
24696 24697 4
24697 7790 11
24696 24695 36
24695 24694 6
7790 26604 43
26604 26603 1
26604 26605 22
26603 26602 25
18566 18567 61
24694 24693 69
26605 26606 70
26606 26607 34
26607 26608 63
26608 26609 60
26609 26610 36
45224 45225 74
45225 45226 5
45226 45227 18
45227 45228 8
45228 45229 62
45229 45230 30
45230 45231 50
45226 44387 73
44387 44386 51
44386 44385 2
44385 44384 8
46348 46349 74
46349 11454 48
11454 11455 28
11454 11453 56
11453 11452 55
11452 11451 28
11451 11450 2
11450 11449 22
11449 8929 13
8929 8930 48
8930 8931 51
8931 8932 54
8929 8928 58
8928 8927 64
8927 8926 39
8926 8925 56
11455 11456 65
11456 11457 2
11457 11458 25
11458 11459 45
11459 11460 47
11460 11461 19
11461 11462 28
48657 48656 74
48656 48655 57
48655 48654 63
48654 48653 63
48653 48652 55
48652 48651 50
1104 1105 75
1105 1106 40
2451 2450 75
40622 3074 75
3074 3073 1
3073 3072 41
3072 3071 8
28371 4219 75
4219 4218 1
4219 4220 11
4220 4221 33
4221 4222 50
4222 4223 6
4223 48467 3
4223 4224 6
4224 4225 4
48467 48466 18
48467 48468 24
4224 47350 29
47350 47349 22
47350 47351 28
4223 29271 32
29271 29270 25
29270 24714 21
24714 24713 7
24713 24712 25
29270 13598 27
47349 47348 34
4225 4226 46
4226 4227 43
4227 4228 26
13598 13599 46
4219 35545 52
35545 35544 9
4228 4229 60
4229 17680 8
4229 32114 11
17680 17679 17
17679 43952 15
17679 39013 17
43952 43953 21
43953 43954 30
43952 43951 32
43951 43950 26
43954 43955 49
43955 43956 62
43956 43957 41
43957 43958 34
43956 19814 50
19814 19815 25
43958 43959 53
43959 43960 15
43960 11886 31
11886 11887 11
19814 19813 64
43953 36171 64
36171 36170 12
29271 29272 65
43960 43961 65
43961 43962 51
11886 11885 68
11885 11884 9
11884 11883 25
11883 22479 66
22479 22480 19
22479 22478 35
22480 22481 39
22481 22482 60
22482 22483 18
36170 36169 69
36169 36168 22
36168 36167 23
43950 43949 70
43949 43948 44
48468 48469 71
17680 17681 72
17681 17682 30
17682 48580 16
48580 48579 24
17682 17683 28
17683 17684 13
17683 31983 21
31983 31984 11
48580 48581 37
48581 48582 9
48582 48583 17
48579 48578 61
48578 48577 18
48583 48584 65
48584 48585 42
48585 48586 11
31983 48100 71
48100 48099 11
48100 48101 21
48101 6846 26
6846 6847 32
48101 48102 32
48102 48103 18
48103 48104 22
48104 48105 1
6846 6845 50
6845 6844 32
6844 6843 50
6843 37825 18
6847 6848 52
6848 6849 38
48105 48106 57
48106 9708 11
9708 9707 11
9708 1258 17
9708 9709 45
9707 42956 57
42956 42955 53
42955 42954 31
48106 48107 59
42956 42957 60
37825 37824 65
37824 37823 46
37823 37822 15
37822 37821 2
37821 37820 13
37820 37819 1
37819 37818 15
37818 37817 56
37817 39748 31
39748 39749 44
37817 37816 55
37816 37815 15
37815 43075 20
43075 43076 38
6843 6842 66
6842 34464 51
34464 34463 24
34463 17465 24
17465 17464 27
17464 17463 33
17463 17462 11
17465 17466 49
17462 17461 56
17461 26574 32
17461 17460 46
6842 6841 66
6841 26163 21
6841 6840 30
6840 6839 29
26163 26162 56
42957 42958 67
42958 42959 52
26162 10283 69
10283 10282 32
10282 10281 20
26574 26573 69
43076 43077 69
43077 43078 35
43078 43079 1
43079 43080 24
48107 48108 69
48108 48109 31
48108 7773 53
7773 7772 57
7772 7771 12
7771 7770 29
7773 7774 61
7774 7775 9
7775 7776 52
7776 7777 43
7777 7778 31
7778 7779 9
7779 7780 8
7780 7781 56
7781 7782 22
7782 7783 56
7783 7784 24
7784 7785 36
7785 7786 52
7786 7787 40
7779 9215 62
9215 9216 20
9216 9217 29
9215 9214 35
9214 9213 10
9213 9212 38
9212 9211 20
9211 9210 13
9210 9209 14
9217 9218 48
9218 9219 64
9219 9220 11
9220 9221 2
7770 7769 65
1258 1257 70
1257 1256 46
1256 1255 3
6844 5703 70
5703 5704 30
5703 5702 46
5702 5701 25
9216 20195 71
20195 20196 39
20196 20197 63
20197 2704 6
20197 20198 30
2704 2703 51
2703 2702 17
2702 2701 48
2704 17490 51
17490 17491 2
17491 17492 15
17490 16823 18
16823 28321 8
16823 16822 17
28321 28320 30
28320 28319 16
28319 42542 8
16822 16821 38
16821 16820 36
16820 16819 32
16819 16818 22
16818 2922 35
2922 2923 45
2923 2924 47
2924 21275 1
21275 21274 42
17492 17493 49
17493 17494 40
17490 24022 52
24022 24021 14
24021 24020 31
24020 24019 29
24022 24023 37
24023 24024 12
24024 24025 49
24025 24026 39
24026 24027 46
2701 2700 56
2700 2699 40
28321 28322 56
28322 28323 12
21274 21273 58
2702 47855 58
2704 2705 64
2705 2706 25
2705 4057 42
4057 4056 20
4056 4055 6
4055 4054 36
4054 4053 22
4053 4052 46
4057 4058 63
4058 4059 35
20196 27162 64
27162 27163 33
27163 27164 22
27164 27165 14
24027 24028 66
24028 24029 62
16818 16817 67
16817 16816 56
16816 16815 33
16815 16814 33
16814 16813 20
16813 16812 60
16812 16811 6
16811 43609 41
16811 16810 42
16810 16809 42
16809 16808 9
16808 16807 11
16807 16806 58
16806 16805 2
16805 16804 40
16804 16803 34
28319 28318 67
28318 28317 53
28317 28316 5
28316 28315 21
2706 2707 69
2707 2708 6
2708 2709 32
16823 16824 69
16824 16825 12
16825 16826 58
16826 16827 63
16826 18785 70
18785 18784 2
18784 18783 2
18785 23348 4
23348 23349 1
23348 23347 5
23349 3971 12
18783 24985 35
24985 24986 29
24985 17369 39
18783 18782 44
18782 18781 35
18781 18780 12
18780 18779 31
18779 18778 11
18785 18786 55
18786 18787 30
18787 18788 31
3971 3970 59
24986 32573 64
32573 32574 36
3971 3972 70
17369 17368 70
21273 21272 70
21272 21271 67
27162 27161 70
27161 27160 64
27160 27159 27
2922 2921 71
42542 42541 71
42541 42540 18
42540 42539 30
42539 42538 23
42538 42537 24
42537 42536 30
42536 42535 12
42535 18232 28
18232 18231 8
18232 18233 34
18233 18234 39
18234 35291 5
42541 29573 48
29573 29572 5
29572 29571 31
29571 29570 4
29573 29574 37
29574 29575 14
35291 35292 48
35292 35293 25
35293 35294 6
35294 28638 32
28638 28639 26
28638 28637 45
28637 28636 19
28636 28635 1
28635 28634 7
29575 29576 59
29576 29577 25
29577 29578 25
29578 29579 22
35291 35290 62
29570 29569 64
35294 35295 65
35295 35296 18
35296 35297 35
35297 35298 2
35298 35299 10
35299 35300 23
35300 35301 14
35300 16600 32
16600 16601 10
16600 16599 50
35297 18957 66
18957 18958 67
18958 18959 25
35298 18666 71
18666 18665 1
18665 9770 34
9770 9769 15
18666 18667 37
18667 18668 19
18668 18669 5
9769 9768 42
9768 9767 46
9767 9766 25
9766 9765 31
18669 41920 53
9765 9764 62
41920 41921 67
48586 48587 71
48587 48588 20
48588 48589 36
24029 24030 72
37816 35134 72
35134 35133 40
35133 35132 51
35132 35131 38
35131 17051 14
17051 17052 5
17051 17050 29
17050 17049 22
17049 17048 8
17052 17053 57
35134 35135 67
35135 35136 39
35136 35137 10
35136 8130 20
8130 8129 18
8129 8128 24
35137 35138 27
35138 35139 63
35139 35140 42
35140 35141 66
35141 35142 58
35142 21334 34
21334 21333 3
21333 21332 33
21332 21331 30
21331 21330 26
21330 21329 10
21334 21335 67
21335 21336 63
21336 21337 20
21337 21338 45
8130 2197 69
2197 2198 32
17053 17054 69
17054 17055 72
36171 36172 72
36172 36173 43
43948 43947 72
43947 43946 36
43946 43945 46
1255 1254 73
1254 1253 34
1254 35633 51
13598 13597 73
13597 13596 40
13596 13595 3
13595 13594 17
13596 24889 29
24889 24890 33
24889 24888 39
24890 24891 42
24888 24887 63
24887 24886 27
24886 24885 13
24885 24884 31
24884 24883 40
24883 24882 57
24882 28462 20
28462 28461 6
28462 28463 50
28463 28464 40
24882 24881 66
17055 17056 73
17056 17057 44
17057 17058 72
17058 17059 1
17059 17060 14
17058 46045 42
46045 46044 53
46044 43892 35
43892 43891 10
43891 43890 18
43892 43893 34
46044 46043 50
43890 43889 51
43889 43888 37
46043 29660 53
29660 29661 18
29661 29662 27
29662 29663 18
29663 29664 31
29660 29659 58
43893 30464 62
30464 30463 50
29659 29658 68
43891 46692 68
46692 46691 10
46691 46690 36
46690 46689 3
46692 46693 41
46693 46694 12
46694 46695 23
46689 40206 51
40206 40205 30
40206 40207 48
46694 12584 53
12584 12583 52
46689 46688 58
40205 12878 64
12878 12879 49
12879 12880 37
12880 12881 44
46688 46687 64
46687 46686 29
43888 43887 69
43887 43886 67
43886 43885 13
43885 43884 37
43884 43883 19
43883 43882 64
43882 43881 3
46045 46046 69
29664 29665 70
46043 46042 70
12878 12877 71
12877 12876 61
12876 12875 1
12875 12874 10
12874 12873 72
12873 12872 69
30464 30465 72
30465 30466 63
30466 30467 64
19813 19812 73
19812 19811 65
19811 19810 36
19810 19809 19
21329 21328 73
21328 40324 32
40324 40325 34
24030 24031 73
48468 24621 73
24621 24622 67
24622 24623 44
24623 24624 19
24624 24625 58
9216 31037 73
31037 31036 16
31036 31035 25
31035 31034 66
31034 31033 73
13597 12062 74
12062 12063 20
12062 12061 33
12061 12060 64
12060 12059 51
12059 12058 63
12058 12057 40
12057 12056 8
12056 12055 65
12584 12585 74
12585 12586 3
12586 18246 30
18246 18245 5
18246 18247 31
12586 12587 45
12587 12588 41
12588 12589 45
12589 12590 25
12590 12591 10
12591 12592 12
20195 20194 74
20194 20193 40
20193 20192 44
20192 20191 22
20191 20190 25
22483 22484 74
24621 24620 74
24620 24619 35
24619 20495 51
20495 20496 27
20496 20497 41
20496 49546 56
49546 49547 22
49547 23231 26
23231 23230 35
23230 23229 32
23229 23228 2
49547 49548 49
49546 49545 53
49545 49544 61
23228 23227 63
20495 20494 64
20494 34701 34
34701 34702 57
20496 11389 65
11389 11388 32
11388 11387 59
11387 11386 24
11386 11385 67
11385 11384 3
11384 11383 36
11385 32853 45
32853 32852 28
32852 32851 21
11383 11382 56
32853 32854 59
24619 24618 69
28315 28314 74
28314 28313 7
28313 28312 44
28312 36859 8
36859 36860 43
36860 36861 44
36859 36858 53
28312 28311 67
28311 28310 65
30467 30468 74
30468 44292 35
44292 44291 6
44292 44293 11
44293 44294 12
44294 44295 35
44295 44296 13
44296 44297 41
44297 44298 28
44291 44290 50
44290 44289 2
44289 44288 4
44298 44299 51
44299 44300 8
44300 44301 42
44288 44287 59
44287 44286 59
44286 33914 60
33914 33913 40
33914 33915 64
33915 33916 34
33916 33917 18
33917 33918 3
33918 33919 54
33919 33920 71
33920 33921 41
33921 33922 72
33922 42379 28
42379 42380 53
42380 42381 5
33922 33923 72
33913 33912 74
35301 35302 74
35302 35303 19
35303 35304 8
35304 35305 45
37815 37814 74
37814 37813 53
37813 37812 49
37812 37811 28
37811 4893 33
37811 37810 44
37810 37809 9
4893 4894 56
37809 37808 64
4893 4892 67
4892 4891 5
46686 46685 74
46685 46684 60
46684 46683 35
46683 45072 36
2198 2199 75
2199 2200 7
2200 2201 12
2201 2202 21
2202 2203 7
2203 2204 48
2204 2205 5
2205 2206 62
2206 2207 64
2207 2208 17
2208 2209 3
2209 2210 63
2210 43986 61
43986 43987 12
43986 43985 16
2210 2211 71
2924 2925 75
2925 2926 33
2926 12972 49
12972 12971 9
12971 12970 8
12972 12973 11
12970 12969 18
12969 12968 17
12973 12974 41
12974 12975 59
12975 12976 61
12976 12977 9
12977 12978 62
12978 12979 8
12979 12980 64
12980 48644 33
48644 48643 3
12980 12981 56
12981 12982 19
12982 12983 62
48643 48642 65
2925 46441 69
46441 46442 35
46442 25366 23
25366 25367 19
25367 25368 1
46442 46443 30
25368 25369 33
46441 46440 37
25366 25365 62
25365 25364 62
25364 25363 69
25363 25362 18
25362 25361 40
25361 25360 27
25360 25359 63
46440 46439 73
46439 46438 47
46438 46437 27
46437 46436 13
25369 25370 74
25370 25371 38
4891 4890 75
4890 4889 47
4889 4888 15
4888 4887 8
4887 4886 49
4886 4885 71
4885 24103 11
7022 7023 75
7023 7024 57
7024 7025 60
8130 8131 75
8131 8132 34
8132 8133 40
8133 8134 42
8134 11431 23
8134 36158 38
36158 36159 13
36159 36160 42
36160 36161 29
36161 36162 12
36158 36157 47
36162 36163 49
36157 36156 55
36156 36155 24
36155 36154 10
11431 11430 58
36163 46144 58
46144 46143 5
46143 46142 9
46142 46141 23
46141 46140 60
46144 46145 64
46145 46146 25
36163 36164 66
36164 36165 52
36165 36166 20
46144 39959 67
39959 39960 6
39960 39961 35
39961 39962 28
39962 39963 27
39963 39964 36
39964 39965 36
39965 39966 66
39966 39967 30
39967 39968 46
8134 8135 70
8135 8136 22
8136 8137 27
8137 8138 14
8138 8139 28
8135 48341 57
48341 48342 57
48341 48340 67
36154 36153 72
36153 36152 41
36152 36151 7
11430 11429 74
11429 11428 14
11429 12897 25
11431 11432 74
11432 11433 27
8221 8220 75
10799 10800 75
10800 10801 4
10841 10840 75
10840 10839 11
10952 10951 75
10951 10950 37
10950 8466 14
8466 8465 10
8466 8467 16
10950 10949 53
10949 27537 32
27537 27538 39
27538 27539 7
27539 27540 43
10949 10948 52
10948 10947 9
10947 10946 55
27537 27536 56
27536 27535 73
11237 11238 75
11238 11239 57
11523 11524 75
11524 11525 52
40030 12417 75
12417 12416 65
12416 12415 6
12417 12418 74
12418 12419 31
6433 12628 75
12628 12629 6
12629 12630 10
12628 12627 70
14182 14181 75
14181 14180 28
14180 14179 48
14179 14178 3
14178 14177 21
14183 14184 75
14184 14185 60
14185 14186 53
14186 14187 62
14187 14188 56
14188 14189 33
14189 14190 67
14464 14465 75
14465 14466 28
14466 14467 21
14466 27826 69
27826 27827 41
27827 27828 38
27828 27829 44
27829 27830 35
27830 27831 27
27831 27832 9
27832 27833 9
27833 27834 43
27834 27835 64
27835 27836 54
27836 25910 19
27836 27837 40
25910 25909 54
25909 25908 25
25908 25907 1
25907 25906 2
25910 25911 65
25911 25912 21
25912 25913 21
27837 15569 69
15569 15568 11
15569 15570 49
15568 15567 62
15567 33768 34
33768 33767 51
33767 2629 28
2629 2628 13
2629 2630 19
2630 2631 1
2631 2632 11
2632 2633 32
2630 23968 38
23968 32528 8
32528 32529 8
32529 32530 22
33768 14312 53
14312 14311 28
14312 33404 35
33404 33403 9
33767 33766 53
32530 32531 57
32531 32532 35
32532 32533 31
14311 14310 66
27826 27825 73
27825 27824 48
27824 27823 54
27823 27822 64
27822 27821 45
27821 27820 72
27820 49009 53
49009 49010 8
49009 29003 13
49009 49008 28
49008 47439 20
47439 47438 20
47438 13300 7
13300 36523 5
36523 36522 6
13300 13299 11
13299 13298 7
13300 13301 18
36522 36521 37
36521 36520 22
36520 36519 26
36519 36518 18
36518 36517 17
47438 47437 38
47439 47440 38
29003 29002 39
47440 47441 44
47441 49714 6
47441 47442 14
47442 47443 3
47443 47444 7
47444 47445 16
47445 47446 16
47443 21835 23
36521 9606 47
9606 9605 40
29002 29001 47
29001 29000 31
29000 28999 18
28999 28998 10
47437 47436 48
47436 47435 42
36517 36516 50
36516 36515 23
36515 36514 34
36514 23161 22
23161 6246 29
6246 6247 31
23161 23160 39
23160 23159 15
36514 36513 40
29001 43349 50
43349 3107 50
23159 23158 51
9606 9607 56
9607 9608 40
13298 13297 60
36523 36524 60
36524 36525 41
36525 36526 60
36526 36527 42
36527 36528 56
36528 36529 59
6247 6248 63
6248 6249 61
6246 6245 64
43349 43350 64
43350 43351 45
43350 25758 50
25758 25759 9
25759 25760 55
25760 36242 1
36242 36243 23
25760 25761 24
36242 36241 36
25761 31221 37
31221 31220 7
31220 31219 10
25761 25762 42
43351 43352 56
25758 25757 57
25757 25756 51
25756 25755 29
36241 36240 59
49008 49007 64
49007 49006 43
13297 13296 66
13296 13295 59
13295 46209 23
46209 46210 16
46209 46208 60
46208 46207 24
46207 46206 5
46206 46205 52
46205 46204 6
46204 46203 47
46203 46202 26
27820 27819 68
27819 27818 37
27818 27817 47
27817 27816 33
25755 25754 69
25754 25753 11
25753 25752 59
47435 47434 69
47434 47433 33
47433 47432 25
47432 47431 59
47431 47430 24
47430 47429 4
47429 47428 16
13295 9192 70
9192 11068 12
9192 9193 63
9193 9194 52
11068 11067 66
11067 49450 14
49450 49449 4
49450 23316 54
23316 23317 43
23317 23318 44
36529 36530 70
36530 36531 52
36531 36532 61
36532 36533 44
23161 23162 72
23162 23163 6
23163 7634 29
7634 7635 12
7634 7633 58
23162 22221 72
9605 31149 72
31149 31148 59
31148 31147 19
9605 9604 73
9604 9603 15
9603 9602 17
9602 9601 16
9601 9600 16
9600 9599 5
9599 9598 57
9598 9597 20
22221 22222 73
22222 22223 30
22223 22224 52
22224 22225 61
22225 22226 13
22226 22227 28
22227 22228 48
46202 46201 73
27837 27838 74
27838 27839 18
27839 27840 27
46201 12884 75
12884 12883 45
12883 12882 48
15904 15905 75
16071 16072 75
16072 16073 15
16072 22186 39
22186 22185 46
16073 16074 74
16074 16075 66
16075 16076 69
16076 16077 16
16076 36113 28
16077 16078 32
16078 16079 62
36113 36114 65
16079 16080 68
16109 16110 75
16110 16111 67
16111 16112 71
16112 35247 2
35247 8609 20
35247 35246 24
8609 8608 30
8608 8607 21
8609 8610 32
8610 8611 17
8607 8606 33
8611 8612 34
35246 35245 58
35245 21543 66
21543 21542 1
21542 21541 11
21543 21544 13
35247 35248 70
35248 35249 20
35249 35250 27
35250 35251 30
35251 35252 28
35252 35253 21
35252 44836 52
44836 44835 16
44835 44834 28
35253 35254 56
35254 35255 67
44836 44837 67
21541 21540 72
21540 21539 66
21539 21538 39
21538 37661 68
37661 37660 25
37661 37662 66
37662 37663 3
37663 37664 51
8607 23306 72
37660 37659 73
17460 17459 75
17459 17458 65
17458 17457 46
17457 17456 13
17456 12957 6
12957 12958 72
12958 12959 22
12959 12960 37
12960 12961 65
12961 12962 69
30312 17515 75
17515 17514 21
17515 16186 62
16186 16185 3
16186 16187 62
16187 16188 51
16188 16189 57
16189 16190 17
16190 16191 8
16191 16192 22
16192 16193 70
16193 16194 49
16194 16195 23
16195 16196 60
16196 16197 54
16196 8497 57
8497 8498 50
8498 8499 56
8499 8500 23
16197 16198 69
45813 18036 75
18036 18035 50
18035 17993 44
17993 34088 38
34088 34089 46
34089 34090 9
34090 34091 16
34091 34092 20
17993 17994 47
17994 17995 39
17995 17996 42
17996 17997 9
18035 18034 49
34088 34087 51
17993 17992 53
17992 17991 49
17991 17990 50
18034 18033 59
18033 18032 33
17997 17998 60
17998 17999 50
17999 5958 33
17999 18000 52
18000 18001 20
34087 47168 66
47168 47167 15
47167 47166 62
5958 5957 68
5957 5956 3
5956 5955 15
5955 5954 1
5954 15819 59
15819 15820 42
15820 15821 46
15819 15818 48
15820 4991 56
15818 15817 60
5954 5953 67
5958 5959 68
5959 1679 42
1679 1680 5
1680 1681 60
18032 18031 68
18031 18030 48
18031 5874 58
5874 5873 60
18030 18029 64
1681 1682 72
47167 23441 73
23441 23440 33
23440 23439 21
23439 23438 29
23441 23442 34
23438 23437 49
23437 23436 57
23436 23435 43
23435 23434 10
23434 23433 59
23433 23432 13
23432 23431 59
18912 18911 75
18911 18910 68
18910 18909 15
20491 20490 75
20902 20903 75
20903 20904 67
20904 20905 13
20905 20906 29
20906 35623 11
35623 35622 25
20906 20907 45
20907 20908 15
20908 31002 55
31002 31003 8
31003 31004 14
31002 31001 19
31002 23921 26
23921 23922 10
35623 35624 58
35624 35625 9
35625 35626 41
35626 35627 40
35627 35628 18
35627 16707 33
16707 16708 37
35622 35621 61
23922 23923 63
23923 23924 9
23924 23925 55
23925 23926 11
16708 16709 64
16709 16710 35
16710 16711 65
16711 16712 64
16712 16713 11
31001 31000 71
31000 30999 65
30999 30998 69
30998 30997 6
30997 19269 45
19269 19268 38
19268 19267 50
19267 19266 38
19266 19265 54
19265 134 10
134 135 14
135 136 50
136 137 31
137 138 35
138 26097 37
26097 26098 14
26097 26096 26
26096 26095 32
26095 26094 44
26094 27203 4
26094 14487 26
14487 45798 7
14487 14486 16
45798 45799 28
45799 45800 38
45800 45801 32
27203 27204 41
27204 27205 26
26098 26099 49
138 139 53
139 140 29
140 141 42
141 142 48
142 143 4
45798 2533 59
2533 2532 29
2532 2531 13
26099 26100 59
26100 26101 58
26101 26102 37
27205 27206 60
27206 10614 3
134 133 61
135 3758 63
3758 3757 44
3757 3756 23
3756 6437 20
6437 6438 45
6438 6439 13
6439 6440 22
3758 3759 53
19266 26141 64
26141 26140 17
26140 26139 7
26139 26138 11
26138 26137 62
26137 26136 20
27206 27207 64
10614 10613 67
10613 10612 28
10612 10611 23
10611 10610 31
143 12816 68
12816 12815 28
12815 12814 17
12816 14733 32
14733 14734 52
12816 12817 58
12817 12818 65
12818 9842 2
9842 9841 10
9842 9843 11
12818 12819 14
9843 9844 19
9844 9845 31
9845 47967 32
12819 12820 33
47967 47966 35
9841 9840 44
9840 9839 10
9839 9838 41
12818 23792 66
9838 9837 67
9837 9836 31
9836 9835 64
9835 48742 9
9835 9834 42
9834 9833 55
48742 48741 65
48741 48740 17
48741 19667 26
19667 19666 25
19666 29652 10
48740 48739 36
29652 29651 44
29651 29650 29
29650 29649 47
48739 48738 49
48738 48737 26
48737 48736 40
48736 48735 42
48735 48734 34
48740 11258 52
11258 11257 39
11257 11256 38
11256 11255 44
11255 11254 15
29652 2652 61
2652 2653 30
2653 2654 26
2654 2655 37
2655 2656 8
2652 2651 41
2656 2657 53
2657 2658 20
2651 2650 61
3758 18469 69
18469 18470 6
18469 43036 11
18469 18468 14
18468 7625 15
7625 7624 18
7624 7623 19
18470 18471 19
7625 7626 23
43036 43037 40
7626 7627 41
43036 43035 63
43035 43034 41
43034 43033 57
43033 43032 51
43032 43031 37
43031 43030 1
43032 40350 43
43030 43029 48
43037 43038 65
43038 43039 17
43039 43040 43
43039 13483 67
13483 13484 18
13483 13482 19
13484 13485 35
13485 13486 14
13486 13487 26
13483 41538 54
41538 41539 14
41538 41537 25
41537 41536 50
41536 41535 28
41535 41534 35
41539 41540 59
13487 13488 62
13488 13489 26
13489 13490 36
13490 13491 27
13491 13492 43
13492 13493 11
41534 41533 62
41533 41532 33
41532 41531 35
41532 42053 42
42053 42054 40
42053 42052 49
7623 7622 68
7622 7621 44
7621 7620 66
7620 7619 9
7619 7618 52
7618 7617 53
7617 7616 57
18468 18467 70
26102 26103 70
26103 26104 52
26104 42654 17
42654 42653 7
26104 26769 33
26769 26768 40
42653 42652 43
42652 42651 30
42651 42650 25
42650 42649 23
26104 26105 53
26105 26106 19
26106 48591 32
48591 48592 23
48592 48593 32
26106 26107 49
26107 26108 43
26108 26109 42
26109 26110 36
26110 26111 6
26111 26112 38
26112 26113 4
48593 48594 56
48594 48595 40
48595 48596 52
48596 48597 58
48597 48598 4
48598 48599 13
48599 48600 2
48600 11165 36
11165 11166 40
11166 8275 19
8275 8276 27
8276 8277 13
11165 11164 41
26769 26770 63
26770 26771 39
48591 49315 63
26113 26114 67
26114 26115 27
42654 42655 70
42655 42656 34
48742 48743 70
13482 13481 71
13481 13480 61
13480 13479 57
13479 13478 67
2533 2534 72
7619 2538 72
2538 2537 5
2537 2536 13
2537 37260 16
2536 2535 37
2535 17192 64
17192 26293 20
26293 26294 9
26293 26292 37
26292 26291 40
26291 26290 1
26290 26289 22
26289 26288 62
26288 26287 22
2535 4136 66
4136 4137 35
4136 4135 38
4135 4134 66
4136 39672 68
39672 39673 10
39673 39674 49
39674 39675 40
39672 39671 67
39671 39670 22
26294 26295 69
9845 9846 72
14487 14488 72
14488 14489 16
14489 13669 6
13669 13668 30
13668 13667 11
13667 13666 16
13669 13670 39
14489 14490 46
14490 14491 63
14491 14492 16
13493 13494 73
13494 13495 14
13495 13496 30
13496 13497 48
13497 13498 64
26287 26286 73
42052 42051 73
42051 42050 25
42050 42049 28
47966 47965 73
47965 47964 1
39675 39676 74
39676 39677 58
39677 39678 56
39678 39679 15
39677 30644 69
30644 30645 14
30645 30646 32
30644 30643 62
39679 39680 71
39680 39681 45
39681 39682 39
39682 39683 24
39683 39684 29
21471 21472 75
36711 22255 75
22255 22256 1
22256 22257 70
22257 22258 36
22255 22254 73
22254 22253 60
22253 22252 27
22252 22251 49
22251 22250 37
22250 22249 15
22251 26534 55
22258 22259 74
22259 22260 66
22260 22261 68
26534 26535 74
26535 26536 59
26536 26537 65
26537 17523 75
17523 17524 12
17524 17525 57
17525 17526 44
17526 17527 45
17523 17522 72
17522 2712 54
2712 2711 37
2711 2710 9
22461 22462 75
22462 22463 5
22463 22464 19
23191 23190 75
23190 23189 70
23189 23188 49
23188 23187 41
23187 23186 10
24891 24892 75
24892 24893 11
24892 6522 52
6522 6523 28
25065 25066 75
25066 25067 5
27362 27363 75
27363 27364 56
27364 27365 22
27365 27366 22
28536 28535 75
28535 8602 1
8602 8603 48
8603 8604 36
8604 8605 2
28535 28534 59
28534 28533 44
28533 28532 10
28532 28531 33
28531 28530 37
28534 42973 56
42973 27069 53
28530 28529 64
27069 27070 65
29871 29870 75
29870 29869 32
30468 30469 75
30469 30470 64
30470 30471 60
30471 30472 18
30472 30473 17
30601 30602 75
31171 31172 75
31172 31173 23
31173 31174 35
31174 31175 6
31175 31176 5
31175 28137 7
28137 28138 38
31173 34387 43
31173 10287 60
10287 10286 31
10286 10285 36
10285 38380 6
38380 38379 10
38379 38378 3
38378 38377 19
38377 38376 8
10285 10284 47
38378 37970 50
38380 38381 58
38381 38382 48
38382 38383 23
38378 6256 59
6256 6257 62
10287 10288 62
10288 10289 36
28137 28136 68
28136 28135 47
28135 28134 44
28134 35806 61
35806 35805 7
35806 35807 13
35807 35808 8
6256 6255 71
6255 6254 49
6254 19192 39
19192 19191 10
6254 6253 47
6253 6252 35
6252 6251 43
6251 6250 52
19192 19193 52
19193 19194 31
19194 19195 41
19191 19190 53
28134 28133 71
28133 28132 24
19190 19189 72
10289 10290 73
31219 31218 75
31218 6420 73
6420 6419 34
6420 6421 44
6421 6422 51
6422 6423 68
32292 32291 75
32291 32290 51
32290 32289 66
32289 32288 26
33820 33821 75
33923 33924 75
34702 34703 75
43492 34924 75
34924 34925 27
34925 34926 39
34926 34927 62
34924 34923 70
34923 34922 70
35062 35063 75
35063 35064 42
35064 6713 47
6713 28666 10
28666 28667 13
28666 28665 26
28667 28668 31
28667 30209 32
30209 30208 24
30208 30207 3
30209 30210 42
28665 28664 45
30207 45266 47
28668 28669 50
28669 28670 7
30207 30206 54
30206 10136 30
10136 10137 3
10136 10135 7
10137 24905 28
24905 24904 40
45266 45267 64
45267 45268 24
10137 10138 65
10138 10139 55
45268 45269 65
45269 45270 46
45266 45265 67
45265 45264 50
45264 45263 48
45270 45271 67
28664 28663 74
28663 28662 9
28662 28661 44
28663 48915 71
48915 48916 28
48915 48914 56
48914 17748 61
17748 17747 56
28670 28671 75
30206 30205 75
30205 30204 2
30205 15850 14
30204 30203 16
15850 15851 25
30203 30202 26
15851 15852 31
30202 30201 44
30201 30200 36
30200 30199 8
30200 40707 39
40707 40706 1
40707 40708 44
30200 33798 64
33798 31387 41
31387 31388 14
31387 31386 25
31386 31385 46
31385 31384 62
31384 31383 2
30199 30198 65
31383 31382 67
31382 31381 71
30210 30211 75
30211 30212 30
30212 30213 18
30211 771 43
30213 30214 68
30214 30215 35
30215 30216 3
771 772 69
772 773 31
773 774 16
774 775 27
775 776 62
776 777 29
777 778 18
778 31402 63
31402 31403 58
31403 3744 54
3744 26279 36
26279 26280 6
26280 26281 17
26281 26282 10
26282 26283 25
26279 26278 26
31403 31404 55
31404 30317 6
30317 30318 11
31404 31405 11
30317 30316 14
30318 30319 21
30316 49123 25
49123 40353 6
40353 40352 18
30316 11606 40
11606 11605 3
11606 11607 3
11607 11608 13
40353 40354 41
40354 40355 36
40355 40356 43
40356 6584 1
40356 40357 1
6584 6583 19
6583 6582 43
30316 30315 45
40357 40358 46
49123 49122 47
49122 49121 33
6583 10316 56
10316 10317 12
10317 10318 2
10316 10315 47
10315 10314 32
10314 10313 44
49121 49120 56
49120 30375 47
30375 30376 12
30375 30374 26
30374 30373 14
49120 49119 55
49119 49118 13
49118 49117 30
49117 49116 43
11608 11609 58
11609 11610 1
11609 9859 42
9859 9858 36
9858 1625 5
1625 1626 31
9859 9860 36
9860 9861 29
9861 9862 21
3744 3745 62
6584 6585 62
6585 6586 32
6586 6587 48
6587 6588 54
10313 10312 65
10312 10311 39
31402 31401 66
31405 31406 66
26278 26277 67
26277 26276 56
26276 26275 52
26275 44895 20
44895 44896 21
31406 31407 67
31407 23239 9
23239 23240 32
31407 31408 40
23239 23238 50
23238 23237 11
31408 31409 55
23237 23236 58
31409 31410 64
31410 31411 44
23240 23241 65
23239 5892 67
5892 5893 4
5893 5894 31
5892 5891 37
5894 5895 65
5895 5896 33
5896 5897 1
5897 5898 23
5898 3309 67
3309 3310 49
3309 3308 62
3308 3307 53
3307 3306 52
3306 3305 29
3305 3304 33
3304 3303 33
44895 44894 67
44894 44893 15
44893 44892 21
44892 44891 61
44891 44890 55
1625 1624 68
1624 1623 19
1623 1622 24
1623 37869 63
37869 37870 54
37870 37871 45
1622 1621 65
37871 37872 67
23236 23235 68
23235 23234 23
23234 23233 51
9858 9857 69
9857 9856 14
49116 49115 69
40358 34607 70
34607 34608 26
34608 34609 33
34607 15774 38
34608 29906 51
29906 29907 2
29906 29905 43
29907 29908 49
29908 41518 49
41518 41517 34
41517 41516 10
41516 41515 42
41515 41514 10
41514 41513 9
41513 41512 9
41512 41511 33
15774 15775 56
15775 15776 62
41512 17272 65
29905 29904 66
29904 29903 61
29903 29902 53
29902 22775 66
22775 22774 42
22774 22773 30
22773 22772 4
22772 22771 51
22771 22770 15
22770 22769 52
22769 22768 38
15776 15777 67
15777 15778 13
15778 15779 18
17272 17271 70
17271 17270 45
17270 17269 7
22775 22776 70
22776 22777 39
1622 35414 70
35414 35415 7
35414 35413 27
23233 23232 71
30315 30314 72
9862 9863 73
9863 9864 40
9864 9865 30
37869 37868 73
37868 37867 37
37867 37866 37
37866 37865 58
37865 37864 17
37864 40990 14
40990 40989 16
40990 40991 24
40991 40992 48
40992 40993 14
40993 44160 8
44160 44161 19
40993 40994 45
44161 44162 45
37864 37863 54
37863 37862 23
37862 37861 14
40989 40988 54
40988 40987 53
40987 40986 23
40986 40985 48
40985 40984 33
44162 44163 54
40994 40995 56
40995 15958 30
15958 15959 3
15959 15960 52
15960 15961 10
15958 15957 53
15957 15956 36
15957 22983 48
22983 22984 18
22984 22985 38
40984 40983 61
40983 40982 32
15961 15962 62
15962 15963 20
15963 15964 24
44163 44164 65
44164 44165 43
44165 44166 18
44166 44167 55
44167 44168 55
44168 44169 33
10318 10319 74
10319 10320 74
10320 10321 59
10321 10322 3
31411 31412 74
31412 31413 70
31413 31414 6
31414 31415 68
31415 31416 27
31416 31417 74
31417 31418 39
31418 31419 52
44896 44897 74
44897 44898 55
44898 44899 9
44899 44900 3
44900 44901 4
44901 44902 67
44902 44903 68
44903 44904 5
44904 44905 65
10322 10323 75
10323 10324 58
10324 10325 34
10325 10326 22
10326 10327 44
10327 10328 30
10328 10329 49
17272 17273 75
17273 27861 58
27861 27860 39
27860 27859 24
27859 27858 28
29902 29901 75
35142 35143 75
35143 35144 56
35621 35620 75
35620 35619 69
35619 35618 59
35618 35617 10
35617 35616 24
35645 35644 75
35644 35643 4
35643 49289 67
28427 35787 75
35787 35786 35
35787 35788 71
35788 35789 32
35789 35790 3
35790 35791 68
35791 35792 29
35792 35793 1
35786 35785 74
35785 35784 67
35784 35783 21
35783 35964 7
35964 35963 11
35964 35965 20
35963 35962 23
35783 35782 26
35965 44355 44
44355 44354 21
44354 44353 37
44353 44352 23
44353 38366 36
38366 14357 2
14357 14358 22
14358 36758 16
36758 36759 7
38366 38367 23
38367 28384 15
36759 36760 30
36760 36761 36
36761 31581 17
28384 28383 38
44355 44356 40
36758 36757 42
28384 28385 46
44352 10119 47
36761 36762 50
31581 31580 51
10119 10120 53
28385 6910 54
6910 6909 54
10120 10121 61
10121 10122 8
10122 10123 22
10123 10124 57
10124 10125 20
10125 10126 58
14357 14356 61
10126 4414 64
4414 4413 27
4413 4412 43
4414 4415 47
4415 13255 7
13255 13256 23
13255 14627 24
4415 4416 48
4416 4417 48
4412 44039 52
44039 44040 36
13255 13254 55
4412 4411 58
4411 4410 24
4410 4409 23
4409 4408 5
14627 14626 58
14626 14625 17
14627 14628 65
31581 31582 65
31582 31583 25
31583 31584 48
31584 31585 15
44356 44357 65
10126 10127 66
10127 10128 66
10128 10129 29
10128 43191 49
43191 43192 56
43192 43193 27
43193 43194 44
35962 35961 66
35961 35960 42
35960 35959 60
44352 44351 66
14628 14629 67
44040 44041 67
44041 44042 24
44042 44043 24
44043 44044 33
44044 44045 35
44045 44046 14
44046 44047 11
28385 28386 69
10119 10118 71
44357 44358 71
35959 35958 72
44039 44038 72
44038 44037 1
44037 44036 30
44036 44035 68
44035 44034 55
31585 31586 73
36762 36763 73
36763 36764 62
36015 36016 75
36016 36017 8
36243 36244 75
36501 36500 75
36500 36499 10
36499 36498 25
36498 36497 15
36497 36496 38
36496 36495 49
36495 36494 54
36494 46506 14
46506 46507 22
46507 46508 41
46508 46509 26
46506 46505 67
46509 46510 71
46510 46511 20
46511 46512 66
36513 36512 75
36512 36511 37
36511 36510 52
36510 36509 26
36509 36508 30
37899 37900 75
37900 37901 20
37901 37902 30
38344 38343 75
38343 41466 59
41466 41465 40
38343 38342 60
38342 38341 35
41465 41464 63
41464 41463 21
38341 38340 75
38340 38339 43
43594 38567 75
38567 38566 54
38566 38565 1
38565 38564 36
39622 39621 75
39621 39620 15
41466 41467 75
41467 39616 33
39616 39617 8
39617 39618 21
39618 39619 40
39616 39615 67
39615 39614 75
42409 42410 75
42410 42411 72
42411 11533 62
11533 11534 57
11534 11535 6
11535 11536 59
11536 11537 27
11535 29125 59
29125 29126 16
29126 39952 27
39952 39951 3
39951 39950 15
39952 39953 17
39950 39949 32
39953 39954 51
39954 39955 46
29126 29127 56
29127 29128 43
29128 29129 35
29129 29130 18
29130 29131 56
29131 29132 24
29132 25231 61
25231 25230 50
39949 39948 65
39948 39947 37
39947 39946 64
11537 11538 70
11538 11539 23
29132 29133 73
29133 29134 38
43029 43028 75
43028 43027 56
43040 43041 75
43041 43042 33
43042 43043 41
43493 43494 75
43494 43495 12
43495 5107 2
43495 43496 35
5107 5106 48
5106 5105 32
5105 5104 43
5104 5103 36
5103 5102 24
5104 33394 59
33394 33395 34
33395 33396 21
33396 33397 10
33397 33398 2
33394 33393 67
33393 33392 59
33392 33391 52
33391 33390 56
5102 5101 74
5101 5100 19
5100 5099 56
5099 5098 55
33390 33389 74
33389 14779 45
14779 14780 54
14780 14781 36
14779 14778 70
14778 36048 62
36048 36049 26
36049 29476 36
29476 29477 16
36049 36050 52
29476 29475 57
29475 29474 42
36048 36047 60
36047 36046 23
36046 36045 5
36045 36044 3
36044 36043 7
36043 36042 49
36042 36041 1
36041 36040 3
36040 3487 19
36040 36039 21
36042 32826 38
32826 32825 49
32825 32824 51
36039 11437 52
11437 11436 34
11436 11435 32
11435 11434 29
32824 32823 59
36050 36051 62
14778 14777 67
14777 14776 64
14776 14775 22
14775 21869 42
21869 21870 39
21869 21868 60
21868 21867 67
36039 36038 67
21870 21871 68
21871 21872 30
21871 33853 55
33853 33852 31
29474 29473 68
29473 29472 66
29472 29471 3
3487 3488 72
3488 3489 71
3489 3490 38
3490 3491 10
29477 29478 72
31989 43513 75
43513 43514 51
43513 43512 68
43512 19690 59
19690 19691 18
19691 19692 49
19692 19693 11
19693 19694 15
19690 19689 68
43512 43511 73
43511 43510 6
43510 43509 14
43509 43508 51
43508 43507 1
43507 43506 6
43506 43505 48
43505 43504 5
43504 43503 49
43508 19217 56
19217 19216 17
19217 49642 43
49642 49641 43
49641 49640 49
19216 19215 52
19215 19214 41
19214 19213 29
19213 19212 20
19212 19211 34
19211 19210 25
43503 43502 58
43502 43501 72
43501 43500 70
43500 18557 8
18557 18556 1
18557 18558 21
18558 18559 34
18559 18560 36
18560 18561 15
18561 18562 31
43500 43499 62
43499 10431 7
43499 43498 63
43498 43497 26
18556 18555 68
10431 10430 70
10430 10429 32
43514 43515 73
43515 43516 12
43516 43517 68
49640 49639 74
49639 49638 56
49638 49637 24
49637 49636 39
49636 49635 60
49635 49634 31
49634 49633 56
49636 12481 66
12481 12482 72
10429 10428 75
10428 10427 9
19217 19218 75
19218 19219 71
17130 44052 75
44052 44051 50
44051 44050 63
44050 44049 47
44052 44053 75
44053 44054 31
44301 44302 75
44302 44303 9
44302 39561 24
39561 39560 26
39560 39559 62
39559 39558 73
39558 39557 50
39561 39562 73
39562 39563 14
39563 39564 50
39564 39565 47
39565 39566 29
39566 39567 66
39567 39568 51
39568 39569 48
39557 39556 75
39556 39555 6
39555 39554 52
45849 45850 75
45850 45851 22
46210 46211 75
46211 46212 21
46212 46213 66
46213 46214 14
46214 46215 70
46215 46216 57
46216 46217 32
46217 46218 49
46218 16058 36
16058 16057 1
16058 16059 33
16059 16060 49
16060 16061 8
16061 16062 60
16062 16063 73
16063 16064 10
47235 47234 75
47234 47233 15
47233 47232 43
31419 47727 75
47727 47728 70
47861 47860 75
47860 47859 73
47859 47858 62
47858 47857 55
47857 47856 34
1604 1605 76
1605 1606 5
1605 40977 57
40977 40978 47
40978 40979 7
40979 40980 27
40977 40976 59
40980 40981 64
40981 6363 42
6363 6362 21
6362 6361 37
6361 6360 27
6362 33986 41
33986 33985 7
33986 3426 55
3426 3427 16
3427 3428 17
3428 3429 23
3429 3430 53
3430 3431 25
3431 3432 23
6360 6359 56
40976 40975 74
2418 2419 76
2419 2420 14
2420 2421 60
2421 2422 40
2422 2423 59
3590 3591 76
3591 3592 68
3592 3593 51
3593 3594 3
3594 3595 10
3744 3743 76
3743 3742 67
22610 4463 76
4463 4462 30
7773 4700 76
4700 4701 2
4700 4699 13
4699 4698 17
4701 4702 53
4702 4703 62
4703 4704 55
4704 4705 74
4705 4706 20
4706 23547 65
23547 23548 6
23547 23546 19
23546 23545 24
23545 23544 13
23548 23549 24
23549 49776 29
49776 49777 71
49777 49778 68
49778 49779 50
29920 4813 76
4813 4814 51
4814 4815 56
5809 5810 76
6713 6712 76
6712 6711 60
6711 6710 76
6710 6709 42
6709 34129 65
34129 34128 38
34128 34127 51
6911 6912 76
6912 13429 74
13429 13428 62
13428 13427 26
13427 5024 23
5024 5023 35
13427 13426 54
13426 13425 41
13425 13424 67
13424 13423 25
13423 13422 28
13422 13421 32
13421 13420 33
13420 13419 1
13419 13418 12
7769 7768 76
7768 7767 28
7767 7766 27
9384 9383 76
10050 10049 76
10049 10536 35
10536 10537 11
10537 10538 14
10538 10539 25
10539 8242 14
8242 8241 3
8242 8243 27
8243 8244 23
10049 10048 36
8241 8240 60
8240 8239 48
8239 8238 47
8238 8237 60
8237 8236 17
8244 8245 68
8245 8246 48
8246 8247 32
8246 42829 42
42829 42830 31
42830 3844 10
3844 28267 21
28267 28266 19
42830 42831 21
28266 28265 33
42829 42828 33
28265 28264 36
28264 28263 40
28263 28262 27
28262 28261 5
28267 28268 45
28268 7344 36
7344 7343 66
7344 7345 67
7345 7346 9
7345 27868 35
27868 27867 15
7346 49732 48
49732 49733 5
49732 16638 6
49733 49734 15
16638 16639 27
49734 49735 42
49735 26727 53
26727 26728 7
26728 26729 31
26727 26726 46
26726 26725 9
26725 26724 29
16639 16640 60
16640 48761 11
48761 48762 1
48761 48760 24
48762 48763 46
48760 48759 53
48759 48758 40
48758 48757 50
49735 49736 63
49736 49737 65
49737 49738 63
10536 10535 69
10535 10534 57
10534 10533 12
10533 10532 35
10532 10531 27
28261 28260 70
28260 13141 16
13141 13142 17
7346 7347 71
13141 13140 71
13140 13139 61
13139 13138 53
28266 36813 72
36813 36812 22
10539 10540 74
10540 10541 9
10541 10542 36
10541 21876 70
21876 21877 10
21876 21875 11
21875 21874 59
21874 21873 7
28268 28269 75
28269 28270 31
28270 28271 72
28271 28272 55
28272 28273 27
10803 10804 76
10804 10805 8
10805 10806 41
10806 10807 44
11258 11259 76
12149 12150 76
12150 12151 72
12151 12152 40
13819 13820 76
13820 13821 11
13821 13822 36
13822 13823 7
13823 13824 18
15063 15064 76
16296 16297 76
16297 16298 27
16298 45136 14
45136 45135 5
45135 45134 21
45134 45133 30
16298 16299 36
45136 45137 36
45137 45138 20
45133 45132 45
45132 45131 49
45131 45130 72
45130 45129 21
45130 17292 31
17292 17291 8
17291 17290 49
17290 17289 30
17289 17288 50
17292 17293 66
17293 17294 51
17294 17295 29
17295 17296 72
17296 17297 33
17297 17298 24
17288 17287 73
45138 45139 75
17527 17528 76
17528 17529 11
17529 17530 55
17530 17531 46
17531 17532 7
17532 33488 49
33488 33489 17
37884 17801 76
17801 17802 3
17801 17800 35
17800 17799 26
17802 17803 38
17799 17798 71
17798 17797 19
17797 23634 14
23634 23633 5
23634 23635 17
23635 23636 4
17797 17796 29
23633 23632 45
23632 23631 26
23631 23630 44
23630 23629 32
23629 23628 22
23628 23627 28
23627 23626 31
23627 22803 57
17796 17795 59
17795 17794 28
17794 17793 72
17793 17792 35
17792 17791 1
18489 18488 76
18488 18487 7
18487 18486 47
18486 18485 19
18485 18484 49
18484 18483 43
18483 18482 74
18499 18500 76
18500 18501 63
18501 18502 14
18501 8065 44
8065 8066 7
8066 8067 5
8067 8068 61
8068 8069 38
8069 8070 53
19700 19699 76
19699 19698 71
20198 20199 76
20199 20200 73
20200 20201 69
20886 20885 76
20885 20884 66
20908 20909 76
20909 20910 8
20910 20911 6
20909 34509 24
34509 34508 4
34509 34510 15
34510 34511 10
34511 34512 28
34512 34513 68
21328 21327 76
21327 21326 56
21326 21325 29
21325 21324 23
21324 21323 39
21323 21322 38
23061 23060 76
23060 23059 40
23059 23058 57
23594 23595 76
23595 23596 34
23636 23637 76
23637 23638 26
23638 23639 1
23639 23640 6
23640 23641 59
23641 23642 62
23639 43911 73
43911 43912 4
24674 24673 76
24673 24672 44
24672 24671 33
24671 24670 36
25554 25555 76
25555 25556 31
26094 26093 76
26093 26092 68
29471 29470 76
29470 29469 67
29469 29468 44
29793 29792 76
29792 29791 48
29791 7509 20
7509 7508 39
7508 7507 4
7509 7510 72
7510 7511 46
7511 7512 27
30632 30631 76
30643 30642 76
30642 30641 63
30641 30640 59
30640 30639 76
30639 30638 14
31331 31330 76
31330 31329 17
31330 47117 27
47117 47116 2
47117 47118 67
47118 47119 30
47118 45449 52
45449 45448 62
45448 45447 40
45447 5985 3
45447 45446 26
45446 45445 11
45445 45444 37
5985 5984 41
5984 5983 20
5983 5982 16
5983 38273 21
38273 38272 28
38272 38271 9
5984 47996 51
47996 47997 22
47997 47998 21
47996 47995 35
38273 38274 57
5985 5986 58
5986 5987 15
5987 20918 10
5987 5988 47
5988 5989 26
5989 5990 56
5990 5991 19
38274 38275 58
20918 20919 68
20919 20920 23
20920 20921 29
20921 20922 51
20922 20923 37
20923 20924 1
45444 45443 68
45443 15854 40
15854 15855 1
15855 15856 25
15856 15857 72
15857 15858 32
15858 15859 11
38275 38276 72
38276 47578 9
47578 47579 7
47578 39693 52
39693 39694 15
39693 39692 20
39692 39691 23
39694 39695 60
39695 39696 29
39696 39697 9
47579 47580 67
47580 47581 20
47998 47999 75
47999 48000 17
15859 15860 76
15860 15861 17
15861 15862 41
31365 31364 76
31364 31363 19
31363 31362 22
31362 31361 8
31361 31360 49
31360 31359 42
31359 31358 18
31358 31357 16
31524 31525 76
31525 31526 74
32914 32915 76
32915 32916 56
32916 32917 49
32917 32918 74
32918 32919 14
32918 28209 22
32918 34527 50
34527 34528 21
34527 34526 34
28209 28210 64
28210 28211 74
32919 32920 75
32920 32921 7
32921 32922 29
32921 11778 40
32922 32923 76
32923 32924 35
32924 10151 25
32924 32925 55
32925 32926 41
28319 33449 76
33449 33448 61
33455 33456 76
33456 83 24
83 84 23
34966 34965 76
34965 34964 21
34964 34963 38
34963 34962 42
35102 35103 76
35103 35104 72
35104 35105 59
35245 35244 76
35695 35694 76
35694 35693 7
35693 35692 20
35805 35804 76
35804 35803 45
36113 36112 76
36112 36111 75
36111 36110 22
36110 36109 43
36109 36108 63
36108 36107 22
36107 36106 23
36757 36756 76
36756 36755 42
36755 36754 21
37902 37903 76
37903 37904 67
37904 37905 33
37905 37906 18
38350 38351 76
38564 38563 76
38563 38562 31
38562 38561 15
38651 38650 76
38650 19936 15
19936 19937 5
38650 38649 18
19936 19935 39
19937 19938 70
19938 19939 38
19939 19940 62
19940 19941 63
19941 19942 57
19942 378 9
19942 19943 13
19943 19944 32
19944 19945 25
378 377 38
377 376 14
376 375 23
375 374 23
378 379 49
374 373 53
19945 19946 73
19946 19947 44
19947 19948 34
19948 19949 22
19949 19950 41
19950 19951 59
19936 25226 75
25226 25225 40
25226 25227 47
39946 39945 76
39945 39944 49
40207 40208 76
40208 40209 60
40209 40210 56
40210 40211 31
40708 40709 76
41904 41903 76
41903 41902 5
41902 41901 9
41901 41900 18
41991 41992 76
41992 41993 72
41993 41994 50
41994 41995 1
41995 41996 19
41996 41997 22
41997 41998 25
42315 42314 76
42314 18430 17
42314 42313 19
18430 18429 32
42313 42312 33
42312 42311 49
42311 42310 15
42310 42309 51
18429 18428 57
18428 18427 51
18427 18426 63
18426 18425 46
18425 18424 23
18424 18423 28
18428 7247 69
7247 7248 27
7248 7249 31
7247 7246 38
7246 7245 22
7245 7244 65
7244 7243 15
7243 7242 31
7242 21931 27
21931 21932 74
21932 21933 14
21933 30606 24
30606 30605 3
30606 30607 12
30605 30604 68
30607 30608 73
30608 30609 2
30608 18318 6
30609 30610 24
18318 18319 58
18319 18320 67
18320 18321 43
18321 18322 52
18322 18323 43
18323 18324 14
18430 18431 76
18431 18432 29
18432 18433 66
18433 18434 6
18434 18435 65
42883 42884 76
42884 42885 43
42885 42886 45
42886 42887 15
43483 43482 76
43482 43481 68
43481 43480 20
43480 43479 2
43479 43478 58
43478 43477 61
43893 43894 76
43894 43895 22
43895 43896 71
43896 43897 4
43897 43898 20
43898 43899 51
43899 43900 17
43900 13745 65
13745 8476 43
8476 8475 17
8476 8477 29
8477 8478 39
8475 8474 40
13745 13744 46
13744 13743 62
13745 13746 62
13746 13747 42
13743 13742 72
13742 13741 50
13741 13740 63
13740 13739 59
8474 8473 74
31125 43942 76
43942 43941 9
43941 43940 11
43940 43939 26
43940 26636 36
26636 26635 21
43939 43938 40
43942 43943 43
26636 26637 57
26637 26638 41
26635 26634 65
26634 26633 4
43943 43944 69
26633 26632 73
26632 26631 51
26631 26630 27
26630 26629 17
44054 44055 76
44055 44056 35
44056 44057 56
44057 44058 32
44058 44059 36
44059 44060 18
44060 44061 7
44173 44172 76
44172 44171 50
44171 44170 41
34087 44328 76
44328 44327 55
44327 44326 20
44326 44325 76
44325 44324 68
44834 44833 76
45231 45232 76
45232 45233 51
45875 45876 76
45876 45877 32
45877 45878 63
23318 46538 76
46538 46537 65
46537 46536 74
46536 46535 33
46535 38141 10
38141 38142 4
46535 46534 42
46534 46533 65
38141 38140 72
38140 38139 60
38139 38138 2
46533 46532 76
46532 46531 47
47250 47251 76
47251 47252 68
49388 49389 76
49389 49390 30
49390 7850 35
7850 7849 13
7849 7848 47
7848 7847 29
7850 7851 66
7851 7852 36
1233 1232 77
1604 1603 77
1603 1602 13
1602 1601 33
2261 2262 77
2262 885 4
885 5071 35
5071 5072 28
885 886 43
2262 2263 69
2263 2264 36
2263 40552 39
40552 40553 30
40553 40554 12
2264 2265 57
2265 2266 19
2266 2267 23
2267 2268 57
40552 40551 59
40551 40550 46
40554 40555 64
40550 40549 65
40549 40548 11
40548 40547 66
886 887 76
5276 5277 77
5277 5278 24
5278 5279 63
25668 5992 77
6713 6714 77
6714 6715 41
6715 6716 52
6716 6717 9
6909 6908 77
6908 6907 6
6907 6906 29
6906 6905 8
6905 6904 25
8220 8219 77
8219 8218 20
8218 8217 37
8217 8216 60
8216 8215 52
8215 8214 15
8214 8213 2
8213 8212 74
8212 8211 64
8211 8210 41
9442 9441 77
9441 44817 43
44817 44818 12
44817 30399 35
30399 30398 55
30398 30397 21
30397 30396 24
30396 47406 32
47406 47405 2
47406 47407 2
47405 47404 45
30396 30395 47
30395 10394 38
10394 10395 5
30395 30394 49
30394 30393 30
10394 10393 51
10393 10392 31
10392 10391 40
10391 10390 34
9441 9440 56
30393 30392 58
30392 30391 13
47404 47403 63
9440 9439 64
9439 9438 11
9438 9437 47
9437 9436 42
9436 9435 70
9435 9434 22
9434 9433 33
9433 8748 45
8748 7608 2
8748 8747 20
8747 8746 31
8746 8745 2
8745 8744 44
8744 8743 48
8743 49567 34
49567 49568 29
49568 49569 44
49567 49566 55
49566 49565 68
8748 8749 69
44818 44819 71
44819 44820 3
44820 44821 22
44821 44822 69
44822 44823 18
44823 44824 7
44824 44825 19
44822 37097 25
37097 37096 41
37097 37098 59
37098 37099 3
37099 37100 70
37100 37101 21
49565 49564 71
49564 49563 39
7608 7607 72
7607 7606 20
49569 49570 72
30399 30400 73
9433 9432 74
9432 9431 41
37098 40871 74
40871 40872 43
40872 40873 65
40873 40874 12
40874 40875 22
40875 40876 74
40876 40877 67
40877 40878 45
40878 40879 46
7606 7605 75
7605 7604 3
7604 7603 71
7603 7602 37
7602 7601 25
30400 30401 75
30401 30402 20
30402 30403 25
30401 39928 31
39928 39929 28
39928 39927 45
39927 39926 57
39926 39925 30
39925 39924 6
39924 39923 29
39923 39922 38
39922 43659 21
43659 43658 18
43658 43657 6
39922 39921 30
39926 33368 47
39929 9704 59
9704 9705 55
30403 30404 60
30404 30405 15
30405 30406 60
30406 30407 30
30407 30408 61
33368 33367 65
33367 33366 49
33366 33365 37
33365 33364 23
33364 33363 30
33363 33362 16
33362 33361 38
33361 33360 30
39921 39920 69
39920 39919 60
39919 23991 26
23991 23990 21
23990 23989 5
23991 23992 46
23992 23993 9
23993 23994 13
39926 2822 70
2822 2823 9
2823 2824 28
2824 2825 4
2825 2826 2
2826 2827 16
2822 2821 44
2824 5172 48
5172 5171 34
2827 2828 64
2828 2829 16
5171 5170 64
5170 33598 45
33598 33597 23
33598 33599 43
33599 33600 46
33600 33601 41
33601 33602 24
33601 25095 30
25095 25096 12
25095 25094 21
25096 25097 34
25097 25098 25
33602 33603 59
25098 25099 63
25099 25100 1
25100 25101 58
33603 33604 67
33604 33605 14
33605 33606 20
33606 33607 6
33607 34858 33
34858 34859 8
33607 33608 40
33608 33609 31
33609 33610 23
33610 33611 24
33611 33612 4
33612 33613 22
33613 33614 1
33607 3288 44
3288 3287 26
34858 35668 58
35668 35667 12
35667 35666 15
35668 35669 26
35669 35670 56
35670 35671 38
35671 35672 21
35672 35673 44
35673 41472 2
41472 39005 3
39005 39006 20
41472 41473 37
41473 41474 43
41472 41471 50
41471 41470 20
41470 41469 63
5171 15109 70
15109 35834 6
35834 35833 19
15109 15108 30
15109 15110 30
15108 15107 31
15110 7494 60
7494 7495 39
7494 7493 41
7493 7492 40
7495 7496 42
7492 7491 62
39924 22934 75
22934 22933 27
22934 22935 64
22935 22936 4
22936 9362 27
9362 9363 7
9363 9364 15
9362 9361 26
22935 13499 31
13499 13500 8
13499 20486 16
9364 9365 37
9365 9366 6
9365 30845 18
30845 30844 3
9366 9367 22
9365 25769 25
25769 25768 8
9367 9368 26
9368 9369 50
25768 25767 57
25767 25766 33
25766 28422 46
25766 48894 59
48894 48893 4
48893 48892 16
48892 48891 57
48891 48890 19
48890 48889 22
48889 48888 58
48888 48887 47
48887 20288 5
48887 48886 14
20288 20287 31
20287 25971 7
20287 47951 11
47951 47952 32
20288 20289 33
20289 20290 26
20290 20291 7
20290 40020 9
40020 40021 1
40020 40019 28
40019 40018 19
40018 40017 23
40017 40016 11
40021 40022 40
40022 40023 7
40021 33969 44
33969 33970 31
40016 40015 47
40015 40014 19
40014 5814 12
5814 13414 12
47952 47953 47
13414 13413 52
13413 13412 37
25971 25970 53
25970 25969 34
25969 17870 3
17870 46186 21
17870 17871 45
17871 17872 7
17872 17873 30
46186 46187 52
17870 14381 56
14381 14380 42
14380 14379 24
46187 46188 57
46188 46189 10
46189 46190 18
46190 46191 8
46191 46192 1
46192 46193 10
46193 46194 53
20291 20292 59
20292 20293 40
25769 25770 60
25770 25771 3
13412 13411 62
13411 13410 1
13410 13409 12
13409 13408 18
13408 13407 21
13409 27334 61
14379 14378 64
14378 14377 23
25766 42737 65
42737 42738 14
42737 42736 24
14381 14382 68
14382 14383 55
14383 14384 56
14384 10269 16
10269 10268 1
14384 14385 26
10268 10267 28
10269 10270 33
14385 14386 40
10270 10271 43
10271 10272 35
10272 10273 41
10273 10274 43
14386 14387 55
14387 14388 52
28422 28423 68
20287 20286 69
33969 7893 70
7893 7894 68
7894 7895 51
7895 12952 19
12952 12953 23
7895 7896 42
27334 27335 70
27335 27336 6
27336 26646 62
13414 13415 71
17873 17874 72
17874 17875 40
17875 17876 36
17876 17877 64
17877 17878 15
17878 17879 62
28422 28421 72
17870 17869 73
17869 17868 5
17868 17867 41
17867 17866 70
17866 17865 22
17865 17864 1
17864 17863 8
17863 17862 19
17862 17861 19
47951 47950 73
47950 47949 39
47949 47948 46
13407 13406 74
13406 13405 51
26646 26645 74
26645 26644 73
26644 26643 3
26644 28931 33
26643 26642 62
28931 28932 71
28932 39995 9
39995 39996 22
28932 28933 35
28933 28934 25
28934 28935 30
28935 28936 27
39995 39994 46
39996 39997 48
39997 19736 15
19736 26041 11
39997 43392 49
26041 26042 52
26042 26043 8
26043 26044 25
26044 44411 53
19736 19735 56
19735 19734 55
44411 44412 59
44412 44413 48
44413 29146 12
29146 29147 34
29147 29148 27
29148 29149 27
29149 29150 7
29150 29151 7
29147 10634 31
10634 10633 17
29151 29152 41
29152 29153 40
29153 29154 57
19736 19737 71
33970 33971 74
40023 40024 74
48886 48885 74
48885 48884 71
12953 12954 75
12954 12955 14
12955 12956 54
12956 18455 17
18455 18454 47
18454 18453 30
18453 18452 39
18452 18451 48
18451 18450 12
18451 47136 58
47136 47137 35
47137 47138 5
47138 47139 16
47136 40191 61
40191 40190 64
40190 40189 38
40189 40188 23
40188 40187 2
40191 40192 73
40192 40193 48
40193 40194 19
40194 40195 30
40195 40196 19
40196 40197 19
27334 27333 75
27333 27332 13
40197 40198 75
40198 40199 57
40199 40200 7
40200 40201 64
40201 40202 47
47407 47408 75
47408 47409 59
47409 47410 19
47410 47411 49
47411 47412 72
25969 25968 76
25968 25967 36
25968 15793 70
15793 15794 50
15794 15795 14
15795 15796 15
15796 16022 62
16022 16023 19
16023 16024 20
16024 16025 7
16025 16026 38
16026 16027 26
15796 15797 68
15797 15798 13
15798 719 47
719 720 5
720 721 16
719 718 30
718 717 6
717 716 15
716 715 21
715 714 7
714 713 29
713 34974 37
719 46665 56
46665 46664 38
46664 46663 24
46664 7480 46
34974 34975 57
34975 34976 4
7480 7479 62
15798 15799 68
15799 24307 60
24307 24306 22
24306 24305 66
34976 34977 68
34977 34978 8
34978 34979 68
34979 34980 10
15793 15792 72
15792 15791 56
15791 15790 61
15790 15789 56
15789 15788 18
15788 15787 71
15787 15786 3
15786 15785 20
15785 15784 17
15784 15783 32
15783 15782 49
15782 15781 50
15781 15780 18
46663 46662 72
46662 46661 4
46661 46660 26
46660 46659 45
46659 46658 18
46658 46657 2
46657 46656 69
46656 34895 14
34895 34896 5
34896 34897 66
34897 34898 32
25967 25966 73
24307 31822 74
31822 31821 14
7479 7478 75
15799 15800 75
15800 15801 71
15801 20068 41
20068 20067 17
15801 45185 41
45185 45186 2
45186 10221 23
10221 10222 6
10221 10220 27
10220 10219 4
10219 10218 13
45186 22034 48
22034 22033 28
22033 22032 35
22032 22031 7
22032 35550 48
35550 41589 21
41589 41590 3
41589 41588 41
45185 45184 48
45184 11826 37
11826 11827 21
11827 11828 38
11828 11829 2
10222 10223 52
10223 10224 30
10224 10225 22
45186 45187 55
45187 45188 50
45188 45189 24
45189 45190 21
45190 45191 40
10225 10226 57
10226 10227 48
10227 10228 26
11826 11825 58
11825 11824 36
11824 11823 9
11823 11822 19
11822 11821 23
11821 11820 34
35550 35549 58
11829 11830 65
35549 35548 65
22031 22030 68
22030 23396 11
23396 23397 67
22030 22029 73
22029 22028 10
22028 22027 61
22027 22026 51
22026 22025 16
22025 22024 65
22024 22023 27
35550 35551 73
35551 35552 5
35552 35553 72
35553 35554 63
35554 35555 17
22034 22035 74
22035 22036 59
22036 22037 28
22037 22038 60
22038 22039 62
16022 16021 75
16021 16020 14
16020 16019 27
39006 39007 76
39007 39008 15
39008 39009 57
39009 39010 10
39010 39011 5
39011 31088 4
39009 41888 28
31088 31089 35
41888 41889 55
41889 41890 32
41890 43345 36
43345 43346 46
43346 25922 12
25922 25923 8
25923 22864 20
22864 22865 18
43346 43347 35
43347 43348 33
43348 27851 52
31089 31090 56
31090 31091 36
31091 31092 58
31091 40072 58
40072 40071 29
40072 40073 36
40073 39941 1
39941 39940 6
39940 39939 13
40073 40074 37
39940 37050 39
37050 37051 15
37051 37052 13
40071 40070 49
40070 40069 20
40069 40068 3
39941 39942 53
39942 39943 2
43345 43344 60
43344 43343 28
43343 43342 63
43342 43341 64
43341 20527 11
43341 43340 39
43340 43339 7
43339 43338 19
20527 20526 40
43338 43337 46
43337 43336 10
20527 20528 52
40074 40075 65
41888 41887 66
40075 40076 68
40076 40077 1
40077 23869 17
23869 23870 14
23869 23868 21
40077 40078 26
23868 23867 51
40078 40079 62
40079 40080 18
40080 40081 15
40081 40082 60
22865 22866 70
22866 22867 68
37052 37053 70
37053 37054 48
37054 37055 3
40080 26183 72
22864 22863 75
25923 25924 75
25924 25925 45
25925 25926 59
25926 25927 5
31092 31093 75
20528 20529 76
20529 20530 22
22863 22862 76
39008 26890 76
26890 26891 25
26891 26892 14
26892 26893 17
26893 26894 19
26894 26895 29
26890 1810 39
1810 29004 7
1810 1811 23
1811 1812 22
1812 1813 5
1813 1814 3
26890 26889 44
26889 19242 23
19242 19241 18
19241 18419 2
18419 18420 10
18419 18418 17
18418 18417 39
18417 18416 43
29004 29005 47
18416 18415 55
1814 1815 57
19242 19243 58
19243 19244 42
19244 19245 24
26889 26888 68
26888 26887 56
26887 26886 14
26886 26885 51
26885 16180 53
16180 16179 13
16179 16178 59
16178 16177 38
16177 16176 27
16176 16175 48
16175 16174 42
16175 24627 45
24627 24628 3
24628 24629 34
24627 24626 41
16180 16181 66
16181 16182 32
16182 16183 58
24627 10354 67
10354 10353 31
10353 10352 32
10352 10351 3
10351 10350 45
10354 10355 45
10355 10356 5
10356 10357 69
10357 10358 24
18415 19724 69
19724 19725 55
29005 29006 70
10350 10349 72
10349 10348 19
10348 10347 22
18420 18421 75
18421 18422 8
19241 19240 75
19240 19239 20
19239 45802 65
45802 45803 59
45803 45804 33
45804 45805 9
45805 45806 52
45806 45807 18
45807 45808 22
45808 45809 15
45809 15949 62
15949 15948 26
15949 15950 47
15950 15951 26
19239 19238 66
19238 19237 23
19237 47534 22
47534 47535 10
47535 47536 37
47534 47533 45
47533 47532 13
19237 31961 52
31961 31962 45
31961 31960 50
31960 31959 6
31959 31958 40
31958 31957 39
31957 31956 48
31956 31955 36
31955 31954 50
47536 47537 70
47537 47538 63
47538 47539 6
47539 47540 39
15948 15947 71
15947 15946 52
15946 15945 2
15945 15944 65
15944 15943 25
15943 15942 3
15942 15941 11
15941 15940 18
15940 15939 16
15939 15938 58
47136 47135 76
47135 47134 14
47134 47133 74
47133 18756 52
18756 18757 27
14382 6034 77
6034 6035 5
6035 6036 50
6036 6037 77
9431 9430 77
9430 9429 53
9429 9428 72
9428 9427 59
9427 36804 29
9427 9426 65
9428 30908 65
30908 30907 24
30907 30906 7
30906 30905 31
30905 17892 23
30905 30904 26
17892 17893 28
17892 17891 42
30908 28336 47
28336 28335 1
28335 28334 14
28334 43558 17
43558 43559 10
43558 43557 43
30908 30909 56
28334 28333 57
28333 28332 59
28332 28331 1
30909 30910 64
30910 30911 22
30911 30912 16
30912 30913 65
30913 30914 4
30914 30915 23
30913 4842 30
4842 4843 7
4843 4844 23
4844 34600 39
34600 30954 13
30954 30955 19
30954 30953 22
30954 566 29
30954 34078 45
4842 4841 46
4844 4845 54
4845 1304 19
30953 30952 60
30952 30951 1
4841 4840 63
1304 1305 65
34078 34079 66
34079 34080 49
34080 34081 42
34081 34082 55
34082 34083 44
34083 34084 36
34084 34085 2
34085 34086 2
34084 39232 6
39232 39233 8
34085 20300 61
20300 20301 6
20300 17575 8
17575 17574 39
17574 17573 9
17575 17576 40
566 567 71
567 568 14
1304 1303 75
1303 1302 50
1302 1301 49
1301 1300 27
1302 49109 58
49109 49110 50
49110 49111 28
49109 49108 63
49108 49107 6
49107 23788 9
49107 49106 30
49106 13552 19
13552 13551 30
13551 13550 27
13552 13553 55
13553 13554 19
13554 13555 58
13555 13556 64
13556 13557 14
23788 23787 65
23787 23786 43
23786 23785 28
23785 23784 54
13550 13549 73
13549 13548 70
1300 1299 77
9426 9425 77
9425 9424 40
9424 9423 8
9424 28652 16
28652 28651 18
28651 28650 39
28650 974 11
974 975 5
28650 28649 18
28652 28653 41
975 976 51
976 977 1
9423 9422 68
9422 9421 16
9421 9420 67
9420 9419 49
9419 9418 64
9418 9417 20
9417 9416 44
974 973 76
973 10019 17
10019 10020 18
973 972 35
10019 10018 35
972 971 51
9846 9847 77
9847 9848 66
9848 9849 32
9849 9850 77
9850 9851 49
9851 9852 17
9851 11074 75
11074 11073 30
11073 11072 19
11074 11075 58
11075 11076 57
11072 11071 61
11071 11070 77
11070 11069 60
11069 20962 7
20962 20963 56
20963 20964 16
20964 20965 49
20964 29035 52
29035 29034 36
29034 29033 16
29033 29032 29
29032 29031 10
29035 29036 46
29036 29037 20
29037 46003 22
29037 29038 38
29038 29039 27
46003 46002 44
29036 45657 53
45657 45656 53
46003 46004 61
46004 46005 18
46005 46006 24
46006 46007 40
46007 46008 15
46008 23705 53
23705 23704 34
23704 9244 2
9244 12933 27
9244 9245 39
9245 9246 3
9244 9243 44
9243 9242 7
9242 9241 22
9241 9240 38
46002 14039 64
14039 14038 1
14039 3156 22
3156 3155 11
14038 14037 32
3155 3154 57
14039 14040 57
14040 14041 31
14041 14042 60
14042 14043 20
14043 14044 55
23704 23703 67
23703 2127 7
2127 2126 27
2126 2125 66
2125 10763 61
10763 10764 42
10764 10765 16
10763 10762 64
2125 2124 69
2124 2123 26
2124 12796 46
12796 12795 2
12795 12794 12
10762 10761 69
10762 3382 71
3382 3381 44
3382 3383 46
3381 3380 57
3380 28444 48
28444 37414 3
37414 15051 1
37414 37415 1
15051 15050 5
37415 37416 16
37416 37417 30
15050 15049 36
37414 37413 48
37417 37418 54
28444 28443 60
37413 37412 64
37412 37411 58
37411 37410 69
37418 37419 70
3380 3379 71
9240 9239 71
9239 9238 46
12933 12932 71
12932 12931 13
12931 12930 54
20962 20961 71
20965 20966 71
20966 20967 41
20967 20968 49
20968 20969 34
20969 20970 32
29039 29040 71
29040 29041 34
29041 29042 52
29042 29043 50
2127 2128 72
2128 2129 48
9238 9237 72
9237 19031 30
19031 19030 33
19030 19029 23
19029 19028 56
19028 19027 2
19027 42891 55
42891 42890 14
42891 42892 24
42890 42889 33
42889 42888 4
19027 19026 60
42892 42893 67
14037 14036 72
14036 14035 66
14035 14034 31
14035 1209 60
1209 1210 2
1210 1211 23
3379 3378 73
3378 3377 74
3377 3376 31
3376 3375 11
3375 3374 22
3374 3373 43
3373 3372 35
3372 3371 12
3371 3370 22
3370 3369 26
3369 3368 30
3369 36485 55
3377 11691 67
11691 11690 22
11690 1055 34
1055 1056 13
1056 1057 26
11691 11692 68
11692 11693 7
11693 11694 38
11694 11695 20
36485 36486 73
36486 36487 37
28443 28442 76
28442 28441 18
28441 28440 31
28440 28439 6
28439 28438 68
3154 3153 77
3153 3152 7
3152 3151 64
3151 3150 48
3153 11791 72
11791 11790 8
11790 11789 60
11789 11788 28
11164 11163 77
11163 11162 27
11259 11260 77
11260 11261 38
11261 15216 13
15216 15217 34
15217 15218 26
15218 15219 14
15219 15220 4
15218 34376 21
11261 11262 55
11262 11263 1
34376 34375 65
34375 34374 13
15216 15215 76
15215 15214 59
15214 15213 18
15213 15212 28
34376 34377 76
34377 34378 75
34378 34379 3
34379 34380 72
34380 34381 5
11820 11819 77
11830 11831 77
11831 11832 56
11832 47905 35
47905 47906 33
47906 47907 13
47907 47908 6
47908 47909 35
47909 45673 73
45673 45674 14
45674 45675 71
45675 45676 60
45676 25940 6
25940 25939 29
25940 8445 34
8445 22682 4
8445 8444 18
45676 45677 39
25939 25938 42
25938 25937 10
25937 25936 41
45676 37120 45
37120 37119 32
8445 401 50
401 402 37
8445 8446 52
45677 45678 53
45678 45679 8
45679 45680 43
45680 45681 21
401 37272 55
45681 45682 56
45682 45683 36
45683 45684 5
45684 45685 45
45685 45686 22
45686 45687 12
25940 25941 58
25941 25942 35
37120 37121 72
37121 37122 8
37122 37123 70
22682 8272 73
8272 8273 47
8272 8271 59
8271 32379 43
32379 32380 30
32379 32378 64
32378 32377 25
47909 47910 73
47910 47911 4
47911 47912 32
47912 47913 27
45687 45688 74
45688 45689 10
45689 45690 22
402 403 75
403 404 10
404 405 71
405 406 14
406 407 24
407 408 69
408 25528 60
25528 25529 24
25529 25530 12
25530 25531 47
25531 25532 67
25532 25533 47
45690 45691 75
45691 45692 31
47905 47904 76
47904 47903 4
12345 12344 77
12344 12343 22
12343 12342 25
12342 12341 14
12341 12340 36
12342 31949 54
31949 31948 27
31948 31947 18
31949 31950 35
31950 31951 9
31951 16937 25
16937 16936 32
16936 7434 29
31948 26449 43
26449 26450 44
26450 26451 34
26451 26452 39
7434 7433 47
16937 16938 48
16936 16935 51
26449 26448 53
31951 31952 54
12343 45161 63
45161 10090 3
10090 10091 3
10090 10089 55
10089 10088 33
10088 10087 25
10087 10086 48
10086 10085 7
10085 25167 60
25167 25168 26
25168 25169 18
25169 25170 27
25170 25171 29
25169 40929 43
40929 40928 2
40929 40930 22
40930 40931 12
40928 40927 27
40927 40926 38
40926 40925 20
40931 40932 38
40932 40933 12
40933 37124 9
25167 25166 44
25166 25165 25
25170 44073 44
44073 44074 43
44074 44075 13
44075 23444 15
23444 23443 14
23444 23445 25
23445 23446 9
25165 18027 46
18027 18028 35
18027 18026 36
44075 44076 46
44076 44077 25
25170 15704 48
15704 15705 47
40933 40934 48
40934 40935 26
40926 32038 52
32038 32039 1
32038 32037 48
32037 32036 4
44073 44072 58
18026 18025 61
40926 33841 61
33841 33840 25
33840 33839 19
10090 4468 64
4468 4469 49
31947 31946 64
31946 31945 52
31945 31944 46
31944 31943 45
16935 16934 65
16934 16933 32
16933 16932 41
16932 16931 24
16932 15901 58
15901 15900 37
16932 17408 65
17408 17407 7
17408 17409 12
17407 17406 46
17406 17405 14
45161 45162 65
45162 45163 50
45163 45164 38
45162 39767 51
39767 39768 32
39768 39769 53
39769 39770 7
39770 39771 39
39771 39772 35
39772 39773 26
39773 39774 34
39769 28300 41
39774 39775 43
39775 39776 50
39776 39777 40
39777 39778 2
39777 43448 8
45164 45165 61
45165 45166 53
45166 45167 52
40925 38497 66
38497 20449 2
20449 20450 12
20449 20448 18
20448 20447 6
20450 20451 27
20451 20452 10
20447 20446 35
38497 38496 48
38496 38495 31
38495 38494 23
39767 39766 66
39766 39765 47
39765 14907 22
14907 14906 9
39765 39764 25
14907 14908 43
39765 36122 47
36122 36123 40
36123 36124 8
36124 36125 41
36122 36121 56
36125 36126 58
36126 36127 33
39764 39763 58
36121 36120 64
23445 47567 66
47567 47568 34
47568 47569 34
47569 10134 53
10134 10133 62
10133 10132 21
10132 10131 43
10131 10130 53
4469 4470 68
4470 4471 26
4471 9501 24
4471 4472 28
9501 9500 66
9500 9499 7
9499 9498 39
9498 9497 65
10085 10084 68
10084 12746 25
12746 12745 37
10084 10083 46
10083 38063 46
38063 38062 1
12745 30109 49
30109 30108 30
30109 30110 35
10083 10082 55
10082 10081 46
10081 10080 1
12745 12744 63
12744 12743 54
12743 12742 1
12742 12741 37
12741 13059 24
13059 13058 10
13059 13060 55
13060 13061 30
13061 13062 13
13062 13063 26
13063 13064 7
13064 40439 13
40439 9896 43
40439 11282 49
11282 11281 6
11281 11280 49
11280 11279 21
40439 40438 49
9896 9897 61
38063 48903 65
48903 48902 36
48902 31866 38
31866 31865 25
31865 45336 47
45336 45335 11
45335 45334 56
45334 41018 19
45334 45333 41
31866 31867 66
31867 31868 26
14906 14905 68
28300 28301 69
28301 28302 65
28302 28303 55
28301 30938 68
30938 30939 12
30939 30940 11
30938 30937 13
30940 30941 23
30941 30942 46
33841 33842 69
39778 39779 69
39779 39780 30
39780 39781 29
39781 39782 14
39782 39783 55
39783 39784 29
39784 39785 13
39783 40828 44
39782 47760 61
47760 47759 32
40935 40936 69
40936 40937 46
40937 40938 15
20452 20453 70
15900 15899 71
15899 7273 3
7273 20106 22
20106 20105 4
7273 7272 39
7273 7274 57
20105 20104 63
20104 20103 38
20103 4513 25
20103 20102 28
20102 6475 11
20102 20101 24
6475 6474 41
6474 6473 39
6473 6472 17
6475 6476 56
6476 6477 10
6476 15012 12
6477 6478 18
15012 15011 28
15011 15010 13
20106 20107 65
20101 20100 71
20100 20099 10
20099 20098 6
20098 20097 26
20097 20096 3
20096 20095 39
20095 20094 53
25165 25164 71
25164 48009 18
48009 28220 5
28220 28219 32
28219 28218 28
48009 48010 45
48010 48011 26
48011 48012 23
48012 48013 42
48013 48014 5
25164 25163 46
25163 25162 8
25162 25161 43
25161 25160 22
25160 25159 38
48009 48008 48
48008 48007 17
28220 28221 50
28221 28222 48
28222 28223 53
28223 28224 57
25159 25158 58
25158 25157 49
28218 28217 68
28217 28216 19
28216 28215 40
20104 36399 71
36399 36398 1
36398 36397 37
36397 36396 14
36399 36400 47
36400 12706 34
12706 12707 52
12707 12708 52
12708 12709 22
12709 12710 46
12706 12705 54
12705 12704 20
38497 38498 71
38498 38499 66
38499 929 1
929 930 29
930 931 42
931 932 31
932 933 4
38499 38500 56
38500 38501 34
38501 38502 52
933 934 59
934 935 28
935 936 5
16938 16939 72
16939 16940 15
37124 37125 72
37125 31009 32
31009 31008 59
31008 31007 61
31007 31006 10
31006 31005 62
37125 37126 65
37126 37127 20
48903 48904 72
48904 48905 64
4513 4514 73
4514 4515 17
4515 4516 1
4515 21833 1
21833 21832 29
21832 21831 54
21831 30217 40
30217 30218 44
30218 30219 8
4516 4517 72
4517 4518 7
7434 7435 73
10091 10092 73
45334 33549 73
33549 33548 26
33548 33547 23
33549 33550 64
33550 33551 15
33551 33552 10
33552 33553 44
33553 8288 35
33553 33554 53
33553 34115 67
34115 34116 59
34116 34117 61
34117 34118 49
40925 40924 73
40924 40923 22
40923 4758 24
4758 4757 2
4757 4756 25
4756 4755 3
43448 43447 73
43447 43446 63
43446 43445 21
43445 43444 60
43444 43443 13
43443 43442 2
47759 47758 73
47758 47757 13
47757 47756 47
47756 22781 17
22781 22782 16
22782 22783 26
22783 22784 7
22784 22785 61
22785 22786 27
22786 22787 59
22787 22788 25
22781 22780 68
22780 47219 30
47219 47218 23
47218 35903 14
47218 42945 26
42945 42944 25
42944 42943 24
42943 42942 12
42942 42941 31
42941 42940 5
42940 42939 16
42939 30190 12
30190 30191 10
42945 42946 44
42939 29615 45
29615 29616 43
47219 47220 45
29615 29614 48
30190 30189 48
29615 31105 50
42939 42938 52
47218 47217 53
29616 29617 55
42938 42937 58
42937 42936 51
42936 42935 43
42935 42934 19
47220 47221 61
29614 29613 62
29613 29612 43
29612 29611 25
29611 29610 40
42934 42933 70
42933 42932 53
22782 21197 72
21197 21198 39
21197 21196 50
21198 12698 53
12698 12699 23
12699 1088 27
1088 1089 18
1088 1087 44
1089 1090 58
21196 21195 67
21195 21194 45
21194 18295 52
18295 18294 3
18295 18296 49
18296 18297 20
18297 18298 41
21194 21193 73
21193 21192 44
21192 21191 66
21191 21190 8
21190 21189 14
21189 21188 28
21188 21187 6
21187 21186 36
21186 17947 48
17947 17948 58
17948 17949 41
17949 17950 12
17950 17951 68
17951 17952 45
17952 17953 17
17953 17954 71
17954 21219 13
21219 21218 22
21219 21220 68
21220 21221 7
21220 35363 24
35363 35364 50
35364 960 6
960 961 6
35364 35365 47
35365 35366 2
35366 35367 29
35367 35368 59
21221 21222 62
21222 21223 13
21223 21224 35
21224 21225 46
21225 44441 53
44441 44440 25
44441 44442 62
44442 44443 24
21225 21226 66
21226 21227 57
21227 21228 43
21228 21229 45
21229 21230 15
21230 21231 57
21231 21232 61
17954 17955 69
44442 2672 72
2672 2673 33
18296 29295 73
29295 29294 32
29295 22834 33
22834 22833 32
29295 29296 48
29296 29297 26
22833 22832 62
22832 22831 9
22832 42101 49
42101 42100 17
29297 29298 62
29298 29299 36
29299 29300 49
29300 42033 48
42033 42034 63
29300 49373 66
49373 49372 1
49373 49374 49
49374 49375 30
49375 49376 15
29300 29301 70
29301 29302 55
29302 29303 56
29303 29304 44
29304 29305 22
29303 24102 65
24102 24101 67
24101 24100 24
24100 24099 3
24099 18313 11
18313 18312 36
18312 18311 25
18311 18310 8
18313 18314 39
18314 18315 38
18315 18316 49
24099 24098 52
24098 24097 14
22831 22830 71
15901 15902 74
15902 15903 17
20453 20454 74
20454 20455 56
20455 20456 17
20455 28180 54
28180 28179 30
28179 28178 30
28178 28177 3
28180 28181 66
28181 28182 1
28182 28183 50
28177 28176 73
28176 25471 9
25471 25470 12
28176 26876 24
26876 26877 16
26877 26878 22
25470 25469 27
25471 25472 48
26876 26875 59
26875 26874 54
28176 28175 71
28175 25886 19
28175 28174 24
28175 36021 59
25886 25885 66
25469 25468 72
36021 36022 72
25472 25473 73
25473 25474 71
28303 28304 74
30110 30111 74
30111 30112 65
30112 30113 3
30113 30114 41
30114 30115 49
30115 30116 22
30116 30117 18
30191 30192 74
43448 43449 74
43449 43450 49
43450 43451 26
43451 43452 16
43452 43453 9
43453 43454 23
43454 43455 65
43455 43456 30
43456 43457 35
45333 45332 74
45332 45331 38
45331 43199 1
43199 43200 3
45331 45330 56
960 959 75
1090 1091 75
13058 13057 75
13057 13056 73
13056 13055 8
16940 16941 75
16941 44139 70
44139 44138 28
44138 44137 24
44137 44136 1
44136 44135 40
21198 21199 75
21199 21200 13
21200 21201 35
20106 22474 75
22474 22473 37
22473 22472 20
22472 22471 6
22471 22470 34
22470 22469 7
22469 22468 50
22468 22467 36
22467 17087 28
22467 22466 50
22466 22465 58
17087 17086 66
17086 17085 36
17086 42519 36
42519 42518 36
17085 17084 38
17084 17083 3
42518 42517 47
17083 17082 71
17082 25825 37
25825 25824 16
17082 17081 45
17081 17080 62
17080 17079 33
17079 17078 66
25824 25823 69
22474 22475 73
22475 22476 4
22476 22477 45
42517 42516 74
42516 42515 28
42515 42514 43
42514 42513 71
42513 42512 24
25885 25884 75
26448 26776 75
26776 26775 25
26776 26777 65
26777 26778 28
26778 26779 74
26779 26780 1
26780 26781 47
26775 26774 75
26774 26773 43
26773 26772 33
36127 36128 75
36128 36129 43
25171 25172 76
25172 47426 18
25172 25173 19
47426 47427 33
25173 25174 41
25174 22273 13
22273 22272 9
25174 25175 30
25175 25176 39
25176 25177 2
25177 25178 24
22273 22274 51
31105 31106 76
33554 33555 76
33555 33556 57
36120 36119 76
36119 36118 28
36118 36117 42
36117 36116 3
36116 36115 13
42512 42511 76
42511 42510 63
42510 42509 54
25163 46816 76
46816 46817 3
46817 46818 37
46818 46819 19
46817 42589 43
42589 42590 14
42590 42591 27
42591 42592 34
42592 42593 24
42593 42594 12
42589 42588 37
42588 42587 14
42587 42586 2
42586 42585 12
42585 42584 10
42594 42595 60
42595 42596 15
42596 42597 2
42597 42598 7
42598 16228 12
42598 42599 35
16228 16229 46
16228 16227 70
42599 42600 70
42600 42601 50
42601 42602 70
42602 42603 45
42603 34144 53
34144 34145 9
34144 34143 50
34143 4032 18
4032 4033 2
4033 4034 8
4032 4031 22
4031 4030 31
4030 4029 47
42602 39163 55
39163 39162 56
39162 39161 37
39161 39160 17
39160 39159 40
42603 42604 57
42604 42605 52
39163 39164 60
39164 39165 44
39165 39166 33
34143 34142 69
34142 34141 56
34141 34140 34
34140 34139 63
4034 4035 73
4035 4036 13
4036 4037 35
4037 4038 27
4038 4039 41
4039 43617 31
43617 43618 2
43618 43619 74
43619 43620 36
43620 43621 74
43621 43622 14
43622 43623 70
43623 43624 46
43624 43625 36
43624 1336 45
1336 1335 12
1335 1334 7
1336 1337 13
1337 1338 21
1338 1339 1
1339 1340 43
1340 1341 34
1341 1342 45
43625 43626 54
1335 34466 58
1342 1343 62
43626 43627 74
42600 29957 75
29957 29958 33
29958 29959 8
29957 29956 34
29956 29955 36
29955 2021 41
2021 2020 44
29959 29960 52
2021 2022 54
2022 2023 26
2023 2024 43
29960 29961 59
29961 29962 50
29962 29963 1
29956 25931 68
25931 25930 9
25931 25932 36
25930 25929 61
25929 25928 40
2024 2025 77
2025 2026 44
2026 2027 23
2027 2028 11
12419 12420 77
12420 12421 37
12421 12422 50
12422 12423 57
14430 14429 77
14582 14583 77
14733 14732 77
14995 14994 77
14994 14993 1
14993 14992 22
14992 14991 49
14991 14990 55
14990 14989 65
15049 15048 77
15048 15047 61
15047 15046 39
15046 15045 68
15045 15044 2
15110 15111 77
15111 15112 46
15112 47864 12
47864 47865 13
47865 47866 21
15112 3648 36
3648 3647 19
3648 3649 22
3647 3646 40
3646 3645 32
47864 47863 50
3649 3650 77
15801 15802 77
15802 15803 66
15852 15853 77
16027 16028 77
17298 17299 77
17299 17300 49
17494 17495 77
17780 17781 77
17856 17857 77
17857 17858 71
17858 17859 25
17859 17860 15
18669 18670 77
18670 18671 38
18671 18672 8
18672 18673 8
18673 18674 35
18674 18675 23
18675 18676 28
2533 18680 77
18680 18681 7
18680 18679 49
18679 18678 55
18681 18682 68
18682 44752 12
44752 44751 3
44751 44750 11
44750 44749 49
18682 18683 51
44752 44753 57
44749 44748 59
44748 44747 57
44747 44746 5
44746 44745 50
44745 44744 36
44744 44743 41
44743 44742 8
18924 18923 77
18923 18922 51
18922 18921 71
18921 18920 51
18920 18919 18
18920 25211 37
25211 25210 6
25210 25209 57
18919 18918 71
19725 19726 77
19726 19727 3
19727 19728 18
20234 20233 77
20233 20232 43
20232 20231 34
20231 20230 30
20230 20229 64
20229 10367 53
10367 20609 10
10367 10366 28
10366 10365 44
10367 10368 55
20609 20610 55
20609 20608 66
20229 20228 67
20228 20227 25
20924 20925 77
22249 22248 77
22248 22247 20
22247 22246 46
22246 22245 18
22245 22244 38
22244 22243 34
22243 22242 36
22484 22485 77
22485 22486 75
22486 22487 11
22487 22488 68
22803 22804 77
22804 22805 56
22805 22806 33
22867 22868 77
22868 22869 24
22869 22870 71
22870 22871 14
22871 22872 52
22871 37679 72
37679 37678 34
37679 37680 60
37680 37681 49
22870 12634 77
12634 12633 23
12633 12632 43
12634 12635 52
12635 12636 77
12636 12637 75
12637 12638 12
12638 7222 59
7222 7221 20
7221 7220 30
7220 7219 47
7219 38538 38
38538 38537 47
38537 38536 32
38536 38535 1
38535 38534 62
38534 6160 15
38534 38533 38
38533 38532 7
38532 25899 51
25899 25898 53
25899 25900 58
25900 25901 21
25901 187 65
187 186 36
187 188 57
12638 12639 67
12639 12640 66
12640 12641 27
12641 12642 16
12642 12643 43
12643 12644 3
12644 12645 15
12645 12646 54
25901 25902 67
25902 25903 38
25903 25904 58
25904 25905 8
25898 25897 70
25897 25896 61
25896 49017 25
25896 25895 54
25895 2940 32
2940 2939 1
2940 17558 40
17558 17557 6
17558 17559 18
17557 17556 46
17556 17555 23
17555 23507 19
17555 17554 32
17554 17553 18
23507 23506 60
25895 25894 69
25894 25893 62
25893 25892 61
25892 25891 7
12646 12647 71
12647 12648 61
12648 12649 36
12649 12650 46
12650 12651 41
188 189 74
7222 7223 74
186 9053 74
9053 9052 58
9052 9051 49
10172 23466 77
23466 23465 43
23465 23464 31
23464 23463 20
23463 23462 51
23466 23467 77
23467 23468 9
23468 23469 45
23469 23470 71
23681 23680 77
23867 23866 77
23866 23865 27
23865 23864 69
23864 23863 38
23863 23862 42
23862 23861 61
23861 23860 46
23860 23859 9
23859 23858 70
24142 24141 77
24141 24140 42
24140 24139 31
24139 24138 73
24138 24137 31
24137 28782 42
28782 28783 4
28782 28781 13
28783 28784 40
28784 28785 47
28785 28786 43
28786 28787 22
28787 28788 22
28781 28780 56
28780 28779 56
28779 28778 19
28778 28777 35
28777 28776 35
28776 45659 9
45659 23097 9
23097 23098 17
23097 23096 34
23096 23095 18
23098 23099 35
45659 45660 50
45660 45661 37
23095 23094 53
23098 11337 55
11337 11338 53
11338 11339 7
11339 11340 50
45659 45658 59
23094 23093 61
23093 23092 31
11340 11341 63
11341 11342 59
11342 11343 8
23092 23091 70
28776 28775 76
28775 28774 60
28774 28773 31
24693 24692 77
24692 24691 14
24691 24690 57
24690 24689 76
24689 24688 68
24688 24687 72
23834 24835 77
24835 24836 65
24836 24837 63
24837 24838 14
24838 24839 32
24839 24840 27
24840 24841 12
24841 6867 33
24839 22157 69
22157 22158 20
22157 22156 33
22158 22159 65
22159 22160 75
32916 26377 77
26377 26376 37
26376 26375 27
26375 26374 1
26377 26378 60
26378 26379 7
26379 36475 6
36475 36474 15
26379 26380 22
36474 36473 24
36473 36472 35
36474 41496 37
41496 41495 11
26380 26381 63
41495 41494 63
26374 26373 66
26373 26372 28
26381 26382 77
26382 26383 43
26383 26384 12
26384 26385 73
26385 26386 50
26386 26387 75
26387 26388 8
26646 26647 77
26647 26648 22
26648 26649 66
26649 26650 18
26650 26651 1
26651 26652 23
26649 19919 48
19919 27755 8
19919 19920 15
19920 19921 39
26652 21432 53
21432 21431 54
19921 19922 69
19922 19923 14
19923 19924 23
19924 19925 40
19925 19926 34
19924 3884 68
3884 3883 31
3884 3885 45
3885 3886 49
3883 3882 67
3882 3881 63
3883 5399 71
5399 5400 64
5400 5401 60
5401 5402 1
5402 5403 54
5403 5404 13
5404 13936 35
13936 13937 14
13937 13938 65
13938 13939 29
13939 13940 64
13940 13941 67
3886 3887 75
3887 3888 25
3888 3889 46
5404 5405 77
5405 5406 21
27540 27541 77
27541 27542 73
27542 27543 46
2922 27895 77
27895 27896 65
27896 27897 51
27897 27898 40
27898 27899 60
27899 27900 14
27900 27901 44
27901 27902 44
27902 27903 58
28209 28208 77
28208 28207 21
28207 28206 28
28206 28205 1
28205 28204 51
28204 28203 42
28362 28361 77
28361 35020 8
28361 28360 53
28360 28359 6
28359 33428 8
28359 28358 61
35020 35019 67
33428 33429 68
33429 33430 31
33430 33431 53
33431 33432 55
33432 33433 30
28358 28357 71
28357 28356 39
28356 28355 2
28355 28354 1
28354 28353 57
28355 6078 69
6078 6077 38
6078 6079 56
6079 6080 34
6080 6081 12
33429 16782 75
16782 16781 36
16781 16780 51
16782 16783 68
16783 21662 9
21662 21663 15
21663 21664 8
21664 21665 16
21662 21661 61
21661 21660 51
21660 21659 10
21659 21658 13
21659 18398 16
18398 18397 15
21658 21657 25
21657 15753 27
18397 18396 46
18396 18395 6
15753 15754 62
16783 16784 73
16784 16785 10
16785 16786 65
16786 16787 24
16787 16788 20
15753 15752 75
15752 15751 52
15751 15750 16
15750 15749 43
15749 15748 4
15748 15747 66
15747 15746 66
16780 16779 76
28444 28445 77
28445 28446 65
28446 35756 54
28446 28447 56
35756 35755 62
35755 35754 59
35754 35753 61
35753 35752 32
35752 35751 43
35756 35757 62
35757 31133 27
31133 31134 73
31134 31135 63
31135 31136 38
31136 31137 12
31137 31138 52
31137 14673 60
14673 14674 2
14674 14675 6
14673 14672 19
14675 14676 23
14676 14677 73
14677 14678 61
14678 16706 13
16706 16705 13
16705 16704 3
14678 14679 27
16704 16703 51
16703 16702 23
16702 16701 16
16701 16700 49
16700 16699 11
16699 16698 60
16698 16697 33
28447 28448 75
28448 28449 72
28449 28450 26
28450 28451 48
28451 24711 68
24711 24710 1
24710 24709 56
24709 24708 43
24708 24707 51
24707 24706 63
28451 28452 72
28452 28453 38
28453 28454 1
28454 28455 35
28455 28456 54
28456 28457 2
28457 28458 29
28458 28459 29
28459 28460 15
29101 29100 77
40199 31835 77
31835 31836 16
31835 31834 55
31834 31833 54
31989 31988 77
31988 31987 34
31987 31986 35
31986 31985 36
31986 45530 75
32036 32035 77
33389 33388 77
33388 33387 76
33387 33386 45
33386 33385 16
33385 33384 50
33384 33383 60
33383 33382 8
33382 33381 5
33381 33380 53
33380 33379 62
33379 33378 25
33378 33377 31
33768 33769 77
33769 33770 72
33770 33771 47
33771 33772 31
33839 33838 77
33838 33837 74
33837 33836 21
33836 33835 46
33835 33834 72
33834 33833 12
33833 3827 27
3827 3828 9
3828 3829 37
33833 33832 38
3827 3826 47
3826 3825 31
33832 33831 55
3829 3830 68
33831 33830 68
33830 33829 75
33829 48433 22
48433 48434 8
33829 33828 39
33828 33827 22
33827 33826 16
33826 33825 12
33825 33824 24
48433 48432 39
48432 47707 40
47707 47706 34
47706 47705 27
47705 47704 42
48432 48431 54
33829 14166 56
47707 47708 61
47708 47709 55
47709 47710 27
48431 48430 62
48430 48429 45
48429 48428 7
48428 48427 16
48427 34427 50
34427 34428 7
48427 15491 57
15491 15490 2
15490 15489 62
15489 15488 58
48427 48426 71
48426 38270 37
38270 38269 56
38269 38268 39
38268 38267 35
38267 38266 49
38266 38265 48
38265 38264 9
38264 38263 41
48426 48425 64
48425 48424 3
48424 48423 72
15488 15487 73
15487 15486 67
33985 33984 77
33984 12027 1
12027 12026 9
12027 38813 22
12026 12025 23
33984 3097 32
3097 3098 6
3098 3099 5
3097 3096 8
3097 33274 18
38813 38812 41
12025 8436 42
3096 3095 47
3095 3094 28
3094 3093 1
3093 3092 36
3092 3091 64
3091 3090 37
3090 3089 32
3089 3088 16
3088 3087 60
3087 3086 43
3086 3085 68
33274 33275 72
33274 33273 74
33273 33272 44
33272 33271 8
3085 3084 75
3084 3083 17
3083 3082 71
3082 3081 56
3082 49525 70
49525 49524 25
12027 12028 75
12028 12029 51
12029 12030 10
34127 34126 77
34126 34125 31
34125 34124 34
34190 34189 77
34189 34188 48
34188 34187 59
34187 34186 23
34186 34185 21
34185 34184 73
34184 34183 33
34183 34182 43
34183 42159 56
42159 42158 9
42159 42160 40
42158 42157 42
42157 42156 4
42156 9326 14
9326 9327 60
34183 44104 62
44104 44105 40
44104 44103 54
44105 44106 58
44106 44107 70
9327 9328 74
9328 9329 75
9329 9330 67
34204 34203 77
34203 34202 37
34202 34201 5
34201 34200 32
34200 34199 45
34701 34700 77
34700 34699 71
34699 34698 37
34698 34697 29
34697 34662 43
34662 34661 58
34661 34660 1
34662 34663 58
34663 34664 39
34664 34665 5
35122 35121 77
35121 35120 50
35120 35119 11
35119 35118 29
35118 35117 75
35117 35116 18
35116 35115 38
35117 15688 42
15688 15687 45
15687 15686 17
35115 35114 46
15687 47173 65
47173 47172 33
47172 47171 47
47171 47170 32
47173 47174 50
47170 47169 56
15688 15689 77
15689 15690 67
15690 15691 55
15691 15692 9
15692 15693 73
15693 15694 53
15694 15695 38
15695 15696 61
15696 15697 15
15697 15698 47
15698 15699 17
15699 15700 34
15696 11842 52
11842 11841 55
11841 11840 47
11840 11839 8
11839 11838 36
11838 11837 45
11837 11836 29
42542 35221 77
35221 35222 7
35222 35223 2
35221 35220 16
35220 35219 9
35221 2047 50
2047 2046 11
2047 2048 45
2048 2049 36
2048 4465 46
2049 2050 56
2050 2051 37
35223 35224 65
35224 35225 38
4465 4466 67
4466 4467 11
35225 35226 69
35226 35227 1
2051 2052 70
2047 9755 75
9755 9754 68
9754 13091 29
13091 13090 22
13091 13092 41
13092 19896 65
19896 19895 37
19895 19894 33
9755 9756 69
9756 9757 77
9757 9758 45
9758 9759 19
9759 9760 69
35227 35228 77
35228 35229 7
35229 35230 23
35230 35231 76
35231 35232 20
35232 35233 47
35233 35234 3
35233 30551 73
36400 36401 77
36401 36402 72
36402 36403 77
36403 36404 13
36404 36405 63
37486 37487 77
37557 37556 77
40939 37631 77
37631 37632 60
38472 38473 77
38473 38474 1
38652 38653 77
38653 38654 5
38654 38655 52
38655 23132 29
38655 38656 46
38656 38657 26
23132 23131 54
23132 23133 77
39005 39004 77
39013 39014 77
39014 39015 59
39015 39016 8
39015 44223 17
39016 39017 50
39017 39018 73
39018 39019 34
39391 39390 77
39569 39570 77
39570 33894 43
33894 33893 51
33893 33892 18
33892 33891 9
33891 33890 20
33893 10518 22
10518 10517 43
10518 10519 53
10519 10520 58
10520 10521 10
10521 10522 32
10522 10523 9
10523 10524 45
10524 10525 25
10525 10526 10
10526 10527 25
10527 10528 21
10523 24129 52
24129 24130 15
24129 24128 49
24128 24127 35
24127 24126 15
24126 6629 29
6629 6628 24
6628 6627 13
6627 6626 11
6629 6630 34
6630 6631 7
24126 24125 35
6631 6632 55
6632 6633 16
33890 33889 62
33889 22453 26
6626 6625 71
6625 6624 20
6624 11544 32
11544 11545 23
6624 6623 46
6623 6622 33
6622 6621 48
11544 11543 57
11543 11542 52
11542 11541 5
11541 11540 60
11541 37170 64
37170 37169 39
6621 6620 68
6620 6619 34
6619 6618 51
6618 6617 68
6617 6616 23
6616 6615 35
37169 37168 68
37168 37167 64
37168 35037 65
35037 3282 3
3282 3283 18
3283 3284 3
3284 3285 8
3285 3286 21
35037 35038 26
3282 3281 28
35037 35036 30
35036 35035 17
35036 26905 27
26905 26904 13
26904 26903 29
35038 35039 43
26905 5455 62
5455 5456 31
5456 5457 29
5457 5458 27
5458 5459 1
5458 13781 13
5455 5454 39
13781 13780 54
13781 13782 69
5459 5460 71
5460 5461 16
5461 5462 34
37167 37166 71
37166 37165 69
13782 13783 72
13783 13784 5
13784 13785 33
13785 13786 34
35035 35034 74
35034 35033 6
24125 24124 76
26903 26902 77
26902 26901 77
39684 39685 77
39685 39686 40
39686 39687 10
39687 39688 35
39701 39700 77
39700 39699 39
39699 39698 34
40101 40100 77
40100 40099 37
40099 40098 8
40211 40212 77
40212 40213 63
40213 40214 60
40214 40215 11
40215 25189 13
25189 25188 42
25188 25187 7
25189 25190 62
25190 25191 7
25191 25192 31
25192 25193 11
25193 25194 64
25194 25195 35
25195 25196 4
25194 10417 63
10417 10418 58
10418 10419 34
10419 10420 58
25187 25186 77
25186 25185 54
25185 25184 64
25184 25183 74
25183 25182 49
25182 25181 72
25181 25180 69
41091 41090 77
41998 41999 77
41999 42000 2
42000 42001 3
42001 42002 21
42002 12381 3
42002 42003 27
12381 12382 34
12382 12383 37
12383 12384 38
12384 43357 47
43357 43356 24
12381 12380 56
12380 12379 8
12379 12378 14
12378 12377 34
12377 33678 40
33678 33677 22
33677 33676 11
33676 37715 6
33676 33675 21
33678 33679 33
33679 33680 36
37715 37716 37
37716 37717 45
33679 48173 54
48173 48172 45
33678 11392 60
37715 37714 61
37714 37713 50
37713 37712 36
37712 37711 27
37711 37710 2
43356 43355 65
43355 43354 45
43354 43353 31
43357 43358 65
37717 32549 67
32549 32550 26
32549 32548 35
32548 32547 27
32547 32546 67
32546 32545 39
32545 32544 45
32544 32543 43
32543 32542 39
42000 2979 68
2979 2978 25
2979 2980 45
2978 2977 48
2980 2981 50
2979 13813 50
13813 13814 31
13814 13815 22
2981 2982 68
2982 2983 26
32542 32541 68
32541 32654 55
32654 32653 63
11392 11393 70
11393 11394 21
11394 11395 31
13815 13816 70
32653 32652 70
32652 32651 7
42003 42004 71
42004 42005 66
42005 42006 4
42006 39870 60
39870 39871 31
39870 39869 35
39871 39872 43
39869 39868 53
39868 39867 61
39867 39866 52
37717 37718 72
37718 37719 64
37719 37720 69
37720 37721 61
37721 37722 69
37722 37723 18
37723 37724 47
37724 37725 24
37725 37726 10
32541 32540 73
32540 32539 27
32539 32538 25
32538 32537 30
32537 32536 11
32536 42850 16
32536 32535 23
42850 42851 59
42851 42852 13
42852 42853 9
42853 42854 10
42854 44951 8
42854 42855 10
42855 42856 35
42856 42857 23
44951 44952 41
44951 44950 57
44950 44949 18
44949 44948 31
44948 44947 23
44947 44946 43
44946 44945 13
42850 42849 64
32535 32534 65
37710 37709 73
37709 37708 74
48173 48174 75
48174 48175 62
44952 44953 76
39872 39873 77
39873 39874 72
39874 39875 50
39875 39876 43
39876 39877 71
39877 39878 4
39878 39879 10
39879 39880 73
42605 42606 77
42606 42607 51
42607 42608 46
42608 8601 30
42608 42609 47
42607 44911 68
44911 44912 53
44912 44913 50
44913 44914 12
44914 44915 26
44915 44916 14
44916 44917 10
44917 44918 15
44918 44919 27
42738 42739 77
42739 46709 39
46709 46708 65
46708 46707 66
46707 46706 51
46706 46705 64
42792 42793 77
42793 42794 1
42794 42795 71
42795 42796 22
42796 42797 46
42797 42798 71
42798 42799 59
42799 25918 25
42799 42800 51
42800 42801 57
25918 25919 77
48423 43221 77
43221 43222 36
43222 43223 34
43223 43224 24
43223 34212 31
34212 34211 33
43221 43220 40
34212 34213 41
34213 34214 53
34214 34215 16
34215 34216 71
34216 34217 41
34216 44776 59
44776 44775 17
44776 44777 44
44775 44774 60
44774 44773 4
44777 44778 67
44778 44779 67
44779 27107 10
44779 44780 15
27107 27108 41
44780 44781 41
44781 44782 4
44782 44783 9
27108 22100 54
22100 17232 28
17232 17231 15
17232 17233 33
22100 22099 36
17231 17230 53
17230 17229 34
17229 17228 1
17228 17227 48
17227 17226 4
17227 28306 11
28306 28305 3
28306 28307 13
17226 17225 18
28307 28308 48
27107 27106 61
27106 27105 50
27105 27104 43
27104 27103 19
27103 27102 43
27102 27101 31
27101 34036 14
34036 34035 42
34036 34037 50
34035 34034 51
27101 27100 54
34037 34038 55
34038 27789 16
34038 34039 23
27789 27790 41
34039 34040 53
34040 34041 16
27789 27788 67
17232 29898 74
29898 29899 2
29898 29897 39
29897 29896 21
29896 29895 36
29899 29900 49
29895 29894 66
29894 29893 22
29893 29892 22
29892 29891 45
29891 29890 62
34041 34042 76
34042 34043 63
34043 34044 52
34044 30444 36
30444 30445 32
34044 34045 50
30445 30446 57
30446 30447 47
30444 30443 64
34045 47277 66
47277 43916 9
43916 43917 6
43917 43918 41
43918 43919 31
43916 43915 43
47277 47278 45
47278 47279 18
47279 47280 32
43919 38626 47
38626 38627 25
38627 38628 38
38628 31905 51
31905 31904 49
31904 31903 39
31903 7644 51
7644 7643 1
7644 7645 2
7643 8369 7
8369 8368 15
8368 8367 27
8367 8366 4
8366 8365 9
8366 35912 10
35912 35911 26
35911 35910 25
35910 35909 8
35909 35908 22
35908 35907 39
35907 35906 30
35911 35330 49
35330 16365 14
16365 16366 4
16365 16364 25
35330 35329 26
35330 35331 41
35331 14366 31
16364 16363 42
16363 16362 30
16362 16361 21
14366 14367 45
14367 14368 34
8367 37608 57
38628 38629 58
38629 37233 28
37233 37232 31
37232 37231 52
37231 37230 59
14366 5111 61
5111 5112 8
5112 5113 59
5113 5114 35
5114 5115 8
5115 39629 23
5115 5116 58
39629 39630 60
39630 39631 9
14368 25634 67
25634 25635 16
25634 25633 55
25633 25632 38
25632 25631 18
25634 34574 65
34574 34575 8
34575 34576 16
34576 34577 41
34574 34573 47
34577 34578 65
25631 25630 67
25630 25629 60
25629 25628 44
25628 25627 33
25627 25626 66
25626 25625 12
25625 25624 41
25624 25623 30
25623 25622 32
25622 25621 28
25621 25620 37
25620 25619 7
25619 25618 4
25622 30776 45
30776 30777 19
30776 30775 33
30775 30774 20
30774 30773 1
30777 30778 34
30775 16480 57
16480 45033 7
45033 45032 32
45032 39664 16
16480 16479 47
45032 45031 59
45031 45030 38
45030 45029 39
47279 19969 68
19969 19970 51
19970 17073 17
17073 17072 3
17072 17071 8
17073 17074 24
17074 17075 6
17075 17076 19
19969 19968 60
19970 19971 60
19971 19972 29
19972 19973 58
19968 19967 67
19967 19966 50
19973 19974 67
19974 19975 65
19975 19976 67
19976 19977 15
47280 47281 68
16480 16481 69
16481 16482 7
16482 16483 25
16483 16484 59
16484 16485 51
16485 16486 56
16483 21960 61
16486 16487 65
16487 16488 38
16488 6405 52
6405 6404 3
6405 6406 35
16484 4473 67
4473 4474 20
16481 27717 67
27717 27718 26
27718 36703 13
36703 36704 8
36704 36705 13
36705 36706 33
36706 36707 5
36703 36702 44
36702 36701 63
36701 36700 24
36700 36699 65
36699 36698 50
36698 36697 43
36697 36696 25
4474 4475 69
4475 4476 66
4476 4477 21
14367 31639 70
31639 11226 25
11226 11225 35
11226 11227 45
11227 37406 38
37406 37407 14
37407 37408 1
37406 37405 23
37405 37404 11
37408 37409 46
11227 11228 62
11228 11229 30
11229 11230 14
11229 13758 44
13758 13759 43
13759 13760 53
13760 13761 32
13758 13757 57
13757 13756 4
13756 13755 35
13755 13754 33
13754 13753 28
11230 11231 60
11231 11232 25
31639 31638 62
13761 13762 67
36697 30134 71
30134 30133 44
30133 30132 22
30132 30131 47
30131 30130 39
30130 30129 35
30129 30128 24
39664 39663 71
16361 16360 72
19977 19978 72
30773 30772 72
30772 30771 15
30771 30770 69
30770 30769 42
37404 37403 72
37403 37402 34
37402 37401 27
37403 45904 52
37401 37400 55
37400 37399 19
37399 37398 33
37398 1539 1
1539 1538 12
37398 37397 43
1538 1537 45
1537 1536 46
37397 37396 54
37396 37395 13
37395 37394 72
37394 37393 67
37393 37392 72
43919 43920 72
43920 43921 2
43921 43922 2
43922 43923 23
13761 15928 73
15928 15927 40
15927 15926 6
15926 15925 43
15928 15929 55
15929 15930 51
15930 15931 13
15931 15932 52
15932 15933 7
15925 15924 63
15924 15923 48
15923 15922 33
15933 15934 70
34578 34579 74
34579 34580 31
16480 45249 75
45249 45248 47
45248 22391 19
6404 6403 76
6403 6402 56
16488 16489 76
25635 25636 76
25636 25637 16
25637 25638 17
25638 25639 10
25639 25640 58
25640 13772 24
25640 25641 43
25641 25642 63
25640 1904 64
1904 1905 17
13772 13773 64
25642 25643 64
13772 13771 70
27718 27719 76
27719 27720 1
27720 27721 43
27721 27722 24
27720 33652 47
33652 33653 24
33652 33651 42
33651 33650 8
33650 33649 8
33649 33648 55
33648 30707 10
30707 30706 11
27722 27723 56
30706 30705 58
30705 30704 53
30707 30708 58
30708 30709 9
30709 30710 9
43220 43219 76
43219 43218 44
43218 43217 19
47277 47276 76
47276 47275 38
47275 47274 15
47274 28094 12
47274 47273 15
28094 28093 40
47273 47272 58
47272 47271 9
47271 47270 55
47270 47269 38
47269 47268 56
28093 28092 68
28094 28095 68
28095 28096 70
28096 28097 44
28097 28098 56
28098 28099 53
28099 28100 41
28100 28101 48
28101 28102 27
4477 4478 77
4478 4479 46
4479 4480 18
4480 29954 11
29954 29953 7
4480 5190 37
29953 29952 39
29952 29951 3
4480 4481 68
4481 5386 30
5386 5387 33
5387 5388 65
5388 5389 2
4481 4482 75
4482 4483 30
4483 4484 36
4484 4485 51
4485 26285 44
26285 26284 18
4485 4486 48
4486 4487 6
4487 4488 64
4485 16236 65
16236 19844 21
16236 16235 28
16235 16234 16
16234 16233 10
16235 25706 22
25706 25707 36
25707 25708 29
16233 16232 40
19844 19845 44
25706 25705 44
25705 25704 39
19844 19843 45
19843 19842 24
19842 19841 8
25704 25703 67
25708 25709 68
25709 25710 72
25710 25711 4
25711 25712 24
25712 25713 73
25713 25714 42
25714 25715 1
25713 39382 49
39382 42170 14
42170 42171 4
39382 39383 32
42171 19482 38
19482 19483 25
25715 25716 51
39383 18610 54
18610 18609 8
18609 18608 15
18610 18611 61
18611 18612 10
19482 19481 63
19481 19480 3
19480 38833 8
38833 38834 13
39382 39381 71
16232 16231 74
16231 16230 33
19483 19484 75
19484 19485 21
25703 25702 75
25702 25701 11
25701 25700 52
25700 882 21
882 881 6
25700 4878 23
4878 4879 6
4878 4877 25
881 880 30
882 883 44
883 884 25
4488 30377 76
30377 30378 55
8369 8370 77
11225 11224 77
11224 11223 27
16236 16237 77
16237 16238 24
16238 16239 54
16239 16240 1
19966 19965 77
19965 19964 40
19964 19963 34
19963 19962 2
19962 19961 46
19961 19960 19
19960 19959 32
19959 19958 52
19958 19957 39
19957 19956 35
19956 19955 27
19955 19954 35
19954 19953 42
19953 44665 42
44665 44664 6
44664 44663 63
44663 44662 7
44662 44661 24
44661 44660 50
22391 22390 77
22390 22389 29
22389 19259 48
19259 19260 19
19260 19261 22
19261 19262 34
19259 19258 50
19258 19257 46
19257 19256 45
19256 26955 45
26955 26954 62
26954 26953 38
26953 26952 65
26952 26951 3
26951 26950 58
19256 19255 70
19255 19254 12
19254 19253 28
19255 10042 57
10042 10041 13
10042 10043 26
10041 10040 35
10043 10044 56
19253 19252 58
19252 19251 9
19251 31573 8
31573 31572 22
31572 31571 25
19251 19250 50
19262 19263 73
10044 10045 76
10045 10046 4
10046 10047 68
10047 43271 54
43271 43272 53
19250 19249 76
19249 19248 65
19248 19247 61
19247 19246 60
10040 6602 77
6602 6601 50
6601 6600 13
6600 6599 28
6599 6598 2
6598 6597 29
31638 31637 77
31637 31636 41
31636 31531 10
31531 31530 12
31530 31529 12
31636 31635 22
31635 31634 20
31531 31532 40
31532 31533 35
31533 31534 10
31534 31535 21
31535 31536 39
31634 31633 46
31529 31528 56
31633 31632 58
31632 31631 32
31631 31630 54
31630 31629 66
31629 31628 13
31628 31627 65
31627 31626 61
31626 31625 10
31625 31624 38
31536 31537 72
31528 32303 75
32303 32304 30
32303 32302 41
32304 32305 58
32305 32306 16
32306 32307 35
32307 32308 3
32308 32309 62
32309 32310 64
34217 34218 77
34218 34219 4
34219 34220 18
34220 34221 36
34221 34222 11
34222 34223 29
34223 34224 17
34224 34225 3
34225 34226 39
34226 34227 56
34227 34228 6
34227 47686 49
47686 47687 1
47686 47685 44
34228 34229 54
34229 34230 44
34230 34231 26
34231 34232 25
34232 37321 71
37321 37322 7
37321 37320 64
37320 37319 20
37319 37318 40
47685 47684 71
47684 47683 48
37318 37317 75
37317 37316 14
37316 37315 54
37315 7859 6
7859 25764 2
25764 25763 34
37315 37314 62
37314 37313 2
37313 37312 11
37312 37311 41
7859 7858 63
37322 37323 76
37323 37324 1
37324 37325 43
37325 37326 14
7858 7857 77
7857 7856 10
7856 7855 13
7855 7854 2
7854 7853 24
7859 7860 77
37318 24201 77
24201 24202 51
24202 24203 11
24203 24204 3
24204 24205 50
24205 24206 17
24206 24207 40
24207 24208 18
24208 32897 32
32897 32896 13
32896 32895 35
24203 8339 59
8339 8338 21
8338 8337 39
24201 24200 59
8337 49180 59
49180 49179 9
49179 49178 9
49178 49177 2
49177 24790 10
24790 24791 3
24790 24789 30
24789 24788 28
49177 49176 33
49176 49175 58
49175 49174 26
49174 49173 33
49173 5504 37
5504 5503 53
5503 5502 44
24200 24199 61
24199 24109 17
24109 24110 40
24110 24111 30
24110 6099 44
24109 24108 50
24791 24792 61
49180 49181 63
49181 49182 29
32895 32894 65
32894 32893 63
24788 24787 69
24787 24786 26
24786 24785 50
24785 24784 3
24784 24783 21
24783 24782 36
24782 24781 52
24781 24780 41
32896 49986 72
49986 49987 31
49987 22883 4
49987 49988 28
49988 49989 39
49989 49990 27
49990 49991 45
49991 49992 26
49992 49993 13
49993 49994 10
22883 22882 46
49993 31441 62
31441 31442 8
31441 31440 68
31440 31439 36
24108 24107 74
24107 24106 48
24106 8589 9
8589 8590 23
8590 8591 1
24106 24105 44
8589 8588 62
8591 8592 62
8592 8593 23
8588 8587 70
8587 8586 14
8593 8594 73
8594 8595 15
8595 8596 48
8596 8597 14
8597 8598 72
8598 8599 38
8599 8600 73
5502 30627 75
30627 30628 1
30628 30629 47
30629 30630 64
30627 30626 71
30626 30625 41
30625 30624 68
30624 30623 35
30623 30622 48
30622 30621 2
30629 37691 72
37691 37692 46
37692 37693 73
37693 37694 27
37694 37695 13
37695 37696 21
37696 37697 51
5504 5505 76
5502 5501 77
5501 5500 17
5500 5499 30
5499 5498 9
44662 40447 77
40447 40448 8
40448 40449 11
40449 40450 8
40450 40451 4
40451 40452 30
40452 40453 11
40453 48267 22
48267 48268 24
40447 40446 36
40446 40445 21
40445 40444 32
40444 40443 18
40443 40442 23
40442 32594 13
32594 32595 35
48267 48266 40
48266 48265 1
40453 40454 55
40454 40455 31
40442 40441 56
40441 40440 11
40451 12692 60
12692 12693 38
12693 12694 20
12694 12695 46
40446 37157 61
37157 37156 19
37156 37155 23
48265 48264 62
48264 25519 58
25519 25520 1
32595 41705 63
41705 41706 50
41706 41707 17
41707 41708 16
41708 10889 35
10889 10888 21
10888 10887 8
10887 10886 22
10886 10885 26
25519 25518 64
12695 12696 65
12696 12697 39
37157 37158 75
37158 37159 2
8597 43519 77
43519 43520 2
43519 43518 3
43915 43914 77
43914 38002 76
38002 38003 45
38003 38004 43
38002 38001 68
38001 38000 11
38000 37999 70
37999 37998 32
37998 37997 42
37997 37996 31
37996 46530 45
46530 46529 46
46529 46528 13
37996 37995 68
43968 43969 77
43969 43970 75
43970 43971 44
6848 44004 77
44004 49484 43
49484 49483 15
49483 49482 21
49482 49481 21
49481 49480 14
49480 49479 45
49479 49478 24
49478 49477 48
49484 49485 62
44004 44005 65
49477 49476 71
49476 49475 64
49475 49474 60
49474 49473 14
49473 49472 9
49474 36900 26
36900 36899 72
36899 36898 59
44004 44003 72
44003 44002 28
44002 44001 19
44001 44000 35
44000 43999 68
43999 43998 17
43998 43997 5
43997 43996 2
43996 43995 57
43995 43994 33
44665 44666 77
44666 44667 23
44667 44668 12
44667 5375 21
44668 44669 76
44669 44670 19
44670 35976 6
44670 7599 28
7599 7600 12
7599 7598 52
7598 7597 51
35976 35975 59
35975 35974 15
35974 35973 61
44670 44671 69
44676 44675 77
44675 44674 1
44674 44673 6
44673 44672 42
44773 44772 77
44772 18181 73
18181 18182 9
18181 18180 62
18180 18179 16
18179 18178 35
18178 18177 56
18177 18176 48
18176 18175 62
18182 18183 75
18183 18184 22
18184 18185 56
18185 5875 12
18185 18186 39
18186 18187 6
5875 5876 44
5876 5877 72
5877 5878 12
5878 13095 42
13095 13096 3
13095 13094 6
13094 13093 7
13096 13097 14
13097 13098 40
13098 13099 31
13099 13100 14
13100 13101 15
13098 4912 55
4912 2962 9
4912 9335 11
4912 4911 14
4912 4913 18
4913 4914 16
2962 2963 26
4911 4910 46
4910 4909 1
9335 9336 58
9336 9337 2
9336 3609 43
2963 2964 62
2964 9145 28
9145 9144 47
9144 9143 46
9143 38454 24
38454 38453 41
38453 27035 4
38453 38452 42
27035 27036 46
27036 27037 42
27035 27034 49
38454 38455 56
13099 2830 64
2830 2831 42
2831 2832 10
2832 2833 44
2833 2834 11
4914 4915 65
4915 4916 37
4916 4917 2
4917 4918 2
4916 1698 10
1698 1697 18
1697 1696 27
4918 4919 33
4919 4920 9
4920 24845 8
24845 24844 13
24845 24846 30
24844 24843 34
4920 4921 35
24843 24842 47
24846 24847 55
24847 24848 28
4909 4908 66
4908 4907 14
4907 4906 48
4906 4905 43
4905 4904 11
4904 4903 1
4903 4902 52
4902 4901 57
38455 38456 67
38456 38457 30
38457 38458 34
38458 38459 26
9143 9142 70
9142 9141 17
9141 9140 38
9140 9139 60
9139 9138 33
2964 2965 71
2965 2966 43
38452 38451 72
38451 34713 22
38451 38450 30
38450 38449 31
38449 38448 11
34713 34714 38
34714 34715 21
34713 34712 64
34712 34711 40
34711 34710 35
3609 3610 73
3610 3611 43
2834 6387 73
6387 6386 39
6386 6385 38
6387 6388 66
4901 4900 74
4900 4899 60
4899 4898 59
4898 4897 26
4897 4896 42
4896 4895 41
4897 28642 71
28642 28643 38
28643 28644 18
28642 28641 59
28641 28640 72
3609 3608 75
3608 3607 56
3607 3606 29
38459 38460 76
38460 43406 32
43406 43405 41
43405 43404 62
43406 43407 63
38460 38461 67
38461 18815 48
18815 18816 36
18816 18817 16
18815 18814 71
43404 43403 76
43403 43402 41
43402 43401 66
43401 38593 36
38593 38594 6
38594 38595 18
38593 38592 61
38592 38591 54
38591 38590 36
38590 38589 59
43401 43400 69
43400 43399 61
43399 43398 12
43399 18908 26
43398 43397 50
43397 43396 31
43396 43395 26
43395 43394 51
43394 43393 43
43399 13036 56
13036 13037 11
13037 13038 48
13036 13035 62
13035 13034 54
13038 13039 73
13039 13040 24
13040 13041 14
13041 13042 31
13042 13043 46
13043 13044 70
13044 13045 21
13045 13046 70
13046 13047 34
13047 13048 49
13048 13049 36
13049 13050 74
13050 13051 73
13051 13052 39
13052 13053 11
13053 13054 56
38593 20258 75
20258 20259 68
20259 20260 21
20260 20261 32
20261 20262 63
20262 20263 32
20263 20264 50
20264 20265 69
38448 38447 77
38447 38446 11
38446 38445 41
45184 45183 77
45183 45182 67
45182 45181 38
45181 45180 36
45180 45179 48
45179 45178 7
45178 45177 34
45177 45176 9
45249 45250 77
45250 49311 51
49311 49312 27
49311 49310 65
49310 49309 41
49309 49308 6
49308 49307 7
49307 49306 50
45250 45251 73
45251 45252 25
45263 45262 77
22611 45459 77
45459 45460 13
45459 45458 32
45458 45457 71
45460 45461 77
46819 46820 77
46820 39237 20
39237 39236 26
46820 46821 35
46821 46822 47
46822 31974 3
31974 31973 32
46822 46823 55
46823 46824 6
46824 46825 59
46825 46826 57
47348 47347 77
47347 15767 77
15767 15766 30
15766 15765 57
47426 47425 77
47425 47424 26
47424 47423 30
47423 48365 6
48365 48366 76
48366 48367 15
48367 18129 6
48367 7052 40
7052 7051 18
7052 7053 45
7053 46124 21
46124 46125 11
46124 46123 32
46125 46126 35
18129 18130 53
18130 18131 3
18131 18132 26
18132 18133 30
46126 46127 53
46123 46122 66
46122 46121 38
46121 46120 50
46120 46119 23
46119 46118 43
46118 46117 10
46117 46116 16
46116 46115 59
46115 46114 53
7053 7054 68
7054 7055 19
18133 18134 72
7055 7056 73
7056 7057 41
7057 7058 46
7058 7059 20
7059 14283 52
14283 14282 41
7059 7060 72
7060 7061 2
7061 7062 40
7062 7063 5
47532 47531 77
47531 47530 18
47530 47529 34
47529 47528 61
47528 47527 37
49315 49316 77
186 185 78
185 184 54
184 183 21
183 4334 19
183 48695 56
183 182 63
182 181 37
181 180 52
180 179 5
179 178 48
178 177 46
177 176 32
176 175 38
175 47376 10
47376 30296 3
47376 47377 6
183 1163 65
1163 1162 5
1162 2137 5
2137 2138 2
1163 1164 8
2137 2136 8
2136 44457 14
1162 1161 24
1164 1165 35
2138 2139 35
2139 2140 7
1161 1160 39
1160 1159 14
1159 1158 13
2140 2141 39
2141 2142 51
2142 2143 41
2139 22666 52
22666 27285 13
22666 22667 44
27285 27284 58
27284 27283 42
27283 27282 47
27282 27281 51
44457 44458 58
44458 44459 16
44459 44460 7
44460 44461 11
44461 44462 27
44462 44463 18
22666 22665 63
22665 22664 59
22664 22663 7
22663 22662 32
22662 22661 18
22661 22660 28
22660 22659 5
22659 22658 64
4334 4335 65
4335 4336 46
1165 1166 67
1166 1167 10
1167 1168 54
1168 1169 60
1169 1170 12
1170 1171 71
1171 1172 6
1172 1173 38
1172 20724 66
20724 20723 50
20723 20722 36
20722 20721 7
20721 20720 9
20720 9527 27
20720 20719 49
20719 20718 9
20718 20717 44
30296 30295 71
178 37648 72
37648 37649 54
37649 37650 56
44463 44464 72
44464 44465 58
44465 44466 40
44466 44467 30
44467 44468 42
44468 44469 18
44468 2771 40
2771 2772 25
2771 9338 31
9338 9339 34
9339 15436 34
9339 9340 38
9340 16418 46
16418 16417 18
2772 2773 58
2773 2774 41
2774 2775 69
2775 2776 34
2776 2777 24
9340 9341 70
9341 9342 39
9342 9343 40
16417 16416 71
16416 16415 27
16415 16414 2
16414 16413 62
15436 15437 72
48695 48694 72
48694 13355 37
48694 48693 61
48693 48692 11
20724 20725 73
20725 13460 30
13460 13459 22
13460 13461 34
13461 13462 36
13459 13458 47
13462 13463 48
13463 4306 45
4306 4307 49
4307 4308 5
13463 13464 57
13464 13465 26
20725 20726 61
4306 4305 63
4305 4304 49
4304 4303 37
4303 4302 67
4302 4301 36
13458 13457 67
13457 13456 70
13456 13455 62
4308 4309 72
4309 4310 15
4310 4311 18
4311 4312 67
16418 16419 74
16419 16420 39
16420 16421 24
16420 2813 32
2813 2812 9
2813 2814 19
2814 2815 21
2815 2816 36
2812 2811 42
44469 44470 74
47377 47378 74
2816 2817 75
2817 2818 19
2818 2819 53
2819 2820 7
13355 13354 75
13354 13353 57
13353 13352 28
13352 13351 27
13351 13350 19
13350 13349 62
13349 13348 13
13348 13347 66
15436 15435 76
48692 48691 77
771 770 78
770 769 4
38781 1266 78
1266 1267 7
1266 1265 8
1265 1264 72
1264 1263 31
1263 1262 10
1262 1261 6
1264 24532 56
24532 16568 10
24532 24533 25
24533 24534 26
24534 24535 22
16568 45144 36
16568 16567 50
16567 27403 15
27403 27404 42
27404 27405 42
45144 45145 52
24532 24531 55
27404 10263 60
10263 10262 52
1267 1268 72
1268 1269 20
1269 1270 39
1270 1271 64
1271 1272 18
1272 1273 56
1273 1274 43
24535 24536 72
24536 24537 19
24537 24538 73
1261 1260 74
1260 1259 64
10262 10261 75
1274 1275 77
1275 1276 48
1276 1277 5
1277 1278 47
1278 1279 47
1279 1280 52
1280 1281 61
1281 1282 9
1282 1283 6
1283 1284 68
1284 1285 25
2077 2078 78
2078 2079 65
2079 2080 45
2080 2081 30
2081 2082 77
2082 36149 41
2082 2083 56
2083 2084 55
2084 2085 1
2085 2086 46
36149 36150 65
2086 2087 72
36149 36148 76
36148 36147 41
36147 36146 70
36146 36145 7
36145 36144 3
36144 36143 65
36143 36142 56
36142 36141 59
36141 36140 1
36140 36139 37
36139 36138 3
36140 25723 41
25723 25722 57
25722 25721 47
25721 25720 9
25720 25719 29
36138 36137 59
36137 36136 8
36136 36135 60
36135 36134 69
25723 25724 74
28336 2790 78
2790 2789 33
2790 2791 57
2791 2792 56
2792 2793 8
2793 2794 15
2794 2795 21
2795 2796 40
3383 3384 78
3384 26033 40
26033 26034 41
26033 26032 56
3384 3385 58
3385 3386 52
3386 3387 65
3387 3388 31
3388 3389 14
3388 32164 16
3387 44405 33
44405 44404 38
44405 44406 48
44406 44407 39
44407 44408 33
32164 32163 51
32163 32162 34
32163 12169 44
12169 12168 27
3389 3390 52
32164 32165 55
3390 3391 59
3391 23252 22
3391 20110 36
3391 3392 45
3392 3393 55
3393 3394 32
3401 3400 78
3400 3399 43
3399 3398 43
3398 3397 50
4334 4333 78
4333 4332 78
4332 4331 18
5072 5073 78
5073 5074 38
43885 5118 78
5118 5119 32
5226 5227 78
5227 5228 5
5228 5229 68
5229 5230 39
5230 5231 57
5231 5232 51
5232 5233 54
5233 5234 5
5234 5235 10
5235 5236 53
5236 5237 46
5237 5238 44
5238 5239 5
5239 5240 13
5240 4542 31
4542 4541 9
4541 4540 30
4540 4539 68
4539 4538 35
4538 4537 55
4538 49503 67
49503 49502 14
49503 49504 42
49504 49505 60
49505 49506 10
49506 49507 61
5240 5241 77
5241 5242 74
5242 5243 67
5891 5890 78
6419 6418 78
6418 6417 6
6417 6416 64
6416 6415 48
6415 6414 51
6414 6413 39
6413 6412 9
6412 38239 45
38239 38240 64
6412 6411 74
6411 10148 35
10148 10147 28
10148 10149 37
10147 48194 77
48194 15292 3
15292 15291 24
48194 48195 29
48195 48196 31
48196 48197 33
48197 48198 48
15291 15290 60
15290 15289 25
15292 15293 63
48198 48199 70
48199 48200 37
48200 48201 31
48201 48202 37
48194 48193 76
48193 48192 29
48192 48191 7
48191 48190 64
48190 48189 66
48189 48188 36
48188 48187 14
15293 15294 77
15294 15295 68
15295 15296 21
6582 6581 78
8288 8289 78
8289 8290 3
8290 8291 52
40879 9204 78
9204 9205 1
9205 9206 16
9206 9207 10
9207 9208 11
9208 30718 72
30718 30719 12
30719 30720 46
30720 30721 49
30721 30722 12
30718 30717 72
30717 30716 62
30716 30715 8
30715 30714 56
30714 12472 21
30714 30713 24
30713 30712 47
30712 30711 54
12472 12471 63
12472 12473 64
12473 12474 53
12474 12475 22
9204 9203 74
9203 9202 43
9202 9201 41
9201 9200 61
9200 9199 9
9199 9198 20
9198 9197 39
9197 5999 39
5999 5998 3
5999 6000 23
6000 10984 30
10984 10985 15
10984 10983 45
9197 9196 56
6000 6001 65
10983 49163 68
49163 49162 40
49162 49161 54
5998 5997 72
5997 5996 30
12475 12476 74
12476 12477 52
9221 9222 78
9222 9223 59
9223 9224 3
9224 9225 3
9225 9226 52
9226 9227 39
9227 9228 50
9228 9229 52
9229 9230 45
9230 9231 33
9231 9232 18
9232 9233 16
10242 10241 78
10241 10240 77
10839 10838 78
10838 10837 55
10837 10836 74
10836 10835 42
10836 16611 42
16611 16610 36
10835 10834 49
16611 16612 56
16610 16609 60
16612 580 62
580 579 15
16612 16613 74
12983 12984 78
13465 13466 78
13466 39427 21
39427 39426 9
39427 39428 31
39428 39429 61
13941 13942 78
14530 14531 78
14531 14532 29
14532 14533 2
14533 14534 1
14532 21757 15
21757 21756 28
21756 21755 12
21756 4710 15
4710 4709 20
21757 21758 40
21758 21759 48
21759 21760 28
21760 21761 38
14534 14535 69
14535 14536 12
14536 14537 34
14537 14538 58
21761 21762 71
4709 4708 75
14538 14539 75
14539 45308 29
45308 45307 53
45308 45309 57
45309 45310 28
45310 45311 25
45311 45312 38
4710 4711 78
4711 4712 29
4712 4713 1
14625 14624 78
14624 14623 28
14623 14622 78
14622 14621 24
14812 14811 78
14811 14810 44
14810 14809 50
15029 15028 78
15028 15027 29
15027 15026 64
15026 15025 58
15025 15024 48
15024 15023 9
15023 15022 35
15022 15021 68
15021 15020 78
15020 15019 38
15019 44495 14
44495 44496 27
15019 15018 37
15018 15017 39
44495 44494 53
15017 15016 63
15016 15015 11
15015 15014 24
15014 15013 48
15013 41111 21
41111 41110 16
41110 41109 22
41109 37975 42
37975 37974 2
37975 37976 37
41111 41112 45
37974 37973 46
37973 37972 45
37972 44340 11
37972 37971 23
41109 41108 51
41108 41107 52
37976 37977 60
44494 44493 66
44493 44492 65
44496 44497 72
44497 44498 73
44498 44499 44
44498 9948 52
9948 9949 15
9948 9947 22
44499 44500 68
44492 44491 76
44491 44490 11
44491 23567 63
23567 23568 5
23567 23566 33
23566 23565 44
23568 23569 46
23565 23564 71
23564 20055 25
20055 9776 22
9776 9777 4
20055 20054 51
9776 9775 52
9777 9778 75
15044 15043 78
15043 15042 25
15042 15041 58
15041 15040 19
15041 44612 22
44612 44613 12
15040 15039 24
44613 44614 25
44614 44615 41
44615 44616 9
44612 44611 44
44611 44610 21
44616 44617 69
44617 44618 24
44618 44619 48
44619 44620 54
44620 44621 51
44617 34837 63
34837 34836 31
34837 34838 65
44620 48700 66
48700 48699 14
48699 48698 16
48700 48701 46
48701 48702 27
48702 48703 59
48703 48704 6
44616 46283 71
48698 48697 72
48697 48696 21
44610 44609 73
44609 44608 50
44608 44607 45
46283 46284 74
46284 46285 77
46285 19336 47
19336 19337 60
48704 48705 77
48705 48706 34
48706 48707 36
22533 15154 78
15154 15155 26
15155 15156 38
15156 15157 16
15157 15158 9
15158 15159 33
15296 15297 78
15297 15298 45
15298 15299 59
15299 15300 32
15300 15301 18
15301 15302 3
15302 15303 39
15303 15304 9
15304 15305 50
15305 15306 7
15956 15955 78
15955 15954 72
15954 15953 16
15953 48611 10
48611 48610 16
48610 48609 14
48609 48608 38
48611 48612 56
48612 48613 47
48613 48614 32
48614 14751 17
48614 48615 47
48615 48616 56
48616 48617 11
15954 6854 72
6854 6855 26
6855 14416 5
14416 14415 44
14415 14414 70
14414 14413 48
14413 14412 48
14412 14411 37
14411 14410 67
48617 48618 72
6854 6853 77
6853 6852 61
6852 6851 64
6851 6850 4
6850 49830 12
49830 49829 19
49829 49828 6
49828 49827 68
49827 49826 71
48618 48619 77
48619 48620 15
48620 48621 51
48621 48622 40
48622 48623 22
16219 16218 78
16218 16217 28
16217 16216 32
16216 16215 12
16215 16214 17
16215 27142 42
16247 16248 78
16248 16249 25
16249 16250 54
16250 16251 47
25273 17243 78
17243 17244 58
17456 17455 78
17455 17454 30
17454 17453 73
17552 17551 78
17551 17550 56
17551 6778 63
6778 6779 42
6779 6780 10
6779 5376 11
6780 6781 39
6778 6777 53
6777 6776 39
6776 6775 43
6781 6782 60
6782 6783 13
6783 6784 21
6784 6785 50
6785 6786 1
6786 6787 13
5376 5377 61
5377 5378 27
5378 5379 41
5379 43093 46
43093 43094 19
6787 6788 63
6788 6789 51
6789 6790 65
17550 17549 70
17549 17548 65
17548 17547 2
17547 17546 44
6775 6774 75
6774 6773 71
6773 6772 20
6772 6771 65
6771 6770 3
6770 6769 31
6769 6768 51
6768 6767 46
6767 6766 56
6766 6765 37
6765 6764 32
6764 6763 5
6763 6762 43
6762 6761 29
6761 6760 25
6760 6759 21
6759 6758 67
6758 1207 33
1207 1206 31
1207 1208 40
6758 6757 56
6757 6756 18
6756 6755 57
6755 44501 60
44501 44502 60
44502 44503 9
6755 6754 68
6754 37204 9
37204 37203 42
37204 37205 69
37205 37206 57
37206 12751 52
12751 12750 8
12750 12749 10
37204 41924 70
41924 41925 36
41925 41926 51
41926 41927 55
41927 41928 52
12749 12748 73
41924 41923 74
41923 41922 1
5379 5380 76
5380 5381 74
37203 37202 76
37202 37201 69
37201 37200 22
37200 37199 26
37199 37198 66
18025 18024 78
18024 18023 49
18023 18022 17
18134 18135 78
18135 18136 11
18234 18235 78
18235 18236 8
18236 18237 33
18237 18238 6
18238 18239 41
18239 18240 15
18240 18241 23
18241 18242 67
18242 18243 64
18243 18244 50
18974 18975 78
19815 19816 78
19816 19817 56
20055 20056 78
20056 20057 11
20057 20058 22
20058 20059 35
20059 20060 45
20060 20061 43
20061 20062 22
20107 20108 78
20108 20109 69
20608 20607 78
20743 20742 78
5966 20819 78
20819 20818 52
20818 20817 49
20817 20816 51
20819 20820 74
20820 20821 47
20821 20822 53
20822 3063 16
3063 3062 55
3062 3061 36
3061 3060 9
3060 3059 3
3059 3058 38
3061 15394 49
15394 15395 2
15395 15396 1
15394 15393 71
15393 15392 49
15392 15391 59
15391 15390 70
15390 26040 23
26040 26039 48
15390 11941 53
11941 11942 13
11941 11940 64
11940 11939 45
11939 25698 26
25698 25697 12
25697 33437 36
25698 25699 55
25698 6520 59
6520 6521 28
33437 33436 59
33436 33435 59
33435 33434 19
15390 15389 66
15389 15388 52
15388 15387 5
6520 6519 68
6519 4604 32
4604 4605 24
4605 4606 21
33437 33438 68
4604 4603 69
4603 4602 39
33438 12595 70
12595 12596 28
12596 1611 3
1611 1612 29
1612 1613 69
1613 1614 47
1614 1615 53
12595 12594 71
12594 12593 40
4606 4607 72
11942 11943 72
11943 11944 58
15396 15397 74
15397 15398 13
15398 15399 59
15399 15400 53
15399 14129 68
14129 14130 36
14130 14131 8
14131 14132 43
14129 14128 66
14128 14127 38
14127 14126 68
14126 14125 23
11944 11945 76
11945 24071 50
24071 24072 8
24071 24070 13
24070 24069 12
24072 24073 55
24073 24074 26
20816 20815 77
20815 20814 61
20814 20813 35
20813 9950 52
20813 20812 72
20812 20811 23
20811 20810 27
9950 9951 77
9951 9952 1
9952 9953 7
12596 12597 78
12597 12598 7
12598 12599 9
12599 12600 52
12600 12601 29
12601 12602 15
15400 15401 78
15401 45709 33
45709 45708 45
45708 45707 4
45707 45706 10
45706 35264 66
35264 24595 3
35264 35265 4
35264 35263 23
35263 35262 23
24595 24596 28
35262 35261 32
35265 35266 64
35266 35267 27
35267 35268 32
35267 31732 43
31732 31731 15
31732 31733 19
31733 31734 26
31731 31730 27
31730 31729 2
31729 31728 10
31728 31727 22
31727 31726 33
31726 31725 42
31725 31724 15
24596 24597 65
24597 24598 29
31734 31735 68
31735 31736 58
31736 31737 54
24595 24594 69
24594 24593 69
24593 24592 16
24592 24591 37
24591 24590 23
24590 24589 23
24594 43202 73
43202 43201 1
31737 31738 76
31738 31739 62
31739 31740 19
45709 45710 76
45710 45711 30
20879 20880 78
21218 21217 78
21217 21216 15
21217 20971 48
21216 21215 71
21215 21214 7
21214 21213 70
21271 21270 78
21270 21269 26
21269 21268 26
21268 21267 10
21267 21266 15
21266 21265 31
21265 21264 26
21264 21263 43
21266 5496 57
5496 5495 8
5496 5497 48
5495 5494 55
21263 21262 77
21322 21321 78
21321 2721 49
21321 21320 63
2721 2722 65
21755 21754 78
21754 21753 71
22228 22229 78
22229 22230 17
22230 22231 24
22231 22232 6
22658 22657 78
22682 22683 78
22683 22684 40
22684 22685 77
22685 22686 12
23686 23687 78
23687 23688 57
23688 36902 38
36902 36903 8
23844 23843 78
23843 23842 19
23911 23912 78
24111 24112 78
24112 24113 69
24113 24114 67
24114 24115 52
24115 24116 66
24116 24117 58
24117 24118 4
24118 24119 38
24119 24120 1
24120 24121 78
24121 24122 71
24122 24123 56
24706 24705 78
24705 24704 78
24704 24703 25
24703 24702 20
24704 41721 45
24881 24880 78
25157 25156 78
25821 25822 78
25918 25917 78
25917 25916 42
25916 25915 16
25915 25914 25
25916 46833 40
46833 46832 14
46833 46834 23
46834 46835 41
46835 46836 9
46836 36177 19
36177 36176 22
36176 36175 26
46836 10338 43
10338 10337 20
46836 46837 43
46837 46838 41
46838 46839 33
46839 46840 14
46840 46841 22
46838 16625 47
16625 16624 6
16624 16623 25
16623 16622 30
16622 16621 30
16622 10659 45
10659 10658 2
36176 36132 47
10659 10660 48
10660 10661 1
10337 10336 55
10338 10339 58
10339 10340 7
10339 44628 41
44628 44629 23
44628 44627 37
44627 44626 54
44626 44625 29
10661 10662 58
10662 41450 40
41450 41451 6
41450 41449 21
41451 41452 37
41452 41453 2
41453 23612 31
23612 23613 52
23613 23614 14
23614 23615 9
41450 23381 54
23381 21574 42
21574 21573 28
21573 21572 31
10662 24853 58
24853 34065 9
34065 34066 38
34066 34067 36
24853 24854 48
24854 24855 40
24855 24856 24
41449 41448 58
41448 41447 6
41447 41446 57
41446 41445 44
36175 36174 59
41453 41454 60
16621 16620 62
16620 16619 4
16625 16626 65
16626 16627 11
46841 46842 67
46842 46843 23
46843 11664 33
11664 16520 24
11664 11665 32
46843 46844 34
46844 46845 19
11664 11663 36
46845 46846 40
46846 46847 29
46847 46848 11
11663 11662 41
16520 16521 56
16521 16522 24
11662 11661 63
11661 11660 13
46848 46849 63
46849 7440 36
7440 7439 18
7439 7438 28
46849 46850 37
46850 23950 29
7440 7441 40
23950 23949 53
7441 7442 59
11660 11659 65
11659 11658 27
11658 11657 35
11659 23104 42
23104 23103 32
23104 23105 52
23105 23106 28
23106 23107 66
23107 23108 51
23103 19500 68
19500 19501 42
19501 19502 40
19502 19503 3
19500 19499 51
19503 19504 68
19504 19505 35
19505 19506 62
7441 49999 68
49999 49998 66
49998 49997 22
16622 24351 70
24351 24352 67
24352 24353 17
24353 24354 62
24354 24355 33
24355 24356 32
24356 24357 4
24357 24358 11
24358 24359 12
24359 24360 43
24356 48897 53
48897 48898 15
48898 48899 21
48899 27933 69
11657 11656 71
11656 11655 9
16520 16519 71
16519 16518 61
16518 16517 42
16517 16516 3
16516 20149 29
20149 20150 35
16516 16515 60
16515 16514 25
20150 20151 64
20151 20152 36
20152 20153 44
20153 12791 6
12791 12790 51
12790 12789 51
12789 12788 18
12788 12787 7
16514 16513 65
46832 46831 71
46831 46830 9
46830 46829 63
21574 21575 72
21575 21576 59
21576 21577 58
21577 21578 25
21578 21579 29
21579 21580 51
21580 21581 2
19506 19507 73
19507 19508 21
36177 36178 73
36178 36179 68
44629 44630 73
44630 44631 74
44631 44632 23
44631 4183 65
36132 36133 75
46829 46828 75
46828 46827 44
16627 4626 76
4626 4627 36
4627 4628 17
4626 4625 47
4625 4624 1
4624 4623 40
4625 1076 45
1076 1075 2
1076 1077 50
4623 4622 58
4628 4629 59
4629 4630 52
4630 4631 4
4631 4632 60
4632 4633 61
4633 4634 34
4183 4182 77
4182 4181 41
4181 4180 15
4180 1016 2
1016 1017 49
4180 6900 68
6900 6899 51
6899 6898 5
6898 6897 45
6897 6896 44
6896 6895 4
6895 6894 31
6899 5037 64
5037 5038 59
5038 5039 50
5039 5040 46
5040 5041 63
6900 6901 65
4180 4179 71
4179 4178 9
4178 47289 3
47289 47290 17
4178 4177 47
4177 4176 35
4176 4175 62
4175 48230 12
48230 48231 19
48231 48232 10
48230 48229 38
4175 4174 44
48232 48233 46
4174 4173 64
48229 48228 67
48228 48227 69
48227 48226 45
48226 48225 56
4173 4172 70
47290 47291 73
47291 37612 8
37612 37611 13
37611 37610 40
37610 37609 31
47291 47292 52
47292 47293 12
47293 47294 28
47294 47295 7
47295 47296 5
1016 1015 74
1015 1014 66
47296 47297 75
47297 47298 35
47298 47299 34
4172 4171 76
4171 4170 28
4170 4169 27
4169 4168 36
4168 4167 11
4167 4166 56
4166 4165 13
4166 27197 58
27197 27196 34
27196 27195 40
27197 27198 44
27198 27199 33
27199 27200 25
27195 44154 46
44154 12367 24
44154 44155 36
44155 44156 57
44156 44157 37
44157 44158 24
12367 12366 62
12366 12365 45
12365 12364 11
27200 8170 66
8170 8169 66
8169 8168 47
4166 38353 69
38353 38354 10
38353 38352 29
12364 12363 73
12363 12362 50
27195 27194 74
27194 4291 12
4291 4292 68
4291 4290 70
4290 4289 9
4289 7949 44
7949 7950 4
7950 44757 26
4289 4288 58
44757 44758 71
44758 44759 10
44758 29826 29
7949 7948 75
7948 7947 15
7947 7946 37
7946 7945 42
7945 17727 18
7945 7944 36
17727 17728 37
7944 7943 51
7943 7942 22
7942 7941 1
17728 17729 60
7941 7940 63
5037 5036 76
5036 5035 49
5035 5034 23
4172 3615 77
3615 3614 11
16513 16512 77
16512 38163 16
38163 38162 44
16512 16511 49
16511 16510 76
16510 16509 74
16509 9774 53
9774 9773 61
9773 9772 59
9772 9771 34
24355 25285 77
25285 25286 4
25286 2546 54
2546 2547 2
2546 2545 56
2545 2544 57
25286 25287 64
2547 2548 66
3615 29292 77
29292 29293 52
38354 38355 77
38355 38356 76
38356 38357 67
38357 38358 2
38358 38359 49
38359 38360 17
38360 38361 34
38361 38362 22
38362 38363 65
38363 38364 34
38364 38365 22
38362 18717 74
18717 18718 48
18718 18719 44
44632 44633 77
44633 44634 16
44634 44635 48
2548 2549 78
2549 2550 31
2550 2551 23
2551 2552 6
2552 2553 47
2553 2554 6
2554 2555 48
2555 2556 8
2556 2557 8
2557 24869 52
24869 24868 26
24868 24867 38
24867 24866 35
24869 24870 46
24870 42948 66
42948 42947 20
42948 42949 25
42949 21451 61
21451 21452 34
21452 21453 57
21453 6817 1
6817 6818 31
21451 21450 64
24866 24865 68
42949 42950 73
42950 42951 2
42951 42952 56
42952 42953 14
42951 40391 59
40391 40392 22
40392 913 1
913 914 5
914 915 32
915 916 71
916 917 52
2557 2558 74
2558 2559 44
2559 2560 6
2560 2561 47
2561 2562 15
40392 40393 76
40393 40394 57
40394 40395 23
26388 26389 78
26389 26390 15
26390 26391 56
26391 26392 29
26602 26601 78
26601 26600 17
26600 26599 67
26599 26598 50
26598 26597 7
26597 26596 62
26596 26595 40
26595 26594 25
26629 26628 78
26628 26627 4
26627 26626 14
26627 28522 28
28522 28523 29
28523 28524 3
26626 26625 35
28522 28521 67
28521 28520 64
28520 28519 15
28519 28518 2
28518 28517 44
28517 28516 34
26814 26813 78
26813 26812 48
26812 26811 15
26811 26810 61
26810 26809 44
26809 26808 44
26955 26956 78
26956 26957 32
26957 5139 17
5139 5140 54
34427 27080 78
27080 27081 12
27080 5537 38
27081 27082 47
27080 27079 67
27079 27078 29
5537 5536 69
27401 27402 78
27405 27406 78
27461 27460 78
27460 27459 72
27459 27458 47
27458 27457 51
28310 28309 78
28309 22656 3
22656 22655 2
22655 6181 45
6181 6180 63
6180 6179 24
6179 6178 44
6181 6182 64
6182 6183 3
6183 6184 7
6184 6185 62
29154 29155 78
29617 29618 78
29618 29619 30
29619 22829 4
22829 22828 9
29619 29620 46
29620 29621 37
29621 29622 45
22828 22827 61
22827 22826 26
22826 22825 1
22825 22824 14
22824 22823 65
22823 22822 43
22822 22821 21
22821 22820 26
22820 22819 46
22819 22818 43
30198 30197 78
30197 30196 53
30196 30195 20
30195 30194 46
30194 30193 25
30312 30313 78
30997 30996 78
30996 30995 61
30016 31023 78
31023 31024 11
31023 31022 26
31329 31328 78
31526 31527 78
31571 31570 78
31570 31569 61
31569 31568 42
31568 31567 9
31567 31566 67
31566 31565 11
31565 31564 14
31564 31563 3
31563 31562 41
31562 31561 68
31561 31560 39
2452 31693 78
31693 31692 29
31692 31691 60
31693 31694 60
31694 31014 12
31014 31013 15
31014 31015 33
31694 31695 40
31691 31690 66
31690 31689 24
31015 31016 76
1045 31855 78
31855 31856 13
31855 31854 16
31856 31857 30
31857 31858 29
31858 31859 3
31859 31860 41
31860 31861 62
31861 31862 49
31854 31853 74
31853 31852 29
31852 31851 13
31851 31850 3
31973 31972 78
32104 32105 78
32105 32106 75
32106 32107 24
32107 32108 58
32302 32301 78
32826 32827 78
32926 32927 78
32927 6195 41
6195 6194 13
6195 6196 42
6196 6197 52
32927 32928 54
32928 32929 10
32929 32930 56
32930 32931 5
32931 32932 66
6197 6198 78
6198 6199 11
33238 33239 78
33239 43243 23
43243 43244 16
33239 33240 40
33240 33241 21
33241 33242 16
43243 43242 64
43242 43241 7
43241 12889 19
43241 43240 41
43240 43239 4
43239 43238 23
43238 43237 36
12889 12888 47
12889 12890 49
12890 12891 26
43237 43236 69
43236 43235 1
43235 43234 8
43234 43233 15
43244 43245 69
43245 43246 49
43246 43247 65
43247 43248 22
43248 43249 54
43249 43250 9
43250 38644 46
38644 38643 5
38644 38645 40
38645 20460 24
20460 20461 47
20461 20462 49
33242 33243 71
33243 33244 25
33244 33245 19
33245 33246 63
12891 12892 73
12892 12893 24
12893 12894 68
12894 12895 24
12895 12896 53
12888 12887 75
20460 20459 76
20459 20458 36
20458 20457 49
43241 13089 78
33246 33247 78
33247 33248 64
33248 15419 34
15419 15418 20
15418 15417 11
15419 15420 56
33248 33249 73
33249 33250 17
33250 33251 1
33251 9346 41
9346 9345 35
9345 1906 11
9345 9344 16
1906 41505 34
41505 41504 1
9346 9347 54
41505 41506 61
41506 41507 24
1906 1907 64
1907 1908 37
1908 25137 20
25137 25136 9
25137 25138 35
25138 25139 16
25139 25140 23
25140 25141 26
25136 25135 55
25135 25134 16
1908 1909 61
41507 41508 67
41508 41509 33
41509 41510 51
1909 1910 73
1910 1911 54
1911 1912 26
1912 1913 6
1913 1914 17
25141 25142 74
25142 25143 47
25134 25133 75
25133 25132 50
33251 33252 76
33252 33253 67
33253 29422 9
33253 33254 10
29422 29423 20
29422 29421 26
29421 11084 16
11084 11085 41
11085 7564 17
7564 7563 3
7563 4389 34
7564 7565 36
7565 7566 7
7566 7567 41
33254 33255 47
33255 1324 4
1324 1323 45
11085 11086 51
1323 1322 57
7567 7568 57
7568 7569 25
7569 7570 12
7570 7571 10
7571 7572 50
7572 7573 44
1324 1325 58
29423 29424 58
29424 11515 19
29424 29425 27
11515 11516 39
7563 7562 63
11086 11087 63
11087 11088 27
11088 11089 55
11089 11090 22
11090 11091 64
1322 1321 67
1321 1320 48
29425 29426 69
29426 29427 20
7573 7574 72
7574 7575 54
7575 7576 35
7576 7577 22
7575 8980 57
8980 728 8
8980 8981 53
8981 8982 62
8982 8983 70
8983 8984 6
8984 8985 11
8985 8986 7
8986 23274 55
23274 23275 42
23274 36650 55
36650 36649 60
36649 36648 22
36648 36647 7
36647 36646 60
36646 36645 28
8986 37960 60
37960 37959 30
37959 37958 2
37958 37957 11
37957 37956 28
37956 37955 5
37955 37954 10
37954 37953 5
37960 37961 45
37961 37962 22
37962 37963 9
37963 37964 9
37953 37952 62
23275 23276 69
728 729 73
729 17473 25
17473 17472 5
17473 17474 13
17472 37386 29
37386 37387 4
37387 37388 37
17472 17471 41
37386 37385 49
37385 37384 43
729 730 53
730 731 24
731 732 21
732 733 56
733 734 14
734 735 27
37388 37389 57
37389 37390 31
37390 37391 9
37390 38109 45
38109 38110 35
38109 38108 42
38110 38111 54
38111 38112 6
38112 38113 45
38113 38114 3
17474 17475 59
17475 17385 6
17385 17386 19
17385 17384 44
17475 17476 57
17476 17477 20
17477 17478 15
17478 17479 32
17471 17470 64
17470 17469 20
33255 33256 73
38108 38107 73
23274 42185 73
42185 42186 51
42185 42184 67
42184 42183 22
42186 42187 71
42187 42188 59
42188 42189 19
37955 42708 75
42708 42709 1
1914 1915 77
1915 7129 12
7129 36612 67
36612 36611 14
36612 36613 14
36613 36614 2
36614 36615 16
36615 7665 7
7665 7664 15
7665 7666 46
7666 7667 66
7667 7668 33
7664 7663 70
7129 7128 73
7128 7127 22
7127 7126 37
7126 7125 51
7125 7124 46
7124 7123 46
7123 7122 29
7122 7121 3
7122 919 14
919 918 21
7666 36599 73
36599 36598 74
36598 36597 11
1915 1916 76
1916 1917 77
1917 1918 8
1918 33003 44
33003 33002 21
33002 33001 8
33001 41696 48
41696 41695 47
41695 41694 41
1918 1919 64
41696 41697 65
1919 1920 66
1920 1921 31
1921 1922 11
1922 1923 30
1923 1924 19
1924 1925 4
1925 1926 48
1926 1927 66
1927 1928 21
1928 1929 11
1929 1930 66
1930 1931 7
1917 41234 70
41234 41235 13
41235 48984 41
48984 48983 41
41235 36865 47
36865 36864 22
36864 36863 49
36865 36866 53
36863 36862 58
41234 41233 65
41233 41232 45
41232 41231 64
36866 36867 69
36867 36868 31
36868 36869 26
36869 36870 49
41235 41236 74
41236 41237 3
41237 41238 51
41238 41239 48
41236 11137 64
11137 11136 35
11136 11135 7
11136 31082 27
31082 31081 6
31082 31083 30
41237 25332 69
41697 41698 75
41698 41699 48
48984 48985 75
11137 11138 76
11138 11139 26
11139 11140 47
11140 11141 34
11138 4076 68
4076 4075 3
4076 4077 6
4077 4078 10
4075 4074 53
4078 4079 62
4079 4080 52
11141 11142 69
11142 22608 2
22608 22609 14
11142 11143 45
11143 11144 50
11144 11145 28
11145 11146 27
11515 11514 77
11514 11513 50
11513 41497 41
11513 11512 45
11512 11511 42
11511 11510 33
41497 41498 56
41498 41499 31
25332 25333 77
25333 25334 19
25334 25335 58
25335 25336 66
11089 28729 77
28729 28728 52
28728 28727 77
28727 28726 39
28726 28725 30
28725 28724 47
33003 33004 77
33004 33005 20
33005 33006 50
33006 33007 50
33007 33008 29
33008 33009 62
33009 33010 20
33010 33011 16
33011 33012 4
33012 33013 20
33013 33014 57
33014 33015 31
33015 33016 17
37955 45508 77
45508 45509 34
45509 34644 13
34644 34645 5
45509 45510 26
34644 34643 34
34643 34642 17
45510 10699 39
10699 10698 36
10698 10697 45
10697 10696 2
10696 10695 21
10695 10694 29
10694 10693 17
10693 10692 25
10692 47736 31
47736 41305 26
34642 34641 45
34641 34640 9
47736 47735 53
47735 24519 4
24519 24520 16
24520 24521 3
24521 24522 5
24522 24523 16
24523 24524 41
47735 47734 41
24521 6046 54
6046 6047 25
6047 6048 21
6047 3316 24
3316 3315 11
3315 3314 15
6046 6045 49
6045 6044 36
6044 6043 28
6043 18767 20
18767 18766 18
18767 18768 44
6048 6049 53
6049 14808 15
6049 6050 54
6050 6051 51
6051 6052 46
34640 34639 55
34639 34638 1
34638 34637 38
34637 34636 14
34636 42927 32
34637 35325 35
35325 35326 26
35326 35327 11
35327 35328 2
41305 41304 55
10692 10691 59
18766 18765 60
10691 10690 62
10690 10689 2
10689 10688 8
10688 10687 23
10687 10686 61
10686 10685 48
18768 18769 64
42927 42926 64
42926 42925 25
42925 42924 2
6052 6053 65
6053 6054 17
6054 6055 3
6054 48461 21
48461 48460 19
48461 48462 41
6053 20695 61
20695 20694 51
34636 34635 65
45510 45511 65
45511 45512 53
45512 45513 54
45513 45514 33
45514 45515 45
10691 89 66
89 90 10
90 91 14
91 92 10
92 93 59
24522 45960 66
45960 45961 24
45960 45959 46
93 94 69
94 95 52
95 96 24
96 97 59
94 7679 68
7679 7678 44
6055 6056 69
10685 10684 69
10684 10683 28
10683 10682 65
41304 41303 69
41303 41302 9
41302 41301 54
45515 45516 71
45516 45517 13
45517 45518 11
45518 45519 52
45519 45520 28
45520 45521 38
45521 45522 45
45522 45523 23
6043 6042 72
6042 14329 30
14329 14330 9
14330 14331 31
14329 14328 56
14328 14327 30
14327 14326 52
14331 14332 63
14332 14333 46
14333 14334 38
14334 14335 12
14335 14336 46
14336 14337 31
14337 34414 58
34414 34413 10
34413 34412 3
34414 34415 42
34415 34416 27
34416 34417 22
34417 34418 5
47734 47733 72
47733 47732 65
34414 3527 74
3527 3526 44
3526 3525 53
3525 16604 64
16604 16603 15
16603 16602 26
16604 16605 41
16605 16606 53
16606 16607 11
3527 3528 65
3528 3529 19
47736 47737 75
47737 47738 18
47738 22125 5
22125 22124 66
22124 22123 69
22123 22122 71
22125 22126 76
42924 42923 76
42923 42922 52
24519 24518 77
24518 24517 18
24524 24525 77
24525 47575 34
47575 47574 14
47575 47576 21
47574 47573 27
24525 24526 51
24526 24527 29
24527 24528 30
24528 24529 56
47576 47577 60
24529 24530 76
7577 7578 78
7578 7579 34
7579 7580 46
24527 17376 78
17376 17377 13
17377 17378 35
17376 17375 54
17375 11748 4
11748 11747 14
17375 17374 22
17374 17373 15
17373 17372 16
17372 17371 36
11747 11746 60
17378 17379 62
17379 17380 3
11748 31758 67
31758 31759 15
31759 6965 23
6965 6966 14
6966 6967 48
31759 31760 62
31760 31761 31
31761 31762 12
31762 31763 46
6965 6964 74
6964 6963 27
6963 6962 60
6962 6961 13
6962 8012 30
8012 8011 6
8012 8013 36
8011 8010 68
17380 17381 74
17381 17382 23
8010 8009 76
20694 20693 78
20693 20692 70
20692 20691 24
20691 855 32
20691 20690 43
855 856 63
20690 20689 64
20689 20688 27
20688 20687 66
20687 20686 69
20686 20685 49
856 857 70
23274 23273 78
23273 23272 41
25143 25144 78
25144 25145 54
25145 25146 2
25146 25147 23
25147 25148 18
25148 25149 50
25149 25150 7
25148 15828 58
15828 15829 45
25150 25151 62
25151 25152 4
25152 25153 18
25153 25154 67
25154 25155 59
15828 15827 71
34665 34666 78
35692 35691 78
36494 36493 78
36493 36492 52
36492 36491 34
10136 36827 78
36858 36857 78
36857 36856 36
36856 36855 28
36855 36854 48
36854 36853 51
36853 36852 74
36852 36851 7
37101 37102 78
37102 37103 47
37127 37128 78
37128 37129 24
37129 37130 18
37130 37131 57
37131 37132 53
37132 37133 35
37133 37134 10
37134 37135 48
37135 37136 46
37136 37137 49
37132 46856 62
46856 46855 64
46855 46854 38
46854 46853 16
46853 46852 38
46852 46851 59
37137 37138 68
37138 37139 53
37139 37140 47
37140 37141 51
37686 37687 78
37906 37907 78
37907 37908 73
38339 38338 78
38338 38337 23
38337 38336 43
48449 39081 78
39081 42627 51
42627 42628 27
42627 42626 33
42626 42625 20
42626 44683 23
42628 42629 45
42629 39134 42
44683 44684 67
42625 42624 69
42629 42630 71
42630 23062 59
23062 23063 3
23063 23064 66
23064 23065 21
23065 23066 13
23066 23067 67
23067 23068 47
23068 23069 14
23069 23070 13
44683 44682 71
44682 44681 60
44681 44680 10
42630 42631 73
42631 42632 46
42632 42633 68
42633 42634 71
42634 42635 70
39081 39080 75
39080 39079 55
42624 42623 77
42623 42622 23
42622 42621 6
42621 42620 4
42620 42619 59
42619 42618 41
42618 42617 15
42618 15385 30
15385 15384 38
15384 15383 48
15383 15382 11
15382 15381 13
15385 15386 75
15381 15380 76
15380 36986 42
15380 15379 47
36986 36987 47
42621 12614 77
12614 12615 16
12615 12616 15
12616 12617 45
12617 12618 19
12618 12619 53
39955 39956 78
39956 39957 37
39957 39958 46
19841 41023 78
41023 41024 61
41024 41025 66
41025 41026 17
41026 19427 77
19427 19426 45
19426 19425 56
19427 19428 73
41026 41027 78
41027 41028 49
41920 41919 78
41919 41918 72
41918 41917 55
41917 41916 69
41916 41915 16
41915 41914 31
41914 41913 68
41941 41942 78
41942 41943 57
41943 41944 17
41944 41945 53
42881 42880 78
42880 42879 13
42879 42878 1
42878 42877 26
42877 42876 77
42932 42931 78
43191 43190 78
43190 43189 50
43189 43188 71
43188 43187 71
8811 43206 78
43206 43207 73
43207 43208 2
43208 43209 68
43209 43210 23
43209 5642 53
5642 5643 17
5643 5644 24
5644 41373 23
5644 5645 35
5642 5641 37
41373 41374 42
41374 41375 37
41373 41372 43
41372 41371 43
41371 41370 50
41370 41369 37
5641 5640 51
41371 12007 51
12007 12008 21
41369 41368 72
41368 41367 49
41367 5841 27
5841 5842 32
5842 14516 10
14516 14515 25
41367 41366 32
41366 41365 8
41365 41364 11
14516 14517 36
41364 1038 42
1038 1039 10
1038 1037 23
5842 5843 42
5841 5840 44
5840 4205 11
4205 4204 36
4205 4206 47
4206 4207 28
4207 4208 13
1037 1036 55
1036 1035 51
5843 5844 56
5844 5845 21
5845 5846 36
5846 5847 70
4204 4203 73
4203 28038 20
28038 28037 6
28037 28036 28
4203 4202 50
28038 28039 54
28039 28040 31
28036 28035 65
28035 28034 29
28034 28033 76
5645 5646 77
5646 5647 15
5647 5648 38
5648 5649 20
5649 5650 66
5650 5651 77
5651 5652 55
5652 5653 76
5653 5654 21
5653 516 22
5654 5655 29
5655 5656 54
5656 5657 60
12007 12006 77
12006 12005 53
12005 12004 17
14517 14518 78
14518 14519 37
14519 14520 21
14520 14521 1
41364 41363 78
41363 41362 39
41362 41361 68
41361 41360 59
41360 41359 43
41359 41358 15
41358 41357 9
41357 41356 19
41356 28589 11
41356 41355 58
41355 41354 21
41354 41353 71
41353 41352 31
41352 41351 76
41351 41350 52
41350 41349 57
41349 41348 10
41348 41347 25
44324 44323 78
44323 44322 61
44322 44321 66
44321 44320 30
44320 44319 48
45216 45217 78
45217 45218 7
45218 45219 3
45219 45220 52
45220 45221 51
45661 45662 78
45662 45663 5
45711 45712 78
45712 45713 56
45819 45820 78
45820 45821 25
45821 45822 57
45822 45823 59
45823 45824 6
45821 13925 60
13925 13924 20
45824 45825 64
45904 45903 78
45903 45902 18
45902 45901 61
45901 45900 56
9431 46080 78
46080 46081 39
46081 46082 43
46082 44590 13
46082 33567 27
44590 44589 35
46082 46083 36
33567 33568 58
46082 48204 61
48204 48205 35
48205 48206 70
44590 44591 77
44591 44592 16
44592 44697 49
44697 44698 37
44698 44699 39
44699 44700 36
44700 44701 49
44701 44702 20
44702 44703 47
44703 44704 48
44704 44705 10
44704 1948 11
44705 44706 16
1948 1947 20
1947 1946 50
1948 1949 50
1949 1950 10
1950 1951 48
44592 44593 50
44593 44594 20
1951 1952 64
1952 1953 22
1953 1954 52
1954 1955 44
1955 1956 47
1956 1957 56
1957 1958 20
1958 31313 8
31313 31314 14
31314 31315 17
31315 31316 31
31316 31317 2
1958 1959 33
1959 1960 4
1960 1961 25
1961 1962 42
1962 1963 30
1963 1964 42
1964 6206 44
31313 31312 45
31312 31311 54
31311 31310 37
31310 31309 21
6206 6205 55
31309 31308 66
1958 12823 70
12823 12824 21
31308 31307 72
31307 31306 35
31307 17365 56
17365 17364 8
17365 17366 41
17366 17367 2
17364 17363 60
17363 17362 6
17362 17361 48
17361 17360 38
17360 17359 49
1946 1945 74
1945 1944 9
1944 1943 52
1943 1942 47
1942 1941 68
1941 1940 2
17359 17358 74
17358 17357 19
17357 17356 70
17356 17355 37
17355 17354 71
17354 17353 61
17353 17352 19
17352 17351 45
17351 34870 7
34870 34871 47
34871 34872 36
34870 34869 72
17353 26037 74
26037 26036 15
26037 26038 16
26036 26035 65
26035 44261 22
44261 44262 64
44262 44263 32
44263 44264 4
26036 37174 72
37174 37173 5
37173 37172 69
37172 37171 27
44264 44265 72
44697 44696 74
44696 44695 15
37174 42524 75
42524 42523 73
42523 42522 50
42522 12159 11
42522 42521 19
42521 42520 9
12159 12158 59
44706 44707 76
44707 44708 56
46194 46195 78
47133 47132 78
47132 47131 1
47412 47413 78
47413 47414 53
47414 47415 73
47415 47416 5
47416 47417 19
47417 47418 27
47866 47867 78
47867 47868 76
47868 47869 67
30193 47980 78
47980 47979 25
47979 47978 43
47978 47977 7
47977 47976 6
47977 43172 14
43172 43173 18
47977 42195 56
42195 42194 43
42194 42193 20
42193 42192 28
42192 42191 28
42191 42190 31
43173 43174 56
43174 43175 52
43175 43176 55
43176 43177 19
43177 43178 51
42190 40138 68
40138 40139 28
40139 40140 26
40138 40137 64
40137 40136 16
40139 14987 66
14987 14988 3
42195 42196 69
42196 42197 56
42195 552 77
552 551 68
47995 47994 78
47994 47993 4
47994 35082 5
35082 35083 50
35083 35084 73
35084 35085 60
48264 48263 78
48263 48262 37
48262 48261 7
48261 48260 15
48260 48259 43
48259 48258 49
48258 48257 62
48257 48256 30
48256 48255 72
48255 48254 33
48642 48641 78
48641 48640 67
48640 48639 52
48734 48733 78
16610 49052 78
49052 49051 38
49051 49050 41
49050 49049 38
49049 49048 18
49048 49047 16
49047 49046 43
49050 18527 51
18527 18528 38
49052 49053 74
49053 49054 24
49054 49055 11
49055 49056 12
49056 49057 67
49057 49058 54
49714 49713 78
49713 49712 46
97 98 79
98 99 53
99 100 59
1232 1231 79
1231 1230 23
1485 1484 79
1484 1483 34
1483 1482 3
1482 1481 30
1483 49819 36
49819 49818 23
49819 49820 33
49818 49817 39
49817 49816 38
49820 49821 57
49821 49822 44
1481 1480 59
1480 44094 8
44094 44095 61
44095 44096 39
44096 44097 30
44094 44093 62
49822 49823 65
49823 49824 56
44093 44092 67
44092 44091 12
44091 44090 18
44090 44089 65
49816 49815 69
49815 49814 7
49814 33343 21
33343 33342 7
33342 33341 47
49814 49813 59
33341 33340 70
33340 33339 37
33339 33338 55
33338 33337 28
49813 49812 70
44089 44088 78
44088 44087 56
44087 44086 51
44086 44085 39
44085 44084 4
44084 44083 38
44083 44082 26
44082 44081 64
44081 44080 31
44080 44079 49
44079 44078 19
1589 1588 79
1588 1587 79
1944 1643 79
1643 1642 65
1642 1641 42
1643 1644 76
1644 1645 57
1645 1646 10
1696 1695 79
1695 1694 77
2236 2237 79
2237 2238 39
2238 2239 59
2239 2240 48
2240 2241 68
2517 2518 79
2518 2519 11
2519 2520 40
2520 2521 63
2521 2522 70
2522 2523 3
2522 21879 50
21879 21880 14
21880 21881 34
21881 21882 9
2658 2659 79
2659 2660 79
2660 16886 10
2660 2661 12
16886 16885 58
16885 16884 71
16884 16883 6
16883 16882 13
16882 16881 16
16884 32283 64
32283 32284 10
32283 32282 13
32284 32285 24
32285 32286 18
32282 32281 28
32281 32280 56
32280 26195 33
26195 26196 50
26196 26197 27
26197 26198 36
26198 26199 20
26195 26194 52
26194 26193 43
2673 2674 79
2674 2675 67
2675 2676 30
2676 2677 12
2677 2678 4
2966 2967 79
2967 2968 72
2968 2969 23
2969 2970 44
2970 2971 5
2971 2972 27
2972 2973 46
2968 32470 75
32470 32471 56
32471 32472 43
32472 32473 56
32473 32474 69
3074 3075 79
3081 3080 79
3080 3079 76
3517 3516 79
3516 3515 40
3515 41300 48
41300 41299 1
3515 3514 50
41299 41298 75
41298 41297 65
41297 41296 44
3514 3513 76
3513 3512 8
3512 3511 54
3511 3510 60
3510 3509 20
3509 3508 40
3508 3507 57
3507 3506 79
3506 3505 66
3505 3504 52
4119 4120 79
4120 4121 13
4121 4122 47
4122 4123 26
4123 42782 2
42782 42781 45
4123 39888 56
39888 39887 33
39887 39886 22
39886 39885 62
4295 4294 79
4294 4293 13
4389 4390 79
4390 4391 49
4513 4512 79
4512 4511 63
4511 4510 25
4510 36652 1
36652 36651 5
4510 4509 34
36652 10210 34
36652 36653 49
36653 36654 59
36654 36655 66
36655 36656 19
4518 4519 79
4537 4536 79
4536 4535 32
4535 4534 72
4534 4533 4
4533 4532 49
4532 4531 59
4531 6498 21
6498 6499 16
6498 6497 31
4531 4530 57
6497 6496 58
6496 6495 61
6495 6494 54
6494 6493 40
6493 6492 75
6492 6491 2
6491 6490 72
6490 6489 8
6489 6488 11
6488 6487 54
6487 6486 38
6490 34530 55
34530 34529 63
6486 6485 66
4664 4663 79
4663 4662 61
4662 4661 26
4661 4660 44
4660 4659 55
5074 5075 79
5282 5281 79
5281 5280 7
6406 6407 79
6423 6424 79
6424 6425 58
7781 6903 79
7117 7118 79
7118 7119 11
7119 7120 19
7120 10974 23
10974 10975 23
10975 10976 61
10976 10977 42
10976 32010 52
32010 32009 45
32009 32008 26
32008 32007 4
32010 32011 55
32011 32012 74
30392 7630 79
7630 7631 70
7631 7632 14
7653 7654 79
7896 7897 79
7897 7898 44
7898 7899 51
7899 7900 5
7900 7901 13
7901 7902 58
7906 7907 79
8275 8274 79
8416 8415 79
8415 8414 47
6599 8516 79
8516 8517 47
8517 8518 40
8518 8519 50
8519 8520 43
8520 8521 43
8521 8522 66
8522 28858 10
28858 28859 2
28859 28860 31
28860 28861 27
28858 28857 34
28861 28862 45
28857 28856 57
28856 8631 2
28856 28855 27
8631 8630 44
28856 27856 44
27856 27855 32
8630 8629 53
8629 8628 49
8629 4359 51
4359 4360 13
4359 4358 15
4358 4357 52
28855 28854 53
4357 4356 56
4356 4355 50
4355 4354 25
4354 4353 36
4355 20620 47
4353 4352 55
4352 4351 40
4351 49280 12
49280 49281 35
49281 49282 6
8522 8523 62
8523 8524 27
8524 8525 38
8525 8526 5
20620 20621 63
27855 27854 70
27854 27853 33
27853 27852 40
27854 47586 42
47586 47587 55
47586 47585 59
47587 47588 71
49280 49279 75
49279 49278 62
49278 49277 59
8516 8515 78
8515 8514 11
8514 8513 46
8513 8512 44
8512 8511 2
8511 8510 46
8628 8627 78
8627 8626 2
9053 9054 79
9527 9526 79
9526 9639 7
9526 9525 12
9639 9638 36
9638 9637 56
9637 9636 24
9525 9524 60
9638 5147 63
5147 5148 29
9630 9631 79
9631 9632 49
9632 9633 62
3432 9993 79
9993 9992 57
9993 9994 67
9992 9991 73
11016 11017 79
11017 11018 15
11279 11278 79
11278 11277 27
11277 11276 55
11276 11275 20
11275 11274 56
11274 11273 25
11273 26474 9
26474 26475 26
26474 26473 41
26475 26476 43
11273 11272 60
26473 26472 70
26472 26471 65
26471 26470 64
26470 26469 64
26469 26468 13
26468 26467 52
26467 26466 63
26466 26465 37
26465 26464 29
26464 26463 51
26463 26462 37
26462 26461 40
26461 26460 5
26460 26459 56
26459 26458 10
26462 4278 63
4278 4279 18
26476 26477 73
26477 26478 25
26478 26479 28
26479 26480 68
26458 26457 74
26457 36010 15
36010 36011 14
36011 36012 47
36012 36013 14
36010 36009 67
36009 36008 51
36008 36007 19
36007 36006 36
36007 25920 50
25920 25921 6
36006 36005 62
11392 11391 79
11391 11390 23
11449 11448 79
805 11947 79
11947 11946 64
10170 12039 79
12039 12038 7
12038 5249 15
5249 5248 20
12038 12037 24
5249 5250 26
12039 12040 28
5248 5247 38
12040 12041 43
12041 12042 33
12042 12043 36
12043 12044 10
12044 12045 40
12045 12046 32
12042 5924 44
5924 5923 48
5923 5922 18
12046 12047 48
12047 12048 9
12048 12049 19
12049 12050 2
12037 12036 51
12036 12035 39
12035 12034 5
12035 41438 15
41438 41439 28
5922 5921 56
5921 5920 17
5921 34658 22
34658 34657 12
34657 34656 15
34658 34659 47
34656 34655 55
34655 25605 14
25605 25604 4
25604 25603 48
5920 5919 63
5919 12172 17
12172 12171 48
12171 12170 29
25605 25606 64
25606 25607 3
25607 25608 26
12050 12051 67
12051 12052 44
12052 12053 13
25603 25602 72
25602 25601 46
12159 12160 79
12160 12161 63
12161 12162 12
12162 12163 69
12163 12164 18
12164 12165 44
12165 12166 22
12166 12167 44
12199 12198 79
12198 12197 19
12197 12196 61
12887 12886 79
12886 12885 32
12885 40734 6
40734 40735 37
40735 40736 42
40734 40733 55
37872 12995 79
12995 30074 18
30074 30073 54
30073 30072 4
12995 12994 60
12995 12996 65
12996 38467 15
38467 38466 60
30074 30075 66
30072 30071 69
12994 12993 76
12993 12992 59
12992 12991 3
12991 12990 31
12990 12989 70
30071 30070 77
30070 30069 76
38466 38465 77
38465 38464 36
38464 38463 66
38463 38462 18
30069 30068 78
30068 30067 71
30067 30066 21
30066 30065 53
30065 30064 68
13415 13416 79
13416 13417 2
13417 22386 1
22386 22385 13
22385 22384 48
22384 22383 16
22383 22382 43
22382 22381 8
13455 13454 79
13454 13453 24
13453 13452 48
13452 13451 47
13451 33616 1
33616 33617 18
13451 13450 38
13450 13449 23
13449 13448 58
13448 13447 60
13447 13446 70
13446 13445 20
13445 13444 35
13444 13443 35
13443 13442 63
13442 13441 33
13441 13440 28
13440 13439 20
13439 13438 3
13438 2222 5
2222 2223 21
13439 26416 40
26416 26417 8
26416 26415 40
26417 26418 42
13442 9871 47
9871 9870 33
9871 34163 45
34163 34164 14
34164 34165 17
2222 2221 55
13438 13437 56
13448 40492 70
40492 40493 70
40493 40494 41
40494 12016 54
12016 12015 65
12015 12014 59
12014 12013 9
12013 12012 5
12012 12011 60
12011 12010 53
12010 12009 20
2223 2224 74
2224 2225 71
2225 2226 64
2226 2227 69
2227 2228 4
2228 2229 66
2229 2230 65
2230 9939 3
9939 9940 28
9939 9938 55
9938 9937 40
9937 9936 10
9936 9935 16
9935 33191 5
33191 33190 10
9935 9934 37
9940 9941 67
9941 9942 64
33616 33615 74
26415 26414 75
26414 26413 12
26413 26412 72
26412 46881 23
46881 46882 22
46881 46880 37
2221 2220 78
2220 2219 14
2219 2218 12
2218 2217 39
13773 13774 79
13774 13775 28
13774 3736 44
3736 3737 10
3737 3738 3
3737 31709 21
3738 3739 26
31709 31708 55
3736 3735 65
3735 3734 3
3735 45488 11
45488 45489 36
45489 45490 47
45490 45491 65
45491 45492 60
31708 31707 66
13786 13787 79
13787 13788 9
13788 13789 7
13787 20349 9
20349 20350 34
20350 20351 29
20351 38676 68
38676 38675 40
38675 38674 3
38674 38673 4
38673 38672 45
38672 38671 29
38671 38670 13
38670 38669 5
38669 38668 26
38670 29401 60
29401 29402 23
29402 29403 22
29403 29404 50
29404 29405 20
29405 29406 48
29406 29407 20
29407 29408 45
29408 29409 16
29409 29410 35
29410 29411 32
29401 29400 69
29400 29399 57
29399 29398 7
29398 44113 6
29398 29397 21
44113 44114 35
44114 44115 21
44113 44112 37
44115 44116 43
44112 44111 48
44111 32384 8
32384 32385 5
32384 32383 43
32383 32382 59
32382 32381 21
44111 44110 62
44110 44109 8
44109 44108 28
38668 38667 70
29397 29396 71
29396 29395 49
29395 29394 4
44116 44117 72
29411 29412 73
29412 29413 57
44117 44118 73
44118 21105 7
21105 21104 22
21104 21103 1
44118 44119 47
21105 21106 50
21106 21107 40
21107 21108 11
21108 21109 11
21109 21110 48
21103 4281 53
4281 4282 22
21103 21102 68
21102 21101 59
21101 21100 56
21100 21099 2
21099 21098 6
21098 21097 53
21097 21096 32
21096 21095 45
21095 21094 36
21103 22767 69
22767 22766 17
22766 22765 9
22765 22764 51
22764 22763 52
22763 22762 70
22762 22761 8
22761 22760 11
22760 22759 27
22759 22758 26
22758 22757 36
22757 22756 45
22756 22755 19
22755 22754 40
22754 22753 20
22753 22752 51
22752 22751 1
22751 22750 33
22750 22749 36
22750 6720 40
22749 22748 68
22748 22747 1
22747 22746 61
22746 22745 13
6720 6721 71
6721 6722 1
44119 44120 71
44120 44121 64
44121 44122 17
44122 44123 29
44123 44124 35
44124 44125 34
44125 44126 52
44126 44127 54
21095 32339 73
32339 32340 23
44120 8038 74
8038 8037 4
8037 8036 7
8038 8039 20
8036 8035 60
8035 8034 19
8039 8040 61
8040 8041 16
8040 47679 60
47679 47680 26
8034 8033 67
8033 8032 58
8032 8031 12
8031 8030 61
8030 8029 11
8029 8028 69
38667 38666 74
4281 4280 75
21110 21111 75
47679 47678 75
47678 47677 13
47677 47676 7
47676 47675 59
47675 47674 49
47674 15466 9
15466 15465 20
47674 47673 48
15466 15467 49
15467 15468 7
47673 47672 61
47672 47671 65
47671 27109 20
27109 27110 25
27110 27111 40
27111 39828 64
39828 15119 2
39828 1395 11
1395 19293 8
19293 19292 7
39828 39829 26
19293 19294 28
15119 15120 29
19292 19291 38
39829 39830 42
39830 39831 11
39831 39832 30
39832 39833 55
39833 39834 2
39834 39835 39
39835 39836 42
15119 15118 56
15118 15117 54
39836 39837 56
39828 39827 64
39827 39826 60
39826 39825 15
39825 39824 26
39837 39838 64
39838 39839 43
39839 39840 51
39840 39841 42
47671 47670 65
1395 1396 68
1396 1397 57
15468 15469 71
19291 19290 72
1397 1398 75
1398 1399 52
1399 1400 75
1400 1401 14
1401 1402 22
1402 1403 7
1403 1404 11
1404 1405 69
1405 1406 44
1406 1407 2
1407 1408 62
1408 42486 24
42486 42485 63
42485 42484 35
42486 42487 71
42487 42488 61
42488 42489 70
42489 42490 35
42490 42491 22
21109 26942 76
26942 26943 69
26943 26944 42
26944 26945 69
26945 26946 56
8028 8027 78
8027 8026 77
26946 26947 78
8041 8042 79
15064 15065 79
15065 15066 68
15066 15067 34
15067 15068 43
15068 15069 42
15068 33911 78
33911 33910 37
33910 33909 65
33909 33908 32
33908 33907 2
33907 45074 46
33907 33906 48
33906 33905 62
33905 33904 3
33904 33903 65
33903 33902 24
33902 33901 25
33901 23024 18
23024 23023 62
23023 23022 47
23022 23021 27
45074 45075 68
45075 45076 9
45076 45077 59
45077 14586 41
14586 14587 7
14587 14588 12
14587 4124 13
4124 4125 4
4124 29831 29
14588 14589 44
4125 8161 45
8161 8160 37
8160 8159 3
8159 8158 36
4124 23102 54
23102 23101 7
23101 23100 1
29831 29830 59
29830 29829 11
29829 29828 23
29828 29827 16
8161 8162 66
45077 45078 66
45078 45079 20
45079 41011 7
41011 41012 7
41012 45755 33
45755 33468 17
33468 33469 1
45755 45756 17
33469 33470 24
41011 41010 56
41010 41009 27
41009 41008 19
41008 45554 9
45554 45553 16
41008 41007 31
45554 45555 62
45555 45556 46
45556 45557 12
45557 45558 43
45558 45559 61
45079 45080 63
45080 45081 2
45081 45082 38
45082 45083 39
45554 48161 66
48161 48160 33
48160 48159 26
48159 48158 7
48159 42239 23
48158 48157 27
42239 42238 43
42238 42237 46
42237 42236 37
42236 42235 65
42235 42234 34
42234 42233 15
42233 42232 48
42232 42231 34
42231 42230 45
42230 42229 2
14586 14585 68
14585 14584 44
45083 45084 69
45084 45085 9
45756 45757 69
45757 45758 29
45758 45759 36
29831 29832 71
29832 37698 29
37698 37699 64
37699 37700 21
37700 37701 53
37701 37702 10
45759 45760 71
45760 45761 21
45761 45762 1
42229 42228 75
45559 45560 75
37702 37703 76
37703 37704 66
37704 37705 48
37705 37706 76
37706 37707 75
23024 23025 78
23025 23026 19
23026 23027 9
23027 23028 77
23028 23029 21
23029 23030 74
23030 23031 18
23031 23032 4
23032 23033 33
23033 23034 9
23034 23035 17
23035 23036 43
23036 23037 72
23037 23038 78
23038 23039 55
23039 23040 63
42592 15357 79
15357 15358 18
15358 15359 55
15357 15356 72
15356 15355 58
15355 15354 16
15354 15353 51
15353 15352 45
15352 15351 33
15351 15350 72
15350 15349 73
15349 15348 47
15348 15347 64
15347 15346 60
15346 15345 47
15345 15344 26
15344 15343 24
15343 15342 2
15358 39583 74
39583 39584 16
39583 39582 48
39582 7027 30
7027 7026 20
7027 7028 46
7028 7029 47
39584 39585 50
39585 39586 41
39582 39581 55
39581 39580 66
39580 39579 4
7029 7030 67
7030 7031 2
7031 7032 39
39586 39587 68
39587 39588 16
39588 2667 57
2667 2666 38
15437 15438 79
15438 15439 32
15439 47691 67
47691 47690 29
47690 47689 4
47689 47688 18
47689 22599 47
47691 47692 70
47692 47693 27
47693 47694 40
47692 49758 61
49758 49759 30
49759 49760 46
15439 15440 75
15440 15441 9
15441 15442 44
15442 15443 53
15443 15444 15
15444 15445 52
15445 15446 32
15446 15447 74
15447 15448 72
47692 20543 77
20543 20542 44
20543 20544 44
20544 20545 2
20545 20546 17
20546 20547 24
20542 20541 53
20547 20548 55
20547 9729 67
9729 9730 2
9729 9728 6
9728 9727 44
9727 9726 29
9726 9725 44
9730 45583 57
45583 45582 40
9730 9731 59
9731 9732 24
9728 18743 65
18743 18744 57
9725 9724 67
45582 45581 67
45581 45580 53
45580 45579 13
45579 45578 20
20545 36838 72
36838 36839 49
36839 23255 5
23255 17784 25
23255 23256 27
23256 23257 6
23257 23258 25
23258 23259 13
23258 8356 25
8356 8355 18
17784 17785 28
17785 17786 39
23255 23254 44
23259 36448 64
36448 36447 70
20541 46611 72
46611 46612 17
46612 46613 25
46613 46614 19
46611 46610 45
46610 46609 57
46609 46608 33
46612 29682 59
29682 29681 13
29682 29683 59
29683 29684 61
29684 29685 29
46608 46607 68
46607 46606 31
46606 46605 66
46605 22121 9
22121 22120 44
22120 22119 60
22119 22118 35
22118 22117 55
22117 22116 47
22116 22115 10
22116 49143 11
49143 49142 28
49142 49141 23
22115 22114 39
22114 22113 10
22113 22112 35
46605 46604 62
17784 17783 73
17783 17782 4
45578 45577 73
45577 45576 50
45576 45575 3
45575 45574 42
45574 35797 13
35797 35798 4
35797 9876 46
9876 9877 38
9876 9875 52
45574 45573 54
9877 9878 72
9878 9879 42
9879 9880 6
9880 9881 20
9881 9882 58
9882 9883 58
9883 44797 18
44797 44798 7
9883 9884 46
44797 44796 57
44796 44795 42
44795 44794 5
9884 9885 60
9885 9886 9
9886 9887 2
9887 9888 44
9888 9889 67
8355 8354 74
8354 8353 60
8353 8352 42
8352 8351 29
8351 19830 3
19830 19829 60
19829 19828 73
35798 35799 74
35799 35800 66
35800 35801 59
35801 35802 22
35797 35796 77
22599 22598 78
22598 22597 35
22597 22596 56
23254 23253 78
49143 47112 78
47112 47113 24
47112 47111 25
47112 29556 57
29556 29555 11
29555 29554 33
29554 29553 52
29556 29557 54
29557 29558 46
29558 48403 1
48403 48404 50
29558 29559 52
29559 29560 52
47111 47110 57
48404 48405 58
48405 48406 23
48405 5745 51
5745 5746 15
5746 5747 1
48406 48407 70
48407 48408 5
48408 48409 24
48409 48410 1
48410 48411 14
48411 48412 48
47113 47114 74
47114 47115 10
48403 48402 74
48402 41720 18
48402 48401 41
41720 41719 51
48401 48400 54
48400 48399 14
5747 5748 75
5748 5749 47
5749 5750 25
48404 40294 75
40294 40293 20
40293 40292 41
40294 40295 51
40295 40296 9
40296 40297 17
40292 40291 54
47110 47109 75
47109 47108 52
47109 22276 68
22276 22275 21
48399 48398 77
5750 5751 79
5751 5752 13
15455 15454 79
15454 15453 73
15567 15566 79
15566 15565 76
15565 16051 74
16051 16052 11
15565 15564 79
15564 15563 42
15563 15562 7
15562 15561 40
15561 15560 62
15560 15559 16
15559 15558 67
15558 15557 21
15558 2195 64
15560 18335 71
18335 18336 13
18336 18337 63
18337 18338 27
18338 18339 56
18339 18340 15
18340 18341 6
18341 18342 71
2195 2194 77
2194 2193 8
2193 2192 64
2192 2191 74
15654 15655 79
15700 15701 79
15701 15702 40
15704 15703 79
15922 15921 79
15921 15920 15
16214 16213 79
16213 16212 28
16366 16367 79
16713 16714 79
13415 16745 79
16745 16746 60
16746 16747 46
16747 16748 12
16748 16749 49
16749 16750 30
16750 16751 15
16751 14735 47
14735 14736 6
16751 16752 74
16752 16753 16
16753 43328 17
16753 16754 42
16754 16755 73
16755 16756 55
16756 28591 46
28591 28592 42
28592 28593 12
28593 1543 16
28593 28594 39
28594 28595 65
1543 1544 71
1544 1545 4
1545 1546 59
1546 1547 52
1543 1542 76
1542 1541 4
1541 1540 9
1540 43472 39
43472 43471 71
43471 43470 5
43470 44331 61
44331 44330 30
44330 44329 16
43472 43473 72
43473 43474 32
44331 44332 73
44332 44333 34
44333 44334 71
44334 44335 74
44335 44336 35
44336 44337 24
44337 44338 68
44338 44339 18
16745 16744 76
16744 16743 34
16743 16742 18
16742 14788 19
14788 14789 77
14789 11948 8
11948 11949 10
14789 14790 32
11949 11950 53
14790 14791 65
14791 14792 36
14792 14793 14
14793 14794 24
14794 14795 16
14795 14796 30
14795 21391 47
21391 21390 51
11950 11951 71
11951 11952 56
43328 43329 77
43470 43469 78
43469 43468 16
16790 16789 79
16789 10821 49
10821 10820 21
10820 10819 14
10819 10818 45
10821 10822 60
10822 10823 6
10818 10817 63
17244 17245 79
17245 1124 6
1124 1123 19
17245 17246 25
1124 1125 41
17246 17247 55
1125 1126 58
1126 1127 54
1127 1128 7
1128 1129 51
17748 17749 79
17749 17750 50
17750 17751 3
17751 17752 10
17752 17753 24
17753 17754 78
18022 18021 79
18021 18020 71
18020 18019 5
18019 18018 1
18018 18017 65
18017 18016 72
18016 24367 4
24367 24368 14
24368 24369 5
24369 24370 26
18016 18015 68
18015 18014 67
18014 18013 53
18013 34452 33
34452 34453 5
34452 5671 75
5671 5672 1
5671 16717 6
16717 16718 25
16718 16719 4
5672 5673 27
5673 5674 43
16719 16720 65
16718 18259 70
18259 18258 58
24370 24371 76
24371 24372 10
24372 24373 49
24373 24374 67
24374 24375 59
24375 24376 28
24376 24377 50
24377 24378 5
24378 24379 18
24379 24380 11
24378 31026 56
31026 31025 51
24380 24381 72
24381 24382 53
24382 24383 8
24383 24384 59
3263 18368 79
18368 18367 31
18368 18369 42
18369 18370 67
18370 18371 35
18367 18366 79
18366 18365 44
18365 7688 3
7688 7689 9
7689 7690 25
18365 18364 54
18364 18363 74
18363 6400 31
18363 18362 49
18362 18361 69
6400 6399 72
6399 6398 22
18361 18360 75
18360 18359 53
18359 18358 20
18358 18357 11
18357 18356 37
18356 19276 14
18356 18355 62
18355 18354 38
18354 18353 38
18353 18352 1
18352 18351 55
18351 18350 48
18350 18349 48
18349 18348 14
18348 21676 16
18348 18347 17
18347 18346 6
21676 21675 78
21675 32370 44
32370 32371 24
32370 32369 26
32369 32368 18
32368 32367 44
32367 32366 33
32366 32365 27
21675 21674 64
21674 21673 25
21673 21672 14
21672 21671 27
21671 21670 47
32365 32364 72
18364 48873 78
48873 48874 11
48874 48875 62
48875 48876 30
48873 48872 67
48876 48877 77
48877 48878 38
48878 18384 28
18384 18383 5
48878 48879 50
48879 48880 19
48880 48881 51
48881 48882 48
18384 18385 54
18385 18386 24
18383 45000 58
45000 44999 5
45000 45001 38
45001 45002 37
45002 45003 20
45003 45004 47
45004 45005 55
45005 45006 28
45006 45007 22
18383 18382 62
18382 18381 29
18381 18380 51
18380 18379 37
18379 18378 11
18378 18377 22
18377 18376 10
18376 18375 63
48882 48883 72
18386 18387 73
18387 18388 8
18388 18389 46
18389 18390 47
18390 18391 30
18386 31338 76
31338 31339 10
31339 31340 51
31338 31337 63
31337 31336 31
31336 1122 1
18375 18374 79
18374 18373 67
18373 3033 51
3033 3034 1
3033 3032 67
3032 3031 43
3031 3030 18
3030 3029 17
3031 47400 25
47400 47401 6
47401 47402 8
47400 47399 11
3029 3028 73
3028 15879 18
3028 3027 31
15879 15878 36
3027 3026 69
3026 3025 42
3025 3024 59
3024 3023 55
18608 18607 79
18607 18606 79
18606 18605 44
18665 18664 79
18664 18663 44
18918 18917 79
18917 18916 3
19269 19270 79
19270 19271 32
10173 19305 79
19305 19306 72
19306 19307 36
19953 19952 79
20201 20202 79
20202 20203 32
20203 20204 63
20204 20205 26
20773 20772 79
20772 20771 48
21530 21529 79
21529 21528 16
21528 21527 62
22062 22063 79
22063 22064 56
22381 22380 79
22380 22379 7
37129 22600 79
22600 22601 20
22985 22986 79
22986 22987 50
22987 37839 25
37839 37840 52
37840 37841 36
37841 37842 58
22987 22988 70
22988 22989 18
22989 22990 18
22990 22991 71
37842 37843 77
23040 23041 79
23041 23042 3
23042 23043 10
23318 23319 79
23319 23320 12
23320 23321 26
23321 23322 50
23322 23323 43
23323 23324 66
23324 23325 4
24087 24086 79
24517 24516 79
24516 24515 77
24515 24514 68
24514 24513 41
24513 24512 17
24512 24511 50
24514 49715 73
49715 49716 37
49716 49717 64
49717 5688 10
5688 5687 41
5688 5689 66
4292 24669 79
24798 24799 79
24799 24800 28
24800 24801 23
24799 27298 35
27298 27299 29
27299 27300 30
24801 24802 38
24802 24803 77
24803 24804 27
24804 24805 12
24805 24806 14
24806 24807 44
24807 7681 24
7681 7680 32
7681 7682 48
24807 24808 49
24808 24809 29
24809 24810 78
24810 24811 1
24811 24812 40
24812 24813 29
24813 24814 31
24814 24815 77
24815 24816 31
24816 24817 52
24817 24818 8
24817 7138 52
7138 7139 20
7139 7140 47
7138 7137 56
7137 7136 27
7136 7135 21
7135 7134 56
7134 7133 25
24818 24819 57
7133 7132 64
7132 7131 65
24819 24820 70
24820 24821 6
7140 7141 71
24821 24822 71
24822 24823 65
24823 24824 9
7141 7142 77
7142 22018 69
22018 22017 33
22018 22019 42
22019 22020 6
22020 22021 73
7131 7130 79
24848 24849 79
24849 24850 67
24850 24851 52
24851 24852 14
24880 24879 79
24986 24987 79
24987 24988 44
24988 24989 55
24989 24990 31
24990 24991 77
25196 25197 79
25197 25198 49
25198 25199 37
25199 32800 9
32800 32801 33
32801 59 6
32801 32802 43
25199 25200 60
25200 45094 2
45094 20661 5
45094 45095 6
20661 20662 19
20662 20663 12
20663 20664 13
20664 20665 52
32800 32799 67
32799 32798 41
32798 32797 48
32801 43736 71
43736 34019 42
34019 34018 13
34018 34017 42
34017 34016 18
34016 34015 46
20661 20660 73
20660 20659 45
20659 20658 64
20658 20657 32
20657 20656 51
43736 43735 74
34019 34020 77
34020 34021 17
34021 34022 4
34022 34023 2
34023 1579 30
1579 1580 17
1580 1581 17
34023 34024 64
34024 34025 69
34025 34026 20
34026 34027 10
34027 34028 43
34028 34029 1
34024 35820 78
35820 35819 45
25225 25224 79
25224 25223 63
25223 25222 56
25222 25221 24
25221 25220 28
25223 37981 58
37981 37980 36
37980 37979 43
37981 37982 51
37982 37983 53
37983 37984 29
37984 37985 9
37985 37986 4
37986 37987 47
37987 48143 58
48143 48144 19
48143 48142 60
48142 48141 51
48144 48145 74
48145 48146 41
48146 48147 26
48147 48148 22
48148 48149 1
48149 48150 28
48150 48151 20
48151 48152 4
48152 48153 9
48150 8573 29
8573 8572 2
8573 8574 11
8572 8571 27
48147 29441 39
29441 29440 12
48145 28716 50
28716 28717 13
28717 28718 21
28716 28715 28
29440 29439 51
29439 29438 12
29438 29437 27
8574 8575 52
28715 1186 59
28715 28714 60
28714 28713 57
8575 8576 61
48153 48154 61
48154 48155 27
1186 1187 64
1187 1188 34
8576 8577 73
8577 8578 35
8578 8579 70
48141 48140 76
48140 48139 62
48139 48138 31
48138 48137 11
48137 48136 33
48136 48135 28
48135 48134 16
48139 39661 74
39661 39660 33
39660 39659 7
39661 39662 70
37987 27598 78
27598 27597 38
27598 27599 70
27599 27600 59
27597 27596 76
27596 27595 71
27595 41970 26
41970 41969 36
41970 41971 59
1188 1189 79
1189 1190 50
1190 46748 20
46748 46749 33
1190 1191 52
46749 46750 60
46750 46751 15
46751 46752 24
46750 3212 60
3212 3213 57
1191 1192 62
1192 1193 38
1193 1194 26
46748 46747 67
46747 46746 32
3212 3211 69
46752 46753 72
46753 46754 9
1194 37527 73
37527 37528 6
37527 37526 33
3211 3210 74
3210 3209 58
3209 3208 54
3208 3207 55
26027 26026 79
26026 26025 28
47906 26519 79
26519 26518 43
26518 26517 6
26519 26520 75
26520 36933 39
36933 36932 42
26520 26521 73
26816 26817 79
26817 26818 74
26818 26819 54
26819 26820 5
26820 26821 51
27100 27099 79
27099 27098 28
27098 27097 62
27097 27096 50
27096 27095 33
27095 27094 6
27094 27093 10
27390 27389 79
21804 27446 79
27446 27445 45
27445 27444 7
27444 16696 37
16696 16695 34
27444 27443 45
27443 26308 7
27446 27447 52
27447 27448 38
27448 27449 53
27449 27450 32
27450 27451 38
16695 16694 74
26308 26309 75
26309 26310 75
26310 26311 50
26311 26312 49
26312 26313 64
26313 26314 2
26314 26315 45
26315 14405 1
14405 33500 9
14405 45854 33
45854 45853 9
14405 14406 45
45854 45855 69
26314 20411 70
20411 20410 22
20410 20409 15
20409 20408 43
20408 20407 7
20407 43098 13
20407 20406 46
20411 20412 66
20412 20413 57
20413 20414 53
20414 20415 55
20415 20416 66
20416 20417 70
20417 20418 70
20418 20419 43
20419 20420 3
20420 20421 72
20421 20422 65
20422 20423 35
14406 14407 73
14407 14408 77
14408 14409 68
20423 20424 78
20424 20425 36
20425 20426 57
20426 20427 33
20427 20428 37
20427 19154 49
19154 19155 29
19154 19153 50
19153 19152 5
19152 19151 27
19151 19150 22
19150 19149 15
19149 19148 1
19151 36058 24
36058 36059 9
19148 19147 37
19147 19146 7
36059 36060 50
36060 36061 4
19146 19145 54
19155 19156 55
19156 39411 7
39411 39412 18
39412 39413 28
39413 39414 55
20428 20429 67
36058 36057 69
39414 39415 72
39415 39416 70
19145 19144 74
19144 19143 76
19143 19142 77
20429 20430 77
20430 20431 76
27443 27442 79
27442 19235 13
19235 19234 55
19234 19233 37
19233 19232 58
19232 19231 13
19235 19236 69
19236 41179 26
41179 41178 9
41179 41180 15
41178 41177 20
41177 41176 76
41176 41175 37
27522 27523 79
27523 27524 12
27524 27525 72
27525 7014 18
7014 7015 2
7015 7016 48
7016 7017 15
7014 7013 52
27525 27526 62
27526 27527 44
27527 27528 19
27528 40575 3
40575 40576 38
40576 40577 28
40577 40578 35
27528 27529 55
27529 27530 53
27530 27531 30
27530 41981 44
41981 41982 1
27528 31109 56
31109 31108 38
31109 31110 41
31108 31107 55
40578 13335 69
13335 7753 29
7753 7752 7
7752 7751 13
13335 13334 34
7751 7750 41
7750 7749 2
13334 13333 62
13333 13332 27
13332 13331 16
13331 13330 6
13332 27891 61
27891 27892 50
7749 7748 66
7748 7747 28
7747 7746 54
7746 7745 44
7745 7744 25
27530 29179 70
29179 29180 28
7744 7743 72
40575 40574 74
13330 13329 76
40578 40579 77
7016 1723 79
7743 7742 79
7742 7741 70
27669 27670 79
28336 28337 79
28337 28338 73
28338 28339 65
28339 28340 37
28380 28381 79
28381 25948 11
25948 25949 7
25948 25947 72
25947 25946 33
25946 25945 22
25948 42686 74
42686 42685 7
42685 42684 25
28634 28633 79
28729 28730 79
28730 28731 2
28730 10666 26
10666 10665 15
10665 10664 14
10666 12929 23
10666 10667 31
10667 10668 23
10664 10663 45
28731 28732 52
28732 28733 26
28733 28734 30
28734 28735 21
28735 28736 18
12929 12928 63
12928 12927 37
10668 10669 72
10669 10670 57
29146 29145 79
29145 29144 78
29144 29143 51
29143 29142 24
30108 30107 79
30107 30106 7
30106 26399 49
26399 26398 51
26398 26397 53
26397 26396 61
30106 30105 61
30105 30104 30
30104 30103 14
30103 30102 29
30102 30101 25
30101 30100 34
30100 30099 19
30099 30098 1
30098 30097 31
30097 30096 22
30117 30118 79
30296 30297 79
30299 30298 79
30722 30723 79
30723 30724 59
30724 30725 36
30725 30726 61
30726 30727 8
30727 30728 45
30728 30729 42
30904 30903 79
30903 20516 8
30903 30902 43
30902 30901 27
30901 30900 43
30900 30899 20
20516 20515 67
20515 20514 7
20514 20513 47
20513 20512 34
20512 20511 14
20511 20510 31
20510 20509 16
30901 47077 75
47077 47078 16
47078 47079 27
47079 47080 14
47080 47081 47
47081 47082 49
47082 47083 32
30899 30898 77
31208 31207 79
31207 31206 30
31206 31205 13
31205 31204 2
11141 31390 79
31390 31391 51
31390 31389 57
31537 31538 79
31538 31539 25
31539 31540 66
31540 31541 65
31796 31795 79
31795 31794 23
31794 31793 25
31795 11627 36
11627 11628 51
11627 3672 71
3672 3673 1
3672 3671 62
3671 3670 70
3671 10926 74
10926 10925 39
10925 10924 17
3670 3669 75
31795 28573 77
28573 28572 62
28572 28571 62
10924 10923 78
10923 10922 16
10922 10921 3
10921 10920 6
10922 1013 17
1013 1012 38
1012 1011 66
1011 18809 59
18809 10369 6
10369 10370 5
18809 18810 19
18810 18811 1
18811 18812 18
10370 10371 26
18812 18813 55
10926 10927 79
10927 10928 24
10928 10929 32
10929 10930 36
10930 10931 51
10931 10932 24
10932 10933 28
10933 27606 72
27606 27607 36
27606 27605 47
10933 10934 77
10934 10935 12
10935 10936 18
10936 10937 33
27607 27608 77
27608 27609 52
27609 27610 67
27610 27611 47
27611 27612 75
10937 10938 79
10938 10939 55
10939 22671 14
22671 22672 15
22671 22670 65
22670 22669 41
22669 22668 49
22672 22673 69
22673 8060 28
8060 8061 12
8060 8059 70
8059 8058 72
8058 8057 55
8057 8056 75
8056 8055 65
8055 8054 19
8055 1888 54
1888 1887 47
1887 1886 46
1886 1885 19
31903 31902 79
32413 32412 79
32412 32411 25
32411 32410 57
32932 32933 79
47585 33088 79
33088 33089 19
33088 28881 23
28881 28882 41
28882 28883 10
28883 28884 14
28884 28885 14
28881 28880 59
28880 28879 11
28879 28878 33
28878 28877 37
28877 28876 61
28880 15627 65
15627 15626 36
15627 15628 51
28876 28875 69
28875 28874 54
34428 34429 79
34429 34430 35
34430 34431 29
34431 34432 50
34432 34433 74
34433 34434 56
34445 34444 79
34444 34443 44
34443 34442 18
34442 34441 11
34803 34804 79
34804 34805 58
34805 34806 14
34806 34807 22
34859 34860 79
34860 34861 44
34861 34862 28
34861 38907 50
38907 38906 36
38907 38908 43
38908 38909 66
38909 38910 12
35064 35065 79
35065 35066 7
35066 35067 49
30901 35324 79
35420 35419 79
35419 35418 34
35418 35417 5
35663 35664 79
35664 35665 5
35819 35818 79
35818 35817 57
35817 35816 16
35816 35815 64
35815 35814 13
36414 36413 79
36597 36596 79
36903 36904 79
36987 36988 79
36988 36989 4
36989 36990 64
36990 36991 61
37612 37613 79
37691 37690 79
37690 37689 33
37689 37688 39
37825 37826 79
13439 38444 79
38444 38443 16
38443 38442 69
38442 38441 42
38441 38440 61
38440 38439 48
38439 38438 51
38438 38437 17
38567 38568 79
38568 38569 54
38569 38570 51
38833 38832 79
38832 38831 16
38831 38830 44
38830 38829 30
38829 38828 44
38828 38827 15
38827 38826 51
38826 38825 52
38825 38824 14
38824 38823 48
38825 14117 52
39237 39238 79
39588 39589 79
40367 40368 79
40368 40369 59
40369 40370 59
40373 40374 79
40374 40375 76
40375 40376 22
40376 40377 38
40377 40378 45
40378 40379 63
40379 40380 43
40380 40381 23
40381 40382 57
40382 40383 49
40383 40384 76
40384 40385 50
40385 40386 56
40386 40387 46
40387 40388 55
40388 40389 8
40389 40390 18
40384 41122 56
41122 41121 49
41121 41120 10
41121 39182 56
39182 39181 55
39181 39180 56
41120 41119 58
39182 39183 59
41119 41118 67
41118 41117 22
41118 9182 61
9182 9181 43
39181 36733 73
36733 36734 64
36734 505 12
505 504 2
36734 36735 12
36735 36736 46
505 506 70
506 507 25
507 508 58
508 509 45
509 510 31
36733 36732 70
36732 36731 50
36731 36730 35
36730 36729 67
36729 36728 43
36728 36727 47
36727 36726 18
36726 36725 56
36725 36724 14
36724 36723 63
9181 9180 77
9180 9179 75
9179 9178 41
40382 10961 77
10961 10960 27
10960 46376 4
46376 46375 63
46375 46374 45
46376 46377 64
46377 46378 3
46378 46379 9
46379 48546 18
48546 48545 12
48545 48544 32
46379 46380 61
46380 46381 50
46381 46382 50
46382 46383 35
46383 46384 47
46384 46385 74
46385 46386 33
46386 46387 44
46387 46388 49
46388 46389 54
46388 9955 69
9955 9954 11
9955 9956 20
9956 9957 20
9957 9958 32
9958 9959 41
9959 9960 10
9960 9961 60
9958 15424 69
15424 15425 30
15424 15423 67
46380 36573 75
36573 4646 10
4646 4645 9
4645 4644 33
4644 4643 33
4643 4642 23
4642 4641 3
36573 36574 40
36573 22894 71
15425 15426 79
15426 15427 30
15427 15428 11
15428 15429 3
15429 15430 33
15430 15431 38
15431 15432 31
15432 15433 17
15433 15434 46
15426 704 60
704 703 49
704 705 53
705 706 36
706 707 19
707 708 23
708 709 1
707 16895 58
16895 16894 29
16895 16896 43
16896 16897 22
16897 16898 19
16898 16899 21
709 710 67
16899 34492 70
34492 34491 26
34491 34490 47
34490 34489 43
34489 34488 38
34488 34487 23
34487 34486 19
34486 34485 15
34485 34484 14
34484 34483 46
34486 47487 63
47487 47486 10
47487 47488 13
47488 47489 15
47486 47485 50
47485 47484 52
47484 47483 44
706 8232 74
710 711 75
711 712 24
16894 16893 76
16893 16892 21
16892 16891 13
16891 16890 31
16890 16889 12
36574 36575 79
36575 36576 1
36575 10587 21
36576 36577 40
10587 10586 66
10586 10585 52
36577 36578 67
36578 36579 46
36579 36580 62
36580 36581 67
10585 10584 78
40431 40430 79
40430 39408 40
39408 48156 44
40430 40429 69
40429 40428 70
40428 40427 50
39408 39407 76
39407 39406 65
39406 39405 79
40851 40850 79
40850 40849 75
40849 40848 43
40848 40847 72
41463 41462 79
41462 41461 52
41461 5094 23
5094 5095 45
5095 5096 27
5096 5097 41
41461 41460 62
41460 41459 79
41459 41458 44
41458 41457 7
41457 41456 43
41456 41455 26
41458 38633 50
38633 38632 1
38633 38634 19
38634 38635 27
38635 38636 32
38632 38631 45
41457 40894 66
40894 40895 7
40895 40896 10
40896 40897 58
40897 40898 42
36865 41480 79
41480 41479 69
41479 41478 6
41478 41477 61
41477 41476 14
41476 41475 21
41475 43548 52
41494 41493 79
41493 41492 43
41492 41491 4
41491 41490 64
41490 41489 18
41489 41488 36
41488 41487 77
41487 49594 60
49594 49595 44
41487 41486 63
49594 49593 67
41486 41485 70
41485 41484 56
34413 42760 79
42760 42759 55
42760 42761 56
42761 42762 13
42762 42763 3
42763 42764 41
42764 42765 8
42765 42766 7
42766 42767 44
43328 43327 79
43327 43326 22
43599 43600 79
43600 43601 17
35425 43799 79
43799 43798 10
43798 4589 4
4589 4588 6
43798 43797 12
43797 43796 10
43799 43800 14
4588 4587 51
44340 44341 79
44341 44342 79
44342 44343 52
44343 44344 25
44344 44345 36
44345 44346 74
44346 44347 18
44347 44348 44
44443 44444 79
44444 40327 23
40327 40326 21
40327 40328 22
40328 40329 5
40329 40330 15
40330 40331 15
40331 40332 50
40332 40333 43
40333 40334 42
44444 44445 76
44445 44446 16
44446 44447 29
44447 44448 38
44448 44449 41
44449 44450 35
44450 44451 14
40334 40335 78
40335 40336 68
40336 40337 32
44503 44504 79
44504 44505 58
44505 44506 75
44506 44507 9
44594 44595 79
44625 44624 79
44798 44799 79
44799 44800 29
44800 44801 21
44801 45024 1
44801 44802 67
44825 44826 79
44826 44827 4
44827 44828 56
44828 44829 35
44829 44830 55
44830 44831 58
44831 44832 41
44931 44930 79
45072 45073 79
45191 45192 79
45192 45193 42
45193 45194 41
45194 45195 26
45195 45196 49
45196 45197 72
45776 45775 79
45775 45774 57
45774 45773 73
45773 45772 10
45772 45771 29
45771 45770 33
45770 45769 38
45773 2582 43
45769 45768 71
45768 45767 19
45767 45766 20
21906 46286 79
46286 46287 68
46287 46288 10
46288 46289 54
46289 46290 79
46880 46879 79
46879 46878 76
46878 46877 32
46877 46876 74
46876 46875 8
46875 46874 68
46874 46873 67
44891 47002 79
47002 47001 51
47002 47003 53
47585 47584 79
47584 45836 15
45836 45835 33
47584 47583 67
45835 45834 73
45834 45833 4
45833 45832 20
45832 45831 2
45831 41247 17
41247 41246 20
45831 45830 53
45830 45829 32
41246 41245 78
41245 41244 16
41244 41243 69
41243 41242 5
41242 41241 49
41241 41240 68
47913 47914 79
47914 47915 37
48600 48601 79
48856 48855 79
48855 48854 34
49161 49160 79
49160 49159 32
49159 49158 55
49158 49157 70
49157 45028 30
45028 45027 58
49157 28470 64
28470 28471 1
28470 28469 30
45027 45026 66
45026 45025 21
28469 28468 75
28468 28467 5
28467 28466 31
28466 29972 71
29972 29973 77
29973 29974 17
29974 29975 49
29975 29976 1
29976 29977 33
29977 34789 11
34789 34788 10
34788 34787 27
34787 34786 3
34789 34790 27
34786 34785 34
34790 34791 51
34785 34784 62
34784 34783 65
34783 34782 8
34782 34781 72
34781 34780 72
28471 28472 79
29972 29971 79
29971 29970 39
29970 29969 73
29969 29968 23
29968 29967 46
29967 29966 57
29966 29965 45
29965 29964 32
49289 49290 79
49290 49291 1
49291 49292 54
49292 49293 64
49450 49451 79
10523 49552 79
49552 49551 53
49551 49550 16
49550 49549 44
49550 20561 76
20561 20560 76
20560 20559 20
20559 20558 46
20558 20557 3
20557 20556 9
20556 20555 37
20555 19831 8
19831 19832 7
20555 20554 29
20555 27379 30
27379 27378 5
27379 27380 25
19832 19833 50
27378 27377 61
27377 27376 65
27376 27375 18
27375 27374 30
20554 20553 75
20553 20552 5
27374 27373 75
27373 27372 9
27372 27371 18
27371 27370 39
27370 27369 49
27369 27368 4
213 212 80
510 511 80
511 512 74
512 513 26
513 514 4
514 515 62
961 962 80
962 963 32
963 964 35
1113 1112 80
1112 1111 49
1111 1110 36
17990 1195 80
1195 1196 1
1305 1306 80
1306 1307 7
46836 1685 80
1685 1684 10
1684 1683 61
1685 1686 61
1686 1687 74
1687 1688 70
1810 1809 80
1809 1808 68
1808 1807 48
1807 1806 27
1806 924 11
924 925 35
924 923 53
923 922 59
922 6674 5
922 921 32
921 37508 1
921 920 13
37508 37507 60
37507 37506 65
37506 37505 22
37505 37504 53
37504 37503 37
37503 37502 57
37502 37501 48
37501 37500 30
37500 37499 49
37499 37498 46
37498 37497 46
37497 41871 51
41871 41870 38
41870 41869 46
37497 37496 73
37496 37495 46
2331 2332 80
2332 2333 36
2333 2334 17
2334 2335 10
2335 2336 54
2336 2337 9
2337 2338 29
2338 2339 40
2423 2424 80
2424 2425 38
2425 2426 67
4204 2920 80
2920 2919 41
2919 2918 26
2920 34356 54
34356 34357 52
34356 34355 56
34355 34354 73
34354 34353 52
34353 34352 69
34352 34351 8
34351 34350 16
34350 34349 10
34349 34348 22
34348 34347 15
34348 13386 58
13386 13387 38
13387 13388 4
34347 34346 61
34346 34345 51
34345 34344 31
34344 34343 1
13388 13389 75
13389 13390 51
13390 13391 7
13391 13392 14
13392 13393 56
13393 13394 44
13394 13395 74
13395 13396 6
13395 39450 9
39450 39449 11
13395 20273 15
13396 13397 56
13397 13398 15
13398 13399 52
39450 39451 68
39451 39452 28
39452 39453 47
20273 20272 70
20272 20271 1
20272 47332 10
39449 39448 70
39448 39447 72
39447 39446 26
39446 39445 4
20273 20274 73
20274 20275 63
39453 39454 74
39454 39455 52
39455 39456 73
39456 39457 52
39457 39458 1
39458 39459 16
39445 39444 78
3136 3135 80
3135 3134 74
3134 3133 72
3133 9265 43
9265 9264 4
9265 9266 9
3133 3132 54
3132 3131 41
3131 3130 32
3130 3129 3
3129 3128 14
3128 3127 20
3127 3126 47
3126 3125 40
9266 9267 71
9267 9268 56
9268 9269 27
9269 9270 20
9270 9271 6
9271 9272 79
9272 9273 51
9273 9274 54
9274 9275 53
9275 9276 65
9276 9277 75
9277 9278 32
9278 9279 34
9279 9280 72
9280 9281 65
9281 9282 4
9282 9283 72
9274 38798 75
38798 38799 19
38798 38797 37
38797 38796 3
9283 9284 78
3578 3577 80
3577 3576 13
3576 3575 22
3575 3574 4
3577 12763 25
12763 12762 19
12763 12764 23
3576 43542 38
43542 43543 29
43543 43544 46
43544 43545 54
12764 12765 60
43545 43546 60
43546 43547 8
3574 3573 61
3573 20768 26
3573 3572 59
3572 3571 53
12765 12766 73
12766 12767 45
12767 12768 46
12768 12769 20
12769 12770 47
12770 12771 70
43546 2569 74
2569 2568 13
2568 2567 32
2569 2570 76
2570 2571 52
2571 24652 33
2571 2572 39
24652 24651 51
24651 24650 44
24650 24649 35
24649 24648 51
24648 24647 23
2572 2573 78
2573 2574 34
2574 2575 50
2575 2576 67
2576 2577 27
2577 2578 66
2578 2579 58
2579 2580 66
3881 3880 80
4134 4133 80
4133 4132 23
4153 4152 80
4152 4151 38
4183 4184 80
4184 4185 79
4185 4186 6
4186 4187 53
4187 4188 9
4188 4189 32
4336 4337 80
4337 4338 9
4338 4339 27
4337 30522 40
30522 30523 36
30523 30524 37
30524 30525 23
4339 4340 45
4340 4341 55
4341 4342 41
4342 4343 9
30525 30526 63
30526 30527 29
30527 30528 30
30528 30529 37
30522 30521 76
30521 30520 34
30520 30519 16
30519 30518 15
30518 30517 59
30517 30516 5
30516 30515 75
30515 30514 32
4706 4707 80
4813 4812 80
4812 4811 38
4811 13325 8
13325 13326 16
13326 13327 7
13327 13328 26
4811 4810 34
4810 4809 25
13325 13324 63
13324 13323 32
13323 13322 33
13322 13321 37
13321 13320 59
4809 46274 65
46274 46273 54
46273 46272 7
46272 46271 22
46271 46270 58
46270 46269 36
46269 46268 2
46269 338 40
338 337 27
337 336 55
336 335 30
335 334 35
334 16757 26
16757 16758 11
16758 16759 42
338 339 63
339 340 20
340 341 23
13320 13319 74
13319 13318 53
13318 13317 16
13317 9252 65
9252 9251 49
9251 40916 1
40916 40917 6
40916 40915 11
9251 9250 43
40915 5108 69
5108 5109 46
5109 5110 12
9250 9249 69
9249 9248 15
13317 13316 72
46268 46267 76
46267 46266 34
46266 46265 22
46265 46264 30
40915 40914 77
9248 9247 78
5190 5189 80
5189 5188 1
5190 5191 80
5191 5192 49
5192 5193 38
5193 5194 48
5386 5385 80
5385 5384 47
5384 5383 22
5389 5390 80
36226 5582 80
5582 5583 19
5582 5581 24
5581 5580 65
5580 19868 42
19868 19869 11
19868 19867 26
19867 19866 62
19866 19865 35
19865 19864 48
19864 19863 46
19863 19862 30
19862 14401 58
14401 14400 11
14400 14399 15
14399 14398 6
14398 14397 9
14397 14396 13
19869 19870 67
5580 5579 68
19862 19861 68
19861 19860 56
19860 19859 17
19859 19858 24
19858 19857 70
19857 19856 4
19857 29009 17
29009 29010 22
29009 29008 26
29010 26078 63
26078 26077 14
26078 26079 26
26079 6268 75
6268 6269 27
6268 6267 33
6267 6266 47
5579 5578 76
5578 5577 39
5577 5576 17
14396 14395 76
14395 14394 12
14394 14393 35
14393 14392 8
29010 29011 77
29011 29012 23
29012 29013 68
29013 3395 33
3395 3396 28
29013 29014 35
6266 6265 78
26079 26080 78
26080 26081 53
26081 26082 23
26082 26083 48
26083 26084 34
26084 26085 20
6265 6264 79
6264 6263 37
6263 6262 45
6262 6261 25
6261 6260 9
6260 6259 73
29014 29015 79
5704 5705 80
5705 5706 24
5706 5707 34
5706 32255 78
32255 32254 6
32255 32256 26
32254 32253 62
32253 32252 34
32255 22605 64
22605 42105 36
42105 42106 26
22605 22606 42
22606 22607 5
22605 22604 52
22604 22603 49
22603 22602 38
42105 42104 60
42104 42103 21
42103 42102 42
32252 32251 65
32251 32250 35
32250 32249 29
32249 32248 27
32248 32247 44
32256 32257 76
32257 32258 22
32258 32259 61
32259 32260 78
32260 32261 45
32261 32262 68
32262 32263 26
32263 32264 22
32264 32265 30
32265 32266 29
32266 32267 15
32267 32268 65
32268 32269 29
32269 32270 30
32270 32271 77
32271 32272 46
32272 32273 30
32273 32274 20
32274 32275 77
32275 32276 27
32276 32277 18
32277 32278 5
32278 32279 48
32279 22406 27
22406 22405 50
22405 22404 38
22404 22403 24
22406 22407 55
32276 12105 64
12105 12104 37
12105 12106 44
12106 12107 56
12107 12108 54
22407 22408 68
12104 12103 76
12103 12102 17
12102 12101 48
12101 12100 44
12100 12099 50
12099 12098 25
12099 17203 35
12099 30846 59
30846 30847 66
30847 29375 56
29375 29374 18
29374 29373 25
29373 29372 57
29372 2005 10
2005 2004 30
2004 2003 28
2003 2002 40
2005 11614 45
11614 11613 17
11614 11615 39
11615 11616 19
11616 11617 13
11613 11612 42
29372 29371 66
29371 29370 58
29370 29369 30
29369 29368 29
29368 29367 32
29367 29366 57
29366 29365 60
29365 29364 41
29364 29363 54
2005 2006 68
2006 2007 6
2007 2008 53
11612 11611 68
12098 12097 72
30847 30848 73
11617 11618 75
11618 11619 28
2002 2001 78
2001 2000 12
5707 5708 79
5708 5709 46
5709 5710 44
5710 5711 22
5711 5712 13
5712 5713 47
5713 5714 14
32247 32246 79
5714 5715 80
5715 5716 3
5974 5975 80
5975 5976 3
5976 5977 42
5977 5978 34
5978 5979 31
5979 5980 25
6081 6082 80
6185 6186 80
6186 6187 21
6187 6188 54
6188 6189 25
6189 6190 64
7478 7477 80
7477 7476 27
7476 7475 68
7475 7474 48
7474 7473 1
7473 7472 52
7472 7471 55
7663 7662 80
7662 7661 64
8247 8248 80
8248 8249 68
8249 8250 8
8250 8251 28
8251 8252 63
8291 8292 80
8292 8293 44
8465 8464 80
8464 8463 35
8463 8462 79
8462 8461 30
8461 8460 24
8712 8713 80
8713 8714 23
8925 8924 80
8924 8923 56
8923 4884 36
4884 4883 14
4907 9183 80
9183 9184 72
9184 9185 64
9527 9528 80
9528 9529 67
9870 9869 80
9869 9868 14
9868 9867 69
9867 9866 75
15399 10182 80
10182 10183 33
10358 10359 80
10359 10360 73
10360 10361 72
10361 32074 13
32074 32075 16
32074 32073 24
32073 32072 4
10361 10362 43
10362 10363 5
32072 32071 49
32071 33930 39
33930 33931 4
33931 33932 39
33932 33933 21
33933 33934 30
32071 32070 49
32070 32069 17
32075 32076 63
32069 32068 65
32068 32067 22
32067 32066 71
32066 32065 42
32065 32064 68
32064 32063 55
32063 32062 46
32062 26746 6
26746 26747 16
26746 26745 45
26745 26744 25
26744 26743 23
26743 26742 14
26742 18460 3
26742 26741 15
18460 18461 39
18461 18462 3
18462 18463 23
18463 18464 8
18464 18465 32
26741 26740 46
32062 32061 57
32061 32060 23
18460 18459 63
18459 18458 7
18465 18466 66
26747 26748 67
26748 26749 37
26749 26750 67
26750 26751 21
26751 26752 38
26752 26753 37
26740 26739 70
26739 26738 66
26738 26737 68
26737 26736 29
26736 26735 64
26735 26734 65
26734 26733 75
26733 26732 19
26732 26731 74
26731 32142 50
32142 32141 24
32142 13997 48
13997 13996 19
32141 32140 70
33934 33935 76
33935 33936 60
11146 11147 80
11147 11148 37
11148 11149 50
11149 11150 74
11150 11151 40
11151 11152 73
11152 11153 34
11153 11154 41
11154 33712 76
33712 33711 62
11239 11240 80
11272 11271 80
11271 11270 2
7625 11706 80
11706 11707 9
11707 11708 27
11708 11709 21
11706 11705 43
11705 11704 57
11705 33478 68
33478 33477 16
33477 29328 51
29328 29327 17
29327 29326 8
29326 29325 33
33478 33479 53
33479 33480 46
33480 33481 15
33481 33482 17
33482 33483 42
29328 29329 59
29325 29324 64
29324 29323 65
29323 29322 40
29322 29321 49
33483 33484 68
33484 33485 22
33485 33486 29
33486 33487 55
29321 29320 71
29320 29319 64
29319 29318 28
29318 29317 25
29319 43801 66
43801 43802 11
43802 43803 58
43803 43804 70
33477 33476 72
33476 33475 31
40876 11984 80
11984 11985 68
11985 11986 12
11984 11983 70
11983 11982 19
12350 12351 80
12351 12352 2
12352 12353 54
12353 12354 60
12354 12355 9
12354 437 29
12355 12356 35
12356 12357 22
437 436 52
12357 12358 73
12358 12359 73
12359 12360 37
436 435 76
435 434 7
434 433 10
12710 12711 80
12711 13589 23
13589 13590 62
12711 12712 70
12712 12713 69
12713 12714 40
12714 12715 25
12713 15995 44
15995 15994 5
12715 12716 59
15994 15993 62
15993 15992 3
15992 15991 36
15991 15990 65
15990 15989 75
15989 15988 77
15988 15987 30
15987 15986 49
15986 15985 6
15985 15984 71
13589 13588 78
13588 13587 43
13587 13586 15
13586 13585 41
13585 13584 37
13584 13583 21
13586 15194 76
15194 15193 74
15193 15192 30
15192 15191 20
15191 15190 30
15190 15189 14
15193 18056 32
18056 18055 21
18055 18054 12
18054 18053 24
15191 11334 74
11334 11333 42
11333 11332 29
11334 11335 61
11335 11336 74
18056 18057 75
18057 18058 40
13557 13558 80
13558 17985 8
17985 17986 3
17986 17987 31
17987 17988 18
17988 17989 10
13558 13559 50
13559 13560 26
13560 13561 46
13561 13562 23
17985 17984 51
17984 17983 53
17983 17982 65
17982 17981 8
17982 14070 35
14070 14069 26
17981 17980 41
14069 14068 44
17980 17979 72
17979 17978 68
14068 14067 73
14067 14066 75
14066 14065 33
14065 14064 28
14064 14063 53
14063 14062 1
14062 14061 71
14061 14060 49
14060 14059 34
17978 17977 76
17977 17976 50
17976 17975 28
17975 17974 52
17974 17973 19
17973 17972 63
17974 15823 75
15823 15822 15
15823 15824 47
15824 15825 21
15825 15826 55
13590 13591 80
13591 48084 4
48084 48083 29
48083 15885 54
15885 15884 22
15885 15886 23
15886 15887 14
15887 15888 13
15888 28750 3
15888 15889 32
28750 28751 60
13591 13592 61
13592 13593 48
48084 48085 70
48085 48086 44
48085 26245 45
26245 26244 21
26244 26243 59
48086 48087 59
48087 48088 36
28751 28752 73
28752 28753 30
48083 48082 79
48082 48081 6
48081 48080 64
48080 48079 40
48079 48078 48
48078 48077 69
13670 13671 80
13813 13812 80
13812 33517 5
33517 33516 34
13812 14877 41
33516 33515 45
33515 33514 37
33515 44651 37
44651 44650 43
44651 44652 43
44652 44653 33
44650 44649 57
44653 44654 58
44650 45666 58
45666 45667 15
45666 45665 19
45665 45664 57
45667 45668 59
33514 33513 62
33513 33512 44
33512 364 23
364 363 59
363 362 33
364 39975 61
39975 39974 55
39974 39973 22
39975 39976 68
39976 39977 6
39977 39978 25
39976 17161 60
17161 17162 53
17162 17163 48
17163 17164 56
39978 39979 61
39979 39980 1
17161 17160 67
17160 17159 6
17159 17158 42
17158 17157 5
17157 17156 66
17156 17155 29
17155 17154 63
17154 22355 61
17164 17165 67
17165 17166 56
39980 39981 68
362 361 69
361 360 44
360 359 42
359 358 5
358 357 50
357 356 64
356 355 27
17154 17153 69
17153 17152 12
17152 17151 30
17153 24442 64
24442 24441 23
24441 24440 47
24440 24439 10
24442 24443 50
24443 24444 39
24439 24438 57
39981 39982 75
39982 39983 41
39983 39984 63
39984 39985 52
39985 39986 57
39986 39987 19
39987 39988 63
39988 39989 55
39989 32950 44
32950 32949 37
32950 49501 45
49501 49500 49
39989 39990 57
32949 32948 63
32948 32947 40
32947 32946 24
39990 39991 71
39991 39992 27
39992 39993 15
14877 14878 76
364 365 77
365 366 60
366 367 39
367 368 26
368 369 42
369 370 34
369 14968 58
14968 14969 19
14969 14970 53
14970 14971 44
14971 14972 62
14972 14973 8
14973 14974 28
14974 14975 22
14975 14976 25
22355 22356 77
22356 16466 37
16466 16467 3
16466 16465 24
16467 16468 37
16468 16469 22
16469 16470 11
16465 16464 59
16464 16463 18
16470 16471 65
16471 16472 62
16472 16473 4
16473 16474 38
16474 16475 15
32946 32945 77
32950 32951 77
17151 17150 78
17150 17149 28
17149 17148 43
17148 2215 20
2215 2216 13
2215 2214 34
17148 17147 44
17147 17146 44
17146 17145 25
17145 17144 73
17144 17143 27
33517 33518 78
24440 18002 79
18002 18003 21
18003 18004 25
18004 18005 18
18005 18006 14
18006 18007 23
18007 18008 69
18008 18009 22
18009 18010 75
18010 18011 50
18011 18012 22
32951 32952 79
32952 32953 18
40976 14050 80
14050 14049 18
14049 14048 66
14306 14305 80
14305 14304 1
14304 14303 8
14303 14302 51
14302 14301 54
14301 14300 76
14300 14299 67
14299 14298 45
14298 14297 43
14297 14296 35
15673 15674 80
15674 15675 2
15675 15676 20
15676 15677 71
15774 15773 80
15850 15849 80
15849 15848 45
15848 15847 62
15847 37025 10
37025 37026 29
37026 37027 37
37027 37028 4
37028 37029 61
37029 37030 4
15878 15877 80
15877 15876 45
12199 16525 80
16525 16524 26
16524 16523 39
16523 47453 56
47453 47454 45
16525 16526 65
16526 16527 53
16527 16528 18
16528 16529 12
16529 16530 39
16530 16531 43
16531 16532 57
16532 16533 38
47454 47455 77
47455 47456 6
47456 47457 33
47457 47458 30
47458 47459 61
47459 47460 18
47460 47461 64
16759 16760 80
16760 16761 63
16761 16762 63
16762 16763 51
16760 29112 71
29112 29113 6
29113 29114 12
29114 24319 36
24319 45110 68
45110 45111 1
45110 45109 18
45109 45108 24
45108 45107 2
45107 27691 1
45107 45106 14
27691 8947 35
8947 8948 36
27691 27690 38
45106 45105 60
45111 45112 64
45112 45113 79
45113 45114 44
8948 8949 80
8949 8950 6
8950 8951 23
8951 8952 29
8952 8953 71
8953 8954 43
17166 17167 80
17167 17168 1
17168 17169 64
17532 17533 80
18146 18147 80
18147 18148 34
18148 18149 66
18149 18150 68
18150 18151 12
18150 22939 27
22939 22940 35
22940 22941 17
22939 22938 36
22941 44205 42
44205 44206 5
44205 44204 30
22938 22937 48
44206 44207 52
22941 22942 67
22942 22943 17
18676 18677 80
19263 19264 80
27078 19454 80
19454 19455 26
19455 19456 22
19456 19457 19
19454 19453 42
19453 19452 35
19452 39535 41
39535 39536 40
39536 39537 64
39537 44763 55
44763 44762 41
44762 44761 13
44761 6636 12
6636 6637 17
44761 44760 40
6637 6638 49
6638 6639 7
6639 6640 7
6640 6641 34
6641 49236 31
49236 49237 32
6639 26930 35
26930 26931 18
26930 26929 30
26929 1732 3
1732 1733 29
26930 20147 39
20147 20148 42
20147 20146 64
20146 20145 56
20145 20144 48
49237 49238 65
49238 49239 8
49239 49240 4
49240 49241 58
49241 49242 13
49242 49243 35
26931 26932 66
26932 26933 29
26933 26934 45
26934 26935 18
39536 32394 69
32394 32395 32
20146 47150 69
47150 47149 13
47149 47148 21
47150 47151 26
47148 47147 68
1732 1731 71
1731 1730 16
1731 38746 29
38746 38747 27
38747 38748 35
38746 38745 42
32394 32393 71
32395 32396 72
38745 38744 73
38744 38743 66
38743 2072 21
2072 2071 5
38743 38742 22
2072 2073 59
2073 2074 14
2071 2070 63
19457 19458 75
19458 19459 59
32393 32392 76
32396 32397 76
32397 32398 69
32398 32399 58
32399 32400 39
39537 39538 76
39538 39539 12
44763 44764 76
44764 44765 33
44765 39434 55
39434 40540 8
39434 39435 16
40540 40541 19
40541 40542 30
39435 39436 38
40542 40543 50
40543 40544 30
39436 39437 51
39437 39438 34
40540 40539 63
40544 40545 63
40540 30424 65
30424 30423 23
30423 30422 41
30422 30421 3
30421 30420 13
30420 30419 10
30424 30425 48
30425 30426 48
44765 41256 68
41256 41257 9
39434 39433 69
39433 39432 63
39432 39431 9
39431 39430 2
39432 23958 68
23958 23959 6
23959 23960 40
23958 23957 45
23957 23956 7
23956 23955 59
23955 23954 33
23954 23953 37
23953 23952 65
23952 23951 24
30419 30418 72
30418 30417 38
44765 44766 73
44766 44767 46
44767 44768 69
44768 44769 60
44769 44770 38
44770 44771 60
38746 36325 77
36325 36326 54
36326 36327 42
36327 36328 57
36328 36329 8
36326 43752 59
43752 43751 5
43752 43753 36
43753 43754 12
43751 43750 37
43754 43755 44
43750 43749 64
43749 43748 47
43748 43747 11
43747 43746 23
43746 43745 22
43745 43744 57
36329 36330 67
36330 36331 32
36325 36324 73
43755 43756 75
43756 43757 2
43757 43758 38
43758 43759 10
43759 43760 38
43760 43761 32
43759 30257 41
43761 43762 70
43762 43763 32
43763 43764 19
43764 43765 4
43765 43766 5
43766 36692 6
43766 43767 42
43767 43768 18
43768 43769 16
43769 43770 3
43770 43771 21
43771 43772 41
43772 43773 20
43773 43774 55
43774 43775 8
36692 36693 64
36693 36694 3
36694 36695 53
30257 30258 73
30257 30256 75
2074 2075 78
26935 26936 78
26936 26937 35
41256 41255 79
41255 41254 12
25667 19526 80
19526 19525 12
19525 19524 19
19524 19523 57
19523 19522 35
19522 19521 22
46871 20302 80
20302 37797 29
37797 27979 16
37797 37796 33
37796 37795 1
37797 37798 34
37795 37794 40
37794 37793 32
37793 37792 36
37792 37791 8
37791 37790 36
20302 20303 48
37790 37789 56
37789 37788 38
37788 37787 8
37798 37799 59
37799 37800 18
37800 37801 4
37801 37802 1
37802 37803 54
37803 37804 12
37804 37805 22
37800 147 61
147 146 6
147 18168 10
18168 18167 20
18167 18166 5
18166 18165 27
18168 18169 29
18169 18170 40
18170 23277 12
18165 18164 43
147 148 48
148 149 51
149 150 29
150 151 38
151 152 35
152 153 20
146 145 53
145 144 38
145 18895 40
18895 18896 3
18164 18163 53
18163 18162 25
18170 18171 60
18171 18172 8
18172 18173 39
20303 20304 62
20304 20305 20
18896 18897 63
18897 18898 30
18162 35310 66
35310 35311 48
35311 35312 28
35310 35309 67
35309 35308 27
37805 37806 67
18895 18894 68
18162 18161 69
27979 27980 76
27980 27981 44
27981 27982 26
35308 35307 77
35307 16143 2
35307 35306 17
16143 16144 28
16144 16145 18
16143 16142 37
16142 16141 42
16141 16140 35
16140 16139 24
16139 16138 36
16138 16137 11
16137 16136 63
16136 16135 28
16135 13544 18
16135 16134 33
13544 13545 45
13545 13546 23
13544 13543 61
13543 13542 48
13542 13541 2
16134 16133 62
16133 16132 72
16132 16131 3
16131 16130 39
16130 16129 76
16129 16128 77
16128 16127 10
16127 16126 44
16126 16125 4
13541 13540 78
13540 13539 72
13539 13538 33
13538 13537 66
13537 13536 24
37806 37807 78
20497 20498 80
20498 20499 58
20499 20500 38
20500 20501 80
20501 20502 45
20502 20503 76
20503 20504 5
20874 20873 80
49830 21058 80
21058 21059 25
21059 21060 43
21058 21057 63
21057 21056 55
21056 21055 71
21055 21054 32
21054 21053 35
21053 21052 74
21052 21051 49
21186 21185 80
21185 21184 47
21184 19116 15
19116 19117 21
19116 19115 70
19115 19114 26
19114 569 38
569 570 51
570 571 48
21184 21183 70
19117 19118 73
19118 19119 10
19119 19120 39
21581 21582 80
21582 21583 27
21583 8439 6
21583 21584 6
21584 21585 17
21585 21586 22
21586 21587 23
8439 8440 38
8440 8441 3
21587 21588 45
8441 8442 69
8442 8443 54
22682 22681 80
22681 22680 9
22680 22679 5
22679 22678 78
22678 22677 64
22677 22676 57
22872 22873 80
22983 22982 80
22982 6062 40
22982 22981 51
22981 22980 52
23397 23398 80
23398 23399 45
23399 23400 44
23400 23401 41
23401 23402 66
23402 23403 24
23403 23404 40
23404 23405 67
23405 23406 13
23406 23407 46
23407 23408 8
23470 23471 80
23471 23472 4
23472 30988 9
30988 30989 5
30988 47208 25
47208 47209 9
30988 30987 30
47208 47207 30
47207 47206 6
47206 47205 23
30989 30990 38
30987 30986 43
30986 30985 25
30985 30984 45
47209 47210 48
47210 47211 35
47211 10499 6
10499 10498 12
47211 47212 51
47212 47213 22
47213 47214 46
47214 47215 44
30990 30991 56
10498 10497 59
10497 10496 26
10499 10500 61
10500 10501 60
47205 47204 71
47204 28255 16
28255 28256 6
28256 15548 31
15548 15547 18
15548 5485 22
5485 5486 21
47204 29948 37
5486 5487 41
15548 4264 47
4264 4263 24
4263 4262 2
4262 4261 38
4261 4260 13
4260 4259 32
4264 4265 39
4259 4258 44
15547 15546 48
15546 15545 49
15545 15544 41
47204 47203 56
47203 47202 19
47202 47201 12
47202 38048 58
38048 38049 4
38049 38050 8
38050 38051 22
38048 38047 26
38051 38052 30
38051 33994 52
33994 33993 10
33994 33995 17
38047 38046 52
38046 38045 45
38045 38044 51
38044 38043 54
38043 38042 40
5487 5488 59
5488 5489 38
38045 5519 61
5519 5520 1
5519 5518 19
5518 5517 11
5518 33964 26
5520 48843 26
48843 15649 10
15649 15648 22
15648 15647 24
15647 12536 2
12536 12537 7
12537 12538 31
5517 5516 37
48843 48844 37
48844 48845 11
48845 48846 2
5520 5609 38
5609 5608 27
5609 5610 29
5610 38009 20
38009 42714 14
42714 42715 17
42714 42713 31
42713 42712 33
33964 33965 38
33964 33963 40
5610 5611 41
5611 5612 34
15647 34148 41
5612 5613 42
34148 34149 46
34149 34150 29
34150 34151 4
48843 48842 49
48842 48841 13
48841 48840 41
48840 48839 34
48839 48838 16
12538 12539 50
12539 12540 37
12540 12541 40
33963 33962 53
5613 5614 56
33962 33961 59
28255 28254 61
12541 12542 63
12542 12543 45
12543 12544 47
12544 12545 15
34151 34152 65
34152 34153 32
34153 34154 53
34154 34155 49
34155 34156 51
34156 34157 4
5520 5521 66
5521 5522 47
5522 5523 42
5523 5524 19
38052 38053 66
38053 38054 48
15544 15543 67
15543 15542 45
15542 15541 40
15541 15540 43
15540 15539 51
29948 29947 67
33965 33966 67
33966 33967 5
33967 33968 59
5608 5607 69
5607 5606 21
33995 33996 69
33996 33997 45
34148 34147 69
34147 34146 54
34146 39251 2
34146 25112 30
25112 25111 28
39251 39250 33
25111 25110 36
25110 25109 26
25109 25108 11
39251 39252 52
39252 39253 34
39253 39254 49
39254 39255 4
25112 25113 57
25113 25114 62
29948 29949 71
29949 29950 51
33997 33998 71
33998 33999 18
33999 34000 5
34000 34001 52
34001 34002 63
47215 47216 71
34157 34158 72
34158 34159 56
42715 42716 72
42716 42717 43
42717 29884 59
25114 25115 73
38009 38008 74
38008 38007 24
38007 38006 13
38006 38005 61
29947 29946 75
29946 29945 48
29945 29944 15
29944 29943 37
29943 29942 3
29942 29941 11
29941 29940 43
29940 29939 7
29939 29938 50
29938 29937 61
29937 29936 24
29936 29935 47
29935 29934 43
29934 29933 45
15539 15538 76
15538 15537 58
15537 15536 13
15548 15549 76
15549 15550 37
15550 15551 33
15551 15552 17
15552 15553 38
33961 33960 77
48838 48837 79
48837 48836 26
48836 48835 3
48835 48834 75
48834 48833 25
48833 48832 71
48832 48831 69
48831 20338 5
48831 48830 44
20338 20339 53
20339 20340 13
48830 48829 56
20340 20341 78
5614 5615 80
5615 5616 52
5616 5617 64
5617 5618 11
5618 5619 27
5619 5620 22
5620 5621 28
5621 5622 11
5622 5623 45
5623 5624 55
5624 5625 13
5624 30339 33
30339 30338 14
30339 30340 23
5624 39423 46
39423 39422 9
39423 39424 49
39424 39425 40
30338 30337 54
30337 30336 5
30336 30335 16
30335 30334 68
30334 30333 40
30333 30332 3
30332 30331 48
30331 30330 1
30330 30329 1
30329 30328 25
5625 5626 73
5626 5627 48
39422 32660 73
32660 32661 43
32661 44737 7
44737 44736 53
44736 44735 53
44735 44734 21
44734 44733 22
32661 32662 63
44737 44738 66
44738 44739 36
44739 44740 27
44740 44741 19
39422 39421 78
39421 39420 46
5627 5628 79
5628 5629 73
5629 41756 47
41756 41757 31
5629 5630 54
41756 41755 61
41755 41754 16
41755 35107 20
35107 35106 3
35107 35108 30
35108 35109 9
35109 35110 6
41755 31052 41
31052 31051 23
31051 31050 57
31050 31049 26
31049 31048 39
31048 31047 25
41757 41758 72
41758 41759 33
41759 41760 31
41760 41761 43
41761 41762 5
41762 41763 39
41762 32873 56
32873 32872 7
32873 32874 29
32874 32875 4
32875 32876 26
32872 32871 31
32871 32870 23
32870 32869 61
32869 32868 63
32868 32867 66
32867 32866 13
32866 32865 31
32865 44023 8
44023 44024 3
44024 44025 11
44023 44022 13
44025 44026 16
44022 44021 51
44021 44020 10
44020 44019 49
44019 44018 53
44018 44017 51
44017 44016 30
44016 44015 39
44026 44027 55
32865 32864 57
32864 32863 70
32863 30241 28
30241 30242 10
30241 30240 31
32863 32862 49
32862 32861 49
32861 32860 41
32860 32859 38
30242 30243 60
30243 30244 62
30244 30245 16
30245 30246 25
30246 30247 24
41754 41753 75
41753 47041 56
47041 47040 23
47041 28496 28
28496 28495 19
47041 47042 47
47040 47039 62
31047 31046 76
31046 31045 5
32869 18533 77
18533 18534 19
18533 18532 29
18532 18531 37
18531 18530 66
18530 18529 41
18529 23461 46
30340 30341 79
30341 30342 12
39420 39419 79
39419 39418 37
39418 39417 72
2677 23520 80
23520 23521 10
23520 23519 30
23519 23518 36
23518 23517 19
23517 23516 35
23516 23515 16
23518 8163 48
23515 23514 65
24103 24104 80
24384 24385 80
24385 24386 46
24386 24387 3
24387 24388 30
24388 24389 20
24389 24390 15
24390 24391 30
24391 24392 27
24392 24393 24
24387 36841 45
36841 25738 52
25738 25739 25
25738 25737 58
25737 25736 67
25736 25735 76
25735 25734 50
36841 36842 76
36842 36843 16
36843 36844 42
36844 36845 30
36845 36846 48
36842 25525 61
25525 25526 37
25526 25527 28
24444 24445 80
24445 24446 80
24446 24447 79
24447 24448 63
24448 24449 3
24449 24450 46
24448 45090 73
24450 24451 79
24451 24452 46
24452 24453 25
24453 24454 7
24454 24455 36
24455 24456 11
25299 25298 80
25303 25304 80
25304 25305 62
25305 25306 32
25306 25307 79
25520 25521 80
25521 25522 60
25522 25523 14
25522 18304 48
18304 18305 23
18305 18306 28
18304 18303 74
18303 18302 73
18305 49003 77
49003 49002 39
49003 46052 77
49003 49004 78
49004 49005 12
25523 25524 79
25891 25890 80
25890 25889 80
25889 25888 18
26044 26045 80
26045 26046 67
26046 26047 68
26115 26116 80
26116 26117 26
26396 26395 80
26395 26394 53
26394 26393 41
27670 27671 80
27671 27672 73
27672 27673 34
27673 27674 47
28369 28368 80
28368 28367 15
28367 28366 75
28366 3142 56
3142 3143 25
3143 3144 21
3144 3145 56
3145 3146 79
3146 3147 6
3147 3148 59
3148 3149 79
16185 28581 80
28581 28582 31
28581 28580 38
28582 20035 56
20035 20036 50
20036 20037 32
20035 20034 67
20034 20033 68
20033 20032 41
28582 28583 77
20032 20031 78
20031 20030 61
20030 42375 52
42375 42376 28
42376 42377 3
20030 20029 59
42375 42374 68
42374 42373 32
42373 38690 44
38690 38689 8
42373 42372 44
38690 38691 46
38691 9924 34
9924 9925 46
9925 9926 27
9926 9927 13
9927 9928 6
9927 31863 16
31863 31864 35
9924 22974 49
9928 9929 54
9929 9930 54
9930 9931 40
9931 9932 10
31863 29648 63
29648 29647 55
22974 22973 64
22974 22975 64
22975 48440 27
22975 22976 39
22976 22977 16
22977 22978 12
22978 22979 10
42372 42371 65
9924 9923 69
9923 9922 52
9922 9921 27
9921 9920 12
38691 38692 69
38692 38693 27
38692 23053 54
23053 23054 37
23053 23052 43
23054 23055 49
23055 23056 18
23056 23057 31
9932 9933 73
23052 23051 79
23051 23050 23
23050 16088 45
23050 23049 65
28583 28584 80
28584 28585 66
28653 28654 80
28654 28655 7
28655 28656 33
28656 28657 66
29826 29825 80
29890 29889 80
29889 29888 20
29888 29887 49
29887 29886 51
29886 29885 59
29889 193 77
193 192 55
192 191 15
193 194 75
194 195 14
195 196 34
196 197 4
196 20363 45
20363 20362 18
20363 20364 36
20364 20365 68
20365 20366 31
20366 20367 64
30137 30136 80
30136 30135 22
30529 30530 80
30530 30531 28
30531 30532 26
30532 30533 13
30533 30534 29
30532 40035 65
40035 40036 51
40036 40037 12
40037 42086 29
42086 42085 24
42085 42084 5
40037 40038 34
40038 40039 15
40039 7263 20
7263 7264 10
7264 7265 19
7265 7266 40
7266 29753 22
7266 7267 39
42084 42083 48
42083 42082 7
42082 42081 43
29753 29752 50
29752 29751 56
29751 29750 51
29753 29754 59
42081 42080 62
29754 29755 63
7267 7268 65
7268 7269 56
7269 17961 7
17961 17962 2
17962 17963 18
17963 17964 16
17964 16549 12
17964 17965 19
7269 43978 25
43978 43979 29
17961 17960 33
17964 29313 38
16549 16548 46
16549 47029 48
47029 47028 48
47028 47027 1
7269 7270 49
7270 7271 37
17961 23150 49
47027 47026 50
47026 47025 49
47025 47024 32
47024 9712 45
9712 9713 55
9713 9714 49
9714 9715 29
9714 1851 32
1851 1850 3
1850 1849 41
40039 40040 67
40040 40041 51
17960 17959 70
17959 17958 20
17958 17957 15
17957 17956 55
29753 32468 73
32468 32469 29
32468 32467 50
42080 42079 73
42079 42078 44
42086 42087 74
42087 42088 14
42088 42089 57
42089 42090 68
1849 1848 79
1848 1847 44
1847 1846 16
1846 1845 2
1845 1844 32
1844 1843 5
1843 1842 50
1851 1852 80
30604 30603 80
31052 31053 80
31053 31054 20
31054 31055 40
31055 31056 56
31056 31057 24
31057 16922 10
16922 16921 34
31057 31058 39
31058 31059 22
16921 16920 45
31059 31060 62
18680 31118 80
31118 31119 5
31118 5320 7
31119 4494 31
4494 4493 26
4493 4492 38
4494 4495 61
31119 31120 71
31119 1426 73
1426 1425 49
1426 1427 75
1427 1428 8
1428 1429 47
1429 1430 74
1430 1431 60
1431 1432 35
31118 31117 76
31117 31116 17
31116 31115 36
5320 5319 80
5319 5318 13
5318 5317 9
5317 5316 78
5316 5315 58
5315 5314 19
5314 5313 75
31357 31356 80
31356 31355 58
31355 31354 37
31354 31353 21
31354 27219 32
27219 27218 39
27219 27220 40
27218 27217 55
27217 27216 51
27216 27215 14
27219 48756 56
31353 33136 72
33136 33137 3
33136 33135 23
33135 33134 5
33135 5558 28
5558 5557 23
5557 5556 16
5556 5555 12
33137 33138 39
33134 33133 56
33138 33139 56
33139 33140 49
33140 33141 2
33141 33142 49
33142 33143 17
33143 33144 1
33144 33145 17
33145 33146 40
33144 15153 50
15153 15152 22
15152 15151 11
15151 15150 29
15150 15149 47
33142 11035 65
11035 11036 46
5555 5554 67
5554 36366 13
5554 5553 44
15149 16386 67
15149 15148 70
15148 15147 76
15147 15146 67
15146 15145 32
15145 15144 19
15144 15143 71
15143 15142 18
15142 15141 72
15141 15140 49
15140 15139 75
15139 15138 51
15138 15137 40
15137 15136 24
15136 15135 70
36366 36365 76
36365 36364 38
36364 36363 57
33138 13846 78
13846 13847 16
13847 29063 22
29063 29062 32
13847 13848 59
13848 13849 17
13849 13850 16
13850 13851 38
29062 29061 60
13846 13845 67
13845 13844 40
13844 13843 46
13843 13842 66
29062 7671 68
29063 29064 68
29064 29065 37
29063 1993 69
1993 1992 8
1992 1991 13
1991 35839 13
35839 35840 6
1991 1990 17
35840 35841 29
35841 35842 30
35842 35843 57
35843 44839 3
44839 44840 21
44840 44841 20
44841 44842 25
44842 44843 24
44841 15252 29
15252 15251 9
15252 15253 11
15251 15250 33
15251 4089 44
4089 4090 38
4090 4091 43
15250 15249 62
15249 15248 8
1990 1989 64
1989 1988 44
1988 1987 18
1987 1986 25
1986 1985 61
1985 1984 3
1984 1983 17
1983 1982 29
1982 1981 40
1981 1980 42
35843 35844 68
1993 1994 74
1994 1995 24
1995 1996 49
1996 1997 21
44839 44838 74
4089 4088 75
4088 4087 73
4087 4086 5
4086 4085 5
4085 4084 49
4084 4083 73
4083 40684 10
40684 40683 1
4083 4082 35
40683 40682 58
40682 40681 24
40681 25040 9
25040 25039 26
25039 25038 48
25038 25037 6
40682 25358 48
40682 14309 49
25037 25036 62
25036 25035 5
25035 25034 20
25034 25033 68
25033 25032 14
4082 4081 70
29065 29066 75
29066 29067 44
29067 29068 11
29068 29069 46
29069 29070 72
29070 29071 56
29071 29072 73
4091 4092 76
4092 4093 26
4093 4094 15
4094 4095 25
4095 4096 39
29072 29073 77
29073 29074 3
29074 29075 36
29075 29076 27
29076 29077 73
29077 29078 13
29078 29079 26
29079 29080 56
29080 29081 11
29081 29082 43
29082 29083 52
29083 29084 46
29084 13880 49
13880 13879 23
13880 13881 23
1982 45480 78
45480 45481 48
13842 13841 79
13841 13840 5
13840 9612 12
9612 41022 34
41022 41021 26
41021 41020 49
41020 41019 39
9612 9613 50
13840 13839 61
13839 13838 4
13838 13837 8
13837 13836 11
13836 13835 21
13835 13834 2
9613 9614 64
9614 9615 68
9615 4502 24
4502 4501 29
9615 9616 70
13840 32556 70
32556 32555 22
32556 32557 24
32556 7842 25
7842 7843 24
7842 7841 34
7841 7840 6
7840 7839 2
7843 7844 48
32557 32558 53
32558 32559 30
32559 32560 4
32560 32561 8
7839 7838 69
7838 7837 66
7837 7836 8
9614 38990 72
38990 38991 42
38991 38992 30
38990 38989 44
38989 38988 47
38988 38987 32
38987 38986 38
38992 38993 63
38993 43981 10
38993 38994 14
43981 43982 17
43981 43980 32
43982 43983 47
43983 43984 18
38986 38985 75
38985 38984 23
38984 2891 43
2891 2890 58
2890 2889 66
2889 2888 74
2888 2887 38
2887 2886 62
2886 17829 30
17829 17828 28
2886 2885 31
2885 2884 5
17829 17830 38
2884 2883 40
2883 16739 4
16739 16738 21
16738 16737 24
16737 9829 1
16737 16736 32
16736 16735 2
2883 2882 47
2882 2881 10
16739 16740 48
16740 24630 17
17828 17827 53
17827 40746 14
9829 9830 58
9830 9831 16
9831 9832 43
40746 40747 66
40747 40748 30
40748 40749 63
40749 40750 8
40750 40751 4
4501 4500 77
4500 585 70
585 586 49
586 587 30
587 588 9
588 589 35
589 590 28
590 591 64
591 49248 52
49248 49247 14
49247 49246 28
49248 49249 56
4500 4499 75
4499 2783 42
4499 4498 49
4498 4497 35
4497 4496 15
2783 2784 67
2783 2782 69
2782 2781 67
2781 2780 74
2780 2779 52
2784 2785 76
2785 2786 24
2786 2787 30
2787 2788 12
591 592 77
592 593 20
593 43148 64
43148 43149 8
43148 43147 15
43149 23734 28
23734 23733 24
23733 23732 45
23734 23735 66
23735 23736 38
23736 23737 56
23737 23738 40
23738 23739 68
43149 43150 71
43150 43151 21
43151 43152 5
43152 43153 34
43153 43154 67
43154 43155 36
43155 43156 3
43156 43157 41
17830 17831 77
17831 17832 77
40751 40752 77
4502 4503 78
4503 4504 38
4504 4505 1
4505 4506 55
4503 32018 73
32018 32017 37
32017 32016 55
32018 32019 65
32019 32020 19
32020 32021 11
4506 4507 75
16386 16385 79
16385 16384 22
16384 16383 50
2779 2778 80
16386 16387 80
16387 16388 4
16388 16389 23
16389 16390 53
16390 16391 22
16391 16392 51
16392 16393 19
16393 16394 28
16394 16395 48
16395 16396 80
16396 16397 28
16397 16398 51
16398 16399 66
16399 16400 16
16400 16401 23
16401 16402 30
16402 16403 54
16403 16404 16
16404 41622 2
16404 16405 41
16405 16406 29
41622 41621 50
41621 41620 42
41620 41619 47
41622 41623 69
41623 41624 10
41624 46591 25
46591 46592 47
41624 41625 69
41625 41626 39
41624 41163 70
41163 41164 20
41163 41162 44
41164 41165 66
41165 41166 39
41166 41167 8
16406 16407 72
16400 1132 74
1132 1133 59
16407 16408 76
16408 38733 40
38733 38734 13
16408 16409 57
16409 16410 10
16410 16411 65
16411 16412 59
41167 41168 77
41168 41169 43
41169 41170 60
41626 41627 77
38733 38732 78
38732 38731 35
38731 38730 71
38730 38729 30
38729 38728 45
38728 38727 8
38727 38726 51
38726 38725 22
38725 38724 24
38724 38723 57
38723 6645 18
6645 6646 4
6646 6647 41
38723 38722 50
38722 38721 18
38721 38720 6
38720 38719 6
38719 38718 44
38718 38717 6
38717 38716 5
38716 38715 12
38715 38714 5
6645 6644 53
6644 6643 58
6643 6642 15
6647 6648 59
41619 41618 79
23739 23740 80
23740 23741 27
23741 23742 8
23742 23743 16
23743 23744 11
31573 31574 80
31574 31575 60
31575 31576 78
31576 31577 37
31577 31578 23
31578 31579 73
31845 31846 80
31846 31847 39
32235 32234 80
32234 32233 51
32233 32232 34
32232 32231 60
32231 32230 15
32230 32229 19
32229 32228 46
32228 32227 15
32227 32226 24
32555 32554 80
32554 32553 48
32553 32552 46
32552 32551 4
32551 26840 49
26840 26841 31
26840 26839 69
26839 26838 62
26838 26837 26
26837 26836 32
26836 46794 37
46794 46793 56
46794 46795 68
46795 46796 70
46796 46797 47
46797 46798 79
33277 33278 80
33278 33279 75
33279 33280 2
33653 33654 80
33654 33655 31
33672 33671 80
33671 33670 50
33670 33669 4
33798 33799 80
33799 33800 74
33800 33801 80
33801 33802 20
34045 34046 80
34046 34047 25
34047 34048 75
34048 34049 77
34105 34106 80
34292 34291 80
34291 34290 5
34290 34289 61
34289 34288 66
34288 34287 10
34287 34286 37
34286 34285 35
34986 34987 80
34987 34988 36
34988 34989 39
34989 34990 11
34990 34991 60
34991 34992 25
34992 34993 47
34993 34994 54
35039 35040 80
35040 11289 1
11289 11288 61
11288 11287 35
11287 11286 46
11286 11285 25
11285 11284 11
11284 11283 60
35426 35427 80
35544 35543 80
35543 35542 64
35542 35541 68
35541 35540 74
35540 35539 47
35539 35538 64
35538 35537 33
35537 35536 40
35536 35535 31
35535 35534 73
35534 35533 21
35533 35532 9
35633 35632 80
35632 35631 48
35631 35630 34
35630 35629 12
35633 35634 80
35634 35635 40
35635 35636 41
35636 35637 41
35814 35813 80
35813 35812 21
35812 35811 42
35811 35810 71
35810 35809 58
36405 36406 80
36406 36407 50
36407 36408 9
36408 36409 12
36408 8959 52
8959 8958 49
8958 8957 20
8957 39399 1
36409 36410 61
36410 36411 43
36411 36412 30
8957 8956 66
8956 8955 57
8959 8960 69
8960 8961 40
8961 8962 5
8962 8963 18
8963 8964 34
8964 8965 4
39399 39398 72
39398 39397 1
39397 43170 21
43170 43171 17
43170 43169 20
43169 43168 23
43168 8045 56
8045 8046 12
8046 8047 24
8047 8048 50
8048 8049 22
8049 8050 48
43170 40777 56
40777 40776 23
40777 40778 41
40778 29483 3
40778 40779 32
40779 40780 60
40776 40775 61
40775 40774 21
43168 43167 61
8050 8051 71
40774 40773 71
40773 5214 50
5214 5213 44
5213 25645 18
25645 25646 45
25646 8623 40
8623 8622 37
8623 8624 61
8622 8621 70
5213 5212 71
5212 5211 70
5211 5210 59
5210 5209 39
5209 46544 12
46544 46543 43
46543 46542 54
46542 46541 21
46541 46540 53
46540 46539 6
5209 5208 56
5208 5207 5
5207 5206 10
8621 23074 71
23074 23075 9
23074 23073 65
23075 23076 69
23076 23077 25
23077 23078 2
23078 23079 9
23078 45567 51
45567 45568 9
45567 19106 70
19106 19105 2
19105 19104 55
19104 19103 24
5206 5205 72
5205 5204 38
5204 5203 34
5203 5202 10
5202 5201 46
5201 5200 24
46544 46545 73
46545 46546 69
46546 46547 42
8051 8052 76
8052 8053 28
45567 45566 76
45566 45565 42
45565 45564 58
45564 45563 55
45563 45562 32
45562 45561 5
45564 19733 60
19733 19732 31
8045 8044 77
8044 8043 7
36406 45504 77
45504 45505 38
45505 45506 46
45504 45503 76
45503 45502 7
45502 45501 3
25646 25647 78
25647 25648 30
25648 25649 57
25649 25650 51
25650 25651 13
25651 25652 13
25652 25653 58
25653 29833 19
29833 29834 37
29834 14638 17
14638 14639 23
14639 14640 7
14638 14637 43
14640 14641 54
29834 29835 58
29835 29836 30
29836 49070 18
49070 49069 60
14637 14636 65
49070 49071 76
49071 49072 61
49072 49073 49
49073 47012 4
47012 47011 13
47011 22570 31
22570 22571 10
22570 22569 22
49073 49074 35
47012 47013 38
22569 29514 50
29514 29515 38
29514 29513 48
29513 6453 4
6453 6452 12
6453 6454 30
29513 29512 33
6454 6455 37
6455 6456 5
49074 49075 52
49075 49076 1
29515 23538 59
23538 23537 43
23537 23536 32
23536 23535 34
23535 23534 26
23534 23533 49
23533 23532 7
23532 23531 10
23531 23530 15
23531 33032 27
23530 23529 46
33032 33031 49
33031 23936 26
23936 23937 60
23937 23938 9
47013 47014 66
47014 47015 19
6456 6457 67
6457 6458 37
6458 6459 46
6459 6460 50
6460 6461 13
23529 23528 69
23528 23527 57
23527 23526 22
23526 23525 31
23525 23524 39
23524 23523 16
23523 8892 6
8892 8893 17
8893 8894 22
8894 8895 13
23523 23522 37
8895 8896 47
8892 8891 53
8891 8890 16
8890 8889 50
8889 8888 50
8888 8887 33
8889 20356 58
20356 20355 27
20355 20354 41
20356 20357 64
23936 23935 69
23935 23934 3
23934 23933 29
23933 23932 59
23932 23931 3
23931 23930 53
23930 23929 37
23929 16555 24
16555 16556 8
16556 16557 41
16557 16558 36
16558 16559 33
23929 23928 62
23929 32693 69
32693 32692 41
32693 32694 47
33032 33033 69
33033 33034 22
33034 33035 20
33035 33036 34
33036 33037 3
33036 16863 7
16863 47520 19
33033 4163 38
16863 16862 40
16862 16861 6
16862 29719 10
29719 29720 13
29720 8662 7
8662 8661 12
8662 8663 27
8663 8664 19
8664 8665 22
29720 29721 35
29721 29722 14
16861 16860 38
16860 16859 22
16859 16858 9
29722 29723 43
29723 29724 6
29719 29718 48
16858 16857 51
16857 16856 50
29718 29717 53
16863 16864 55
16864 16865 34
16865 16866 45
33037 33038 55
16856 16855 58
16861 36820 58
4163 4162 61
4162 4161 54
36820 36819 67
36819 20278 17
20278 20279 45
20279 20280 51
36819 36818 67
36818 36817 58
36817 36816 14
29717 29716 68
29716 29715 55
29715 29714 6
16866 39322 68
39322 39323 55
39323 39324 21
8665 8666 69
29512 48550 69
20357 20358 71
20358 20359 12
20359 20360 26
23938 23939 71
39322 39321 71
39321 39320 24
39320 39319 21
47015 47016 74
47016 47017 35
47017 47018 35
47018 47019 52
47019 47020 74
47020 47021 34
16555 16554 76
29714 29713 77
29713 37533 63
37533 37532 12
37532 37531 10
37531 37530 1
37530 37529 66
5201 28853 78
28853 36560 49
36560 36561 63
36561 36562 39
36560 36559 75
36559 36558 26
36558 36557 23
36557 36556 59
36556 36555 11
36555 36554 12
36554 36553 19
36553 36552 28
36552 36551 41
36551 36550 74
36550 36549 75
37533 37534 78
37534 37535 66
37535 37536 66
49069 49068 78
22571 22572 79
23538 23539 79
23539 23540 53
23540 23541 4
23541 23542 20
23540 5720 34
5720 5721 22
23542 23543 43
23540 22815 49
22815 22816 27
22816 22817 13
5720 5719 64
5719 5718 20
5718 5717 30
5721 5722 79
5722 5723 69
5723 5724 23
5723 15713 41
15713 15714 17
15714 15715 29
15715 15716 35
15716 15717 59
15717 15718 17
15718 15719 32
15719 15720 64
5724 5725 66
5725 5726 40
5726 5727 31
5727 5728 54
5728 5729 31
5729 5730 32
15713 15712 72
15720 15721 74
15721 15722 70
15712 15711 79
15711 15710 45
15710 15709 1
25645 25644 79
33038 33039 79
33039 33040 65
33040 33041 72
5730 5731 80
5731 5732 76
5732 5733 22
5733 17175 18
17175 17174 14
17174 17173 38
5733 5734 62
5734 5735 75
5735 5736 6
5736 5737 30
29724 29725 80
29725 29726 51
36459 36460 80
36460 36461 48
36549 36548 80
36548 36547 41
36547 36546 76
36546 36545 53
36838 36837 80
37010 37011 80
37174 37175 80
37311 37310 80
37310 37309 20
37309 37308 24
37308 37307 60
37307 37306 55
37306 37305 9
37305 37304 21
37683 37682 80
24536 38329 80
38329 38328 25
38329 38330 57
38330 38331 42
38331 38332 34
38332 38333 6
38333 38334 69
38334 38335 40
38487 38488 80
38488 38489 64
38489 38490 49
38490 38491 4
38491 38492 73
38492 10512 70
10512 10513 62
10513 10514 5
10514 48493 15
10514 10515 44
48493 48492 53
48492 48491 9
48491 48490 47
48493 48494 56
48490 48489 58
10515 10516 59
38492 38493 75
39255 39256 80
39841 39842 80
39842 39843 48
39843 39844 42
39844 39845 18
39845 39846 8
39846 39847 53
39847 39848 24
39848 39849 23
39849 39850 65
39939 39938 80
39938 39937 35
39937 39936 74
40024 40025 80
40025 40026 62
40026 40027 56
40027 40028 63
40028 40029 38
40029 19835 14
19835 19836 6
19835 19834 8
19836 19837 80
19837 19838 39
19838 19839 15
19839 19840 76
41254 40587 80
40587 40586 28
40586 40585 26
40585 40584 20
40587 40588 47
40588 40589 26
40785 40784 80
40784 40783 30
40783 40782 7
40782 40781 58
40800 40801 80
40801 40802 68
40828 40827 80
40847 40846 80
40846 40845 50
40845 40844 26
40844 40843 23
17154 41340 80
41340 41341 74
41499 41500 80
41500 41501 34
41501 41502 19
41518 41519 80
41519 41520 76
41520 41521 25
41521 41522 42
41763 41764 80
7221 41793 80
41793 41794 31
41793 41792 40
41792 41791 56
41791 41790 53
41794 41795 80
41795 41796 54
41796 41797 80
41797 41798 13
41798 41799 15
42030 42031 80
42031 42032 28
42509 42508 80
42508 42507 65
42507 42506 67
42506 42505 38
42505 42504 56
42504 42503 49
42503 42502 66
42502 42501 12
42501 42500 33
42588 42527 80
42527 42526 28
42526 42525 16
42527 42528 45
42528 42529 58
42542 42543 80
12984 42567 80
42567 42566 53
42566 42565 77
42635 42636 80
42636 42637 59
42637 42638 40
42857 42858 80
43250 43251 80
43251 43252 33
43252 43253 18
43253 43254 35
43254 19682 13
19682 19683 27
19683 19684 61
19684 19685 2
19685 19686 24
19686 19687 70
19687 19688 72
43548 43549 80
43549 43550 13
43590 43591 80
43591 43592 45
43592 10108 1
10108 10109 2
10108 10107 17
10107 10106 15
10109 10110 29
10106 10105 71
10105 10104 75
10104 10103 38
10103 10102 20
10102 10101 72
10101 10100 67
10100 10099 71
10099 10098 19
10098 10097 29
44103 44102 80
44102 44101 28
44101 44100 21
44100 44099 29
44223 44222 80
44222 44221 11
44221 44220 6
44220 44219 76
44219 44218 8
44218 44217 69
44217 44216 19
44216 44215 7
44215 44214 72
30996 44374 80
44374 44373 40
44374 44375 70
44375 44376 35
44376 44377 13
44377 44378 2
44377 7560 22
44378 44379 30
44379 44380 44
44377 21517 46
7560 23710 49
23710 23711 51
23711 23712 22
23712 23713 15
44377 6040 52
6040 6041 6
6040 6039 55
6039 6038 49
21517 21518 55
21518 21519 20
21519 21520 38
44380 44381 57
44381 44382 14
23713 23714 61
23714 23715 23
23715 23716 27
23716 23717 27
23717 23718 1
21517 21516 66
21516 21515 30
21515 21514 16
21514 21513 32
21513 21512 1
21513 5767 14
5767 5766 36
5766 5765 5
5767 5768 40
5768 5769 29
21512 21511 46
5767 42843 47
5769 5770 50
5770 5771 33
5771 5772 7
5772 5773 43
5773 5774 20
5774 5775 31
5775 5776 29
5776 5777 17
5777 5778 28
5778 5779 56
5778 11667 58
21515 27088 61
27088 27087 56
27087 27086 11
27086 9257 5
27086 27085 21
9257 9256 48
9256 11563 36
11563 11564 51
11564 11565 5
9257 9258 60
9258 9259 54
9259 9260 35
11563 11562 65
11562 11561 26
27085 27084 66
7560 7559 67
7559 7558 10
7558 7557 24
7557 7556 25
9256 9255 67
27088 27089 67
44382 44383 67
42843 42842 68
11667 11666 70
21511 21510 73
42842 42841 73
21520 21521 75
21521 21522 3
21522 19209 64
19209 19208 69
19208 19207 73
19207 19206 29
19206 19205 8
19205 19204 58
19204 19203 44
19203 19202 74
19202 19201 37
19201 19200 14
19202 12934 75
12934 12935 52
12935 12936 73
12936 12937 33
11667 11668 76
11668 11669 1
11669 11670 45
11670 11671 70
11671 11672 68
11672 11673 52
11673 11674 37
11674 11675 55
11675 11676 26
11675 11120 53
11120 11121 58
11121 11122 57
11122 11123 26
11123 11124 59
11124 11125 50
27084 27083 79
42841 42840 79
9260 9261 80
9261 9262 27
44635 44636 80
44636 44637 59
44637 44638 3
45233 45234 80
45234 45235 4
45235 45236 6
45236 45237 36
45237 45238 34
45443 45442 80
45442 45441 52
45441 45440 1
45441 46435 49
45440 45439 63
45439 45438 37
45488 45487 80
45487 45486 34
45486 45485 50
45506 45507 80
41798 45852 80
45961 45962 80
46417 46416 80
46416 46415 55
46415 46414 69
46414 46413 44
46413 46412 39
46412 46411 19
46411 46410 73
46410 46409 57
46409 46408 56
46408 46407 57
46407 46406 61
46645 46644 80
46644 46643 54
46643 17586 79
17586 17587 55
46665 46666 80
46666 16354 45
16354 16353 7
16353 16352 40
46666 46667 59
46667 46668 5
16352 16351 67
16351 16350 32
16350 16349 68
47252 47253 80
47253 47254 77
47254 47255 65
47255 47256 1
47256 47257 15
47257 47258 38
47258 47259 10
47259 47260 14
47260 47261 40
47261 47262 77
47262 47263 10
47263 47264 11
47264 47265 43
47265 47266 16
47266 47267 31
47569 47570 80
47570 47571 18
47571 47572 28
47993 47992 80
47992 47991 42
47991 47990 48
47990 47989 73
48161 48162 80
48162 48163 51
48163 48164 14
48164 48165 5
48165 48166 37
48166 48167 34
48167 48168 12
48168 48169 5
48169 48170 30
48170 45201 60
45201 45200 23
48166 7764 62
7764 7765 24
7764 7763 26
7763 7762 43
7762 7761 7
7761 7760 34
48168 22093 66
22093 22092 18
22093 22094 41
22094 22095 41
22095 22096 38
22092 22091 42
22096 22097 54
22097 22098 34
45200 45199 66
45199 45198 45
48170 6718 76
6718 6719 10
6719 17006 14
17006 17007 48
17007 17008 66
17008 17009 19
48225 48224 80
48340 48339 80
48339 48338 38
48338 48337 77
27207 48521 80
48521 48520 27
48521 48522 36
48522 48523 57
48523 48524 53
48524 48525 23
48525 48526 54
48526 48527 22
48520 48519 61
48519 48518 12
48518 48517 5
48544 48543 80
48589 48590 80
48691 48690 80
48690 48689 3
48689 48688 20
48688 48687 3
48687 48686 48
48686 48685 53
48685 48684 60
48684 48683 66
48914 48913 80
49068 49067 80
49067 49066 72
49066 49065 65
49065 49064 64
49064 49063 7
49063 49062 69
49062 39283 12
39283 39282 31
39283 39284 43
39284 39285 25
39285 39286 22
39286 39287 18
39287 39288 3
49062 41688 53
41688 41689 19
41689 41690 42
41690 41691 8
39288 39289 59
39289 39290 14
39289 4404 42
4404 4403 40
4403 4402 11
39290 39291 56
49062 49061 60
41690 49499 71
49499 49498 55
49498 49497 17
39282 39281 73
39281 39280 30
39280 39279 3
39279 39278 62
39278 39277 41
39277 39276 72
49497 49496 75
49496 49495 31
49495 49494 43
49494 49493 5
41691 41692 76
41692 41693 9
4402 4401 78
4401 4949 27
4401 4400 31
4949 4948 64
49061 49060 78
49060 49059 29
4095 49085 80
49085 49084 44
49085 49086 57
49086 42563 37
49084 49083 62
49083 49082 29
42563 42564 67
49086 49087 76
49082 49081 80
49143 49144 80
49144 49145 47
49145 49146 7
49372 49371 80
49371 49370 41
49370 49369 20
49369 49368 66
49368 49367 56
49808 49809 80
49809 49810 16
49810 49811 63
49811 24229 24
24229 24230 19
24230 24231 11
24231 24232 48
24232 24233 76
15688 49974 80
49974 49975 7
49975 49976 38
49976 49977 27
49974 49973 62
49977 49978 64
49978 49979 36
49979 49980 72
49980 49981 3
49981 49982 73
49982 49983 45
49983 49984 25
49984 49985 1
59 58 81
58 57 2
57 56 12
56 55 42
9218 385 81
385 386 42
386 387 68
387 388 65
385 384 74
1436 1437 81
1437 1438 18
1438 1439 42
1439 1440 13
1440 1441 55
1441 1442 70
1442 1443 74
1443 1444 40
1444 1445 64
27011 1465 81
1465 1466 5
1466 1467 41
1467 1468 63
1688 1689 81
1689 1690 56
1690 1691 22
1691 1692 50
1692 1693 18
1980 1979 81
1979 1978 28
1978 1977 57
1977 1976 55
1976 1975 59
1975 1974 41
1974 1973 29
1973 1972 39
1972 1971 7
1971 1970 15
1970 1969 61
1969 1968 68
1976 16596 74
16596 16595 36
16595 16594 13
16596 16597 61
16597 16598 76
16594 16593 78
16593 16592 46
16592 16591 55
16591 16590 46
16590 16589 67
2354 2355 81
2495 2496 81
2496 2497 11
2497 2498 45
2498 2499 62
2499 2500 60
2500 34972 41
34972 34971 12
34972 34973 24
2582 2583 81
2583 2584 7
2584 2585 32
2585 2586 36
2586 2587 63
2796 2797 81
2797 2798 9
2798 2799 5
2799 2800 71
2800 2801 4
2800 43648 52
43648 43649 26
43649 43650 42
43648 43647 67
2801 2802 76
2802 2803 9
2803 2804 36
43647 43646 76
43646 43645 4
43645 43644 6
43644 43643 17
43643 43642 69
43642 43641 24
43645 21126 72
21126 36780 25
21126 21125 33
36780 36781 40
36781 36782 47
36782 3616 43
36782 36783 45
36783 36784 49
36784 36785 36
3616 3617 51
3617 3618 13
36785 36786 52
36786 36787 56
36787 36788 24
36788 36789 17
36789 36790 13
36790 36791 35
36791 36792 44
36792 36793 41
36793 36794 13
36794 36795 12
36795 36796 24
36796 36797 19
36797 36798 19
36780 36779 66
21125 21124 72
21124 21123 28
21123 21122 15
21122 21121 19
21121 21120 1
21121 34179 12
34179 34178 17
34179 34180 29
34178 34177 59
21126 21127 75
21127 21128 6
21128 21129 5
21129 21130 42
21130 21131 33
21131 21132 40
21132 21133 12
34180 34181 77
21120 21119 78
3595 3596 81
3596 3597 66
3597 22946 29
22946 22947 33
22947 22948 31
3597 3598 44
3598 3599 8
22946 22945 47
22945 22944 65
3599 3600 76
3600 30289 4
30289 30288 12
30288 13676 35
30289 30290 36
13676 13677 55
13677 38406 11
30288 30287 56
38406 38407 57
38407 38408 38
38408 38409 6
38409 38410 1
13677 13678 62
13678 13679 44
13679 13680 57
13680 13681 25
13681 13682 10
13681 21548 26
21548 21549 9
21548 21547 44
13682 13683 49
21549 21550 49
21550 21551 16
21551 21552 50
21552 21553 10
21553 21554 32
21547 21546 53
21547 13252 58
13252 13253 20
13253 37470 47
37470 37469 26
37469 24436 3
37469 37468 9
37468 37467 29
37470 37471 30
24436 24435 39
24435 24434 4
37471 37472 43
37472 37473 15
37473 37474 17
13252 13251 54
13251 13250 35
24436 24437 62
13250 13249 63
13249 2348 8
2348 2347 7
2347 18073 5
18073 18072 8
2347 2346 17
13249 13248 32
30287 30286 64
30286 30285 44
30285 30284 7
30284 30283 48
30283 30282 13
37467 37466 64
37466 37465 45
37465 37464 43
37464 37463 60
37463 37462 29
37462 37461 60
13248 13247 66
18073 18074 67
37474 37475 67
38407 38685 69
38685 38686 8
38686 38687 39
38687 38688 1
38688 3773 3
3773 3774 40
13683 13684 70
30282 30281 71
30281 30280 61
30280 30279 68
30279 30278 5
18073 283 72
283 284 57
284 285 68
21554 21555 75
13247 13246 76
38410 38411 76
38411 38412 35
38412 38413 1
38413 38414 21
38414 38415 52
38415 38416 27
38416 38417 39
38417 38418 54
38418 38419 69
38419 38420 44
38420 38421 72
38421 38422 10
38422 38423 27
38423 38424 20
13246 13245 77
13245 13244 7
13244 13243 45
13243 13242 13
13242 13241 54
13241 13240 31
22948 22949 77
22949 22950 23
22950 22951 44
22951 22952 12
22952 22953 22
22953 22954 17
22953 26848 20
22954 22955 34
22953 20241 35
20241 20242 10
20242 20243 12
20241 20240 49
26848 26849 53
26849 26850 50
20243 20244 62
30290 30291 77
21546 21545 78
30278 30277 79
30277 30276 62
30276 30275 69
3669 3668 81
3668 3667 27
4125 4126 81
4202 4201 81
4201 4200 56
4200 4199 2
4199 4198 73
4198 4197 73
4197 4196 28
5147 5146 81
5247 5246 81
5536 5535 81
5535 5534 61
5534 5533 10
5533 5532 78
5532 5531 24
5531 5530 20
5530 5529 30
5529 5528 63
5528 5527 4
5737 5738 81
5738 5739 9
5739 5740 52
5740 5741 69
5741 5742 6
5742 5743 51
5743 5744 11
6160 6161 81
6597 6596 81
6596 6595 79
6595 6594 53
6594 6593 37
6593 6592 3
6594 29049 80
29049 29048 62
29048 38529 26
38529 38530 11
29048 29047 48
38529 38528 59
38528 38527 44
29049 29050 75
29050 29051 76
29051 29052 74
29052 29053 10
29053 29054 62
29054 29055 66
29055 1180 29
1180 1181 5
1180 1179 26
29055 29056 39
1179 1178 60
1178 1177 10
1178 42293 16
42293 42294 32
1177 1176 59
1176 1175 68
1175 1174 42
1181 1182 72
1182 1183 25
1183 2637 51
2637 2636 12
2636 2635 35
2635 2634 48
2637 2638 58
2638 2639 32
2639 2640 75
2640 3277 61
2640 2641 63
3277 3276 68
3276 3275 58
3275 3274 71
3274 3273 13
3277 3278 74
3278 3279 36
3279 3280 53
1183 1184 76
1184 1185 72
6722 6723 81
6723 6724 36
6724 6725 27
6725 6726 66
6867 6868 81
6868 6869 26
6869 6870 60
6912 6913 81
6913 6914 73
6914 6915 5
6915 6916 43
6916 6917 16
6917 6918 62
6918 6919 49
7017 7018 81
7018 7019 78
7682 7683 81
7683 7684 4
7684 7685 34
7685 7686 27
7686 7687 24
7844 7845 81
7845 7846 37
7933 7932 81
26603 8097 81
8097 8096 67
8096 8095 10
8095 8094 7
8094 8093 66
8097 8098 72
8093 8092 76
8092 8091 61
8091 8090 25
8090 8089 25
8090 23598 38
23598 23597 3
8089 8088 63
8088 29641 10
29641 29640 29
23598 23599 76
23599 23600 72
29641 29642 79
29642 29643 63
29643 29644 35
29644 29645 26
29645 29646 69
29646 36063 15
36063 36064 55
36063 36062 74
8158 8157 81
8157 8156 55
8156 44485 64
44485 44484 20
44485 44486 66
8478 8479 81
8479 18761 29
18761 18762 27
18762 18763 14
18761 18760 30
18760 18759 43
18761 8654 46
8654 46335 10
8654 8655 29
8655 8656 22
8656 8657 15
46335 46336 31
46335 46334 36
46334 46333 36
46333 46332 37
46332 46331 3
46331 46330 20
8654 8653 43
8653 8652 19
8657 8658 54
8658 8659 62
18759 18758 69
46336 46337 74
46337 46338 64
46338 46339 49
46339 46340 17
46340 46341 62
8652 8651 76
8651 8650 17
8650 8649 34
8649 8648 23
8648 8647 60
8647 8646 30
8646 8645 8
8645 8644 66
8644 8643 25
8643 8642 15
8642 8641 24
8641 8640 5
8640 8639 11
8639 8638 77
8749 8750 81
8750 8751 56
8751 8752 38
8896 8897 81
8897 8898 38
8898 8899 3
8899 8900 4
8899 31817 32
8897 34886 48
34886 34887 15
34887 34888 16
34888 34889 70
34889 34890 19
31817 31818 77
31818 31819 51
31819 31820 62
31820 25204 74
25204 25205 63
25205 25206 16
25206 25207 28
25207 25208 16
25207 785 75
785 786 51
786 787 70
787 788 24
788 789 36
789 790 51
790 791 40
791 792 18
792 793 75
9591 9592 81
9592 9593 12
9593 9594 4
9594 9595 42
9595 9596 32
9712 9711 81
9711 9710 40
9829 9828 81
9828 9827 6
9856 9855 81
9875 9874 81
9874 9873 51
9873 4653 65
4653 4652 35
4652 4651 46
4653 4654 54
4654 4655 6
4655 4656 65
4656 4657 53
4657 4658 9
9873 9872 71
9947 9946 81
9946 9945 28
9945 9944 14
25915 10278 81
10278 10277 72
10277 10276 78
10276 10275 55
10427 10426 81
11240 11241 81
11241 11242 9
11242 11243 70
11243 11244 59
11243 15371 68
15371 15372 34
15372 15373 10
15372 20581 49
20581 20582 36
20582 20583 19
11244 11245 70
20583 20584 73
15373 15374 78
15374 15375 44
15375 23360 6
15375 15376 10
15376 15377 4
23360 23361 15
23361 23362 29
23360 23359 69
23359 23358 46
23358 23357 8
23357 23356 44
23356 23355 77
20581 20580 78
23355 23354 79
20584 20585 80
23354 23353 80
23353 23352 18
23352 23351 30
12025 12024 81
12024 12023 6
12509 12510 81
12510 12511 22
12632 12631 81
12824 12825 81
12825 12826 15
12826 12827 73
12827 12828 18
12861 12860 81
12860 12859 52
12859 12858 66
12858 12857 28
12857 12856 69
12856 12855 56
12855 12854 65
12854 12853 63
12853 12852 60
12852 12851 48
12851 12850 44
12850 12849 64
12849 12848 13
12848 12847 51
12847 12846 4
12846 12845 5
13478 13477 81
13666 13665 81
13665 13664 23
13664 13663 71
14010 14009 81
14009 14008 74
14008 14007 2
14207 14206 81
14206 14205 49
14205 14204 8
14429 14428 81
14428 14427 74
14461 14460 81
14460 14459 52
14459 14458 23
14458 14457 69
14457 14456 45
14456 14455 1
14455 14454 54
14454 14453 49
14453 14452 3
14589 14590 81
14590 18093 40
18093 18092 6
18093 39167 25
39167 39168 30
18092 18091 31
18091 18090 4
39168 39169 62
39169 39170 32
39170 39171 39
39171 39172 36
39172 39173 29
39172 17602 38
17602 17601 13
17601 17600 16
17600 17599 3
18093 18094 64
18094 18095 31
18095 38847 51
38847 38846 5
38846 38845 29
38847 38848 63
38848 38849 14
38849 38850 66
38850 38851 32
14590 14591 69
14591 14592 72
14592 14593 20
14593 14594 17
14594 14595 74
14595 14596 57
14596 14597 69
14597 14598 16
14598 14599 50
14599 8280 18
8280 8279 27
8279 8278 9
14599 14600 44
8279 38665 50
38665 38664 61
38664 38663 15
38663 38662 8
38664 2768 48
2768 2769 3
8280 8281 71
8281 8282 57
17599 17598 76
17598 17597 44
17597 17596 58
17596 17595 56
17595 17594 31
17594 9187 28
9187 9188 17
9187 9186 20
9188 9189 27
9189 9190 38
9190 9191 25
17594 17593 41
8282 8283 79
8283 8284 64
8284 8285 54
8284 21366 59
21366 21365 2
21365 21364 27
21364 21363 19
21363 21362 7
21366 27255 49
27255 27256 72
27256 27257 44
27257 27258 51
27258 12478 20
12478 12479 68
12479 12480 36
27258 27259 73
14679 14680 81
14680 14681 24
14681 14682 53
14682 14683 28
14683 14684 59
14775 14774 81
14774 14773 81
14773 14772 11
14772 14771 35
14771 14770 78
14770 14769 76
14769 14768 32
14768 14767 44
14767 14766 17
14766 14765 15
14767 31162 54
31162 31163 46
31163 31164 19
31164 31165 30
31165 31166 40
31163 9026 44
9026 9025 39
14765 14764 61
14764 14763 6
31162 31161 65
31161 31160 38
31160 31159 43
31160 33262 44
33262 33263 18
33263 33264 40
33264 33265 38
33265 33266 44
33266 33267 39
33267 33268 22
33263 44858 49
44858 44857 41
31159 31158 58
44857 44856 63
14764 19537 66
19537 19536 16
19537 19538 18
19536 19535 43
19538 19539 63
19539 19540 34
44856 44855 67
9026 9027 68
14763 14762 69
14762 14761 49
14761 14760 3
14760 14759 23
14762 20680 60
20680 20679 2
20679 20678 3
20678 20677 9
20680 20681 35
20677 20676 44
20681 20682 44
20682 20683 17
20683 20684 14
20676 20675 51
20680 37256 59
37256 37257 1
37257 37258 20
37258 37259 60
14759 14758 62
14758 14757 30
14757 14756 25
14758 24871 40
24871 24872 18
24872 24873 3
24871 7674 24
7674 7673 24
7673 7672 15
7672 39071 4
24871 5942 36
5942 5941 21
5941 5940 18
5940 5939 14
5942 5943 21
5943 5944 11
5941 14102 30
14102 14103 3
14103 14104 14
14104 14105 3
5939 5938 36
5938 5937 22
14104 3417 37
14756 14755 43
14755 14754 3
14754 14753 27
7673 17328 49
17328 17327 22
14105 14106 54
14106 14107 47
14103 38703 55
38703 38704 33
38703 38702 52
38702 38701 37
38701 38700 40
3417 3416 56
3416 3415 4
14102 14101 61
14101 14100 18
17328 17329 61
17329 17330 18
17330 17331 22
17331 17332 63
17332 17333 60
17330 5981 64
17327 17326 68
17326 44712 9
17326 17325 12
17325 17324 20
44712 44713 27
44712 44711 43
44711 44710 68
38700 38699 69
38704 38705 69
38705 38706 64
19535 19534 73
19534 19533 52
19533 19532 13
19532 19531 36
5937 5936 74
5936 5935 25
5935 5934 16
5934 5933 28
14107 14108 75
14108 19511 55
19511 32777 33
32777 32776 6
32777 4792 63
4792 4793 3
4792 4791 39
4791 4790 55
4790 4789 71
4789 4788 69
4788 4787 25
4787 4786 65
4786 4785 50
4785 4784 20
4784 4783 55
4783 4782 68
4782 4781 54
4781 4780 50
4780 7994 14
7994 7995 4
7995 7996 39
7996 7997 4
7997 7998 4
7998 7999 33
7999 8000 27
8000 8001 54
8001 8002 5
8002 8003 40
7994 7993 57
14108 14109 75
14109 14110 49
14110 14111 28
14111 14112 63
14112 14113 3
14113 1462 9
14113 14114 15
1462 1461 16
14114 14115 33
1462 1463 61
1463 1464 57
32777 32778 75
32778 32779 46
32779 10469 61
10469 10470 15
10470 10471 40
4793 4794 76
31158 31157 76
31157 31156 5
31156 31155 34
31155 31154 61
31154 31153 31
31153 31152 70
31152 31151 65
5933 5932 77
5932 5931 1
5931 5930 9
5930 5929 73
5929 5928 34
5928 5927 38
5927 5926 12
5926 5925 45
17324 12307 77
12307 12308 34
12307 12306 73
12306 12305 52
19531 19530 77
19530 19529 7
19529 19528 15
19528 19527 24
14115 14116 79
24873 24874 79
24874 24875 16
14754 28286 80
28286 28285 25
28286 28287 45
28287 28288 29
28288 28289 15
28285 28284 55
28289 28290 57
44760 15322 81
15322 15323 15
15323 15324 39
15324 15325 61
15325 15326 72
15326 15327 66
15327 15328 2
15322 15321 77
15321 15320 51
15320 15319 78
22087 15730 81
15730 15729 7
15729 15728 39
15728 15727 49
15803 15804 81
15804 15805 16
15805 15806 29
15806 15807 5
15807 15808 43
15808 15809 2
15809 15810 17
15808 8937 45
8937 8936 74
8936 8935 36
8935 8934 56
8934 8933 50
16383 16382 81
16382 16381 23
16866 16867 81
16867 43284 21
43284 43283 22
43283 43282 22
43282 43281 15
43284 43285 51
43281 43280 63
43280 43279 21
43279 43278 2
43285 43286 69
17333 17334 81
17334 17335 63
17335 17336 23
17466 17467 81
17467 17468 46
17487 17488 81
17488 17489 16
40852 17538 81
17538 17539 15
17539 17540 69
17593 17592 81
17592 17591 33
17591 17590 43
17590 40298 64
40298 40299 72
40299 40300 70
40300 40301 46
40301 40302 15
40302 40303 54
40303 40304 24
40304 40305 19
40305 40306 4
17590 17589 75
17589 17588 9
17707 17706 81
17706 17705 17
17705 17704 74
17704 5599 44
5599 5600 28
5600 5601 28
5600 14192 28
14192 14193 17
14193 14194 35
5599 5598 42
14194 14195 53
17704 17703 66
17703 17702 11
17702 17701 31
17701 17700 59
17700 17699 38
17700 33747 44
33747 33746 51
33746 33745 3
33745 33744 42
33747 33748 55
33748 33749 12
33749 33750 51
33750 33751 52
33751 33752 67
33752 33753 29
33753 33754 16
33754 33755 62
33755 33756 46
33756 44194 54
44194 44195 27
44195 44196 68
44196 44197 33
44197 44198 34
44198 44199 3
44199 44200 34
44200 44201 25
14195 14196 69
5598 5597 70
17699 17698 72
14192 14191 80
17972 17971 81
17971 17970 1
17970 17969 15
17969 17968 14
17968 18789 66
18789 38389 23
38389 38390 26
38390 38391 23
38391 38392 36
38389 38388 42
38392 40661 52
40661 40660 16
40660 40659 11
40661 40662 43
18789 18790 56
18790 18791 9
40660 1877 61
18791 18792 62
18792 18793 60
18793 18794 14
1877 1876 65
1876 1875 10
1877 1878 67
1878 1879 51
1879 1880 3
1880 1881 41
38388 38387 70
38387 38386 47
40662 40663 80
40663 40664 77
40664 40665 72
40665 40666 24
40666 40667 66
40667 40668 76
40668 40669 40
40669 40670 16
40670 42574 5
42574 42573 6
42573 42572 2
42572 42571 21
40670 40671 43
40671 40672 79
40672 40673 36
40673 40674 53
40674 40675 79
40675 40676 27
40676 40677 45
40677 40678 62
40678 40679 55
40679 40680 21
42571 42570 80
42570 42569 8
37709 18082 81
18082 18081 71
18081 18080 32
18080 18079 23
18079 18078 41
18078 18077 21
18077 18076 33
18076 18075 64
18161 18160 81
18160 18159 52
18231 18230 81
18413 18414 81
18458 18457 81
18457 18456 64
18663 18662 81
18662 18661 48
18661 18660 25
18660 18659 50
18659 18658 57
18744 18745 81
18745 18746 4
18746 18747 71
18959 18960 81
18960 18961 74
18961 18962 75
18962 24489 73
24489 11934 33
24489 24490 63
24490 24491 24
24491 24492 9
24492 24493 23
24491 31320 47
31320 31321 27
31320 31319 37
31319 31318 3
31319 2358 58
11934 11933 70
11933 11932 7
11932 11931 24
19018 19019 81
19065 19064 81
19064 46549 19
46549 46550 25
46550 46551 4
46551 46552 21
46552 46553 19
46553 44033 8
44033 44032 21
44032 44031 25
44031 40831 22
40831 40830 8
19064 19063 29
46549 29863 37
29863 29862 19
46549 46548 48
40830 40829 59
46553 14291 61
14291 14292 47
14292 14293 24
14293 24796 24
24796 24795 25
29863 29864 64
29864 29865 50
29865 2713 2
29865 29866 20
40831 40832 68
40832 40833 24
40833 40834 19
40834 40835 23
40835 14957 4
14957 14956 56
14956 14955 43
14955 14954 19
14954 14953 14
14953 14952 15
14952 4992 41
14957 14958 61
14958 14959 42
14952 14951 62
14951 14950 57
14950 14949 22
14949 14948 68
14948 14947 63
2713 2714 73
2714 2715 51
2715 2716 17
4992 4993 73
4993 18226 19
18226 18227 20
4993 4994 22
18227 42198 54
42198 42199 24
4994 4995 57
4995 27114 51
27114 27115 32
27114 27113 57
27113 27112 20
14959 14960 73
14960 14961 37
14293 14294 77
14294 14295 75
29866 29867 78
29867 29868 19
4995 4996 80
19120 19121 81
19121 19122 38
19122 19123 9
19123 19124 55
19124 19125 61
19156 19157 81
19157 19158 71
19158 19159 24
19159 19160 46
19809 19808 81
20094 20093 81
20093 20092 31
20092 20091 32
20092 37656 41
37656 37655 74
37656 37657 78
37657 28690 45
37657 37658 60
28690 28689 68
28689 28688 50
28688 28687 15
28687 28686 36
28686 28685 63
28685 28684 23
28684 28683 26
28683 28682 13
28690 28691 70
20091 20090 80
20090 20089 55
20089 20088 10
20088 20087 8
20087 28062 44
28062 28063 38
28063 28064 68
28064 28065 70
28065 28066 27
20087 20086 77
20086 20085 34
20085 20084 5
20084 20083 75
20083 20082 51
20084 5700 76
5700 5699 59
5699 8078 16
8078 8077 14
8078 8079 19
5699 39216 49
39216 39217 14
8079 8080 67
39216 39215 68
39215 39214 2
39214 39213 49
39213 39212 76
39212 39211 70
20244 20245 81
20245 20246 15
20246 20247 12
20247 20248 63
20248 20249 35
20249 20250 58
20250 20251 45
20251 20252 3
20252 20253 15
20253 20254 64
20254 20255 45
20255 20256 59
20256 28990 26
28990 28989 63
28989 33356 37
20250 31393 66
31393 31392 19
31393 31394 45
31394 31395 3
28990 28991 70
28991 28992 57
28992 639 3
639 640 4
639 638 46
640 641 52
641 642 54
642 643 34
638 637 57
637 636 10
636 635 11
635 634 7
637 21695 20
643 644 69
635 46803 71
46803 46802 31
46802 46801 8
46801 46800 36
46800 46799 62
46802 5901 72
5901 5902 14
20251 11364 73
21695 21696 78
21696 8704 28
21696 21697 34
21697 21698 17
21697 6462 41
6462 6463 6
6463 6464 55
8704 8705 55
8705 8706 49
8706 8707 44
8707 8708 50
8708 8709 54
8709 8710 68
8710 26938 19
26938 26939 66
26939 26940 72
26940 26941 37
20351 20352 81
20352 20353 72
20552 20551 81
20551 20550 11
20550 20549 37
20621 20622 81
20622 20623 80
20623 20624 2
20624 20625 68
20625 20626 18
20626 20627 72
18036 20633 81
20633 20632 23
20632 20631 20
20631 20630 38
20633 20634 64
20634 20635 64
20630 20629 71
20629 20628 59
20635 20636 72
20636 20637 4
20637 20638 66
20638 20639 47
20639 20640 73
20640 20641 75
7771 21396 81
21396 21395 71
21395 21394 12
21396 21397 76
21397 21398 36
21394 21393 77
21393 21392 72
21510 21509 81
21509 21508 43
21508 21958 10
21508 21507 44
21958 21957 46
21958 21959 57
21957 21956 63
21956 21955 27
21955 21954 8
21954 21953 3
21953 21952 2
21507 21506 77
21506 21505 15
21505 21504 34
21504 21503 68
21503 21502 51
21502 21501 28
21501 31349 34
31349 31348 12
31349 31350 45
31350 31351 68
31351 31352 3
21501 21500 71
21500 21499 28
21499 21498 57
21498 21497 22
21497 21496 50
21496 21495 16
21495 21494 23
21494 21493 9
21496 19412 64
19412 19413 7
19413 19414 21
19414 19415 9
19412 19411 26
19411 19410 6
21493 21492 68
21492 21491 70
21491 21490 62
21490 21489 49
21489 46299 51
46299 46298 2
46298 46297 40
46297 46296 43
21489 21488 53
21488 34747 19
34747 18516 30
18516 18515 5
18516 18517 42
18517 47385 25
47385 47384 13
18517 18518 32
18518 18519 2
18518 3119 24
18519 18520 27
18515 18514 57
18514 18513 54
18520 18521 61
47384 47383 65
3119 3118 66
3118 3117 32
3117 3116 17
18513 18512 71
18521 18522 72
34747 34746 72
34746 34745 46
34745 23896 9
34745 25046 20
23896 23897 26
25046 25047 43
25047 25048 23
23896 23895 44
23895 45540 30
45540 45539 8
45539 45538 36
45538 45537 36
45537 45536 33
45536 45535 28
45535 45534 5
34745 34744 65
34744 21750 73
21750 21751 6
21751 21752 3
21750 21749 19
21749 13805 43
47383 47382 75
13805 13804 76
13804 13803 64
13803 13802 69
13802 13801 75
13801 13800 38
13800 13799 60
13799 13798 76
13798 13797 63
13797 13796 11
13796 13795 35
13795 13794 54
13794 13793 14
13793 13792 22
13792 13791 18
13791 13790 12
13791 3842 23
3842 3843 45
13793 14024 63
14024 14023 28
14023 14022 30
14024 14025 31
14025 14026 34
14022 14021 37
14021 14020 7
13793 42271 67
42271 42270 4
42270 42398 38
42398 42397 12
42398 42399 12
42271 42272 42
42272 42273 35
42273 42274 29
42274 42275 18
42397 42396 44
42396 47633 7
47633 47632 16
47632 47631 56
47631 47630 42
47630 47629 63
47629 47628 10
47628 47627 30
14020 14019 70
3842 3841 71
3841 3840 65
3840 3839 29
14026 14027 71
14027 14028 53
14028 5162 7
14028 14029 45
5162 5161 46
5161 5160 34
5160 5159 75
5159 5158 49
5158 5157 68
5157 5156 74
5156 5155 64
5155 5154 44
5154 5153 53
5153 5152 43
5152 5151 32
42396 12270 76
12270 12271 43
12271 12272 17
12272 12273 40
12273 12274 51
12270 12269 68
12269 12268 61
12268 12267 62
12267 12266 52
12266 12265 17
12265 12264 38
12264 12263 24
12263 12262 21
12262 12261 44
12261 12260 26
12274 12275 71
12275 12276 8
12276 12277 19
12277 12278 51
12278 12279 60
12279 12280 52
12280 12281 53
25048 25049 76
25049 38148 13
38148 38149 11
38148 38147 44
38147 38146 53
38146 13661 23
13661 13662 23
38146 43576 31
38149 38150 60
38150 39130 8
38150 38151 34
39130 39129 56
39129 39128 39
13661 13660 61
13660 10343 44
10343 10344 6
10344 10345 14
38151 38152 62
38152 38153 14
38153 38154 20
38154 38508 32
38508 38509 12
38508 38507 13
38507 38506 2
38506 38505 21
38505 38504 52
38154 38155 61
43576 43575 62
25049 25050 65
38509 38510 67
39130 39131 68
39131 39132 47
39132 39133 60
10343 10342 69
10342 10341 55
38146 38145 70
39133 45891 73
38145 38144 75
38144 38143 36
38143 8802 24
8802 8801 70
21488 21487 77
21487 21486 70
31348 31347 77
31347 31346 75
31346 31345 68
31345 31344 33
31344 31343 24
31343 31342 10
31343 3070 13
3070 3069 12
3069 3068 41
3068 3067 47
3067 3066 60
3069 31479 62
31479 31480 22
31480 21172 54
21172 21171 3
21172 21173 40
21173 21174 47
21171 21170 51
21170 21169 16
21169 21168 30
3066 3065 73
3065 3064 16
21168 21167 77
21167 21166 42
5162 5163 78
5163 5164 29
5164 5165 12
5165 5166 24
5166 17402 69
17402 17403 2
17402 17401 4
17403 17404 45
17401 17400 59
8801 8800 78
8800 8799 64
8799 8798 45
8798 8797 64
8797 8796 4
14029 14030 78
14030 14031 36
17400 17399 78
3116 3115 79
3115 3114 75
3114 3113 66
3113 3112 20
3112 3111 28
3111 3110 43
21166 21165 79
21165 21164 15
47627 47626 79
47626 47625 76
42275 42276 80
42276 42277 26
42277 42278 63
42278 42279 31
42279 42280 34
42280 42281 51
21882 21883 81
21883 21884 5
7894 22277 81
22277 22278 2
22278 22279 21
23564 23563 81
23870 23871 81
23871 23872 76
23872 23873 38
23873 23874 80
23874 23875 16
23875 23876 78
23876 23877 75
23877 23878 68
23878 23879 4
23879 23880 51
23880 23881 8
23881 23882 2
23882 23883 11
23883 23884 55
23884 23885 62
23885 23886 67
23886 23887 74
23887 23888 45
23888 23889 34
23889 23890 35
23890 23891 53
23891 23892 15
23892 23893 5
23893 23894 67
23989 23988 81
23988 23987 45
23987 23986 54
23986 23985 23
23985 23984 12
23984 23983 11
24598 24599 81
24599 24600 49
24600 24601 41
24977 24978 81
24978 24979 52
24979 24980 23
24979 15763 62
15763 15762 10
15763 15764 38
24980 24981 62
24981 24982 20
24982 24983 53
24983 24984 25
25231 25232 81
25232 25233 70
25233 25234 81
25234 25235 57
25285 25284 81
25561 25560 81
25560 10619 71
10619 10618 23
10619 10620 48
25874 25873 81
25873 25872 37
25872 25871 72
25871 25870 51
25870 25869 18
25869 25868 56
26841 26842 81
26842 26843 63
26843 26844 8
26844 26845 68
26845 26846 71
26846 26847 63
27653 27652 81
27652 27651 35
27651 27650 40
27650 27649 10
27649 27648 75
27648 27647 6
27647 27646 22
27646 27645 3
27749 27750 81
27892 27893 81
27893 27894 58
27894 40658 4
40658 40657 49
40657 40656 15
40656 40655 71
40655 40654 3
40654 40653 4
40653 40652 20
40652 40651 47
40651 29736 68
29736 29737 5
29737 29738 16
29736 29735 38
29735 29734 8
29734 29733 14
29733 29732 11
29738 41337 38
41337 41338 6
29732 29731 43
29731 12620 14
12620 12621 9
29731 29730 26
29730 29729 48
29729 29728 12
29728 11866 20
11866 11867 15
29728 29727 40
12621 12622 52
11867 11868 57
11868 11869 29
29738 29739 69
11869 11870 71
40651 40650 72
40650 40649 50
40649 40648 18
12622 12623 74
40648 40647 78
12623 12624 80
12624 12625 46
12625 12626 47
11870 11871 81
11871 11872 50
28040 28041 81
28366 28365 81
28661 28660 81
28660 28659 26
28659 41898 69
41898 41897 69
41897 41896 15
41896 41895 13
41895 41894 72
41894 41893 40
28659 28658 78
28989 28988 81
28988 28987 74
28987 28986 40
28986 28985 50
28985 28984 1
28984 28983 20
28983 28982 66
28988 27634 75
27634 27633 16
27634 27635 55
27633 27632 71
27632 27631 7
27631 27630 34
27632 45942 60
45942 45941 27
45942 45943 56
45943 45944 22
45944 45945 21
45945 45946 53
45941 45940 71
45940 45939 50
45939 45938 56
29084 29085 81
29085 29086 47
29086 29087 75
29087 15271 30
15271 15270 40
15270 15269 7
29087 29088 49
29088 29089 71
29089 29090 18
29090 29091 59
29091 29092 4
29092 29093 5
29739 29740 81
29740 29741 22
30258 30259 81
30259 30260 6
30260 30261 14
30261 30262 72
30373 30372 81
30447 30448 81
30448 30449 13
30449 30450 32
30450 30451 57
30451 30452 1
30463 30462 81
30462 30461 31
30461 30460 72
30460 30459 45
30459 30458 47
30458 30457 35
30457 30456 29
30459 43701 55
43701 43700 4
43701 43702 9
43702 43703 58
30614 30613 81
30613 30612 61
30612 30611 11
30955 30956 81
30956 30957 45
30957 30958 19
30958 30959 9
30959 30960 61
30960 30961 73
30961 30962 12
31110 31111 81
31111 31112 33
31112 31113 47
31541 31542 81
31542 31543 68
31543 31544 10
31544 31545 9
31545 31546 61
31546 31547 3
31547 31548 49
31548 31549 34
31549 31550 22
31550 31551 11
31551 31552 1
31552 25424 45
25424 25425 27
25425 25426 19
25426 25427 38
31586 31587 81
31587 31588 72
31588 31589 16
31589 31590 25
31590 31591 10
31588 14260 35
14260 14259 9
14259 14258 2
14260 14261 55
14261 14262 31
14261 7091 62
7091 7092 13
7092 7093 41
7093 7094 43
7092 12760 59
12760 12759 2
12760 12761 2
12759 12758 7
12758 12757 20
12757 12756 18
12756 12755 2
12759 6550 38
6550 6551 7
6550 6549 20
6549 6548 26
6548 16560 5
16560 16561 21
6551 6552 41
6552 46631 24
16561 16562 52
16562 16563 12
16563 16564 18
7091 7090 61
7090 7089 23
12755 12754 65
14258 14257 65
14257 14256 52
14256 14255 30
14255 14254 24
14254 14253 52
14253 14252 49
16564 16565 71
16565 16566 33
6548 6547 72
6547 6546 55
6547 45527 63
45527 45528 20
6552 6553 72
6553 6554 4
6549 2956 76
2956 2955 7
45527 45526 76
45526 45525 37
45525 45524 74
7089 7088 79
7088 7087 38
7087 7086 37
7086 7085 67
7085 7084 23
7084 7083 16
7083 7082 54
7082 7081 61
2956 2957 80
2957 2958 22
2958 2959 46
45525 8625 80
6546 6545 81
6545 6544 81
6544 6543 54
6543 6542 26
6542 6541 75
6541 6540 11
6540 6539 5
6539 6538 58
6538 6537 76
7653 31782 81
31782 31781 58
31782 31783 70
31781 31780 77
31782 31399 80
31399 31400 9
31905 31906 81
31906 36313 24
31906 31907 28
31907 31908 28
36313 36312 66
31952 31953 81
32298 32299 81
32299 32300 10
32667 32666 81
32666 32665 36
32665 32664 22
32664 27053 31
27053 27054 38
27053 27052 42
27052 27051 14
32664 46653 54
46653 46654 9
46654 46655 21
27054 27055 57
27051 27050 77
27050 27049 9
27049 34061 8
34061 34062 25
34061 34060 31
34060 34059 14
34059 34058 56
34058 34057 59
34057 34056 41
34057 23170 54
23170 23171 6
23170 23169 51
34056 18589 66
18589 18588 46
18589 18590 55
18590 18591 16
34062 34063 67
34063 34064 53
34061 24175 73
24175 24176 36
24176 24177 18
24175 24174 49
24174 24173 2
24173 24172 21
24172 24171 15
24172 35202 43
35202 35203 43
35203 35204 36
35204 35205 5
35202 35201 48
35201 35200 47
24177 24178 52
24178 24179 29
24179 24180 62
34056 34055 73
34055 34054 12
34054 34053 34
34053 574 1
34053 34052 10
574 573 38
573 572 50
23171 23172 74
23172 23173 29
23173 23174 58
23174 23175 43
23175 23176 12
23176 23177 56
23177 30151 3
30151 30152 18
30151 30150 55
30150 30149 68
30149 30148 56
32664 32663 78
574 575 80
35200 35199 80
35199 35198 38
35198 35197 24
35197 35196 17
35196 35195 18
35195 35194 61
35194 35193 18
35193 35192 31
23169 23168 81
23168 23167 29
23167 45399 31
45399 45400 3
45399 45398 19
45398 45397 65
45397 45396 38
45396 20051 9
20051 20052 15
20051 20050 27
20052 20053 44
20050 20049 49
45396 45395 52
45395 45394 11
20049 20048 60
20048 20047 15
20047 20046 52
20046 20045 3
20047 14403 70
14403 14402 27
14403 14404 60
45394 45393 71
45393 45392 8
23167 1868 73
1868 1869 12
1868 1867 14
1869 1870 30
1870 1871 46
1871 1872 2
1867 1866 52
1872 1873 57
1873 1874 64
20045 20044 81
20044 20043 61
20043 20042 24
23177 23178 81
23178 23179 62
23179 23180 66
23180 23181 24
33088 33087 81
33087 33086 63
33086 33085 12
33085 33084 55
33084 33083 8
33083 33082 12
33082 33081 27
33081 33080 23
33080 33079 17
33080 27626 31
27626 27627 18
27627 27628 11
27628 27629 45
33079 33078 66
33078 33077 16
27626 27625 81
27625 27624 15
27624 27623 65
27623 38160 31
27623 27622 40
27622 27621 3
27621 27620 57
27620 27619 47
38160 38161 58
33404 33405 81
33405 33406 36
33406 33407 75
33712 33713 81
33713 33714 24
33714 33715 23
33713 27092 80
33960 33959 81
33959 33958 19
33958 33957 75
33957 33956 35
33956 33955 79
33955 33954 62
33954 33953 34
33953 33952 63
33952 33951 50
33951 4436 18
4436 4437 4
4436 4435 44
4437 4438 76
4438 4439 29
4439 4440 58
4440 4441 30
4441 4442 62
4442 4443 10
4436 1776 78
1776 1775 53
1775 41911 17
41911 41910 12
41910 41909 15
41911 41912 49
41912 16271 35
16271 16272 56
41910 10635 69
10635 10636 47
41909 41908 73
41908 41907 51
41907 41906 68
41906 41905 14
34343 34342 81
34342 34341 31
34341 34340 66
34340 34339 44
34339 34338 30
34338 34337 2
34337 34336 38
34336 34335 56
34335 34334 40
34334 34333 47
34333 34332 35
34332 34331 62
34331 34330 77
34330 34329 34
34329 34328 68
34339 43815 78
43815 43816 25
43816 43817 24
43817 43818 49
43817 32356 52
32356 32355 21
32355 32354 64
32354 32353 60
32353 32352 7
32352 32351 65
32351 39467 49
39467 39466 24
39467 39468 45
39468 39469 37
39469 39470 23
39466 39465 65
39465 39464 55
39464 39463 26
39463 39462 28
39462 39461 15
39461 39460 37
32351 32350 80
32350 32349 36
35067 35068 81
35068 35069 68
35069 35070 7
35219 35218 81
35218 35217 47
35217 35216 52
35216 35215 61
35215 35214 76
35214 3695 11
35214 35213 36
35213 35212 22
35212 35211 73
35211 35210 26
3695 3696 76
3696 3697 16
3697 3698 39
3698 3699 8
3699 3700 65
3700 3701 36
3701 3702 79
3702 3703 47
3703 3704 55
3704 7821 22
7821 7820 22
7821 7822 73
7822 7823 7
7823 7824 68
7824 7825 3
7824 13565 17
13565 13566 6
13565 13564 59
13564 13563 2
7824 24193 64
13566 13567 66
7825 7826 75
35844 35845 81
35906 35905 81
35905 8756 27
35905 35904 54
8756 8757 63
8757 25829 4
8757 8758 19
8758 8759 21
25829 25830 22
25830 25831 70
25831 25832 4
25832 25833 22
25833 25834 46
25832 48604 71
48604 29838 29
29838 29837 74
36707 36708 81
36708 36709 81
36709 36710 18
36742 36741 81
36741 36740 76
36740 18693 76
18693 18692 13
36740 36739 78
36739 12914 43
12914 12915 53
12915 12916 43
12914 12913 54
12916 12917 56
36739 36738 57
36738 36737 71
12917 12918 74
12918 12919 29
12919 12920 60
12920 12921 17
12921 12922 75
37011 37012 81
37012 37013 53
37233 37234 81
37234 37235 45
37260 37261 81
37261 37262 10
13349 37589 81
37589 37590 58
37590 37591 34
37591 37592 17
37592 37593 60
37593 37594 57
37593 20267 78
20267 20268 4
20268 20269 25
20269 20270 22
37613 37614 81
37614 37615 54
37615 37616 18
37616 37617 11
37784 37785 81
37787 37786 81
38615 38614 81
38614 38613 45
38613 38612 81
38645 38646 81
38646 38647 33
38647 38648 30
38714 38713 81
38713 38712 41
38712 38711 81
38711 38710 60
38710 38709 65
38709 38708 40
38708 38707 63
38994 38995 81
38995 38996 13
38996 38997 35
38997 38998 60
38998 38999 43
39250 39249 81
39249 39248 8
39248 39247 10
37962 39604 81
39604 39605 66
39605 39606 23
39604 44360 66
44360 44359 9
44360 44361 24
44361 44362 66
44362 44363 39
39604 39603 73
39603 39602 63
7933 40110 81
40110 40111 8
40111 40112 16
40110 40109 40
40112 40113 44
40255 40254 81
40613 40612 81
40612 40611 39
40611 40610 23
40610 40609 39
40609 40608 42
40608 40607 29
21503 40724 81
40724 40725 53
40725 40726 15
40726 40727 46
40727 40728 58
40728 40729 43
40724 40723 75
40729 40730 80
41028 41029 81
41029 41030 73
41030 41031 74
41031 41032 64
41032 41033 20
41033 36284 45
36284 36285 3
36285 36286 22
36284 36283 23
36283 36282 2
36286 36287 48
36287 36288 26
36288 36289 10
41033 41034 63
36289 36290 66
36290 36291 37
36291 36292 73
36292 36293 22
36293 36294 32
36294 36295 34
36295 36296 14
36296 36297 32
36297 36298 67
36298 36299 64
36299 36300 50
36282 36281 80
36281 36280 8
36280 36279 3
41852 41851 81
41851 41850 10
5959 42286 81
42286 42287 43
42287 42288 8
42288 42289 46
42289 42290 51
42286 42285 62
42285 42284 17
42638 42639 81
42639 21313 76
21313 21312 20
21312 21311 25
21311 21310 70
21310 21309 36
21309 21308 8
21308 21307 32
21307 21306 39
21306 21305 74
21305 21304 73
42639 42640 76
42640 42641 27
42641 42642 62
42642 42643 50
21313 21314 80
21314 21315 20
21315 21316 17
21316 21317 8
21317 21318 68
21318 21319 23
42643 42644 81
42644 42645 64
42645 42646 63
42646 42647 37
43194 43195 81
43195 43196 30
43196 43197 50
43197 43198 50
43271 43270 81
43270 43269 42
43269 43268 55
43268 43267 63
43267 43266 75
43266 43265 74
43265 43264 80
43264 43263 31
43263 43262 57
43262 43261 23
43261 43260 25
43260 43259 23
43259 43258 53
43258 43257 65
43257 43256 17
43392 43391 81
43391 43390 3
43390 43389 33
43389 43388 43
43388 43387 15
43387 43386 76
43386 43385 69
43385 43384 30
43384 43383 36
43383 43382 44
43382 43381 75
43381 43380 18
43380 43379 36
43477 43476 81
43550 43551 81
43551 43552 11
43641 43640 81
43640 43639 72
43744 43743 81
43743 43742 29
8848 43785 81
43785 43784 39
43784 43783 48
43783 43782 74
43782 43781 57
43781 43780 20
43780 43779 59
43779 43778 37
43778 27849 21
27849 27848 63
43778 43777 76
43804 43805 81
43914 43913 81
43938 43937 81
43937 43936 34
43936 43935 80
26211 44008 81
44008 44007 23
44007 44006 42
44265 44266 81
44266 44267 30
44507 44508 81
44985 44986 81
44986 44987 5
44987 44988 15
44988 44989 24
44989 44990 19
44990 44991 51
44991 44992 32
44992 44993 48
44993 44994 15
44994 44995 21
44995 44996 62
45024 45023 81
45023 45022 12
45022 45021 37
45021 45020 44
45020 45019 39
45019 45018 3
45018 45017 8
45017 45016 20
45016 45015 31
45015 45014 55
45014 45013 23
45013 45012 47
45012 45011 17
45011 45010 46
45010 45009 39
45009 45008 5
5737 45261 81
45261 45260 1
45260 45259 14
45259 45258 24
45260 12573 44
12573 42296 36
42296 2738 42
2738 2739 1
2739 2740 44
2740 2741 20
42296 7484 66
7484 7485 2
12573 12574 70
42296 42295 79
45284 45283 81
45673 45672 81
36753 45719 81
45719 45720 10
45719 45718 36
45718 45717 29
45717 45716 5
45716 45715 1
45715 45714 3
45825 45826 81
45962 45963 81
45963 45964 47
45964 45965 4
46218 46219 81
46219 46220 63
46220 46221 3
46221 46222 4
46220 11752 57
11752 11753 10
11752 11751 22
11751 11750 5
46220 15094 59
15094 15095 63
15095 15096 56
15096 15097 32
15097 3623 66
3623 3622 40
3622 49212 11
49212 49213 37
3622 3621 55
3621 3620 38
3620 3619 36
3619 41185 10
41185 41186 21
41186 41187 31
41187 41188 42
41188 41189 48
41189 41190 40
41190 41191 31
41191 41192 25
3623 3624 58
3624 3625 52
3625 3626 38
3626 3627 61
3627 3628 53
3628 3629 3
11750 11749 66
15097 15098 67
41185 41184 72
41184 41183 54
41183 41182 26
11753 11754 74
11754 11755 43
11755 11756 12
11756 11757 56
11757 11758 27
11758 11759 61
3629 3630 77
3630 3631 60
3631 3632 5
3632 3633 64
3633 3634 3
3634 3635 48
3635 3636 53
3636 3637 51
3637 3638 9
3638 3639 35
3639 3640 29
3640 3641 32
3641 3642 54
3642 3643 28
3643 3644 63
3626 29504 78
29504 29503 2
46274 46275 81
46275 35323 48
35323 35322 44
35322 35321 30
35321 35320 74
35320 35319 21
35319 35318 49
35318 35317 6
35319 20372 59
20372 20373 3
46349 46350 81
46406 46405 81
46405 46404 24
46404 46403 30
12129 46563 81
46563 46562 30
47347 47346 81
47346 47345 67
47345 47344 16
47344 47343 58
47343 47342 55
47342 47341 5
47341 47340 39
47340 47339 63
47339 47338 14
47338 47337 14
47581 47582 81
48412 48413 81
48413 48414 65
48414 48415 51
48415 48416 21
48416 2059 7
2059 2058 17
2059 2060 53
2060 2061 9
2061 2154 35
2154 2155 11
2155 2156 32
2156 2157 38
2157 2158 27
48416 48417 68
48417 48418 26
2155 46979 79
46979 46978 39
48434 48435 81
48435 48436 62
48436 48437 80
3127 49667 81
49667 49668 29
49668 49669 47
49760 49761 81
49761 49762 39
49762 49763 13
49763 49764 73
49764 49765 37
49765 49766 6
49766 49767 38
49767 49768 26
49768 49769 26
49769 49770 75
49770 49771 16
49771 49772 35
49772 49773 21
49773 49774 38
49774 49775 35
49773 47826 52
47826 47825 20
47825 47824 10
47824 47823 58
964 965 82
965 966 79
966 967 59
1091 1092 82
1092 1093 37
1093 1094 48
1094 1095 79
1095 1096 65
1096 1097 38
1097 1098 8
1098 1099 70
1806 1805 82
1805 1804 59
1804 1803 3
1803 1802 60
1802 1801 33
1801 1800 38
1800 1799 27
1799 1798 23
1798 1797 13
26110 2115 82
2115 2114 27
2114 2113 68
2113 2112 14
2112 2111 33
2158 2159 82
2159 2160 14
2160 2161 37
2197 2196 82
3107 3108 82
3325 3324 82
3324 3323 14
3323 3322 17
3322 3321 72
3321 25993 5
3321 3320 15
3320 3319 12
25993 25992 20
3319 3318 28
25992 25991 41
3318 3317 46
25993 25994 74
25994 25995 23
25995 25996 36
25996 23789 29
25996 25997 39
23789 23790 46
23790 23791 76
3426 3425 82
3425 3424 56
3424 3423 1
3423 3422 78
3422 3421 51
3421 3420 29
3420 3419 44
3419 3418 15
3844 3845 82
3845 3846 21
3846 3847 36
3880 3879 82
3879 3878 79
3878 3877 41
8666 3998 82
3998 3999 20
3999 4000 36
4000 4001 78
4001 4002 5
4002 4003 77
4116 4115 82
4115 4114 74
4114 4113 42
4113 4112 72
4112 5291 17
5291 5292 1
5291 47982 4
47982 47983 44
47983 47984 52
47984 47985 41
47985 47986 19
47986 47987 2
47982 47981 56
5291 5290 62
5290 5289 65
5289 9658 65
9658 9659 55
9659 9660 19
9660 9661 7
9658 5357 57
5357 5358 48
5358 5359 50
5359 5360 40
5360 5361 30
5361 5362 40
5362 5363 47
5363 5364 14
9658 9657 59
9657 9656 65
9656 9655 43
9655 9654 61
9654 9653 19
9661 9662 66
9662 9663 64
9663 9664 39
9664 9665 28
9665 9666 1
9653 9652 72
9652 9651 36
9651 9650 6
9650 9649 55
9666 9667 75
9667 9668 12
9668 9669 63
9669 9670 46
9670 9671 21
9671 9672 14
9672 9673 49
9673 9674 72
9674 35575 35
35575 35574 10
9674 9675 59
9675 9676 58
9676 9677 53
9677 9678 9
9678 9679 49
35575 35576 64
35576 35577 44
35577 35578 3
35577 21597 41
21597 12669 55
12669 12670 28
12670 12671 28
12671 12672 5
12672 7703 16
7703 7704 64
7704 7705 49
7703 7702 65
7702 7701 14
7701 7700 34
9679 9680 65
9680 9681 49
7700 7699 68
47987 47988 76
9650 5176 80
5176 5177 48
5177 5178 18
5178 5179 64
5179 5180 2
5180 5181 73
5181 5182 27
5182 5183 68
5182 6435 78
5364 5365 81
5365 5366 27
5366 5367 33
4161 4160 82
4160 12186 33
12186 12187 8
12187 12188 21
12186 12185 50
12185 12184 27
4160 47304 66
47304 47303 57
47303 47302 26
47302 47301 60
47301 47300 55
12184 12183 72
12183 12182 34
12182 12181 30
4160 4159 73
4159 4158 15
4158 4157 15
12188 12189 74
12189 12190 46
12190 12191 23
12191 12192 44
12192 12193 81
12193 12194 57
12194 12195 14
4713 4714 82
4714 4715 75
16626 4760 82
4760 4761 48
4761 4762 67
4762 4763 29
4763 4764 27
4762 6153 40
4764 4765 43
6153 6152 46
6153 6154 76
4765 4766 82
4766 4767 14
4767 4768 75
5140 5141 82
5148 5149 82
5149 5150 51
5200 5199 82
5199 5198 65
5198 5197 15
5197 5196 15
5196 5195 74
5583 5584 82
5584 5585 76
5585 5586 57
5597 5596 82
5603 5604 82
5604 5605 55
6402 6401 82
6817 6816 82
6816 6815 70
6815 6814 62
6814 6813 77
6813 6812 79
6812 6811 7
6811 6810 43
6810 6809 12
6809 6808 71
6808 6807 31
7224 7241 82
7241 7240 31
7240 7239 62
7239 7238 22
7442 7443 82
7443 7444 20
7560 7561 82
7705 7706 82
7993 7992 82
7992 2808 37
2808 2809 14
7992 7991 47
7991 7990 14
7990 7989 27
7989 7988 59
7988 7987 21
7987 7986 45
2809 2810 61
8139 8140 82
8140 8141 45
8141 8142 32
8285 8286 82
8436 8437 82
8437 8438 15
8437 16147 59
16147 16148 16
16147 16146 24
16148 16149 28
16149 1638 46
1638 45364 5
1638 1639 11
1638 1637 21
45364 45365 23
1637 1636 36
1639 1640 45
45364 45363 47
45363 45362 44
45365 45366 63
45362 45361 65
45361 45360 6
45360 45359 65
45359 45358 44
45358 45357 21
45357 45356 10
45356 45355 41
45355 45354 7
45366 45367 67
45354 45353 78
1636 1635 82
1635 1634 77
1634 1633 48
1633 1632 60
9330 9331 82
9331 9332 34
9332 9333 39
9331 45600 74
1602 9533 82
9533 42108 45
42108 42109 51
42109 42110 23
42110 42111 32
42111 42112 1
42112 42113 38
42108 42107 59
42113 42114 70
9533 9532 71
9532 9531 4
9531 9530 51
9530 26868 8
26868 26869 24
9533 9534 78
9534 9535 13
9535 9536 56
9536 9537 30
9636 9635 82
9635 9634 33
9743 9744 82
9744 9745 33
9745 9746 68
9746 9747 4
9747 9748 17
9748 9749 4
9749 9750 35
10092 10093 82
10240 10239 82
10239 10238 41
10238 10237 12
10834 10833 82
10833 10832 58
10832 10831 70
10831 10830 22
10830 10829 48
10829 10828 81
10828 10827 67
10827 10826 40
10826 10825 55
10825 10824 34
11254 11253 82
11253 11252 71
11332 11331 82
11331 38010 25
38010 38011 20
38011 38012 27
38012 38013 42
38013 38014 33
11331 11330 77
11330 11329 73
11329 37911 24
37911 37912 24
11329 11328 34
11328 11327 18
11327 11326 63
11326 11325 55
11325 11324 2
37911 37910 77
37910 42221 6
37910 37909 39
42221 42220 47
42220 42219 26
11525 11526 82
11526 11527 34
11527 11528 28
11528 11529 43
11529 11530 14
11530 11531 66
11531 11532 58
11527 31687 72
31687 31688 39
31687 31686 74
31686 31685 27
31685 31684 79
31684 31683 20
31683 43868 9
31683 31682 61
31682 31681 49
31681 31680 77
31680 31679 12
31679 31678 17
31678 31677 39
31677 31676 22
31678 23209 72
23209 23208 75
23208 23207 58
11759 11760 82
11760 11761 62
11761 11762 63
11762 11763 60
25606 12096 82
12096 12095 37
12095 12094 26
12094 12093 51
12093 12092 2
12092 12091 63
12091 12090 32
12090 12089 16
12089 12088 45
12088 12087 9
12087 12086 34
12088 19790 55
19790 19789 36
19789 19788 14
19790 19791 69
19791 19792 2
19792 19793 25
19793 19794 30
19794 19795 33
19795 19796 45
19788 19787 73
19787 19786 12
19786 23458 53
23458 23459 26
23459 23460 50
19796 19797 73
19797 19798 10
19798 19799 2
19799 19800 34
19800 19801 6
19801 19802 24
19800 35259 57
35259 35260 13
35260 28708 18
28708 28707 16
28707 28706 31
35260 795 46
795 794 20
35259 35258 59
35258 35257 40
19802 19803 60
19803 21080 24
28707 28417 63
21080 21079 73
35257 35256 73
795 796 74
28417 28416 74
28416 28415 67
28415 28414 47
28414 28413 61
28417 28418 75
28418 28419 25
28419 28420 15
28413 28412 77
28412 28411 46
28411 28410 24
28410 28409 25
28409 28408 2
28408 28407 38
28407 28406 34
28406 28405 7
28405 28404 5
28404 28403 39
28403 28402 49
28402 28401 59
28401 28400 34
28400 28399 6
19803 19804 79
19804 19805 4
28706 28705 80
28705 28704 2
28704 28703 21
28708 28709 80
28709 28710 42
28710 28711 10
796 797 81
797 2930 29
2930 2929 42
2929 2928 45
2928 2927 70
12864 12865 82
12865 12866 1
12866 12867 11
13288 13289 82
13289 13290 18
13290 13291 31
13291 13292 18
13292 13293 5
13289 30490 73
30490 30491 1
30490 30489 18
30489 30488 73
30488 30487 13
30487 30486 29
30486 30485 50
30485 30484 20
30491 30492 74
30492 30493 66
30493 35092 3
35092 35091 43
35091 35090 20
35090 35089 30
35089 35088 12
35092 35093 63
35093 26552 30
26552 33445 10
35093 35094 39
26552 26551 45
26551 26550 5
26550 22072 14
22072 22073 6
22073 22074 3
22074 22075 19
22075 22076 1
22076 22077 35
22077 22078 13
22078 22079 56
22072 22071 59
33445 33444 66
33444 33443 33
33443 33442 43
33442 33441 46
33441 33440 10
33440 33439 66
35094 35095 76
35095 35096 4
35096 35097 25
35097 35098 33
35098 35099 20
35099 35100 80
26550 26549 81
26549 26548 25
26548 26547 32
26547 26546 19
26548 25463 34
25463 25464 3
26546 26545 72
26545 26544 26
26544 26543 44
26543 26542 5
26543 14080 40
14080 14081 17
14081 14082 7
26542 26541 48
25463 25462 73
14082 14083 75
14083 14084 19
14084 14085 5
14085 14086 24
14086 14087 14
14087 14088 48
14088 14089 29
14089 14090 9
14090 14091 27
14091 14092 7
33445 33446 81
33446 33447 60
46597 13734 82
13734 13735 17
14034 14033 82
14033 14032 7
14283 14284 82
14515 14514 82
14514 14513 74
14751 14752 82
15010 15009 82
15009 15008 36
15037 15038 82
15317 15318 82
43916 15334 82
15334 15333 39
15333 15332 33
15332 15331 9
15331 15330 15
15334 15335 47
15335 15336 37
15336 15337 34
15337 8689 1
15337 15338 9
8689 8688 12
8689 8690 38
8688 8687 43
8690 8691 43
8691 8692 7
8692 34597 24
34597 34596 19
34596 34595 19
34596 43976 23
34595 34594 24
34597 34598 50
34598 34599 21
43976 43975 50
34594 34593 58
34593 34592 18
8687 8686 63
8686 8685 59
8685 8684 44
43976 43977 69
8692 8693 73
8693 8694 51
8694 8695 17
8695 8696 70
15338 15339 76
15339 15340 51
15340 15341 66
15655 15656 82
15656 15657 47
16299 16300 82
16300 16301 26
16301 16302 58
16728 16729 82
17048 17047 82
17047 17046 35
17046 17045 51
17045 17044 17
17044 17043 35
17043 17042 40
17076 17077 82
17125 17124 82
17124 17123 30
17123 17122 28
17122 17121 78
17121 17120 49
17120 17119 51
17119 17118 49
17118 27190 25
27190 27189 14
27189 27188 34
27190 27191 58
27191 27192 16
27192 27193 3
27192 22549 9
22549 22548 57
22548 22547 55
22547 22546 54
17118 17117 62
27188 27187 75
27187 27186 76
17117 17116 82
17203 17204 82
17204 17205 17
17204 42976 68
42976 42975 42
42975 42974 68
42974 38303 78
38303 38302 50
38302 38301 9
38301 38300 32
38300 38299 50
17369 17370 82
17893 17894 82
17947 17946 82
17946 17945 48
17945 17944 43
17944 17943 16
17943 17942 6
17942 47779 62
47779 3536 8
47779 47780 19
47780 47781 20
47781 47782 38
47779 47778 76
47778 47777 28
47777 47776 7
47782 47783 76
47783 47784 33
47784 47785 32
17942 17941 79
17941 17940 28
17940 17939 1
17939 17938 54
18175 18174 82
18567 18568 82
18568 18569 68
18569 18570 25
18570 18571 69
18571 18572 21
18572 18573 68
18573 18574 14
18574 18575 8
18575 18576 76
18576 18577 27
18577 18578 41
18578 18579 71
18809 18808 82
18808 18807 18
18807 18806 26
18806 18805 30
18805 18804 16
18804 47507 45
47507 47506 2
47507 47508 25
47506 47505 37
47505 47504 56
47504 47503 53
47503 47502 57
47502 47501 14
47501 47500 61
47500 47499 40
47499 4099 48
4099 4098 43
47499 47498 63
4099 4100 70
4100 4101 59
47508 47509 81
47509 47510 60
47510 47511 22
47509 47084 66
47084 19908 6
47084 47085 7
19908 19907 38
19908 19909 50
19909 19910 48
47085 47086 54
19907 19906 70
47086 47087 70
19906 19905 71
19905 19904 43
19904 19903 55
19903 19902 11
19902 19901 29
19901 19900 72
19900 19899 55
19899 19898 79
19898 19897 35
19897 30413 60
30413 30412 10
30413 30414 33
30414 30415 22
30412 30411 46
30411 30410 3
30410 30409 34
30415 30416 52
19480 19479 82
19479 19478 75
19698 19697 82
19894 19893 82
19893 19892 28
19892 19891 15
20110 20111 82
20111 20112 63
20112 20113 33
20144 20143 82
20143 20142 40
20258 20257 82
20293 20294 82
20294 20295 43
20486 20487 82
20487 20488 15
20488 20489 21
20489 41210 34
41210 41211 18
41211 41212 38
41212 41213 58
20504 20505 82
20505 20506 25
20506 20507 28
20507 20508 35
20810 20809 82
20809 20808 58
15282 21006 82
21006 21007 53
21007 21008 67
21008 21009 80
21009 21010 82
21010 21011 51
21011 21012 49
21012 5592 63
5592 5593 12
5592 5591 16
5591 5590 31
5593 5594 37
5594 5595 10
5590 5589 65
21012 21013 66
5589 5588 72
5588 23853 35
23853 23852 49
23852 23851 22
23851 23850 50
23853 23854 55
5588 5587 58
21060 21061 82
21463 21462 82
21462 21461 3
21527 21526 82
21597 21596 82
21596 21595 36
21595 21594 47
21594 21593 39
21593 21592 56
21592 4801 38
4801 4802 12
4801 4800 21
4802 4803 53
21592 21591 62
21591 21590 11
21590 21589 21
21589 41559 57
4803 4804 79
4804 4805 61
4805 4806 53
4806 41630 57
41630 41631 74
41631 41632 30
41559 41558 79
41558 41557 53
21879 21878 82
21933 21934 82
21934 21935 81
21935 21936 60
21936 21937 80
21937 26553 11
22408 22409 82
22409 22410 42
22410 22411 16
22411 22412 57
22613 22614 82
22614 22615 45
22615 22616 61
22616 22617 76
22617 22618 11
22618 22619 32
23070 23071 82
23071 23072 46
23186 23185 82
23185 23184 21
23184 23183 76
23183 23182 64
23185 32878 79
32878 32879 10
32878 32877 48
23289 23290 82
23290 22441 50
22441 22442 36
22442 22443 40
22443 22444 44
22444 22445 49
22445 22446 6
22446 22447 68
22447 22448 76
22448 22449 73
23325 23326 82
23326 23327 38
23327 23328 70
23328 23329 21
23329 23330 18
4198 23620 82
23620 23619 56
23710 23709 82
23709 23708 55
23708 23707 11
23707 15897 42
15897 15896 24
15896 15895 1
15895 15894 13
15897 15898 50
23858 23857 82
23857 23856 57
23856 23855 74
23921 23920 82
17292 24053 82
24053 24052 63
24052 24051 12
24052 10547 61
10547 10548 33
10548 10549 10
10547 10546 37
10546 10545 43
10545 10544 31
10549 10550 49
10544 10543 56
24051 24050 67
24050 24049 64
24049 49576 21
24049 24048 69
49576 49577 71
49577 49578 2
49578 49579 39
49579 49580 31
49580 49581 1
24053 24054 76
24054 24055 55
24055 24056 15
24056 24057 42
24057 24058 35
24058 24059 29
24059 24060 51
10550 10551 78
10551 10552 74
10552 10553 3
10553 10554 11
10554 10555 37
10555 10556 13
10556 10557 56
10557 32025 20
32025 32024 40
32025 32026 55
10557 10558 67
10558 10559 8
10559 10560 54
10560 10561 36
32026 32027 71
24048 24047 78
24047 24046 5
24046 24045 33
24060 24061 79
24061 24062 55
10558 42982 81
42982 42983 48
42983 42984 23
42982 42981 66
24199 24198 82
24198 24197 5
24198 49433 10
49433 49434 53
49434 29171 1
29171 29172 33
29171 29170 42
29170 29169 22
29169 29168 21
29168 29167 4
29172 29173 46
29173 29174 59
49434 49435 62
49435 49436 44
24197 24196 66
24196 24195 19
24195 24194 1
24319 24318 82
24318 24317 75
24317 24316 4
24316 24315 15
24315 24314 37
24314 24313 77
24313 24312 9
29326 24328 82
24328 24327 18
24327 24326 29
24326 24325 35
24325 24324 53
24324 24323 77
24323 24322 55
24328 24329 78
24322 24321 82
24489 24488 82
405 24778 82
24778 24779 75
24778 24777 80
24777 24776 43
24776 24775 36
24775 24774 52
24774 24773 19
24865 24864 82
24864 24863 1
24863 24862 27
24862 24861 12
24862 18480 41
18480 18479 24
18480 18481 27
24862 34950 56
34950 34951 22
34951 34952 22
18479 18478 60
34950 34949 62
34949 34948 61
34952 34953 62
34953 34954 54
34954 34955 30
34955 34956 45
34954 29916 48
29916 29917 28
29917 37838 13
24863 14272 80
14272 14273 43
14273 14274 64
14272 14271 65
14274 14275 68
14275 14276 61
14276 14277 31
14277 14278 64
14278 14279 46
14279 14280 10
14280 14281 36
14279 46671 68
46671 46670 63
46671 46672 63
46672 46673 72
14271 14270 80
14270 14269 42
14269 14268 9
14269 12821 75
34948 34947 80
34947 34946 44
34946 18852 80
18852 18851 72
18851 18850 45
18850 18849 58
29916 29915 81
29915 29914 26
29914 29913 62
29913 29912 14
29912 29911 35
29911 29910 10
29912 41160 53
41160 41159 31
29910 29909 59
41159 41158 72
41160 41161 77
14268 14267 82
14267 14266 20
14266 14265 49
14265 14264 27
14264 14263 32
25227 25228 82
25228 25229 45
25262 25261 82
25261 25260 77
25260 25259 71
25259 25258 67
25258 25257 18
25739 25740 82
25840 25841 82
25886 25887 82
25942 25943 82
11944 26440 82
26440 26441 15
26441 26442 69
26442 26443 29
26440 26439 70
32233 26533 82
26533 26532 67
26532 26531 73
26531 26530 35
26530 26529 59
26529 26528 9
26528 26527 44
26527 26526 37
26529 42553 65
42553 42554 7
42554 42555 53
42553 42552 74
42552 42551 80
27380 27381 82
27381 27382 60
27382 27383 2
27383 27384 21
27384 27385 48
27385 27386 53
17225 27559 82
27559 27560 21
27559 27558 70
27558 27557 78
27557 27556 51
27556 27555 80
27555 27554 62
27554 27553 63
27553 27552 60
27921 27922 82
27922 27923 69
27923 27924 53
27924 27925 71
27925 27926 14
27926 27927 8
27927 27928 64
27982 27983 82
27983 27984 31
27984 27985 1
27985 27986 3
27986 27987 17
27987 38280 1
38280 38279 4
38279 38278 9
38280 38281 38
27987 27988 39
27988 27989 35
27989 27990 39
27990 33093 17
33093 33094 8
27990 8973 27
33093 33092 39
27990 27991 70
27984 42345 72
42345 42344 60
42344 42343 63
42345 42346 74
42346 42347 38
42347 42348 22
42347 5482 74
5482 5483 18
5483 5484 54
28033 28032 82
28032 28031 17
28031 6218 30
6218 6217 68
28066 28067 82
28067 28068 18
28068 28069 71
28069 28070 59
28138 28139 82
28139 28140 75
28140 28141 24
28141 28142 63
28215 28214 82
28323 28324 82
28324 28325 61
28324 39576 65
39576 39575 70
39575 39574 29
39574 39573 51
28399 28398 82
28398 28397 54
28397 28396 25
28396 28395 46
28395 28394 51
28394 28393 38
28393 28392 19
28392 28391 42
28391 28390 47
28529 28528 82
28528 28527 55
28644 28645 82
28645 35358 42
35358 35357 35
35357 35356 28
35358 35359 57
35359 35360 22
28645 28646 58
28646 28647 46
35360 35361 63
28647 28648 66
28648 20785 50
35356 35355 72
35355 35354 32
35354 35353 52
28788 28789 82
28789 28790 49
29047 29046 82
29046 29045 60
29045 29044 19
29791 29790 82
29790 29789 22
29789 29788 77
29788 29787 10
30342 30343 82
30343 30344 12
30551 30550 82
30550 30549 39
30549 30548 58
30548 30547 32
30547 30546 10
30546 30545 17
30545 30544 50
30544 30543 76
30543 30542 41
30542 30541 47
31081 31080 82
31080 31079 53
31079 31078 19
31078 31077 25
31115 31114 82
31114 16569 21
16569 16570 6
16570 16571 32
16571 16572 31
16572 16573 51
16573 16574 18
16570 5538 54
16574 16575 54
16575 15863 2
15863 15864 56
15864 15865 6
15865 15866 55
15866 15867 5
15867 15868 76
15868 15869 73
15865 1713 79
1713 1712 8
1712 1711 50
1711 1710 59
1710 1709 45
1709 1708 8
1708 1707 13
1713 1714 61
1714 1715 64
1715 1716 24
1716 1717 63
1717 1718 58
1707 1706 68
1706 1705 41
1713 34400 68
34400 34401 22
34400 34399 28
34399 34398 32
34401 34402 53
34398 34397 56
34397 34396 2
34402 34403 59
34396 34395 74
34395 34394 5
34394 34393 78
34393 34392 76
34392 3048 18
3048 3049 42
3049 3050 34
3050 3051 12
34392 34391 48
34403 34404 78
34404 34405 7
34405 34406 15
34406 34407 10
34407 34408 14
34408 34409 6
5538 5539 80
5539 5540 55
5540 5541 8
5541 5542 57
31147 31146 82
31328 31327 82
31327 31326 80
31326 31325 6
31325 31324 10
31324 31323 78
31323 31322 16
31479 31478 82
31478 31477 53
32244 32245 82
32402 32401 82
32573 32572 82
32572 32571 60
32571 32570 17
32570 32569 9
32569 32568 54
32568 32567 44
32571 36947 70
36947 36946 65
36946 36945 74
36945 36944 69
36944 36943 41
36943 36942 77
36942 36941 34
36941 21741 14
21741 21742 23
21742 21743 16
32567 32566 78
32566 32565 19
32565 32564 35
32564 32563 26
32566 2435 42
2435 2434 25
2434 2433 7
2433 2432 12
2432 2431 10
32564 49256 59
49256 49257 70
32563 32562 73
2431 2430 74
2430 2429 63
2429 2428 12
2428 2427 57
36941 36940 81
36940 36939 47
9273 32720 82
32720 32719 35
32719 32718 8
32718 32717 25
32720 32721 69
32721 32722 9
32722 32723 1
32723 32724 5
32724 32725 56
32725 32726 57
32726 32727 9
32727 32728 5
32728 32729 60
32729 32730 78
32730 32731 4
32731 30163 1
30163 42875 27
42875 42874 16
42874 42873 50
30163 30162 71
30162 30161 40
30161 30160 59
30160 30159 53
30159 30158 65
30158 30157 17
30158 38168 29
38168 38167 23
38168 33647 29
33647 33646 43
33646 33645 49
38168 38169 54
38169 38170 30
38170 38171 12
38171 38172 17
38172 38173 2
38172 9797 64
9797 9798 36
9797 9796 38
9796 9795 33
9795 9794 22
9794 9793 66
38167 38166 69
38166 38165 53
32731 15601 72
15601 15600 55
15601 15602 73
15602 15603 76
15603 15604 9
9793 9792 79
9792 9791 26
15604 15605 80
9798 9799 81
9799 9800 26
9800 9801 24
9801 9802 1
9802 9803 50
9803 9804 29
9804 9805 8
9805 9806 80
32717 32716 82
32716 32715 1
32715 32714 5
32714 32713 72
32713 32712 27
32712 16462 67
16462 16461 2
16461 16460 66
16460 16056 18
16460 16459 38
16459 16458 13
16458 16457 62
16457 16456 57
16456 16455 4
16455 16454 7
16454 16453 40
16453 16452 64
16452 16451 52
16451 16450 35
32779 32780 82
33001 33000 82
33000 32999 68
33235 33234 82
33234 33233 53
33233 33232 78
33232 33231 32
33231 33230 8
33230 33229 36
33229 33228 8
33228 33227 1
33227 46933 16
46933 46934 11
46934 46935 33
46935 46936 15
46934 28548 53
28548 28547 1
33227 33226 64
33226 28485 2
28485 28486 19
28486 28487 14
28485 28484 35
33226 33225 68
33225 33224 20
28547 28546 71
28546 28545 23
28545 28544 51
28544 28543 33
46936 46937 76
46937 46938 41
46938 46939 17
28487 28488 78
28488 28489 78
28489 28490 25
28490 28491 48
28548 28549 79
28549 28550 39
28550 49105 35
28484 28483 80
28483 28482 47
28482 28481 17
28481 28480 56
28480 28479 10
28479 7693 20
7693 7692 26
28479 28478 41
28478 28477 60
28477 28476 45
28476 28475 5
28475 28474 70
28474 28473 69
7693 7694 73
7692 7691 76
33262 33261 82
33280 33281 82
33281 33282 30
33282 33283 31
33281 44390 41
44390 44391 2
44391 44392 80
44392 44393 18
44393 44394 37
44394 44395 30
44395 44396 7
44396 44397 38
44397 44398 26
44394 42341 66
42341 42340 62
42340 42339 37
44398 44399 70
44399 44400 8
44399 26426 28
44400 44401 38
26426 26425 79
26425 26424 6
26424 26423 58
26423 26422 25
26422 26421 73
44401 44402 80
44402 44403 79
33809 33810 82
33810 33811 18
33811 33812 70
33852 33851 82
33851 33850 38
33850 33849 8
33849 33848 26
33848 33847 34
33851 46014 62
33847 33846 76
33881 33880 82
34078 34077 82
34077 34076 71
34076 34075 1
34075 34074 71
34074 34073 34
34074 35986 47
35986 35987 13
35987 35988 14
34073 34072 48
34072 34071 19
34071 34070 53
34070 34069 55
34069 34068 2
35986 35985 74
35985 35984 11
35984 35983 76
35983 35982 38
35982 35981 10
35981 35980 46
35980 35979 29
35979 35978 19
35978 35977 33
34249 34248 82
34248 34247 9
34247 34246 54
34246 34245 9
34245 34244 5
34244 34243 72
34243 34242 66
34242 34241 20
34241 34240 78
34240 34239 53
34316 34315 82
34315 34314 3
34314 34313 55
34313 34312 59
34312 34311 69
34311 34310 52
34803 34802 82
34802 34801 78
34801 34800 48
34800 34799 48
34799 34798 41
34798 34797 44
34797 34796 22
34796 34795 64
34795 34794 14
34794 34793 72
34793 34792 61
34862 34863 82
34863 34864 21
34864 34865 29
34865 34866 43
34898 34899 82
35088 35087 82
35087 35086 27
35522 35523 82
35523 35524 77
35524 35525 82
36129 36130 82
36130 39736 1
36130 36131 8
39736 39737 74
39737 39738 58
39738 39739 31
39739 39740 57
36324 36323 82
36323 36322 57
36322 36321 47
36321 36320 19
36320 36319 68
36319 36318 46
36318 36317 72
36317 36316 51
36316 36315 77
36315 36314 65
36904 36905 82
36905 36906 42
36906 5506 19
5506 5507 43
5507 5508 57
5508 5509 38
5509 5510 33
5510 5511 37
5511 5512 52
5512 5513 34
36994 36993 82
36993 36992 35
37013 37014 82
37014 37015 11
37015 37016 19
37016 37017 79
37017 37018 51
37018 37019 80
37019 37020 66
37020 37021 20
37021 37022 69
37022 11547 8
11547 11546 9
11547 11548 78
11548 11549 18
11549 11550 70
11550 11551 9
11551 11552 50
11552 11553 28
11553 11554 11
11554 11555 45
11555 44272 11
44272 44273 60
44272 44271 79
11555 11556 80
11546 48458 80
44273 44274 81
44274 44275 17
44275 36 47
36 35 22
35 21042 14
21042 21041 15
36 37 45
35 34 61
34 33 32
33 32 25
32 31 32
37 38 68
38 39 4
31 30 70
30 29 76
29 28 9
28 27 34
27 26 37
26 25 33
25 24 78
21041 21040 81
37495 37494 82
37494 37493 54
37648 37647 82
37647 37646 34
37646 37645 38
37645 37644 4
37644 37643 19
37643 34419 78
34419 34420 19
37643 37642 81
37642 37641 7
37641 1660 14
1660 1661 66
1661 1662 80
1662 1663 25
1663 1664 54
1664 1665 4
1665 1666 45
1666 1667 37
1667 1668 31
37861 37860 82
37860 37859 2
37859 37858 6
37858 37857 11
37857 37856 9
37856 46282 18
37856 37855 44
46282 46281 52
46281 46280 34
46280 46279 47
46279 42496 19
46282 31813 64
42496 42495 67
42495 42494 42
42494 42493 10
42493 42492 16
46279 46278 73
42496 42497 76
42497 42498 66
42498 42499 42
46278 46277 81
46277 46276 17
46276 33861 21
33861 33862 71
38530 38531 82
39217 39218 82
39218 39219 43
39390 39389 82
39389 8943 44
8943 8944 32
8943 8942 50
8942 8941 1
39389 39388 59
10670 39409 82
39409 39410 1
40215 40216 82
40216 40217 60
40217 40218 12
40218 40219 81
40752 40753 82
40753 40754 51
40754 40755 11
40755 40756 5
40756 40757 10
40757 40758 28
40758 44511 23
44511 44512 7
44511 44510 51
44510 44509 65
44512 44513 74
42183 42182 82
42182 425 26
425 31438 16
425 424 20
31438 31437 48
31437 31436 42
31436 31435 14
31435 31434 11
31434 31433 12
31433 31432 43
31432 31431 26
31431 31430 38
31430 31429 47
425 426 59
31436 12388 63
12388 12389 69
12389 12390 27
12390 12391 26
12391 12392 14
12392 12393 43
12393 12394 65
12394 12395 77
12395 12396 73
12396 12397 29
12397 12398 47
12398 12399 38
12399 12400 17
12400 12401 2
12401 12402 17
12402 48419 33
48419 48420 18
48420 48421 29
31429 31428 79
42182 42181 82
42239 42240 82
42341 42342 82
42342 47921 19
47921 47922 48
47922 47923 32
47921 47920 67
47920 47919 50
47919 47918 33
47918 47917 40
47917 47916 56
42409 42408 82
42408 42407 74
42407 42406 16
42407 48055 58
48055 48056 47
48056 30007 54
30007 30006 50
30007 30008 72
30008 29177 22
29177 29178 40
29177 29176 73
29176 29175 58
29176 36593 61
36593 36592 18
36592 36591 33
36591 36590 17
36590 36589 57
36593 36594 63
36594 36595 33
36589 36588 65
36588 36587 47
36587 36586 45
36586 36585 32
36585 36584 27
36584 36583 5
36583 36582 70
42406 42405 82
42405 42404 22
42404 42403 34
42403 42402 49
42402 42401 33
42401 42400 52
25735 42426 82
42426 42427 13
42427 42428 36
42426 42425 67
42425 42424 49
42424 42423 25
42423 42422 61
42422 42421 35
1039 42660 82
42660 42661 29
42660 42659 79
42659 42658 18
42658 42657 15
42717 42718 82
42718 42719 20
42739 42740 82
42740 42741 2
42741 42742 62
42742 42743 46
43278 43277 82
43277 43276 23
43329 43330 82
43330 43331 41
43331 43332 66
43332 43333 29
43333 43334 37
43650 43651 82
43651 43652 44
43652 43653 46
43653 43654 69
43654 43655 66
43655 43656 16
43655 32346 31
32346 32345 24
32346 32347 28
32347 32348 6
32345 32344 58
43911 43910 82
43910 43909 50
43909 43908 81
43908 43907 65
44127 44128 82
44154 44153 82
44153 44152 65
44152 44151 23
44151 44150 58
44150 44149 8
44149 44148 44
44148 44147 24
44147 44146 48
44146 44145 68
44145 44144 56
44660 44659 82
44659 44658 4
30296 44927 82
44927 44926 32
44926 44925 14
44926 17512 16
44925 44924 22
44924 44923 14
17512 17513 45
17512 17511 48
44927 44928 62
44927 47819 67
47819 47818 65
47818 47817 16
47819 47820 67
47820 47821 60
44923 44922 68
44923 13531 69
13531 13530 11
13530 13529 36
13529 13528 4
13528 13527 42
13527 13526 8
47821 47822 72
17511 17510 73
17510 17509 13
17509 17508 60
17508 17507 35
17507 17506 31
17506 17505 62
17505 48512 60
48512 48513 31
17505 17504 61
17504 17503 22
17503 17502 31
48513 48514 71
48514 48515 62
47817 47816 73
47816 18848 35
18848 18847 57
18847 18846 39
18846 18845 76
48515 48516 80
44928 44929 81
44929 22907 77
22907 22906 46
22906 22905 33
22905 22904 24
22904 22903 12
22903 22902 21
22902 22901 4
22901 22900 34
22900 22899 75
22899 22898 61
22898 41774 28
41774 41775 13
22898 22897 79
22897 22896 33
22896 22895 15
19240 44957 82
44957 41872 31
44957 44956 34
44956 44955 58
44955 44954 17
44957 44958 76
44958 44959 58
44959 44960 49
44960 44961 64
44967 44966 82
45085 45086 82
45086 45087 63
21058 45202 82
45202 45203 13
45203 45204 35
45204 45205 66
45205 45206 42
45206 45207 40
45207 45208 20
45530 45531 82
45531 45532 53
45532 45533 14
45672 45671 82
45671 45670 77
45670 45669 59
46222 46223 82
46223 46224 50
46224 46225 31
46225 46226 77
46226 46227 42
46227 46228 10
46228 46729 51
46729 46730 28
46729 46728 39
46728 46727 3
46727 46726 43
46228 46229 60
46229 46230 60
46726 46725 68
46725 46724 20
46724 46723 30
46723 46722 40
46722 46721 18
46724 31223 43
46722 7401 53
7401 7402 17
7402 7403 19
7403 7404 5
7404 35921 1
7404 7405 20
7405 7406 22
7401 7400 23
7400 7399 1
7406 7407 40
7399 7398 48
35921 35922 54
35922 35923 18
7398 7397 59
7397 7396 23
7396 7395 75
7395 7394 6
46730 46731 77
31223 31222 78
46731 46732 78
46732 46733 8
46443 46444 82
46444 46445 67
46445 46446 38
46446 46447 53
46447 46448 65
46668 46669 82
46949 46950 82
46950 46951 54
46951 46952 6
46952 46953 32
46950 27874 75
27874 27873 5
27873 27872 26
27872 27871 54
27871 27870 20
27870 27869 61
27874 27875 68
27875 27876 74
27876 27877 10
27877 27878 69
27878 27879 67
27879 27880 21
27880 27881 36
27881 27882 75
27882 9825 9
9825 9824 8
27882 27883 53
9824 9823 66
9825 9826 74
27871 43136 75
43136 43137 68
9823 9822 78
27883 27884 79
27884 27885 63
27885 27886 76
27886 27887 26
27887 27888 79
27888 27889 16
27889 27890 13
47011 47010 82
47010 47009 19
47009 47008 70
47008 47007 16
47007 47006 21
47006 47005 9
47005 47004 39
6758 47162 82
47162 47161 15
47162 47163 39
47163 47164 30
47164 47165 7
47164 14725 76
14725 14724 52
14724 14723 40
14723 14722 4
14722 14721 28
14721 14720 14
14720 14719 44
14719 14718 62
14718 14717 59
14717 14716 48
14716 14715 58
14715 14714 66
14714 14713 26
14713 14712 12
14712 14711 35
14711 14710 47
14710 14709 76
14709 14708 65
14725 14726 82
14726 14727 20
14727 14728 74
14728 14729 64
14729 14730 65
14730 14731 52
47382 47381 82
47381 47380 66
47380 47379 38
47461 47462 82
47694 47695 82
47695 47696 73
47710 47711 82
47711 47712 39
47976 47975 82
47975 47974 64
48099 48098 82
48098 48097 1
48204 48203 82
48421 48422 82
49141 49140 82
49140 49139 10
49139 49138 50
49138 49137 58
49137 49136 46
49136 49135 72
49135 49134 47
49134 49133 29
49133 41220 2
41220 41219 18
41219 41218 10
41218 41217 1
41220 41221 41
41221 41222 20
41222 41223 54
41223 41224 50
41224 41225 40
41225 41226 34
41226 41227 15
41227 41228 63
49182 49183 82
49183 49184 25
49183 14228 26
14228 14227 5
14228 14229 31
14229 14230 17
49184 49185 52
49185 49186 22
49186 49187 27
14230 14231 62
14230 21358 62
21358 21359 42
49187 49188 62
21358 21357 63
49188 49189 64
49189 49190 12
49189 38096 43
38096 38095 34
38095 38094 53
38094 43690 37
43690 43689 36
43689 43688 44
43690 43691 64
43691 43692 22
38096 38097 73
38097 38098 32
38098 38099 55
38099 38100 56
38100 5433 55
5433 5434 40
38100 38101 70
5433 5432 71
5432 5431 60
21359 21360 77
21360 21361 38
21357 21356 78
21356 39371 21
39371 39372 23
43688 43687 79
43687 43686 60
43686 46886 40
46886 46885 10
43686 43685 43
46885 46884 54
46884 46883 54
46883 31642 33
43686 42036 63
42036 42035 17
31642 31643 79
31643 31644 66
31644 31645 49
46886 46887 79
46887 46888 10
46888 46889 28
46889 46890 65
46890 46891 36
46891 46892 27
46890 22494 41
22494 31496 23
31496 31497 20
31496 31495 52
46892 46893 53
31495 31494 54
31494 31493 42
31497 42972 76
42972 42971 26
43685 43684 80
43684 43683 41
43683 43682 76
43682 43681 61
43681 43680 79
43680 43679 76
49367 49366 82
49366 4362 22
4362 4363 3
4362 4361 54
4363 4364 58
4364 4365 18
4365 4366 70
4366 4367 34
49366 49365 82
49365 49364 53
49364 49363 29
49363 36832 71
36832 36831 34
36831 36830 4
36832 36833 46
36833 36834 21
36834 36835 33
36835 36836 67
49411 49412 82
49412 49413 43
49413 49414 13
49414 49415 12
49415 49416 28
49416 49417 48
49417 49418 70
49418 49419 13
49414 49297 73
49297 49296 40
49296 49295 1
49295 49294 51
49297 49298 67
49994 49995 82
49995 49996 40
89 88 83
88 87 27
87 86 9
133 132 83
132 131 15
131 130 5
131 46322 13
46322 46323 22
46323 46324 4
46324 46325 30
130 129 50
129 128 20
46325 46326 64
46326 46327 3
46327 46328 45
46328 46329 10
128 127 69
127 126 5
126 125 3
125 124 37
124 123 61
123 122 75
122 121 40
121 120 52
122 44253 60
44253 44252 22
44252 44251 16
44251 44250 7
44253 44254 49
120 119 62
119 118 40
44250 46175 80
46175 46176 62
46176 46177 12
46177 46178 71
46178 46179 52
46178 5133 61
5133 5134 12
5134 5135 11
5135 5136 60
5136 5137 9
5137 5138 53
46179 46180 71
46180 46181 10
46181 46182 53
46182 46183 72
46183 46184 63
46184 46185 9
236 237 83
355 354 83
354 353 8
353 352 24
352 351 10
351 350 6
350 349 40
349 348 20
450 451 83
451 452 31
452 41681 62
41681 41682 27
41682 41683 52
41681 38296 72
38296 38297 15
38297 38298 39
38298 46784 74
46784 46785 4
46784 46783 35
46783 46782 34
46785 46786 38
46786 46787 26
46787 46788 23
46788 46789 60
46782 46781 74
46781 46780 44
46780 46779 13
46779 46778 46
46780 5760 65
5760 5759 74
5759 5758 14
5758 5757 78
5757 5756 45
5756 5755 39
5755 5754 28
5754 5753 47
46778 46777 80
46777 46776 14
46776 46775 54
46789 46790 81
46790 46791 73
46791 46792 13
634 633 83
633 632 38
632 631 28
632 41181 38
959 958 83
958 957 74
957 956 19
956 955 28
1103 1102 83
1102 1101 49
1101 1100 17
1101 6212 57
6212 6211 25
6212 6213 38
6211 6210 80
6213 6214 82
6214 6215 51
6215 6216 76
1581 1582 83
1582 1583 73
1583 1584 14
1584 1585 79
1585 1586 50
1632 1631 83
1631 1630 62
1630 1629 54
1629 1628 66
1628 1627 81
2355 2356 83
2356 2357 26
36298 2379 83
2379 2378 17
2378 2377 80
2500 2501 83
2501 2502 7
2502 2503 57
2503 2504 58
2502 17198 72
17198 17199 15
17199 25116 28
25116 25117 21
17199 17200 41
17200 17201 32
17201 17202 33
2667 2668 83
2668 2669 72
2678 2679 83
2679 2680 59
2680 2681 70
2681 2682 35
2682 2683 27
2716 2717 83
2717 26879 33
2717 2718 48
26879 26880 80
26880 26881 3
26881 26882 10
26882 26883 22
26883 26884 65
3403 3404 83
3404 3405 16
3405 3406 15
3406 3407 42
3407 3408 79
3408 3409 15
3409 3410 6
3410 3411 3
3411 3412 65
3412 3413 23
3413 3414 19
3571 3570 83
3570 3569 53
3569 3568 31
3568 3567 13
3567 3566 14
3566 3565 83
3565 3564 61
3564 11623 63
11623 11624 36
11624 11625 72
11625 26807 1
26807 26806 49
26806 26805 53
11625 38515 58
38515 38514 36
26805 26804 67
26804 26803 43
26803 26802 64
26802 26801 37
26801 26800 34
38515 38516 75
38516 38517 62
38517 38518 5
38518 38519 12
38519 38520 17
38520 38521 16
38521 38522 4
38522 38523 31
38523 38524 66
38514 38513 76
38513 38512 26
38512 38511 11
38512 6531 13
6531 6530 37
6530 6529 4
6529 6528 38
6528 6527 49
6527 6526 4
6531 6532 67
6532 6533 61
6533 6534 33
6526 6525 75
6534 6535 75
6535 6536 38
11625 11626 80
4074 4073 83
4073 4072 2
4072 4071 52
4071 4070 7
4070 4069 59
4069 4068 66
4068 4067 30
4067 4066 65
4066 4065 48
4112 4111 83
4111 4110 71
4110 4109 1
4132 4131 83
4131 4130 25
4130 4129 16
4129 4128 57
4128 4127 62
4157 4156 83
4780 4779 83
4779 4778 16
4778 4777 29
4777 4776 77
4776 4775 48
4775 4774 1
4774 4773 66
4773 4772 77
4772 4771 45
4771 4770 74
4770 4769 9
4770 33114 55
33114 33115 79
33115 33116 12
33116 33117 54
33117 33118 16
33118 33119 78
4840 4839 83
4839 4838 33
4838 4837 47
4837 4836 33
4836 4835 18
4835 4834 33
4834 4833 47
4948 4947 83
4947 4946 18
4946 4945 19
4945 4944 76
4944 4943 31
5119 5120 83
5383 5382 83
5558 5559 83
5765 5764 83
5764 5763 31
5763 5762 45
5762 5761 25
5761 49722 35
49722 49721 15
49722 49723 26
5763 39632 49
39632 39633 10
39633 39634 54
39634 39635 35
39635 39636 24
49721 49720 54
49723 49724 54
49720 49719 65
49719 49718 50
49724 49725 73
49725 49726 80
49726 49727 11
49727 49728 30
49728 49729 31
49729 49730 29
49730 49731 28
5779 5780 83
5780 5781 9
5781 5782 6
5782 5783 23
5783 5784 9
5784 5785 11
5785 5786 12
5780 16092 39
16092 16091 64
5786 5787 70
5787 5788 6
16092 16093 74
6257 6258 83
19267 7513 83
7513 7514 83
7514 7515 62
7515 7516 41
7516 7517 47
7517 7518 81
7518 7519 64
7787 7788 83
7788 7789 58
8236 8235 83
8460 8459 83
8937 8938 83
8938 8939 83
8939 8940 61
8947 8946 83
8946 8945 34
9088 9089 83
9089 12662 57
12662 12663 36
12663 12664 24
12664 12665 30
12665 12666 65
9089 9090 66
9090 9091 31
12666 12667 70
12662 12661 72
9255 9254 83
9347 9348 83
9348 9349 18
9537 9538 83
9538 9539 34
9539 9540 41
9612 9611 83
9611 9610 24
9610 9609 60
9750 9751 83
9751 9752 62
9751 32858 64
32858 32857 26
32857 32856 44
32856 25075 26
32856 32855 35
25075 25074 46
25074 25073 38
25075 25076 51
25076 25077 50
25077 25078 42
25078 25079 14
25073 25072 61
25072 25071 67
25071 25070 12
25070 25069 39
25069 25068 5
25079 25080 76
25080 25081 39
25081 25082 14
25082 25083 66
25083 25084 66
25084 25085 27
10584 10583 83
10583 10582 56
10582 10581 4
10581 39308 37
39308 39309 30
10581 10580 42
10580 10579 26
10579 10578 16
39308 39307 59
39307 39306 4
39306 39305 78
39305 39304 6
39304 39303 1
39303 39302 69
39302 39301 77
39301 39300 69
39300 39299 61
39299 39298 26
39298 39297 79
11067 11066 83
11066 11065 11
11065 11064 30
11064 11063 5
11623 11622 83
11622 11621 60
11621 11620 16
11791 11792 83
11792 11793 79
11793 11794 73
11794 11795 68
11795 11796 82
11796 11797 82
11797 11798 11
11798 11799 67
14413 12286 83
12286 12285 25
12285 12284 2
12286 12287 63
12287 12288 32
12284 12283 68
12283 12282 33
12867 12868 83
12868 12869 11
12869 12870 15
12870 12871 4
13135 13134 83
13134 13133 80
13133 13132 23
13734 13733 83
13733 13732 67
13732 13731 77
13731 13730 10
13730 13729 6
13729 13728 14
13728 13727 75
13727 13726 4
13726 13725 17
13834 13833 83
13833 13832 63
13936 13935 83
13935 48499 43
48499 48500 23
48500 48501 37
13935 13934 54
13934 13933 73
13933 13932 31
13932 13931 4
13931 13930 16
13930 13929 54
13929 13928 70
13942 13943 83
13943 13944 61
13944 13945 1
13945 13946 42
14059 14058 83
14058 14057 6
14057 14056 13
14056 14055 42
14055 14054 18
14054 14053 54
14053 7810 36
7810 7809 51
7810 7811 53
7811 7812 48
14053 14052 63
14052 3684 59
14052 14051 59
3684 3683 62
3683 3682 8
3682 38291 15
38291 38292 10
38292 38293 25
3682 3681 43
3681 3680 40
3680 3679 34
3679 3678 18
38291 38290 49
38293 38294 59
3684 3685 63
38294 38295 64
3678 3677 67
3677 3676 49
3676 3675 55
3675 3674 38
3684 9542 80
9542 9541 36
9542 9543 51
9543 9544 1
9544 9545 5
9545 9546 31
9546 9547 5
9546 24337 22
24337 24338 24
24338 24339 13
24339 24340 4
24337 24336 31
24336 24335 22
9546 23560 49
9547 9548 56
9548 9549 39
9549 9550 54
24340 24341 56
24341 24342 47
24342 824 14
824 823 20
824 825 66
825 826 40
9550 9551 67
9551 9552 61
9552 9553 24
9553 9554 65
823 23947 67
23947 23948 3
23947 23946 34
23946 23945 44
23945 23944 2
9554 9555 72
9555 9556 11
9556 9557 75
9557 9558 37
23944 23943 75
24342 24343 78
24343 24344 72
24344 24345 73
24345 24346 14
24346 24347 30
24346 24421 36
24421 24420 48
24421 36187 54
24421 45317 55
36187 36186 57
36186 36185 24
24421 24422 69
24422 24423 75
24423 24424 59
24424 2445 8
2445 2444 51
2444 2443 24
2443 2442 55
2442 2441 52
2441 2440 61
2440 2439 38
2439 2438 8
2438 2437 56
2437 2436 30
24424 24425 71
45317 45316 75
45316 45315 71
45315 45314 55
36187 36188 80
36188 36189 10
36189 36190 21
23943 23942 82
23942 23941 68
23941 23940 40
36185 36184 82
14080 14079 83
14079 14078 4
14078 14077 70
14077 14076 46
14076 14075 55
14075 14074 31
14074 14073 63
14132 14133 83
14133 14134 69
14134 14135 39
14513 14512 83
14512 14511 74
14511 14510 80
14510 14509 33
14509 14508 43
14578 14577 83
14577 14576 68
14576 14575 24
14878 14879 83
14879 29627 46
29627 29628 8
14879 14880 59
14880 14881 7
14881 14882 81
14882 14883 48
14883 14884 23
14884 15087 1
14884 7636 20
15087 15086 34
14884 14885 36
14885 14886 29
14886 14887 4
15086 36373 42
7636 7637 46
7637 20485 35
7637 7638 43
7638 7639 28
36373 36374 51
36374 36375 17
36375 36376 10
36376 560 22
560 559 6
560 561 58
561 562 55
562 563 49
563 564 27
14887 14888 63
14888 14889 28
14889 14890 10
14890 14891 43
559 558 72
558 557 22
7639 7640 73
36373 36372 77
557 556 78
556 555 65
15086 15085 80
15085 15084 14
15084 15083 80
15083 15082 20
36376 36377 82
36377 36378 16
36378 36379 4
15212 15211 83
15253 15254 83
15254 15255 12
15486 15485 83
1808 15642 83
15642 15643 22
15643 15644 43
15644 15645 8
15642 15641 74
15642 12369 83
12369 12368 17
12369 12370 82
12370 20221 13
20221 20222 5
20221 20220 12
20220 20219 10
20219 20218 34
20222 20223 73
20223 20224 17
20224 20225 30
15938 15937 83
15937 15936 75
16080 16081 83
16081 33306 48
33306 33305 7
33305 33304 6
16081 16082 75
16082 16083 71
16083 16084 58
16084 16085 10
16085 16086 21
33304 33303 78
16088 16087 83
16285 16284 83
16284 16283 9
16450 16449 83
16449 16448 70
16448 16447 26
16447 16446 14
16446 16445 27
16445 16444 32
16444 16443 49
16443 16442 51
16442 16441 25
16475 16476 83
16476 16477 50
16589 16588 83
16588 16587 54
16587 16586 4
16586 16585 79
16585 16584 61
16584 16583 81
16638 16637 83
16637 16636 77
16636 16635 63
16635 35547 29
35547 35546 26
16635 16634 32
16634 16633 34
16633 16632 78
16632 16631 18
16631 16630 14
16632 48563 22
48563 48564 43
48564 48565 48
48565 48566 37
48566 48567 37
48563 48562 67
48562 48561 61
48561 48560 43
48561 23085 51
23085 23084 66
23084 23083 25
23083 40606 60
40606 40605 78
40605 40604 5
48567 48568 78
48568 48569 1
23085 23086 81
17136 17137 83
17336 17337 83
17337 17338 22
17338 17339 77
17339 17340 42
17495 17496 83
17496 17497 6
17497 17498 41
17498 17499 36
17499 17500 38
17500 17501 16
17791 17790 83
17879 17880 83
17880 17881 22
17881 17882 30
17882 17883 41
17883 17884 44
17884 17885 22
17885 17886 29
17886 17887 23
18070 18069 83
18069 18068 58
18259 18260 83
18260 3345 77
3345 3344 58
3344 3343 52
3343 3342 57
3342 18332 49
18332 18333 4
18332 18331 31
3345 3346 71
3346 3347 36
3347 3348 71
3348 3349 69
3349 39194 3
39194 39195 14
3349 3350 33
3350 3351 10
3351 3352 57
3352 3353 49
39194 14319 63
14319 14318 7
14318 14317 51
14317 14316 22
14316 14315 58
39194 16832 68
16832 16831 49
16831 16830 40
16832 16833 62
16833 16834 12
16834 16835 19
16835 20838 37
20838 20837 43
3353 3354 74
3354 3355 75
3355 3356 75
3356 3357 47
3357 3358 2
3357 35918 34
35918 35917 6
3358 3359 36
35918 35919 58
35919 35920 21
35919 33582 44
33582 33581 3
35917 35916 62
35916 35915 12
3359 3360 69
18331 18330 75
18330 18329 51
20838 20839 75
20839 20840 41
20840 20841 68
3355 33471 75
33471 33472 43
33472 33473 55
33473 33474 22
35915 35914 75
35914 35913 47
33581 33580 76
33580 33579 41
14319 14320 77
14320 14321 65
14321 14322 38
14322 14323 14
20837 20836 77
20836 20835 77
20835 20834 62
20834 20833 75
20833 20832 13
20832 20831 12
39194 39193 77
39193 39192 46
39192 39191 59
39191 39190 26
33582 33583 79
14323 14324 80
14324 14325 21
20831 20830 80
20830 20829 7
20829 20828 7
20828 20827 2
20827 20826 4
20826 20825 54
20825 20824 32
20824 20823 19
18333 18334 81
18658 18657 83
18657 18656 58
18656 18655 18
18655 18654 40
18654 18653 18
18653 15526 20
18653 18652 43
18652 18651 21
15526 15525 61
18651 18650 62
18650 18649 58
18649 18648 42
18648 18647 29
15526 15527 71
15527 15528 65
15528 15529 23
15529 15530 55
18647 18646 77
18646 18645 23
15530 15531 78
15531 34602 25
34602 34601 4
34602 34603 47
34603 34604 12
34604 34605 57
18645 18644 83
18644 18643 42
18643 18642 6
18642 18641 42
18763 18764 83
19103 19102 83
19102 19101 51
19101 19100 28
19100 19099 18
19099 19098 76
19098 19097 75
19097 19096 45
19096 19095 64
19095 19094 21
19094 19093 52
19114 19113 83
19113 19112 33
19112 19111 40
19111 19110 21
19110 19109 65
19231 19230 83
19230 19229 56
19229 19228 21
19228 19227 11
19227 19226 18
19226 19225 9
19226 19584 75
19584 19583 45
19225 19224 77
19224 19223 21
19223 19222 35
19222 19221 58
19221 19220 83
19307 19308 83
31088 19470 83
19470 19469 48
19469 19468 4
19468 1572 4
19468 19467 15
1572 1571 44
19470 19471 51
19471 19472 11
19472 19473 42
19473 19474 12
19474 19475 15
19475 19476 52
19476 19477 71
1571 1570 77
1570 1569 46
1569 1568 80
1568 1567 18
1567 1566 33
19732 19731 83
19731 19730 65
19730 19729 52
20142 20141 83
20141 20140 19
20140 20139 70
20139 20138 9
20138 20137 42
20137 20136 26
20136 20135 53
20136 48457 55
48457 48456 19
48456 48455 71
20135 20134 72
20134 20133 29
20135 47188 80
47188 47189 5
47189 47190 66
47190 47191 76
47191 47192 25
48455 48454 80
48454 48453 50
48453 48452 79
48452 48451 42
48451 48450 63
20373 20374 83
20374 20375 20
20374 18580 29
18580 18581 1
18581 18582 34
18582 18583 22
20375 20376 43
18583 18584 46
18584 18585 37
18585 18586 72
18586 18587 21
20376 20377 73
18584 9112 78
9112 9113 41
9112 9111 50
9111 9110 17
9110 9109 14
9109 38175 64
38175 38176 1
38176 38177 24
38177 38178 24
38178 38179 12
38176 20297 40
20297 20298 10
20297 20296 11
20296 29229 4
20298 20299 17
29229 29228 24
29228 29227 60
29227 29226 64
29226 29225 64
20377 20378 80
20378 20379 37
20379 20380 19
20380 20381 32
20381 33018 5
20381 20382 13
33018 33019 16
33019 33020 50
33020 33021 34
33021 33022 21
33022 33023 9
33023 33024 55
20382 20383 60
20383 20384 49
33018 33017 62
20384 20385 67
20385 20386 8
20386 20387 10
20387 20388 34
20388 20389 72
20389 20390 6
20390 20391 2
20391 20392 73
20392 20393 18
20393 20394 60
20394 20395 14
20395 20396 60
20396 20397 17
20397 20398 75
20446 20445 83
20445 20444 13
20444 20443 59
20443 36180 18
20443 20442 33
36180 36181 45
20442 20441 60
20485 20484 83
20585 20586 83
20586 31190 72
31190 31189 11
31189 31188 7
31188 31187 48
31187 31186 55
31186 31185 53
31185 31184 31
31184 31183 16
31183 31182 38
31190 31191 82
31191 31192 3
20771 20770 83
20770 22338 58
22338 22337 51
22337 22336 45
22338 22339 74
22339 22340 68
22340 22341 71
22336 9007 82
9007 9006 58
9007 9008 81
9008 9009 5
21079 21078 83
21078 21077 35
21351 21352 83
21352 21353 7
21353 21354 44
21354 21355 48
22071 22070 83
22070 22069 34
22412 22413 83
22413 22414 40
22414 22415 61
22415 22416 61
22416 22417 3
22417 22418 38
22418 22419 7
22419 22420 14
22420 22421 34
22421 22422 65
9228 22564 83
22564 22563 39
22564 22565 55
23241 23242 83
23347 23346 83
23346 23345 66
23458 23457 83
23457 23456 24
23456 23455 63
23455 23454 62
23454 23453 60
23453 23452 24
23452 23451 9
23451 23450 14
23450 23449 35
23507 23508 83
23508 23509 80
23509 23510 60
23510 23511 9
23510 32511 11
32511 32512 12
32511 32510 32
32512 32513 52
32513 32514 63
32514 32515 56
32515 32516 23
32516 32517 7
32517 32518 32
32510 32509 67
23511 23512 73
23512 23513 44
32518 32519 73
32519 32520 16
32520 32521 62
32521 32522 62
32522 32523 47
32523 32524 27
23615 23616 83
23616 23617 24
23617 23618 44
23834 23835 83
23835 23836 34
24137 24136 83
24136 24135 30
24135 24134 49
24134 24133 47
24133 24132 31
24132 24131 80
24131 38219 58
38219 38218 2
38219 38220 13
38220 38221 2
38221 38222 80
38222 38223 24
38223 38224 16
38224 38225 61
38225 38226 78
38226 27090 1
27090 27091 38
38218 38217 81
24601 24602 83
24669 24668 83
24668 24667 29
24667 24666 12
24666 48708 11
24666 24665 64
24665 24664 45
24664 24663 21
24663 28578 7
24663 24662 39
28578 28577 40
28578 28579 43
28577 28576 45
28576 28575 47
28575 28574 37
24795 24794 83
24879 24878 83
24878 24877 39
24877 24876 16
24876 275 4
275 276 81
276 277 10
277 278 28
25125 25124 83
25124 25123 40
25123 8564 21
8564 8565 23
8565 8566 62
8566 8567 44
25123 25122 63
25122 36385 8
25122 25121 47
25121 25120 3
36385 36386 72
25332 25331 83
25671 25672 83
25672 25673 78
25673 25674 67
25674 47605 11
47605 47606 23
47605 47604 36
47604 47603 39
47603 47602 24
47602 47601 38
47601 47600 71
47600 47599 34
47599 47598 26
47598 31929 59
31929 31930 2
31929 31928 64
31928 31927 68
31927 31926 14
31926 31925 71
25674 25675 72
25675 25676 68
25676 25677 8
25677 25678 56
25678 25679 32
31930 31931 76
31931 31932 57
31932 31933 19
47598 47597 79
47597 47596 46
35647 26203 83
26203 26202 9
26203 26204 42
26202 26201 67
26201 26200 4
26204 26205 76
3426 26403 83
26403 26402 48
26403 26404 74
26402 20532 79
20532 42465 30
20532 20533 44
20533 20534 37
42465 42466 58
42466 42467 30
20532 20531 60
20534 20535 64
20535 20536 46
20536 20537 66
20537 20538 69
20538 20539 12
20539 20540 69
42465 42464 79
42464 42463 67
42463 42462 16
42462 42461 6
42462 15980 32
42461 42460 35
15980 15979 44
15979 15978 2
15979 35456 14
35456 35455 2
15978 15977 29
42460 42459 73
35456 35457 76
35457 35458 42
35458 35459 2
35459 35460 11
15977 15976 83
26573 26572 83
27004 27003 83
27139 27140 83
27140 27141 31
27200 27201 83
27201 27202 27
27202 36198 12
36198 36197 53
36198 36199 57
36197 36196 62
27215 27214 83
27220 27221 83
27221 27222 5
27222 27223 42
27223 27224 69
28031 28030 83
28030 28029 27
28029 28028 28
28028 28027 26
28027 28026 11
28026 10446 37
10446 10447 18
10446 10445 24
10445 10444 37
10444 10443 50
10443 10442 6
10443 5324 25
10442 10441 38
5324 5325 51
5325 5326 2
5324 5323 52
5323 5322 27
5322 5321 14
28026 28025 54
10447 10448 57
10441 10440 59
10440 10439 74
10439 10438 55
10438 40223 34
40223 40222 47
10438 10437 67
10437 10436 67
10436 10435 31
10435 10434 58
10434 10433 18
10448 10449 74
10449 10450 1
10450 10451 1
10433 10432 82
28174 28173 83
28173 28172 32
28172 28171 52
28171 28170 27
28170 28169 12
28169 28168 57
28168 28167 54
28167 28166 11
28166 28165 66
28165 28164 17
28381 28382 83
28790 28791 83
28791 28792 55
28792 28793 14
28793 5002 41
28793 28794 61
5002 5003 62
5003 5004 45
5004 5005 1
28794 28795 64
28795 28796 73
28796 40318 2
28796 28797 27
40318 40319 31
28797 28798 32
28798 28799 6
28799 28800 57
28800 28801 83
28801 28802 59
8849 29281 83
29281 29282 46
29282 29283 17
29283 29284 26
29284 29285 31
29281 29280 47
29280 29279 18
29285 29286 48
29286 29287 51
29287 29288 41
29288 29289 5
29289 29290 22
29279 29278 60
29278 29277 57
29277 29276 59
29276 29275 16
29275 29274 56
29274 29273 41
29286 26066 77
26066 26067 38
26066 26065 76
26065 26064 66
26064 26063 59
26063 26062 82
26062 26061 72
26061 47650 18
47650 47649 48
47649 47648 43
47648 47647 7
47650 47651 54
47651 47652 66
47652 47653 32
47653 47654 35
47654 47655 28
47655 47656 69
47656 47657 36
29593 29592 83
29592 29591 81
29591 29590 80
29590 29589 70
44493 29853 83
29853 29852 48
29853 29854 48
29854 29855 29
29852 29851 66
29876 29877 83
29877 29878 73
29878 29879 29
29879 29880 17
29880 29881 35
29881 29882 25
30118 30119 83
30119 30120 67
30120 30121 7
30121 30122 54
30122 30123 71
30123 30124 43
30124 30125 65
30125 30126 33
30126 30127 1
30125 16117 63
16117 16116 6
16117 16118 24
16118 16119 58
16116 16115 65
16115 16114 17
16114 16113 9
16119 16120 72
16120 16121 30
16121 16122 57
16122 16123 5
16123 15177 34
15177 15176 3
16123 16124 71
15176 15175 72
15175 15174 13
15174 15173 73
15173 15172 62
16113 2730 74
2730 2731 39
2731 18265 47
18265 18266 42
2731 2732 54
2732 2376 37
2732 2733 45
18266 18267 57
18267 18268 55
2376 2375 62
2375 2374 32
2730 2729 62
2374 2373 67
2373 2372 35
2733 2734 68
2734 2735 22
2735 2736 29
18268 18269 68
18269 18270 31
18270 18271 57
18271 18272 8
2729 2728 80
2728 2727 73
2727 2726 39
2726 2725 74
18265 18264 82
18264 18263 59
30484 30483 83
30483 30482 83
30482 30481 60
30514 30513 83
30551 30552 83
30552 30553 43
30553 30554 16
30554 49356 75
49356 49355 14
49355 49354 11
49356 49357 45
49357 49358 64
30646 30647 83
30647 30648 66
30648 30649 33
30649 30650 6
30650 30651 4
30651 30652 77
30652 30653 28
30653 30654 63
30654 30655 71
30655 30656 75
30656 5882 25
5882 5883 81
5883 5884 20
5884 5885 44
5885 5886 70
5886 5887 23
5887 5888 63
5888 5889 27
30656 30657 82
30657 30658 63
30658 30659 15
30659 30660 18
30285 30759 83
30759 30760 12
30759 30758 36
30758 30757 30
30760 30761 58
30761 30762 14
30951 30950 83
30950 30949 7
31016 31017 83
31216 31217 83
31676 31675 83
31675 31674 82
31674 31673 47
31673 31672 80
31672 31671 8
31671 31670 68
31670 31669 56
767 31831 83
31831 31832 56
31832 38941 35
38941 38942 31
38942 38943 11
38943 38944 13
31831 31830 62
31830 31829 31
31829 31828 26
31828 31827 4
31827 31826 32
31826 31825 65
31825 31824 47
31824 31823 4
38944 38945 65
31832 13001 68
13001 13002 15
38941 38940 70
38940 38939 65
31829 2272 72
2272 2273 41
38939 38938 74
38938 38937 51
38937 26589 19
26589 26588 33
26588 26587 65
26587 8176 65
8176 47645 2
47645 47646 5
47645 47644 28
47644 47643 35
47643 47642 12
8176 8177 63
8177 8178 43
8178 34823 42
34823 34824 24
34823 34822 40
34822 15360 35
15360 15361 54
8178 8179 59
8179 8180 26
8180 8181 2
15361 49165 62
49165 49166 44
49165 49164 53
15361 15362 65
15362 37072 2
37072 37073 1
37073 37074 15
37074 37075 4
37075 37076 7
37076 37077 14
37077 37078 11
37072 37071 17
37071 37070 59
37070 37069 57
26589 26590 66
38937 38936 67
38936 38935 48
34824 34825 72
34825 34826 55
49166 49167 72
49167 49168 67
49168 49169 47
49169 49170 53
49170 49171 18
49171 49172 71
49172 48120 33
48120 48121 37
48120 48119 49
13002 13003 77
2273 2274 79
2274 2275 10
2275 2276 53
8181 8182 80
8182 8183 28
8183 8184 70
8184 8185 77
13001 13000 80
13000 12999 41
12999 12998 75
12998 12997 24
2276 2277 81
32288 32287 83
32392 32391 83
32391 32390 13
32390 32389 34
32780 32781 83
32781 32782 79
32782 32783 49
33133 33132 83
33132 33131 43
33131 33130 38
33130 33129 73
33129 33128 9
33128 33127 71
33127 33126 48
33126 33125 17
33125 33124 82
33124 33123 77
33123 33122 15
33224 33223 83
33223 33222 45
33222 20038 12
20038 20039 6
33222 33221 82
33221 33220 35
33220 33219 35
33219 33218 14
33218 33217 62
33217 33216 8
33220 41264 72
41264 41265 63
20039 20040 83
20040 20041 7
37141 33571 83
33571 33572 80
33572 33573 59
33573 33574 11
33809 33808 83
33951 33950 83
33950 33949 10
33949 33948 79
33948 33947 1
33947 33946 40
33946 33945 59
33945 33944 50
33944 33943 29
33943 33942 24
33942 33941 80
33941 33940 28
33940 33939 1
34165 34166 83
34166 34167 1
34167 34168 76
34168 34169 54
34169 34170 63
34170 34171 22
34171 34172 67
34172 34173 2
34173 34174 47
34174 6935 38
6935 6936 32
6935 6934 39
6934 6933 7
6935 27802 56
27802 27803 57
27803 27804 6
27804 27805 34
27805 27806 20
27806 27807 9
27807 27808 56
27804 47713 70
47713 47714 72
27805 29695 74
29695 29694 19
29694 29693 28
29695 29696 45
29696 29697 31
29697 29698 9
29698 29699 12
29699 29700 16
6936 6937 79
6937 6938 66
6938 6939 37
6939 6940 76
6940 6941 37
6941 6942 35
27808 27809 79
27809 27810 22
27810 27811 43
27811 27812 48
27812 27813 32
27813 27814 68
27814 27815 7
34239 34238 83
34238 34237 61
34513 34514 83
34514 34515 14
34515 34516 71
34516 34517 31
34617 34616 83
34616 34615 48
34615 34614 20
34614 34613 26
34613 34612 51
34612 34611 35
34611 2446 18
2446 2447 14
2447 2448 40
2448 2449 26
34715 34716 83
34716 34717 69
34716 4551 70
4551 4552 46
34836 34835 83
34835 34834 10
34834 34833 69
34833 34832 60
34832 34831 79
34831 34830 63
34830 34829 31
34829 34828 30
34828 34827 21
35082 35081 83
35081 35080 77
35080 35079 53
35079 35078 76
35078 35077 81
5505 35130 83
35130 35129 61
35129 35128 29
35128 35127 48
35127 35126 19
35126 35125 40
35125 35124 69
35290 35289 83
35289 35288 68
35288 35287 79
35363 35362 83
35362 20022 43
20022 20023 56
20022 20021 63
20021 20020 45
20020 20019 18
20019 20018 52
20018 20017 63
20017 20016 16
20016 20015 12
20015 20014 48
20014 20013 5
20013 20012 67
20012 20011 16
20011 20010 7
20010 20009 16
20014 9467 69
9467 9466 39
9466 9465 22
9465 9464 54
9464 9463 34
9463 9462 44
9462 47394 16
47394 47395 9
47395 47396 1
47395 10624 38
10624 1825 7
1825 1824 9
47394 47393 41
47393 47392 35
47392 47391 4
10624 10625 55
10625 10626 5
9462 36334 63
47396 47397 65
10624 10623 66
10623 10622 40
47391 47390 66
47390 47389 29
10626 10627 70
10627 10628 59
10628 10629 66
10629 20710 22
20710 20709 16
10629 10630 31
20710 20711 36
20711 20712 25
20712 20713 44
20710 41278 51
41278 41279 11
41278 41277 35
41279 41280 37
20709 20708 53
20708 32954 17
20708 20707 39
32954 32955 57
20709 12785 61
12785 12786 13
12785 12784 19
1824 1823 73
1823 1822 74
20707 20706 76
47389 47388 78
47388 47387 26
9462 9461 79
9461 9460 46
9460 9459 45
9459 9458 78
9467 9468 80
9468 9469 46
9469 9470 28
9470 9471 44
36334 36333 81
9471 9472 82
35555 35556 83
35556 26730 30
35556 35557 41
35557 35558 32
35558 35559 22
12399 35598 83
35598 35597 12
35598 35599 62
35599 35600 54
35600 35601 13
35601 35602 81
35602 35603 29
35965 35966 83
36184 36183 83
36183 36182 14
36279 36278 83
36278 36277 2
36277 36276 53
36276 36275 2
36275 36274 81
36331 36332 83
5097 36479 83
36479 47356 66
47356 47357 27
47356 47355 73
36479 36478 75
47357 47358 81
47358 47359 51
47359 47360 82
47360 47361 39
47361 47362 81
47362 47363 12
47363 47364 63
47364 47365 51
47365 47366 78
47366 47367 77
47367 47368 78
47368 47369 45
47369 47370 59
47370 47371 10
47371 47372 80
47372 47373 45
47373 47374 27
47374 47375 81
36692 36691 83
36820 36821 83
36821 36822 75
36822 36823 83
36823 33285 41
33285 33286 41
33285 33284 44
33286 33287 47
33287 33288 9
36823 36824 55
36824 36825 64
33288 33289 67
33289 33290 1
33290 33291 11
33291 33292 6
33292 33293 82
33293 33294 82
33294 33295 5
33295 33296 37
33296 33297 41
33297 33298 31
33298 33299 38
36986 36985 83
36985 36984 36
36984 36983 20
36983 36982 46
36982 36981 31
36981 36980 56
37272 37271 83
37272 37273 83
37273 37274 64
37274 37275 42
37275 37276 52
37276 37277 60
37277 37278 67
37278 37279 18
37279 37280 68
37280 37281 35
37304 37303 83
37303 37302 28
37302 37301 31
37301 37300 2
37384 37383 83
37383 37382 17
37382 37381 11
37381 37380 44
37380 37379 56
37379 37378 32
6062 37515 83
37515 37516 22
37516 37517 12
37515 37514 49
37514 37513 5
37517 37518 60
37518 37519 52
37519 37520 10
37520 37521 36
37521 37522 31
37522 37523 12
37843 37844 83
37844 37845 26
37845 37846 71
37846 37847 62
37912 37913 83
37913 37914 65
37914 42008 12
42008 42007 6
37914 37915 23
37915 37916 44
37916 37917 36
42008 42009 44
42009 22363 27
22363 22362 30
42009 42010 45
42010 42011 13
42011 42012 26
42012 42013 55
42013 42014 15
22363 22364 80
22364 22365 40
22365 22366 26
22366 22367 53
22367 22368 63
22368 22369 69
22369 22370 24
22370 22371 5
22369 21234 71
21234 21235 60
21235 21236 49
21236 21237 75
21237 21238 77
21238 21239 6
22371 22372 80
22372 22373 13
22373 22374 4
37917 37918 81
37918 37919 9
37919 37920 19
37920 37921 82
37921 37922 50
37922 37923 1
37923 37924 8
37924 33419 6
37924 37925 13
37925 37926 11
33419 33418 26
33419 33420 29
33420 33421 14
37926 37927 31
33418 33417 50
33417 33416 38
33416 33415 25
33415 33414 33
33421 33422 58
37927 37928 70
37928 37929 53
37929 37930 39
37930 37931 34
37931 37932 30
37929 47123 51
37932 37933 66
37933 37934 69
37934 37935 28
37935 37936 54
37936 37937 16
37937 37938 60
37938 23745 55
23745 26569 29
26569 26570 6
26569 26568 20
26570 26571 56
37937 312 61
312 311 10
311 310 31
310 309 27
309 308 37
312 313 61
313 314 13
314 315 46
315 316 22
37938 37939 63
37939 37940 13
37940 37941 35
37941 37942 46
37942 37943 41
37943 37944 37
37944 37945 37
37945 37946 74
37946 37947 6
37947 37948 74
37948 37949 67
26568 26567 76
26567 26566 57
26566 26565 52
26565 26564 8
26564 26563 42
26563 13875 7
13875 13876 48
13876 13877 22
13877 13878 30
13875 13874 75
13874 13873 67
13873 13872 42
13872 13871 41
13871 13870 24
13870 44542 69
44542 44543 15
44543 44544 52
44544 44545 55
44545 44546 64
44546 44547 62
13870 13869 73
13869 13868 69
13868 13867 2
13867 13866 61
33414 33413 76
33413 33412 18
33412 33411 76
33411 33410 40
33410 33409 71
33409 33408 65
316 317 77
23745 23746 80
23746 23747 25
23747 565 68
37948 30537 80
30537 30538 28
30538 30539 24
30537 30536 29
30536 30535 18
30538 45498 40
45498 45499 11
45499 45500 28
30539 30540 44
44547 44548 81
44548 44549 3
44549 44550 8
44550 44551 50
44551 44552 33
44552 44553 2
44553 44554 27
44554 44555 23
44548 27124 58
27124 27125 12
27125 27126 47
27126 27127 29
27124 27123 69
317 318 82
37949 37950 82
38063 38064 83
38064 38065 70
38065 38066 29
38066 38067 62
38328 38327 83
38327 38326 27
38326 38325 34
38325 38324 19
38324 38323 64
38323 38322 72
38812 38811 83
38984 38983 83
38983 38982 61
38982 38981 44
38981 3485 30
3485 3486 21
3485 3484 23
38981 38980 31
3484 3483 48
3483 3482 56
38980 38979 62
38979 38978 61
3482 3481 67
38978 38977 78
38977 38976 75
38976 38975 47
38975 38974 10
3481 3480 80
3480 3479 60
38974 38973 83
38973 38972 25
39040 39041 83
39041 39042 36
39042 39043 54
39043 39044 41
39043 30266 48
30266 30265 60
39044 39045 60
39045 39046 40
39046 39047 29
39047 39048 6
39048 39049 7
39049 39050 44
30265 30264 65
30264 30263 65
30266 30267 69
39044 15832 72
15832 15833 6
15833 15834 11
39050 39051 76
39051 39052 8
15832 15831 78
39276 39275 83
39275 39274 40
39590 39591 83
39591 39592 10
39592 39593 34
39592 23001 41
39593 39594 44
23001 23000 51
39591 41647 58
41647 41648 46
41648 41649 48
41647 41646 54
41646 41645 49
41645 41644 15
23001 23002 65
23002 23003 5
23003 23004 6
23004 23005 65
23005 23006 81
23006 23007 23
23007 23008 61
23008 23009 41
23009 23010 53
23010 23011 4
23011 23012 65
23012 23013 71
23000 22999 83
39664 39665 83
39665 39666 10
39666 39667 5
39667 41779 5
41779 41778 4
41778 41777 46
41779 41780 55
41780 41781 64
41777 41776 71
39968 39969 83
40113 40114 83
40114 40115 67
40115 42214 34
42214 42213 6
42214 42215 10
42215 12519 37
40115 40116 48
40116 40117 41
42215 42216 66
42216 42217 76
42217 42218 73
42213 42212 77
42212 42211 50
12519 12520 80
12520 12521 30
12521 12522 83
12522 12523 24
12523 12524 4
12524 12525 63
12523 26261 67
26261 26262 19
26262 26263 24
26261 26260 50
26260 26259 26
26259 26258 9
26258 26257 7
26257 26256 20
26256 26255 48
26258 14660 58
14660 14661 20
14661 14662 14
14660 14659 53
26263 26264 60
26264 26265 8
26265 26266 32
26266 26267 28
26267 26268 65
26268 26269 46
12525 12526 68
26255 24399 77
24399 24400 43
24400 24401 53
24401 24402 11
24399 24398 64
24402 24403 66
24403 24404 38
24404 24405 49
24405 24406 25
24406 24407 1
24407 24408 3
12526 12527 79
14659 14658 81
14658 14657 3
14657 14656 17
14656 14655 10
40624 40625 83
40625 40626 19
40626 40627 49
40706 40705 83
40705 40704 51
40704 21033 40
21033 21032 18
21032 21031 27
21031 21030 20
40704 40703 54
40703 40702 49
21030 21029 66
21029 21028 55
21028 21027 7
21027 21026 27
21026 21025 63
21025 21024 13
21024 21023 34
21023 21022 22
40702 40701 73
21027 5859 74
5859 5858 18
5858 5857 67
21033 21034 75
21034 21035 15
21035 21036 43
21036 21037 80
21037 21038 44
21038 21039 71
40703 31261 80
31261 31260 69
31260 31259 27
31259 31258 57
31258 31257 74
31257 31256 78
31256 31255 53
31255 31254 42
31254 31253 62
31253 31252 46
31252 31251 49
31251 31250 45
21029 11783 83
11783 11784 4
11784 11785 35
11783 11782 44
11785 11786 60
11786 25979 19
11786 11787 44
11782 11781 73
25979 25980 76
25980 25981 54
25981 25982 17
41264 41263 83
41263 41262 5
41263 48629 48
48629 48628 9
48628 48627 38
48629 48630 38
41262 41261 50
48630 48631 62
41261 41260 77
41260 41259 19
41445 41444 83
41444 41443 25
41443 41442 43
41601 41600 83
41600 41599 1
41599 41598 17
41598 41597 64
41597 41596 83
41596 41595 52
41595 41594 42
41594 41593 79
42296 42297 83
42297 42298 52
42298 42299 74
42299 42300 36
42348 42349 83
42349 42350 10
42379 42378 83
17192 42474 83
42474 42475 15
42475 42476 22
42476 41746 11
41746 41747 52
41747 41748 40
41748 41749 27
41749 41750 7
42474 42473 54
42473 42472 21
42472 42471 43
42471 42470 61
42470 42469 17
42469 42468 20
41746 41745 65
41745 41744 13
41744 41743 38
42472 20735 68
20735 20734 1
20734 20733 15
20735 20736 47
20733 20732 53
20736 35480 65
35480 35479 41
35479 35478 50
41750 41751 75
41751 41752 51
40992 42578 83
42578 42577 21
42578 42579 32
42579 42580 37
42577 42576 79
42609 42610 83
42610 42611 49
42611 42612 29
42612 42613 74
42613 42614 61
42612 22717 80
22717 22718 20
22718 22719 28
22719 22720 16
22720 22721 39
22721 22722 41
22722 22723 50
22723 22724 29
22724 22725 52
22717 22716 67
22725 22726 79
22726 22727 16
22727 22728 58
22728 22729 5
42614 42615 83
42615 42616 33
42736 42735 83
42735 42734 15
2680 42822 83
42822 42821 42
42822 42823 43
42821 42820 53
42820 42819 49
42819 42818 19
42818 42817 61
43026 43025 83
43025 43024 16
43024 43023 7
43157 43158 83
43158 43159 29
43159 43160 3
43160 43161 22
43161 43162 69
43162 43163 51
43163 32049 19
32049 32048 9
32048 32047 6
32047 32046 41
32046 32045 22
32045 32044 23
43162 12531 53
12531 12532 43
12532 12533 16
12533 25787 17
25787 25788 1
12532 6320 20
25787 25786 37
25786 25785 33
25785 3946 10
3946 3945 9
25785 25784 15
25784 25783 32
6320 6321 38
12533 12534 47
6321 6322 50
32044 32043 53
32046 29990 54
29990 29989 38
29989 29988 14
32048 31515 59
6322 6323 60
25788 25789 63
25789 25790 62
25790 40816 18
40816 40817 20
40816 40815 40
40815 40814 30
40817 40818 40
40818 40819 55
40819 40820 22
40820 40821 43
40814 40813 59
40813 43063 19
43063 43064 2
43063 17284 8
17284 17283 18
17284 17285 22
17285 17286 3
17285 10795 16
17286 15756 22
15756 15757 19
15757 15758 23
15758 15759 4
40813 40812 45
40812 40811 26
40811 40810 11
40811 21478 35
40810 40809 38
17283 17282 48
17282 17281 49
10795 10794 52
10794 10793 50
10795 10796 53
21478 21479 54
21479 21480 18
40809 40808 55
40808 40807 20
43063 43062 58
43062 43061 56
43061 43060 17
43064 43065 59
43065 43066 29
43066 43067 28
43067 43068 17
29988 29987 64
12534 12535 66
25783 25782 66
25782 25781 5
25781 25780 63
25780 25779 21
25779 25778 45
25778 25777 14
25777 25776 21
25776 25775 48
25775 25774 58
25774 25773 8
25773 25772 30
29990 29991 66
12531 12530 69
12530 12529 34
12529 17345 6
17345 17346 16
17345 17344 32
17346 17347 62
17347 17348 7
17348 17349 46
25790 25791 71
25791 25792 26
25792 25793 32
25793 25794 16
25794 25795 1
43163 43164 71
43164 43165 23
43165 43166 48
29988 46233 72
21480 21481 74
21481 21482 71
21482 21483 16
21483 21484 11
21484 21948 22
21948 21949 10
21949 21950 29
21950 21780 35
21780 21781 18
21948 21947 65
21484 21485 71
21947 21946 74
12529 12528 75
15756 15755 75
21781 21782 75
21782 21783 64
21783 21784 65
21784 21785 57
21785 21786 6
21786 21787 54
43068 43069 75
29991 29992 77
29992 29993 9
29993 29994 11
29994 29995 73
29995 29996 23
29996 29997 22
29997 29998 15
3945 3944 80
3944 3943 54
3943 3942 63
3942 3941 8
3941 3940 63
3940 3939 12
3939 3938 69
3938 3937 60
3937 3936 48
3936 3935 5
3935 3934 81
3934 3933 39
3933 3932 42
3932 44560 50
44560 44559 52
44559 44558 17
44560 44561 53
44561 44562 47
6320 6319 81
6319 6318 3
6318 6317 3
6317 17306 76
17306 17305 12
17305 17304 11
17306 17307 17
17307 17308 18
17304 17303 34
17303 17302 2
17306 35866 50
35866 35867 23
35866 35865 26
35865 35864 4
17308 8669 64
8669 8670 14
8670 8671 7
8671 8672 20
8672 8673 60
8673 8674 21
8669 8668 65
8668 8667 36
35864 35863 65
35863 35862 54
35862 35861 24
35861 35860 48
35860 30667 15
30667 30668 9
30668 30669 19
30669 30670 26
35860 35859 35
35859 35858 57
35858 35857 8
35857 35856 15
35856 35855 37
35855 35854 7
35854 35853 7
35853 35852 2
35852 35851 7
35867 35868 68
30667 30666 71
8672 39125 73
39125 39126 73
39126 39127 69
17349 17350 81
25795 25796 81
25796 25797 34
25797 26985 41
26985 26986 3
26985 26984 7
26984 26983 14
26986 26987 21
25797 25798 53
25798 25799 54
25799 25800 12
25797 21163 66
21163 21162 13
21162 21161 57
21161 21160 44
21160 21159 40
26987 26988 68
21159 21158 78
21158 21157 54
21157 21156 8
21156 21155 61
44558 44557 81
44557 44556 28
46233 46234 81
26988 26989 82
35851 35850 82
35850 35849 23
35849 35848 55
35848 35847 54
43069 43070 82
43070 43071 62
15759 15760 83
15760 15761 28
31515 31514 83
31514 31513 27
31514 1205 46
31513 31512 47
31512 31511 24
31511 31510 18
31510 31509 39
31509 31939 19
31939 31940 18
31940 31941 29
31513 42548 54
42548 42547 12
42548 42549 15
42549 42550 37
42547 42546 43
42546 42545 51
42545 42544 26
31509 31508 67
31939 31938 75
31938 31937 48
31937 31936 46
31941 31942 75
31508 31507 82
1205 1204 83
1204 1203 36
1203 1202 49
1202 1201 14
1201 1200 52
1200 1199 76
1199 1198 16
1198 1197 2
43202 43203 83
43203 43204 19
43204 43205 41
43562 43561 83
43561 43560 17
43627 43628 83
43628 43629 43
43629 43630 30
43630 43631 16
43631 43632 12
43632 8846 21
43632 43633 60
43633 43634 12
43634 43635 22
43635 43636 55
8846 8845 70
8845 8844 78
44128 44129 83
44129 44130 29
44130 44131 13
44131 44132 7
44230 44231 83
44231 44232 60
44232 44233 63
44233 44234 8
44234 44235 68
44235 44236 7
44236 44237 16
44237 44238 42
44238 44239 54
44348 44349 83
44484 44483 83
44483 44482 62
44482 44481 3
44481 44480 13
44480 44479 45
44479 44478 49
44478 44477 8
44477 44476 11
44482 3437 72
3437 3438 33
44607 44606 83
44794 44793 83
44793 44792 56
44919 44920 83
44920 44921 68
44999 44998 83
44998 44997 53
45256 45257 83
45836 45837 83
45837 45838 66
45838 45839 67
45839 45840 54
45840 45841 79
45841 45842 65
45842 45843 51
45843 45844 30
45844 45845 3
45870 45869 83
45869 20432 35
45869 45868 36
20432 20433 42
20433 20434 50
45868 45867 59
45867 45866 20
20434 20435 61
20435 20436 43
20436 20437 57
46140 46139 83
46201 46200 83
29836 46423 83
46423 46424 8
46423 46422 63
46422 46421 13
46421 46420 54
46423 10875 77
10875 10876 7
10876 10877 8
10877 10878 35
43065 46638 83
46638 46637 33
46637 46636 44
46636 46635 15
46635 46634 30
46634 46633 5
46633 46632 20
46637 4013 54
4013 4012 52
4012 4011 36
4011 4010 51
4013 4014 56
46638 46639 61
46639 46640 6
46640 46641 4
46641 25696 30
25696 37332 3
25696 25695 53
46641 46642 60
4014 4015 66
4015 4016 49
37332 37331 68
37331 37330 56
37330 37329 30
37329 37328 70
37328 37327 58
25695 25694 71
4010 4009 72
4009 4008 76
4008 4007 54
4007 4006 28
37332 37333 83
37333 37334 18
37334 37335 80
37335 37336 15
37336 29543 26
29543 29542 24
29543 29544 49
29544 29545 53
29545 29546 4
29546 29547 47
29542 29541 65
29541 29540 7
29541 28498 12
28498 28499 17
29540 29539 23
29539 29538 14
28499 28500 41
28500 28501 59
28501 28502 66
28502 28503 42
28503 28504 19
29545 19323 76
19323 19324 56
19324 19325 58
19325 19326 14
19323 27438 64
27438 27437 30
27437 27436 43
27438 27439 58
27439 27440 16
27440 27441 7
19323 19322 70
19322 19321 29
27436 27435 75
28504 28505 76
28505 28506 36
28506 28507 11
28507 28508 45
28508 28509 71
28509 28510 26
19326 19327 77
19327 19328 17
19328 19329 61
19329 19330 58
19330 19331 56
19331 19332 78
19332 19333 29
19333 19334 36
19334 19335 29
28498 28497 82
24776 46916 83
46916 46915 6
46916 46917 67
46917 46918 1
46918 46919 13
46919 46920 58
46920 46921 68
46921 46922 16
46922 46923 41
46915 46914 75
46914 46913 12
46913 2509 34
2509 2510 9
2509 2508 32
2508 2507 37
2507 2506 25
2507 2850 41
2850 2851 37
2851 2852 58
2506 2505 66
2510 2511 68
2852 2853 70
2853 2854 57
2854 2855 51
2855 2856 53
2856 2857 36
2857 2858 18
2858 2859 2
2859 2860 44
2860 2861 34
2861 2862 24
2862 2863 44
2857 12320 47
12320 12321 35
12320 12319 50
12319 12318 10
12319 2180 58
2180 2181 24
2181 2182 45
2182 2183 33
2180 2179 48
2179 2178 62
2178 2177 43
2177 2176 60
2862 14477 74
14477 14476 44
2511 2512 77
2512 2513 64
2513 2514 22
2514 2515 26
46923 46924 77
46924 35371 31
35371 35370 7
35370 35369 20
46924 46925 45
35371 35372 65
35372 35373 76
35373 35374 44
35374 35375 61
2176 2175 78
2175 2174 20
2174 2173 25
2173 2172 24
46920 49226 78
49226 49227 32
47029 47030 83
47123 47124 83
47124 47125 70
47139 47140 83
47140 47141 74
47141 47142 64
47142 47143 81
47143 47144 13
47143 5414 50
5414 5415 51
5415 5416 17
5416 5417 72
5417 5418 70
47144 47145 73
47351 47352 83
47352 47353 56
47399 47398 83
47633 47634 83
47634 47635 71
47635 47636 80
47636 47637 42
47637 47638 56
47638 47639 49
47639 47640 39
47640 47641 4
47680 47681 83
47681 47682 1
48224 48223 83
48223 48222 38
48222 48221 45
48221 48220 31
48220 48219 43
48219 48218 39
48218 48217 22
48217 48216 26
48217 26978 41
26978 26977 63
26977 26976 7
26976 26975 7
26975 26974 46
26974 26973 34
26973 26972 57
26972 26971 52
26971 26970 49
26970 26969 30
26969 26968 54
26972 33097 57
33097 33098 48
33098 33099 14
33099 33100 60
26968 26967 73
26967 26966 70
26966 26965 16
26965 26964 22
26964 26963 50
26963 26962 43
33100 33101 74
33101 33102 47
33102 33103 22
33103 33104 14
48216 48215 74
48215 48214 27
48214 48213 8
26962 26961 77
26961 26960 6
26960 26959 33
26959 26958 1
33104 33105 77
33105 33106 83
33106 33107 53
33107 33108 59
33108 33109 31
33109 33110 67
33110 33111 57
33111 33112 6
33112 33113 8
48268 48269 83
48269 48270 58
48270 48271 52
48271 48272 60
48272 48273 70
48273 48274 23
48274 48275 47
48275 48276 48
48276 48277 32
48277 48278 58
48278 48279 34
48527 48528 83
48528 48529 6
48529 48530 26
48530 48531 5
48531 48532 7
48532 48533 29
48533 48534 20
48534 48535 22
48535 48536 21
48536 48537 54
48529 10181 58
48528 13400 75
13400 13401 78
48560 48559 83
48559 48558 16
48558 5908 14
5908 5909 26
5908 5907 74
5907 5906 38
48558 48557 75
48557 12017 57
12017 12018 49
12018 12019 70
12019 12020 1
12020 12021 9
12021 12022 47
12022 19344 13
19344 19343 25
48608 48607 83
48607 48606 27
48606 48605 47
48605 17253 1
17253 17254 27
17254 17255 40
17255 17256 72
17253 17252 74
17252 17251 41
17251 17250 37
17250 17249 72
17249 17248 82
48725 48726 83
48726 48727 80
48727 48728 26
48728 48729 1
48729 48730 77
48730 3716 3
3716 3715 17
3716 3717 20
3717 3718 3
3718 3719 14
3717 27698 36
27698 27699 42
27699 27700 9
3715 10298 49
10298 10297 32
10297 10296 45
10296 10295 43
10295 10294 34
10294 10293 53
10293 10292 12
10293 36067 24
36067 36068 37
36068 36069 14
36069 36070 54
10292 10291 60
48730 48731 60
27700 26852 62
36070 36071 64
36071 36072 29
36072 36073 20
36073 36074 25
48731 48732 64
27700 27701 65
27701 27702 39
36067 36066 66
36074 36075 66
36075 36076 56
36076 36077 24
10298 10299 68
10299 10300 57
10300 10301 21
10301 10302 19
10302 10303 33
10303 10304 8
10304 10305 58
10305 10306 1
10306 10307 29
10307 23141 11
23141 23142 6
23142 23143 8
23141 23140 63
36066 37342 68
37342 37341 28
37342 37343 35
36077 36078 69
36078 36079 8
36079 36080 54
27700 2763 70
2763 2762 6
2763 2764 31
2762 2761 61
2761 2760 7
2760 2759 34
2759 2758 50
2758 2757 14
2757 2756 23
36080 36081 70
23143 23144 72
23144 23145 68
23145 23146 50
23146 23147 31
23147 23148 31
23148 23149 71
23149 4869 73
4869 4870 57
4870 4871 31
26852 26853 74
26853 26854 17
2764 2765 75
2765 2766 60
2766 2767 60
27698 27697 75
27697 27696 64
27696 27695 10
27695 27694 66
37341 37340 77
37340 37339 13
37339 37338 36
37338 37337 5
2756 2755 78
2755 2754 48
2754 2753 42
2753 2752 37
3715 3714 81
3714 3713 29
3713 3712 79
3712 3711 12
3711 29982 26
29982 29981 33
29982 29983 67
29983 29984 14
29984 29985 15
29985 19876 45
19876 19875 47
19875 19874 55
19874 19873 50
29985 34280 68
34280 34279 39
34279 34278 4
34278 34277 22
34277 34276 25
34280 34281 57
34276 34275 65
34275 34274 14
34274 34273 30
19873 19872 71
19872 19871 8
19876 19877 71
19877 19878 49
34281 34282 77
34282 34283 49
34283 34284 3
19878 19879 79
19879 19880 69
19880 27865 4
27865 27864 18
27864 27863 46
27865 27866 46
27863 27862 58
34273 34272 79
26852 26851 81
19880 19881 83
19881 19882 42
19882 19883 52
19883 19884 75
19884 19885 58
19885 19886 58
19886 19887 31
19887 19888 35
19888 19889 22
19889 19890 74
49213 49214 83
49214 49215 43
49215 49216 10
49216 49217 66
49256 49255 83
49255 43412 61
43412 43413 7
43413 43414 1
43412 43411 22
43411 43410 12
49255 49254 67
43414 43415 79
43415 43416 43
43416 43417 77
43417 43418 31
43418 43419 51
43419 43420 47
43420 43421 18
43421 43422 33
43422 43423 27
43419 45322 68
45322 45323 13
45322 45321 22
45321 45320 17
45323 45324 26
45320 45319 39
45319 45318 24
45324 45325 53
45325 45326 72
45326 45327 44
43423 43424 80
43424 43425 2
43425 43426 57
43426 43427 28
49363 49362 83
49362 49361 58
49525 49526 83
49526 49527 22
49527 49528 4
49528 49529 3
49529 49530 42
49530 49531 43
49531 49532 37
49532 49533 36
49531 16646 47
16646 16647 1
16646 16645 33
16645 16644 27
49533 49534 60
49534 22263 2
22263 22264 14
22264 22265 16
22265 22266 1
22266 22267 9
22267 22268 5
22263 22262 62
22263 9819 65
9819 9818 27
9818 9817 32
9817 21840 44
21840 21841 28
21841 21842 47
21840 21839 54
9819 9820 58
9820 9821 20
21842 21843 65
21843 21844 19
21840 25278 69
25278 25277 71
21844 21845 75
21845 21846 52
49534 49535 79
49535 49536 74
49536 49537 7
49537 49538 33
49538 49539 37
49544 49543 83
49758 49757 83
49757 49756 41
49757 34931 50
49756 49755 71
34931 34930 75
34930 34929 64
34929 34928 18
49755 49754 81
49754 49753 31
49753 49752 64
49752 49751 2
49751 49750 54
49750 49749 11
49749 49748 41
49748 49747 39
49747 49746 13
49746 49745 21
49745 49744 37
49744 49743 34
49743 49742 18
49742 49741 26
49795 49794 83
49794 49793 68
49793 49792 83
9958 49885 83
49885 49886 22
49886 49887 26
49885 9780 38
9780 9779 23
9780 9781 23
49887 49888 44
49888 49889 15
49889 49890 31
49890 49891 2
49891 49892 68
49892 49893 19
22293 49962 83
49962 49961 23
49962 49963 45
49963 49964 55
49964 49965 56
49965 49966 57
49966 49967 4
49964 30428 63
30428 30429 12
30429 30430 5
30430 30431 1
30431 30432 6
30428 30427 17
30432 30433 19
30433 30434 53
30434 30435 57
49967 49968 68
49968 49969 19
49969 13171 76
13171 13172 44
13172 13173 39
49961 49960 76
30435 30436 81
30436 30437 78
30437 30438 69
30438 30439 11
1695 42 84
42 41 9
42 43 23
43 44 40
41 40 43
44 45 53
45 46 45
46 47 8
40 11583 71
11583 11584 56
11584 11585 79
11585 11586 46
11586 11587 32
11587 11588 26
11588 11589 57
11589 11590 43
59 60 84
60 61 23
61 62 83
62 63 62
63 64 34
64 65 27
65 66 83
66 39512 10
39512 39513 82
39513 39514 66
39514 39515 57
39515 39516 55
39516 39517 13
39517 39518 23
39518 39519 36
39519 39520 59
66 67 83
67 68 29
68 69 36
69 70 54
153 154 84
154 155 1
155 156 57
156 24734 3
24734 24735 1
156 7497 6
156 157 31
7497 7498 52
24734 24733 66
24733 24732 15
157 158 71
7498 7499 73
7499 7500 30
7500 7501 48
24735 24736 79
24736 24737 69
24737 24738 34
7501 7502 80
158 159 82
159 160 69
160 161 2
161 162 49
24738 24739 82
18469 292 84
292 291 25
292 293 68
293 294 83
294 295 45
295 296 43
687 686 84
728 727 84
727 726 55
726 725 31
806 807 84
807 808 66
808 809 70
809 810 49
810 811 22
811 812 76
812 813 37
813 814 24
814 815 76
815 816 37
816 817 38
817 818 3
818 819 42
819 820 51
820 821 38
821 822 65
851 852 84
852 48344 6
48344 48345 4
48344 48343 27
852 853 60
48345 48346 62
48346 48347 27
48347 48348 63
967 968 84
1011 1010 84
1010 1009 48
1009 1008 63
1008 1007 31
1007 1006 24
1006 1005 5
1007 5631 37
32544 1217 84
1485 1486 84
1486 1487 21
1487 42152 67
42152 42151 12
42151 42150 47
42152 42153 55
42150 42149 58
42149 42148 38
42153 42154 58
42154 42155 29
9656 2409 84
2409 2410 5
2410 2411 39
2409 2408 42
2408 2407 29
2407 2406 21
2411 2412 50
2406 2405 56
2405 2404 17
2404 2403 9
2403 15514 68
15514 15513 49
15513 15512 43
15512 15511 43
15514 15515 64
2403 2402 76
2402 2401 62
2401 2400 19
2400 2399 7
2399 2398 30
2398 2397 43
2397 2396 23
2410 40900 76
40900 40899 4
40900 40901 73
40901 6002 1
6002 6003 30
6003 6004 49
6004 6005 2
6005 6006 43
6006 6007 74
6007 6008 61
6008 6009 63
6009 6010 60
6010 6011 70
6011 6012 20
6012 6013 75
6013 6014 81
6014 6015 35
6015 6016 52
6016 6017 22
6017 6018 18
6018 6019 59
6019 29517 29
29517 29516 27
6019 9096 44
6019 6020 48
6020 6021 30
9096 9097 56
9097 9098 28
9098 9099 80
9099 9100 35
9100 9101 8
9100 48118 53
9101 9102 72
9102 9103 7
9103 9104 77
9104 9105 66
9105 9106 75
9106 9107 13
9107 9108 37
2397 29251 82
29251 29250 39
9096 9095 83
9095 9094 31
9094 9093 6
9093 9092 68
9095 8764 83
8764 8765 61
8765 8766 32
8766 8767 72
8767 8768 3
8768 8769 31
8769 8770 49
8770 8771 14
8771 8772 71
8772 8773 83
8773 8774 37
8774 8775 64
8775 8776 11
8776 8777 50
8777 8778 20
12151 2892 84
2892 2893 64
2893 2894 48
2988 2987 84
3536 3535 84
3535 3534 43
3719 3720 84
3720 3721 28
3721 3722 40
3722 3723 6
3723 3724 19
3724 3725 2
3725 3726 34
3726 3727 83
3727 3728 33
4404 4405 84
4551 4550 84
4550 4549 43
4549 4548 29
4549 40150 36
40150 40149 26
40150 40151 29
40151 40152 35
4548 4547 43
4547 11310 10
11310 11311 35
40149 40148 62
40148 40147 44
40147 40146 3
40146 40145 49
40152 40153 62
40153 40154 11
40154 40155 5
40153 18772 38
40155 40156 42
40156 40157 13
40157 40158 7
18772 18773 46
18773 19073 39
19073 19074 32
19073 19072 54
19072 9166 55
9166 9167 30
18773 18774 78
18774 18775 32
18775 18776 1
18776 18777 15
40145 40144 78
40144 40143 17
40143 40142 40
40142 40141 43
40142 1031 75
1031 1030 50
1030 1029 51
1029 113 59
113 112 5
113 114 27
114 115 37
1029 1028 72
1028 1027 13
1027 1026 6
1026 1025 63
1025 1024 5
1024 1023 22
1023 1022 13
1022 1021 5
1021 1020 44
1020 1019 6
1019 1018 5
1021 15843 53
15843 15842 19
15842 15841 23
15843 15844 69
40158 40159 78
40159 40160 25
40160 40161 31
40161 40162 45
40162 40163 52
40163 40164 11
40164 40165 63
40165 45908 15
45908 45909 11
45909 45910 6
45910 45911 76
45911 29159 33
29159 29158 1
29158 29157 39
29157 29156 29
29159 29160 50
29160 29161 8
9166 9165 80
9165 26031 20
15841 15840 80
15840 15839 58
15839 15838 54
15838 16432 72
16432 16433 14
16433 16434 46
16434 16435 38
16435 16436 17
16432 16431 57
16431 16430 53
16430 16429 23
16429 16428 24
16436 16437 61
16437 16438 18
15838 15837 73
15837 15836 40
15836 15835 43
16428 16427 74
16427 16426 11
16426 16425 58
16425 16424 69
16424 16423 36
16423 16422 11
18772 18771 81
18771 18770 74
19074 19075 81
19075 19076 25
19076 19077 37
19077 19078 71
19078 19079 32
40165 40166 83
40166 40167 43
40167 40168 80
40168 40169 18
40169 40170 74
40170 40171 50
40171 32940 64
32940 32941 24
32941 32942 27
40171 40172 74
40172 40173 11
40173 40174 6
40174 40175 70
40175 40176 1
40176 40177 41
40177 40178 8
32940 32939 77
32939 32938 20
32942 32943 77
32943 32944 17
40178 40179 79
40179 40180 78
40180 40181 78
40181 40182 1
40182 40183 30
40183 40184 71
40184 40185 30
40185 42301 77
42301 42302 80
42302 42303 1
42303 42304 59
40185 40186 82
4683 4682 84
4682 4681 36
4681 4680 78
4680 4679 66
22258 4876 84
4876 4875 45
4875 4874 7
5071 5070 84
5070 5069 7
5146 5145 84
5183 5184 84
5184 5185 59
5250 5251 84
5251 5252 19
5252 5253 39
5253 5254 8
5253 23760 66
23760 23761 37
23760 23759 63
23759 23758 58
23758 23757 32
23757 23756 33
23756 23755 61
23755 23754 11
23754 23753 74
23753 23752 14
23752 23751 28
23751 23750 30
23750 23749 74
23749 23748 15
5254 5255 76
23761 23762 77
23762 23763 57
5292 5293 84
5357 5356 84
5356 5355 63
5355 5354 75
5354 5353 70
6062 6061 84
6061 38477 54
38477 38478 34
38477 38476 70
38476 38475 41
6061 6060 76
6060 6059 34
6059 6058 12
6058 6057 21
6099 6098 84
6098 6097 34
6097 6096 34
6096 6095 77
6095 6094 49
6094 6093 25
6093 6092 4
6092 6091 2
6091 6090 17
6090 6089 12
6089 6088 75
6088 6087 29
6087 6086 68
6086 6085 52
6085 6084 2
6084 6083 74
6109 6110 84
6110 6111 72
6111 6112 37
6112 6113 17
6112 46454 67
46454 46453 61
46453 46452 48
46452 46451 37
46453 21961 79
21961 21962 26
21962 21963 62
21963 10710 60
10710 10709 30
10710 10711 52
10711 10712 54
10712 10713 49
10709 10708 70
10708 10707 36
10707 10706 62
10706 10705 4
10713 10714 70
10705 10704 80
10704 10703 20
21963 21964 80
21964 21965 34
6269 6270 84
6270 6271 3
6271 6272 37
6272 6273 23
6273 6274 30
6274 6275 5
6581 6580 84
6580 35707 22
35707 35706 33
35706 35705 25
35705 35704 16
6580 6579 66
6579 6578 47
6578 6577 21
6577 6576 42
6576 6575 54
6575 6574 72
6574 33814 30
33814 33815 50
6574 6573 60
6573 6572 32
33815 33816 68
33816 33817 74
33817 33818 27
33818 33819 15
35707 35708 80
35708 35709 15
35709 35710 66
35710 18444 41
18444 18443 4
18443 18442 3
18442 18441 64
18441 18440 71
18440 18439 56
18439 18438 40
18438 18437 28
18437 18436 3
18444 18445 75
6572 6571 81
6571 6570 78
6570 6569 22
6569 6568 32
6568 6567 44
6567 6566 62
6566 6565 22
6565 6564 73
6564 6563 28
6563 6562 2
6562 6561 59
6561 6560 53
6560 6559 57
6559 6558 36
6558 6557 76
35704 35703 83
35703 35702 67
35702 35701 24
6903 6902 84
6933 6932 84
6932 6931 51
6931 6930 4
6930 6929 36
6929 6928 20
6928 6927 79
6927 6926 47
7219 7218 84
7218 7217 18
7217 7216 23
7217 1817 31
1817 1818 33
1818 1819 47
1817 8431 75
8431 8432 22
8432 8433 45
8433 8434 51
8434 8435 24
7216 7215 78
8431 35157 79
35157 35158 79
35158 35159 38
35159 35160 57
35160 35161 29
8431 8430 80
8430 8429 7
8429 8428 47
35157 35156 80
35156 35155 21
35155 35154 51
35154 35153 82
35153 35152 24
18653 7261 84
7261 7260 36
7261 7262 44
7260 7259 53
7645 7646 84
7646 7647 82
7647 7648 77
7648 7649 43
6015 7957 84
7957 7956 35
7957 7958 62
7958 7959 64
8128 8127 84
8127 8126 68
8126 8125 55
8125 8124 79
8124 8123 24
8123 8122 45
8122 8121 9
8185 8186 84
8186 8187 12
8225 8226 84
8226 8227 58
8288 8287 84
8479 8480 84
8480 8481 61
8526 8527 84
8527 8528 65
8571 8570 84
8759 8760 84
8760 8761 56
42217 8784 84
8784 8785 71
8785 8786 60
8786 16669 45
16669 16670 14
16670 16671 44
16669 16668 46
16668 16667 11
16667 16666 44
16666 16665 1
16666 45612 2
16665 16664 17
45612 45613 48
45613 45614 64
45614 45615 28
45615 45616 48
45616 45617 29
8786 8787 65
8787 8788 51
8788 8789 15
8789 8790 23
16666 11594 74
11594 11593 25
11594 11595 52
11595 11596 47
11596 11597 38
11597 11598 60
11593 11592 68
11592 11591 68
8790 8791 77
8791 8792 17
8792 40559 23
40559 40558 39
8792 8793 46
40558 40557 57
40557 40556 27
40556 39812 24
39812 39813 16
45617 45618 78
45618 10988 32
10988 10987 61
10987 10346 63
10346 25342 40
25342 25343 42
25343 43610 18
25342 25341 66
25341 25340 43
25340 25339 31
25339 25338 52
25343 25344 67
25344 25345 3
43610 43611 68
43611 43612 32
43612 43613 18
43613 43614 39
43614 43615 52
10988 10989 76
10989 7213 3
7213 7212 30
7213 7214 47
7212 39263 54
39263 39264 6
39264 39265 18
10989 10990 63
10990 10991 72
10991 10992 52
10992 10993 11
10993 10994 38
10994 10995 26
7212 7211 73
10995 10996 79
11598 11599 79
11599 11600 15
11600 11601 47
11601 11602 37
11602 11603 43
11603 11604 22
11599 42677 69
42677 42678 51
42678 42679 8
42677 42676 69
42679 42680 75
42680 42681 52
42681 42682 40
25345 25346 81
25346 25347 40
25347 25348 33
25348 25349 15
25347 48678 72
48678 48677 32
48678 48679 33
48679 48680 8
48680 48681 58
48681 48682 10
25347 47095 79
47095 47096 46
47096 47097 55
47097 47098 61
47098 47099 51
48677 48676 80
48676 48675 56
48675 48674 69
48674 48673 28
48674 38369 71
38369 38370 6
38370 5122 2
5122 5121 10
38369 38368 11
38370 6167 41
6167 6166 49
6166 6165 9
5122 5123 58
5123 5124 19
5124 5125 31
5125 5126 25
5126 5127 9
5127 5128 50
5128 5129 27
5129 5130 46
5128 14233 48
14233 14234 4
14234 14235 42
14235 14236 3
14236 14237 33
14237 14238 5
14238 14239 12
14239 14240 47
14240 14241 33
14241 14242 8
14233 14232 49
14235 42389 50
42389 42388 2
6165 6164 60
6164 6163 43
6163 6162 9
6167 6168 60
42388 42387 60
5130 5131 65
5131 5132 67
42389 42390 68
5121 27208 70
27208 36036 28
36036 36035 16
36036 36037 22
36035 36034 26
27208 27209 36
42387 42386 77
42386 42385 21
14242 14243 81
14243 14244 44
14244 14245 33
14245 45585 22
45585 45584 8
45585 10588 17
14245 14246 53
14246 8335 44
8335 8334 9
8335 8336 42
8336 28967 14
28967 28966 23
28966 28965 4
8334 8333 52
8333 8332 21
8332 30221 9
8332 8331 16
30221 30220 50
45585 45586 53
45586 45587 32
45587 45588 32
8331 8330 56
8330 8329 44
30221 30222 56
30222 30223 25
30223 30224 56
10588 10589 65
30224 30225 67
30225 382 12
30225 6665 34
6665 6666 17
6665 6664 63
6664 6663 22
382 383 64
8334 42663 69
42663 42662 57
10589 10590 70
10590 10591 31
10591 10592 51
10592 10593 8
14246 14247 75
14247 35236 33
35236 35235 15
35236 35237 29
35237 29349 33
29349 29350 36
29350 29351 9
29351 29352 66
14247 22701 72
22701 22702 15
22702 22703 10
22703 22704 5
22704 22705 2
29349 29348 76
29348 29347 60
29347 29346 72
29346 29345 45
29345 29344 42
8329 8328 81
8328 8327 51
8327 8326 32
8326 8325 81
28967 28968 81
42390 42391 81
42391 17040 33
17040 17039 19
17040 37443 48
37443 37442 20
37443 37444 44
17040 17041 55
37444 37445 74
42391 42392 78
42392 42393 58
42393 42394 29
17039 17038 81
17038 17037 21
17038 3492 40
3492 3493 1
3493 3494 43
42676 42675 81
42675 42674 57
42674 42673 38
42674 14786 50
14786 14787 28
14786 14785 44
14785 14784 53
14784 14783 32
14783 14782 6
42393 43603 81
43603 43604 11
43604 43605 5
43605 43606 37
43603 43602 79
45618 45619 81
45619 45620 44
45620 45621 6
45621 45622 63
45622 45623 44
45623 45624 9
45624 45625 31
45624 7146 37
7146 7145 60
7145 7144 26
7144 7143 74
7211 7210 82
7210 27616 41
27616 27615 28
27615 27614 65
27616 27617 73
27617 27618 60
27614 27613 77
42673 42672 82
42672 42671 56
42671 26909 10
26909 26910 45
26910 26911 4
26909 26908 51
26908 26907 39
26911 26912 61
26912 26913 41
42671 42670 71
42670 42669 30
42669 42668 58
42668 42667 41
42667 42666 76
42666 42665 77
42665 42664 54
26907 26906 81
25349 25350 83
25350 25351 71
25351 25352 66
25352 25353 43
25353 25354 78
25354 25355 65
37442 37441 83
37441 37440 31
6663 6662 84
6662 6661 46
6661 6660 72
8325 8324 84
8324 8323 22
8323 8322 1
8322 8321 32
8321 8320 68
8320 8319 13
8319 8318 78
8318 8317 82
8317 8316 60
8316 8315 5
8856 8857 84
8857 8858 56
8858 8859 10
8859 16628 50
8973 8974 84
8974 8975 69
9051 9050 84
9050 9049 76
9049 9048 24
9048 9047 7
9047 9046 66
9046 9045 69
9113 9114 84
9114 9115 17
9115 9116 5
9116 9117 34
9117 9118 22
9115 19390 40
19390 19389 33
19389 19388 30
19388 19387 63
19387 19386 51
19386 19385 23
19385 19384 30
19384 19383 32
19383 19382 58
9383 9382 84
9382 9381 54
9381 9380 59
9380 9379 75
9391 9392 84
9392 9393 50
9393 9394 20
9394 9395 55
9395 9396 28
9396 9397 27
9501 9502 84
9502 9503 19
9503 9504 8
10263 10264 84
10264 10265 74
10265 10266 20
11245 11246 84
11246 11247 73
11247 11248 11
11248 11249 69
11249 11250 80
11250 11251 61
11382 11381 84
11381 11380 82
11380 11296 30
11296 11297 70
11297 11298 8
11298 11299 11
11299 11300 21
11300 7295 26
7295 7294 24
11300 11301 33
11301 11302 34
11302 11303 35
11303 11304 29
11304 11305 6
11305 11306 22
11306 11307 19
11304 25024 52
25024 25023 31
25023 18954 30
18954 18953 58
18953 18952 24
18952 18951 4
18951 18950 11
18950 18949 35
18949 18948 41
18948 18947 43
7294 7293 61
7293 7292 4
7293 12653 63
12653 12654 13
12654 12655 19
12653 12652 41
12655 12656 57
12656 12657 52
12657 12658 6
12658 12659 48
12659 12660 4
18954 18955 71
7292 7291 72
11296 11295 73
11295 11294 42
11294 11293 61
7294 38859 78
38859 38858 43
38859 38860 56
38860 38861 51
38861 38862 58
38862 38863 19
38863 6372 69
6372 6373 23
6373 6374 29
6374 6375 67
6372 6371 78
6371 6370 40
6370 6369 22
7291 7290 82
7290 7289 1
7289 7288 75
7288 7287 2
18955 18956 82
38858 38857 82
38857 38856 53
38863 38864 83
38864 38865 30
38865 38866 13
38866 38867 50
38867 38868 35
38868 38869 4
38869 38870 34
38870 38871 82
7287 7286 84
7286 7285 41
7285 7284 33
7284 7283 15
11293 11292 84
11292 11291 75
11291 11290 24
30095 12118 84
12118 12117 5
12118 12119 60
12119 12120 27
12172 12173 84
12173 12174 76
12174 12175 84
12175 12176 34
12176 12177 37
12177 12178 79
12178 12179 32
12179 12180 37
12384 12385 84
12385 12386 5
12386 12387 53
12784 12783 84
12783 12782 2
12782 12781 51
12781 12780 24
12780 12779 1
12779 12778 24
12778 12777 3
12777 12776 67
12782 24081 77
24081 24080 1
24080 24079 52
24079 25984 19
24079 24078 26
25984 25983 41
24081 24082 61
24078 24077 69
12897 12898 84
12898 12899 21
12899 12900 60
12900 12901 37
12901 12902 35
12902 12903 32
12903 12904 46
12904 12905 28
12905 12906 79
13355 13356 84
13356 13357 44
13357 37667 23
37667 37666 36
37666 37665 37
13357 13358 61
13358 13359 50
37667 37668 66
37668 37669 38
37669 37670 50
37670 37671 48
13359 13360 73
13360 13361 44
13361 13362 2
13361 31266 38
31266 31267 54
13401 13402 84
13402 13403 7
13403 13404 29
13567 13568 84
13568 13569 76
13569 13570 70
13570 13571 19
13571 13572 59
13572 13573 11
13866 13865 84
13865 13864 22
13924 13923 84
13923 13922 33
13922 13921 25
13921 3919 28
3919 3920 27
3919 3918 71
3918 3917 45
3917 3916 1
3916 3915 67
3920 3921 76
3921 3922 12
3922 3923 47
3923 3924 63
3924 3925 35
3924 40308 57
40308 40307 63
14125 14124 84
14124 14123 28
31572 14221 84
14221 14220 39
14220 14219 73
14219 14218 19
14218 14217 15
14217 14216 84
14216 14215 42
14215 14214 24
14214 20650 68
20650 20651 58
20651 20652 74
20652 20653 41
20653 20654 12
14214 14213 75
14213 14212 27
14212 14211 58
14211 14210 38
14210 14209 67
14209 14208 44
14208 41974 56
41974 41973 1
41973 41972 17
14227 14226 84
14226 14225 54
14225 14224 60
14247 14248 84
14248 14249 65
14249 14250 7
14250 14251 35
14251 19444 16
19444 19445 71
19444 19443 76
19443 19442 45
19442 19441 53
19441 19440 80
19440 19439 48
15177 15178 84
15178 18208 35
18208 18209 1
18208 18207 14
18207 18206 25
15178 15179 42
15179 15180 66
15180 15181 68
15181 15182 26
15284 15285 84
15285 15286 39
15286 15287 58
15287 15288 32
15328 15329 84
15379 15378 84
15448 15449 84
15449 15450 3
15450 3272 20
15450 15451 33
15451 15452 11
15450 20767 37
3272 3271 38
20767 20766 47
20766 20765 60
20765 20764 53
20764 25958 47
25958 25957 7
25958 25959 12
25959 25960 29
25960 25961 26
25960 25658 29
25957 3216 37
3216 3215 11
3215 3214 44
25957 25956 45
25961 25962 56
25962 25963 14
25963 25964 14
25964 25965 8
3271 3270 74
15511 15510 84
15510 15509 65
15509 15508 41
15508 15507 58
15557 15556 84
15556 15555 43
15555 15554 10
15626 15625 84
15625 15624 81
15624 15623 71
15623 15622 52
15622 15621 71
15621 15620 41
15620 15619 30
15619 15618 80
15618 15617 73
15617 15616 47
15616 15615 43
15647 15646 84
16056 16055 84
16055 16054 64
16054 16053 41
16055 43108 69
43108 43107 10
43108 43109 13
43109 43110 43
43107 43106 50
43110 43111 77
43111 43112 26
43112 43113 48
43113 43114 56
16323 16322 84
16322 16321 65
16922 16923 84
16923 16924 31
16924 16925 58
16925 16926 46
16926 8563 29
8563 8562 28
8562 8561 10
8561 8560 49
8560 8559 22
16926 16927 64
16927 16928 16
16927 20787 16
20787 20786 38
16928 16929 44
16929 16930 64
8559 8558 67
17324 17323 84
17323 17322 46
17322 17321 4
17321 17320 49
17320 17319 67
17319 17318 37
17318 17317 42
17317 14685 2
14685 14686 60
14686 14687 29
14687 14688 71
14688 14689 4
14689 14690 37
14690 14691 27
14691 14692 1
14691 31900 36
31900 31899 35
31900 31901 75
14692 14693 81
14693 14694 53
14694 14695 41
14695 14696 14
14694 30875 65
30875 30874 66
17538 17537 84
17537 17536 65
17536 17535 2
17535 17534 31
18151 18152 84
18209 18210 84
18210 18211 56
18211 18212 40
18212 18213 43
18213 18214 33
18214 18215 34
18215 18216 46
18216 18217 28
18217 18218 25
18217 42074 31
42074 42075 12
42075 42076 14
42076 42077 52
18218 18219 58
18219 18220 49
18220 18221 7
18221 18222 3
18222 18223 47
18223 18224 11
42074 42073 78
18226 18225 84
18227 18228 84
18228 18229 81
18306 18307 84
18307 18308 50
18308 18309 32
18308 47834 39
47834 47833 76
47834 47835 80
19410 19409 84
19409 19408 12
19408 19407 83
19407 19406 1
19715 19716 84
19716 19717 31
19717 19718 9
20225 20226 84
20305 20306 84
20306 20307 6
20670 20671 84
20671 20672 44
20672 20673 52
20673 20674 18
20728 20729 84
20742 20741 84
20741 20740 63
20740 20739 65
20768 20769 84
20873 20872 84
20872 20871 26
15694 20947 84
20947 20946 9
20946 20945 24
20945 20944 7
20944 20943 14
20943 20942 5
20942 20941 29
20941 20940 21
20940 20939 45
20947 20948 48
20939 20938 72
20938 20937 22
20937 20936 73
20936 43872 35
20936 20935 39
20935 20934 25
20934 20933 8
43872 43873 39
43873 6306 51
6306 6305 29
6305 6304 15
6304 6303 46
43872 43871 73
43871 43870 18
43870 43869 10
43869 49097 54
49097 49096 64
49097 49098 65
49098 49099 33
49099 49100 25
43873 43874 75
43874 43875 31
43875 43876 12
43876 43877 62
43877 43878 11
43878 43879 10
49096 49095 77
49095 49094 16
49094 49093 2
49093 49092 37
49093 37849 46
37849 37850 2
37849 37848 31
37850 37851 53
37851 37852 36
37852 37853 19
49094 26400 61
26400 26401 47
26400 19300 58
19300 19299 8
19300 19301 54
19301 19302 15
19302 19303 44
19300 39904 69
39904 39903 38
39903 39902 38
39902 39901 45
39904 39905 54
19303 19304 71
37853 37854 76
19299 19298 77
19298 19297 43
6306 6877 79
6877 6878 74
39905 39906 79
39906 39907 17
39907 39908 21
49092 49091 80
49091 49090 30
49090 49089 39
49089 49088 23
6878 6879 82
6879 6880 81
6880 6881 62
6881 6882 62
21013 21014 84
21014 21015 25
21015 21016 72
21042 21043 84
21043 21044 6
21044 21045 61
37871 21114 84
21114 21113 28
21114 21115 36
21432 21433 84
21433 21434 8
21434 21435 47
21435 21436 26
21538 21537 84
21537 21536 16
21536 21535 68
21950 21951 84
22729 22730 84
22730 33927 21
33927 33926 4
33927 33928 37
33928 33929 49
22730 22731 59
22731 22732 55
22732 22733 50
33926 33925 78
37650 22791 84
22791 22792 8
22791 22790 70
22790 22789 14
22792 22793 71
22793 22794 62
22794 22795 4
22795 22796 33
22796 22797 80
22797 22798 39
22798 22799 32
22799 22800 6
22797 11217 59
11217 11218 45
11218 11219 1
11219 11220 56
11220 11221 3
11221 11222 72
11218 34945 80
34945 34944 10
34944 34943 60
34943 34942 18
34942 34941 39
34941 34940 9
11217 11216 82
11216 11215 17
11215 11214 20
11214 11213 18
11213 11212 27
11212 11211 1
11211 11210 21
11210 11209 81
11209 11208 35
11208 11207 75
11207 11206 9
11206 11205 29
23049 23048 84
23048 23047 30
23047 23046 78
23046 23045 13
23045 23044 33
22277 23080 84
23086 23087 84
23087 23088 57
23088 23089 69
23306 23305 84
23305 23304 41
23304 23303 82
23303 23302 38
23732 23731 84
23731 23730 5
23730 23729 78
23729 23728 1
23728 23727 17
23727 23726 9
23726 23725 11
23725 23724 5
23724 23723 18
24678 24679 84
24679 24680 80
3972 24997 84
24997 24998 56
24998 24999 70
24999 33029 30
33029 33028 47
33028 33027 20
33027 33026 37
33026 33025 63
25120 25119 84
25119 25118 8
25518 25517 84
25653 25654 84
25654 25655 49
25655 25656 55
25656 25657 2
25679 25680 84
25680 25681 35
25681 25682 17
25682 25683 8
25683 25684 40
25684 25685 33
25685 25686 17
26426 26427 84
26427 26428 42
26427 9484 64
9484 9483 36
9483 9482 44
9482 9481 48
9481 9480 53
9480 9479 30
9479 9478 25
9478 9477 37
9477 9476 38
9476 9475 50
9475 9474 9
9484 9485 59
9485 9486 36
9486 9487 78
9487 9488 77
9488 9489 69
9489 9490 59
9490 9491 23
9491 9492 59
9492 9493 7
9493 33042 41
26448 26447 84
26447 26446 40
26446 26445 56
26445 26444 83
26563 26562 84
26562 26561 75
26561 26560 4
26560 26559 21
26559 26558 77
26558 26557 58
26557 26556 79
26556 26555 77
26555 26554 43
26625 26624 84
26624 26623 77
26623 26622 48
26950 26949 84
27049 27048 84
27048 27047 51
27047 27046 48
27046 27045 20
27045 27044 71
27044 27043 34
27165 27166 84
27166 46430 29
46430 48392 67
48392 48393 5
48392 48391 44
48393 48394 70
48394 48395 6
48395 48396 53
48396 48397 23
48391 48390 79
48390 48389 60
48389 48388 27
48388 47662 25
47662 47663 32
48388 48387 35
48387 48386 43
48386 48385 27
48385 48384 65
48384 48383 45
48383 48382 17
48382 48381 65
47663 47664 68
47664 47665 37
47662 47661 71
47661 47660 66
47660 47659 67
47665 47666 78
47666 47667 18
47667 47668 9
47668 47669 44
48381 48380 79
48380 48379 51
48379 48378 59
48378 48377 64
48377 48376 44
48376 48375 32
48375 48374 16
48374 48373 54
48373 48372 9
48372 48371 28
48371 48370 67
48370 48369 39
46430 46429 83
27746 27745 84
27745 27744 18
27744 27743 60
27743 27742 12
27742 27741 84
27741 27740 59
27740 47883 17
47883 47884 39
47884 47885 40
47885 47886 64
47886 47887 74
27740 27739 84
27788 27787 84
27787 27786 66
27786 13737 71
13737 13736 15
13737 13738 36
27786 27785 77
27785 27784 17
27784 27783 29
27783 27782 15
27782 27781 30
27781 27780 44
27780 27779 64
27779 27778 13
27778 27777 53
27777 27776 62
27776 27775 84
27927 27916 84
27916 27915 40
27915 27914 23
27916 27917 72
27917 27918 43
28025 28024 84
28024 28023 28
28023 28022 34
28022 28021 77
28021 28020 40
28020 28019 25
28203 28202 84
28202 28201 52
28201 28200 22
28200 28199 36
28199 28198 33
28224 28225 84
28225 28226 19
28226 28227 70
28227 28228 67
28228 28229 51
28229 28230 74
28230 28231 51
28231 28232 15
28232 28233 49
28233 28234 78
28234 28235 16
28235 4598 59
4598 4599 11
4599 4600 26
4600 4601 4
28235 27510 61
27510 27509 29
27510 27511 37
4598 4597 63
4597 4596 55
4596 4595 12
27509 27508 65
27508 27507 55
27507 27506 73
27506 27505 3
27505 27504 19
27504 27503 19
27503 27502 44
27502 27501 12
27501 27500 20
27500 27499 56
27499 27498 78
27498 27497 39
27497 27496 1
27496 27495 13
28235 28236 78
28236 28237 13
28237 28238 68
28238 28239 34
28239 28240 8
28240 28241 11
28241 28242 3
28242 28243 1
28243 28244 57
28244 28245 73
28245 28246 35
28246 28247 75
28247 28248 64
28248 28249 64
28249 28250 47
28250 28251 75
27495 27494 81
27494 27493 14
27493 27492 13
4595 4594 82
4594 4593 55
28284 28283 84
28283 28282 49
28282 28281 32
28281 28280 44
28280 28279 68
28279 28061 64
28061 28060 25
28060 28059 35
28059 28058 37
28058 28057 17
28057 28056 74
28056 28055 20
28055 28054 6
28491 28492 84
28585 28586 84
28586 28587 64
28587 28588 23
28713 28712 84
28719 28720 84
28720 28721 49
28721 28722 82
28722 28723 31
29421 29420 84
29420 29745 57
29745 29744 33
29744 29743 43
29743 29742 10
29745 29746 69
29746 29747 69
29747 29748 3
29748 29749 54
29420 29419 79
29419 29418 50
29418 29417 51
29417 29416 39
29416 29415 46
29553 29552 84
29985 29986 84
30947 30946 84
30962 30963 84
31120 31121 84
31121 31122 76
31122 31123 78
31123 31124 2
31493 31492 84
31523 31522 84
31522 31521 13
31521 31520 68
31520 31519 21
32467 32466 84
32466 32465 19
32465 32464 47
32464 32463 16
32463 32462 19
32462 32461 48
32461 32460 35
32460 32459 56
32459 32458 49
32458 32457 23
32457 32456 82
32456 32455 58
32772 32773 84
32773 32774 9
32827 32828 84
32828 32829 65
32829 32830 10
32830 32831 25
32831 32832 33
32832 32833 3
32833 32834 77
32834 32835 84
32835 32836 14
32836 32837 83
32987 32986 84
32986 32985 11
32985 32984 11
33256 33257 84
33257 33258 82
33258 33259 49
33259 33260 32
33356 33355 84
33355 33354 32
33354 33353 62
33353 33352 77
33352 33351 81
33351 1242 80
1242 1241 79
1241 1240 50
1242 30735 81
30735 30736 18
30736 30737 42
30737 30738 34
30738 30739 4
30739 30740 30
30735 30734 55
30734 36027 13
36027 36026 13
36026 36025 19
30740 30741 56
30741 30742 31
30742 30743 4
30743 30744 73
30744 30745 12
30745 30746 64
30746 30747 76
30740 26454 79
26454 26455 41
26455 26456 25
30734 30733 81
30733 30732 45
30732 30731 72
30731 30730 72
33449 33450 84
33450 33451 24
33451 33452 69
33617 33618 84
33618 33619 20
33619 33620 38
33620 33621 60
33621 33622 48
33622 33623 66
33623 33624 12
33798 33797 84
33797 33796 27
33796 33795 37
33842 33843 84
44463 34109 84
34109 34110 27
34110 34111 22
34111 34112 14
34112 34113 51
34113 29777 35
34113 34114 43
29777 29776 75
29776 29775 20
29775 29774 33
29774 29773 41
29773 29772 69
29772 29771 39
29771 29770 3
29770 29769 12
29769 29768 22
29768 29767 5
29769 29254 63
29767 29766 64
29766 29765 23
29765 29764 7
29254 29255 65
34109 34108 75
34387 34388 84
34388 34389 37
34388 2285 61
2285 2286 2
2285 2284 41
2284 2283 39
2286 2287 56
2287 6333 14
2287 2288 17
2288 2289 1
6333 6332 43
6332 6331 18
2289 2290 44
2290 2291 5
2291 2292 40
2292 2293 25
2293 2294 42
2289 26712 50
26712 26711 5
2283 2282 70
2282 2281 4
2281 2280 25
34389 34390 77
26712 26713 83
26713 26714 79
26714 26715 58
26715 26716 76
26716 26717 44
26717 26718 36
26718 26719 57
26719 26720 11
26720 26721 17
34447 34448 84
34448 34449 25
34545 34546 84
34546 34547 27
34546 12075 60
12075 12074 71
12075 12076 72
12074 12073 75
12073 12072 70
12072 12071 13
12071 12070 50
12070 12069 66
12069 12068 84
12068 12067 41
12067 12066 2
12066 12065 54
34611 34610 84
35114 35113 84
35113 35112 15
35112 35111 70
35111 8505 58
8505 8506 31
8506 8507 59
8507 8508 38
8508 8509 48
8505 8504 68
8504 8503 54
8503 8502 79
8502 8501 29
35192 35191 84
35191 35190 72
35210 35209 84
35209 35208 24
35208 35207 36
35207 35206 63
4824 35243 84
35427 35428 84
35428 35429 43
35429 35430 44
35430 35431 23
35431 13217 15
13217 13216 8
13216 13215 63
13215 13214 77
13214 13213 8
13213 13212 75
13212 13211 20
35460 35461 84
35461 35462 42
35462 35463 35
35463 35464 6
35464 35465 16
35465 35466 46
35796 35795 84
35845 35846 84
35868 35869 84
35869 35870 38
35870 35871 7
35871 35872 17
35872 35873 20
35873 35874 63
35874 35875 11
35875 35876 35
35876 35877 63
35877 35878 61
35878 35879 72
35879 35880 57
35878 7105 73
7105 7104 12
7105 7106 35
7104 7103 54
7103 7102 28
7102 7101 23
7101 45088 39
7101 7100 75
7100 24311 64
24311 24310 38
24310 30931 46
30931 30930 57
30930 30929 80
30929 30928 73
30928 30927 11
30927 30926 21
30926 30925 21
30925 30924 10
30924 30923 38
36017 36018 84
36018 36019 25
36021 36020 84
36363 36362 84
36362 48066 82
48066 48067 76
36573 36572 84
36572 36571 35
36571 36570 57
36570 36569 46
36569 36568 10
36568 36567 37
36611 36610 84
36610 36609 55
36609 36608 82
36608 36607 12
36615 36616 84
36616 36617 79
36617 36618 66
36618 36619 4
36619 36620 60
36620 36621 13
36621 36622 84
36622 36623 8
36623 36624 57
36624 36625 57
36625 36626 20
36626 36627 71
36627 36628 71
36628 36629 25
36798 36799 84
36799 199 19
36799 36800 59
36800 36801 6
36801 36802 8
199 198 80
36804 36803 84
37069 37068 84
37550 37551 84
37551 37552 76
37552 37553 13
37553 26669 48
26669 26670 27
37553 37554 49
37554 37555 26
26670 26671 62
26671 26672 36
26672 26673 18
26673 26674 30
26674 26675 44
26675 26676 71
26676 26677 22
26677 47552 35
47552 47553 71
26669 26668 77
26668 26667 20
47553 47554 78
47554 47555 51
47555 47556 76
47556 47557 24
47557 42910 32
37589 37588 84
37588 37587 27
37587 37586 50
37586 37585 60
37585 37584 13
37584 37583 51
37583 37582 42
37582 37581 71
37581 37580 18
37580 37579 12
37579 37578 43
37578 37577 64
37577 37576 65
37576 37575 68
37575 37574 65
37574 37573 23
37573 37572 39
37572 37571 38
37574 21142 81
21142 21141 20
21141 21140 16
21140 21139 51
21139 21138 80
21138 21137 57
21137 21136 16
37990 37991 84
37991 37992 47
37992 37993 80
37993 37994 61
38370 38371 84
38371 38372 21
38372 38373 80
38373 23248 35
23248 23249 70
23249 23250 43
38373 38374 74
38374 38375 17
23248 23247 83
48162 38642 84
38642 38641 54
38871 38872 84
38872 38873 3
38873 38874 76
38874 38875 15
38872 45862 78
45862 6409 29
6409 6410 28
45862 45861 53
45861 45860 14
45860 45859 45
45859 45858 7
45858 45857 10
45857 40504 43
40504 40503 11
40504 40505 41
40505 40506 32
40506 40507 22
40507 40508 28
45858 29536 49
29536 29535 1
29535 29534 5
29536 29537 8
45857 45856 64
29534 29533 72
29533 29532 23
29532 29531 17
29531 29530 4
29530 29529 14
29529 29528 24
29528 29527 63
29527 29526 23
29527 35049 52
35049 35048 45
35048 35047 10
35047 35046 15
35046 35045 11
29526 29525 56
29525 29524 25
29524 29523 6
35045 35044 71
35044 35043 11
35043 35042 36
35042 35041 43
29523 29522 81
29522 29521 2
29521 29520 44
29520 29519 42
29519 29518 37
38875 38876 83
38876 38877 55
8608 38946 84
38946 38947 6
38947 38948 61
38948 38949 12
38949 38950 8
38950 38951 69
38951 38952 42
33296 39481 84
39481 39482 60
39482 39483 15
39483 39484 11
39484 39485 61
39485 39486 68
39486 39487 34
39487 39488 17
39901 39900 84
39900 3875 16
39900 39899 84
40202 40203 84
40203 40204 24
40308 40309 84
40309 40310 44
40310 40311 55
40627 40628 84
40628 40629 40
40644 40645 84
40645 40646 55
9016 41332 84
41332 2697 30
2697 2698 22
2697 2696 75
41900 41899 84
42094 42093 84
42170 42169 84
42169 42168 18
42168 44069 40
44069 44070 38
44070 44071 37
44069 44068 61
42168 42167 77
42167 42166 82
42166 42165 33
42165 42164 36
42164 42163 6
42163 21001 31
21001 21000 5
42163 42162 69
42162 42161 33
21001 21002 76
21002 21003 9
21003 21004 8
21000 20999 84
20999 20998 47
20998 20997 29
20997 20996 30
20996 20995 34
20995 20994 55
20994 20993 72
20993 20992 69
20992 20991 70
20991 20990 33
20990 20989 37
20989 20988 34
42228 42227 84
42227 42226 20
16291 42457 84
42457 42458 15
42457 42456 31
42569 42568 84
42574 42575 84
42759 42758 84
42758 42757 8
42757 42756 54
42756 42755 24
42755 42754 62
42754 42753 65
42781 42780 84
42780 27758 6
27758 27757 40
27758 27759 53
27759 27760 5
27760 27761 31
27757 27756 78
42931 42930 84
42930 42929 65
42929 42928 78
16114 42963 84
42963 42964 23
42964 42965 38
42965 42966 20
42966 42967 49
42967 42968 8
42963 42962 71
43080 43081 84
43081 43082 31
43082 43083 52
43083 43084 14
43084 43085 41
43085 43086 11
43086 43087 3
43087 43088 11
43088 43089 23
43089 43090 75
43210 43211 84
43211 43212 43
43212 43213 45
43213 43214 67
43214 43215 47
43215 43216 5
43215 38202 34
38202 38203 47
38203 38204 25
38204 38205 20
38204 15612 59
15612 15611 26
15612 15613 32
15613 15614 45
38202 38201 59
38201 38200 50
38205 38206 79
38206 38207 41
43703 43704 84
43704 43705 2
43705 43706 9
43923 43924 84
43924 43925 6
43924 15633 15
43925 43926 29
43926 43927 6
15633 15632 66
15632 15631 54
43927 43928 68
43928 43929 83
43929 43930 4
43930 43931 30
44015 44014 84
44014 44013 1
44013 44012 15
44012 44011 25
44158 44159 84
44286 44285 84
44413 44414 84
44414 44415 30
44415 44416 82
44783 44784 84
44784 44785 68
44785 44786 75
44786 44787 59
45139 45140 84
45140 45141 20
45141 45142 38
45142 45143 10
45290 45291 84
45291 45292 6
45292 45293 51
45528 45529 84
45656 45655 84
45655 45654 24
45654 45653 12
46083 46084 84
46084 46085 1
46085 46086 36
46195 46196 84
46196 46197 35
46197 46198 59
46198 46199 43
46299 46300 84
46300 46301 41
46301 46302 63
46322 46321 84
46321 46320 47
46320 46319 38
46319 46318 82
46318 46317 41
46317 46316 8
46316 46315 31
46315 46314 50
46314 46313 29
46313 46312 3
46312 46311 2
46311 46310 64
46310 46309 22
46309 46308 35
46308 46307 74
46604 46603 84
46603 46602 6
46683 46682 84
46682 40246 19
40246 40247 1
40246 40245 8
40247 40248 9
40248 40249 19
46682 46681 64
46681 33560 45
33560 33559 9
33560 33561 29
40245 40244 65
40244 40243 12
40243 40242 24
33559 33558 77
33558 33557 14
40242 40241 84
40241 40240 72
40240 40239 15
40239 40238 28
46933 46932 84
46932 46931 51
46931 46930 4
46930 46929 78
46929 46928 18
46928 46927 21
46927 46926 41
46978 46977 84
47001 47000 84
47000 46999 45
46999 46998 56
47095 47094 84
47094 47093 72
47093 47092 43
47353 47354 84
47423 47422 84
47422 47421 53
47483 47482 84
47482 47481 83
47481 47480 53
47480 4678 8
47480 47479 9
4678 4677 22
4677 4676 35
47479 47478 42
47478 47477 7
4676 4675 50
47477 47476 84
47476 47475 66
47475 47474 40
47474 47473 45
47473 47472 50
47472 47471 13
47471 47470 8
47596 47595 84
47595 47594 80
47594 47593 66
47593 47592 65
47592 30693 16
47592 47591 18
30693 30692 33
47591 47590 49
47590 47589 54
30693 30694 70
30694 30695 38
30695 30696 20
30692 30691 77
30691 30690 3
30690 30689 13
30689 7177 22
7177 7176 22
30690 47066 34
7177 7178 45
7176 7175 47
47066 47065 49
47065 47064 21
47064 47063 5
7178 7179 50
7179 7180 35
7180 7181 11
47063 47062 56
47062 47061 32
7175 7174 69
47066 47067 73
47067 47068 28
47068 47069 10
47069 47070 45
30689 30688 81
30688 30687 1
47070 47071 81
30687 30686 83
30686 30685 62
30685 2162 9
30685 30684 36
30684 30683 33
30683 30682 15
47756 47755 84
47755 47754 26
47754 47753 47
47753 47752 64
47752 47751 45
47751 47750 46
47750 47749 73
47749 47748 5
47748 47747 46
47747 47746 39
47747 44690 72
44690 44691 62
44691 44692 26
44692 44693 47
47746 47745 83
47835 47836 84
47836 47837 47
47837 47838 78
47838 47839 71
47839 47840 84
47840 47841 49
47841 47842 4
47842 47843 22
47843 47844 31
47844 47845 49
47845 47846 78
47846 47847 55
47847 47848 7
47848 47849 31
47849 47850 43
47953 47954 84
47954 47955 20
47955 14498 24
14498 14499 4
14498 14497 35
14497 14496 9
47954 26273 39
26273 26272 16
47955 47956 51
47956 47957 76
47957 47958 61
26273 26274 79
14496 14495 81
14495 14494 38
14494 27843 47
27843 27842 16
27843 27844 21
27844 27845 32
27845 27846 66
27846 27847 43
27847 30156 12
14494 14493 68
30156 30155 75
30155 30154 57
30154 30153 33
14499 14500 83
14500 14501 23
14501 14502 63
14502 14503 5
14503 14504 21
14504 14505 7
14505 14506 80
14506 14507 7
48014 48015 84
48015 48016 38
48129 48128 84
48128 48127 58
48127 48126 33
48126 48125 11
48125 48124 36
48124 48123 26
48124 32430 49
48123 48122 62
32430 32429 65
32429 32428 2
32428 32427 41
32430 32431 79
32431 32432 60
48365 48364 84
48367 48368 84
48639 48638 84
48846 48847 84
48847 48848 34
48862 48863 84
48863 48864 72
48864 48865 18
48865 48866 21
48864 3544 64
3544 3545 27
3544 3543 39
3545 3546 53
48866 48867 66
48867 48868 38
3543 3542 69
48868 48869 69
48869 48870 59
48870 48871 57
3542 41671 72
41671 41672 53
41672 41673 50
41673 41674 50
41671 41670 64
3546 3547 77
3547 3548 32
3547 12427 48
12427 12428 4
12427 12426 7
12426 12425 2
12428 43000 48
43000 42999 21
43000 43001 56
43001 43002 51
3548 3549 61
42999 42998 61
42998 42997 58
12425 12424 66
42997 42996 66
42996 42995 56
42995 42994 40
3549 3550 70
3550 3551 20
3551 3552 59
3552 3553 79
3553 3554 78
3554 3555 32
3555 3556 73
3556 3557 44
3557 3558 74
3558 22526 16
3558 3559 20
22526 22527 44
22527 22528 10
3559 3560 77
3560 3561 41
3561 3562 60
3562 3563 10
12428 12429 79
12429 32149 68
32149 32150 42
32149 32148 59
32148 32147 23
32150 32151 68
41674 41675 79
41675 41676 26
41676 41677 1
41677 41678 11
41678 41679 22
41679 41680 28
49002 49001 84
49017 49016 84
49016 49015 32
49015 49014 64
49014 49013 36
49013 49012 54
49012 49011 4
49190 49191 84
49191 49192 4
49192 49193 51
49193 49194 80
49194 49195 34
49195 33871 7
33871 33872 71
33872 33873 32
33873 33874 43
33874 33875 25
33875 33876 9
33876 33877 64
33877 33878 72
33878 33879 30
27871 49207 84
49207 49206 71
49206 49205 43
49205 49204 7
49204 49203 50
49203 49202 23
49202 49201 17
49201 49200 55
49207 49208 80
49208 45948 1
45948 45949 60
45949 45950 58
49208 49209 65
49209 49210 67
49210 49211 55
45950 45951 70
45951 45952 73
49257 49258 84
49258 47324 41
49258 49259 49
49259 49260 12
49259 49347 19
49347 49348 4
49347 49346 6
49348 49349 35
49349 49350 36
49350 49351 26
49260 49261 37
49261 49262 33
49262 49263 14
49263 49264 36
49264 49265 48
49346 49345 49
49345 49344 35
47324 47323 55
47323 47322 60
47322 47321 64
47321 47320 34
47320 6448 66
6448 6449 8
6448 6447 19
6449 6450 31
6447 6446 80
47320 47319 80
47319 47318 43
47318 7367 51
47324 47325 80
47325 47326 44
6446 6445 84
6445 6444 14
6444 6443 5
6443 6442 48
49543 49542 84
49542 49541 82
49541 49540 9
49570 49571 84
49571 49572 6
49572 49573 74
49573 49574 3
49574 49575 14
49595 49596 84
49596 49597 11
49597 49598 62
49598 49599 61
49599 49600 31
49600 49601 59
49601 49602 46
49602 49603 5
49738 49739 84
49739 49740 73
49973 49972 84
49972 49971 59
49971 1069 15
1069 1068 25
1068 1067 3
1067 1066 18
1066 1065 8
1069 1070 30
1070 21809 2
21809 21808 18
49971 49970 43
21809 21810 81
21810 21811 59
21811 16917 56
21811 21812 58
16917 16918 62
21812 21813 72
21813 21814 45
21814 21815 40
21815 21816 71
21816 21817 80
21817 21818 12
1070 1071 84
1071 1072 4
1072 1073 22
1073 1074 8
70 71 85
71 72 81
115 116 85
116 117 79
348 347 85
347 346 69
346 345 79
345 344 74
344 343 40
343 342 58
382 381 85
631 630 85
630 629 13
849 848 85
848 847 18
847 846 30
846 845 26
845 844 52
844 843 48
843 842 6
842 841 21
841 840 52
840 839 71
839 838 69
838 837 73
837 836 48
836 835 34
835 834 52
26776 954 85
954 953 55
953 952 60
952 951 7
951 950 59
950 949 34
949 948 3
948 947 70
947 946 74
946 945 44
945 944 68
1065 1064 85
1064 1063 43
1063 1062 25
1253 1252 85
1252 1251 35
1251 1250 81
1250 1249 30
1249 1248 20
1248 1247 31
1247 1246 79
1246 1245 17
1646 1647 85
1647 1648 83
1648 1649 50
1649 1650 43
2650 2649 85
2649 2648 39
2718 2719 85
2719 2720 46
2752 2751 85
2751 2750 23
2750 2749 12
2749 2748 24
2748 2747 23
2747 2746 13
2746 2745 11
2977 2976 85
2976 2975 36
2975 2974 67
3034 3035 85
3035 3036 81
3036 3037 28
3037 3038 60
3038 3039 41
3039 3040 82
3040 3041 83
3041 3042 49
3042 3043 16
3043 3044 83
3044 3045 79
3045 3046 71
3046 3047 52
3611 3612 85
4029 4028 85
4258 4257 85
4257 4256 31
4256 4255 35
4255 4254 22
4254 4253 57
4253 4252 9
4252 4251 78
4251 4250 36
4250 4249 53
4249 4248 71
4248 32122 45
4248 4247 58
32122 32121 63
32121 32120 44
32120 32119 65
32119 32118 14
32118 32117 61
32122 32123 69
32123 32124 72
4247 4246 82
4246 4245 31
4245 4244 28
4244 4243 72
35105 4445 85
4445 4444 16
4445 4446 20
4446 4447 15
4447 4448 46
4448 4449 65
4449 4450 8
4450 4451 60
4451 4452 10
4463 4464 85
6187 4558 85
4558 4557 19
4557 4556 32
4556 4555 59
4558 4559 80
4809 4808 85
4808 4807 10
4845 4846 85
4883 4882 85
4882 4881 76
4881 38243 14
38243 38242 26
4881 4880 56
5339 5340 85
5340 5341 57
5341 5342 49
5342 5343 10
5343 5344 29
5344 5345 24
5345 5346 72
5346 5347 22
5347 5348 50
5348 5349 70
5349 5350 68
5350 5351 1
5351 5352 45
5418 5419 85
5419 5420 64
5420 5421 30
5421 5422 51
5422 5423 33
5423 5424 31
5431 5430 85
5430 39746 11
39746 39747 11
5430 5429 66
5429 5428 26
5428 5427 18
39746 39745 70
39745 39744 60
39744 39743 48
39743 39742 38
39742 39741 82
5814 5815 85
5815 5816 75
5816 5817 71
5817 5818 21
5818 5819 25
5819 5820 35
5820 5821 55
5878 5879 85
5879 5880 38
5880 5881 75
5898 5899 85
6160 6159 85
6159 6158 56
6158 6157 38
6157 6156 40
6156 6155 81
6178 6177 85
6409 6408 85
6824 6825 85
6825 6826 3
6826 6827 33
6827 6828 61
6839 6838 85
6838 6837 1
6837 6836 30
6836 6835 41
6835 6834 67
6834 6833 50
6833 6832 3
6832 6831 63
6831 6830 72
6830 6829 75
7106 7107 85
7107 7108 32
7108 7109 57
7109 7110 46
25996 7549 85
7549 7550 36
7550 7551 45
7551 7552 42
7549 7548 46
7548 7547 66
7547 7546 60
7546 7545 9
7546 14898 63
14898 14897 64
7552 7553 69
7553 7554 8
7554 7555 28
7555 40973 54
40973 38482 9
38482 38481 1
38482 38483 11
38481 38480 13
38480 38479 13
40973 40972 49
38483 38484 50
38484 38485 41
40973 40974 68
14898 14899 69
14899 14900 7
14900 14901 34
14901 14902 12
14902 14903 15
14903 14904 72
38483 7037 79
7037 7038 7
7037 7036 10
7038 7039 69
7039 7040 15
7545 7544 81
7544 7543 3
7543 7542 22
7542 7541 66
7541 7540 2
7643 7642 85
7642 7641 46
7820 7819 85
7819 7818 70
7818 7817 10
7818 42808 58
42808 42809 23
42808 42807 39
42807 42806 57
7817 7816 59
7816 7815 67
42806 42805 68
42805 42804 41
42804 42803 29
7815 7814 74
7814 7813 54
42809 42810 77
42810 42811 47
42811 42812 65
42805 43840 81
43840 43841 11
43841 43842 18
43842 43843 1
7893 7892 85
7892 7891 62
7891 7890 58
7890 7889 47
7959 7960 85
7960 7961 20
7961 7962 57
7962 7963 53
7963 7964 34
7964 7965 62
7965 7966 33
7966 7967 49
7967 989 30
7967 7968 53
7968 7969 51
7969 7970 20
7965 24222 72
24222 24221 50
24221 22191 27
24221 24220 39
24220 24219 36
24219 24218 12
24218 24217 17
24217 48332 6
48332 48331 39
48332 48333 52
48333 48334 27
48334 48335 6
48335 48336 19
24222 24223 53
24217 24216 68
22191 22190 74
7970 7971 75
7971 37188 21
37188 37189 12
37189 37190 68
48331 48330 78
48330 48329 18
7971 7972 80
7972 7973 60
7973 7974 47
7974 7975 51
7975 6192 59
6192 6191 17
7975 7976 60
7976 7977 54
6192 6193 80
37188 37187 80
37187 37186 16
37186 37185 25
37185 11741 4
11741 11742 7
37185 37184 28
11742 11743 40
11743 11744 41
11744 11745 38
8061 8062 85
8062 3787 8
3787 3788 2
8062 8063 31
3787 3786 45
3786 3785 40
3785 3784 59
8063 8064 63
3788 3789 77
3789 3790 57
3790 3791 16
3791 3792 57
3792 3793 44
3792 24145 52
24145 24146 70
24146 24147 29
24147 24148 53
24148 24149 50
24149 24150 29
24150 24151 23
24145 24144 72
24144 24143 18
24151 24152 79
24152 24153 36
24153 24154 59
24154 24155 61
8170 8171 85
8171 8172 58
8172 8173 12
8173 8174 22
6262 8376 85
8376 8377 28
8377 8378 55
8378 8379 39
8428 8427 85
8427 8426 72
8426 8425 83
8425 8424 5
8424 8423 83
8423 8422 29
8422 8421 77
8421 8420 18
8420 8419 75
8419 8418 80
8612 8613 85
8613 8614 74
8614 8615 38
8704 8703 85
8703 8702 30
8702 8701 12
8701 8700 25
8700 8699 43
8699 8698 8
8698 8697 52
8778 8779 85
8779 8780 53
8780 8781 11
8781 8782 39
8782 8783 56
8900 8901 85
8901 8902 11
8902 8903 73
8903 8904 20
8904 8905 81
8905 8906 69
8906 8907 81
8907 8908 68
8908 8909 46
9054 9055 85
9055 9056 13
9056 9057 30
9057 9058 35
9058 9059 22
9059 9060 53
9060 9061 25
9061 17898 36
17898 17899 24
17899 17900 48
17898 17897 63
17897 17896 74
17896 17895 32
17900 17901 79
17901 17902 44
17902 17903 48
17900 28295 83
28295 28296 29
28295 28294 36
28294 28293 9
28293 28292 38
28292 28291 9
28292 16651 64
16651 16652 41
16651 16650 42
16650 16649 1
16652 16653 68
28296 28297 73
28297 28298 67
28298 28299 49
9138 9137 85
26206 9309 85
9309 9310 2
9310 9311 21
9311 9312 14
9309 9308 84
9308 9307 60
9307 9306 66
9589 9588 85
9588 25584 15
25584 25583 54
9588 9587 65
9587 9586 39
25584 25585 68
25585 25586 71
9586 9585 77
9585 9584 46
9584 9583 8
25586 25587 77
25587 25588 38
25588 25589 9
25589 2615 8
2615 2616 77
25583 25582 80
2615 2614 84
2614 2613 22
9583 9582 85
9582 9581 4
9581 9580 51
9580 9579 57
9737 9736 85
9736 9735 61
9735 9734 64
9734 9733 63
10020 10021 85
10021 10022 17
10022 10023 52
10023 10024 11
10024 10025 81
10040 10039 85
10039 10038 27
10038 10037 21
10037 10036 53
10036 10035 7
10035 10034 11
10034 10033 44
10033 10032 58
10032 10031 35
10031 10030 49
10036 7155 82
7155 7154 76
7154 7153 8
7153 7152 67
7152 7151 19
7151 7150 14
7150 7149 73
7149 7148 41
7148 7147 74
7155 7156 80
7156 7157 34
7157 7158 84
10050 10051 85
10202 10203 85
10203 10204 6
10204 10205 46
10205 10206 65
10206 10207 52
10207 10208 19
10208 10209 41
10531 10530 85
10530 10529 75
10622 10621 85
10636 10637 85
10637 10638 59
10638 10639 23
10639 42435 28
42435 42434 4
10639 10640 49
42435 42436 52
10640 10641 72
10641 10642 36
10642 10643 39
42434 42433 77
42433 42432 66
42432 42431 23
42431 42430 73
42430 42429 56
42430 36675 78
36675 36674 38
36674 36673 22
36675 36676 73
36676 36677 54
36677 36678 69
36678 36679 22
10643 10644 79
36679 36680 84
36680 36681 34
36681 36682 37
36682 36683 70
36683 36684 49
36684 36685 23
36685 36686 53
36686 36687 80
48146 10901 85
10901 10900 11
10901 10902 52
10902 10903 70
10903 10904 23
10904 10905 42
10900 10899 77
10899 10898 6
10898 10897 84
10897 10896 62
10896 10895 50
10895 10894 2
10894 10893 79
10893 10892 25
10892 10891 41
10891 10890 39
11063 11062 85
11270 11269 85
11269 11268 5
11268 11267 62
11267 11266 26
11266 11265 70
11265 11264 50
11428 11427 85
11437 11438 85
11438 11439 48
11439 11440 66
11440 11441 4
11441 11442 41
11690 11689 85
11689 11688 9
11689 14548 23
14548 14547 23
14548 14549 65
14549 14550 5
14550 14551 19
14551 14552 49
14552 14553 33
14553 14554 49
14554 14555 28
14547 14546 69
14546 14545 43
11688 11687 74
11687 11686 58
11686 11685 75
14555 14556 80
14556 14557 18
14557 14558 50
14558 14559 58
11832 11833 85
11833 11834 59
11834 11835 8
12117 12116 85
12116 12115 79
12115 12114 4
12114 12113 57
12113 12112 25
12112 12111 60
12135 12136 85
12136 12137 77
12137 12138 52
12138 12139 15
12139 12140 21
12140 12141 76
12141 12142 36
12142 12143 34
12152 12153 85
12153 12154 31
12843 12844 85
12952 12951 85
12951 12950 41
12950 12949 6
12949 12948 65
12948 12947 4
12947 12946 57
12962 12963 85
12963 12964 23
12964 12965 3
12965 12966 74
13162 13163 85
13163 13164 14
13164 13165 35
13165 13166 41
13166 13167 11
13167 13168 72
13168 13169 70
13173 13174 85
14123 14122 85
14122 14121 3
14121 14120 62
14120 14119 49
14119 14118 5
14621 14620 85
14620 14619 45
14619 14618 54
14618 14617 44
14617 14616 42
14636 14635 85
14635 14634 42
14634 14633 7
14633 14632 7
14632 14631 9
14631 14630 60
15839 14830 85
14830 14831 80
14831 3014 69
3014 3015 55
14831 14832 76
14832 14833 34
14833 14834 46
14834 14835 34
3014 3013 84
3013 3012 55
3012 3011 83
3011 3010 34
3010 3009 28
3010 30057 69
30057 30056 28
30056 30055 17
30055 30054 13
30054 30053 65
30053 30052 67
3009 3008 79
3008 3007 66
3007 3006 54
3006 3005 38
14835 14836 84
14836 35731 59
35731 35730 75
35730 35729 30
35729 35728 50
35728 35727 14
35727 35726 49
35726 35725 72
35725 35724 41
35724 35723 54
35723 35722 66
35722 35721 46
35721 35720 71
35720 35719 73
35719 35718 7
35718 35717 79
35717 35716 17
35716 35715 15
35715 35714 78
35714 35713 49
35713 35712 38
35712 35711 7
35713 3460 68
3460 3461 12
3460 3459 73
3461 3462 76
14836 14837 80
3462 3463 83
3463 3464 74
3464 3465 18
15194 15195 85
15195 15196 62
15196 15197 72
15197 15198 36
15198 15199 9
15199 42071 58
42071 42072 2
42071 42070 37
42070 42069 10
42069 42068 11
42068 42067 37
42071 1492 56
1492 1491 58
1491 1490 40
42067 42066 68
42066 42065 37
42065 42064 37
42064 42063 32
15199 15200 72
42067 32143 73
32143 32144 54
32144 32145 11
32145 32146 72
42063 42062 74
42062 42061 77
42061 42060 28
42060 42059 76
42059 42058 67
42058 42057 47
42057 42056 44
42056 42055 17
15200 15201 79
15258 15259 85
15659 15658 85
15746 15745 85
15745 15744 24
15744 18890 25
18890 18889 25
18889 18888 33
18888 18887 24
18887 18886 43
18886 18885 7
18885 18884 41
18884 18883 58
18890 18891 69
15744 15743 77
15743 15742 45
15773 15772 85
15772 15771 72
15771 15770 7
15771 49268 30
49268 49269 36
49268 49267 50
49267 49266 13
49269 49270 72
49270 49271 23
49271 49272 58
49272 49273 78
49273 49274 51
15847 15846 85
15846 15845 1
15995 15996 85
15996 15997 62
15997 15998 15
15998 15999 82
35522 16002 85
16002 16003 38
16002 16001 42
16001 16000 78
16003 16004 85
16004 16005 4
16005 16006 22
16006 16007 6
16066 16065 85
16183 16184 85
15177 16207 85
16207 16206 11
16206 16205 43
16207 16208 50
16208 16209 10
16209 16210 81
16210 16211 74
16827 16828 85
16828 16829 84
17175 17176 85
17176 17177 42
17177 17178 9
17178 17179 54
17192 17193 85
17193 17194 32
17194 17195 52
17195 17196 12
17194 13025 54
17196 17197 56
13025 13026 81
13026 13027 24
13027 13028 21
13028 13029 41
13029 13030 3
15309 17609 85
17609 17610 6
17609 17608 13
17610 17611 47
17611 17612 5
17608 17607 51
17607 17606 22
17606 17605 1
17605 17604 63
17604 17603 31
17603 19671 2
19671 19672 61
19672 19673 1
19671 19670 62
19670 19669 42
17612 17613 69
17613 17614 15
17613 20524 27
20524 20525 12
19669 19668 69
20524 20523 72
20523 20522 73
20522 20521 52
20521 20520 6
20520 20519 50
20519 27304 60
27304 27303 19
20519 20518 66
20518 20517 6
27303 27302 69
27302 27301 20
17614 17615 84
17615 17616 61
17616 16044 12
17616 17617 20
16044 16043 26
17617 17618 26
17618 17619 37
17619 17620 4
16043 7044 39
7044 49252 41
49252 49253 14
7044 7043 48
7044 7045 50
7045 7046 6
7044 43696 51
43696 11813 45
11813 11814 21
11814 11815 38
11815 11816 14
11816 11817 10
11817 11818 13
16043 16042 54
16042 16041 4
16041 16040 6
11813 11812 57
11812 11811 17
43696 43695 63
17620 17621 68
17621 17622 6
17622 17623 2
17623 17624 19
17624 17625 48
17625 17626 69
17626 17627 46
17627 17628 62
17628 17629 44
43696 43697 71
43697 43698 56
16044 32935 74
32935 32934 43
32935 32936 47
32936 32937 4
43697 25487 81
25487 25486 54
11811 11810 82
11810 11809 43
49252 49251 83
49251 49250 40
17827 17826 85
17826 17825 64
17825 17824 41
17824 17823 85
17823 17822 35
17822 17821 49
17821 17820 48
17820 17819 10
17819 17818 25
17818 17817 43
17817 17816 35
17816 17815 41
17822 8296 71
8296 8295 64
8296 8297 70
8297 8298 40
8298 8299 7
8295 8294 80
18090 18089 85
16571 18106 85
18106 18107 7
18106 18105 20
18272 18273 85
18273 18274 70
18274 18275 74
18275 18276 68
18276 18277 52
18277 18278 65
18278 18279 15
18279 18280 56
18280 18281 78
49054 18510 85
18510 18509 33
18509 18508 34
18510 18511 49
18508 18507 53
18507 18506 13
18506 18505 38
18506 6174 78
6174 6173 5
6174 6175 23
6175 6176 12
18693 18694 85
18694 18695 28
18695 18696 48
18696 18697 69
18697 18691 24
18691 18690 22
18697 18698 35
18698 18699 67
18690 18689 81
18689 18688 78
18688 33791 29
33791 33792 9
33791 33790 23
33790 33789 58
33789 33788 49
18688 18687 72
18687 18686 50
18686 18685 37
18685 18684 6
33788 33787 74
33787 33786 65
33786 40966 20
40966 40967 9
40967 40968 10
40966 40965 27
40965 40964 35
40968 40969 38
40969 40970 66
40970 40971 20
33786 33785 68
33785 19084 1
33785 33784 64
33784 33783 59
33783 33782 14
33782 33781 32
33781 33780 71
33780 33779 20
33779 33778 29
33778 33777 44
33777 33776 7
33776 33775 26
33775 33774 56
33774 33773 53
33792 33793 75
33793 33794 6
19160 19161 85
19583 19582 85
19582 19581 30
19581 19580 20
19584 19585 85
19585 19586 13
19586 19587 56
19587 19588 14
20190 20189 85
20437 20438 85
20438 20439 28
20441 20440 85
37 20475 85
20475 20476 5
20476 20477 51
20477 20478 24
20478 20479 34
20479 13284 39
13284 13283 38
20479 20480 45
21111 21112 85
21119 21118 85
21118 21117 15
21117 21116 13
21201 21202 85
21202 21203 73
21203 21204 37
21204 21205 26
21205 39269 19
21205 21206 28
21206 21207 30
21207 21208 24
21208 21209 19
21209 21210 6
39269 39268 56
39268 39267 64
39267 39266 65
39269 39270 79
39270 43673 84
43673 43672 82
43672 43671 7
43671 43670 44
43670 43669 39
43669 43668 64
43668 43667 28
43667 43666 82
43666 43665 57
43665 43664 14
21348 21347 85
21347 21346 57
21346 21345 16
21345 21344 41
21344 21343 31
21343 21342 7
21342 21341 25
21341 21340 32
21340 21339 48
21787 21788 85
21788 21789 24
21789 21790 6
21790 21791 85
21791 21792 41
21791 24742 45
24742 24743 10
24742 24741 37
24741 24740 51
21792 21793 76
21793 21794 13
21794 21795 24
21795 21796 41
21796 21797 64
21797 21798 1
21798 21799 36
21835 21834 85
21846 21847 85
21847 21848 22
22268 22269 85
22269 22270 12
22270 22271 53
22701 22700 85
22700 22699 65
22699 16579 34
16579 16578 18
16579 16580 35
16580 16581 8
16578 16577 44
22699 22698 61
22698 22697 24
22697 22696 56
22696 22695 14
22695 22694 4
22694 22693 51
22693 22692 47
16577 36388 65
36388 36387 50
36388 36389 59
16577 16576 77
16581 16582 77
22692 22691 83
22691 22690 21
22690 22689 4
22689 22688 48
22688 22687 33
47713 22859 85
22859 22860 21
22859 22858 58
22858 22857 64
22860 22861 70
22861 41014 40
41014 41015 36
41015 41016 23
41016 41017 6
41014 41013 49
23158 23157 85
23157 23156 12
23156 23155 64
23155 23154 40
23345 23344 85
23351 23350 85
23370 23369 85
23369 23368 57
23368 23367 47
42760 23495 85
23495 23494 77
23494 23493 37
23493 23492 55
23492 23491 79
23491 23490 80
23490 23489 11
23489 23488 34
23488 23487 60
23487 23486 67
23486 23485 17
23485 23484 45
23926 23927 85
23962 23963 85
23963 23964 22
23963 41962 27
23964 23965 30
41962 41961 41
41961 41960 57
41960 41959 72
41959 41958 2
41958 41957 75
41962 41963 82
41963 41964 26
41964 41965 47
24086 24085 85
24085 24084 44
24084 24083 10
29426 24540 85
24540 24539 45
24540 24541 69
24541 24542 24
24542 24543 50
24543 24544 30
24543 3217 55
24544 24545 66
3217 3218 73
24545 24546 76
25024 25025 85
25025 25026 48
25026 25027 77
25338 25337 85
25427 25428 85
25428 25429 20
25429 25430 34
25430 25431 1
25431 25432 69
25432 25433 71
25433 25434 78
25434 25435 46
25435 25436 61
25436 25437 85
25437 25438 9
25438 25439 68
25439 25440 36
25440 26617 4
25440 25441 26
26617 26618 31
26617 26616 43
26616 26615 39
25719 25718 85
25718 25717 35
25810 25809 85
25809 25808 75
25808 32053 35
32053 32052 27
25808 25807 62
25807 25806 43
25806 25805 34
25805 25804 2
25804 25803 27
32052 32051 80
32051 32050 71
25991 25990 85
25990 33537 36
33537 33538 16
33538 33539 25
25990 25989 42
33537 33536 50
25989 25988 74
25988 25987 3
25987 25986 25
25988 18293 66
33536 33535 75
26077 26076 85
26131 26132 85
26132 26133 55
26133 26134 76
26134 26135 20
26218 26219 85
26219 26220 40
26220 26221 67
26221 26222 59
26222 26223 84
26454 26453 85
26503 26504 85
26574 26575 85
26575 26576 79
26590 26591 85
26591 26592 69
26592 26593 14
26592 31752 41
31752 31753 70
31753 31754 72
31752 31751 82
31751 10412 79
10412 10411 19
10412 10413 28
10413 10414 17
10414 10415 43
10411 10410 52
10410 10409 14
10409 10408 1
10408 10407 65
31754 31755 83
31755 31756 60
31756 31757 16
26615 26614 85
26614 26613 11
26613 26612 56
26612 26611 79
26611 14340 22
14340 14341 29
14341 14342 18
14340 14339 65
14342 14343 71
14343 14344 60
14344 14345 17
14345 14346 61
14346 14347 16
14347 14348 73
14348 14349 54
14349 14350 59
14350 14351 62
14351 14352 45
14352 14353 53
14353 14354 5
14354 14355 22
14339 14338 78
26929 26928 85
26928 2243 53
2243 2244 44
26928 26927 61
26927 26926 58
26926 26925 40
2244 2245 66
2245 2246 40
2246 2247 49
2247 2248 38
2248 2249 19
2249 2250 10
26925 26924 75
27368 27367 85
27645 27644 85
27644 46462 52
46462 46463 9
46463 46464 35
46462 46461 59
27739 27738 85
27738 27737 14
27840 27841 85
28048 28049 85
37321 28085 85
28085 28086 62
28086 28087 51
28087 663 63
663 662 56
28087 28088 83
28142 28143 85
28143 28144 57
28144 28145 83
28251 28252 85
28252 28253 39
29006 29007 85
29552 29551 85
29551 29550 35
29560 29561 85
29561 29562 80
29562 29563 22
29563 33044 46
33044 33043 15
33044 33045 83
33045 33046 65
33046 33047 11
33047 33048 12
33048 33049 56
33049 33050 32
33050 33051 45
33051 33052 3
29628 29629 85
29629 29630 48
29630 29631 24
29631 29632 22
29632 29633 24
29633 29634 26
29634 29635 26
29635 29636 14
29632 22644 76
22644 22643 63
22643 22642 79
22642 22641 6
22641 22640 11
22640 22639 66
22639 22638 44
22638 22637 68
29665 29666 85
29666 29667 84
29667 29668 5
29668 29669 33
30253 30254 85
30254 44577 6
30254 30255 19
44577 44578 25
44578 44579 10
44579 44580 41
44577 44576 74
44576 44575 3
44575 44574 23
44580 44581 76
44581 44582 73
44582 44583 10
44583 44584 42
44584 44585 10
44585 44586 72
44586 15580 24
15580 15581 42
44574 44573 78
44573 44572 70
44572 44571 36
44571 44570 25
44570 44569 68
15581 15582 82
15582 15583 63
15583 15584 39
15584 15585 3
44586 44587 84
30295 30294 85
30294 30293 24
30293 30292 80
35624 30678 85
30678 30677 20
30778 30779 85
30779 30780 14
30991 30992 85
30992 40323 23
40323 7319 55
7319 7320 7
7320 7321 24
7321 7322 1
7322 7323 21
7319 7318 25
7323 7324 57
7324 7325 27
7325 7326 66
7326 7327 3
30992 30993 67
30993 30994 1
7320 25053 79
25053 25052 27
25053 25054 68
25054 25055 12
25055 25056 47
7327 34668 81
34668 34667 13
34668 34669 42
34669 34670 37
34670 34671 26
34671 34672 55
34672 34673 10
34673 11197 64
11197 11198 5
11197 11196 43
11196 11195 26
11198 11199 44
11199 11200 35
34673 34674 67
34674 34675 51
11200 11201 68
11201 11202 10
11202 11203 22
11203 11204 50
7327 7328 85
25056 25057 85
25057 25058 9
25058 25059 37
25059 25060 34
25060 25061 16
25058 49453 62
49453 49454 10
49454 49455 5
49455 49456 20
49456 49457 12
49453 49452 22
49457 49458 51
49453 29676 52
29676 29675 43
29675 29674 14
29674 29673 8
29673 29672 45
49458 49459 66
49459 49460 68
49460 49461 13
49461 49462 39
49462 49463 13
49463 49464 36
49464 49465 35
25061 25062 80
49465 49466 84
31083 31084 85
31084 31085 6
31182 31181 85
31181 31180 67
31180 31179 82
31179 31178 15
31178 31177 42
31192 31193 85
31193 31194 54
31194 31195 26
17798 31237 85
31237 31238 40
31238 31239 33
31239 31240 27
31237 31236 68
31236 31235 73
31235 31234 39
31234 31233 52
31233 7827 42
31233 31232 48
7827 7828 63
31240 31241 78
31241 31242 68
31242 31243 74
31243 31244 72
31250 31249 85
31249 9301 32
9301 9300 36
9300 8202 23
9300 9299 51
9299 9298 32
9298 9297 1
8202 8203 69
9301 9302 72
9302 9303 25
9297 9296 78
8203 8204 82
8204 8205 60
8205 8206 13
8206 8207 15
8207 8208 22
8208 8209 76
31249 31248 82
31248 31247 5
31247 31246 61
31246 31245 71
31669 31668 85
31724 31723 85
31723 31722 85
31842 31841 85
31841 31840 83
31840 31839 79
31839 27583 3
27583 27584 7
31839 31838 29
31838 31837 12
27584 27585 44
27585 27586 3
27586 27587 19
27587 27588 3
27588 27589 73
27589 27590 68
27590 27591 6
27591 27592 77
27592 27593 52
27593 27594 48
27593 22847 55
22847 23391 20
23391 23392 7
22847 22848 73
22848 22849 19
22849 22850 20
22850 22851 57
23391 23390 78
23390 23389 52
22847 22846 79
22846 22845 71
22845 22844 77
22844 22843 38
22843 22842 71
22842 22841 4
22841 22840 9
22840 22839 14
22839 22838 16
22839 24037 33
24037 24038 37
24038 24039 27
24039 24040 50
24040 24041 61
24041 24042 4
24042 24043 19
31933 31934 85
31934 31935 63
32027 32028 85
32028 32029 67
32140 32139 85
32712 32711 85
32711 32710 64
32710 32709 21
32709 32708 72
32708 32707 1
32707 32706 73
32706 32705 62
32705 32704 54
32704 32703 41
32703 32702 16
32702 32701 24
32701 32700 52
17253 32839 85
32839 32840 78
32840 32841 6
32841 32842 84
32842 32843 13
32839 32838 85
33077 33076 85
33076 33075 76
33075 33074 54
33074 33073 23
33073 33072 66
33072 33071 47
33071 33070 33
33094 33095 85
33095 33096 6
33360 33359 85
33422 33423 85
33423 33424 76
33424 33425 15
33425 10758 81
10758 10757 51
10758 10759 68
10759 10760 40
10757 10756 80
10756 10755 32
10755 10754 56
10754 10753 76
10753 19342 24
10753 10752 44
19342 19341 55
10752 10751 56
19341 19340 80
19340 19339 67
19339 19338 52
19339 45997 59
45997 45996 22
45996 45995 72
45995 45994 78
45994 45993 60
45993 45992 35
45992 45991 44
10751 10750 85
10750 10749 5
10749 10748 81
10748 10747 55
10747 10746 11
40434 33870 85
33870 33869 14
33869 3244 27
3244 3245 20
3245 3246 43
3246 41785 30
3246 3247 33
3247 3248 7
3248 3249 11
3249 3250 46
3250 3251 47
33869 33868 57
33868 33867 60
3244 3243 84
34139 34138 85
34138 34137 81
34232 34233 85
34233 34234 27
34234 34235 36
34235 34236 7
34328 34327 85
34327 34326 19
34326 34325 73
34412 34411 85
34411 34410 85
34747 34748 85
34748 34749 3
34748 31472 23
34749 34750 42
31472 31473 52
34886 34885 85
35033 35032 85
35032 35031 18
35031 35030 41
35030 35029 71
35029 35028 72
35028 35027 13
35027 35026 49
35026 35025 1
35025 35024 14
35024 35023 10
35023 35022 22
35022 35021 68
35190 35189 85
35189 35188 69
35188 36030 3
35188 35187 6
35187 35186 25
35186 35185 22
35185 35184 33
35184 35183 23
35184 32884 38
32884 16993 37
16993 16992 29
16993 16994 51
32884 32885 70
32885 32886 20
32886 32887 67
36030 27959 72
27959 27958 44
27958 27957 55
27957 27956 13
27956 27955 20
16992 16991 75
16991 16990 17
16990 16989 61
16989 16988 24
36030 36031 76
36031 36032 66
36032 36033 17
35413 35412 85
35412 35411 63
35411 35410 67
35410 35409 20
35409 35408 59
35408 35407 28
35407 35406 75
35455 35454 85
35454 35453 71
35453 35452 8
35452 35451 48
35451 35450 78
35450 35449 16
35449 35448 73
35448 35447 10
35447 35446 26
35446 35445 23
35445 35444 18
35446 38253 65
38253 38254 47
38254 38255 65
38253 38252 66
38252 38251 15
38251 38250 12
38255 38256 76
38256 38257 65
38257 38258 42
38258 38259 3
38259 38260 73
38260 38261 54
38261 38262 20
35446 4736 80
4736 4737 32
4736 4735 69
4735 4734 52
4734 4733 6
4733 4732 46
4732 4731 78
35880 35881 85
35881 35882 40
35882 35883 43
35883 30389 34
30389 30390 49
35883 35884 59
30389 30388 65
30388 30387 65
30387 30386 32
30386 31145 32
31145 31144 20
31144 17519 16
30387 5639 44
5639 5638 42
5638 5637 3
5637 5636 17
17519 17518 50
5636 5635 60
5635 5634 32
30386 30385 67
35884 35885 67
35885 35886 10
30385 30384 69
5636 26170 78
26170 26171 73
26171 26172 26
26172 26173 43
26173 26174 7
26174 26175 40
26175 26176 9
17518 17517 82
17517 17516 49
26176 26177 85
26177 26178 76
26178 26179 5
26179 26180 83
26180 26181 76
30384 30383 85
30383 30382 83
30382 30381 29
30381 30380 44
30380 30379 22
36022 36023 85
36023 36024 11
36190 36191 85
36461 36462 85
36462 36463 19
36463 36464 75
36464 36465 48
36465 1131 40
36465 36466 47
36812 36811 85
36811 36810 28
36810 36809 6
36809 36808 64
36808 36807 7
36807 36806 72
36827 36826 85
36963 36964 85
36964 36965 62
36965 36966 18
36966 36967 2
36967 36968 24
37055 37056 85
37056 37057 37
37057 37058 2
37058 14864 7
14864 14865 28
14864 14863 66
14863 14862 54
14862 14861 15
14861 14860 57
14860 14859 35
14859 14858 36
14858 14857 11
14857 14856 16
14856 14855 30
14855 14854 41
14854 14853 31
14858 41742 41
41742 41741 8
41741 41740 20
41740 41739 47
14857 45104 62
45104 45103 16
45103 45102 50
45102 45101 29
45101 45100 14
45100 47449 1
45100 45099 14
45099 45098 52
41739 41738 80
41738 41737 39
41737 41736 18
41736 41735 60
37058 37059 81
37059 37060 11
37060 37061 62
37061 37062 18
37062 37063 15
37063 37064 69
37064 37065 50
37065 37066 51
37066 37067 1
41736 10631 82
10631 10632 69
10632 32501 78
32501 32500 20
32500 32499 9
32501 32502 66
32502 32503 37
32503 32504 78
32504 32505 80
32505 32506 76
32506 32507 16
32507 32508 22
37964 37965 85
37965 37966 79
37966 37967 64
37967 37968 49
37970 37969 85
38175 38174 85
38437 38436 85
38436 38435 5
38435 25004 34
25004 25003 20
25003 25002 27
25002 25001 9
25004 25005 37
25001 25000 43
25005 25006 61
25006 25007 61
25007 25008 73
38435 38434 74
38434 41143 53
41143 41144 26
41144 41145 2
41143 41142 29
41145 41146 47
41142 41141 69
41141 41140 10
41140 41139 43
41139 41138 57
41138 41137 60
41137 41136 25
41136 41135 58
41135 41134 24
38629 38630 85
47953 38776 85
38776 38777 84
38777 38778 16
39081 39082 85
39082 39083 48
39083 39084 77
39084 39085 17
39085 39086 51
39086 39087 62
39087 39088 53
39088 39089 76
39089 39090 7
39090 39091 28
39091 39092 54
39088 41052 78
41052 41053 42
41052 41051 81
14506 39206 85
39206 39205 7
39206 39207 63
39207 39208 19
39205 39204 70
39204 39203 19
39203 39202 2
39202 39201 16
39201 39200 26
39200 39199 15
39199 39198 45
39198 39197 33
39197 39196 4
39208 39209 81
39209 39210 77
39383 39384 85
39384 39385 34
39385 39386 32
39386 39387 27
39576 39577 85
39577 39578 43
39636 39637 85
39637 39638 69
39812 39811 85
39811 39810 6
39810 39809 62
39809 39808 66
40117 40118 85
40118 40119 10
40119 40120 67
40120 40121 67
40121 40122 38
40122 40123 67
40123 40124 51
40124 40125 81
40125 40126 49
40256 40257 85
40257 40258 85
40258 40259 10
40259 40260 27
40260 40261 40
40261 40262 9
40262 40263 80
40263 40264 42
40264 40265 66
40265 40266 58
40266 40267 65
40267 40268 27
40268 40269 82
40547 40546 85
40709 40710 85
40710 40711 6
40711 40712 33
40746 40745 85
40745 40744 11
40744 40743 20
40743 40742 63
40742 40741 7
40741 40740 16
40740 40739 13
40739 40738 77
40738 40737 82
40914 40913 85
41146 41147 85
41147 41148 82
41148 41149 83
41170 41171 85
41171 46769 31
46769 28993 42
28993 28994 4
28993 37291 35
37291 37290 20
37291 37292 41
37292 37293 41
37293 37294 37
46769 46770 48
46770 46771 44
46771 46772 19
37290 37289 50
46769 46768 66
46768 46767 65
46767 46766 49
37294 37295 67
37295 37296 37
46772 46773 69
46773 46774 19
37296 37297 77
37297 37298 14
37298 37299 61
28994 28995 78
28995 28996 45
28996 28997 51
41217 41216 85
41216 41215 62
41215 41214 77
41214 20182 68
20182 20183 44
20182 20181 66
20181 20180 7
20180 20179 59
20179 20464 49
20464 20463 61
20183 20184 69
20184 20185 2
20185 20186 12
20186 20187 21
20187 20188 7
20179 20178 75
41296 41295 85
41295 41294 21
41294 41293 23
41293 41292 26
41292 41291 3
41291 41290 23
41290 41289 64
41289 41288 6
41288 41287 25
41287 41286 51
41286 41285 25
41285 41284 6
41284 41283 35
41283 41282 5
41282 41281 36
41708 41709 85
41709 41710 19
41710 41711 35
41711 41712 13
41712 41713 39
41713 41714 28
41714 41715 14
41711 740 51
740 741 16
741 742 54
742 743 47
41715 41716 73
41716 41717 60
41717 41718 72
42396 42395 85
42560 42559 85
42559 42558 72
42849 42848 85
42848 42847 18
42847 42846 17
42846 42845 85
42845 29654 44
29654 29655 48
42845 11418 53
29654 29653 57
42845 42844 59
11418 11417 63
11417 11416 42
11416 11415 40
11415 11414 8
11417 29095 58
29095 29094 31
29095 29096 56
11414 11413 63
11413 48853 14
11418 11419 70
11419 11420 56
29655 29656 73
11413 11412 76
11412 11411 1
29656 29657 76
11420 11421 81
11421 11422 33
48853 48852 82
48852 48851 16
48851 48850 66
48850 48849 33
43006 43005 85
43286 43287 85
43296 43295 85
43295 43294 25
43294 43293 30
43293 43292 23
43292 43291 49
43291 43290 19
43290 43289 75
43289 43288 85
43318 43317 85
43317 43316 8
43316 43315 47
43315 43314 68
43314 43313 64
43313 43312 50
43312 43311 3
43379 43378 85
43378 43377 18
43377 43376 37
43376 43375 39
43375 43374 16
43374 43373 19
43373 43372 32
43373 37152 36
37152 37153 62
37153 37154 20
37152 37151 63
37151 37150 21
37150 37149 66
37149 37148 71
37148 37147 3
37147 37146 61
37146 37145 55
37145 37144 72
43372 43371 84
43371 43370 50
43370 43369 33
43369 43368 38
43368 43367 49
43367 43366 51
43566 43567 85
43567 43568 13
43568 43569 4
43569 43570 29
43570 43571 40
43609 43608 85
43608 43607 79
43818 43819 85
43819 43820 74
43975 43974 85
43974 43973 43
43973 43972 79
44135 44134 85
44134 44133 30
26077 44178 85
44178 44179 17
44178 44177 76
44177 12461 45
12461 12460 65
12460 12459 27
12459 12458 43
12458 12457 45
12457 12456 33
44179 44180 78
44180 44181 59
44177 44176 80
12456 12455 83
12455 12454 40
12454 12453 44
12461 12462 83
12462 12463 47
12463 12464 59
12464 12465 9
12465 12466 75
44185 44184 85
44207 44208 85
44713 44714 85
44714 44715 31
44715 44716 59
44716 44717 20
44717 44718 82
44718 17722 6
17722 17723 31
44718 44719 56
44719 44720 63
44720 44721 65
44721 44722 37
44722 44723 10
44723 44724 83
44724 44725 55
44725 44726 14
44726 44727 55
44727 44728 1
44728 44729 25
44729 44730 40
44730 44731 19
44731 44732 57
45965 45966 85
46046 46047 85
46047 46048 7
46047 48907 82
48907 48906 24
48907 48908 25
48908 48909 69
46052 46051 85
46091 46090 85
46090 46089 49
46089 46088 28
46088 46087 64
46087 31909 54
31909 31910 49
31910 31911 59
46091 46092 85
46350 46351 85
46614 46615 85
46615 46616 63
46616 46617 63
47745 47744 85
47744 47743 73
47743 47742 4
47742 47741 73
47776 47775 85
47775 47774 29
47774 47773 40
47773 47772 56
47772 47771 64
47771 47770 25
48233 48234 85
48234 10211 6
10211 10212 43
10212 10213 65
10213 10214 49
10214 10215 52
10215 10216 20
10216 10217 20
48234 48235 72
48235 48236 71
10215 46498 85
46498 46497 6
46497 46496 6
46496 46495 1
46498 46499 78
48315 48316 85
48316 48317 67
48317 48318 15
48318 48319 36
48319 48320 37
48320 48321 9
48321 48322 5
48322 48323 64
49001 49000 85
49000 48999 69
49243 49244 85
49244 49245 57
49382 49381 85
49403 49402 85
83 82 86
82 81 81
81 80 34
80 79 82
79 78 42
78 77 54
77 76 31
76 75 69
75 74 13
74 73 56
285 286 86
286 287 23
424 423 86
423 422 61
422 421 22
421 420 54
420 419 17
419 418 57
420 48778 61
48778 48779 43
48779 48780 3
48780 48781 15
418 417 68
417 416 32
416 415 5
48781 48782 79
48782 48783 68
48783 48784 56
48778 48777 82
48777 48776 7
48776 48775 9
48775 48774 9
48774 48773 15
48773 48772 32
48772 48771 53
48771 48770 46
48770 48769 7
426 427 86
427 428 74
428 429 7
429 430 84
430 431 38
431 432 81
579 578 86
578 577 78
577 576 84
644 645 86
645 646 33
646 647 50
647 648 5
648 649 53
649 650 30
650 651 14
977 978 86
978 979 78
979 980 31
980 981 52
981 982 48
982 983 80
983 984 38
984 985 51
985 986 63
1106 1107 86
1107 1108 77
1108 1109 54
1109 6391 46
6391 6392 61
6392 6393 9
6393 6394 45
6394 6395 54
6395 6396 32
2028 2029 86
2029 2030 28
2030 2031 27
2154 2153 86
2153 2152 74
2582 2581 86
2628 2627 86
2627 2626 12
2626 2625 60
2669 2670 86
2670 2671 68
2683 2684 86
2684 2685 38
2685 2686 29
2722 2723 86
2723 2724 48
2876 2875 86
2875 2874 51
2874 2873 86
2873 2872 65
2872 24510 6
2872 2871 15
2871 2870 26
24510 24509 51
24509 24508 53
24508 24507 6
24507 24506 70
24506 24505 49
2870 2869 73
2869 2868 59
2868 2867 30
2867 2866 57
2866 2865 69
2865 2864 16
2881 2880 86
2880 2879 3
2879 2878 82
2918 2917 86
2917 2916 10
2916 36439 42
36439 36438 42
36438 36437 4
36437 36436 6
36436 36435 48
2916 2915 55
2915 2914 27
2914 2913 36
36439 36440 59
36440 36441 12
36441 36442 26
36442 36443 73
36443 36444 67
36444 36445 73
36435 36434 74
36434 36433 73
36433 36432 9
2913 2912 77
36432 36431 77
36431 1746 63
1746 1747 2
1747 1748 54
1746 1745 55
36431 36430 70
36430 36429 11
36429 36428 10
1748 1749 73
1749 1750 63
1750 1751 56
1751 1752 58
1752 1753 37
1753 1754 26
1754 1755 1
1755 1756 57
1756 1757 33
1757 1758 20
1758 1759 41
1759 1760 75
1760 1761 61
1761 1762 18
1762 1763 6
1763 1764 51
1764 1765 35
1765 1766 60
3099 3100 86
3100 3101 16
3101 3102 19
3102 3103 70
3103 3104 17
3218 3219 86
3219 3220 43
3220 3221 7
3221 3222 85
3222 3223 29
3223 3224 39
3224 3225 65
3225 3226 56
3224 24210 74
24210 24209 74
24210 24211 85
3667 3666 86
3666 3665 51
3665 3664 49
3664 3663 32
3663 3662 72
3662 3661 9
3875 3876 86
3925 3926 86
3926 3927 41
3927 3928 11
3932 3931 86
4405 4406 86
4406 4407 32
4547 4546 86
4546 4545 38
4593 4592 86
4592 4591 4
4592 20008 63
4591 4590 66
20008 20007 83
20007 20006 56
20006 20005 27
20007 12496 59
12496 12497 16
12497 12498 10
12496 12495 76
12495 12494 36
12494 12493 24
12493 12492 35
12492 12491 68
12491 12490 79
12490 12489 25
12489 12488 39
12488 12487 43
12487 12486 60
12486 12485 7
12485 12484 83
12484 12483 69
4794 4795 86
4795 4796 45
4796 4797 39
5489 5490 86
5490 5491 13
5491 5492 14
7055 5696 86
5696 5697 31
5697 5698 42
5696 5695 52
5697 4751 79
4751 4752 17
4752 4753 21
4753 4754 5
6062 6063 86
6063 6064 35
6077 6076 86
6076 6075 72
26728 6226 86
6226 6227 26
6226 6225 48
6225 6224 75
6224 6223 58
6223 6222 11
6222 6221 13
6221 6220 75
6220 6219 45
6227 6228 80
6228 41344 60
41344 41345 26
6228 6229 71
6229 6230 33
6230 6231 13
6231 6232 70
6232 6233 63
41345 41346 83
6245 6244 86
6275 6276 86
6323 6324 86
6324 6325 49
6325 6326 19
6326 6327 83
6327 6328 36
6328 6329 45
6329 6330 49
194 6338 86
6338 6337 4
6338 6339 67
6339 6340 41
6340 6341 8
6341 6342 46
6337 6336 73
6336 6335 84
6391 6390 86
3787 6512 86
6512 6511 30
6511 6510 17
6510 6509 12
6509 6508 27
6512 6513 42
6513 6514 36
6514 6515 12
6515 6516 10
6516 17277 1
17277 17276 36
6508 6507 45
6513 13601 46
13601 20603 31
20603 20602 18
13601 13600 45
20603 20604 49
20604 20605 4
20605 20606 2
17277 17278 71
17278 17279 8
20605 42868 73
42868 42869 11
42868 42867 49
42869 42870 65
42870 42871 54
42871 42872 69
17276 17275 76
17279 17280 76
42867 42866 77
42866 42865 49
42865 42864 62
42864 24569 12
24569 24568 73
24568 24567 74
24567 26822 5
26822 26823 26
26823 26824 79
17277 8486 84
8486 8487 72
8487 8488 70
8488 8489 51
8489 8490 11
8490 8491 6
8491 8492 65
8492 8493 44
8493 8494 27
8494 8495 73
8495 8496 29
24567 24566 85
24566 24565 30
24565 24564 41
24564 24563 42
24563 10964 49
10964 10965 18
10965 10966 33
10966 10967 18
10964 10963 76
10963 10962 15
6855 6856 86
6856 6857 4
6857 6858 40
6858 19652 7
6858 6859 22
19652 19651 50
19651 19650 27
19650 19649 60
19649 19648 42
6859 6860 66
6860 6861 67
6861 6862 82
6862 3824 60
6862 6863 67
3824 3823 74
19648 19647 84
19647 19646 20
3823 3822 85
3822 3821 58
3821 3820 42
3820 3819 59
3819 25243 54
25243 25242 18
25242 25241 56
25241 25240 14
25240 25239 13
25239 25238 20
25238 22430 37
22430 22431 33
22430 22429 49
22429 22428 27
25243 25244 59
25244 25245 18
25245 25246 39
22431 22432 60
22432 22433 45
22433 22434 46
3819 3818 64
3818 3817 3
3817 3816 63
25246 25247 67
22434 22435 78
25247 25248 83
25248 25249 51
25249 25250 85
6870 6871 86
6871 6872 14
6872 6873 65
6873 6874 37
6874 6875 34
6875 6876 79
7040 7041 86
7041 7042 47
5338 7048 86
7048 7049 57
7051 7050 86
7081 7080 86
7080 7079 11
7079 19060 8
19060 19061 39
7079 24920 66
24920 24919 52
24919 24918 22
7079 7078 68
7078 7077 3
7077 7076 71
7076 7075 18
7075 7074 54
7074 7073 51
7073 7072 72
7072 7071 27
7071 7070 39
19060 19059 72
7070 7069 77
7069 7068 69
7068 7067 41
7067 7066 49
7066 7065 59
7065 7064 66
19059 19058 81
19058 19057 27
19057 19056 44
19056 19055 23
19055 19054 68
19054 19053 73
19053 19052 39
7394 7393 86
35985 7427 86
7427 7426 16
7426 7425 28
7427 7428 35
7428 521 7
521 520 5
7428 7429 21
7429 7430 24
7430 7431 23
7431 7432 45
521 522 46
522 523 52
7425 7424 79
7424 7423 62
7423 7422 18
7422 7421 4
520 519 86
519 518 33
518 41063 11
41063 41064 3
41063 41062 22
41064 41065 34
518 517 55
41062 41061 74
41061 41060 15
41060 41059 81
41059 41058 44
17867 7758 86
7758 7759 38
7950 7951 86
7951 7952 19
7952 7953 13
7953 7954 8
7954 7955 15
8558 8557 86
8752 8753 86
8753 8754 11
8754 8755 24
8997 8996 86
8996 8995 75
9061 9062 86
9062 9063 20
9196 9195 86
9349 9350 86
9524 9523 86
9523 9522 15
9522 9521 64
9521 9520 39
9520 9519 55
9519 9518 30
9518 18713 45
18713 17411 21
17411 17410 9
17411 17412 15
17412 17413 19
17413 17414 27
17414 17415 28
18713 18714 32
9518 9517 50
9517 9516 9
9516 9515 20
9515 9514 43
9514 9513 26
17415 17416 56
17416 17417 20
17417 17418 48
17418 17419 25
17419 17420 13
17420 17421 62
17421 17422 53
17422 17423 36
18714 18715 67
18715 18716 12
18713 18712 85
18712 18711 43
18711 18710 29
18710 18709 83
18709 18708 65
18708 18707 17
18707 18706 81
18706 18705 19
18705 18704 23
18704 18703 9
9649 9648 86
9648 9647 16
9647 9646 51
9646 9645 20
9645 9644 57
9644 9643 68
9643 9642 59
9642 9641 37
9641 9640 76
9707 9706 86
9994 9995 86
9995 9996 48
9996 9997 56
9997 9998 62
9998 9999 24
9999 10000 44
10000 10001 41
10001 10002 20
10002 10003 58
10003 10004 69
10004 10005 52
10030 10029 86
10029 10028 41
10186 10187 86
10187 10188 35
10188 10189 32
10189 10190 29
10190 10191 38
10578 10577 86
10577 10576 15
10610 10609 86
10609 10608 31
10608 10607 64
10607 10606 76
10606 10605 73
10605 10604 23
10905 10906 86
10906 10907 12
10907 10908 44
10908 10909 62
11154 11155 86
11155 11156 80
11156 11157 65
11157 11158 25
11158 11159 18
11159 11160 61
11160 11161 85
12063 12064 86
12086 12085 86
12085 12084 63
12111 12110 86
12110 31305 12
12110 12109 37
6250 12225 86
12225 12226 1
12226 12227 9
12227 12228 15
12228 12229 56
12229 12230 42
12230 12231 61
12231 12232 14
12232 12233 1
12233 12234 40
12234 12235 54
12235 12236 62
12225 12224 75
12224 12223 51
12223 12222 64
12222 12221 73
12221 12220 77
12220 12219 52
12219 12218 40
12218 32699 9
32699 32698 42
32698 32697 50
12218 12217 67
12217 25598 19
25598 25599 49
12217 27240 50
27240 27241 38
12217 12216 54
27241 27242 55
12216 12215 68
12215 12214 47
12214 12213 64
12213 12212 36
12212 12211 54
25599 25600 72
25598 25597 76
25597 25596 39
25596 25595 71
12211 12210 80
12210 12209 47
12209 12208 65
12208 12207 73
12207 12206 38
12206 12205 12
25595 25594 85
25594 25593 36
12821 12822 86
12984 12985 86
12985 12986 8
12985 48210 81
48210 48211 33
48210 48209 55
48209 48208 84
48208 48207 7
12989 12988 86
13335 13336 86
13336 13337 39
13337 13338 25
13338 13339 55
13337 18700 67
18700 18701 48
18701 18702 64
13958 13959 86
13959 13960 79
13960 13961 74
14044 14045 86
14045 14046 14
14046 14047 80
14432 14433 86
14433 14434 18
14891 14892 86
14892 14893 67
14893 14894 12
14894 14895 32
14895 14896 40
14987 14986 86
14986 14985 59
14985 14984 57
15257 15256 86
15976 15975 86
15975 15974 84
15974 11772 20
11772 11773 2
11772 11771 6
11773 11774 20
11771 11770 43
11770 11769 73
11769 11768 76
11768 11767 37
11767 11766 70
16533 16534 86
16534 16535 2
16535 16536 2
16536 16537 50
16717 16716 86
16716 16715 29
16742 16741 86
16855 16854 86
16854 16853 12
16853 16852 83
16852 16851 75
16851 16850 25
16988 16987 86
16987 16986 30
16986 16985 31
16985 16984 49
16984 16983 86
16983 16982 27
16982 16981 45
16981 16980 75
16980 23497 26
23497 23498 61
23498 23499 77
17063 17062 86
17062 17061 29
17384 17383 86
18252 18251 86
18251 18250 12
18250 18249 57
18263 18262 86
18262 18261 54
4250 18475 86
18475 18476 23
18475 18474 50
18474 18473 43
18473 18472 57
18476 18477 74
19061 19062 86
19578 19577 86
19577 19576 33
19576 19575 47
19694 19695 86
19695 19696 31
19935 19934 86
19934 19933 41
19933 19932 29
19932 19931 55
19931 19930 50
20029 20028 86
20028 33163 63
33163 33162 2
33163 33164 2
33164 33165 76
33165 33166 49
33166 33167 41
33162 33161 84
33161 33160 28
33160 33159 77
33159 33158 6
33158 33157 3
20218 20217 86
20217 20216 5
20307 20308 86
20308 20309 20
20309 20310 15
20309 28158 24
28158 28157 6
28158 28159 34
28159 28160 9
28160 28161 23
28161 28162 9
20310 20311 48
20311 20312 47
28162 28163 48
20312 20313 74
28157 28156 81
20464 20465 86
20465 20466 27
20665 20666 86
20666 20667 28
20971 20972 86
20972 20973 22
20973 20974 8
20974 20975 20
20975 20976 42
20976 20977 3
20977 20978 68
20978 20979 74
20979 20980 52
20980 20981 55
20981 48037 63
48037 48038 56
21077 21076 86
21076 21075 41
21076 28765 74
28765 28766 69
28766 28767 76
28767 28768 69
28768 28769 51
28769 28770 27
28770 28771 73
28771 28772 2
21075 21074 79
21074 21073 67
21802 21801 86
21801 21800 62
21831 21830 86
21830 21829 28
21829 21828 11
21828 21827 71
21827 21826 57
21826 21770 18
21770 21769 30
21770 21771 32
21826 21825 39
21825 20851 5
21825 21824 48
21824 21823 43
21823 21822 23
21822 21821 48
21769 21768 55
21768 21767 1
21767 21766 32
21766 21765 3
21765 21764 64
21764 21763 39
20851 20850 66
20850 20849 42
21827 274 69
274 273 11
273 272 72
272 271 15
20849 20848 78
20851 20852 79
271 270 84
270 269 28
269 268 49
268 267 30
267 266 20
266 265 29
265 264 62
264 263 50
20852 20853 86
22045 22046 86
22046 22047 43
22046 29257 57
29257 29256 49
22047 22048 78
22048 22049 8
22049 22050 57
22050 22051 58
22051 22052 84
22052 22053 52
22356 22357 86
22357 22358 28
22358 12432 19
12432 12431 63
22358 22359 68
22359 22360 23
22360 22361 71
12431 12430 77
22526 22525 86
22999 22998 86
22998 22997 25
22997 22996 19
12873 23138 86
23138 41979 16
41979 41978 23
23138 23139 33
23138 23137 48
23137 23136 21
23136 23135 48
41979 41980 51
41978 41977 74
41977 41976 19
41976 41975 8
23316 23315 86
23315 23314 85
23314 23313 27
23313 23312 9
23419 23420 86
23420 23421 60
23421 23422 7
23422 23423 23
23842 23841 86
23841 23840 84
23840 23839 34
23839 23838 33
23838 23837 69
23912 23913 86
23913 23914 49
23914 23915 31
23915 23916 18
23916 23917 81
23917 23918 52
23918 23919 65
23975 23974 86
23974 23973 40
23973 23972 34
23972 23971 80
23971 23970 86
23970 23969 25
41959 24253 86
24253 24252 33
24252 24251 18
24251 24250 47
24253 24254 53
24254 24255 57
24250 24249 68
24249 24248 13
24248 24247 56
24247 24246 32
24246 24245 17
24245 31503 17
31503 31504 39
31503 31502 46
24245 24244 52
24244 24243 14
24243 24242 54
24242 44257 13
44257 44258 43
44257 44256 58
44256 44255 40
24242 24241 62
24241 24240 61
24240 24239 21
31502 31501 63
31501 31500 26
24255 24256 71
24239 24238 73
24238 24237 42
24237 24236 52
24236 24235 26
44258 44259 81
44259 44260 9
24408 24409 86
24602 24603 86
24603 24604 4
24794 24793 86
24796 24797 86
25085 25086 86
25086 25087 16
25087 25088 1
25088 25089 75
25089 25090 63
25090 25091 62
25091 25092 64
25092 25093 19
17493 25455 86
25455 25456 60
25456 25457 20
25455 25454 66
25454 25453 29
25453 25452 54
25452 13131 24
13131 13130 19
25452 25451 26
25451 25450 62
25450 25449 7
25449 25448 8
25448 25447 10
25447 25446 47
25446 25445 9
25445 25444 35
25444 25443 18
13130 13129 75
13129 13128 18
25462 25461 86
25464 25465 86
25465 25466 15
25466 33502 61
25466 25467 63
33502 33503 64
33503 33504 54
33504 33505 17
33502 33501 69
33505 33506 80
33506 33507 82
33507 33508 50
33508 33509 68
25540 25541 86
25541 25542 32
25542 25543 30
25543 25544 81
25544 25545 34
25545 25546 19
25546 25547 57
25547 25548 17
25548 25549 70
25549 25550 62
25550 25551 57
25551 25552 37
25565 25566 86
25566 25567 67
25567 25568 41
25568 25569 4
25569 25570 37
25570 25571 25
25570 45927 40
45927 45928 10
45928 45929 10
45927 45926 16
45926 45925 35
45925 45924 13
45924 45923 5
25570 5269 70
5269 5270 23
5270 5271 53
5271 5272 52
45923 45922 78
45922 45921 24
45921 45920 3
45920 45919 7
45919 45918 31
45919 39820 57
39820 39819 21
39819 39818 7
39818 39817 23
39817 39816 35
39816 39815 35
39815 39814 60
45929 45930 85
45930 45931 14
45931 45932 55
17536 25687 86
25687 25688 40
25688 25689 56
25689 25690 60
25690 25691 11
25691 25692 11
25740 25741 86
25741 25742 25
25742 25743 60
25743 25744 8
25744 25745 78
25745 25746 24
25746 25747 35
25747 25748 77
25841 25842 86
25842 25843 30
25843 25844 29
25842 33563 32
33563 33562 31
33563 33564 73
33564 33565 51
25844 25845 76
25845 25846 44
25846 25847 77
25868 25867 86
25867 25866 22
25866 25865 85
25936 25935 86
25935 25934 57
25934 25933 69
25997 25998 86
25998 25999 39
25999 26000 57
26067 26068 86
26541 26540 86
26540 26539 55
26539 26538 12
26576 26577 86
26577 26578 72
26578 26579 74
26579 26580 58
26580 26581 68
26581 26582 85
26582 26583 15
26583 26584 66
26584 26585 16
26585 26586 34
26869 26870 86
26870 26871 76
26871 26872 25
26872 26873 55
27043 27042 86
27042 27041 83
27041 27040 62
27240 27239 86
27239 27238 52
27435 27434 86
27434 27433 77
27433 27432 60
27432 27431 8
27522 27521 86
27521 27520 19
27520 27519 55
27519 27518 61
27518 27517 66
27517 27516 71
27600 27601 86
27601 27602 31
27602 27603 24
27603 27604 75
27635 27636 86
27737 27736 86
27736 27735 59
27735 27734 59
27734 27733 4
27733 27732 20
27732 27731 77
27731 27730 45
27730 27729 71
27729 27728 24
27955 27954 86
27954 27953 68
28550 28551 86
28551 28552 31
28552 23112 23
23112 23113 20
23113 23114 2
23112 23111 34
23114 23115 36
23114 33938 37
33938 33937 5
23111 23110 40
28552 28553 43
23115 23116 55
23110 23109 61
28553 28554 65
28554 28555 23
28555 28556 24
28556 28557 28
28557 28558 67
28703 28702 86
28702 28701 5
28701 28700 73
28700 28699 56
28699 28698 86
28698 28697 29
28697 28696 2
28696 28695 20
28695 28694 32
28694 28693 34
28693 28692 43
2496 28962 86
28962 28963 73
28963 28964 71
28968 28969 86
28969 28970 84
28970 28971 68
28971 28972 61
28972 28973 65
28973 28974 56
29344 29343 86
29343 29342 14
29343 16541 67
16541 16542 8
16541 16540 46
16540 16539 39
16539 16538 9
16538 11891 74
11891 11890 20
11891 11892 71
11892 11893 8
11893 11894 34
11894 11895 27
11895 11896 4
11890 11889 82
11889 11888 50
16542 16543 86
16543 16544 66
29681 29680 86
29680 29679 66
29679 29678 85
29678 29677 16
29678 3053 71
3053 3052 48
3053 3054 72
30344 30345 86
30757 30756 86
30756 30755 51
30755 30754 45
30754 30753 84
30753 30752 19
30752 11493 64
11493 11492 63
11492 11491 47
30752 30751 73
30751 30750 50
30750 30749 37
30749 30748 76
11493 11494 78
11494 11495 34
11491 11490 83
11490 11489 83
11489 11488 73
11488 11487 39
31060 31061 86
31061 31062 63
31062 31063 59
31063 31064 68
31064 31065 62
31065 31066 10
31149 31150 86
25433 31263 86
31263 31264 4
31263 31262 53
31264 31265 78
31492 31491 86
31491 31490 1
31490 31489 43
31489 31488 73
31488 31487 46
31487 31486 73
31486 31485 39
31485 31484 58
31484 31483 50
31483 31482 42
31482 31481 11
31483 10115 74
10115 10114 26
10115 10116 35
10116 10117 9
31591 31592 86
31592 31593 51
31593 31594 57
31594 31595 74
31595 31596 58
31596 31597 9
31597 31598 18
31598 31599 42
31599 31600 67
31983 31982 86
31982 31981 21
31981 9971 38
31981 31980 64
9971 9970 74
9970 9969 71
9969 9968 2
9968 9967 46
9967 9966 77
9966 9965 77
9971 9972 77
9972 9973 49
32151 32152 86
32152 32153 21
36588 32336 86
32336 32335 4
32335 32334 77
32334 32333 74
32333 32332 15
32474 32475 86
32475 32476 62
32476 32477 2
32477 32478 9
32478 32479 1
32479 32480 64
22745 32488 86
32488 32487 22
32487 32486 58
32486 32485 61
32488 32489 69
32489 32490 5
32490 32491 51
32485 32484 73
32484 32483 11
32483 23644 30
23644 23643 27
32483 32482 54
32482 32481 21
32491 32492 81
32492 32493 29
32493 32494 74
32494 32495 38
32654 32655 86
32655 32656 63
32656 32657 27
32657 32658 56
21099 32690 86
32690 32689 19
32689 32688 66
32797 32796 86
32796 32795 45
32795 32794 3
32794 32793 76
32793 32792 23
32792 32791 31
32791 32790 68
32790 32789 7
32789 32788 32
32788 29222 15
32788 32787 41
29222 29223 46
29223 29224 45
32787 32786 50
32786 32785 61
29222 29221 62
32990 32991 86
32991 32992 38
32992 32993 78
32993 32994 61
32994 32995 14
32995 32996 86
32996 32997 49
32997 32998 78
33070 33069 86
33069 33068 8
33068 33067 7
33067 33066 71
33066 33065 40
33065 33064 28
33066 21144 57
21144 21143 14
21144 21145 21
21145 21146 18
21146 21147 61
21147 21148 69
21148 21149 39
21149 21150 56
21150 21151 35
21151 21152 45
33066 46974 71
46974 46973 66
46973 46972 32
46972 46971 60
46974 1721 72
1721 1722 15
1721 1720 45
1720 1719 5
21152 21153 78
21153 21154 66
46974 46975 80
46975 46976 33
46975 864 66
864 865 29
864 863 38
863 862 25
865 866 64
866 867 58
867 868 15
863 46433 68
862 49023 69
49023 49022 33
49022 49021 3
49023 49024 71
49024 31464 10
31464 31463 7
49024 49025 37
31464 31465 39
31465 31466 15
31463 31462 57
31462 31461 7
31461 31460 16
31466 31467 66
31460 31459 77
31459 31458 17
31458 31457 18
31457 31456 48
31456 31455 66
31455 31454 22
31454 31453 16
31454 29760 55
29760 29761 13
29761 29762 15
29762 29763 19
29761 12315 41
12315 12316 2
12316 12317 12
12315 12314 15
12314 12313 18
12313 12312 9
29760 29759 46
29759 29758 2
29758 29757 33
12312 12311 63
12311 12310 40
31467 31468 82
31468 31469 52
868 869 84
869 870 11
870 41086 25
41086 41087 49
870 871 62
871 872 16
872 873 34
873 874 51
874 875 6
33190 33189 86
33189 33188 84
33188 33187 70
33187 33186 44
33368 33369 86
33369 33370 76
33370 33371 59
33371 33372 72
33372 33373 28
33428 33427 86
33427 33426 20
33579 33578 86
33578 33577 54
33577 33576 8
33576 33575 30
33575 22147 61
22147 22148 12
22147 22146 28
22148 22149 70
22146 22145 82
22145 22144 58
22149 22150 82
22150 22151 59
22151 22152 12
22150 3449 71
3449 3450 14
3450 3451 11
3449 3448 80
3448 3447 64
3447 3446 43
3446 3445 44
3445 3444 36
3444 3443 38
3443 3442 5
3442 3441 14
3441 3440 50
3440 3439 23
22152 22153 85
22153 22154 55
22154 22155 33
33675 33674 86
33674 33673 71
35966 33806 86
33806 33807 28
33806 33805 32
33805 33804 27
33804 33803 24
34049 34050 86
34272 34271 86
34271 34270 29
34270 34269 77
34269 34268 70
34268 34267 27
34605 34606 86
34697 34696 86
34822 34821 86
34821 34820 19
34820 34819 11
34819 34818 5
34820 22240 37
22240 22241 8
22240 22239 83
22239 22238 13
34866 34867 86
34867 34868 8
34940 34939 86
34939 34938 80
34938 34937 53
34937 34936 30
34936 34935 53
34935 34934 62
35973 35972 86
35972 37031 44
37031 37032 23
35972 35971 54
35971 35970 41
37032 37033 72
37033 37034 53
37034 37035 44
37035 37036 51
37036 37037 11
37037 37038 4
37038 37039 6
37039 37040 47
37040 37041 60
37041 37042 15
37042 37043 42
37043 37044 57
37044 37045 60
37045 37046 5
37046 37047 27
37047 37048 64
37048 37049 27
35970 35969 73
35969 35968 77
35968 35967 44
35967 3956 4
3956 3957 48
3957 3958 63
3956 3955 83
3955 3954 43
35988 35989 86
35989 35990 24
35990 35991 72
35991 35992 48
35992 35993 62
35993 35994 66
35994 35995 37
35995 35996 25
36099 36100 86
36100 36101 40
36101 36102 55
36102 36103 85
36103 36104 15
36104 36105 20
36300 36301 86
36301 36302 22
36302 36303 29
36303 36304 6
36304 36305 21
36305 36306 48
36306 36307 9
36389 36390 86
36390 36391 74
36391 36392 55
36392 36393 84
36393 36394 81
36394 36395 36
36478 36477 86
36477 36476 69
36485 36484 86
36484 36483 12
36483 36482 81
36482 36481 24
36481 36480 47
36545 36544 86
36544 36543 81
36543 36542 62
36542 36541 33
36541 36540 60
36567 36566 86
36566 36565 52
36565 36564 76
36564 36563 26
36687 36688 86
36688 36689 83
36689 36690 25
36898 36897 86
36897 36896 65
36897 40010 81
40010 40011 36
40010 40009 42
40009 40008 37
40008 40007 28
40007 40006 15
40011 40012 55
40012 40013 38
37159 37160 86
37160 37161 32
37161 37162 69
37162 37163 4
37230 37229 86
37229 37228 34
37228 37227 51
37227 37226 74
37226 37225 5
37225 37224 55
37224 37223 64
37281 37282 86
37487 37488 86
37488 37489 67
37489 37490 82
37490 37491 64
37491 37492 36
37608 37607 86
37607 37606 16
37606 37605 4
37952 37951 86
38062 38061 86
38061 38060 37
38060 38059 58
38059 38058 36
38058 17718 3
17718 17719 6
17718 17717 53
17719 17720 57
17720 17721 30
17717 17716 77
38163 38164 86
38406 38405 86
39013 39012 86
1952 39107 86
39107 39108 18
39108 39109 35
39107 39106 67
39106 39105 61
39105 39104 10
39104 39103 17
39103 39102 13
39109 39110 76
39110 39111 34
39111 39112 82
39112 39113 39
39113 39114 53
39114 39115 39
39102 39101 84
39101 39100 8
39100 39099 63
39099 39098 42
39098 39097 52
39097 39096 70
39096 39095 27
39095 39094 69
39094 39093 36
6375 39122 86
39122 39121 30
39122 39123 60
39121 39120 80
39219 39220 86
39297 39296 86
28476 39510 86
39510 39511 32
39510 39509 60
39509 39508 61
39508 39507 70
39507 39506 23
39506 39505 34
39507 19374 52
19374 19375 23
19374 19373 42
19375 19376 46
19373 19372 56
19372 19371 40
19371 19370 15
19370 19369 76
19369 19368 35
19368 19367 1
19367 41270 21
19367 19366 24
19366 19365 27
19365 19364 46
39505 39504 82
39504 39503 30
19364 19363 84
19363 19362 25
19363 35683 39
35683 35684 15
35683 35682 25
35684 35685 42
19362 19361 61
19361 19360 75
19360 19359 76
35682 35681 78
35681 35680 53
35680 35679 38
35679 35678 47
35685 35686 80
35686 35687 35
35687 35688 63
35688 35689 32
35689 35690 33
35678 35677 86
35677 35676 82
35676 35675 69
39648 39649 86
39649 39650 34
39650 39651 32
39651 39652 34
39652 39653 12
39653 39654 55
39654 39655 35
39655 39656 43
39656 39657 33
39657 39658 61
39820 39821 86
39821 39822 38
39822 39823 26
40041 40042 86
40042 40043 14
40043 40044 74
40395 40396 86
40396 40397 58
40397 14670 9
14670 14671 25
40397 40398 74
40398 40399 1
14670 14669 75
14669 14668 45
14668 14667 79
14667 14666 1
14666 14665 51
14665 14664 68
14664 14663 58
40399 40400 83
40400 40401 49
40401 40402 1
40402 40403 84
40403 40404 32
40492 40491 86
40491 40490 39
40490 40489 24
40489 40488 46
40488 40487 56
40487 40486 54
40486 40485 31
40835 40836 86
40836 40837 23
40837 40838 73
40838 40839 76
40839 40840 24
40840 40841 50
40841 40842 38
40964 40963 86
40963 40962 65
40962 40961 27
40961 40960 7
40960 40959 63
40959 40958 36
40958 40957 6
40957 40956 37
40956 40955 18
40955 40954 11
40954 40953 52
41469 41468 86
41557 41556 86
41559 41560 86
41560 41561 1
41561 41562 20
41562 41563 11
41563 41564 79
41564 41565 38
41565 41566 5
41566 16276 44
16276 16277 4
41566 41567 50
41567 41568 20
41568 41569 33
41569 41570 16
16276 16275 71
16275 16274 36
16274 16273 67
16275 41193 68
41193 41194 29
41194 41195 67
41195 41196 37
16277 16278 80
16278 16279 42
16279 16280 1
16280 16281 40
16280 42092 45
42092 42091 51
16281 16282 78
41196 41197 80
41197 41198 3
41198 41199 68
41199 41200 55
41199 38022 60
38022 38023 51
38023 38024 20
38024 38025 9
38025 38026 10
38025 42902 15
42902 42903 12
38023 31341 38
38026 38027 48
38027 38028 10
38022 38021 59
38021 43135 26
43135 43134 38
42902 42901 63
38028 38029 67
38029 38030 45
38030 38031 63
38031 38032 13
38032 38033 19
38033 38034 33
43134 43133 68
43133 43132 30
43132 43131 60
38021 38020 69
38020 38019 62
42901 42900 69
42900 42899 37
42899 42898 71
42898 42897 60
38034 45990 73
45990 45989 14
45989 45988 23
45988 45987 47
45987 45986 12
43131 43130 82
43130 43129 19
43129 18640 19
18640 18639 15
18639 18638 36
43129 43128 71
43128 43127 38
43127 43126 6
43126 43125 36
18638 18637 72
18637 18636 15
18636 18635 63
18635 18634 59
18634 18633 18
18633 18632 54
18632 18631 70
18631 18630 65
18630 18629 76
18629 18628 46
43125 43124 80
43124 43123 26
43123 43122 46
43122 43121 40
43121 43120 76
43120 43119 17
43119 49218 34
43119 43118 47
49218 49219 64
49219 49220 28
49220 49221 14
49221 49222 3
49222 49223 56
49223 49224 54
49224 49225 20
43118 43117 79
43117 43116 45
43116 43115 4
38030 34135 83
34135 34134 38
34134 34133 1
34133 34132 11
34134 3985 30
3985 3984 67
3984 3983 72
3983 3982 24
41200 41201 83
41201 41202 6
41202 41203 71
41203 41204 81
41641 41642 86
41699 41700 86
41700 41701 46
41701 41702 30
41702 41703 37
41703 41704 13
41721 41722 86
22665 41873 86
41873 41874 52
41874 41875 64
41875 41876 30
41876 41877 48
42171 42172 86
42181 42180 86
42180 42179 26
42281 42282 86
44926 42330 86
42330 42331 13
42330 42329 18
42331 42332 29
42332 42333 43
42333 42334 13
42339 42338 86
42476 42477 86
42477 42478 31
42478 42479 74
42479 42480 35
42480 42481 17
42481 42482 48
42482 42483 31
42580 42581 86
42581 42582 77
42582 42583 3
42719 42720 86
42720 42721 48
42721 42722 80
42722 42723 25
42723 42724 35
42724 42725 46
42725 42726 16
42726 42727 53
42727 42728 19
42728 42729 69
42729 42730 48
42780 42779 86
42779 42778 58
42778 42777 19
42828 42827 86
42827 42826 48
42826 42825 41
42825 42824 64
42910 42909 86
42909 42908 31
42908 42907 59
42907 42906 33
42906 42905 63
42922 42921 86
43575 43574 86
43574 43573 20
43573 43572 13
43617 43616 86
44204 44203 86
44203 44202 3
44275 44276 86
44276 44277 43
44277 44278 85
44278 44279 18
44490 44489 86
44489 44488 67
44488 44487 67
44638 44639 86
44639 44640 63
44640 44641 24
44890 44889 86
44889 44888 86
44888 44887 26
44887 44886 83
45090 45091 86
45336 45337 86
45337 45338 51
45338 45339 39
45339 45340 17
45340 45341 2
45341 45342 28
45342 45343 38
45343 45344 23
45344 45345 13
45345 45346 1
45346 45347 9
45347 45348 38
45341 39762 62
39762 39761 68
39761 39760 51
39760 39759 44
39759 39758 52
39758 39757 65
39757 39756 44
39756 39755 56
39755 39754 70
39754 39753 14
39753 39752 22
39752 39751 79
39751 39750 13
45348 37180 84
37180 37181 66
37181 37182 49
37182 37183 28
45392 45391 86
45391 45390 14
45390 45389 79
45389 45388 64
45388 17732 60
17732 17731 43
17731 17730 67
45388 45387 72
17732 17733 76
45762 45763 86
45763 13306 66
13306 13307 29
13307 13308 44
13306 10490 45
10490 10491 13
10491 10492 1
10490 10489 29
10489 29164 44
29164 29165 45
29165 29166 28
10492 10493 47
10493 10494 32
10494 10495 14
29164 37372 51
37372 37373 31
37373 37374 18
37374 37375 26
37372 37371 47
37375 37376 49
37376 37377 5
13306 13305 54
13308 13309 59
29164 29163 64
29163 29162 50
13309 13310 68
13310 13311 30
10489 10488 73
10488 10487 74
45763 45764 81
45764 45765 33
13305 13304 85
13304 13303 54
13303 13302 36
13311 13312 85
13312 13313 60
45932 45933 86
45933 45934 9
45934 45935 60
45934 2185 79
2185 2186 54
2186 2187 40
2187 2188 29
2188 2189 67
2185 2184 69
2189 2190 70
46092 46093 86
46093 46094 21
46094 46095 62
46095 46096 36
46096 46097 41
46097 46098 53
46098 46099 30
1487 46138 86
17278 46449 86
46591 46590 86
46590 46589 56
46589 46588 86
46588 46587 24
46754 46755 86
46755 46756 11
46756 46757 52
46757 4238 64
4238 4239 65
46949 46948 86
46948 46947 44
46947 46946 40
46946 46945 40
46945 46944 53
46944 46943 16
46943 46942 10
46942 46941 9
46941 46940 46
47023 47022 86
47022 48933 57
48933 48932 12
48933 48934 18
48932 48931 45
48934 48935 48
48935 48936 51
48936 48937 20
48937 48938 30
48938 48939 3
48931 48930 80
48930 48929 51
48929 48928 68
47092 47091 86
47091 47090 85
47090 47089 81
47089 47088 49
47101 47102 86
47102 47103 60
47103 47104 17
47104 47105 20
47105 47106 60
47785 47786 86
47903 47902 86
47902 47901 58
47901 47900 20
47900 47899 43
47899 47898 57
47898 47897 34
47897 47896 57
47896 47895 12
47895 47894 49
47894 47893 84
47893 47892 82
47892 47891 59
47891 47890 21
47890 47889 57
47889 47888 23
48254 48253 86
48253 2907 16
2907 2908 3
2907 2906 37
48253 48252 48
48466 48465 86
48465 48464 41
48469 48470 86
48470 48471 70
49351 49352 86
49352 49353 62
49472 49471 86
49471 32388 19
32388 32387 37
49471 49470 59
49470 49469 34
49469 49468 13
49468 49467 19
49581 49582 86
49582 4421 51
49582 49583 74
49583 49584 17
49792 49791 86
49791 49790 16
49790 49789 69
49789 49788 3
49788 49787 64
49787 49786 45
49786 49785 29
49785 49784 43
49784 49783 50
49783 49782 27
49782 49781 12
49781 49780 11
12917 49858 86
49858 49859 35
49859 49860 38
49860 49861 2
49861 49862 46
49858 49857 80
49857 49856 54
49856 49855 81
49855 49854 16
49854 49853 22
49853 49852 31
49852 49851 40
49851 49850 2
49850 49849 5
49849 49848 28
49848 49847 86
49847 49846 44
8956 49954 86
49954 49953 11
49953 49952 5
49952 49951 14
49954 49955 22
49951 49950 30
49950 49949 29
49953 13648 36
13648 13649 34
13649 13650 22
13648 13647 45
49954 6697 49
6697 6696 38
49955 11927 62
13647 13646 63
11927 11928 65
11928 11929 22
11929 11930 37
49955 49956 65
49956 49957 19
6697 6698 68
6698 6699 56
6699 6700 34
6700 6701 49
6701 6702 43
6702 6703 12
6703 6704 42
6704 6705 27
6696 6695 69
6695 6694 79
6705 6706 80
6706 6707 69
6707 6708 63
278 279 87
279 280 22
280 281 76
281 282 13
41177 478 87
478 477 18
477 476 61
476 475 12
475 474 54
474 473 50
473 472 85
472 471 29
471 470 57
470 469 74
761 760 87
760 759 5
759 758 42
758 757 3
757 756 19
756 755 41
755 754 15
757 49103 50
754 753 65
753 752 39
752 751 34
49103 49102 75
49102 49101 38
751 750 82
875 876 87
887 888 87
888 889 42
889 890 68
890 891 57
891 892 49
892 893 7
893 894 69
894 895 41
895 896 58
896 897 16
897 898 39
898 899 10
899 900 84
900 901 43
901 902 63
902 903 16
903 904 3
904 905 54
905 906 59
906 907 44
907 908 13
908 909 38
909 910 15
910 911 39
911 912 24
925 926 87
926 927 30
927 928 13
989 990 87
990 991 3
991 992 59
992 993 70
1621 1620 87
1620 1619 71
1779 1778 87
1778 1777 11
1842 1841 87
1841 1840 5
1840 1839 40
1839 1838 28
1838 1837 48
1837 1836 72
1931 1932 87
1932 1933 79
1933 1934 82
1934 1935 35
1935 1936 7
2115 2116 87
2116 2117 17
2117 2118 69
2118 2119 32
2119 45892 9
2119 2120 53
2120 2121 44
2121 2122 38
45892 45893 79
45893 45894 70
45894 45895 54
45895 45896 52
45896 45897 47
45897 45898 63
45898 45899 75
45896 40536 81
40536 40537 65
40537 40538 42
40536 40535 76
40535 40534 29
27771 2242 87
2616 2617 87
2617 2618 74
2618 2619 71
2619 2620 34
2620 2621 32
2621 2622 45
2622 2623 33
2623 2624 68
2686 2687 87
2687 2688 3
2688 2689 15
2769 2770 87
2804 2805 87
2805 2806 87
2806 2807 79
3140 3141 87
40376 3191 87
3191 3190 72
3190 3189 52
3191 3192 78
3192 3193 65
3193 3194 57
3194 3195 29
3360 3361 87
3459 3458 87
3458 3457 73
3457 3456 13
3456 3455 36
3455 3454 56
3454 3453 79
3453 3452 59
3452 32632 54
32632 32633 21
32633 32634 44
32634 32635 36
32632 32631 49
32631 32630 46
32630 32629 41
32635 32636 75
32636 32637 9
32637 32638 19
32638 32639 75
32639 32640 4
32640 32641 8
32641 32642 16
32642 32643 42
32643 32644 21
32644 32645 24
32645 32646 23
6283 3708 87
3708 3707 10
3707 3706 21
3708 3709 74
4507 4508 87
4555 4554 87
4554 4553 50
4553 38930 28
38930 38929 31
38929 38928 6
38928 38927 12
38927 38926 28
38926 38925 14
38925 38924 78
38924 38923 19
38923 38922 39
38922 38921 5
38921 38920 75
38920 38919 55
38919 38918 48
38930 38931 83
38931 38932 85
38932 38933 35
38933 38934 11
4634 4635 87
4635 4636 46
4636 4637 71
4637 4638 35
4731 4730 87
4730 4729 9
4729 4728 5
4728 4727 1
4727 4726 5
4726 4725 22
4725 4724 71
4724 4723 80
4723 4722 69
4722 4721 69
4751 4750 87
4750 4749 18
4749 4748 13
4748 4747 32
4747 4746 58
4996 4997 87
4997 4998 26
4998 4999 23
5024 5025 87
5025 5026 13
5026 5027 81
5027 5028 4
5028 5029 87
5029 5030 84
5030 5031 64
5031 5032 28
5032 5033 61
5434 5435 87
5435 5436 38
5436 5437 47
5559 5560 87
5560 5561 34
5561 5562 73
5562 5563 75
5563 5564 63
5564 5565 17
5564 16682 27
16682 16681 71
5859 5860 87
5860 5861 15
5861 5862 72
5862 5863 42
27519 5946 87
5946 5945 47
5946 5947 75
5947 5948 17
5948 5949 3
5949 5950 67
5950 5951 23
5951 33168 29
33168 33169 49
5950 6591 61
6591 6590 38
6590 6589 24
33169 33170 65
33170 33171 26
33171 33172 68
33172 33173 27
33173 33174 12
33174 33175 57
33175 33176 23
6113 6114 87
6114 6115 77
6115 6116 26
6116 6117 83
6117 6118 78
6118 6119 32
6119 6120 84
6120 6121 53
6121 6122 23
6122 6123 78
6123 6124 15
6124 6125 28
6125 6126 32
6126 6127 60
6127 6128 49
6128 6129 62
6129 6130 5
6130 6131 43
6131 6132 81
6132 6133 1
6133 6134 26
6134 6135 67
6135 6136 63
6136 6137 1
6137 6138 48
6317 6316 87
6316 6315 33
6315 6314 56
6314 6313 26
6335 6334 87
6396 6397 87
6452 6451 87
6961 6960 87
6960 6959 44
6959 6958 37
6958 6957 27
6957 6956 48
33935 6968 87
7249 7250 87
7250 7251 46
7251 7252 20
7252 7253 61
7253 7254 35
7254 7255 24
7480 7481 87
7481 7482 17
7482 7483 61
7482 9353 84
9353 9354 28
9353 32089 83
32089 32088 27
32089 32090 37
32088 32087 43
32090 32091 56
32091 32092 32
32087 32086 78
32086 32085 63
32085 32084 79
32084 32083 67
32083 32082 5
32082 32081 67
32081 32080 69
32080 32079 57
32079 32078 47
32078 32077 69
32092 32093 83
32093 32094 79
32094 32095 17
32095 32096 22
32096 15124 41
15124 15123 5
15123 15122 36
15122 15121 31
15124 15125 86
13072 7734 87
7734 7733 64
7733 7732 19
7734 7735 64
7732 7731 73
7731 7730 63
7730 7729 56
7729 7728 53
7728 7727 81
7727 7726 40
7735 7736 81
7889 7888 87
7888 7887 19
7887 7886 87
7886 7885 54
7885 7884 26
7884 7883 14
7883 7882 11
7884 13237 14
13237 13238 33
13237 13236 53
13236 13235 46
13235 13234 16
13234 13233 42
13233 13232 14
13238 13239 59
13232 13231 62
13231 13230 61
13230 13229 44
13229 13228 83
13228 13227 62
13227 24468 10
13227 13226 11
13226 13225 7
13225 13224 7
24468 24467 17
24468 24469 48
24469 24470 27
13224 13223 79
13223 13222 78
24470 24471 85
24471 24472 20
24472 24473 20
24473 24474 4
7937 7938 87
7938 7939 52
8098 8099 87
8099 8100 81
8100 8101 78
8101 8102 43
8101 31096 71
31096 31095 34
31095 31094 17
31096 31097 59
31096 19419 68
19419 19420 5
19419 19418 68
8102 8103 72
8103 8104 21
8104 8105 29
8105 8106 30
19420 19421 78
19421 19422 8
19422 19423 76
19423 19424 48
8232 8233 87
8233 8234 12
8467 8468 87
8468 8469 71
8469 8470 49
8586 8585 87
8585 27971 12
8585 8584 35
27971 27970 72
27970 27969 59
27969 27968 19
27968 27967 45
27967 27966 50
27966 27965 18
27965 27964 30
8887 8886 87
8886 8885 82
8885 8884 17
8884 16778 10
8884 8883 30
8885 26089 63
26089 26088 48
26089 26090 66
26090 26091 41
16778 16777 79
16777 16776 62
16776 24187 65
24187 24188 11
24187 24186 54
24186 24185 12
24185 24184 43
24184 24183 42
24188 30040 66
30040 30041 14
30040 30039 36
30041 30042 48
30039 30038 71
30038 30037 33
30037 30036 37
30036 30035 37
30035 30034 53
30034 30033 31
30033 30032 51
30032 30031 25
24183 24182 73
24182 24181 45
30042 30043 78
30043 30044 68
30044 30045 75
30045 30046 68
30046 30047 25
30047 30048 31
30048 30049 57
30049 30050 60
30050 30051 2
26088 26087 79
26087 26086 2
9145 9146 87
9146 9147 57
9147 9148 63
9148 9149 55
9149 9150 22
9150 9151 24
9151 9152 42
9152 9153 28
9153 9154 44
9154 9155 83
9296 9295 87
9295 9294 44
9294 9293 39
9293 9292 10
9303 9304 87
9304 9305 82
9760 9761 87
9761 9762 30
9762 9763 84
10261 10260 87
10260 10259 71
10259 10258 51
10258 10257 63
10258 40696 68
40696 40697 23
40697 40698 60
40698 40699 4
40696 40695 66
40695 40694 13
40694 40693 58
40693 40692 40
40692 40691 40
40691 40690 68
40690 40689 59
40689 40688 69
40688 40687 27
40687 40686 20
40686 10731 40
10731 10730 17
10731 10732 33
10730 10729 53
40686 40685 55
10732 10733 56
10733 10734 59
10734 10735 38
40699 40700 79
10329 10330 87
10330 10331 49
10331 10332 80
10332 10333 5
10333 10334 5
10334 10335 58
10420 10421 87
10421 10422 24
10422 10423 59
10423 10424 62
10658 10657 87
10657 10656 74
10656 10655 4
10655 10654 55
10654 10653 58
10653 10652 38
10652 10651 45
11018 11019 87
11019 11020 57
11020 11021 58
11021 11022 16
11022 11023 22
11023 11024 49
11023 49609 84
49609 49610 22
49610 49611 1
49611 49612 31
49612 49613 28
49613 49614 39
11166 11167 87
11167 11168 33
11358 11357 87
11357 11356 24
11495 11496 87
11496 11497 21
11497 11498 67
11498 11499 3
11685 11684 87
11684 11683 74
11683 11682 20
11682 11681 25
11681 11680 66
11680 11679 41
11679 11678 21
11678 11677 71
11695 11696 87
11696 11697 56
11697 11698 29
11698 11699 2
11699 11700 81
11700 11701 8
11701 11702 57
11702 11703 72
11778 11779 87
11779 11780 77
11780 30922 62
30922 30921 23
30921 30920 67
30920 30919 72
30919 30918 29
30918 30917 4
30917 30916 67
36808 11967 87
11967 11966 48
11966 11965 65
11965 11964 46
11964 11963 65
11963 11962 67
11962 11961 16
11967 11968 77
11968 11969 3
11969 11970 49
11970 11971 76
11971 11972 37
11972 11973 21
11973 11974 71
11974 11975 41
11975 11976 62
11976 11977 19
11977 11978 23
11978 11979 35
11977 22634 59
22634 22633 27
22633 22632 13
22632 5334 69
5334 5333 15
5333 5332 13
5332 5331 48
5331 5330 60
5334 5335 65
5335 5336 40
11979 11980 73
11980 11981 66
12053 12054 87
12126 12125 87
12125 12124 44
12124 12123 87
12123 12122 2
12122 12121 47
12466 12467 87
12922 12923 87
12923 12924 19
12924 12925 59
12925 12926 35
13147 13146 87
13146 13145 31
13145 13144 17
13171 13170 87
13222 13221 87
13221 13220 21
13220 13219 5
13219 13218 44
13437 13436 87
13436 13435 11
13435 13434 8
13466 13467 87
13467 13468 39
13468 14094 12
14094 14093 65
13762 13763 87
13763 32032 11
32032 32033 3
13763 13764 34
13764 13765 20
32033 32034 44
32032 32031 58
32031 32030 4
13765 13766 61
13766 13767 45
13767 13768 10
13768 13769 58
14100 14099 87
14099 14098 17
14098 14097 55
14097 14096 61
14096 14095 20
14095 4619 67
4619 4620 23
4619 4618 52
4618 4617 46
4617 4616 65
4616 4615 59
4620 4621 81
4615 4614 86
4614 4613 33
4613 4612 19
4612 4611 83
4611 4610 61
4610 4609 42
4609 4608 75
14388 14389 87
14389 14390 79
14390 14391 31
14573 14574 87
14865 14866 87
14866 14867 10
14867 14868 8
14868 14869 5
14868 45551 18
45551 45552 4
14869 14870 36
14870 14871 35
45551 45550 40
45550 45549 67
14871 14872 75
14872 14873 74
14873 14874 66
14874 14875 21
14875 14876 70
14961 14962 87
14962 14963 45
14963 14964 55
14964 14965 48
14965 14966 38
14963 7489 61
7489 42704 22
7489 7488 30
42704 42705 40
42704 42703 66
42703 42702 31
42702 42701 33
42701 42700 30
42700 42699 4
42699 42698 32
42698 42697 2
42697 42696 39
42696 42695 38
42695 42694 36
42694 42693 55
42693 42692 56
42692 42691 10
42691 42690 32
42690 42689 52
42689 42688 35
42688 42687 22
7489 7490 72
14966 14967 76
42705 42706 85
42706 42707 15
15087 15088 87
15423 15422 87
15422 15421 33
15831 15830 87
15936 15935 87
15980 15981 87
15981 15982 15
15982 15983 52
15983 41035 71
41035 41036 76
41036 41037 56
48423 16171 87
16171 16170 36
16171 16172 74
16172 16173 35
16367 16368 87
16368 16369 48
16369 16370 71
16370 16371 53
16371 16372 62
16372 16373 34
16373 16374 4
16374 16375 14
16375 16376 21
16376 16377 7
16377 16378 50
16378 16379 37
16379 16380 61
16889 16888 87
17087 17088 87
17088 17089 84
17089 17090 24
17090 17091 86
17091 17092 20
31280 17312 87
17312 17311 12
17311 17310 7
17312 17313 44
17313 17314 15
17314 17315 5
17315 17316 2
17310 17309 46
17340 17341 87
17399 17398 87
17398 17397 60
31082 17567 87
17567 17566 15
17567 17568 25
17568 17569 25
17569 17570 1
17569 27413 12
17566 17565 35
27413 27414 77
27414 27415 23
27415 27416 67
27416 27417 21
27417 27418 51
17570 17571 80
17571 17572 84
17565 17564 86
17564 17563 27
17563 17562 6
17562 17561 3
17561 17560 45
17564 18940 60
27413 27412 86
27412 27411 76
27411 27410 52
27410 27409 59
27409 27408 46
17679 17678 87
17678 17677 11
17677 17676 41
17676 17675 23
17675 17674 25
17674 17673 58
17673 17672 61
17672 17671 44
17671 33685 64
33685 33686 23
33685 33684 35
33684 33683 36
33683 33682 23
33682 33681 22
17684 17685 87
17685 17686 22
17786 17787 87
17815 17814 87
17814 17813 15
17813 17812 12
17812 17811 79
17811 17810 87
17810 17809 40
17809 17808 43
17887 17888 87
17888 17889 21
17889 17890 55
17932 17933 87
17933 17934 2
17934 17935 42
17935 17936 33
18187 18188 87
18188 18189 6
18247 18248 87
18342 18343 87
18343 18344 63
18344 18345 1
18398 18399 87
18399 18400 60
18400 18401 78
18401 18402 73
18402 18403 19
18502 18503 87
18503 18504 84
18743 18742 87
18742 18741 72
18975 18976 87
18976 33687 23
33687 33688 11
18976 18977 45
18977 18978 15
18978 18979 81
18979 18980 45
18980 18981 81
18981 18982 32
18982 18983 24
18983 18984 34
18984 18985 41
18985 18986 28
18986 18987 17
18987 18988 55
18988 18989 87
18989 18990 27
18990 18991 66
19001 19000 87
19067 19068 87
19068 19069 64
19069 19070 31
19070 19071 67
19540 19541 87
19541 19542 45
19542 19543 81
19543 19544 9
19544 19545 35
19545 19546 45
19546 19547 82
19547 19548 5
19548 19549 85
20178 20177 87
20177 20176 22
20176 20175 64
20282 20281 87
20367 20368 87
20368 20369 13
20369 20370 35
20370 20371 72
20586 20587 87
20587 20588 38
20587 3914 70
3914 3913 15
3913 3912 16
3912 3911 56
3911 3910 3
3910 3909 45
3911 40908 57
40908 40909 5
40908 40907 51
40907 40906 1
40907 11993 4
11993 11992 24
11992 11991 42
40906 40905 55
11991 11990 60
40905 40904 62
40904 40903 2
11993 11994 65
11994 11995 15
40903 40902 65
40902 47940 55
47940 47939 15
47939 47938 15
47940 47941 32
3909 3908 67
40909 40910 73
47941 41404 74
41404 41403 11
41404 41405 60
41403 41402 71
40910 40911 76
40911 40912 71
47938 47937 80
47937 47936 1
47936 47935 83
47935 47934 72
47934 47933 81
47933 47932 10
47932 47931 86
47931 47930 72
47930 47929 33
20641 20642 87
20642 20643 12
20643 20644 73
20644 20645 59
20645 20646 12
20646 20647 84
20647 20648 69
20648 20649 70
20808 20807 87
20807 20806 74
20806 20805 10
20871 20870 87
20870 20869 83
20869 20868 25
20868 20867 36
20867 20866 87
20866 20865 83
20865 13855 25
13855 13854 3
13855 13856 8
13856 13857 59
13857 13858 14
20865 20864 73
20864 20863 40
20863 20862 58
20862 20861 31
13854 13853 74
13853 13852 38
13858 13859 80
13859 13860 56
13860 7829 4
7829 7830 77
20861 20860 87
20860 20859 41
20859 20858 5
20858 20857 35
21275 21276 87
21276 21277 10
21277 21278 33
21698 21699 87
21974 21973 87
22021 22022 87
22221 22220 87
22220 22219 1
22219 22218 78
22218 22217 49
22217 22216 7
22216 22215 62
22215 22214 20
22214 22213 83
22389 22388 87
22388 22387 14
22494 22495 87
22655 22654 87
22654 22653 43
22653 22652 50
22652 22651 2
22651 22650 55
22650 22649 32
22803 22802 87
22802 22801 58
22873 22874 87
22874 22875 27
22875 22195 53
22195 22196 1
22196 22197 56
22197 22198 62
22198 22199 31
22199 22200 35
22200 22201 14
22201 22202 43
22202 22203 41
22195 22194 65
22194 22193 30
22193 22192 66
22192 35016 55
35016 35017 57
35017 35018 56
35016 35015 63
35015 35014 60
35014 35013 26
35013 35012 7
35012 35011 40
35011 35010 5
35010 35009 50
35009 35008 58
35008 35007 16
35007 35006 5
35006 35005 53
35005 35004 55
35004 35003 14
35003 35002 2
22875 22876 69
22876 22877 51
22875 33201 74
33201 33202 27
33202 33203 62
33203 33204 80
33204 33205 69
33205 33206 50
33206 33207 29
33207 33208 45
33208 33209 59
33209 33210 18
33210 29623 5
33210 33211 9
33211 33212 73
33212 33213 4
22203 22204 82
22204 22205 27
22205 22206 1
22206 22207 9
22207 22208 25
22208 22209 11
29623 29624 82
29624 29625 59
29625 29626 59
22877 22878 84
22878 22879 3
22209 22210 85
22210 22211 30
22211 22212 49
23247 23246 87
23246 23245 28
23245 23244 16
23244 23243 81
23306 23307 87
23307 23308 54
23308 23309 55
23309 23310 43
23310 23311 43
23330 23331 87
23331 23332 25
23332 23333 67
23367 23366 87
23366 23365 60
23365 23364 41
23364 23363 3
23449 23448 87
23448 23447 57
23497 23496 87
23563 23562 87
23562 23561 3
24264 24265 87
24265 24266 77
24266 24267 39
24267 24268 72
24268 24269 5
24285 24286 87
24321 24320 87
24493 24494 87
24494 24495 83
24495 24496 9
24496 24497 35
24604 24605 87
24605 24606 15
24652 24653 87
24653 24654 29
24654 24655 57
24655 24656 67
24656 24657 7
24657 24658 69
24658 24659 83
24659 24660 3
24660 24661 59
24699 24698 87
24743 24744 87
24748 24747 87
24747 24746 58
24746 24745 43
24760 24761 87
24761 24762 78
24762 22174 12
24762 24763 30
22174 22175 68
22175 22176 43
22176 22177 35
22177 22178 32
22178 22179 45
22179 48092 31
48092 48091 3
48092 48093 11
48093 48094 19
48094 48095 83
48095 48096 32
24893 24894 87
24894 24895 34
24895 24896 65
24896 24897 36
25046 25045 87
25045 25044 48
25044 25043 57
25043 25042 55
25042 25041 54
25041 45638 7
45638 45637 56
45637 45636 14
45638 45639 82
45639 45640 6
45640 45641 32
45641 45642 48
45642 45865 29
45865 45864 14
45864 45863 38
25052 25051 87
25235 25236 87
25236 25237 80
25314 25313 87
25313 25312 21
25312 25311 66
25311 25310 80
25310 25309 82
25309 25308 73
25308 7225 52
7225 7226 18
7226 7227 5
7227 7228 65
7228 7229 66
7229 7230 35
7230 7231 61
7231 7232 32
7232 7233 57
7233 7234 75
7234 7235 27
7235 7236 47
7236 7237 28
25443 25442 87
25829 25828 87
25828 25827 2
25827 25826 63
25979 25978 87
25978 25977 44
25978 6610 51
6610 6611 43
25977 25976 53
25976 25975 23
25975 25974 41
25974 22918 22
22918 22917 13
22917 22916 62
22916 22915 3
22915 22914 38
22914 22913 63
6611 6612 65
6612 6613 29
6613 13906 12
6613 6614 59
6610 6609 66
6609 6608 47
6608 6607 54
22918 22919 79
22919 22920 20
22919 9895 50
9895 9894 48
22920 22921 52
22921 22922 36
22922 22923 47
22923 22924 54
22924 22925 9
22925 23261 79
23261 23260 15
13906 13907 82
13907 13908 1
13908 13909 32
13909 13910 30
13910 13911 42
13911 13912 40
22913 22912 84
22912 22911 79
22911 22910 10
22910 22909 70
22909 22908 32
22911 26999 82
26999 27000 61
27000 27001 47
26999 26998 85
26998 26997 71
13906 13905 86
26421 26420 87
26433 26432 87
26432 26431 43
26431 26430 59
26642 26641 87
26641 26640 26
26640 26639 27
26677 26678 87
26678 26679 61
26679 26680 28
26680 26681 17
26680 1608 36
26681 26682 74
26682 26683 87
26683 26684 16
26684 26685 7
26685 26686 19
26686 26687 13
19850 26704 87
26704 26703 10
26704 5397 19
5397 5398 27
5397 5396 45
5396 5395 32
5395 5394 49
26704 26705 50
26705 26706 44
26703 26702 59
26702 26701 17
26701 26700 51
26700 26699 62
26699 26698 24
26698 26697 82
26706 26707 86
26707 26708 4
26708 26709 6
26709 26710 59
27001 27002 87
27078 27077 87
27077 27076 3
27076 27075 14
27075 27074 20
27074 27073 76
27073 27072 33
27072 27071 31
27186 27185 87
27185 27184 55
27184 27183 62
27183 27182 21
27259 27260 87
27260 27261 56
27261 27262 2
27262 27263 74
27263 27264 35
27264 27265 66
27265 27266 4
27266 27267 11
27267 27268 12
27268 27269 26
27269 27270 64
27270 8404 37
8404 8405 35
8405 8406 34
8406 8407 9
8407 8408 31
8404 8403 51
8403 8402 15
8408 8409 56
27270 27271 77
8402 8401 82
8401 8400 8
8400 8399 57
8399 8398 2
8398 8397 34
8409 8410 85
8397 8396 86
8396 8395 9
8395 8394 44
8394 8393 30
8393 8392 22
8392 8391 63
8391 8390 10
8390 8389 37
8389 8388 46
8388 8387 56
8387 8386 50
8386 8385 19
8385 8384 78
8384 8383 5
8383 8382 53
8382 8381 44
8381 8380 27
27271 27272 87
27272 27273 4
27273 27274 5
27274 27275 33
27275 27276 73
27276 27277 13
27277 27278 45
27278 27279 35
27279 27280 68
27285 27286 87
27286 27287 40
27287 27288 15
27288 27289 64
27289 27290 39
27290 27291 38
27291 27292 73
27292 2370 13
2370 2371 11
27292 27293 45
27293 27294 9
27294 27295 29
27332 27331 87
28471 27713 87
27713 27714 80
27714 27715 3
27715 27716 48
27775 27774 87
27858 27857 87
28070 28071 87
28071 28072 59
28072 28073 73
28073 28074 56
28132 28131 87
28131 28130 68
28130 28129 44
28129 28128 14
28145 28146 87
28146 28147 41
28147 28148 51
28148 28149 72
43326 28344 87
28344 28343 32
28344 28345 66
28345 28346 32
28346 28347 55
28347 28348 26
28348 28349 8
28349 28350 56
28350 28351 57
28351 28352 2
28386 28387 87
28387 28388 14
28388 28389 30
28802 28803 87
28962 28961 87
28961 28960 9
28960 28959 71
28959 28958 64
28958 28957 57
28957 28956 78
28956 28955 56
28955 28954 4
28954 28953 82
28953 28952 80
28952 28951 20
28951 28950 49
28950 28949 31
28949 28948 74
28948 28947 4
28947 28946 18
28946 28945 61
28945 28944 80
28944 28943 72
28943 28942 2
28942 28941 47
28941 28940 70
28940 28939 77
28939 28938 36
28938 28937 80
29031 29030 87
29030 29029 2
29029 29028 17
29028 28867 49
28867 28868 5
28867 28866 67
28866 37764 3
28866 28865 13
37764 37763 59
37763 37762 15
37762 37761 13
37761 37760 25
37764 37765 67
37765 37766 60
37766 37767 51
37767 37768 24
28868 28869 75
28869 28870 13
28870 6480 24
6480 6481 31
6481 6482 17
6482 6483 15
6483 6484 14
6480 6479 67
37768 37769 81
37769 37770 3
37770 37771 55
37771 37772 61
37772 37773 31
37773 37774 46
37774 37775 54
37775 37776 49
37776 37777 47
37777 37778 31
28870 28871 83
28871 28872 84
28872 28873 13
29415 29414 87
29468 29467 87
29467 29466 45
29466 29465 62
29669 29670 87
29670 29671 62
29825 29824 87
29824 29823 48
29823 29822 21
30008 30009 87
30009 30010 61
30010 30011 30
30011 30012 2
30012 30013 44
30013 30014 46
30163 30164 87
30164 13608 6
13608 13609 16
13608 5082 33
13609 13610 38
13610 30829 42
30829 30830 28
30830 30831 15
30831 30832 23
30832 30833 56
30833 30834 21
30164 30165 59
30165 30166 62
30166 30167 82
30167 30168 53
30168 30169 46
30169 30170 51
30170 30171 13
30829 30828 85
30828 30827 27
30827 30826 79
30826 30825 33
30825 30824 74
30824 30823 1
30823 30822 21
30513 30512 87
30512 30511 80
30870 30869 87
30869 30868 50
30868 30867 15
30867 30866 37
30866 30865 38
30869 22893 60
22893 22892 16
22892 22891 21
22891 22890 4
22890 22889 12
22889 22888 42
22888 22887 25
22887 22886 16
30865 30864 60
30864 30863 80
22886 22885 85
22885 22884 38
30931 30932 87
30932 30933 61
30942 30943 87
30943 30944 63
30944 30945 69
30963 30964 87
30964 30965 7
30965 30966 83
30966 30967 70
31026 31027 87
31027 31028 19
31028 31029 63
31029 31030 53
31030 31031 14
31031 31032 49
31037 31038 87
31038 31039 20
31045 31044 87
31044 31043 52
31043 31042 75
31042 31041 58
31041 31040 40
31066 31067 87
31067 31068 43
31068 44537 21
44537 44538 25
31068 31069 57
31069 31070 45
31070 31071 3
31071 31072 44
44538 44539 78
44539 44540 42
44540 44541 7
31072 31073 86
31073 31074 51
31074 31075 56
31075 31076 51
31085 31086 87
31086 31087 31
31138 31139 87
31139 31140 26
31140 31141 15
31141 31142 15
31507 31506 87
31506 31505 4
31722 31721 87
31721 31720 77
31720 31719 37
31719 31718 5
31718 31717 43
31717 31716 40
31716 31715 43
31715 31714 80
31714 31713 87
31713 31712 32
31712 31711 5
31711 32975 8
32975 32976 59
32976 32977 49
32977 32978 57
32978 32979 38
32979 32980 30
31711 31710 62
32975 32974 79
32974 32973 39
32973 32972 28
32972 32971 76
32971 32970 25
32970 32969 72
32024 32023 87
32023 32022 29
32102 32101 87
32101 32100 16
32310 32311 87
32311 32312 59
32312 32313 20
32313 32314 42
32314 32315 57
32315 32316 29
32316 32317 21
32364 32363 87
32377 32376 87
32376 32375 83
32375 32374 62
32374 32373 40
32373 32372 69
32385 32386 87
32660 32659 87
32688 32687 87
32687 32686 1
32686 32685 76
32685 32684 24
32684 32683 46
32683 32682 78
32682 32681 30
32810 32809 87
32809 32808 77
32808 32807 68
32807 32806 72
32806 32805 78
32805 32804 29
32804 32803 52
33029 33030 87
33299 33300 87
33300 33301 85
33301 33302 4
33568 33569 87
33569 33570 26
33655 33656 87
33656 33657 12
33657 33658 20
33658 33659 59
33659 33660 15
33660 33661 72
33661 33662 73
33662 33663 49
33663 33664 84
33664 33665 33
33665 33666 56
33666 33667 75
33667 33668 50
34541 34540 87
34540 34539 26
34539 34538 11
35525 35526 87
35526 35527 43
35527 35528 65
35528 35529 83
35529 35530 16
35530 35531 21
35603 35604 87
35604 35605 58
35605 35606 84
35606 35607 17
35607 35608 53
35608 35609 58
35609 35610 81
35610 35611 48
35611 35612 75
35612 35613 39
35613 35614 41
35614 35615 10
35675 35674 87
35757 35758 87
35758 35759 86
35759 35760 63
35760 35761 32
35761 35762 59
35762 35763 24
35763 35764 46
35764 35765 26
39038 35935 87
35935 35936 62
35936 35937 9
35937 35938 28
35938 35939 32
35939 35940 78
35940 35941 84
35941 35942 20
35942 35943 43
35943 35944 45
35944 35945 75
35945 35946 49
35946 35947 67
35947 35948 69
35948 35949 37
35949 35950 67
35935 35934 85
35934 35933 53
35933 35932 53
35932 35931 47
35931 35930 86
36005 36004 87
36004 36003 37
36003 36002 84
36002 36001 8
36066 36065 87
36240 36239 87
36239 36238 48
36238 36237 27
36445 36446 87
36637 36636 87
36636 36635 64
36635 36634 58
36634 36633 79
36633 36632 16
36632 36631 12
36631 7467 27
7467 7466 87
7466 7465 64
7467 7468 87
36947 36948 87
36948 36949 68
36949 36950 4
36950 36951 61
36951 36952 64
36952 36953 45
36953 4321 28
4321 4320 12
36953 36954 60
36954 36955 69
36955 36956 3
36956 36957 55
36957 36958 60
4320 4319 74
4319 4318 24
36948 28119 76
28119 28120 30
28119 28118 54
4321 4322 81
4322 4323 50
4323 4324 78
4324 4325 31
4325 4326 6
4326 4327 73
4327 4328 33
4328 4329 60
4329 4330 19
4318 4317 86
4317 4316 14
4316 4315 63
4315 4314 26
4314 4313 14
28118 28117 87
28117 28116 76
28116 24612 27
28116 28115 32
28115 28114 2
24612 24613 54
24613 24614 2
24612 24611 56
28114 28113 56
28113 28112 62
28112 46134 2
46134 46135 33
46134 46133 62
46135 46136 62
46136 46137 50
28112 28111 70
24614 24615 75
24615 24616 63
24616 24617 30
24611 24610 82
46134 6996 83
6996 6997 72
6997 6998 68
6998 6999 82
6999 7000 16
7000 7001 53
6996 6995 86
6995 6994 13
6994 6993 67
6993 6992 16
6992 6991 5
6991 6990 58
6990 29497 31
29497 29496 10
29497 29498 78
28111 28110 86
28110 23902 52
23902 23903 44
23903 23904 54
6990 6989 87
6989 6988 80
6988 6987 83
6987 6986 30
37165 37164 87
37445 37446 87
37446 37447 36
37447 37448 50
37448 37449 12
37449 37450 44
37450 37451 48
37451 37452 65
37452 37453 8
37453 41229 12
41229 41230 1
37453 37454 85
37454 37455 16
37455 37456 50
37456 37457 73
37457 37458 24
37458 37459 49
37459 37460 52
37460 38430 64
38430 38429 28
38429 38428 33
38430 38431 71
38431 38432 42
38428 38427 77
38432 38433 86
37739 37740 87
37740 37741 56
37741 37742 70
37742 37743 86
37743 37744 40
37744 37745 64
38101 38102 87
38102 38103 16
38138 38137 87
38137 38136 63
38136 38135 37
38135 38134 21
38134 38133 72
38133 38132 41
38155 38156 87
38156 38157 21
38157 38158 7
38158 38159 55
38239 38238 87
38238 38237 1
38237 38236 10
38276 38277 87
38322 38321 87
38321 38320 29
38623 38624 87
38624 38625 37
38742 38741 87
38741 38740 40
38740 38739 11
38739 38738 23
38738 38737 53
38737 38736 75
38823 38822 87
38822 38821 82
38821 38820 46
38820 38819 83
38834 38835 87
38835 38836 39
38836 38837 48
38837 38838 15
38838 38839 74
38839 38840 14
38840 38841 21
38841 24725 16
38841 38842 40
38842 38843 66
38843 38844 82
38952 38953 87
39256 39257 87
39257 39258 9
39258 39259 15
39259 39260 45
39260 39261 16
39381 39380 87
39380 39379 33
39379 39378 85
39378 39377 48
39377 39376 1
39376 39375 30
39375 39374 72
39374 39373 6
39399 39400 87
39400 39401 28
39401 39402 29
39402 39403 51
39403 39404 52
39488 39489 87
39489 39490 37
39490 39491 27
39491 39492 35
39492 39493 27
39493 39494 51
39492 34549 71
39494 39495 76
39495 39496 75
39496 39497 48
39497 39498 68
39498 39499 51
34549 34548 81
34549 34550 83
34550 34551 48
39499 39500 84
39500 397 19
397 396 4
397 398 10
398 399 55
399 400 68
396 395 69
395 394 41
394 393 1
39500 39501 70
39501 39502 73
393 392 85
392 391 41
391 390 9
390 389 54
39899 39898 87
39898 39897 26
39897 39896 36
39896 39895 77
39895 39894 43
40006 40005 87
40044 40045 87
40045 40046 81
40046 40047 19
40047 40048 61
40082 40083 87
40083 40084 2
40084 40085 37
40085 40086 62
40086 40087 25
40087 40088 47
40083 44245 72
44245 44244 22
44244 44243 13
44243 44242 49
44242 44241 41
44241 44240 22
44241 8454 23
8454 8455 34
8455 8456 14
8454 8453 61
44245 44246 70
44246 44247 68
44247 44248 55
40318 40317 87
40317 40316 27
40337 40338 87
40338 40339 9
40339 40340 73
40340 40341 43
40341 40342 3
40342 40343 72
40343 40344 85
40344 40345 18
40345 40346 79
40346 40347 63
40347 40348 1
40347 3000 18
3000 3001 3
3001 3002 52
3002 3003 32
40348 40349 55
3000 2999 59
2999 2998 58
2998 2997 13
3003 3004 65
40352 40351 87
41340 41339 87
41375 41376 87
41376 41377 51
6988 41611 87
41611 41610 59
41957 41956 87
41956 41955 47
41955 41954 27
41954 41953 63
41953 41952 33
41952 41951 84
41951 41950 31
41950 41949 33
41949 41948 47
41948 41947 1
41947 41946 39
40029 42134 87
42134 42135 11
42134 42133 57
42135 42136 62
42136 42137 30
42137 42138 66
42138 42139 14
42139 42140 21
42138 40130 28
42140 42141 32
42141 42142 56
42142 42143 32
40130 40129 60
40129 40128 26
40128 40127 52
40127 10742 70
10742 10741 10
10741 10740 22
10740 10739 22
10742 10743 76
10743 10744 39
10744 10745 52
10745 6278 81
6278 6279 26
6279 6280 13
6278 6277 42
6280 6281 71
42421 42420 87
42420 42419 81
42419 42418 65
42418 42417 23
42417 42416 9
42416 42415 15
42831 42832 87
42832 42833 58
42968 42969 87
42969 42970 21
43366 43365 87
43442 43441 87
43441 43440 28
43440 43439 47
43439 43438 2
43438 43437 20
43437 43436 76
43436 43435 63
43435 43434 9
43434 43433 19
43457 43458 87
43474 43475 87
43673 43674 87
43674 43675 54
43994 43993 87
43993 43992 32
43992 43991 10
43991 43990 49
43990 43989 37
43989 43988 53
44349 44350 87
44589 44588 87
44757 44756 87
44756 44755 13
44755 44754 47
44792 44791 87
44791 44790 2
44790 44789 36
44789 44788 1
44858 44859 87
44859 44860 72
44860 44861 28
44861 37829 27
37829 37828 2
37828 37827 8
37829 37830 50
37830 37831 51
44861 44862 53
37831 37832 85
37832 37833 46
37833 37834 61
45461 45462 87
45462 45463 52
45463 45464 5
45464 45465 20
45465 45466 13
45466 45467 29
45467 45468 61
45468 45469 60
45469 45470 11
45470 45471 29
45471 45472 71
45472 45473 27
45473 45474 42
18515 45724 87
45724 45723 39
45723 45722 21
45722 45721 3
45904 45905 87
45905 45906 79
45906 45907 64
45935 45936 87
45936 45937 24
45948 45947 87
46599 46600 87
46600 46601 76
46653 46652 87
46652 46651 35
47077 47076 87
48000 48001 87
48001 48002 21
48002 48003 77
48003 48004 8
48004 48005 11
48109 48110 87
48110 48111 74
48111 48112 27
48112 48113 56
48113 48114 53
48114 48115 10
48175 48176 87
48176 48177 17
48644 48645 87
48645 48646 71
48646 48647 54
48647 48648 55
48648 48649 81
48649 48650 18
48723 48722 87
48722 48721 43
48721 48720 45
48720 48719 81
48719 48718 42
48718 48717 50
48717 48716 51
48716 48715 43
48715 48714 28
48714 48713 33
48716 43904 65
48763 48764 87
48764 48765 78
48765 48766 29
48766 48767 60
48767 48768 58
48829 48828 87
48828 48827 38
48827 48826 40
48826 48825 62
48909 48910 87
48910 48911 66
48911 27346 32
27346 27345 29
27345 27344 43
27344 27343 28
27343 27342 25
27346 27347 43
48911 48912 58
27342 27341 71
27341 27340 8
27340 25572 48
27340 27339 62
27339 27338 49
27338 7449 49
7449 7448 47
7449 7450 53
7448 7447 70
27338 35438 70
35438 35439 17
35439 35440 20
35440 35441 12
7450 7451 72
7451 7452 51
7452 7453 47
7453 7454 22
7454 7455 10
7455 7456 42
7456 7457 15
7457 7458 57
7458 7459 30
7459 7460 20
27338 27337 73
35441 35442 75
35442 35443 22
7460 7461 77
7461 7462 13
7462 7463 45
7463 7464 9
25572 25573 79
25573 25574 17
25574 25575 83
25575 25576 76
25576 25577 73
35438 35437 84
35437 35436 32
35436 35435 43
35435 35434 26
35434 35433 16
35433 35432 57
48928 48927 87
48927 48926 24
48926 48925 27
48925 48924 20
48924 48923 62
48923 48922 66
48922 48921 28
48921 48920 3
48920 48919 44
48919 48918 42
48918 48917 65
49103 49104 87
49227 49228 87
49361 49360 87
49360 49359 70
49485 49486 87
49486 49487 29
49487 49488 61
49488 49489 12
49489 49490 85
49490 36359 10
36359 36360 40
49490 49491 71
49491 49492 9
49642 49643 87
49643 49644 20
49644 49645 73
49645 49646 3
49712 49711 87
49711 49710 84
49710 49709 60
172 173 88
173 174 68
199 200 88
200 201 30
201 202 54
202 203 19
203 204 31
204 205 81
205 206 71
206 207 31
207 208 12
208 209 80
209 210 4
210 211 7
232 231 88
439 438 88
37833 480 88
480 479 7
480 481 10
481 482 1
482 483 18
725 724 88
724 723 23
723 722 37
855 854 88
1295 1294 88
1294 1293 31
1487 1488 88
1488 1489 63
1492 1493 88
1745 1744 88
1744 1743 72
1743 1742 79
1742 1741 47
1741 1740 52
1740 1739 63
1739 1738 23
1738 1737 31
1737 1736 55
1736 1735 30
1735 1734 34
2061 2062 88
2062 2063 37
2136 2135 88
2135 2134 42
2134 2133 65
2133 2132 79
2132 2131 2
2131 2130 10
2211 2212 88
2212 2213 80
2250 2251 88
2251 2252 22
2252 2253 34
2253 2254 52
2254 2255 68
2255 2256 75
2358 2359 88
2359 2360 3
3079 3078 88
3078 3077 26
3077 3076 9
3207 3206 88
3206 7183 58
7183 7182 55
7183 7184 60
7184 7185 10
7185 7186 29
3206 3205 64
3205 3204 39
3204 3203 56
3203 3202 1
3202 3201 54
3201 3200 36
3200 3199 40
3199 3198 11
3198 3197 17
3197 3196 45
7186 7187 69
3542 3541 88
3541 3540 67
3540 3539 82
3661 3660 88
3739 3740 88
3784 3783 88
3783 3782 73
4065 4064 88
4288 4287 88
4287 4286 34
4286 4285 13
4285 4284 33
4284 4283 74
17970 4370 88
4370 4369 23
4369 4368 2
4370 4371 82
4417 4418 88
4418 4419 33
4419 4420 53
4800 4799 88
4799 4798 65
4815 4816 88
4816 4817 40
4817 4818 38
4940 4939 88
4939 4938 12
4938 4937 23
4937 4936 18
4936 4935 55
49306 4961 88
4961 4960 47
4960 4959 76
4959 4958 3
4958 4957 36
4957 4956 19
4961 4962 82
4962 4963 19
4956 4955 83
4955 4954 86
4954 4953 27
4953 4952 36
4952 4951 5
4951 4950 76
5075 5076 88
5076 5077 15
5077 5078 35
5078 5079 59
5082 5081 88
5141 5142 88
5142 5143 58
5143 5144 63
34642 5169 88
5169 5168 11
5168 5167 39
5243 5244 88
5244 5245 67
5330 5329 88
5329 5328 75
5328 5327 80
35031 5867 88
5867 5866 34
5866 5865 41
5865 5864 56
8369 5912 88
5912 5913 7
5912 5911 68
5911 5910 72
5913 5914 84
5914 44868 67
44868 44867 3
44868 44869 10
44869 44870 10
44867 44866 13
44866 44865 75
44865 44864 28
44870 44871 75
5914 5915 88
5915 5916 62
5916 5917 77
5917 5918 59
5951 5952 88
6369 6368 88
6368 6367 87
6367 6366 81
6366 6365 16
6365 6364 9
6660 6659 88
6659 6658 25
6658 6657 64
6968 6969 88
6969 6970 1
6970 6971 85
6971 6972 5
7013 7012 88
7012 7011 57
7011 7010 32
7010 7009 53
7009 7008 1
7008 7007 19
7007 7006 57
7468 7469 88
7469 7470 17
7654 7655 88
7655 7656 53
7656 7657 26
7657 7658 59
7694 7695 88
7695 7696 28
7696 7697 39
7697 7698 20
7860 7861 88
7861 7862 20
7862 7863 24
7863 7864 61
7864 7865 9
7865 7866 28
7866 7867 78
7867 7868 44
7866 2694 84
2694 2693 1
2694 2695 25
2693 2692 34
2692 2691 36
2691 2690 42
8414 8413 88
8413 8412 53
8412 8411 62
8557 8556 88
8556 23559 16
8556 8555 25
23559 23558 26
8555 8554 37
18504 8915 88
8915 8916 16
8916 8917 22
8917 8918 47
8915 8914 54
8914 8913 39
8913 24771 4
8913 8912 20
8918 8919 68
8919 8920 38
8920 8921 39
24771 24772 81
8921 8922 88
8995 8994 88
8994 8993 68
8993 8992 74
8992 8991 7
8991 8990 38
8990 8989 2
8989 8988 70
9013 9012 88
9012 9011 24
9011 9010 70
9497 9496 88
9496 9495 54
9495 9494 83
9754 9753 88
9781 9782 88
9782 9783 49
9783 9784 18
9784 9785 64
9785 9786 44
9786 9787 66
9787 9788 12
9788 9789 64
9789 9790 23
9965 9964 88
9964 9963 1
9963 9962 8
10114 10113 88
10113 10112 77
10253 10254 88
10254 10255 82
10255 10256 49
10395 10396 88
10396 10397 45
10397 10398 72
10398 10399 56
10399 10400 12
10400 10401 30
10401 10402 60
10402 10403 15
10403 10404 45
10404 10405 19
10405 10406 44
10417 10416 88
10512 10511 88
10576 10575 88
10614 10615 88
10615 10616 41
10616 10617 47
10714 10715 88
10715 10716 5
10716 10717 46
10717 10718 16
10717 48511 63
48511 48510 10
48510 48509 62
48509 48508 33
48508 48507 81
48507 48506 56
48506 48505 57
48505 48504 40
48504 48503 81
48503 48502 25
10718 10719 85
10719 10720 80
10720 10721 22
10721 10722 84
10722 10723 83
10723 10724 4
10974 10973 88
10973 10972 71
10972 10971 88
30144 10997 88
10997 10998 49
10998 10999 66
12340 12339 88
12339 12338 26
12370 12371 88
12371 12372 31
12372 12373 86
12373 12374 10
12374 12375 9
12375 12376 66
12574 12575 88
12575 12576 20
12576 12577 58
12577 12578 24
12968 12967 88
13295 13294 88
13753 13752 88
13752 13751 43
13751 13750 9
13750 13749 28
13832 13831 88
17792 13882 88
13882 13883 2
14452 14451 88
14451 14450 10
14450 31615 7
31615 31614 71
31615 31616 72
31616 31617 62
14821 14822 88
15125 15126 88
15189 15188 88
15188 15187 84
15187 15186 35
15515 15516 88
15516 15517 60
15517 15518 25
15518 15519 5
15519 15520 45
15520 15521 79
15521 15522 34
15522 43531 40
43531 43532 50
43532 43533 49
43533 43534 62
15522 15523 67
15523 15524 15
43531 43530 76
43530 43529 49
43529 39337 2
43529 43528 3
39337 39338 35
39337 39336 39
39336 39335 24
39335 39334 21
39334 39333 50
39338 39339 59
43528 43527 81
43527 43526 37
43526 43525 35
43525 43524 14
43524 43523 39
43523 43522 38
39336 41047 84
41047 41046 38
41046 41045 68
41047 41048 69
41048 20027 12
20027 20026 78
20026 20025 40
20025 20024 79
41048 41049 85
41049 41050 37
16479 16478 88
8733 16553 88
16647 16648 88
16729 16730 88
16730 16731 19
16731 16732 38
16732 16733 50
16733 16734 75
16844 16845 88
16845 16846 87
16846 16847 44
16847 16848 8
16848 16849 23
16848 49393 51
49393 49394 51
49394 49395 28
49395 49396 75
49396 49397 39
49397 49398 10
49398 49399 23
49399 49400 39
49400 49401 6
16980 16979 88
16979 16978 7
16978 16977 39
16977 16976 50
16976 16975 86
16975 16974 48
16974 16973 53
16973 16972 37
16972 16971 4
16971 16970 85
16970 16969 43
16970 42359 47
42359 42358 19
16969 16968 50
16968 16967 9
42358 42357 79
42357 42356 53
42356 9288 19
42356 42355 39
9288 9287 50
42356 43020 76
43020 43021 34
9287 9286 82
9286 9285 14
42359 42360 82
42360 42361 24
43020 43019 84
43019 43018 1
43018 43017 72
43017 43016 18
43016 43015 38
43021 43022 86
17092 17093 88
17093 17094 55
17094 17095 31
17671 17670 88
17965 17966 88
17966 17967 30
28492 18040 88
18040 18039 21
18040 628 33
18040 18041 47
18041 18042 31
18042 18043 62
18043 18044 29
18044 18045 24
18039 18038 64
628 627 74
627 626 51
626 625 45
625 624 16
624 623 52
18038 18037 82
18072 18071 88
18206 18205 88
18205 18204 7
18204 18203 57
18203 18202 7
18202 18201 38
18201 18200 19
18200 18199 36
18199 18198 20
18202 225 41
225 224 15
224 223 42
225 226 83
226 227 14
227 228 19
228 229 11
229 230 11
223 222 84
222 221 12
221 18545 65
18545 18544 28
18545 18546 76
18546 18547 50
18547 18548 69
18548 18549 74
18547 36382 81
36382 36381 30
36381 36380 26
36382 36383 39
221 220 82
220 219 29
36383 36384 86
18316 18317 88
18317 37287 54
37287 37286 35
37286 37285 9
37285 37284 16
37287 37288 36
37284 37283 81
18605 18604 88
18604 18603 44
18603 18602 37
18602 18601 2
18601 18600 18
18600 18599 14
18599 18598 65
18600 46039 77
46039 46038 55
46038 46037 3
46039 29446 58
29446 29445 18
46037 46036 64
46036 46035 66
46035 46034 84
46034 46033 26
46033 46032 26
46032 28043 7
28043 28042 43
46032 46031 80
46031 46030 32
46030 1216 53
1216 45070 23
45070 45069 2
45070 45071 44
1216 1215 57
1215 1214 66
1214 1213 70
1213 1212 28
29446 29447 86
29447 29448 11
29448 21992 60
21992 21993 26
21992 21991 66
21993 21994 73
21994 21995 24
21995 21996 35
21996 21997 58
21997 21998 12
21998 21999 63
21999 22000 51
22000 22001 66
22001 22002 27
22002 22003 48
22003 22004 59
21991 39798 80
39798 39799 36
39799 39800 71
39800 39801 49
39801 39802 7
39802 39803 10
39803 39804 69
39804 39805 10
39805 39806 71
39806 39807 69
45069 45068 87
45068 45067 86
45067 45066 11
45066 45065 44
18962 18963 88
18963 18964 76
19106 19107 88
8267 19185 88
19185 19184 55
19185 19186 59
19186 19187 43
19187 19188 26
19344 19345 88
19345 19346 66
19346 19347 18
19347 19348 53
19348 19349 45
19349 19350 21
19350 19351 46
19351 19352 42
19352 19353 5
19353 19354 6
19459 19460 88
19460 19461 60
19461 19462 32
19462 19463 60
19463 19464 50
19464 19465 78
19465 19466 31
31431 19496 88
19496 19497 20
19497 19498 19
19496 34734 51
34734 34733 6
34734 34735 28
34734 22627 44
34735 34736 66
19496 19495 67
22627 22626 82
19646 19645 88
19645 19644 80
19644 19643 66
19643 19642 21
19642 19641 67
19641 19640 18
19640 19639 78
19639 19638 60
19638 19637 86
19682 19681 88
19681 19680 74
19680 19679 4
19919 19918 88
19918 19917 28
19917 19916 79
19916 19915 62
19915 19914 81
19914 19913 12
19913 19912 45
19912 19911 66
20360 20361 88
20580 20579 88
20579 20578 55
20578 20577 70
20577 20576 14
20576 20575 68
20575 20574 4
20574 20573 37
20573 20572 33
20572 20571 4
20571 20570 16
20570 20569 22
20610 20611 88
20611 20612 55
20612 20613 6
20613 20614 62
20614 20615 71
20615 20616 17
20616 20617 29
20617 20618 4
20618 20619 82
20654 20655 88
20729 20730 88
20730 20731 73
20884 20883 88
3464 20949 88
20949 20950 55
20950 20951 19
20951 20952 62
20952 20953 63
20953 20954 49
20954 20955 64
20955 20956 61
20956 20957 38
20957 20958 21
20958 20959 64
20959 20960 12
21006 21005 88
21174 21175 88
21175 21176 60
21176 21177 71
21177 21178 35
21178 21179 44
21278 21279 88
21279 21280 63
21280 21281 83
21281 21282 80
21282 45386 28
21282 21283 31
21283 21284 22
21284 21285 10
21285 21286 27
21286 21287 67
21287 21288 24
21390 21389 88
21389 21388 17
21388 21387 53
21387 21386 12
21386 21385 38
21385 21384 45
21384 21383 78
21383 21382 2
21382 21381 77
21436 21437 88
21437 21438 21
21438 21439 41
21438 10384 62
10384 10385 40
21439 21440 63
21440 21441 40
21441 21442 34
21442 21443 44
10384 45958 75
45958 45957 15
45957 45956 26
45956 45955 42
45955 45954 32
45954 45953 14
10385 10386 87
10386 10387 47
10387 10388 74
10388 30671 6
30671 30672 67
30672 30673 43
30673 30674 35
30674 30675 9
30673 22741 38
22741 22740 10
22740 22739 16
22739 22738 39
22741 22742 80
22742 22743 48
22743 22744 66
21728 21727 88
21727 21726 50
21726 21725 7
21725 21724 37
21724 21723 49
21723 21722 45
21722 21721 64
21721 21720 48
21720 21719 3
21719 21718 66
21718 21717 79
21983 21984 88
21984 39793 36
39793 39792 38
39793 39794 45
39792 39791 66
39794 39795 78
22010 22011 88
22011 22012 72
22012 22013 22
22013 22014 46
22014 22015 4
22015 22016 42
22185 22184 88
22184 22183 78
22183 22182 42
22182 22181 12
22181 22180 58
22374 22375 88
22375 22376 56
22376 22377 33
22377 22378 9
22453 22452 88
22530 22529 88
22627 22628 88
22628 22629 58
22629 22630 37
22630 22631 10
22705 22706 88
22706 41829 33
22706 22707 79
22707 22708 43
22708 22709 68
22709 22710 1
22710 22711 67
22711 22712 16
22712 22713 62
22713 22714 1
22714 22715 85
22777 22778 88
22778 22779 4
22806 22807 88
22807 22808 39
22808 22809 83
22809 22810 51
23131 23130 88
23130 23129 42
23129 30807 42
30807 1219 9
30807 30808 24
1219 1220 40
1220 1221 38
30808 30809 45
30809 30810 37
1219 1218 56
1218 9892 73
9892 9891 67
9891 9890 3
9890 19108 2
30810 30811 83
9892 9893 87
23150 23151 88
23151 23152 68
23152 23153 87
23381 23382 88
23382 23383 5
23382 19827 64
19827 19826 6
19826 19825 19
19825 19824 56
19824 19823 43
19823 19822 39
23383 23384 81
23472 23473 88
23473 23474 42
23474 23475 10
23475 23476 76
23476 12324 7
12324 12323 44
23476 23477 46
23477 23478 56
23478 23479 1
12324 12325 73
12325 12326 44
12326 12327 63
12327 12328 67
12328 12329 85
12329 12330 48
12330 12331 69
12331 12332 19
12332 12333 32
12333 12334 3
23479 23480 85
12334 12335 88
12335 12336 14
12336 12337 36
12337 10235 10
10235 10234 36
10234 10233 17
10235 13257 75
13257 13258 24
13258 13259 10
13259 13260 19
13260 13261 7
13261 13262 35
13262 13263 68
13263 13264 15
13264 13265 16
13265 13266 77
13266 13267 6
13267 13268 15
10233 10232 81
10232 10231 76
10231 10230 26
10230 10229 47
13268 13269 82
23620 23621 88
23621 23622 52
23622 23623 66
23623 23624 71
23624 23625 37
24019 24018 88
24018 24017 41
24017 24016 12
24016 24015 63
24015 24014 4
24014 24013 63
24013 24012 20
24012 24011 53
24011 24010 63
24014 44281 65
44281 44282 5
44281 44280 26
44282 44283 52
44283 44284 35
44284 16904 82
16904 16903 51
16903 16902 49
16902 16901 58
16901 16900 55
16904 16905 70
16903 45432 81
45432 45431 17
45432 45433 21
45433 45434 16
45434 45435 10
45435 45436 82
45436 45437 47
45436 31476 62
31476 31475 86
31475 31474 57
24010 24009 87
24009 24008 17
24256 24257 88
24307 24308 88
24308 24309 71
24309 28756 8
28756 28755 34
28755 28754 10
26753 25130 88
25130 25131 40
25178 25179 88
25278 25279 88
25279 25280 74
25280 25281 86
25281 25282 55
25282 25283 47
14753 25484 88
25484 25483 35
25483 25482 9
25482 25481 31
25481 25480 7
25480 25479 39
25484 25485 44
25479 25478 77
25478 25477 24
25477 25476 53
25476 25475 50
25618 25617 88
25617 25616 21
25616 25615 36
25615 25614 62
25614 25613 64
14755 26166 88
26166 26165 15
26166 40134 20
26165 26164 40
40134 40135 50
26166 26167 64
26167 26168 42
40134 40133 78
40133 40132 33
40132 40131 67
26800 26799 88
26799 26798 5
27347 27348 88
27348 27349 88
27349 27350 36
27350 27351 51
27351 27352 87
27389 27388 88
27511 27512 88
27512 27513 31
27513 27514 74
27514 27515 44
27707 27708 88
27713 27712 88
27712 27711 78
27953 27952 88
27952 27951 85
27951 27950 12
27950 27949 15
27949 27948 67
27948 27947 50
27947 27946 34
27946 27945 41
27945 32125 4
27945 27944 14
27944 27943 71
27943 27942 84
27942 27941 64
28092 28091 88
28091 28090 68
28090 28089 19
28211 28212 88
28212 28213 31
28256 28257 88
28257 28258 56
28258 28259 55
28325 28326 88
28326 28327 73
28327 28328 69
28328 28329 67
28329 28330 88
28571 28570 88
28570 28569 9
28569 28568 38
28568 28567 3
28885 28886 88
28886 28887 12
28887 28888 50
28888 28889 39
28889 8145 9
28889 28890 43
28890 28891 52
8145 8144 64
8144 8143 56
28891 28892 72
28892 28893 68
28893 28894 86
28894 10480 13
28894 28895 49
28895 28896 27
10480 10479 63
29110 29111 88
29114 29115 88
29115 29116 61
29116 29117 48
29117 29118 27
29118 29119 61
29119 29120 47
29120 29121 3
29121 29122 69
29122 9024 16
29122 29123 19
29123 29124 34
9024 26324 61
26324 26325 42
26325 26326 2
26324 26323 50
26323 47493 2
47493 47494 26
47494 47495 44
47495 47496 42
47496 47497 47
9024 9023 62
9023 9022 12
26326 26327 65
9023 46009 78
46009 46010 63
26327 26328 85
26328 26329 37
26329 26330 47
26330 26331 50
26331 26332 24
26332 26333 11
26333 26334 13
26334 26335 47
26335 26336 83
26323 26322 86
26322 26321 11
26322 654 42
654 655 40
26321 26320 47
26320 26319 37
26320 8881 57
8881 8882 24
654 653 58
653 652 49
8881 8880 65
8880 8879 61
655 656 73
656 657 46
657 658 21
658 659 80
659 660 51
660 661 69
8879 8878 83
8878 18539 7
8878 8877 9
18539 18538 11
8877 8876 32
18538 18537 36
18537 18536 40
18536 18535 59
18539 18540 88
29352 29353 88
29353 41393 22
41393 41392 8
41392 41391 28
41391 41390 30
29353 29354 37
29354 29355 31
29355 29356 83
29356 29357 10
29357 29358 77
29358 29359 77
29359 29360 21
29360 29361 60
29361 29362 82
29445 29444 88
29444 29443 25
29443 29442 24
29512 29511 88
29511 29510 37
29563 29564 88
29564 29565 39
29565 29566 75
29579 29580 88
29580 29581 37
29606 29607 88
29757 29756 88
29756 35397 44
35397 35396 23
35397 35398 23
35398 35399 81
35396 35395 85
29787 29786 88
29786 29785 4
29786 33542 17
33542 33541 50
29785 29784 60
29784 29783 61
33542 33543 66
33543 33544 46
33544 33545 57
33545 33546 42
29855 29856 88
29856 29857 19
29857 29858 73
29858 29859 43
29859 29860 63
29858 27913 84
27913 27912 51
27912 27911 25
27911 27910 3
27910 27909 55
27909 27908 71
27908 27907 72
27907 27906 72
27906 27905 36
27905 27904 16
29860 29861 84
30275 30274 88
30274 30273 35
30273 30272 15
30272 30271 76
30271 30270 34
30762 30763 88
30763 30764 52
30764 30765 54
30765 30766 9
30766 30767 74
30767 30768 29
27064 30796 88
30796 30795 33
30795 30794 27
30794 30793 43
30793 30792 46
30792 30791 25
30791 30790 3
30790 30789 55
30789 30788 6
30788 30787 63
30787 30786 57
30786 30785 25
30796 30797 68
30797 30798 56
30798 30799 41
30785 30784 77
30784 30783 74
30783 30782 42
30782 30781 61
30797 37197 78
37197 37196 79
30792 13272 81
13272 13273 4
13272 13271 12
13273 13274 48
13274 13275 17
13275 13276 84
13276 13277 80
30799 30800 84
30800 30801 82
30801 30802 36
30802 30803 30
30803 30804 51
30804 30805 22
30805 30806 80
13271 13270 86
31009 31010 88
31010 31011 60
31011 31012 12
31469 31470 88
31470 31471 23
31606 31605 88
31605 31604 85
31604 31603 64
31603 31602 85
31602 31601 21
32016 32015 88
32015 32014 46
32014 32013 78
32108 32109 88
32109 32110 79
32110 32111 76
32111 32112 80
32112 32113 35
32153 32154 88
32154 32155 19
32155 32156 49
32156 32157 6
32157 32158 6
32158 32159 39
32356 32357 88
32357 32358 69
32358 32359 41
32359 32360 13
32360 32361 21
32361 32362 74
9362 32454 88
32454 32453 69
32453 32452 10
32452 32451 88
32451 32450 8
32450 32449 72
32449 32448 74
32697 32696 88
32696 32695 51
32774 32775 88
32879 32880 88
32880 32881 7
32881 32882 81
32882 32883 10
33268 33269 88
33269 33270 68
33351 33350 88
33350 33349 6
33814 33813 88
33821 33822 88
34002 34003 88
34003 34004 74
34004 34005 50
34005 34006 41
34006 34007 55
34007 30881 32
30881 30880 35
30881 30882 50
34007 34008 64
34008 34009 67
34009 34010 63
30882 30883 76
30883 30884 61
30884 30885 30
30885 30886 65
30886 30887 32
30887 30888 38
30880 30879 79
30879 30878 62
30878 30877 58
30877 30876 56
34106 34107 88
35152 35151 88
35151 35150 54
35150 35149 62
35149 35148 27
36110 35380 88
35380 35381 5
35380 35379 27
35381 35382 41
35382 35383 47
35383 35384 37
35384 35385 55
35385 35386 43
35386 35387 4
35387 35388 1
35379 35378 72
35378 35377 58
35388 35389 74
35389 35390 17
35390 35391 67
35391 35392 72
35392 35393 37
35393 35394 75
35377 35376 86
35422 35421 88
35826 35825 88
35825 35824 45
35824 35823 82
35823 35822 80
35822 35821 51
36081 36082 88
36082 11041 9
36082 36083 12
36083 36084 54
36084 36085 9
11041 11040 84
11040 11039 79
11039 22298 76
22298 22299 17
22298 22297 18
22297 22296 51
22299 22300 69
22300 22301 65
22301 22302 24
22302 22303 70
22303 22304 12
22304 22305 54
11039 43044 86
43044 43045 15
43045 43046 56
43046 43047 57
43047 43048 1
43048 43049 6
36085 36086 87
36086 36087 3
36087 1292 39
1292 1291 6
1291 41316 13
41316 41315 59
41316 41317 61
41317 41318 40
41318 41319 45
1291 1290 76
1290 1289 61
1289 1288 7
1288 1287 26
1287 1286 78
41315 41314 80
41314 41313 24
41313 41312 42
41312 41311 51
41311 41310 17
41310 41309 77
41309 41308 74
41319 41320 86
41320 41321 77
41321 41322 35
41322 39972 74
39972 39971 70
39971 39970 34
39970 37344 76
37344 37345 13
37345 37346 36
37346 37347 34
37347 37348 72
37348 37349 46
36274 36273 88
36273 36272 51
36272 36271 47
36271 30061 86
30061 30062 31
30062 30063 8
30061 30060 63
30060 30059 39
30059 30058 81
36340 36341 88
36341 36342 65
36342 36343 9
36343 36344 77
36344 36345 1
36841 36840 88
13464 36893 88
36893 36894 38
36894 36895 15
36893 36892 61
36892 36891 71
36968 36969 88
36969 36970 47
36970 36971 59
36971 36972 46
36972 40521 33
40521 40522 11
40522 40523 10
40523 40524 26
40524 40525 48
40525 40526 13
40526 40527 50
40527 40528 61
36972 36973 64
36973 36974 42
36974 36975 65
40521 40520 70
40526 33857 78
33857 33858 30
33858 33859 24
33859 33860 8
33857 33856 65
33856 33855 6
33855 33854 53
40528 40529 82
40529 40530 42
40530 40531 19
40531 40532 3
40532 40533 7
40533 32406 38
32406 32407 12
32407 32408 81
36975 36976 85
36976 36977 74
36977 3754 46
3754 3753 6
36977 36978 47
36978 36979 19
3753 3752 73
3752 3751 30
3751 3750 31
3750 3749 54
3749 3748 50
3748 3747 78
3747 3746 63
32408 32409 86
40520 40519 86
37078 37079 88
37079 37080 46
37080 37081 67
37081 37082 49
37082 31702 15
31702 31703 7
37082 37083 24
31702 31701 26
37083 37084 29
31703 31704 67
31704 31705 31
37084 37085 69
37085 37086 40
37086 37087 32
37262 37263 88
37263 17018 61
17018 17017 19
17017 17016 34
17016 17015 16
17015 17014 53
17014 17013 19
17013 17012 49
17012 17011 55
17018 17019 82
17019 17020 80
17020 17021 51
17021 17022 88
17022 17023 21
17023 17024 36
17024 17025 82
17025 17026 63
17026 17027 31
17027 17028 62
17028 17029 20
17029 17030 37
17030 17031 59
17031 17032 44
37349 37350 88
37350 37351 67
37351 37352 13
37351 33521 27
33521 33522 29
37352 37353 35
33522 33523 76
33523 33524 61
33524 33525 53
37650 37651 88
37651 37652 81
37652 37653 24
38034 38035 88
38035 8583 74
42870 38185 88
38185 38186 8
38185 38184 25
38186 38187 44
38187 38188 33
38188 38189 3
38189 38190 16
38184 38183 52
38183 38182 2
38184 9569 56
38190 38191 63
38191 38192 38
9569 9568 74
9568 9567 3
9567 9566 6
9566 9565 48
9565 9564 16
9564 3806 18
3806 3805 66
3805 3804 46
3804 3803 19
3806 3807 75
3807 3808 38
3808 3809 13
9564 9563 75
9563 9562 54
9562 9561 27
9569 9570 78
9570 9571 76
38467 38468 88
38468 38469 84
38469 38470 62
38676 38677 88
38677 38678 46
38748 38749 88
38749 38750 47
38750 38751 86
38751 38752 75
38752 38753 70
38753 38754 64
38754 38755 46
38755 38756 53
38756 38757 45
38757 38758 29
38758 49902 6
49902 49903 34
49903 49904 34
49902 31665 65
31665 31666 26
31666 31667 19
31665 31664 67
49904 49905 75
49905 49906 56
49906 49907 42
49907 49908 8
49906 31766 47
31766 31767 34
49908 49909 58
31767 31768 66
31768 31769 19
31769 31770 66
38758 38759 78
38759 38760 60
49902 49901 79
49901 49900 11
49900 49899 10
49899 49898 60
49898 49897 51
49897 49896 29
49896 49895 69
49895 49894 12
49906 34439 81
34439 34440 10
34439 34438 84
34438 34437 64
34437 34436 76
34436 34435 30
31664 31663 86
31663 31662 7
31662 31661 74
31661 31660 84
31660 31659 52
31659 31658 3
31658 31657 72
31657 31656 36
31656 31655 72
31770 31771 86
31771 31772 85
31772 31773 58
31773 31774 59
38813 38814 88
38814 38815 4
38814 8834 25
8834 8835 22
38815 38816 69
38816 38817 57
38817 38818 74
38853 38852 88
38972 38971 88
38971 38970 37
38970 38969 8
38969 38968 57
38968 38967 67
38967 38966 36
38966 38965 75
38965 38964 9
38964 38963 66
38963 38962 5
39071 39072 88
39072 39073 58
39073 39074 26
39074 39075 7
39075 39076 57
39076 6351 1
39076 39077 26
39077 39078 2
6351 6352 47
6352 6353 41
6353 6354 52
6354 6355 64
6355 19404 20
6355 6356 49
19404 19405 52
6351 6350 77
19404 19403 79
19403 19402 64
19402 19401 60
19401 19400 35
19400 19399 39
19399 39478 43
39478 39479 16
39478 39477 18
39479 39480 21
19399 19398 53
19398 19397 12
39477 39476 72
39476 39475 41
6356 6357 87
6357 6358 74
19397 19396 87
19396 19395 85
19395 19394 55
19394 19393 52
19393 19392 48
19392 19391 57
39333 39332 88
39332 39331 65
39331 39330 14
39330 39329 54
39329 39328 68
39328 39327 38
39327 39326 52
39326 39325 58
39438 39439 88
39599 39600 88
39600 39601 14
39640 39639 88
39639 37538 22
37538 37537 3
37538 37539 71
37539 37540 66
37540 37541 28
37541 37542 10
39691 39690 88
39690 39689 16
40222 40221 88
40221 40220 85
40629 40630 88
40630 40631 51
40631 40632 83
41112 41113 88
41113 41114 27
41265 41266 88
41266 41267 80
41267 41268 69
41332 41333 88
41333 41334 47
41334 41335 43
41335 41336 67
41442 41441 88
41441 41440 57
41502 41503 88
41642 41643 88
41869 41868 88
41868 15202 20
15202 15203 6
41868 41867 24
15203 15204 58
15204 15205 9
41867 41866 80
15205 15206 86
15206 15207 63
15207 15208 30
15208 15209 69
15209 15210 77
15206 1504 78
1504 1503 76
1503 1502 20
1502 1501 5
1504 1505 86
42309 42308 88
42308 42307 83
42307 42306 10
42306 42305 85
42355 42354 88
42354 42353 60
42353 42352 40
42352 42351 16
7884 42413 88
42413 42414 42
42413 42412 83
42730 42731 88
42731 42732 69
42732 42733 23
42921 42920 88
42920 42919 82
42919 42918 25
42918 42917 27
42984 42985 88
42985 42986 43
42986 42987 54
42987 32627 10
32627 32628 8
32627 32626 52
32626 32625 11
32625 32624 86
32624 32623 31
32623 32622 84
32622 32621 25
32621 7309 51
7309 7308 35
7308 7307 18
7307 7306 51
7306 7305 36
7305 7304 51
7304 7303 12
7303 7302 5
7302 7301 37
7301 7300 10
7300 7299 4
7299 7298 61
7303 24502 69
24502 24503 23
24503 24504 68
24502 24501 81
24501 24500 42
24500 24499 59
7309 7310 85
7310 7311 44
7311 7312 60
7312 7313 43
7313 7314 17
7314 7315 69
7315 7316 53
7316 35638 63
7316 7317 81
7298 7297 87
7297 7296 30
43840 43839 88
43839 43838 19
43838 43837 15
43837 43836 85
43836 43835 4
43835 43834 13
43834 43833 62
43833 43832 40
43832 5789 32
5789 5790 26
5790 5791 81
5791 5792 10
5792 5793 25
43832 43831 85
43831 43830 31
43830 43829 60
43829 43828 29
43828 43827 7
43827 43826 3
43826 43825 24
43825 43824 86
43824 43823 58
43823 43822 44
43881 43880 88
44008 44009 88
44009 44010 34
44027 44028 88
44028 44029 41
44029 44030 41
44097 44098 88
44181 44182 88
44182 44183 86
44183 45975 26
45975 45974 18
45974 10810 8
10810 10811 69
10811 10812 23
10812 9360 16
9360 9359 14
10812 10813 17
10813 10814 4
10814 10815 33
9359 9358 77
10810 10809 85
10809 10808 3
45975 45976 87
45976 45977 75
45977 45978 52
45978 45979 56
45979 25944 29
45979 45980 68
45980 45981 44
45981 45982 45
44319 44318 88
44871 44872 88
44872 44873 78
44911 44910 88
44910 44909 50
44909 44908 24
44908 44907 9
44907 44906 21
45330 45329 88
45625 45626 88
45626 45627 29
45627 45628 24
45628 45629 85
45629 45630 22
45630 45631 56
24336 45701 88
45701 45700 52
45700 45699 1
45699 45698 79
45698 45697 20
45697 45696 42
45755 45754 88
45754 45753 84
45753 45752 17
45752 45751 47
45751 45750 48
45750 45749 48
45749 45748 34
45748 45747 81
46014 46015 88
46015 46016 75
46016 2149 7
2149 2150 26
46016 46017 64
46017 46018 48
2150 2151 69
46234 46235 88
46235 46236 47
46236 46237 80
46237 46238 73
46238 46239 11
46239 46240 21
46240 46241 43
46241 46242 80
46307 46306 88
46306 46305 37
46305 46304 6
46304 46303 83
46351 46352 88
46352 46353 44
46353 46354 85
46354 46355 6
46355 46356 32
46356 46357 10
46357 46358 78
46424 46425 88
46425 46426 45
46426 46427 59
46427 46428 20
48211 46523 88
46523 46522 26
46522 46521 64
46521 46520 24
46523 46524 67
46520 46519 77
46519 46518 35
46518 46517 40
46757 46758 88
46758 46759 86
46856 46857 88
46857 46858 34
46858 46859 55
46893 46894 88
46894 46895 51
46895 46896 60
46896 46897 52
46897 46898 64
46898 46899 47
46899 46900 40
46900 46901 27
46901 46902 62
46902 46903 40
46903 46904 24
47039 47038 88
47038 47037 4
47037 47036 75
47049 47048 88
47048 47047 61
47047 47046 71
47046 47045 32
47045 11716 36
11716 11715 3
11716 11717 85
11717 11718 50
11718 11719 60
11719 11720 35
11720 11721 25
11721 11722 1
47045 47044 85
47044 47043 55
47161 47160 88
47160 47159 46
47159 47158 54
47158 47157 10
47157 47156 48
47156 47155 53
47155 47154 14
47154 47153 29
47153 47152 25
47462 47463 88
47463 47464 74
47464 47465 81
47465 47466 3
47466 47467 58
47467 47468 86
47468 47469 35
30290 47559 88
47559 47558 46
47559 47560 46
47560 47561 7
47561 47562 38
47562 47563 10
47563 47564 36
47564 47565 13
47559 42117 65
42117 42116 14
42116 42115 5
47565 47566 83
47659 47658 88
47696 47697 88
47697 47698 78
47698 47699 5
47699 47700 35
47700 47701 32
47701 47702 31
47702 47703 23
47760 47761 88
47761 47762 40
47762 47763 51
47763 47764 71
47764 47765 21
47765 47766 87
47766 47767 3
47855 47854 88
47854 47853 85
47853 47852 8
47852 47851 45
47948 47947 88
47947 47946 9
47946 47945 18
47945 47944 78
47974 47973 88
47973 47972 45
47972 47971 54
47971 47970 23
47970 47969 42
47969 47968 58
48066 48065 88
48065 48064 33
48064 48063 11
48063 48062 58
48062 48061 37
48252 48251 88
48251 48250 77
48250 48249 61
48288 48287 88
48546 48547 88
48547 48548 8
48548 48549 51
49298 49299 88
49299 49300 64
49300 49301 52
49301 49302 51
49302 49303 2
49303 49304 56
49304 49305 54
49667 49666 88
49666 41731 7
49666 49665 73
49665 49664 57
49664 49663 30
41731 41730 83
41730 41729 30
41729 41728 13
49826 49825 88
162 163 89
189 190 89
740 739 89
739 738 87
738 737 72
737 736 86
944 943 89
943 942 44
942 941 9
1077 1078 89
1078 1079 26
1079 1080 22
1080 1081 16
1081 1082 86
1320 1319 89
1434 1435 89
1480 1479 89
1479 1478 82
1478 1477 12
1477 1476 64
1476 1475 50
1475 1474 17
1474 1473 89
1473 1472 20
1472 1471 11
1471 1470 67
1470 1469 82
1619 1618 89
1618 1617 5
1617 1616 51
2087 2088 89
2088 2089 54
2089 2090 65
2090 2091 17
2091 2092 8
2092 2093 45
2093 2094 49
2094 2095 58
2095 2096 36
2096 2097 61
2097 2098 71
2098 2099 35
2099 2100 7
2100 2101 37
2101 2102 42
2102 2103 31
2103 2104 27
2104 2105 83
2105 2106 83
2106 2107 28
2107 2108 73
2280 2279 89
2279 2278 83
2471 2470 89
2641 2642 89
2642 2643 41
2643 2644 67
2644 2645 4
2645 2646 22
2646 2647 28
2666 2665 89
2665 2664 53
2664 2663 19
2663 2662 62
2663 13032 67
13032 13031 35
13032 13033 39
13032 3836 40
3836 3837 21
3837 3838 7
3836 3835 88
3835 3834 19
3834 3833 57
3833 3832 8
3833 47543 83
47543 47542 56
47542 47541 27
47543 47544 85
47544 47545 66
47545 47546 14
47546 47547 53
47547 47548 86
47548 47549 38
47549 47550 68
47550 47551 52
3832 3831 88
2738 2737 89
2737 16958 26
16958 16959 35
16959 16960 72
16960 16961 58
16961 16962 30
16962 16963 6
16963 16964 34
2834 2835 89
2835 2836 86
2836 2837 18
2837 2838 81
2838 2839 59
2839 2840 29
2840 2841 6
2841 2842 38
2842 2843 13
2894 2895 89
2895 2896 75
2896 2897 72
2897 2898 36
2898 2899 54
2899 2900 43
2900 2901 63
2962 2961 89
2961 2960 17
3288 3289 89
3289 3290 55
3290 3291 79
3291 3292 5
3292 3293 4
3293 3294 17
3294 3295 61
3295 3296 57
3296 3297 14
3296 18725 59
18725 18726 8
18725 18724 32
18724 18723 28
18723 18722 44
18726 36368 46
18722 18721 52
36368 36367 64
18721 18720 72
18726 18727 76
18727 18728 43
18728 18729 16
18729 18730 7
18730 18731 15
3297 3298 83
3310 3311 89
3311 3312 63
3314 3313 89
3520 3521 89
3521 3522 16
3522 3523 15
3523 3524 38
3695 3694 89
3694 3693 47
3693 3692 9
3692 3691 1
3691 3690 17
3690 3689 82
3689 3688 78
3809 3810 89
3810 3811 49
3811 3812 42
47045 3856 89
3856 3857 40
3857 3858 29
3858 3859 59
10657 3891 89
3891 3890 40
3891 3892 45
3892 3893 36
3893 3894 47
3894 3895 81
3895 3896 4
3896 3897 76
3897 3898 14
3898 3899 56
3899 3900 79
3900 3901 64
3901 3902 12
3902 3903 34
3903 3904 74
3904 3905 51
3905 3906 70
3906 3907 55
3931 3930 89
3930 3929 18
4098 4097 89
36084 4429 89
4429 4428 42
4428 4427 61
4427 4426 40
4426 4425 86
4425 4424 11
4424 4423 32
4423 4422 24
4429 4430 88
4430 4431 31
4431 4432 70
4432 4433 76
4433 4434 73
35102 4685 89
4685 4686 66
4686 4687 63
4687 4688 34
4688 23781 42
23781 23780 33
23781 23782 35
23782 23783 32
4688 4689 50
4689 4690 76
4690 4691 75
4691 4692 21
4692 4693 28
4693 4694 85
4694 4695 3
4695 4696 23
4869 4868 89
4868 4867 45
4867 4866 85
4866 4865 3
4871 4872 89
4872 4873 11
4963 4964 89
4964 4965 73
4965 4966 16
4966 4967 66
4967 4968 30
4968 4969 35
9476 5067 89
5067 5068 24
5067 5066 30
5066 5065 30
5065 5064 84
5064 5063 75
5063 5062 38
5062 5061 31
5255 5256 89
5392 5391 89
5424 5425 89
5425 5426 46
5513 5514 89
5514 5515 24
5902 5903 89
5903 5904 88
5904 5905 12
6342 6343 89
30749 6468 89
6468 6467 46
6472 6471 89
6471 6470 13
6470 6469 17
6790 6791 89
6791 6792 52
6792 6793 15
6793 6794 62
6794 6795 69
6795 6796 12
6796 6797 51
6797 6798 63
6798 6799 60
6799 6800 42
6800 32331 2
32331 32330 7
32331 11921 40
11921 11920 21
11920 11919 27
32330 32329 43
11921 11922 49
32329 32328 49
11922 11923 53
11919 11918 57
11918 11917 57
11917 11916 59
11923 11924 62
11924 12729 18
12729 12730 8
11919 8795 77
8795 8794 54
11916 11915 79
11915 11914 18
12730 12731 85
12731 12732 21
12732 12733 83
12733 43103 5
12733 12734 14
12734 12735 6
12735 12736 10
43103 38767 56
38767 38768 47
43103 43104 64
43104 43105 41
38768 38769 66
38769 38770 38
38770 38771 62
38771 38772 72
38772 38773 24
38773 38774 7
38774 38775 3
38773 48992 28
48992 48991 21
48991 48990 44
48990 48989 35
48989 48988 17
48988 48987 27
48987 48986 39
48992 48993 48
48993 48994 62
48994 48995 26
48995 48996 6
43103 43102 73
43102 43101 41
48996 48997 75
48997 48998 56
38767 38766 85
38766 6073 2
38766 38765 13
38765 38764 18
6073 6074 20
6073 6072 53
6072 6071 23
11914 11913 88
11913 11912 33
11912 11911 75
11911 11910 46
11910 11909 19
11909 11908 46
11908 11907 28
11907 11906 79
11906 11905 58
11905 11904 12
11904 11903 8
11903 11902 43
11902 11901 38
11901 11900 22
11900 11899 44
11899 11898 29
11898 11897 81
7048 7047 89
7174 7173 89
7173 7172 29
7172 7171 36
7171 7170 73
7170 12560 87
12560 12561 12
12561 12562 9
12562 12563 69
12563 12564 22
12564 12565 23
12560 12559 70
12559 12558 19
12558 12557 53
12565 12566 81
12566 12567 87
12567 12568 69
12568 12569 83
12569 12570 59
12570 12571 21
12571 12572 62
7407 7408 89
7408 7409 74
7409 7410 75
7410 7411 11
7411 7412 16
7412 7413 13
7413 7414 72
7414 7415 73
7415 7416 64
7416 7417 47
7417 7418 56
7418 7419 67
7419 7420 17
7830 7831 89
7831 7832 22
7932 7931 89
8013 8014 89
8014 8015 26
8015 8016 2
8016 8017 8
8017 8018 10
8163 8164 89
8176 8175 89
8351 8350 89
8350 27471 34
27471 27470 13
8350 8349 45
8349 8348 38
8348 8347 2
8347 8346 63
27471 27472 86
27472 27473 70
27473 27474 75
27474 27475 20
27475 27476 73
27476 27477 73
27477 27478 46
27478 27479 17
27479 27480 56
8453 8452 89
8452 8451 87
8451 8450 64
8456 8457 89
8457 8458 67
8743 8742 89
8806 8805 89
8805 8804 52
8804 8803 44
8834 8833 89
8912 8911 89
8911 8910 27
9292 9291 89
9291 9290 55
9290 9289 30
9333 9334 89
9358 9357 89
9357 9356 67
9356 9355 59
9472 9473 89
10248 10249 89
10249 39442 33
39442 5086 13
5086 13370 39
13370 13369 15
39442 39441 50
39441 39440 48
10249 10250 54
13369 13368 65
13368 13367 7
13370 13371 75
13371 13372 64
13372 13373 43
13373 13374 59
13374 13375 74
13375 13376 74
13376 13377 15
13377 13378 40
13367 13366 76
13366 13365 60
13365 8635 39
8635 8634 3
8634 8633 36
8635 8636 80
8636 34634 8
34634 34633 24
34633 34632 2
8636 47512 58
47512 47513 52
5086 5087 81
5087 5088 46
5088 5089 43
5089 5090 45
5090 5091 36
5091 5092 73
5092 5093 9
8633 8632 82
47513 47514 82
39442 39443 85
5086 5085 88
13365 13364 88
34632 34631 88
34631 34630 85
34630 34629 77
34629 34628 25
34628 34627 44
34627 34626 3
10311 10310 89
10310 10309 78
10309 10308 24
10365 10364 89
10390 10389 89
10817 10816 89
11084 11083 89
11083 11082 46
11082 11081 64
11081 11080 39
11080 11079 83
11079 11078 42
11078 11077 50
8380 11103 89
11103 11102 57
11102 11101 42
11103 11104 65
11104 11105 55
11105 11106 82
11106 11107 88
11107 11108 76
11108 11109 74
11109 11110 24
11125 11126 89
11126 11127 49
11127 11128 48
11128 11129 16
11168 11169 89
11169 11170 71
11170 11171 47
11171 11172 69
11172 11173 3
11173 11174 82
11174 11175 54
11175 11176 80
11176 11177 50
11177 11178 72
11178 11179 77
11179 11180 69
11185 11186 89
11186 11187 51
20340 11192 89
11192 11191 30
11192 11193 55
11193 11194 3
11191 11190 81
11190 11189 76
11189 11188 7
11310 11309 89
11309 11308 73
11462 11463 89
11463 11464 49
11464 11465 35
11465 11466 26
11466 11467 1
11467 11468 9
11468 11469 55
11469 11470 39
11470 11471 11
11471 11472 25
11643 11642 89
11642 11641 38
11641 11640 81
11778 11777 89
11777 11776 60
11776 11775 16
12321 12322 89
12467 12468 89
12468 12469 51
12469 12470 33
12748 12747 89
12791 12792 89
12792 12793 70
13144 13143 89
13378 13379 89
13379 13380 58
13380 13381 23
13381 13382 10
13382 13383 57
13383 13384 36
13384 13385 13
13548 13547 89
13583 13582 89
13582 13581 50
13747 13748 89
13905 13904 89
13904 13903 81
13903 13902 80
13902 13901 71
13901 13900 30
13900 13899 83
13899 13898 4
13898 13897 49
13897 13896 59
13928 13927 89
13927 13926 50
13951 13950 89
13950 13949 30
13949 13948 37
13948 13947 61
14545 14544 89
14544 14543 10
14543 14542 21
14542 14541 37
14541 14540 32
14705 14704 89
14704 14703 26
14703 14702 69
14702 14701 8
14701 14700 36
15101 15100 89
15100 15099 70
15269 15268 89
15268 15267 82
15267 15266 55
15266 15265 79
15265 15264 37
15264 15263 41
15263 15262 3
15262 15261 24
15261 15260 63
15261 26920 68
26920 26921 47
26921 26922 12
26922 26923 2
26920 26919 76
26919 26918 86
26918 26917 54
26917 26916 83
26916 26915 7
26915 26914 76
15649 15650 89
15650 15651 13
15876 15875 89
15875 15874 5
15894 15893 89
15893 15892 63
15892 15891 10
15891 15890 42
15953 15952 89
15964 15965 89
15965 15966 56
15966 15967 12
15967 15968 40
15968 15969 42
15969 15970 75
16028 16029 89
16029 16030 70
16030 16031 51
16031 16032 41
16613 16614 89
16614 16615 78
16653 16654 89
16654 16655 56
40136 16954 89
16954 16953 65
16953 16952 23
16952 16951 57
16951 16950 1
16950 16949 82
16949 16948 55
16948 16947 54
16947 16946 65
16946 16945 47
16945 16944 8
16944 16943 47
16943 16942 58
16958 16957 89
16957 16956 48
16956 16955 25
16964 16965 89
16965 16966 9
17011 17010 89
17233 17234 89
17234 17235 57
17235 17236 28
17236 17237 79
17237 17238 75
17238 17239 84
17239 17240 2
17240 17241 16
17241 17242 81
17273 17274 89
17386 17387 89
17387 17388 4
17388 17389 2
17389 17390 28
17390 17391 23
17391 17392 16
17392 17393 16
17393 17394 2
17394 17395 60
17395 17396 31
17727 17726 89
17726 17725 3
17725 17724 58
17924 17923 89
17923 17922 20
17922 17921 32
17921 17920 26
17920 17919 21
17919 17918 27
17918 17917 18
17917 17916 47
17916 17915 74
17915 17914 1
42541 18119 89
18119 18118 22
18119 18120 63
18120 18121 57
18118 18117 74
18117 18116 66
18116 18115 54
18121 18122 82
18122 18123 70
18123 18124 29
18124 18125 20
18125 18126 5
18126 18127 11
18127 18128 55
18115 18114 87
18114 18113 56
18113 18112 33
18112 18111 75
18111 18110 42
18110 18109 73
18109 18108 30
19161 19162 89
19162 19163 15
19163 19164 18
19164 19165 55
19276 19275 89
19275 19274 30
19274 19273 65
19273 19272 58
19439 19438 89
19438 19437 21
19437 19436 48
19436 19435 31
19435 19434 81
19434 19433 48
19433 19432 21
19432 19431 55
19431 19430 31
19430 19429 69
21507 19999 89
19999 19998 22
19999 20000 50
20000 20001 25
20001 20002 42
20002 20003 67
20003 20004 67
19998 19997 75
19997 19996 26
19996 19995 23
19995 19994 7
19994 19993 19
19993 19992 34
19992 19991 79
19991 19990 74
19990 19989 43
19989 19988 61
19988 19987 77
19987 19986 77
19986 19985 58
19985 19984 72
19984 19983 57
19983 19982 75
19982 19981 64
20265 20266 89
20349 20348 89
20484 20483 89
20483 20482 22
20482 20481 56
20706 20705 89
20705 20704 31
20705 4520 52
20704 20703 76
20703 20702 81
20702 20701 5
20701 20700 86
20700 20699 17
20699 20698 16
20698 20697 46
20697 20696 28
20739 20738 89
20738 20737 42
20853 20854 89
21022 21021 89
21080 21081 89
21081 21082 75
21450 21449 89
21449 21448 26
21526 21525 89
21525 21524 42
21524 21523 41
21555 21556 89
21556 21557 4
21557 21558 78
21558 21559 78
21559 21560 78
21867 21866 89
21866 4568 84
4568 4569 66
4569 4570 54
4570 4571 39
4571 4572 18
4572 4573 18
4573 4574 20
4574 4575 15
4568 4567 81
4567 4566 61
4566 4565 86
22160 22161 89
22161 22162 39
22162 22163 29
22163 22164 6
22164 22165 50
22165 22166 75
22166 22167 13
22167 22168 37
22168 22169 44
22169 22170 64
22170 22171 40
22171 22172 46
22172 22173 10
22186 22187 89
22187 22188 78
22188 22189 8
22391 22392 89
22392 22393 67
22393 22394 29
22394 22395 39
22585 22586 89
22586 22587 21
22964 22963 89
22963 22962 73
22962 22961 40
22961 22960 82
22960 22959 58
22959 22958 2
22958 22957 76
23015 23014 89
23250 23251 89
23389 23388 89
23388 23387 49
23387 23386 46
23386 23385 37
23792 23793 89
23793 23794 62
24064 24063 89
24074 24075 89
24075 24076 5
24188 24189 89
24189 24190 60
24190 24191 56
24191 24192 8
24393 24394 89
24394 24395 87
24395 24396 84
24396 24397 12
24725 24726 89
24726 24727 7
24727 24728 86
24728 24729 72
24729 24730 74
24730 24731 43
24904 24903 89
24903 24902 77
24902 24901 3
24901 24900 39
24900 24899 11
24905 24906 89
24906 24907 61
24907 24908 33
24908 24909 50
25027 25028 89
25211 25212 89
25212 25213 24
25213 25214 52
25398 25399 89
25399 25400 42
25400 25401 26
25401 25402 46
25402 25403 23
25403 25404 65
25404 25405 2
25405 25406 84
25406 25407 15
25407 25408 75
25408 25409 66
25409 25410 5
25410 25411 53
25411 25412 79
25412 25413 83
25457 25458 89
25458 25459 64
25459 25460 39
25803 25802 89
25802 25801 6
25865 25864 89
25864 25863 19
25863 25862 41
25862 25861 33
25864 41527 46
41527 41526 3
41526 41525 19
41525 41524 21
41527 41528 33
41528 41529 56
41529 41530 10
41524 41523 85
26272 26271 89
26271 26270 35
26319 26318 89
26318 26317 64
26317 26316 87
26408 26409 89
26409 26410 21
26410 26411 47
26428 26429 89
26429 15411 12
15411 15410 23
15410 15409 40
15409 15408 25
15408 15407 18
15407 15406 33
15411 15412 71
15412 15413 78
15406 15405 82
15405 15404 18
15404 15403 31
15403 15402 6
15413 15414 89
15414 15415 45
10299 26509 89
26509 26508 4
26509 26510 45
26508 32576 74
32576 32575 43
26510 26511 81
26511 26512 58
26512 26513 89
26513 26514 13
26514 26515 75
26515 26516 75
26854 26855 89
26868 26867 89
26867 26866 51
15084 27579 89
27579 24911 5
24911 24910 8
24911 24912 33
27579 27578 71
27578 27577 28
27579 49317 72
27579 27580 76
49317 49318 82
49318 49319 85
49319 49320 77
49320 49321 28
49320 21693 38
21693 21694 48
21693 21692 70
21692 21691 75
21691 21690 76
49321 49322 79
21690 21689 88
21689 21688 8
21688 21687 88
21687 21686 10
21686 21685 25
21685 21684 50
21684 21683 67
21683 21682 62
21682 21681 85
21681 21680 28
21680 21679 3
21679 21678 28
21678 21677 10
27790 27791 89
27791 27792 53
27792 27793 74
27793 27794 73
27794 27795 36
27795 27796 44
27979 27978 89
27978 27977 12
27977 27976 47
27976 27975 6
27975 27974 64
27974 27973 59
27973 27972 49
28003 28004 89
28004 28005 35
28128 28127 89
28127 28126 24
28126 28125 24
28125 28124 48
28124 28123 52
28123 28122 10
28122 28121 72
28183 28184 89
28184 28185 34
28185 28186 70
28186 28187 21
28187 28188 51
28188 28189 14
28189 28190 69
28190 28191 19
28191 28192 41
28192 28193 47
28193 28194 11
28194 28195 75
28466 28465 89
28495 28494 89
28494 28493 41
10200 29248 89
29248 29249 19
29248 29247 56
29247 29246 79
29246 29245 89
29245 29244 52
29244 29243 53
29243 29242 8
29242 29241 9
29242 10789 29
10789 10788 13
10788 10787 58
10789 10790 64
29241 29240 65
10787 10786 75
10786 10785 40
10785 10784 76
10784 10783 48
29313 29314 89
29314 29315 83
29315 29316 4
29375 29376 89
29394 29393 89
29393 29392 54
29392 29391 64
29391 29390 4
29390 29389 86
29389 29388 5
29388 29387 28
29387 29386 45
29427 29428 89
29428 29429 76
29429 29430 86
29430 29431 24
29431 29432 52
29432 29433 74
29433 29434 19
29434 29435 53
29435 29436 1
29685 29686 89
29686 29687 60
29687 29688 15
29686 24927 73
24927 24928 1
24928 24929 15
24929 24930 80
24930 31228 29
24930 24931 33
31228 31229 59
31229 31230 31
31229 25391 57
25391 25390 60
25390 25389 32
25389 25388 4
31230 31231 80
25391 25392 84
25392 25393 39
31228 31227 84
31227 31226 71
24931 24932 87
24932 24933 25
24933 24934 51
24934 24935 68
24935 24936 22
30075 30076 89
30076 30077 86
30077 30078 57
30078 30079 43
30079 30080 66
30080 30081 37
30081 30082 9
30082 30083 30
30083 30084 26
30452 30453 89
30453 30454 30
30454 30455 54
30511 30510 89
30510 30509 39
30509 30508 80
30508 30507 48
30507 30506 21
30506 30505 38
30505 30504 26
30504 30503 27
30503 30502 36
30502 30501 67
30501 30500 55
30500 30499 12
30499 30498 14
30498 30497 40
30497 30496 35
30554 30555 89
30555 30556 41
30556 30557 80
30557 30558 17
30558 30559 85
30597 30596 89
30596 30595 69
30595 30594 44
30594 30593 83
30593 30592 55
30592 30591 68
30591 30590 22
30591 24415 26
24415 24414 26
30590 30589 27
30589 30588 83
30588 30587 61
30587 30586 44
30586 30585 28
30585 30584 84
30584 30583 41
30583 30582 9
30582 30581 41
30581 30580 81
30580 30579 64
30579 30578 78
30811 30812 89
30812 30813 36
30813 30814 41
30812 15637 69
15637 15636 34
15636 15635 55
15635 15634 24
15637 15638 79
15638 15639 7
15639 15640 57
30848 30849 89
30849 30850 56
30850 30851 50
30851 30852 68
30852 30853 83
30853 30854 37
30854 30855 70
30855 30856 8
30856 30857 77
30857 30858 80
30858 30859 46
30859 30860 56
30860 30861 52
30861 30862 57
31419 31420 89
31420 31421 13
31420 5053 51
5053 5054 23
5053 5052 59
5054 5055 66
5052 5051 76
5051 5050 34
5050 5049 42
5055 5056 76
5056 5057 29
5057 5058 13
5058 5059 38
5059 5060 13
31552 31553 89
31553 31554 42
31554 31555 8
31555 31556 3
31556 31557 76
31557 31558 28
31558 31559 8
31614 31613 89
31613 31612 56
31612 31611 71
31642 31641 89
31641 31640 76
31705 31706 89
31783 31784 89
31784 31785 8
31785 31786 39
31786 31787 2
31787 31788 13
31788 31789 59
31789 31790 73
31790 31791 41
31791 31792 39
31792 34013 88
34013 34014 19
31787 32184 89
32184 32183 27
32183 32182 76
32226 32225 89
32225 32224 33
32224 32223 61
32528 32527 89
32527 32526 69
32526 32525 79
32651 32650 89
32650 32649 48
32649 32648 61
32731 32732 89
32732 32733 88
32733 32734 55
32734 32735 58
32735 32736 34
33597 33596 89
33596 33595 64
33595 33594 18
33594 33593 46
33593 33592 26
33592 33591 35
33591 33590 15
33699 33700 89
33700 33701 3
33701 33702 81
33702 33703 46
33703 33704 6
33704 33705 75
33735 33736 89
34013 34012 89
34029 34030 89
34030 34031 46
34031 34032 43
34032 34033 13
34123 34122 89
34387 34386 89
34449 34450 89
34450 34451 12
34696 34695 89
35643 35642 89
35642 35641 14
35641 35640 31
35640 35639 46
35731 35732 89
35793 35794 89
36226 36227 89
36448 36449 89
36449 36450 78
39377 36668 89
36668 36667 34
36667 36666 67
36668 36669 84
36669 36670 87
36670 36671 23
36671 36672 26
36813 36814 89
36814 36815 23
36830 36829 89
36829 36828 42
37235 37236 89
37249 37248 89
37248 37247 78
37247 37246 69
37246 37245 36
37245 37244 66
37419 37420 89
37420 37421 53
37421 37422 50
37422 37423 23
37423 37424 54
37424 37425 88
37425 37426 60
37426 7596 7
7596 7595 65
7595 7594 39
7594 7593 86
7593 7592 53
7592 42961 11
42961 42960 24
7592 7591 25
7591 7590 15
7590 7589 81
7589 7588 86
7588 7587 5
7587 7586 56
37426 37427 89
38019 38018 89
38018 38017 30
38017 38016 71
38016 38015 58
38217 38216 89
38216 38215 78
38215 38214 10
38214 38213 69
38760 38761 89
39261 39262 89
39667 39668 89
40226 40227 89
40227 40228 3
40228 40229 78
40229 40230 39
40230 40231 53
40231 40232 83
40232 40233 63
40233 19141 21
19141 19140 34
40233 40234 74
40234 40235 30
40235 42326 70
42326 42325 48
40235 40236 89
40503 40502 89
40502 40501 3
40584 40583 89
40583 40582 31
40582 40581 72
40581 40580 19
40923 40922 89
40922 40921 66
40921 40920 36
41114 41115 89
41115 41116 4
41332 41331 89
41331 41330 28
41330 41329 48
41329 41328 66
41328 41327 1
41327 41326 28
41326 41325 26
41325 41324 29
41324 41323 28
41540 41541 89
41541 41542 58
41542 41543 60
41543 41544 38
41544 41545 4
41545 41546 51
41546 41547 14
41547 41548 88
41548 41549 40
41549 41550 69
41550 41551 30
41551 41552 79
41552 41553 22
41553 21772 29
21772 21773 56
41553 41554 66
21773 21774 74
21774 21775 15
41554 41555 81
41590 41591 89
41591 41592 52
41735 41734 89
41734 41733 70
41733 41732 81
41890 41891 89
42036 42037 89
42211 42210 89
42210 42209 46
42209 42208 38
42208 42207 45
42207 42206 3
42206 42205 48
42205 42204 61
42204 42203 5
42240 42241 89
42241 42242 4
42242 42243 7
42326 42327 89
42327 42328 31
42371 42370 89
42743 42744 89
42744 42745 63
42745 42746 30
42746 42747 20
42747 42748 40
42748 42749 81
42976 42977 89
42977 42978 37
43005 43004 89
43004 43003 26
36497 43138 89
43138 43139 86
43139 43140 48
43140 43141 88
43141 43142 74
43142 43143 84
43143 43144 18
43144 43145 84
43145 43146 5
43254 43255 89
43276 43275 89
43275 43274 42
43274 43273 25
43488 43487 89
43557 43556 89
43556 43555 52
43555 43554 10
44303 44304 89
44304 44305 15
44305 44306 53
44306 44307 71
44307 44308 30
44308 44309 7
44309 44310 24
44310 44311 66
44311 44312 41
1295 44602 89
44602 44603 32
44602 44601 41
44601 44600 5
44600 44599 58
44599 44598 87
44598 44597 6
44598 3996 47
3996 3997 8
44597 44596 64
3996 3995 86
3995 3994 22
3994 3993 79
3993 3992 17
3992 3991 68
3991 3990 2
3990 3989 24
3989 3988 61
3988 3987 21
3987 3986 14
37575 44657 89
44657 44656 75
44656 44655 43
44684 44685 89
44685 44686 13
44686 44687 48
44687 44688 83
44688 44689 82
44817 44816 89
44816 44815 7
44815 44814 65
44814 44813 39
44813 44812 21
44812 44811 25
44811 44810 79
44810 44809 55
44809 44808 71
44808 44807 15
44807 44806 53
44806 24457 9
44806 44805 16
24457 24458 53
24458 24459 32
24459 24460 64
44805 44804 68
44804 44803 48
24460 24461 87
24461 24462 78
24462 24463 35
24463 24464 4
44843 44844 89
44844 44845 39
44845 44846 75
44846 44847 21
44847 44848 18
44848 44849 82
44849 44850 36
44850 44851 78
44851 44852 29
44852 44853 33
44853 44854 18
45065 45064 89
45151 45152 89
45152 45153 51
45153 45154 19
45154 45155 78
45155 45156 56
45156 45157 9
45157 45158 78
45158 45159 22
45159 45160 78
45314 45313 89
45400 45401 89
45401 45402 87
45402 45403 75
45403 45404 39
45404 45405 39
45405 45406 6
45406 45407 89
45407 45408 89
45408 45409 68
45409 45410 56
45410 45411 83
45411 45412 87
45412 46362 2
46362 46361 64
46361 46360 49
46360 46359 40
45412 45413 76
45413 45414 65
45414 45415 72
46359 34761 78
34761 34762 76
34762 34763 74
45415 45416 87
45588 45589 89
45589 45590 27
45590 45591 61
45600 45601 89
45601 45602 72
45602 45603 40
45986 45985 89
45985 45984 38
45984 45983 44
45997 45998 89
45998 45999 15
45999 46000 24
46000 46001 57
46146 46147 89
46147 46148 4
46148 46149 85
46149 46150 73
46150 46151 39
46151 46152 44
46152 46153 57
46433 46432 89
46432 46431 5
46553 46554 89
46554 46555 48
46555 46556 72
46556 46557 19
46557 46558 1
46558 19927 23
46558 46559 23
46555 38588 77
38588 38587 36
38587 38586 47
38586 38585 67
38585 38584 8
19927 19928 89
19928 19929 30
46733 46734 89
46734 46735 19
46735 46736 13
46736 46737 83
46737 46738 45
46738 46739 86
46739 46740 80
46740 46741 53
46741 46742 1
46742 46743 61
46743 46744 15
46744 46745 6
46766 46765 89
46765 46764 47
46764 46763 19
46763 46762 44
46762 46761 81
46761 46760 37
47281 47282 89
47282 47283 5
47283 47284 68
47284 47285 76
47285 47286 31
47286 47287 68
47287 47288 19
47304 47305 89
47305 47306 2
47306 47307 18
47307 47308 36
47308 47309 37
47332 47331 89
47331 47330 61
47330 47329 12
47329 47328 58
47328 47327 63
47332 47333 89
47333 47334 40
47418 47419 89
47419 47420 75
47727 47726 89
47738 47739 89
47739 47740 74
47786 47787 89
48494 48495 89
48495 48496 14
48496 14936 34
48496 48497 44
48497 48498 29
48497 36918 42
36918 36919 24
14936 14937 46
36919 36920 65
36920 36921 56
36921 36922 7
36922 36923 11
36923 36924 14
36924 36925 42
36925 36926 14
36926 36927 33
36927 36928 11
36928 36929 62
36929 36930 13
36930 36931 44
36930 8167 55
14937 14938 68
14938 14939 9
14939 14940 43
14940 3231 10
3231 3230 11
14940 14941 16
14941 14942 38
3230 3229 57
3229 7505 2
7505 7506 24
3229 3228 28
3228 3227 26
14942 14943 64
14943 14944 47
3231 3232 68
14936 14935 77
14935 14934 4
3232 3233 86
8167 8166 88
8166 8165 2
8165 23337 87
23337 23336 10
23336 23335 55
23335 23334 70
23337 23338 89
23338 35162 41
35162 35163 17
35163 35164 77
35164 35165 11
35164 4528 60
4528 4529 17
4528 4527 72
4527 4526 54
4526 4525 52
4525 4524 14
4524 4523 32
4523 4522 49
4522 4521 20
35165 35166 89
35166 35167 31
35167 35168 82
36918 36917 89
36917 36916 61
36916 36915 30
36915 36914 38
48543 48542 89
48542 48541 42
48541 48540 61
48540 48539 65
48539 48538 46
48550 48551 89
49111 49112 89
49112 49113 33
49113 49114 66
49709 49708 89
49708 49707 49
49707 49706 39
49706 49705 26
49705 49704 22
49704 49703 62
49703 49702 70
49702 49701 11
49830 49831 89
318 319 90
319 320 77
320 321 70
321 322 29
322 323 4
323 324 8
324 325 1
325 326 16
326 327 88
327 328 49
328 329 65
523 524 90
524 525 21
525 526 49
526 527 24
527 528 53
623 622 90
622 621 42
621 620 83
620 619 33
619 618 6
618 617 86
617 616 81
616 615 77
615 614 43
614 613 72
613 612 88
612 611 5
611 610 89
610 609 3
609 608 66
608 607 63
607 606 8
606 605 62
605 604 76
604 603 45
603 602 42
602 601 15
601 600 81
600 599 65
599 598 84
598 597 19
597 596 88
596 595 2
595 594 70
750 749 90
749 748 31
1062 1061 90
1131 1130 90
1307 1308 90
1308 1309 12
1309 1310 39
1310 1311 82
1311 1312 36
1312 1313 79
1313 1314 1
1314 1315 78
1315 1316 53
1316 1317 51
1317 1318 44
1334 1333 90
1333 1332 87
1332 1331 75
1331 1330 84
1505 1506 90
1506 1507 68
1507 1508 46
1508 1509 38
1509 1510 38
1510 1511 17
1511 1512 67
1512 1513 25
1513 1514 84
1514 1515 60
1515 1516 83
1516 1517 24
1517 1518 59
1518 1519 45
1519 1520 77
1705 1704 90
1704 1703 29
1703 1702 51
1702 1701 59
1701 1700 54
1700 1699 58
1817 1816 90
2020 2019 90
2019 2018 32
2018 2017 3
2017 2016 15
2016 2015 53
2015 2014 24
2014 2013 63
2013 2012 3
2012 2011 29
2011 2010 86
2010 2009 9
2370 2369 90
2369 2368 72
2368 2367 17
2379 2380 90
2380 2381 23
2381 2382 80
2470 2469 90
2469 2468 31
2468 2467 77
2467 2466 45
2466 2465 28
2465 2464 8
2464 2463 31
2463 2462 40
2462 2461 24
2461 2460 23
2460 2459 32
2459 2458 74
2458 2457 30
2457 2456 24
2741 2742 90
2742 2743 48
2745 2744 90
2850 2849 90
2849 2848 62
31154 2950 90
2950 2949 24
2950 2951 59
2951 2952 35
2952 2953 46
2953 2954 9
2949 2948 87
2948 2947 45
2947 2946 16
2946 2945 22
2945 2944 40
2944 2943 33
2943 2942 83
2942 2941 21
3108 3109 90
3243 3242 90
3242 3241 54
3241 3240 83
3240 3239 11
3239 3238 77
3238 3237 7
3237 3236 43
3236 3235 80
3235 3234 57
3234 28916 38
28916 28915 19
28915 28914 57
28916 28917 63
28917 28918 42
28918 28919 38
28914 28913 74
28913 28912 57
28912 28911 68
28911 28910 4
28910 28909 15
28909 28908 76
28908 28907 27
28907 28906 58
28919 28920 85
3706 3705 90
3982 3981 90
3981 3980 47
3980 3979 41
3979 3978 16
3978 3977 28
3977 3976 51
3976 3975 18
3975 3974 20
4391 4392 90
4392 4393 3
4696 4697 90
4721 4720 90
4720 4719 89
4719 4718 20
4718 4717 56
4717 4716 2
4760 4759 90
4969 4970 90
5005 5006 90
5023 5022 90
5022 5021 7
5021 5020 45
5274 5273 90
5437 5438 90
5438 5439 5
5899 5900 90
6021 6022 90
6283 6282 90
6303 6302 90
6302 6301 15
6343 6344 90
6344 6345 65
6388 6389 90
6442 6441 90
6803 6802 90
6802 6801 69
6894 6893 90
6893 6892 52
6892 6891 19
6891 6890 30
6890 6889 41
6889 13524 11
13524 13525 42
13524 13523 63
13523 13522 19
13522 13521 33
13521 13520 52
6889 6888 67
7283 7282 90
7282 7281 60
7281 7280 41
7280 7279 19
7279 7278 8
7278 7277 15
7367 7366 90
7366 7365 90
7365 7364 13
7364 7363 72
7363 7362 9
7362 7361 63
7361 7360 63
7360 7359 78
7359 7358 69
7358 7357 37
7447 7446 90
7446 7445 25
7931 7930 90
7930 7929 59
7929 7928 57
8009 8008 90
8018 8019 90
8019 8020 90
8020 8021 64
8021 8022 49
8022 8023 48
8023 8024 34
8024 8025 2
8252 8253 90
8253 8254 60
8254 8255 41
8255 8256 9
8256 8257 77
8346 8345 90
8345 8344 5
8344 8343 37
8365 8364 90
8364 8363 10
8363 8362 33
8362 8361 24
8361 8360 33
8360 8359 54
8359 8358 3
8358 8357 58
8358 3471 76
3471 3472 78
3472 3473 2
3473 3474 68
3474 3475 32
3475 3476 64
3476 3477 65
3477 46244 71
46244 46245 48
46245 46246 51
46246 46247 45
46247 46248 7
46248 46249 52
46249 46250 42
46250 46251 77
46251 46252 33
46252 46253 34
46253 46254 32
46254 46255 80
46255 46256 65
3471 3470 88
3470 3469 8
3477 3478 90
8636 8637 90
8661 8660 90
8764 8763 90
8763 8762 75
9045 9044 90
9044 9043 72
9043 9042 31
9042 9041 75
9852 9853 90
10005 10006 90
10006 10007 1
10007 10008 67
10008 10009 78
10009 10010 52
10010 31375 45
31375 31376 18
31376 22342 32
22342 22343 20
31376 31377 35
31377 31378 3
31377 34556 34
34556 34555 38
22343 22344 44
22344 22345 35
10010 10011 59
10011 10012 42
31375 31374 76
31374 31373 49
31373 31372 34
31372 31371 24
31371 31370 42
31370 31369 62
31369 31368 41
31368 31367 62
34556 34557 76
34555 34554 83
34554 34553 3
34553 34552 39
22345 22346 84
22346 22347 21
31378 31379 89
31379 31380 5
10018 10017 90
10017 10016 79
10016 10015 28
10015 10014 11
10014 10013 11
29982 10069 90
10069 10068 28
10068 10067 28
10067 10066 35
10069 10070 70
10070 10071 87
10071 10072 40
10072 10073 19
10073 10074 68
10074 10075 52
10075 10076 41
10076 10077 58
10077 10078 82
10078 10079 1
10147 10146 90
10561 10562 90
10562 10563 17
10563 10564 63
10564 10565 9
10565 10566 18
10566 10567 12
10567 10568 68
10568 10569 6
10569 10570 90
10570 10571 55
10571 10572 6
10572 10573 87
10573 10574 37
10875 10874 90
10874 10873 81
10873 10872 53
10872 10871 8
10871 10870 13
10870 10869 23
10869 13015 33
13015 13016 42
13016 13017 50
10869 10868 62
10868 10867 48
10867 10866 61
13017 13018 76
13018 13019 84
13019 13020 87
13020 13021 40
13021 13022 27
13022 13023 60
13023 13024 14
10866 10865 89
10865 10864 44
10864 10863 9
10863 10862 21
10920 10919 90
10919 10918 31
10918 10917 12
10917 10916 48
10916 10915 48
10915 10914 44
10914 10913 86
10913 8534 52
8534 8533 2
8534 8535 4
8535 8536 34
8533 8532 54
8532 8531 61
8531 8530 33
10913 10912 68
10912 10911 27
10912 6139 36
8536 8537 70
10911 10910 73
8530 8529 80
10983 10982 90
10982 10981 38
10981 10980 67
10980 10979 40
10979 10978 7
10985 10986 90
11016 11015 90
11015 11014 51
11014 11013 4
11013 11012 37
11012 11011 74
11011 11010 26
11010 11009 89
11009 11008 59
11008 11007 39
11007 11006 21
11006 11005 11
11005 11004 87
11004 11003 15
11003 11002 80
11002 11001 27
11001 11000 8
11091 11092 90
11092 11093 60
11101 11100 90
11100 11099 35
11099 11098 41
11098 11097 60
11097 11096 86
11096 11095 85
11095 11094 60
11448 11447 90
11447 11446 76
11446 11445 16
11519 11518 90
11518 11517 53
11799 11800 90
11800 11801 16
11801 11802 57
11802 11803 78
11803 11804 18
11804 11805 64
11805 11806 83
11806 11807 65
11807 11808 31
12260 12259 90
12259 12258 24
12258 12257 24
12257 12256 63
12256 12255 17
12255 12254 1
12254 12253 8
12253 12252 37
12252 12251 35
12251 12250 2
12250 12249 57
12249 12248 25
12248 12247 62
12247 12246 19
12288 12289 90
12289 12290 35
12290 12291 27
12498 12499 90
12511 12512 90
12906 12907 90
12907 12908 79
12908 44516 49
44516 44515 64
44515 44514 43
44516 44517 65
44517 44518 20
12946 12945 90
12945 48328 5
30071 13187 90
13187 13188 43
13188 13189 32
13189 13190 36
13190 13191 2
13191 13192 1
13187 13186 82
13186 13185 40
13283 13282 90
13282 13281 52
13281 13280 4
13280 13279 16
13279 13278 26
13339 13340 90
13340 13341 38
13341 13342 15
13429 13430 90
13430 13431 37
13431 13432 75
13432 13433 39
13468 13469 90
13469 13470 72
13470 13471 17
13471 13472 72
13472 13473 15
13473 13474 8
13474 13475 67
13470 4380 79
4380 4379 11
4379 4378 50
4378 4377 30
4377 4376 39
4376 4375 2
4380 4381 55
4381 4382 47
4382 4383 8
4383 4384 33
4384 4385 59
4385 14474 6
14474 14473 42
14473 14472 50
4375 4374 75
4374 4373 30
14472 14471 76
14471 14470 42
13475 13476 80
4373 4372 84
13472 12580 90
12580 12579 71
13520 13519 90
13519 13518 17
13518 13517 81
13517 13516 16
13516 13515 15
13517 24644 58
24644 24643 22
24643 24642 55
24642 24641 72
24641 24640 77
24640 24639 65
24639 24638 31
24638 24637 28
24637 24636 41
24636 24635 19
24635 24634 7
24644 24645 86
24645 24646 31
13515 13514 87
13514 13513 66
13513 13512 59
13601 13602 90
13602 13127 60
13646 13645 90
13645 13644 20
13644 13643 47
13643 13642 70
13642 13641 40
13641 13640 37
13640 13639 33
13639 13638 81
13638 13637 44
13637 13636 39
13636 13635 82
13694 13695 90
13695 13696 70
13696 13697 14
13697 13698 33
13812 13811 90
13811 13810 56
13810 13809 28
13809 13808 74
13808 13807 9
13807 13806 58
13824 13825 90
13825 13826 74
8564 14136 90
14136 14137 18
14137 14138 28
14138 14139 58
14139 14140 1
14140 14141 19
14141 14142 72
14427 14426 90
14559 14560 90
14560 14561 39
14561 14562 15
14562 14563 1
14563 14564 87
14564 14565 69
14565 14566 5
3125 14615 90
14615 14614 25
14614 14613 8
14613 14612 60
14612 14611 52
14611 14610 44
14610 14609 47
14609 14608 41
14608 14607 62
14607 14606 64
14606 14605 64
14605 14604 2
14604 14603 28
14603 14602 88
14602 14601 42
14700 14699 90
14699 14698 71
14698 14697 39
15159 15160 90
15160 15161 7
15161 15162 79
15162 15163 78
15163 15164 74
15164 15165 37
15165 15166 3
15166 15167 49
15167 15168 22
15168 15169 58
15169 15170 47
15170 15171 44
15371 15370 90
15370 15369 31
15369 15368 59
15368 15367 82
15367 15366 66
15485 15484 90
15484 15483 11
15483 15482 52
15482 15481 37
15481 15480 45
15536 15535 90
15570 15571 90
15571 15572 48
15572 15573 25
15573 15574 21
15574 15575 6
15580 15579 90
15579 15578 56
15578 15577 82
15577 15576 62
15576 4562 30
4562 4561 59
4561 4560 37
4562 4563 70
4563 4564 18
4560 46959 80
46959 46960 16
46960 46961 9
46961 46962 11
46962 46963 32
46959 46958 55
46958 46957 74
46957 46956 39
46956 46955 76
15588 15587 90
47788 15653 90
15653 15652 50
15705 15706 90
15706 15707 71
15707 15708 85
15722 15723 90
15723 15724 26
15724 15725 18
15725 15726 70
15767 15768 90
15768 31098 3
15768 15769 9
15769 414 2
31098 31099 21
414 413 26
413 412 29
31099 31100 36
31100 31101 1
412 411 48
411 410 72
410 409 31
31101 31102 80
31102 31103 6
31103 31104 21
16198 16199 90
16199 16200 41
16200 16201 43
16886 16887 90
17179 17180 90
17180 17181 51
18058 18059 90
18059 18060 61
18060 18061 52
18061 18062 88
18324 18325 90
18373 18372 90
18391 18392 90
18392 18393 79
18393 18394 8
18544 18543 90
18543 18542 79
18542 18541 40
18925 18926 90
18926 18927 40
18927 18928 63
18928 18929 67
18929 18930 87
18930 18931 15
18931 18932 23
18932 18933 55
18933 18934 40
18934 18935 81
18935 18936 80
19165 19166 90
19166 19167 44
19167 19168 38
19168 19169 82
19169 19170 72
19170 19171 64
19171 19172 75
19281 19282 90
19521 19520 90
19520 19519 5
19519 19518 66
19518 19517 60
19517 19516 70
19516 19515 42
19515 19514 22
19514 19513 64
19513 19512 5
19608 19609 90
19609 19610 28
19673 19674 90
19674 19675 59
19675 19676 18
19676 19677 28
19822 19821 90
20133 20132 90
20132 20131 27
20131 20130 14
20158 20157 90
20157 20156 90
20156 20155 17
20155 20154 32
20216 20215 90
20215 20214 7
20313 20314 90
20314 20315 73
20315 20316 88
20316 20317 82
20317 20318 14
20318 20319 9
20319 20320 5
20320 20321 79
20321 20322 26
20322 20323 78
20323 20324 76
20324 20325 8
20325 20326 55
20326 20327 54
20327 20328 44
20328 20329 59
20329 20330 17
20330 48282 71
48282 48283 1
48282 48281 31
48281 48280 18
48283 48284 55
48284 48285 1
48285 48286 32
21136 21135 90
21135 21134 10
21572 21571 90
21571 21570 64
21570 21569 90
21569 21568 83
21597 21598 90
21598 21599 19
21599 21600 83
21600 21601 43
21601 21602 59
21602 21603 36
21646 21645 90
21645 21644 83
21644 21643 82
21643 21642 10
21642 21641 44
21641 21640 15
21640 21639 3
21651 21652 90
21652 21653 23
21653 21654 78
21654 21655 25
21655 21656 36
21717 21716 90
21716 21715 26
21715 21714 40
21714 21713 53
21713 21712 82
21712 21711 82
21821 21820 90
21820 21819 29
21942 21941 90
21984 21985 90
21985 21986 54
21986 21987 80
21987 21988 46
21988 21989 44
22007 22006 90
22006 22005 14
22488 22489 90
22489 22490 39
22490 22491 84
22491 22492 47
22492 22493 90
22572 22573 90
22573 22574 52
22574 22575 10
22575 22576 81
22576 22577 36
22577 22578 15
22578 22579 36
22579 22580 10
22619 22620 90
22620 22621 31
22621 8718 62
8718 8719 23
8719 8720 32
8718 8717 64
22621 22622 72
22622 22623 10
22623 22624 34
8717 8716 80
8720 8721 83
22624 22625 89
22834 22835 90
22835 22836 79
22882 22881 90
22881 22880 40
22881 3165 58
3165 3166 16
3166 3167 24
3165 3164 37
3164 3163 16
3167 3168 73
3168 3169 74
3169 3170 1
3170 3171 12
3171 3172 18
3172 3173 66
3173 3174 4
23091 23090 90
23261 23262 90
23262 23263 50
23263 23264 73
23264 23265 5
23265 23266 37
23266 23267 44
23267 23268 79
23268 23269 68
23269 23270 82
23270 23271 53
23499 23500 90
23500 23501 10
23501 23502 29
23502 23503 6
23503 23504 83
23504 23505 16
23612 23611 90
23611 23610 58
23610 23609 83
23609 23608 56
23608 23607 47
23607 23606 48
23606 23605 54
23605 23604 10
23604 23603 55
23603 23602 78
23602 23601 58
23644 23645 90
23645 23646 58
23646 23647 78
23647 23648 20
23648 23649 62
23649 23650 16
23650 23651 69
23902 23901 90
23901 23900 83
23900 23899 54
23899 23898 90
23904 23905 90
24464 24465 90
24465 24466 60
24824 24825 90
24825 24826 66
29981 24996 90
24996 24995 89
24995 24994 43
24994 24993 27
24993 24992 52
25214 25215 90
25298 25297 90
25297 25296 8
25296 25295 9
25295 25294 63
25294 25293 40
25293 25292 86
25292 25291 19
25291 25290 40
25290 25289 34
25289 25288 40
25974 25973 90
25973 25972 10
26122 26121 90
26121 26120 28
26121 49841 62
49841 49842 21
49842 49843 82
49843 49844 31
49844 49845 2
49841 49840 87
49840 49839 34
49839 49838 30
49838 49837 59
49837 49836 71
49836 49835 2
49835 49834 21
26721 26722 90
26722 26723 52
26978 26979 90
26979 26980 16
26980 26981 1
26981 26982 83
27115 27116 90
27116 27117 33
27227 27228 90
27228 27229 22
27229 27230 12
27230 27231 17
27231 27232 56
27232 27233 16
27233 27234 88
27560 27561 90
27561 27562 31
27562 27563 71
27563 27564 17
27564 27565 39
27565 27566 63
27566 27567 63
27567 27568 21
27568 27569 70
27708 27709 90
27709 27710 57
28273 28274 90
28274 28275 52
28275 28276 31
28276 28277 6
28277 28278 82
28278 33764 31
33764 33763 38
33763 33762 30
33762 33761 54
33764 33765 68
28524 28525 90
28525 28526 16
28536 28537 90
28537 28538 15
28538 28539 14
28539 28540 63
28540 28541 44
28541 28542 76
29257 29258 90
29258 29259 30
29259 29260 20
29260 29261 66
29261 29262 58
29262 29263 63
29263 29264 75
29264 29265 77
29265 29266 90
29266 29267 89
29267 29268 50
29313 29312 90
29312 29311 81
29311 29310 11
29310 29309 41
29309 29308 29
29308 29307 28
29307 29306 1
29640 29639 90
29639 29638 71
29638 29637 48
29783 29782 90
29782 29781 17
29781 29780 24
29780 29779 60
29779 29778 70
30240 30239 90
30239 30238 56
30238 30237 88
30237 30236 50
30236 30235 84
30235 30234 59
30234 30233 39
30233 30232 48
30232 30231 82
30231 30230 5
30230 30229 60
30229 30228 24
30228 30227 76
30227 30226 29
12153 30479 90
30479 30478 81
30478 30477 86
30477 30476 79
30678 30679 90
30679 30680 40
30680 30681 73
30704 30703 90
30703 30702 34
30702 30701 88
30701 30700 34
30700 19049 11
30700 30699 38
30699 30698 10
19049 19050 50
30698 30697 55
19049 19048 64
19048 19047 77
31453 31452 90
31452 31451 65
31451 31450 56
31450 31449 55
31449 31448 75
31448 31447 9
31447 31446 41
31446 3180 22
3180 3179 42
31446 31445 50
31445 31444 24
31444 31443 33
31443 18870 33
18870 18871 21
18871 18872 47
18872 18873 58
18873 18874 50
18874 18875 26
18875 18876 50
18876 18877 44
18877 18878 20
18878 18879 63
3179 3178 77
3178 3177 61
3177 3176 78
3176 3175 33
18870 18869 89
18869 18868 52
18868 18867 3
18867 18866 70
18866 18865 45
18865 3019 1
3019 3018 35
3018 3017 34
3017 3016 27
3019 3020 73
3020 3021 22
3021 3022 3
18865 18864 79
18864 18863 55
18863 18862 36
18862 18861 35
18861 18860 78
18860 18859 16
31817 31816 90
31850 31849 90
31849 31848 53
32058 32059 90
32328 32327 90
32327 32326 76
32326 32325 6
32325 32324 35
32324 32323 61
32323 32322 57
32322 32321 25
32322 26525 50
26525 26524 83
26524 26523 43
26523 26522 5
32321 32320 88
32320 32319 8
32319 32318 58
32318 44536 78
44536 44535 19
44535 44534 54
44534 44533 66
44533 44532 19
44532 44531 64
44531 44530 83
44530 44529 37
44529 44528 56
44528 44527 43
44527 44526 10
44526 44525 64
44525 44524 16
44524 44523 62
32432 32433 90
32433 32434 12
32434 32435 83
32435 32436 90
7508 32961 90
32961 32962 12
32962 32963 20
32963 32964 42
32964 32965 40
32965 32966 75
32961 32960 77
32960 32959 86
32966 32967 88
32967 32968 57
33894 33895 90
33895 33896 13
33896 33897 71
33897 33898 28
33898 33899 48
33899 33900 89
34256 34257 90
34257 34258 30
34258 34259 90
34508 34507 90
34507 34506 48
34506 34505 17
34505 34504 41
34538 34537 90
34537 34536 63
34536 34535 54
34535 34534 19
34534 34533 55
34533 34532 29
34532 34531 24
34592 34591 90
34591 34590 48
34590 34589 7
34589 34588 61
34588 34587 6
34587 34586 62
34586 34585 11
34585 34584 13
34584 34583 5
34590 23768 81
23768 23769 70
23769 23770 63
34583 34582 83
34582 34581 26
34733 34732 90
34732 34731 59
34731 34730 58
34730 34729 23
34729 34728 72
34728 34727 64
34727 34726 26
34726 34725 67
34878 34879 90
34879 34880 47
34880 34881 64
34881 34882 53
34882 34883 82
34883 34884 57
34890 34891 90
34891 34892 68
34956 34957 90
35406 35405 90
35405 35404 45
35404 35403 45
35403 35402 73
35402 35401 81
35401 35400 90
35923 35924 90
35924 35925 71
35925 35926 81
35926 35927 63
36199 36200 90
36200 36201 8
36201 36202 4
36202 36203 77
36540 36539 90
36539 36538 73
36538 36537 1
36537 36536 67
36536 36535 26
36535 36534 72
37508 37509 90
37509 37510 5
37510 37511 77
37511 37512 50
37632 37633 90
37633 37634 27
37838 37837 90
38067 38068 90
38068 38069 75
38069 38070 8
38070 38071 76
38071 38072 43
38072 38073 50
38073 38074 51
38074 24585 7
24585 24584 3
24585 24586 19
24586 24587 10
38074 38075 20
24587 24588 30
24584 24583 43
24583 24582 25
24582 24581 16
24581 24580 50
24580 24579 48
24579 24578 81
38192 38193 90
38193 38194 88
38194 38195 30
38195 38196 21
38196 38197 32
38197 38198 89
38198 38199 77
38236 38235 90
38235 38234 51
38234 38233 63
38233 38232 14
38232 38231 71
38231 38230 17
38230 38229 22
38229 38228 21
38228 38227 78
38243 38244 90
38584 38583 90
38583 38582 48
38582 38581 20
38581 38580 86
38580 38579 67
38579 38578 37
38578 38577 31
38577 46024 38
46024 46025 8
46024 46023 15
46023 43713 1
43713 43714 8
43713 43712 11
43712 43711 61
43711 43710 26
43710 43709 15
43709 43708 38
46025 46026 61
46026 46027 7
46027 46028 45
46028 46029 69
46023 46022 73
46022 46021 43
43714 43715 79
43715 43716 82
43716 43717 51
43717 43718 56
43718 43719 84
43719 43720 24
43720 43721 76
43721 43722 66
43722 43723 35
43723 43724 88
43724 43725 44
43725 43726 48
43726 43727 48
38808 38809 90
38809 38810 70
39173 39174 90
39174 39175 48
39175 39176 62
39176 39177 52
39177 39178 47
39178 39179 23
39270 39271 90
39271 39272 86
39272 39273 44
39535 39534 90
39534 39533 37
39533 39532 70
39532 39531 18
39531 39530 17
39530 39529 25
39529 39528 24
39528 39527 80
39527 39526 37
39668 39669 90
39919 39918 90
39918 39917 32
39917 39916 30
39916 39915 22
39915 39914 15
39914 39913 42
40005 40004 90
40004 40003 42
40003 40002 39
40002 40001 77
40001 40000 67
40000 39999 1
39999 39998 7
40254 40253 90
40253 40252 77
40252 40251 85
40251 40250 72
15926 40287 90
40287 40288 18
40288 40289 50
40289 40290 21
40287 40286 68
40286 40285 2
40285 40284 13
40284 40283 68
40283 40282 6
40282 40281 17
40281 40280 73
40280 40279 3
40894 40893 90
8933 41070 90
41070 41071 39
41070 41069 86
41649 41650 90
41650 41651 80
41651 41652 73
41652 41653 55
41653 41654 26
41654 41655 81
41655 41656 85
41656 41657 82
41657 41658 52
41658 41659 49
41659 41660 33
41660 41661 41
41661 41662 63
41662 41663 7
41663 41664 76
41664 41665 26
41665 41666 84
41666 41667 53
41667 41668 79
41668 41669 85
41774 41773 90
41773 41772 35
41772 41771 14
41771 41770 60
41770 41769 19
41769 41768 44
42381 42382 90
42382 42383 56
42383 42384 64
42529 42530 90
42530 42531 29
42531 42532 9
42532 42533 73
42533 42534 88
42712 42711 90
42711 42710 66
42753 42752 90
42752 42751 42
42751 42750 2
42917 42916 90
42916 42915 39
42915 42914 71
42914 42913 50
42913 42912 19
42913 28977 85
28977 28976 15
28976 28975 44
28977 28978 63
28978 28979 62
28979 28980 22
28980 28981 78
42994 42993 90
42993 42992 70
42992 42991 71
43098 43099 90
43099 43100 55
43365 43364 90
43364 43363 50
43363 43362 25
43362 43361 9
43361 43360 15
43360 43359 39
43552 43553 90
43579 43578 90
43578 43577 10
43578 44368 32
44368 44367 55
44368 44369 70
44369 44370 75
44367 44366 77
44366 44365 32
44365 44364 58
44049 44048 90
44248 44249 90
44271 44270 90
44270 44269 52
44624 44623 90
44623 44622 69
45095 45096 90
45096 45097 28
45568 45569 90
45569 45570 1
45570 45571 26
45571 45572 87
45642 45643 90
4600 45733 90
45733 45732 44
45732 2147 38
2147 2146 13
2147 2148 13
45733 45734 45
45732 45731 47
45734 45735 48
45735 45736 25
2146 2145 80
2145 2144 50
45736 45737 80
45737 45738 8
45738 45739 84
45826 45827 90
45827 45828 67
45911 45912 90
45912 45913 80
45913 45914 23
45914 45915 86
45915 45916 49
45916 45917 70
46435 46434 90
46495 46494 90
46494 46493 38
46709 46710 90
46710 46711 56
46711 46712 79
46712 46713 55
46713 46714 22
46714 46715 47
46715 46716 67
46716 46717 16
46717 46718 68
46718 46719 50
46719 46720 6
46803 46804 90
46804 46805 14
46805 46806 69
46806 46807 63
46859 46860 90
46860 46861 2
46861 46862 19
46862 46863 59
46863 46864 24
46864 46865 2
46865 46866 28
47147 47146 90
47489 47490 90
47490 47491 37
47491 47492 68
47514 47515 90
47515 47516 24
47516 47517 10
47517 47518 33
47518 47519 25
47770 47769 90
47769 47768 2
47806 47807 90
47807 47808 74
47808 47809 60
47809 47810 13
47810 47811 68
47811 47812 52
47812 47813 18
47826 47827 90
47827 47828 63
47828 47829 87
47829 47830 29
47830 47831 66
47831 47832 21
47829 16500 67
16500 16499 78
16499 16498 75
16498 16497 31
16497 16496 72
16496 16495 28
16495 16494 56
16494 16493 5
16493 16492 55
16492 16491 59
16491 16490 56
48170 48171 90
48213 48212 90
48440 48441 90
48441 48442 7
48784 48785 90
48897 48896 90
48896 48895 59
48939 48940 90
48940 48941 16
48941 48942 65
48942 48943 33
48943 48944 81
48944 48945 35
48945 48946 59
48946 48947 88
48947 48948 20
48948 48949 35
48949 48950 39
48950 48951 50
48951 48952 52
48952 48953 14
49025 49026 90
49026 49027 20
49027 49028 51
49028 49029 13
49029 49030 59
49315 49314 90
49314 49313 83
49322 49323 90
49323 49324 46
49324 49325 85
49325 49326 24
49326 49327 1
49327 49328 83
49328 49329 88
49329 49330 27
49330 49331 73
49331 49332 48
49332 49333 64
49333 49334 89
49334 49335 58
49335 49336 58
49336 49337 18
49337 49338 10
49338 49339 1
49339 49340 35
49340 49341 71
49957 49958 90
49958 49959 38
263 262 91
262 261 68
261 260 6
555 554 91
554 553 12
585 584 91
584 583 14
583 582 24
582 581 42
581 24483 68
24483 24484 43
24484 24485 87
24485 24486 35
24486 24487 80
24487 48813 2
968 969 91
969 970 42
1395 1394 91
1394 1393 17
1393 1392 69
1579 1578 91
1797 1796 91
1796 1795 45
1795 1794 79
1794 1793 57
1793 1792 82
1792 1791 18
1791 1790 33
1790 1789 37
1789 1788 56
1788 1787 25
1787 1786 4
1852 1853 91
1853 1854 21
1854 1855 19
1855 1856 34
1856 1857 39
1857 1858 30
1858 1859 20
1859 1860 85
1860 1861 89
1861 1862 65
1862 1863 87
1888 1889 91
1889 1890 69
1890 1891 41
1891 1892 48
1892 1893 66
1893 1894 33
1894 1895 15
1895 1896 82
2111 2110 91
2110 2109 2
2294 2295 91
2295 2296 54
2296 2297 75
2297 2298 53
2298 2299 30
2299 2300 24
2300 2301 87
2301 2302 52
2302 2303 55
2303 2304 68
2304 2305 63
2305 2306 23
2306 2307 66
2307 2308 81
2308 2309 65
2309 2310 28
2310 2311 18
2311 2312 39
2312 2313 36
2313 2314 18
2314 2315 56
2315 2316 30
2316 2317 52
2317 2318 11
2318 2319 77
2339 2340 91
2340 2341 37
2341 2342 26
2342 2343 71
2343 2344 32
2344 2345 76
2382 2383 91
2483 2482 91
2482 2481 71
2481 2480 83
2480 2479 89
2479 2478 73
2531 2530 91
2530 2529 63
2529 2528 18
2528 2527 19
2562 2563 91
2563 2564 91
2564 2565 76
2565 2566 2
2848 2847 91
3107 3106 91
3106 3105 71
3105 7708 26
7708 40760 9
40760 40759 16
7708 7707 35
7708 7709 41
40760 40761 49
40761 40762 57
40762 40763 48
40763 40764 50
40764 40765 15
40765 40766 33
40766 40767 16
40767 40768 7
3335 3336 91
3336 3337 11
3337 3338 75
3338 3339 9
3339 3340 18
3340 3341 44
3465 3466 91
3466 3467 21
3467 3468 47
3467 34136 56
3816 3815 91
3815 3814 34
3814 3813 1
3813 13688 62
13688 13687 32
13687 13686 62
13688 13689 79
13689 13690 2
3954 3953 91
3974 3973 91
3973 20589 87
20589 20590 18
20590 20591 52
4006 4005 91
4005 4004 91
4101 4102 91
4102 4103 54
4103 4104 13
4104 4105 60
4105 4106 32
4106 4107 61
4107 4108 83
4229 4230 91
4943 4942 91
5214 5215 91
5215 5216 32
5216 5217 57
5217 5218 55
5218 5219 1
5219 5220 40
5671 5670 91
5670 5669 72
5669 5668 77
5668 5667 9
5667 5666 35
5666 5665 34
5665 11724 7
11724 11725 8
11725 11726 31
11724 11723 51
5665 5664 72
5664 5663 68
11726 11727 74
11727 11728 70
11728 11729 66
11729 11730 36
11730 11731 73
11731 11732 46
11732 11733 61
11733 11734 89
45812 5852 91
5852 5853 30
5852 5851 55
5851 5850 40
5850 5849 49
5849 5848 36
5853 5854 74
5854 5855 34
5855 5856 71
5850 8553 80
8553 8552 69
8552 8551 24
8551 8550 86
8550 8549 39
8549 8548 58
8548 8547 58
8547 8546 82
8546 8545 26
8545 8544 13
8544 8543 66
8543 8542 39
8542 8541 41
8541 8540 66
8540 25501 14
25501 25500 7
25501 25502 14
25502 25503 57
8540 8539 64
25503 25504 80
25504 25505 14
25505 25506 8
25506 25507 18
25500 25499 81
25499 25498 17
25507 25508 81
6882 6883 91
6883 6884 87
6956 6955 91
6955 6954 76
6954 6953 52
6953 6952 76
6952 6951 7
6951 6950 40
6950 6949 69
6949 6948 9
6948 6947 4
6947 6946 11
6946 6945 37
6945 6944 13
6944 6943 88
7274 7275 91
7275 7276 40
7328 7329 91
7329 7330 27
7330 7331 41
7331 7332 88
7332 7333 56
7333 7334 77
7334 7335 1
7335 7336 35
7336 7337 23
7337 7338 87
7338 7339 48
7339 7340 65
7340 7341 53
7341 7342 20
7488 7487 91
7487 7486 59
7580 7581 91
7581 7582 90
7582 7583 84
7583 7584 78
7584 7585 75
7658 7659 91
7659 7660 50
7709 7710 91
7907 7908 91
7908 7909 63
7909 7910 32
7910 7911 19
7911 7912 29
8156 8155 91
8155 8154 78
8154 8153 28
8232 8231 91
8231 8230 50
8230 8229 56
8229 49659 22
49659 49658 11
49658 49657 16
49657 49656 6
49656 49655 20
49659 49660 35
49655 49654 41
49654 49653 38
8229 8228 44
49653 49652 55
49652 49651 10
49651 49650 49
49650 49649 62
49660 49661 79
49661 49662 38
49649 49648 81
49648 49647 35
8470 8471 91
8471 8472 61
8539 8538 91
8844 8843 91
8843 8842 23
8842 8841 63
8841 8840 43
8840 8839 39
8839 8838 52
8838 8837 80
8837 8836 65
9178 9177 91
9262 9263 91
9369 9370 91
9370 9371 64
9371 9372 23
9416 9415 91
9415 9414 22
9414 9413 25
9413 9412 14
9412 9411 39
9411 9410 12
9410 9409 46
12076 9699 91
9699 9700 8
9699 9698 24
9698 9697 18
9700 9701 64
9701 9702 67
9702 9703 69
9942 9943 91
10281 10280 91
10280 10279 12
10279 14484 2
14484 14485 57
14484 14483 75
14483 14482 20
14482 14481 41
14481 14480 35
14480 14479 2
14479 14478 51
10651 10650 91
10650 10649 22
10682 10681 91
10681 10680 28
10680 10679 44
10679 10678 80
10678 10677 82
10677 10676 74
10676 10675 48
10675 10674 52
10674 10673 88
10673 10672 28
10672 10671 14
10765 10766 91
10766 10767 63
10767 10768 86
10768 10769 81
10769 10770 3
10770 10771 55
10771 10772 80
10971 10970 91
10970 10969 3
10969 10968 67
11561 11560 91
11560 11559 86
11559 11558 26
11872 11873 91
11873 11874 24
11927 11926 91
11926 11925 44
11939 11938 91
11938 11937 35
11937 11936 66
11936 11935 6
12667 12668 91
13089 13088 91
13088 13087 53
13087 13086 28
13086 13085 19
13085 13084 86
13084 13083 6
13083 13082 36
13082 13081 69
13081 13080 71
13080 13079 55
13211 13210 91
13210 13209 30
13209 13208 6
13208 13207 27
13207 13206 34
13206 13205 10
13205 13204 64
13204 13203 84
13203 13202 24
13202 13201 68
13684 13685 91
13698 13699 91
13699 13700 8
13700 13701 37
13701 13702 77
13702 13703 21
13703 13704 51
13704 13705 62
13769 13770 91
13780 13779 91
13779 13778 91
13778 13777 3
13777 13776 7
13826 13827 91
13921 13920 91
13920 13919 42
13919 13918 69
13918 13917 22
13917 13916 21
13916 13915 35
13915 13914 90
14196 14197 91
14197 14198 7
14291 14290 91
14290 14289 20
14289 14288 33
14288 14287 40
14287 14286 17
14286 14285 26
14368 14369 91
14369 14370 50
14370 14371 7
14371 14372 59
14372 14373 87
14373 14374 13
14374 14375 62
14375 14376 87
14434 14435 91
14435 14436 23
14470 14469 91
14469 14468 37
14474 14475 91
14736 14737 91
14737 14738 42
14738 14739 61
14739 14740 33
14740 14741 50
14822 14823 91
14823 14824 77
14824 14825 84
14825 14826 30
14826 14827 15
15056 15055 91
15055 15054 5
15054 15053 82
15362 15363 91
15363 15364 50
15364 15365 23
45992 15477 91
15477 15478 26
15478 15479 5
15477 15476 33
15476 15475 78
15475 15474 53
15474 15473 13
15473 15472 81
15472 15471 32
15471 15470 40
15585 15586 91
15686 15685 91
15685 19025 21
19025 19024 29
19024 19023 35
19023 19022 52
19022 19021 26
19021 19020 71
15685 15684 90
15684 15683 24
15683 15682 39
24970 15813 91
15813 15814 44
15814 15815 27
15813 15812 65
15812 15811 53
15815 15816 73
15920 15919 91
15919 15918 67
15918 15917 7
15917 15916 11
15916 15915 14
15915 15914 30
15914 15913 58
15913 15912 91
15912 15911 88
15911 15910 88
15910 15909 21
15909 15908 63
15908 15907 62
15907 15906 69
16040 16039 91
16039 16038 91
16038 16037 36
16037 16036 77
16036 16035 64
16051 16050 91
16088 16089 91
16089 16090 70
16607 16608 91
16655 16656 91
16656 16657 23
17143 17142 91
17142 17141 50
17141 17140 65
17140 17139 85
17139 17138 58
17629 17630 91
17630 17631 43
17631 17632 85
17632 17633 56
17633 17634 72
17634 17635 4
17635 17636 56
17636 17637 41
17637 17638 46
17638 17639 66
17639 17640 77
17640 21087 79
21087 21086 42
21087 21088 42
17640 17641 81
17641 12687 10
12687 12688 4
12687 12686 58
12686 12685 2
12685 12684 71
17641 17642 71
17642 17643 20
17643 17644 51
17644 17645 32
17645 17646 59
17646 17647 32
17647 17648 23
17648 17649 24
17649 17650 8
17650 17651 57
17651 17652 9
17652 17653 33
12684 12683 79
12683 12682 8
12688 12689 83
12689 12690 57
12690 12691 4
17653 17654 84
17654 17655 77
17655 17656 64
21086 21085 88
12682 12681 90
12681 12680 34
12680 12679 86
12679 12678 66
12678 12677 88
12677 12676 20
12676 12675 74
12675 12674 27
12674 12673 66
17656 17657 90
17657 17658 62
17658 17659 3
17659 17660 84
17660 17661 80
17698 17697 91
17697 17696 87
17696 17695 52
17695 17694 16
17694 17693 44
17693 17692 21
17694 48553 58
48553 48552 48
17692 17691 59
17691 17690 40
48553 48554 81
48554 48555 86
48555 48556 12
17733 17734 91
17734 17735 18
17735 17736 40
17736 17737 87
17737 17738 52
17903 17904 91
17904 17905 89
18549 18550 91
18550 18551 50
18551 18552 90
18552 18553 15
18553 18554 55
18747 18748 91
18748 18749 78
18749 18750 16
18750 18751 30
18751 18752 15
18752 18753 69
18859 18858 91
18858 18857 58
18857 18856 90
18856 18855 44
18855 18854 3
18854 18853 91
18883 18882 91
18898 18899 91
19084 19085 91
19085 19086 13
19086 19087 39
19308 19309 91
19309 19310 18
19310 19311 6
19311 19312 43
19312 19313 34
19313 19314 62
19314 19315 88
19315 19316 78
19316 48241 9
48241 48240 34
48241 48242 35
48240 48239 48
48242 48243 68
48239 48238 72
48238 48237 47
19316 19317 77
19317 19318 72
19318 4047 62
4047 4048 42
4048 4049 23
4049 4050 25
4050 4051 3
19318 19820 67
19820 19819 13
19318 19319 72
19319 19320 76
48243 48244 78
48244 48245 21
48245 48246 60
4047 4046 84
19819 19818 84
19359 19358 91
19358 19357 20
19357 19356 1
19356 19355 13
19376 19377 91
19377 19378 82
19378 19379 35
19379 19380 79
19380 19381 12
20113 20114 91
20206 20207 91
20207 20208 66
20208 20209 38
20209 20210 53
20210 20211 13
20211 20212 8
20212 20213 26
20278 20277 91
20277 20276 58
20277 1902 73
1902 1903 9
1902 1901 22
1901 1900 26
1900 5443 6
5443 5444 3
1900 1899 68
1899 1898 8
1898 1897 41
5444 5445 74
5445 5446 71
5446 5447 32
5447 5448 28
5448 5449 37
5449 5450 25
5443 5442 77
5442 5441 78
5441 5440 18
20348 20347 91
20347 20346 39
20346 20345 49
20406 20405 91
20405 20404 17
20880 20881 91
20881 20882 5
20925 20926 91
20926 20927 79
20927 20928 75
20928 20929 15
20929 20930 73
20930 20931 19
20931 20932 87
20981 20982 91
20982 20983 82
20983 20984 56
20984 20985 22
20985 20986 74
20986 20987 32
21061 21062 91
21062 21063 89
21063 21064 66
21064 21065 39
21065 21066 23
21066 21067 63
21067 21068 88
21068 21069 73
21069 21070 5
21070 21071 9
21088 21089 91
21089 21090 57
21090 22137 9
22137 22138 32
22138 22139 22
22139 22140 51
22140 22141 23
22141 22142 7
22142 22143 75
22137 22136 80
22136 22135 73
22135 22134 27
22134 22133 7
22133 22132 13
22132 22131 27
22131 22130 60
22130 22129 1
22129 22128 26
22128 22127 65
21090 21091 87
21091 21092 73
21092 21093 83
21234 21233 91
36542 21244 91
21244 21245 8
21244 21243 18
21243 21242 75
21242 21241 44
21241 21240 9
21366 21367 91
21453 21454 91
21454 21455 67
21461 21460 91
21460 21459 41
21459 21458 2
21458 21457 59
21457 21456 78
21639 21638 91
21638 21637 47
21637 21636 57
21636 21635 73
21635 21634 91
21711 21710 91
21710 21709 69
21709 21708 52
21708 21707 51
21707 21706 21
21706 21705 61
21705 21704 27
21704 21703 20
21703 21702 47
21702 21701 47
21701 21700 62
21891 21890 91
21890 21889 77
21889 21888 91
21888 21887 91
21887 21886 67
21886 21885 50
22079 22080 91
22080 23779 4
22080 22081 37
22081 22082 64
22082 22083 82
22289 22288 91
22288 22287 39
22305 22306 91
22306 22307 51
22307 22308 1
22308 22309 22
22309 22310 42
22310 22311 6
22311 22312 24
22312 22313 35
22313 22314 78
22314 22315 25
22315 22316 78
22316 22317 74
22422 22423 91
22423 22424 18
22424 22425 40
22644 22645 91
22645 22646 51
22645 6983 86
6983 6984 59
6984 6985 37
6983 6982 81
6982 6981 33
6981 6980 38
6980 6979 15
6979 6978 19
6978 6977 35
6977 6976 25
22815 22814 91
22814 22813 17
22813 22812 11
22812 22811 39
22836 22837 91
23302 23301 91
23301 23300 63
23300 23299 88
23299 23298 78
23298 5811 52
23298 23297 71
23297 23296 49
23296 23295 27
5811 5812 91
5812 5813 35
23480 23481 91
23481 23482 52
23482 23483 72
23768 23767 91
23767 23766 53
23766 23765 2
23994 23995 91
23995 23996 47
23996 23997 47
23997 23998 38
23998 23999 23
23999 24000 76
24000 24001 81
24001 24002 85
24002 24003 46
24003 24004 73
24004 24005 7
24005 24006 51
24006 24007 72
24329 24330 91
24569 24570 91
24570 24571 86
24571 24572 28
24572 24573 43
24573 24574 82
24574 24575 1
24575 24576 38
24680 24681 91
24681 24682 7
24897 24898 91
25331 25330 91
25330 25329 54
25329 25328 12
25328 25327 42
25327 25326 61
25326 25325 91
25325 25324 89
25324 25323 44
25323 25322 30
25322 25321 17
25608 25609 91
25609 25610 36
25610 25611 62
25611 25612 80
25692 25693 91
26025 26024 91
26024 26023 37
26023 26022 37
26022 26021 2
26021 26020 74
26020 26019 49
26019 26018 36
26018 26017 16
26017 26016 71
26117 26118 91
26118 26119 39
26168 26169 91
26420 26419 91
26763 26764 91
26764 26765 82
26765 26766 48
26766 26767 61
26836 26835 91
26835 26834 90
26834 26833 86
26866 26865 91
26865 26864 79
26864 26863 23
26863 26862 7
26862 26861 26
26861 26860 19
26860 26859 19
26863 20078 45
20078 20079 8
20078 20077 25
20077 20076 57
20079 20080 59
20080 20081 75
26859 24212 87
24212 24213 47
24213 24214 83
26859 26858 87
26858 26857 37
26857 26856 15
24214 24215 91
26947 26948 91
26989 26990 91
26990 26991 20
26991 26992 18
26992 26993 24
26993 26994 12
26994 26995 59
26995 26996 14
27037 27038 91
27038 27039 29
27166 27167 91
27167 27168 58
27168 27169 87
27169 27170 83
27170 27171 36
27171 27172 21
27172 27173 40
27173 27174 55
27174 27175 59
27175 27176 61
27176 27177 55
27177 27178 16
27178 27179 66
27179 27180 42
27180 27181 73
27295 27296 91
27296 27297 11
27543 27544 91
27544 27545 72
27545 27546 9
27545 30895 59
27765 27764 91
27764 27763 47
27763 27762 89
27802 27801 91
27801 27800 70
27800 27799 91
27799 27798 36
27798 27797 27
27933 27934 91
27934 27935 91
27935 27936 4
27936 27937 69
27937 27938 25
27938 27939 70
27939 27940 60
28049 28050 91
28050 28051 14
28074 28075 91
31783 28084 91
28084 28083 28
28083 28082 71
28082 39366 55
39366 39367 24
39366 39365 76
28082 28081 84
28081 28080 35
28080 28079 61
28079 28078 15
39365 39364 90
39364 39363 21
39363 39362 20
39362 39361 11
39361 39360 31
39367 39368 90
39368 39369 3
39369 39370 15
39370 14365 32
14365 14364 88
14364 14363 36
14363 14362 28
14362 14361 51
14361 14360 67
14360 14359 4
14361 11632 80
11632 11631 49
11632 11633 80
11633 11634 73
11634 11635 47
11635 11636 32
11636 11637 73
11637 11638 82
11638 11639 87
28156 28155 91
28340 28341 91
28341 28342 5
28365 28364 91
28595 28596 91
28596 28597 10
28597 28598 66
28598 28599 34
28599 28600 5
28600 28601 30
28601 28602 89
28602 28603 40
28603 28604 88
28604 28605 55
28605 28606 44
28606 28607 1
28607 28608 86
28608 28609 82
28609 28610 43
28610 28611 78
28611 28612 61
28833 28832 91
28832 28831 16
28831 28830 35
28830 28829 81
28829 28828 31
28828 28827 36
28827 28826 59
28826 28825 33
28825 28824 37
28824 28823 42
28823 28822 68
28822 28821 82
9666 29097 91
29097 29098 39
29098 29099 37
29180 29181 91
29181 29182 42
29182 29183 52
29254 29253 91
29253 29252 38
29252 23773 2
23773 23774 53
23774 23775 16
23775 23776 1
23776 23777 54
23777 23778 9
23773 23772 87
23772 23771 71
29510 29509 91
29509 29508 41
29508 29507 13
29507 29506 31
29506 29505 11
30267 30268 91
30268 30269 85
23002 30974 91
30974 30975 37
30975 30976 70
30976 30977 13
30977 30978 72
30978 30979 22
30979 30980 10
30980 30981 12
30981 30982 35
30982 30983 7
30974 30973 73
30973 30972 60
30972 30971 31
30971 30970 69
30970 30969 53
30969 30968 89
31195 31196 91
31196 31197 83
31226 31225 91
31225 31224 82
31624 31623 91
31623 31622 81
31622 31621 42
31621 31620 49
31620 31619 27
31655 31654 91
31654 31653 4
31653 31652 35
31652 31651 64
31651 31650 88
31650 31649 71
31649 31648 46
31648 31647 46
31647 31646 61
31751 31750 91
31750 31749 87
31749 31748 34
31748 31747 53
31747 31746 54
31766 31765 91
31765 31764 63
31899 31898 91
31898 31897 2
31897 31896 1
31962 31963 91
31963 31964 88
31964 31965 4
31965 31966 75
31966 31967 90
31967 31968 55
31968 31969 23
31969 31970 78
31970 31971 44
32117 32116 91
32116 32115 84
32336 32337 91
32337 32338 8
32817 32818 91
32818 32819 69
32819 32820 34
32820 32821 33
32821 32822 48
32893 32892 91
32892 32891 64
32891 32890 72
32890 32889 9
32889 32888 3
32980 32981 91
32981 32982 2
32982 32983 71
33064 33063 91
33063 33062 39
33062 33061 69
33063 39118 79
39118 39117 38
39117 39116 43
39118 39119 85
33119 33120 91
33120 33121 85
33191 33192 91
33192 33193 22
33193 33194 11
33359 33358 91
33358 33357 90
9747 33402 91
33402 33401 35
33456 33457 91
33457 33458 58
33458 33459 1
33459 33460 32
33460 33461 52
33624 33625 91
33625 33626 64
33626 33627 17
33626 6732 32
6732 6731 44
6731 6730 36
6730 6729 34
6729 6728 9
6728 6727 31
33627 33628 49
6732 6733 53
6733 6734 13
6734 6735 10
6735 6736 18
33628 33629 72
33629 33630 57
33630 33631 69
33631 33632 80
33632 33633 63
33633 33634 42
6736 6737 84
6737 42146 6
6737 6738 31
42146 42147 34
6738 6739 46
6739 6740 41
6740 6741 43
6741 6742 49
6742 6743 34
42146 42145 52
33634 33635 84
33635 33636 28
33636 33637 51
33637 33638 28
33638 33639 8
33639 33640 77
33640 33641 84
33641 33642 29
33642 33643 23
33643 33644 59
6743 6744 85
6744 6745 34
6744 19296 38
19296 19295 35
6745 6746 44
6746 6747 83
6747 6748 12
6748 6749 20
6749 6750 78
6750 6751 87
6751 6752 44
6752 6753 2
33971 33972 91
33972 33973 62
33973 33974 49
33974 33975 71
33975 33976 28
33976 33977 23
33977 33978 31
33978 33979 51
33979 33980 60
33980 33981 75
33981 33982 2
33982 33983 26
34466 34467 91
34467 34468 87
34479 34480 91
34480 34481 49
34481 34482 39
34675 34676 91
34744 34743 91
34743 34742 7
34742 34741 24
34741 34740 6
34740 34739 78
34739 34738 91
34738 34737 48
34763 34764 91
34764 34765 66
34765 34766 47
34765 10725 54
10725 10726 33
34766 34767 69
34767 34768 23
34768 34769 29
34769 34770 44
34770 34771 36
34771 34772 88
34772 34773 6
34773 34774 33
34774 34775 20
34775 34776 32
34776 34777 89
34777 34778 59
34778 34779 57
49006 34904 91
34904 34903 64
34903 7717 20
7717 7718 59
7718 7719 5
7717 7716 60
7716 7715 6
34903 34902 71
34902 34901 14
7715 7714 72
7714 7713 58
7713 7712 59
7712 7711 65
34904 34905 82
34905 34906 15
34906 34907 65
34907 34908 11
34908 34909 57
34909 34910 54
34910 34911 56
34911 34912 83
34912 34913 40
34913 34914 57
34914 34915 82
34915 34916 80
34916 34917 56
34917 21410 56
21410 21411 80
21411 21412 76
21412 21413 42
21413 21414 72
21414 21415 70
21415 21416 60
21416 10466 6
21416 21417 14
10466 10465 62
10465 10464 35
10464 10463 23
10463 10462 56
10462 10461 7
10466 10467 63
10467 10468 33
10461 10460 80
10460 10459 76
10459 10458 71
10458 10457 43
10457 10456 59
21417 21418 81
21418 21419 10
21419 21420 23
21420 21421 85
21421 21422 27
21422 21423 45
21423 21424 31
21424 21425 45
21425 21426 3
21426 21427 16
21427 21428 26
34917 34918 85
34918 34919 73
34919 34920 39
34920 34921 11
10456 10455 86
10455 10454 12
10454 10453 75
10453 10452 3
7719 7720 88
7720 7721 5
7721 7722 51
7722 7723 73
7723 7724 79
7724 7725 40
35417 35416 91
35765 35766 91
35766 35767 51
35767 35768 80
35768 35769 69
35769 41615 34
41615 41614 24
41614 7377 33
41615 41616 43
35769 35770 45
35770 35771 28
7377 7376 46
7376 7375 53
7375 7374 22
7377 7378 63
7374 7373 78
7373 7372 9
7372 7371 24
7371 7370 54
7370 7369 71
35771 35772 82
35772 35773 7
41614 41613 83
41613 28103 25
28103 28104 54
41613 41612 63
28104 28105 67
28105 28106 18
35773 35774 85
35774 35775 80
7369 7368 88
7378 7379 88
41616 41617 89
35996 35997 91
35997 35998 81
35998 35999 38
35999 36000 62
36191 36192 91
36192 36193 43
36193 36194 20
36452 36451 91
36631 36630 91
37096 37095 91
37095 37094 26
37094 37093 49
37093 37092 19
37092 37091 59
37091 37090 14
37090 37089 11
37089 37088 39
37872 37873 91
37873 37874 67
38094 38093 91
38093 38092 19
38132 38131 91
38131 38130 61
38130 38129 84
38129 38128 82
38128 38127 53
38127 38126 39
38126 38125 70
38125 38124 7
38124 38123 1
38123 38122 12
38122 38121 6
38121 38120 79
38120 38119 17
38119 38118 48
38118 38117 13
38117 38116 28
38116 38115 52
38207 38208 91
38208 38209 32
38209 38210 31
38210 38211 58
38211 38212 79
38290 38289 91
38289 38288 72
38288 38287 3
38287 38286 30
38286 38285 86
38285 38284 83
38284 38283 7
18556 38305 91
38305 38304 4
38305 38306 78
38306 38307 36
38307 38308 19
38308 38309 33
38309 38310 43
38310 21253 46
38310 38311 46
21253 21252 50
38311 38312 69
38312 38313 85
38313 38314 2
38383 38384 91
38384 38385 50
38542 38543 91
38543 38544 30
38544 38545 83
38545 38546 3
38636 38637 91
38637 38638 17
38906 38905 91
38905 38904 58
38904 38903 27
38903 38902 75
38902 38901 15
38901 38900 3
38900 38899 34
38899 38898 27
38898 38897 43
38897 38896 20
38896 38895 62
39238 39239 91
39239 39240 21
39240 39241 55
39573 39572 91
39572 39571 80
39596 39595 91
39798 39797 91
39797 39796 37
40109 40108 91
40485 40484 91
40484 40483 89
40483 40482 60
40482 40481 80
40481 40480 60
40723 40722 91
40722 40721 71
40721 40720 56
40879 40880 91
40880 40881 73
40881 40882 76
40882 40883 89
40883 40884 88
40884 40885 20
40885 40886 44
40886 40887 50
40887 40888 61
40888 40889 80
40889 40890 31
40890 40891 29
40891 40892 14
40920 40919 91
40919 40918 10
41069 41068 91
41068 41067 30
41067 41066 87
41175 41174 91
41174 41173 14
41173 41172 32
41393 41394 91
41394 41395 77
41395 41396 29
41396 41397 87
41397 41398 75
41398 41399 58
41399 41400 82
41400 41401 8
41850 41849 91
41849 41848 64
41848 41847 57
41847 41846 73
41846 41845 81
41845 41844 82
41844 41843 27
41843 41842 40
41842 27488 38
27488 27489 36
27489 27490 36
27490 27491 60
41842 41841 61
41841 41840 25
41840 41839 78
41839 41838 39
41838 41837 86
41837 41836 2
41836 41835 70
41835 41834 13
41834 41833 25
27488 27487 89
27487 27486 88
27486 27485 86
42179 42178 91
42178 42177 83
42177 42176 48
42334 42335 91
42335 42336 19
42336 42337 42
42684 42683 91
42767 42768 91
42768 42769 46
42769 42770 33
42770 42771 60
42771 42772 58
42772 42773 81
42773 42774 53
42774 42775 73
42775 42776 77
42910 42911 91
43522 43521 91
43542 43541 91
43541 43540 48
43540 43539 53
43539 43538 3
43538 43537 38
43537 43536 24
43536 43535 65
43692 43693 91
43693 43694 31
43706 43707 91
43727 43728 91
43728 43729 27
43728 38559 64
38559 38558 4
38559 38560 24
38558 38557 61
38557 38556 1
38556 38555 67
38555 38554 63
38554 38553 5
38553 38552 66
38552 38551 20
38551 38550 62
43729 43730 72
38550 38549 79
38549 38548 24
43843 43844 91
43844 43845 17
43845 43846 75
43846 43847 46
43847 43848 46
43848 43849 29
43904 43905 91
43905 43906 12
44603 44604 91
44604 44605 79
44864 44863 91
45064 45063 91
45063 45062 16
45062 45061 42
45061 45060 43
45060 45059 88
45498 45497 91
45497 45496 45
45496 45495 1
45495 45494 44
45494 45493 24
45636 45635 91
45635 45634 7
45634 45633 33
45633 45632 64
45653 45652 91
45652 45651 69
45651 45650 52
45650 45649 77
45649 45648 27
45648 45647 12
45647 45646 45
45646 45645 44
45645 45644 43
45747 45746 91
45746 45745 90
45745 45744 70
45744 45743 78
45743 45742 39
45742 45741 23
45741 45740 27
46153 46154 91
46154 46155 16
46155 46156 84
46156 46157 58
46157 46158 40
46158 46159 7
46159 46160 30
46160 46161 71
46161 46162 62
46162 46163 50
46163 46164 43
46164 46165 42
46165 46166 29
46166 46167 24
46167 46168 29
46168 46169 64
46169 46170 23
46170 46171 38
46171 46172 78
46172 46173 37
46173 46174 35
46256 46257 91
46257 46258 24
46258 46259 57
46259 46260 12
46260 46261 41
46261 46262 54
17811 46501 91
46501 46500 35
46501 46502 62
46502 46503 37
46503 46504 85
46528 46527 91
46527 46526 41
46559 46560 91
46560 46561 3
46955 46954 91
46971 46970 91
46970 46969 91
46969 46968 53
46968 46967 67
46967 46966 35
46966 46965 85
47076 47075 91
47075 47074 7
47074 47073 59
47073 47072 2
47726 47725 91
47725 47724 76
47724 47723 47
47723 47722 19
47722 47721 62
47721 47720 19
47929 47928 91
47928 47927 10
47927 47926 86
47926 47925 25
47925 47924 66
48437 48438 91
48438 48439 46
48462 48463 91
48471 48472 91
48472 48473 48
48473 48474 39
48474 48475 62
48475 48476 82
48476 48477 79
48477 48478 82
48478 48479 24
48479 48480 22
48480 48481 49
48481 48482 30
48482 48483 25
48483 48484 14
48484 48485 49
48485 49554 50
49554 49555 37
48485 48486 74
48486 48487 52
48487 48488 55
49554 49553 85
49555 49556 89
49556 49557 77
49557 49558 41
49558 49559 78
49559 49560 51
49560 49561 11
49561 49562 48
48577 48576 91
48576 48575 41
48785 48786 91
48786 48787 45
48787 48788 11
48788 48789 51
48789 48790 32
48790 48791 59
48791 48792 14
48792 48793 56
48793 48794 32
48794 48795 18
48795 48796 4
48796 48797 10
48797 48798 18
48797 21369 29
21369 21368 11
48798 48799 50
48799 48800 56
48800 48801 32
48801 48802 21
49133 49132 91
49132 49131 16
49131 49130 36
49130 49129 54
49129 49128 36
49128 49127 39
49127 49126 49
49126 49125 20
49125 4045 24
4045 4044 45
4044 4043 47
49125 49124 60
4043 4042 69
4042 4041 27
49419 49420 91
49449 49448 91
49448 49447 3
49447 49446 87
41159 49618 91
49618 49617 26
49617 49616 4
49618 49619 35
49616 49615 54
49885 49884 91
49949 49948 91
49948 49947 12
49947 49946 25
249 248 92
248 247 77
247 246 8
246 245 72
287 288 92
288 289 66
289 22568 7
289 290 60
22568 22567 74
22567 22566 64
329 330 92
330 331 78
331 332 7
332 333 52
379 380 92
748 747 92
747 746 21
746 745 61
745 744 44
12716 784 92
784 783 61
783 782 13
782 781 8
781 780 18
780 779 50
46374 858 92
858 859 92
859 860 85
860 861 29
880 879 92
879 878 41
878 877 51
877 46294 27
46294 46295 66
46294 46293 88
46293 46292 52
46292 6140 17
6140 6141 47
46292 46291 64
6141 6142 75
6142 6143 91
6143 6144 21
6144 6145 22
6145 6146 82
6146 6147 46
6147 6148 74
6148 6149 16
6149 6150 29
6150 6151 7
1057 1058 92
1058 1059 78
1059 1060 30
1082 1083 92
1083 1084 22
1084 1085 60
1085 1086 74
1536 1535 92
1547 1548 92
1548 1549 19
1549 1550 37
1550 1551 52
1551 1552 19
1552 1553 20
1608 1609 92
1609 1610 7
1822 1821 92
1866 1865 92
1865 1864 61
1940 1939 92
1939 1938 73
1938 1937 56
2523 2524 92
2524 2525 57
2525 2526 69
3125 3124 92
3124 3123 76
3256 3255 92
3255 3254 64
3254 3253 42
3253 3252 20
3252 28897 74
28897 20797 8
20797 20798 17
20797 20796 32
20796 20795 10
20795 20794 81
20794 20793 84
20793 20792 38
20792 20791 87
20791 20790 39
20790 20789 66
20789 20788 3
3614 3613 92
3774 3775 92
3775 3776 48
3776 3777 72
3777 3778 46
4137 4138 92
4138 4139 24
4139 4140 19
4140 4141 73
4141 4142 6
4142 4143 47
4143 4144 65
4144 4145 39
4145 4146 43
4146 4147 68
4147 4148 51
4148 4149 55
4149 4150 78
4189 4190 92
4190 4191 72
4191 4192 45
4192 4193 18
4193 4194 49
4194 4195 24
4191 13892 87
13892 13891 1
13891 13890 64
13890 13889 49
13889 13888 58
13888 13887 8
13887 13886 16
13886 13885 39
13885 13884 42
13892 13893 82
13893 13894 55
13894 13895 57
4999 5000 92
5000 5001 84
5020 5019 92
5019 5018 60
5018 5017 20
5017 5016 21
5016 5015 26
5015 5014 43
5014 5013 88
5013 5012 56
5012 5011 7
5011 5010 73
5010 12773 4
12773 12772 35
5010 5009 47
5009 5008 56
5008 5007 62
5082 5083 92
5185 5186 92
5186 5187 56
5256 5257 92
5257 5258 12
5258 5259 31
5259 5260 25
5260 5261 84
5261 5262 7
5262 5263 89
5263 5264 53
5293 5294 92
5294 5295 29
5295 5296 82
5296 5297 82
5297 5298 92
5298 5299 15
5299 5300 24
5300 5301 46
5301 5302 46
5302 5303 35
5303 5304 60
5304 5305 46
5305 5306 15
5406 5407 92
5527 5526 92
5526 5525 78
5840 5839 92
5839 5838 44
5838 5837 9
5837 5836 74
5836 5835 51
5835 5834 9
5834 5833 18
5833 5832 76
5832 5831 3
5831 5830 86
5830 5829 44
5829 5828 25
5828 5827 64
5827 5826 84
5826 5825 44
5873 5872 92
5872 5871 74
5871 5870 45
5870 5869 46
5869 5868 34
5869 10168 61
10168 10167 25
10167 10166 87
10166 10165 8
10165 10164 64
10164 10163 19
10163 10162 70
10162 10161 74
10161 10160 74
10160 10159 4
10159 10158 69
10158 10157 88
10157 10156 29
10156 10155 54
10155 10154 38
10154 10153 72
10153 10152 76
6525 6524 92
6888 6887 92
6887 6886 2
6886 6885 33
7259 7258 92
7258 7257 42
24268 7536 92
7536 7535 2
7535 7534 4
7534 7533 62
7536 7537 70
7537 7538 45
7538 45880 66
45880 45881 30
7538 7539 84
45881 45882 85
45882 45883 25
7533 7532 91
7532 7531 9
7531 7530 25
7530 7529 9
7529 7528 68
7616 7615 92
7615 7614 13
7614 7613 65
7613 41382 85
41382 41383 31
41383 41384 33
41384 41385 1
41385 41386 38
41382 41381 67
41381 41380 63
41380 41379 75
41379 41378 3
7741 7740 92
7740 7739 68
7977 7978 92
7978 7979 14
7979 7980 1
8003 8004 92
8004 8005 68
8005 8006 52
8006 8007 1
8370 8371 92
8371 8372 2
8372 8373 55
8373 8374 41
8374 8375 40
8615 8616 92
8616 8617 84
8617 8618 91
8618 8619 91
8619 8620 85
8721 8722 92
8722 8723 35
8723 8724 6
8724 8725 69
8725 8726 48
8726 8727 84
8980 8979 92
8979 41422 11
8979 8978 36
41422 41423 70
41423 41424 70
41424 41425 57
8978 8977 76
8977 8976 70
41422 41421 81
41421 41420 25
41420 41419 2
41419 41418 70
41418 41417 27
41417 41416 35
41416 41415 36
41425 41426 83
41426 41427 36
41427 41428 57
41428 41429 78
41429 41430 13
41430 41431 42
41431 41432 79
41432 41433 58
41433 41434 44
41434 41435 84
41435 41436 7
41436 41437 41
9252 9253 92
9513 9512 92
9512 9511 33
9511 9510 42
9510 9509 17
9509 9508 65
9508 9507 81
9507 9506 31
9506 9505 28
9579 9578 92
9578 9577 59
9577 9576 39
9576 9575 79
9575 9574 34
9574 9573 56
9573 9572 19
9697 9696 92
9696 9695 68
9695 9694 83
9694 9693 80
9693 9692 34
9692 9691 18
10028 10027 92
10027 10026 66
10487 10486 92
10486 10485 54
10485 10484 15
10484 10483 19
10483 10482 75
10482 10481 22
10593 10594 92
10594 10595 65
10595 10596 28
10596 10597 3
10597 10598 39
10598 10599 71
10599 10600 25
10600 10601 27
10601 10602 71
10602 10603 41
10644 10645 92
10645 10646 49
10646 10647 72
10647 10648 76
10878 10879 92
10879 10880 61
10880 10881 90
10881 10882 71
10882 10883 83
10883 10884 17
10960 10959 92
11036 11037 92
11037 11038 43
11041 11042 92
11042 11043 55
11043 11044 17
11044 11045 28
11045 11046 87
11062 11061 92
11061 11060 91
11356 11355 92
42233 11579 92
11579 11578 62
11579 11580 83
11580 11581 50
11581 11582 68
11578 11577 90
11866 11865 92
11865 11864 56
11864 11863 34
11863 11862 85
11862 11861 91
11861 11860 89
11860 11859 65
11859 11858 28
11858 11857 47
12084 12083 92
12083 12082 2
12082 12081 56
12081 12080 69
12080 12079 82
12079 12078 85
12078 12077 36
12154 12155 92
12155 12156 82
12156 12157 87
12308 12309 92
12751 12752 92
12752 12753 75
13573 13574 92
13574 13575 36
13575 13576 92
13576 13577 8
13577 13578 31
13578 13579 26
13579 13580 37
13660 13659 92
13659 13658 61
13658 13657 42
13657 13656 30
13658 8677 62
8677 8678 3
8678 8679 38
8679 8680 26
8680 8681 52
8681 8682 2
8677 8676 53
8682 8683 62
8676 8675 65
8680 19759 65
19759 19760 9
19760 19761 74
19761 19762 28
13656 13655 90
13655 13654 6
13654 13653 70
13653 13652 41
13652 13651 43
19762 19763 91
19763 19764 80
19764 19765 74
19765 19766 52
19766 19767 19
19767 19768 19
19768 19769 85
19769 19770 58
19770 19771 33
19771 19772 84
19772 19773 74
19773 19774 91
19774 19775 34
19775 19776 21
19776 19777 65
19777 19778 82
19778 19779 62
19779 19780 6
14007 14006 92
14006 14005 62
14005 14004 46
14004 14003 14
14003 14002 51
14002 14001 10
14001 14000 18
14000 13999 81
13999 13998 16
14224 14223 92
14223 14222 10
14830 14829 92
14829 14828 49
14944 14945 92
14945 14946 72
15182 15183 92
15183 15184 6
15184 15185 55
15185 18943 1
18943 18944 60
18943 18942 80
18942 18941 25
16035 16034 92
16034 16033 61
16205 16204 92
16204 16203 54
16203 16202 89
16271 16270 92
16270 16269 51
16269 16268 47
16619 16618 92
17453 17452 92
17452 17451 48
17451 17450 36
17450 17449 30
17449 17448 35
17448 17447 86
17447 17446 62
17446 17445 74
17445 17444 51
17444 17443 55
17443 17442 55
17442 17441 19
17441 17440 73
17738 17739 92
17739 17740 72
17740 17741 40
17741 17742 24
17742 17743 22
17790 17789 92
17789 17788 78
17914 17913 92
17913 17912 60
17912 17911 37
17911 17910 87
17910 17909 73
17909 17908 56
17908 17907 63
17907 17906 75
17938 17937 92
18053 18052 92
18052 18051 79
18051 18050 64
18050 18049 92
18049 18048 38
18049 46481 88
46481 46480 30
46481 46482 56
46480 46479 75
46479 46478 8
46478 46477 9
46477 46476 16
18048 18047 90
18047 18046 26
18105 18104 92
18104 18103 33
18103 18102 84
18102 18101 17
18101 18100 88
18100 18099 91
18099 18098 39
18098 18097 72
18097 18096 17
18138 18137 92
18137 48179 83
48179 48178 37
18159 18158 92
18158 18157 48
18157 18156 34
18753 18754 92
18754 18755 90
18800 18799 92
18799 18798 47
18798 18797 33
18797 18796 74
18796 18795 64
18908 18907 92
18907 18906 41
18906 18905 31
18905 18904 45
18904 18903 62
18903 18902 25
18902 18901 18
18901 18900 14
19093 19092 92
19092 19091 4
19091 19090 2
19090 19089 51
19089 19088 51
19549 19550 92
19550 19551 45
19551 19552 50
19552 19553 27
19553 19554 84
19554 19555 53
19555 19556 3
19556 19557 78
19557 19558 6
19558 19559 70
19559 19560 6
19560 19561 63
19561 19562 12
19562 19563 72
19563 48981 67
48981 48982 57
48981 48980 69
48980 48979 51
48979 48978 33
48978 48977 82
48977 48976 15
48976 48975 48
48975 48974 58
19724 19723 92
19723 19722 11
19722 19721 10
19721 19720 51
19720 19719 72
20717 20716 92
20716 20715 12
20715 20714 82
21245 21246 92
21246 21247 44
21247 21248 4
21248 21249 89
21249 21250 1
21250 21251 22
21372 21371 92
21371 21370 64
21839 21838 92
22112 22111 92
22111 22110 74
22110 22109 79
22109 22108 84
22108 22107 42
22107 22106 70
22106 22105 7
22105 22104 53
22104 22103 41
22103 22102 29
22103 41153 31
41153 41152 48
41153 41154 58
41154 41155 22
41155 41156 44
22102 22101 70
41156 41157 70
41152 41151 78
41151 41150 38
22279 22280 92
22280 22281 31
22281 22282 78
22282 22283 45
22283 22284 12
22284 22285 55
22285 22286 40
22317 22318 92
22318 22319 11
22319 41001 31
41001 41002 30
41002 41003 15
22319 22320 53
22320 22321 15
41003 41004 60
41004 41005 16
22321 22322 62
22322 22323 25
41001 41000 70
22323 22324 74
22324 22325 26
22325 22326 63
22326 22327 57
22327 22328 39
22328 22329 32
22329 22330 82
41000 40999 90
40999 40998 35
40998 40997 27
40997 40996 87
22330 22331 92
22331 22332 28
22332 22333 78
22333 22334 34
22334 22335 73
22355 22354 92
22452 22451 92
22451 22450 1
22587 22588 92
22588 22589 49
22589 22590 78
22590 22591 48
22591 22592 58
22592 22593 36
22593 22594 1
22594 22595 59
23198 23199 92
23199 23200 13
23200 23201 29
23201 23202 62
23202 23203 56
23344 23343 92
23343 23342 35
23342 23341 45
23341 23340 45
23340 23339 62
23396 23395 92
23395 23394 21
23394 23393 31
24043 24044 92
24563 24562 92
24562 24561 16
24561 24560 71
24560 24559 75
24559 24558 13
24558 24557 91
24557 24556 69
24556 24555 8
24555 24554 29
24554 24553 9
24553 24552 46
24552 24551 20
24551 24550 8
24550 24549 18
24552 37264 90
37264 37265 1
37265 37266 57
24630 24631 92
24631 24632 67
24632 24633 45
24918 24917 92
24917 24916 73
24916 24915 67
24915 24914 67
24914 24913 43
25101 25102 92
25102 25103 70
25103 25104 42
25104 25105 85
25105 25106 5
25106 25107 82
24787 25256 92
25256 25255 40
25255 25254 20
25254 25253 7
25577 25578 92
25578 25579 44
25579 25580 21
25580 25581 49
26308 26307 92
26307 26306 14
26306 26305 92
26305 26304 31
26304 26303 68
26303 26302 39
26303 12608 63
12608 12607 64
12607 12606 40
12606 12605 40
12605 12604 35
12604 12603 17
26302 26301 79
26301 26300 68
26300 26299 16
26299 26298 46
26298 26297 29
26297 26296 49
26508 26507 92
26507 26506 78
26506 26505 45
27142 27143 92
27143 27144 22
27144 27145 78
27145 27146 75
27146 27147 65
27147 27148 54
27148 27149 65
27149 27150 58
27150 27151 8
27151 27152 56
27408 27407 92
27636 27637 92
27637 27638 56
27638 27639 19
27639 27640 38
27640 27641 47
27641 27642 90
27642 27643 91
27750 27751 92
27751 27752 5
27752 27753 61
27753 27754 63
28051 28052 92
28052 28053 90
28510 28511 92
28511 28512 46
28512 28513 46
28513 28514 27
28671 28672 92
28682 28681 92
28681 28680 31
28680 28679 86
28679 28678 64
28678 28677 13
28677 28676 80
28676 28675 21
28675 28674 64
28674 28673 35
28765 28764 92
28764 28763 24
28763 28762 24
28762 28761 33
28761 28760 72
28760 28759 22
28759 28758 45
48093 29186 92
29186 29187 1
29187 29188 31
29188 29189 58
29189 29190 31
29190 29191 47
29191 29192 58
29192 29193 47
29193 29194 7
29186 29185 70
29194 29195 91
29195 29196 30
29196 29197 84
29197 29198 89
29198 29199 89
29199 29200 64
29200 29201 73
29201 29202 49
29202 29203 74
29203 29204 51
29204 29205 41
29205 29206 10
29206 29207 28
29207 29208 14
29185 29184 92
29240 29239 92
29239 29238 47
29238 29237 28
29237 29236 80
29236 29235 47
29235 29234 7
29234 29233 16
29233 29232 57
29232 29231 35
29231 29230 49
29376 29377 92
22275 29494 92
29494 29495 2
29494 29493 18
29493 29492 63
29492 29491 82
29491 29490 37
29490 29489 5
29489 29488 7
29489 4856 85
4856 4855 5
4855 4854 9
4854 19748 46
4856 4857 50
4857 4858 20
4858 4859 14
4859 4860 7
4860 4861 46
4861 4862 37
4862 4863 35
4863 4864 36
19748 19747 50
19747 19746 57
19746 19745 51
19745 19744 55
19744 19743 11
4854 4853 66
4853 4852 55
19743 19742 74
19742 19741 82
19741 19740 76
19740 19739 3
19739 19738 13
4852 4851 91
4851 4850 51
4850 4849 5
4849 4848 75
4848 4847 33
29498 29499 92
29503 29502 92
29502 29501 15
29501 29500 3
29610 29609 92
29609 29608 81
30084 30085 92
30085 30086 27
30086 30087 40
30476 30475 92
30475 30474 25
30479 30480 92
30895 30894 92
30894 45794 41
45794 45793 25
30894 30893 71
45794 45795 72
45795 45796 40
45796 45797 61
45793 45792 76
45792 45791 35
45791 45790 41
45790 45789 73
45789 45788 69
45788 45787 78
45787 45786 59
45786 45785 81
45785 45784 6
45784 45783 21
30893 30892 88
30892 30891 2
30891 30890 6
30890 30889 2
31022 31021 92
31021 31020 24
31020 31019 76
31019 31018 45
31144 31143 92
31282 31283 92
31283 31284 58
31284 31285 24
31285 31286 73
31286 31287 89
31287 31288 74
31288 31289 64
31289 31290 18
31290 31291 66
31291 31292 48
31292 31293 46
31293 31294 9
31294 31295 47
31295 31296 79
31296 31297 81
31297 31298 76
31298 31299 77
31395 31396 92
31396 31397 65
31399 31398 92
17705 31879 92
31879 31880 77
31880 31881 48
31911 31912 92
31912 19129 41
19129 19128 6
19128 19127 53
19127 19126 38
31912 31913 66
31913 31914 13
31914 31915 62
31915 31916 89
31916 31917 31
31917 31918 83
31918 31919 31
31919 31920 36
31920 31921 6
19129 19130 92
19130 19131 8
19131 19132 4
19130 41863 15
41863 41864 49
19132 19133 50
41864 41865 53
19133 19134 63
19134 19135 65
41863 41862 68
41862 41861 65
41861 26352 10
26352 26351 9
26351 26350 13
41861 41860 66
41860 41859 30
41859 41858 18
41858 41857 28
41857 41856 80
41861 34841 84
19135 19136 86
19136 19137 41
19137 19138 84
19138 19139 10
26352 26353 92
26353 26354 12
26354 26355 54
26355 26356 65
26356 26357 21
26357 26358 73
26358 26359 69
31991 31992 92
31992 31993 9
31993 31994 71
31994 31995 89
31995 31996 61
31996 31997 48
31997 31998 3
31998 31999 60
31999 32000 3
32000 32001 2
32001 32002 13
32002 32003 25
32003 32004 45
32004 32005 76
32005 32006 83
32576 32577 92
32577 32578 87
32578 32579 62
32579 32580 83
32580 32581 83
32581 32582 36
32582 32583 45
32581 49234 55
49234 49233 3
49234 49235 44
49233 49232 45
49232 49231 22
49231 49230 70
49230 49229 28
32583 32584 76
33194 33195 92
33195 33196 53
33196 33197 65
33197 33198 2
33198 33199 38
33199 33200 69
33518 33519 92
33519 33520 9
33567 33566 92
33705 33706 92
33706 33707 29
33707 33708 34
33708 33709 13
33709 33710 74
33756 33757 92
33757 33758 72
33758 33759 23
33759 33760 51
34132 34131 92
34131 34130 1
34174 34175 92
34175 34176 34
34196 34197 92
34197 34198 51
34305 34306 92
34306 34307 26
34307 34308 43
34308 34309 49
34622 34623 92
34623 34624 7
34624 34625 52
34692 34693 92
34693 34694 37
41626 34708 92
34708 34707 28
34708 34709 35
34717 34718 92
34718 34719 51
34719 34720 88
34720 34721 55
34721 34722 38
34722 34723 27
34723 34724 36
34750 34751 92
34751 34752 15
34752 34753 61
34753 34754 25
34754 34755 72
34807 34808 92
34808 34809 46
34809 34810 3
34810 34811 57
34811 34812 52
34812 34813 55
34813 34814 79
34814 34815 61
34815 34816 26
34816 34817 88
35054 35053 92
35053 35052 18
35052 35051 57
35051 35050 60
35050 34365 43
34365 34366 81
34365 34364 83
34364 14170 34
14170 14169 18
14169 14168 14
14170 14171 48
14168 14167 51
14171 14172 81
14172 14173 9
14173 14174 77
14174 14175 7
14175 14176 53
34366 34367 85
34367 34368 23
34368 34369 31
34369 34370 16
34370 34371 51
34371 34372 92
34372 34373 83
35268 35269 92
35269 35270 88
35270 35271 25
35271 35272 51
35272 35273 80
35273 35274 57
35274 35275 13
35275 35276 82
35276 35277 58
35277 35278 21
35278 35279 37
35279 35280 22
35280 35281 49
35281 35282 38
35282 20344 9
35282 35283 29
20344 20343 68
20343 20342 88
35283 35284 89
35284 35285 55
35285 35286 40
35312 35313 92
35313 35314 45
35314 35315 60
35315 35316 67
35578 35579 92
35579 35580 59
35580 35581 59
35581 35582 7
35732 35733 92
35733 35734 23
35834 35835 92
35835 35836 65
35836 35837 47
36362 36361 92
36487 36488 92
2894 36874 92
36874 36875 72
36875 36876 52
36876 36877 59
36877 36878 14
36878 36879 83
36879 36880 44
36880 36881 10
36881 36882 50
36882 36883 35
36883 36884 59
37103 37104 92
37104 37105 35
37105 37106 34
37106 37107 67
37107 37108 39
37108 37109 57
37109 37110 14
37110 37111 81
37111 37112 50
37112 37113 45
37113 37114 5
37114 37115 74
37115 37116 3
37116 37117 63
37117 37118 52
37655 37654 92
37834 37835 92
37835 37836 10
38424 38425 92
38425 38426 7
38570 38571 92
38571 38572 84
38572 38573 88
38573 38574 15
38574 38575 71
38575 38576 7
38575 31427 72
31427 31426 13
31426 31425 19
31425 31424 75
31424 31423 46
31423 31422 75
38953 38954 92
38954 38955 78
39052 39053 92
39053 39054 71
39054 39055 24
39055 39056 38
39056 39057 46
39057 39058 80
39058 39059 32
39059 39060 75
39060 39061 73
39061 39062 39
39062 39063 58
39159 39158 92
39158 39157 58
39157 39156 38
39156 39155 88
39155 39154 49
39154 39153 17
39153 39152 4
39152 39151 57
39232 39231 92
39231 39230 22
39230 39229 11
39229 39228 75
39228 39227 88
39227 39226 53
39226 39225 11
39225 39224 17
39224 39223 77
39223 39222 14
39222 39221 41
39236 39235 92
39241 39242 92
39242 39243 32
39243 39244 11
39470 39471 92
39471 39472 70
39472 39473 84
39473 39474 17
39520 39521 92
39521 39522 40
39522 39523 38
39523 39524 60
39524 39525 3
39785 39786 92
39786 39787 61
39787 39788 69
39788 39789 81
39789 39790 20
39910 39909 92
40236 40237 92
40316 40315 92
40315 40314 39
40314 40313 64
40319 40320 92
40320 40321 5
40321 40322 68
40632 40633 92
41090 41089 92
41089 41088 47
41257 41258 92
41270 41269 92
41277 41276 92
41276 41275 63
41275 41274 8
41274 41273 59
41273 41272 83
41272 41271 68
41341 41342 92
41342 41343 76
41605 41606 92
41606 41607 47
41607 41608 5
41608 41609 55
41609 36255 67
36255 36254 8
36254 36253 9
36255 36256 36
36253 36252 41
36252 36251 22
36251 36250 18
36250 36249 55
36249 36248 5
36248 36247 17
36247 36246 15
36249 111 38
36246 36245 60
36256 36257 60
36257 36258 28
36258 36259 6
36259 27245 26
27245 27244 1
36259 36260 41
36260 36261 49
27244 27243 55
111 110 66
27245 27246 68
27246 27247 76
27247 27248 54
27248 27249 48
27249 27250 24
36261 36262 78
36262 36263 63
110 109 82
109 108 43
108 107 79
36263 36264 83
36264 36265 84
36265 36266 78
36266 36267 28
36267 36268 38
36268 36269 49
36269 36270 15
41627 41628 92
41628 41629 32
41785 41784 92
41784 41783 79
41783 41782 13
41829 41828 92
41853 41854 92
41854 41855 76
42122 42121 92
42121 42120 59
42120 42119 42
42119 42118 7
42558 42557 92
42557 42556 37
42786 42785 92
42785 42784 15
42784 42783 80
42858 42859 92
42859 42860 84
42860 42861 61
42861 42862 40
42862 42863 78
43015 43014 92
43014 43013 38
43075 43074 92
43074 43073 90
43073 43072 29
43700 43699 92
43775 43776 92
10867 44192 92
44192 44193 12
44192 44191 24
44476 44475 92
44475 44474 78
44474 44473 49
44473 44472 59
44472 44471 55
44518 44519 92
44519 9374 14
44519 44520 17
44520 44521 12
9374 9375 46
9375 9376 8
44521 44522 59
9374 9373 84
44569 44568 92
44568 44567 48
44567 44566 21
44566 44565 69
44565 44564 15
44961 44962 92
44962 44963 20
44963 44964 36
44964 44965 19
45283 45282 92
45282 45281 55
45281 45280 77
45353 45352 92
45352 45351 43
45351 45350 83
45350 45349 79
46021 46020 92
46020 46019 45
46403 46402 92
46402 46401 85
46401 46400 85
46400 46399 32
46399 46398 50
46398 46397 36
46397 46396 49
46396 46395 56
46395 46394 15
46394 46393 1
32116 46473 92
46473 46472 48
46472 46471 67
46473 46474 67
46474 46475 71
46482 46483 92
46483 46484 64
46484 46485 64
46485 46486 36
46486 46487 27
46487 46488 66
46587 46586 92
46586 46585 91
46585 46584 60
46584 46583 52
46583 46582 15
46582 46581 3
46581 46580 58
46580 46579 6
46579 46578 18
46578 46577 38
46577 46576 58
46576 46575 35
46575 46574 3
46574 46573 61
46573 46572 2
46572 46571 71
46571 46570 8
46570 46569 51
46569 33331 78
33331 33330 57
33331 33332 58
33332 33333 38
33333 33334 10
33334 33335 23
33335 33336 60
33330 33329 82
33329 33328 36
33328 33327 81
33327 33326 47
33326 33325 55
33325 33324 82
33324 33323 38
33323 33322 26
33322 33321 31
33321 33320 45
33320 33319 47
46569 46568 82
46568 46567 83
46904 46905 92
46905 46906 79
46906 46907 83
46963 46964 92
47030 47031 92
47031 47032 47
47032 47033 5
47033 47034 3
47034 47035 77
47119 47120 92
47120 47121 77
47123 47122 92
47732 47731 92
47731 47730 17
47730 15080 70
15080 15081 17
15080 15079 74
15079 15078 15
47730 47729 83
15078 15077 91
15077 15076 2
15076 15075 29
15075 15074 78
15074 15073 92
15073 15072 11
15072 15071 53
15071 15070 79
15070 26693 38
26693 26692 51
26692 26691 76
26693 26694 90
26694 26695 7
26695 26696 14
47800 47801 92
48246 48247 92
48247 48248 22
49157 49156 92
49156 49155 18
49155 49154 9
49154 49153 65
49153 49152 15
49152 49151 32
49151 49150 36
49277 49276 92
49276 49275 38
49438 49439 92
49439 49440 90
49440 49441 76
49441 49442 36
49442 49443 59
49443 49444 31
49444 49445 17
49524 49523 92
49523 49522 25
49522 49521 54
49521 49520 78
49520 49519 35
49519 49518 74
49518 49517 38
49517 49516 62
49516 49515 54
49515 49514 72
49514 49513 6
49513 49512 46
49512 49511 88
49511 49510 66
49510 49509 21
49509 49508 28
49609 49608 92
49608 49607 82
49607 49606 79
49606 49605 44
49678 49679 92
49679 49680 48
49680 49681 24
49681 49682 5
49682 49683 26
49683 49684 85
49684 49685 1
49685 49686 19
49686 49687 43
49687 22647 30
22647 22648 38
49687 49688 90
49688 49689 76
49689 49690 33
49690 49691 2
49691 49692 29
49692 49693 26
49693 49694 68
49688 14145 85
14145 14146 20
14146 14147 73
49701 49700 92
49700 49699 75
49699 49698 90
49698 49697 91
49697 49696 47
49696 49695 69
49834 49833 92
49833 49832 75
49832 31877 63
31877 31876 35
31876 31875 66
31875 31874 61
31874 31873 14
31873 31872 31
31877 31878 75
31872 31871 78
31871 31870 72
31878 35890 88
35890 35891 47
35891 35892 8
35892 35893 1
35893 34995 44
34995 34996 33
35893 35894 68
35894 35895 53
35895 35896 50
34996 34997 91
34997 34998 54
34998 34999 88
35896 35897 91
35897 35898 83
35898 35899 64
35899 35900 44
35900 35901 48
35901 35902 27
24 23 93
86 85 93
370 371 93
371 372 33
1425 1424 93
1424 1423 89
1423 1422 63
1422 1421 9
1885 1884 93
1884 1883 55
1883 1882 35
2272 2271 93
2271 2270 43
2270 2269 16
2321 2320 93
2847 2846 93
2846 2845 18
2845 2844 86
2987 2986 93
2986 2985 44
2985 2984 22
3123 3122 93
3122 3121 47
3156 3157 93
3157 3158 54
3158 3159 6
3159 3160 11
3160 35739 60
35739 35738 18
35738 35737 18
3160 3161 74
35739 35740 78
35740 35741 80
3432 3433 93
3534 3533 93
3533 3532 71
3532 3531 22
3531 3530 44
3803 3802 93
3802 3801 90
3801 3800 42
3800 3799 34
3801 13970 59
3799 3798 61
3798 3797 58
3856 3855 93
3855 3854 65
3854 3853 14
3853 3852 23
3852 3851 53
3851 3850 61
3850 3849 33
3849 3848 5
3953 3952 93
3952 3951 53
3958 3959 93
3959 3960 61
3960 3961 39
3961 3962 31
3962 3963 76
3963 3964 40
3964 3965 56
3965 3966 92
3966 3967 61
3967 3968 8
3968 3969 5
4059 4060 93
4060 4061 83
4061 4062 7
4062 4063 7
4641 4640 93
4640 4639 79
4651 4650 93
5689 5690 93
5690 5691 43
5691 5692 5
5692 5693 88
5693 5694 80
5992 5993 93
5993 5994 37
6034 6033 93
6033 6032 77
6032 6031 93
6031 6030 17
6030 6029 43
6029 6028 82
6028 6027 40
6027 6026 52
6026 6025 76
6025 41724 47
41724 41725 67
41725 41726 11
41724 41723 75
6025 6024 76
6024 6023 72
41726 41727 76
6173 6172 93
6172 6171 50
6171 6170 86
6170 6169 39
6244 6243 93
6243 6242 93
6242 6241 36
6241 6240 2
6240 6239 28
6239 6238 24
6238 6237 39
6237 6236 54
6236 6235 28
6235 6234 61
6345 6346 93
6346 6347 80
6347 6348 47
6348 6349 77
6467 6466 93
6466 6465 32
6519 6518 93
6518 6517 28
6602 6603 93
6603 6604 93
6976 6975 93
6975 6974 11
6974 6973 48
7187 7188 93
7210 7209 93
7209 7208 70
7208 7207 71
7207 7206 62
7206 7205 33
7205 7204 67
7204 7203 19
7379 7380 93
7438 7437 93
7437 7436 31
7613 7612 93
7630 7629 93
7629 7628 7
8088 8087 93
8087 8086 38
8086 8085 41
8085 8084 12
8084 8083 13
8083 8082 46
8082 8081 38
8299 8300 93
8300 8301 64
8301 8302 33
8302 35241 10
35241 35240 22
35240 35239 49
35241 35242 66
8302 8303 72
35239 35238 74
8303 8304 92
8446 8447 93
8447 8448 17
8448 8449 58
8828 8827 93
8827 8826 15
8826 8825 84
8825 8824 52
8824 8823 51
9041 9040 93
9040 9039 9
9039 9038 37
9038 9037 49
9037 9036 6
9036 9035 28
9165 9164 93
9164 9163 77
9163 9162 64
9162 9161 47
9161 9160 63
9160 9159 16
9159 9158 58
9158 9157 60
9157 9156 56
9397 9398 93
9398 9399 11
9399 9400 70
9400 9401 30
9401 9402 88
9402 9403 34
9403 9404 32
9404 9405 41
9405 9406 11
9406 9407 57
9407 9408 2
9561 9560 93
9560 9559 31
9715 9716 93
9716 9717 82
9717 9718 28
9718 9719 53
9719 9720 38
9720 9721 26
9724 9723 93
9723 9722 33
10110 10111 93
10149 10150 93
10471 10472 93
10472 10473 56
10473 10474 64
10474 10475 93
10475 10476 65
10476 10477 65
10477 10478 13
10703 10702 93
10702 10701 43
10701 10700 45
10702 23674 69
23674 23673 73
23674 23675 79
23675 23676 49
23676 23677 82
23677 23678 9
23673 23672 85
23672 23671 23
23671 23670 79
23670 23669 91
23669 23668 51
23668 23667 83
23667 23666 11
23666 23665 91
23665 23664 32
23664 23663 69
23663 23662 9
23662 23661 2
23661 23660 48
23660 23659 65
23659 23658 2
23658 23657 62
10939 10940 93
10940 10941 4
10941 10942 28
10942 10943 80
10943 10944 17
10944 10945 16
10955 10956 93
10956 10957 63
10957 10958 76
32468 11032 93
11032 11033 22
11033 11034 70
11032 11031 79
11031 11030 85
11030 11029 21
11029 11028 16
11028 11027 15
11027 11026 2
11026 11025 73
11235 11234 93
35031 11403 93
11403 11402 50
11403 11404 52
11404 11405 1
11405 11406 84
11406 11407 77
11411 11410 93
11410 11409 70
11409 11408 52
11655 11654 93
11654 11653 54
11653 11652 63
11652 11651 46
11651 22995 36
22995 22994 26
22994 22993 51
11651 11650 77
11650 11649 28
11649 11648 47
11648 11647 33
12291 12292 93
12292 12293 78
12293 12294 79
12294 12295 81
12295 12296 75
12296 12297 17
12297 12298 36
12298 12299 58
12299 12300 12
12300 12301 49
12301 12302 37
12302 12303 25
12303 12304 62
12362 12361 93
12402 12403 93
12403 12404 33
12404 12405 28
12405 12406 7
12406 12407 27
12407 12408 5
12408 12409 89
12409 12410 76
12410 12411 22
12411 12412 62
12412 12413 37
12413 12414 35
12432 12433 93
12433 12434 37
12434 12435 57
12435 12436 58
12436 12437 62
12437 12438 86
12438 12439 68
12439 12440 45
12440 12441 61
12441 12442 40
12442 12443 1
12443 12444 53
12444 12445 16
12445 12446 92
12446 12447 47
12447 12448 19
12448 12449 14
12449 12450 54
12450 12451 23
12451 12452 5
12519 12518 93
12518 12517 32
12517 12516 64
12516 12515 51
12515 12514 69
12557 12556 93
12556 12555 60
12555 12554 2
12554 12553 36
12553 12552 80
12552 12551 23
13003 13004 93
13004 13005 86
13005 13006 33
13006 13007 56
13007 13008 28
13008 13009 31
13006 45037 74
45037 45036 15
45036 45035 28
45035 45034 12
45037 45038 39
13009 13010 82
13010 13011 63
13011 13012 6
13012 13013 14
45038 45039 88
45039 45040 49
45040 45041 18
45041 45042 84
45042 45043 53
45043 45044 53
45044 45045 54
45045 45046 1
13013 13014 93
13608 13607 93
13607 13606 15
13606 13605 13
13605 13604 1
13671 13672 93
13672 13673 35
13673 13674 43
13674 13675 9
13961 13962 93
13962 13963 43
13963 13964 14
13970 13971 93
13971 13972 59
13972 13973 34
13973 13974 13
13974 13975 49
13975 34524 61
34524 34523 62
34523 34522 37
34522 34521 1
34524 34525 70
13975 13976 71
13976 13977 48
13977 13978 14
34521 34520 79
34520 34519 43
34519 34518 1
13978 13979 91
14016 14017 93
14017 14018 4
14798 14797 93
15008 15007 93
15007 15006 6
15006 26828 4
26828 26827 49
15006 15005 55
15005 15004 70
26828 26829 83
26829 26830 6
26830 26831 70
26831 26832 54
26827 26826 88
26826 26825 35
15053 15052 93
15248 15247 93
15247 15246 44
15246 15245 23
15245 15244 38
15244 15243 80
15243 15242 47
15465 15464 93
16302 16303 93
16303 16304 65
16304 16305 72
16305 16306 15
16306 16307 29
16307 16308 12
16308 16309 69
16309 16310 48
16310 16311 46
16311 16312 41
43606 16995 93
16995 16996 47
16996 16997 8
16997 16998 63
16998 16999 60
16999 17000 4
16999 39355 40
39355 39354 25
39354 39353 7
39355 39356 52
17000 17001 56
39356 39357 62
39357 39358 31
39358 39359 70
39353 39352 79
39352 39351 77
17001 17002 81
17002 17003 4
17003 17004 8
17004 17005 46
39351 39350 90
39350 39349 70
39349 39348 27
17341 17342 93
17342 17343 52
17540 17541 93
17541 17542 28
17670 17669 93
17669 17668 78
17668 17667 66
17667 17666 76
17666 17665 57
17665 17664 44
17664 17663 52
17663 17662 65
17690 17689 93
17689 17688 51
17688 17687 30
18089 18088 93
18088 18087 61
18087 18086 31
18086 18085 91
18085 18084 49
18084 18083 25
18189 18190 93
18190 18191 70
18191 18192 20
18192 18193 92
18193 18194 50
18194 18195 23
18195 18196 78
18196 18197 35
18293 18292 93
18292 18291 72
18291 18290 18
18290 18289 45
18289 18288 49
18288 18287 72
18287 18286 67
18286 18285 35
18285 18284 36
18284 18283 37
18283 18282 27
18940 18939 93
18939 18938 45
18938 18937 36
19047 19046 93
19046 19045 15
19045 19044 29
19044 19043 66
19043 19042 19
19042 19041 15
19041 19040 61
19040 19039 26
19039 19038 3
19038 19037 84
19037 19036 3
19184 19183 93
19183 19182 40
19182 19181 30
19181 19180 29
19180 19179 8
19179 19178 61
19178 19177 34
19177 19176 39
19176 19175 83
19175 19174 80
19174 19173 48
19679 19678 93
19981 19980 93
19980 19979 65
20175 20174 93
20174 20173 25
20173 20172 48
20172 20171 55
20171 20170 8
20170 20169 63
20169 20168 22
20168 20167 57
20167 20166 71
20166 20165 58
20169 46392 82
46392 46391 40
20561 20562 93
20562 20563 41
20563 20564 63
20591 20592 93
20592 20593 87
20593 20594 17
20594 20595 42
20595 20596 42
20596 20597 88
20597 20598 41
20598 20599 50
21021 21020 93
21020 21019 63
21019 21018 69
21018 21017 7
21017 45047 18
45047 45048 21
45048 45049 80
45049 45050 41
45050 45051 20
45051 45052 88
21431 21430 93
21430 21429 39
21568 21567 93
21567 21566 83
21743 21744 93
21744 21745 51
21745 21746 9
21780 21779 93
21937 21938 93
22425 22426 93
22426 22427 80
22851 22852 93
22852 22853 34
22853 22854 23
22854 22855 17
22855 22856 14
22993 22992 93
2783 23214 93
23214 23215 39
23214 23213 50
23215 23216 50
23216 23217 31
23217 23218 64
23213 23212 66
23212 23211 59
23211 23210 66
23210 24767 6
24767 24766 40
24767 24768 72
24768 24769 8
24769 24770 13
24766 24765 75
24765 24764 20
23218 23219 87
23219 23220 64
23220 23221 9
23221 23222 85
23222 23223 20
23223 23224 35
23224 23225 7
23225 23226 42
23705 23706 93
23909 23908 93
23908 23907 51
23907 23906 1
24155 24156 93
24156 24157 51
24157 24158 92
24158 24159 15
24159 24160 57
24160 24161 10
24161 24162 87
24162 24163 92
24163 24164 27
24164 24165 37
24165 24166 84
24166 24167 45
24167 24168 19
24168 24169 46
24169 24170 5
24414 24413 93
24413 24412 79
24412 24411 14
24411 24410 69
24420 24419 93
24419 24418 91
24418 24417 84
24417 24416 21
24474 24475 93
24475 24476 77
24476 24477 84
24477 24478 3
24478 24479 19
24479 24480 48
24480 24481 79
24481 24482 93
24549 24548 93
24548 24547 2
24725 24724 93
24724 24723 86
24723 24722 57
24722 24721 81
24721 24720 38
24720 24719 23
24719 24718 8
24718 24717 74
24717 24716 77
24716 24715 63
25358 25357 93
25357 25356 51
25398 25397 93
25397 25396 51
25396 25395 24
25395 25394 38
26068 26069 93
26069 26070 2
26070 26071 6
26071 26072 85
26072 26073 57
26073 26074 29
26074 26075 28
26183 26182 93
26243 26242 93
26242 8814 19
8814 8815 11
8815 8816 35
26242 26241 57
8816 8817 62
26241 26240 66
26240 26239 6
26239 26238 1
26238 26237 33
8817 8818 89
8818 8819 87
8819 8820 87
8820 8821 63
8821 8822 72
26237 26236 91
26236 26235 30
26235 26234 72
26234 26233 53
26233 26232 73
26232 26231 55
26231 26230 76
26230 26229 83
26229 26228 65
26228 26227 67
26227 26226 69
26226 26225 6
27388 27387 93
27580 27581 93
27581 27582 23
28005 28006 93
28006 28007 13
28007 28008 70
28008 28009 12
28009 28010 53
28010 28011 81
28011 28012 36
28012 28013 4
28013 28014 70
28014 28015 13
28897 28898 93
28898 28899 49
28899 28900 35
28900 28901 76
28901 28902 71
28902 28903 25
28903 28904 32
28904 28905 12
29134 29135 93
29268 29269 93
29342 29341 93
29341 29340 57
29340 29339 7
29339 29338 83
29338 29337 27
29337 29336 20
29336 29335 86
29335 29334 82
29334 29333 84
29333 29332 16
29332 29331 73
29331 29330 91
29377 29378 93
29378 29379 8
29379 29380 82
29483 29482 93
29482 29481 14
29481 29480 24
29480 29479 86
29569 29568 93
29568 29567 28
29693 29692 93
29692 29691 42
29691 29690 22
29690 29689 92
30171 30172 93
30172 30173 14
30173 30174 65
30174 30175 11
30175 30176 18
30176 30177 30
30177 30178 26
30178 30179 88
30179 30180 47
30180 30181 28
30181 30182 60
30345 30346 93
30346 30347 63
30347 30348 32
30348 30349 66
30349 30350 91
30350 30351 78
30351 30352 85
30352 30353 51
30352 38883 55
38883 38884 24
30353 30354 85
38883 38882 92
38882 38881 26
38881 38880 32
38880 38879 31
38879 38878 20
30354 30355 93
30355 30356 26
30356 30357 14
30357 30358 34
30358 30359 82
30359 30360 83
30360 30361 47
30361 30362 83
30362 30363 58
30363 30364 58
30364 30365 79
30365 30366 33
30366 30367 1
30367 30368 20
30368 30369 79
30369 30370 38
30370 30371 56
30493 30494 93
30494 30495 23
31204 31203 93
31619 31618 93
31881 31882 93
31882 31883 93
32096 32097 93
32097 32098 17
32125 32126 93
32126 32127 84
32127 32128 30
32128 32129 69
32129 32130 10
32130 32131 86
32340 32341 93
32646 32647 93
32681 32680 93
32680 32679 43
32679 32678 48
32678 32677 36
32677 32676 43
32676 32675 76
32783 32784 93
33509 33510 93
33510 33511 84
33691 33690 93
33690 33689 27
33736 33737 93
33843 33844 93
33844 33845 25
34122 34121 93
34121 34120 19
34120 34119 81
34209 34210 93
34259 34260 93
34260 34261 37
34261 34262 81
34262 34263 48
34386 34385 93
34687 34686 93
34838 34839 93
34839 34840 25
35521 35520 93
35737 35736 93
35736 35735 3
35751 35750 93
35750 35749 59
35749 35748 34
36194 36195 93
36359 36358 93
36358 36357 90
36357 36356 76
36356 36355 21
36355 36354 49
36354 36353 23
36353 36352 2
36352 36351 27
36351 36350 46
37266 37267 93
37267 37268 68
37268 37269 65
37269 37270 26
37353 37354 93
37354 37355 28
37355 37356 4
37356 37357 62
37357 37358 93
37358 37359 10
37359 37360 86
37360 37361 42
37361 37362 22
37362 37363 62
37363 37364 17
37475 37476 93
37476 37477 39
37477 37478 9
37478 37479 7
37479 37480 91
37480 37481 51
37605 37604 93
37604 37603 28
37603 37602 80
37602 37601 54
37601 37600 48
37600 37599 83
37599 37598 7
37598 37597 71
37597 37596 50
37596 37595 25
37631 37630 93
37630 37629 6
7725 37752 93
37752 37751 34
37751 37750 83
37750 37749 36
37749 37748 80
37748 37747 41
37747 37746 83
37752 37753 91
37753 37754 34
37754 37755 54
37755 37756 89
37756 37757 92
37757 37758 41
37758 37759 60
38107 38106 93
38106 38105 31
38105 38104 78
38548 38547 93
38641 38640 93
38640 38639 31
38693 38694 93
38694 40591 50
40591 40590 5
40591 40592 17
40592 40593 33
38694 38695 51
38695 38696 1
40593 40594 61
40594 40595 1
40595 40596 28
38696 38697 69
38697 38698 74
39134 39135 93
39135 39136 92
39136 26005 5
39136 39137 71
39137 39138 66
39138 39139 20
39139 39140 53
26005 26004 91
26004 26003 87
26003 26002 76
26002 26001 11
39850 39851 93
39851 39852 31
39852 39853 25
39853 39854 38
39854 39855 49
39855 39856 65
39856 39857 64
39857 39858 9
39858 39859 74
39858 3183 83
3183 3184 24
3183 3182 27
3182 3181 12
3184 3185 47
3185 3186 25
3186 3187 51
3187 3188 34
3188 3741 17
39859 39860 91
39860 39861 34
39861 39862 66
39862 39863 55
39863 39864 20
39864 39865 50
40035 40034 93
40034 40033 82
40033 40032 10
40032 40031 93
40098 40097 93
40097 40096 62
40096 40095 25
40095 40094 58
40508 40509 93
40509 40510 75
40510 40511 15
40511 40512 52
40512 40513 84
40513 40514 33
40514 40515 49
40515 40516 68
40516 40517 32
40517 40518 39
40604 40603 93
40603 40602 52
40602 40601 55
40601 40600 19
40600 40599 90
40599 40598 88
40598 40597 49
40871 40870 93
40870 40869 5
40869 40868 79
40868 40867 61
40867 40866 31
40866 40865 38
40865 40864 8
40942 40941 93
41007 41006 93
41893 41892 93
42143 42144 93
42176 42175 93
42175 42174 50
42174 42173 92
42221 42222 93
42222 42223 42
42223 42224 19
42224 42225 50
17831 43182 93
43182 43181 60
43181 43180 44
43180 43179 56
43458 43459 93
43459 43460 57
43460 43461 27
43461 43462 53
43462 43463 7
43463 43464 74
43464 43465 65
43465 43466 47
43466 43467 63
43796 43795 93
43795 43794 76
43794 43793 70
43793 43792 81
43792 43791 81
43791 43790 6
43790 43789 45
43789 43788 59
43788 43787 30
43787 43786 40
43868 43867 93
43867 43866 75
43866 43865 53
43865 43864 46
43864 43863 67
43863 43862 24
43862 43861 18
43861 43860 45
43860 43859 65
43859 43858 30
43858 43857 92
43857 43856 53
43856 43855 75
43855 43854 6
43854 43853 54
43853 43852 22
43852 43851 50
43851 43850 51
44061 44062 93
44062 44063 43
44063 44064 31
44064 44065 45
44065 44066 90
44066 44067 31
44318 44317 93
44317 44316 50
44316 44315 44
44315 44314 30
44314 44313 68
44416 44417 93
44417 44418 43
44710 44709 93
45248 45247 93
45247 45246 9
45474 45475 93
45475 45476 81
45476 45477 29
45477 45478 25
45478 45479 8
45603 45604 93
45604 45605 53
45605 45606 10
45606 45607 27
45607 45608 6
45608 45609 21
45609 45610 82
45610 45611 21
45731 45730 93
45730 45729 86
45729 45728 54
45778 45779 93
45779 45780 34
45780 45781 50
45781 45782 41
45878 45879 93
45966 45967 93
45967 45968 28
45968 45969 52
45969 45970 57
45970 45971 28
45971 45972 48
45972 45973 41
46391 46390 93
17561 46514 93
46514 46515 20
46515 46516 43
46681 46680 93
46680 46679 17
46679 46678 62
46678 46677 16
46680 37624 65
37624 37625 40
37625 37626 32
46677 46676 66
46676 46675 16
37626 37627 68
37627 37628 7
37624 37623 69
37623 37622 76
37622 37621 81
37621 37620 39
37620 37619 47
37619 37618 48
46816 46815 93
46815 46814 62
46814 46813 37
47108 47107 93
47221 47222 93
47222 47223 59
47223 47224 29
47224 47225 54
47225 47226 1
47226 47227 76
47227 47228 15
47228 47229 75
47229 47230 65
47230 47231 70
47309 47310 93
47310 47311 49
47520 47521 93
47521 47522 59
48007 48006 93
5712 48045 93
48045 48044 38
48045 48046 40
48044 48043 83
48043 48042 26
48042 48041 59
48046 48047 87
48047 48048 40
48041 48040 88
48040 48039 44
48039 25202 15
25202 25201 10
25202 25203 42
48048 48049 88
48049 48050 60
48050 48051 16
48051 48052 23
48052 48053 61
48061 48060 93
48060 48059 58
48059 48058 60
48058 48057 30
48348 48349 93
48349 48350 69
48350 48351 70
48351 48352 35
48352 48353 20
48353 48354 42
49021 49020 93
49020 49019 26
49019 49018 36
49076 49077 93
49077 49078 29
49078 49079 32
49079 49080 82
49150 49149 93
49149 49148 37
49148 49147 24
49200 49199 93
49199 49198 46
49198 49197 55
49197 49196 61
49344 49343 93
49343 49342 35
49390 49391 93
49391 49392 76
18 19 94
19 20 94
20 21 45
21 22 35
47 48 94
48 49 42
49 50 16
50 51 34
51 52 12
52 53 20
53 54 50
171 170 94
170 169 53
169 168 74
168 167 45
167 166 78
166 165 61
165 164 65
34424 533 94
533 534 50
534 535 42
533 532 68
535 536 80
532 531 87
531 530 80
530 529 55
831 832 94
832 833 15
1245 1244 94
1244 1243 75
1343 1344 94
1344 1345 22
1345 1346 22
1346 1347 3
1347 1348 22
1348 1349 40
1349 1350 35
1350 1351 1
1351 1352 51
1352 1353 7
1421 1420 94
1420 1419 25
1419 1418 66
1606 1607 94
1679 1678 94
1678 1677 21
2058 2057 94
2057 2056 21
2056 2055 8
2055 2054 55
2054 2053 91
2396 2395 94
2395 2394 78
2394 2393 54
2393 2392 47
2392 2391 34
2391 2390 35
2390 2389 4
2392 11233 73
2389 2388 93
2388 2387 19
2387 2386 11
2386 2385 33
2386 491 52
491 492 31
491 490 69
492 493 69
493 494 41
494 495 23
495 496 47
496 497 51
497 498 43
498 499 62
499 500 80
500 501 89
501 502 60
502 503 14
490 489 92
489 488 32
488 487 81
487 486 50
486 485 89
485 484 47
2587 2588 94
2588 2589 72
2589 2590 8
2590 2591 91
2591 2592 44
2592 2593 59
3536 3537 94
3537 3538 82
3660 3659 94
3659 3658 14
3658 3657 50
3657 3656 64
3656 3655 46
3655 3654 84
3654 3653 16
3653 3652 91
3652 3651 13
3688 3687 94
3687 3686 90
4039 4040 94
4163 4164 94
4351 4350 94
4350 4349 62
4349 4348 58
4348 4347 89
4347 4346 27
4346 4345 29
4345 4344 83
5176 5175 94
5175 5174 50
5174 5173 13
5450 5451 94
5451 5452 8
5452 5453 73
5482 5481 94
5481 5480 8
5480 5479 29
5479 5478 80
5478 5477 7
5477 5476 12
5476 5475 75
5475 5474 1
5474 5473 39
5473 5472 67
5472 5471 83
5471 5470 61
5470 5469 73
5469 5468 63
5468 5467 35
5467 5466 62
5466 5465 25
5465 5464 31
5464 5463 37
5471 33400 78
5657 5658 94
5658 5659 27
5659 5660 88
5660 5661 73
5661 5662 60
5674 5675 94
5675 5676 70
5676 5677 39
5677 5678 44
5678 5679 46
5679 5680 63
5680 5681 6
5681 5682 34
5682 5683 81
5683 5684 51
5687 5686 94
6064 6065 94
6065 6066 58
6066 6067 65
6067 6068 29
6068 6069 44
6068 11055 48
11055 11054 20
11054 11053 9
11055 11056 60
11053 11052 79
11052 11051 10
11051 11050 24
11050 11049 76
6069 6070 89
11049 11048 91
11048 11047 81
11056 11057 92
11057 11058 92
11058 11059 70
6694 6693 94
6693 6692 23
6692 6691 32
6691 6690 49
6690 6689 35
6689 6688 65
6688 6687 88
6687 6686 21
6686 6685 32
6685 6684 74
6684 6683 66
6683 6682 75
6682 6681 38
6681 6680 55
6680 6679 58
6679 6678 87
6678 6677 70
6677 48822 63
48822 48821 6
48822 48823 76
48823 48824 21
48821 48820 90
48820 48819 84
48819 48818 68
48818 48817 56
48817 48816 78
48816 48815 87
48815 48814 6
6677 6676 94
6676 6675 6
6863 6864 94
6864 6865 94
6865 6866 33
7094 7095 94
7095 7096 29
7096 7097 93
7097 7098 94
7098 7099 67
7255 7256 94
7355 7356 94
7739 7738 94
7738 7737 53
37927 7793 94
7793 7794 87
7794 7795 43
7795 7796 8
7796 7797 61
7797 7798 69
7798 7799 89
7799 7800 46
7800 7801 78
7801 7802 50
7802 7803 60
7803 7804 91
7804 7805 37
7805 7806 85
7806 7807 52
7807 7808 30
7980 7981 94
7981 7982 6
7982 7983 47
7983 7984 76
7984 7985 68
8145 8146 94
8195 8194 94
8194 8193 74
8193 37143 14
8193 8192 67
8192 8191 80
8191 8190 59
8190 8189 7
37143 37142 81
8189 8188 83
8304 8305 94
8305 8306 58
8306 8307 42
8307 8308 28
8308 8309 5
8309 8310 69
8310 8311 36
8311 8312 75
8312 8313 19
8313 8314 14
8973 8972 94
9177 9176 94
9176 9175 90
9175 9174 80
9174 9173 34
9173 9172 11
9172 9171 66
9171 9170 25
9170 9169 79
9169 9168 67
9312 9313 94
9313 9314 53
9314 9315 42
9350 9351 94
9376 9377 94
9377 9378 44
9616 9617 94
9617 9618 14
9618 9619 43
9619 9620 32
9620 9621 76
9621 9622 59
9622 9623 60
9623 9624 5
9624 9625 3
9625 9626 53
9920 9919 94
9919 9918 7
10051 10052 94
10052 10053 66
10053 10054 34
10054 10055 10
10055 10056 45
10056 10057 74
10057 10058 56
10058 10059 26
10059 10060 42
10060 10061 36
10061 10062 21
10062 10063 43
10063 10064 45
10064 10065 13
10511 10510 94
10510 10509 53
10509 10508 54
10508 10507 43
10729 10728 94
10728 10727 22
10772 10773 94
10773 10774 93
10774 10775 90
10775 10776 49
10776 10777 25
10777 10778 43
10778 10779 43
10779 10780 77
10780 10781 60
10781 10782 37
11631 11630 94
11630 11629 62
11715 11714 94
11714 11713 71
11713 11712 36
11712 11711 24
11713 32769 76
32769 32770 35
11711 11710 92
32769 32768 93
32768 32767 30
32767 32766 48
11883 11882 94
11882 11881 70
11881 11880 13
11880 11879 52
12004 12003 94
12003 12002 56
12002 12001 84
12001 12000 11
12000 11999 78
11999 11998 45
12512 12513 94
12545 12546 94
12546 12547 49
12547 12548 34
12548 12549 62
12549 12550 46
12736 12737 94
12737 12738 25
12738 12739 28
12739 12740 56
12776 12775 94
12775 12774 7
12814 12813 94
12986 12987 94
13313 13314 94
13314 13315 84
13347 13346 94
13346 13345 93
13345 13344 6
13344 13343 57
13610 13611 94
13611 13612 94
13612 13613 2
13613 13614 29
13614 13615 64
13615 13616 52
13616 13617 43
13617 13618 67
13618 13619 26
13619 13620 34
13620 13621 43
13621 13622 57
13622 13623 17
13623 13624 1
13624 13625 36
13625 13626 40
13626 13627 25
13627 13628 35
13628 13629 78
13629 13630 58
13630 13631 75
13631 13632 50
13632 13633 38
13633 13634 22
13860 13861 94
13861 13862 56
13862 13863 90
13914 13913 94
14166 14165 94
14165 14164 33
14164 14163 71
14163 14162 89
14162 14161 70
14161 14160 45
14160 14159 82
14198 14199 94
14199 14200 32
14200 14201 67
14201 14202 32
14202 14203 45
14312 14313 94
14313 14314 5
14426 14425 94
14655 14654 94
14654 14653 80
14653 14652 49
14652 14651 77
14651 14650 35
14650 14649 6
5330 15002 94
15002 15003 63
15605 15606 94
15606 15607 14
15607 15608 22
15608 15609 69
15874 15873 94
15873 15872 41
15872 15871 88
15871 15870 39
15970 15971 94
15971 15972 34
15972 15973 74
46609 16013 94
16013 16014 16
16013 16012 65
16012 16011 12
16011 16010 83
16438 16439 94
16439 16440 86
11005 16546 94
16546 16547 83
16546 16545 89
16628 16629 94
16881 16880 94
16880 16879 14
16879 16878 62
16878 16877 84
16877 16876 4
16876 16875 50
16875 16874 17
16874 16873 14
16873 16872 71
16872 16871 57
16871 16870 56
16870 16869 16
16918 16919 94
17169 17170 94
17170 17171 94
17171 17172 30
17269 17268 94
17268 17267 82
17267 17266 43
17266 17265 26
17265 17264 29
17264 17263 47
17263 17262 71
17262 17261 83
17261 17260 53
17260 17259 43
17259 17258 35
17258 17257 71
17423 17424 94
17424 17425 52
17425 17426 47
17426 17427 40
17427 17428 76
17428 17429 31
17429 17430 70
17430 17431 88
17431 17432 26
17432 17433 86
18598 18597 94
18597 18596 65
18596 18595 67
18595 18594 87
18594 18593 49
18593 18592 11
18731 18732 94
18732 18733 9
18733 18734 43
18734 18735 48
18735 18736 55
18736 18737 93
18737 18738 32
18738 18739 30
18739 18740 72
18817 18818 94
18818 18819 44
18819 18820 41
18947 18946 94
18946 18945 37
19031 19032 94
19032 19033 12
19033 19034 43
19034 19035 5
19032 24577 72
19415 19416 94
19416 19417 3
19449 19448 94
19448 19447 40
19575 19574 94
19574 19573 81
19573 19572 83
19572 19571 91
19571 19570 67
19570 19569 61
19569 19568 53
19568 19567 8
19570 2171 81
2171 2170 29
2170 2169 4
2169 2168 22
19567 19566 81
19566 19565 44
19565 19564 76
2168 2167 90
2167 2166 28
2166 2165 78
2165 2164 77
2164 2163 61
19748 19749 94
19756 19755 94
19755 19754 31
20076 20075 94
20075 20074 37
20798 20799 94
20799 20800 6
20800 20801 83
20801 19625 52
19625 19626 9
19626 19627 15
19627 19628 22
19628 19629 51
20801 20802 78
19629 19630 81
19630 19631 10
19631 19632 63
19632 19633 50
19633 19634 73
19634 19635 7
19635 19636 5
20802 20803 89
20803 20804 40
19625 19624 94
19624 19623 87
19623 19622 80
19622 19621 74
19621 19620 5
19620 19619 59
19619 19618 51
19618 19617 78
19617 19616 60
19616 19615 14
19615 19614 8
19614 19613 58
19613 19612 10
19612 19611 77
20918 20917 94
21398 21399 94
21399 21400 57
21400 21401 47
21401 21402 82
21402 21403 4
21403 21404 25
21404 21405 6
21405 21406 42
21406 21407 84
21407 21408 61
21408 21409 27
21566 21565 94
21565 21564 50
21564 21563 30
21563 21562 56
21775 21776 94
21776 21777 58
21777 21778 3
21941 21940 94
21940 21939 14
21991 21990 94
22539 22540 94
22540 22541 68
22541 22542 55
22542 22543 85
22543 22544 87
22544 22545 41
22733 22734 94
22734 22735 85
22735 22736 17
22736 22737 21
22925 22926 94
22926 22927 13
22927 22928 23
22928 22929 83
22929 22930 31
22930 22931 7
22931 22932 63
23549 23550 94
23550 23551 32
23551 23552 7
23552 23553 30
23553 23554 4
23554 23555 24
23555 23556 12
23556 23557 63
23698 23699 94
23699 23700 67
23700 23701 74
23701 23702 26
23718 23719 94
23719 23720 40
23720 23721 17
23721 23722 43
23802 23801 94
23801 23800 84
23800 23799 32
23799 23798 29
23798 23797 25
23797 23796 65
23796 23795 9
24610 24609 94
24609 24608 17
24608 24607 20
24861 24860 94
24860 24859 87
24859 24858 68
24858 24857 87
24936 24937 94
24937 24938 3
24938 24939 39
24939 24940 57
24940 24941 80
24941 24942 19
24942 24943 63
24943 24944 18
24944 24945 48
24945 24946 61
24946 24947 8
24947 24948 89
24948 24949 80
24949 24950 29
24950 24951 41
24951 24952 86
24952 24953 3
24953 24954 6
24954 24955 87
24955 24956 5
24956 24957 57
24957 24958 30
24958 24959 85
24959 24960 18
25016 25015 94
25498 25497 94
25497 25496 17
25496 25495 78
25495 25494 70
25494 40055 13
40055 40054 16
25494 25493 47
40054 40053 49
25493 25492 76
25492 25491 46
25491 25490 16
40053 40052 88
40052 40051 37
40051 40050 77
40050 40049 73
25490 25489 91
40055 40056 93
40056 40057 6
40057 40058 48
40058 40059 65
40059 40060 58
40060 40061 25
40061 40062 2
40062 40063 29
40063 40064 51
40064 40065 25
40065 40066 25
40066 40067 35
25508 25509 94
25509 25510 8
25510 25511 3
25511 25512 16
25512 25513 31
25752 25751 94
25751 25750 24
25750 25749 46
25852 25853 94
25853 25854 21
25854 25855 90
25956 25955 94
25955 25954 69
25954 25953 10
25953 25952 62
25952 25951 1
25951 25950 6
26193 26192 94
26192 26191 80
26191 26190 80
26798 26797 94
26797 26796 94
26796 26795 49
26795 26794 64
26794 26793 71
26793 26792 61
26792 26791 30
26791 26790 31
26790 26789 45
27034 27033 94
27033 27032 46
27032 27031 89
27031 27030 54
27030 27029 73
27029 27028 93
27028 27027 43
27027 27026 77
27026 27025 78
27025 27024 49
27024 27023 51
27023 27022 61
27022 27021 33
27021 27020 43
27020 27019 72
27019 27018 45
27018 27017 51
27159 27158 94
27158 27157 89
27234 27235 94
27235 27236 61
27236 27237 44
27237 48570 16
48570 48571 44
48571 48572 88
48572 48573 50
48573 48574 63
27331 27330 94
27330 27329 10
27329 27328 41
27328 27327 40
27327 27326 71
27326 27325 71
27325 27324 70
27324 27323 57
27323 27322 12
27552 27551 94
27551 27550 94
27550 27549 46
27549 27548 36
27548 27547 68
27577 27576 94
27576 27575 55
27575 27574 14
27574 27573 64
27573 27572 72
27572 27571 6
27571 27570 85
27690 27689 94
27689 27688 81
27688 27687 23
27687 5266 53
5266 5267 6
27687 27686 66
27686 27685 83
27685 27684 54
27684 27683 91
27683 27682 65
27682 27681 41
27681 27680 63
27680 27679 45
27679 27678 86
27678 27677 77
27677 27676 82
27676 27675 61
5267 5268 93
27920 27919 94
27933 27932 94
27932 27931 33
27931 27930 61
28110 28109 94
28109 28108 78
28108 28107 67
28567 28566 94
28566 28565 53
28565 28564 28
28564 28563 24
28563 28562 57
28562 28561 13
28561 28560 78
9498 28631 94
28631 28630 6
28630 28629 19
28629 28628 21
28631 28632 25
28758 28757 94
28821 28820 94
28820 28819 81
28819 28818 86
28818 28817 80
28817 28816 60
28816 28815 6
28815 28814 63
28814 28813 84
28813 28812 33
28812 15239 73
15239 15240 61
15239 15238 75
15238 15237 8
15237 15236 20
28812 28811 78
15240 15241 84
15236 15235 87
15235 15234 47
15234 15233 3
15233 15232 67
15232 15231 63
28811 28810 87
28920 28921 94
28921 28922 67
28922 28923 44
28923 28924 69
28924 28925 24
28925 28926 88
28926 28927 43
28927 28928 12
28928 28929 16
28929 28930 68
29550 29549 94
29549 29548 24
30822 30821 94
30821 30820 2
30820 20568 55
30895 30896 94
30896 30897 70
31497 31498 94
31498 31499 88
31499 41081 53
41081 41082 60
41082 41083 31
41081 41080 69
41080 41079 14
41079 41078 71
41083 41084 74
41084 41085 57
41078 41077 89
41077 41076 59
41076 41075 24
41075 41074 28
41074 41073 24
41073 41072 91
31921 31922 94
31922 31923 55
31923 31924 93
32039 32040 94
32040 32041 58
32041 32042 8
32098 32099 94
32162 32161 94
32161 32160 88
32448 32447 94
32447 32446 1
32446 32445 51
32445 32444 91
32444 32443 28
32443 32442 37
32442 32441 92
32441 32440 44
32440 32439 51
32439 32438 78
32438 32437 93
33400 33399 94
33822 33823 94
34052 34051 94
34357 34358 94
34358 34359 36
34359 34360 48
34364 34363 94
34363 34362 60
34362 34361 35
34385 34384 94
34492 34493 94
34493 34494 57
34494 34495 35
34495 34496 52
34496 34497 71
34497 34498 4
34498 34499 31
34499 34500 88
34500 34501 8
34501 34502 56
34502 34503 74
34573 34572 94
34572 34571 60
34571 34570 60
34570 34569 70
34569 34568 6
34568 34567 46
34567 34566 37
34566 34565 18
34565 34564 37
34564 34563 58
34563 34562 12
34562 34561 8
34561 34560 40
34560 34559 53
34895 34894 94
34894 34893 53
35148 35147 94
35147 35146 91
35146 35145 74
35886 35887 94
35887 35888 72
35888 35889 7
35927 35928 94
35928 35929 57
36030 36029 94
36029 36028 52
36097 36096 94
36096 36095 30
36095 36094 2
36094 36093 85
36093 36092 90
36092 36091 49
36091 36090 27
36090 16764 1
36090 36089 2
16764 16765 40
16765 16766 50
36089 36088 71
16766 16767 94
16767 16768 8
16768 16769 89
16769 16770 54
16770 16771 62
16771 16772 11
16772 16773 63
16773 16774 59
16774 16775 57
36472 36471 94
36471 36470 13
36470 36469 30
36656 36657 94
36657 36658 63
36658 36659 29
36659 36660 49
36660 36661 9
36661 36662 27
36662 36663 22
36663 36664 87
36664 36665 41
36874 36873 94
36873 36872 8
36872 36871 72
37196 37195 94
37195 37194 10
37244 37243 94
37243 37242 43
37242 37241 46
37523 37524 94
37524 37525 82
37671 37672 94
37726 37727 94
37727 37728 42
37728 37729 67
37729 37730 87
37730 37731 35
37731 37732 82
37732 37733 40
37733 37734 57
37734 37735 46
37735 37736 1
37979 37978 94
38042 38041 94
38041 38040 9
38040 38039 74
38281 38282 94
38392 38393 94
38502 38503 94
38524 38525 94
38525 38526 7
38962 38961 94
38961 38960 81
38960 38959 71
38959 38958 7
38958 38957 62
38957 38956 62
39063 39064 94
39064 39065 83
39065 39066 76
39066 39067 83
39067 39068 3
39068 39069 91
39069 39070 92
39296 39295 94
39295 39294 85
39294 39293 4
39293 39292 79
39309 39310 94
39310 39311 86
39311 39312 30
39312 39313 76
39313 39314 29
39314 39315 64
39315 39316 43
39316 39317 88
39317 39318 60
39539 39540 94
39540 39541 72
39541 39542 57
39542 39543 4
39543 39544 51
39543 17101 77
17101 17100 70
17100 17099 45
17099 17098 43
17098 17097 3
17097 8968 64
8968 8969 19
8969 8970 16
8968 8967 44
8967 8966 63
17097 17096 82
17101 17102 83
17102 17103 41
17103 42200 32
17103 17104 35
42200 42201 77
8970 8971 89
39544 39545 89
39545 39546 87
39880 39881 94
39881 39882 45
39882 39883 81
39883 39884 72
39929 39930 94
39930 39931 28
39931 39932 82
39932 39933 40
39933 39934 66
39934 39935 34
40427 40426 94
40426 40425 47
40425 40424 11
40424 40423 2
40423 40422 77
40422 40421 62
40421 40420 92
40420 40419 72
40419 40418 37
40418 40417 25
40417 40416 1
40416 40415 85
40415 40414 45
40414 40413 57
40413 40412 1
40412 40411 59
40411 40410 2
40410 40409 35
40409 40408 8
40408 40407 27
40407 40406 82
40406 40405 92
40864 40863 94
40863 40862 15
40862 40861 74
41053 41054 94
41054 41055 27
41055 41056 2
41056 41057 54
41204 41205 94
41205 41206 55
41206 41207 51
41207 41208 94
41208 41209 50
41386 41387 94
41387 41388 15
41388 41389 53
39221 42266 94
42266 42267 37
42266 42265 72
42265 42264 71
42264 42263 48
42263 42262 60
42262 42261 58
42267 42268 76
42268 42269 72
42370 42369 94
42369 42368 18
42368 42367 44
42367 42366 44
42366 42365 29
42647 42648 94
42801 42802 94
42833 42834 94
42897 42896 94
42896 42895 90
42895 42894 31
42905 42904 94
42978 42979 94
42979 42980 38
43060 43059 94
43059 43058 78
43058 43057 33
43334 43335 94
44564 44563 94
44693 44694 94
45129 45128 94
45128 45127 82
45127 45126 9
45126 45125 92
45125 45124 89
45124 45123 32
45123 45122 6
45122 45121 38
45121 45120 32
45120 45119 10
45119 45118 73
45329 45328 94
45367 45368 94
45368 45369 80
45431 45430 94
45430 45429 61
45429 45428 44
45428 45427 38
45427 45426 71
45426 45425 88
45425 45424 44
45424 45423 87
45600 45599 94
45599 45598 51
45598 45597 33
45597 45596 18
45596 45595 82
45595 45594 76
45595 1386 80
1386 1385 49
1386 1387 53
1385 1384 90
1384 1383 38
1383 1382 19
1382 1381 6
1381 1380 3
1380 1379 18
1379 1378 30
1378 1377 19
46133 46132 94
46132 46131 29
46131 46130 9
46130 46129 1
46129 46128 34
46242 46243 94
46362 46363 94
46363 46364 70
46364 46365 37
46493 46492 94
46492 46491 74
46491 46490 5
46490 46489 18
46512 46513 94
46807 46808 94
14358 47187 94
47187 47186 15
47186 47185 15
47185 47184 46
47184 47183 8
47183 47182 23
47311 47312 94
47312 47313 48
47313 47314 17
47314 47315 67
47315 47316 54
47316 47317 56
48053 48054 94
48091 48090 94
48090 48089 5
48756 48755 94
48755 48754 24
48754 48753 59
48753 48752 62
48752 48751 72
48751 48750 77
48750 48749 62
48749 48748 20
48748 48747 29
48747 48746 5
48746 48745 81
48745 48744 16
49633 49632 94
49632 49631 23
49631 49630 86
49630 49629 74
49629 49628 17
49628 49627 47
49627 49626 80
49626 49625 30
100 101 95
101 102 50
102 103 27
103 104 90
104 105 22
105 106 21
11532 666 95
666 665 87
665 664 88
666 667 93
667 668 10
668 669 12
669 670 33
670 671 24
671 672 12
672 673 88
673 674 11
674 675 61
686 685 95
696 697 95
697 698 18
698 699 51
699 700 62
700 701 67
701 702 37
941 940 95
940 939 76
939 938 18
938 937 46
1005 1004 95
1004 1003 22
1003 1002 36
1002 1001 79
1001 1000 34
1000 999 50
999 998 13
998 997 4
4909 1142 95
1142 1143 6
1142 1141 78
1141 1140 48
1143 1144 80
1144 1145 41
1145 1146 83
1146 1147 70
1147 1148 95
1148 1149 31
1149 1150 73
1150 1151 64
1151 1152 73
1152 1153 4
1153 1154 56
1154 1155 80
1155 1156 74
1156 1157 50
1325 1326 95
1326 1327 28
1327 1328 66
1328 1329 24
1493 1494 95
1494 1495 24
1495 1496 15
1496 1497 71
1497 1498 57
1498 1499 50
1499 1500 27
1578 1577 95
1577 1576 60
1576 1575 44
1575 1574 67
1574 1573 3
2901 2902 95
2902 2903 60
2903 2904 66
2904 2905 52
2939 2938 95
2938 2937 5
2937 2936 4
2936 2935 18
3121 3120 95
3437 3436 95
3436 3435 59
3435 3434 61
3504 3503 95
3503 3502 36
3502 3501 45
3501 3500 92
3606 3605 95
3605 3604 84
3604 3603 49
3603 3602 81
3602 3601 51
3782 3781 95
3781 3780 89
3780 3779 9
4921 4922 95
4922 4923 91
4923 4924 82
4924 4925 12
4925 4926 79
4926 4927 73
4927 4928 71
4928 4929 64
4929 4930 25
4930 4931 75
4970 4971 95
4971 4972 75
4972 4973 11
4973 4974 55
4974 4975 13
5266 5265 95
5492 5493 95
26508 5632 95
5632 5633 47
5825 5824 95
5824 5823 42
5823 5822 30
6385 6384 95
6384 6383 44
6383 6382 92
6382 6381 50
6381 6380 20
6380 6379 72
6604 6605 95
6605 6606 52
6666 6667 95
6667 6668 53
6668 6669 5
6669 6670 79
6670 6671 80
6671 6672 17
6672 6673 81
7036 7035 95
7035 7034 77
7034 7033 30
7832 7833 95
14959 7879 95
7879 7878 47
7879 7880 68
7880 7881 60
7878 7877 80
7877 7876 78
7876 7875 23
7912 7913 95
7913 7914 70
7928 7927 95
7927 7926 86
7926 7925 28
7925 7924 40
7924 7923 57
7923 7922 63
7922 7921 41
7921 7920 89
7920 7919 39
7919 32190 41
7919 7918 44
7918 7917 29
32190 32189 46
32190 7522 64
7522 7523 46
32189 32188 75
32188 32187 76
32187 32186 52
32186 32185 80
7522 7521 81
7521 7520 64
32190 32191 85
7523 7524 86
7524 7525 40
7525 7526 62
7526 7527 79
7917 7916 87
7916 7915 79
8121 8120 95
8120 8119 65
8119 8118 46
8118 8117 5
8117 8116 25
8116 8115 72
8583 8582 95
8582 8581 36
8581 8580 34
9691 9690 95
9690 9689 31
9689 9688 44
9688 9687 64
9687 9686 23
9686 9685 19
9685 9684 17
9684 9683 4
9683 9682 41
45600 9906 95
9906 9905 82
9905 9904 71
9904 9903 74
9903 9902 45
9902 9901 29
9901 9900 89
9900 9899 24
9899 9898 65
9973 9974 95
9974 9975 66
9975 9976 33
9976 9977 52
9977 9978 28
9978 9979 91
9979 9980 72
9980 9981 26
9981 9982 43
9982 9983 87
9983 9984 64
9984 9985 6
9985 9986 68
9986 9987 4
9987 9988 19
9988 9989 37
9989 9990 43
10093 10094 95
10094 10095 71
10095 10096 46
10146 10145 95
10145 10144 94
10144 10143 71
10143 10142 39
10237 10236 95
10426 10425 95
10735 10736 95
10736 10737 43
10737 10738 7
11322 11321 95
11321 11320 30
11320 11319 28
11319 11318 77
11318 11317 92
11317 11316 37
11316 41882 55
41882 41881 79
41881 41880 68
41880 41879 4
41879 41878 6
41882 41883 81
41883 41884 91
41884 41885 49
41885 41886 86
11316 11315 93
11315 11314 52
11314 11313 4
11313 11312 10
11400 11399 95
11427 11426 95
11426 11425 24
11425 11424 72
11424 11423 92
11645 11646 95
11995 11996 95
11996 11997 64
12608 12609 95
12609 12610 47
12610 12611 68
12611 12612 31
12612 12613 64
13284 13285 95
13285 13286 89
13364 13363 95
13500 13501 95
13501 13502 42
13502 13503 30
13503 13504 13
13504 13505 29
13505 13506 60
13506 13507 53
13602 13603 95
13827 13828 95
13828 13829 3
13829 13830 40
13970 13969 95
13969 32956 45
32956 32957 55
32957 32958 46
13969 13968 64
14741 14742 95
14742 14743 17
14743 14744 11
29899 14806 95
14806 14807 8
14806 14805 68
14805 14804 84
14804 14803 36
14853 14852 95
14852 14851 65
14851 14850 43
14850 14849 87
14849 14848 70
14848 14847 85
14847 14846 3
14846 14845 34
14845 14844 13
14844 14843 25
14843 14842 76
14842 14841 85
14841 14840 43
14840 14839 32
14839 14838 78
15117 15116 95
15116 15115 42
15115 15114 8
15114 15113 67
15597 15598 95
15598 15599 33
16509 16508 95
16508 48969 44
48969 48968 32
16508 16507 53
16507 16506 24
48969 48970 65
16506 16505 76
16505 16504 60
16504 16503 15
16503 16502 75
16502 16501 41
48968 48967 87
48967 48966 31
48966 48965 84
48965 48964 36
48964 48963 62
48963 48962 80
48962 48961 55
48961 48960 15
48970 48971 91
48971 48972 79
48972 48973 62
17192 17191 95
17191 17190 34
17190 17189 76
17189 17188 4
17188 17187 20
17187 17186 68
17186 17185 76
17185 17184 23
17184 17183 87
17183 17182 64
18068 18067 95
18067 18066 38
18066 18065 34
18065 18064 17
18064 18063 87
18298 18299 95
18299 18300 86
18894 18893 95
18893 18892 21
32225 19806 95
19806 19807 85
20062 20063 95
20063 20064 79
20064 20065 79
20065 20066 33
20564 20565 95
20565 20566 91
20566 20567 28
20599 20600 95
20600 20601 90
20857 20856 95
20856 20855 92
21179 21180 95
21180 21181 4
21181 21182 76
21262 21261 95
21261 21260 65
21260 21259 68
21259 21258 78
21258 21257 17
21257 21256 2
21256 21255 27
21255 21254 53
21603 21604 95
21604 21605 12
21605 21606 25
21606 21607 84
21607 21608 13
21608 21609 54
21609 21610 37
21610 21611 86
21611 21612 35
21612 21613 58
21613 21614 54
21614 21615 53
21615 21616 61
21616 21617 34
21617 21618 51
21618 21619 67
21619 21620 69
21620 21621 4
21621 21622 74
21622 21623 87
21623 21624 50
21624 21625 84
21625 21626 70
21626 21627 88
21627 21628 50
21628 21629 20
21629 21630 61
21630 21631 3
21631 21632 22
21632 21633 55
21665 21666 95
21666 21667 25
21667 21668 53
21668 21669 21
22495 22496 95
22496 22497 65
22497 22498 28
22498 22499 63
22499 22500 15
22497 45455 93
45455 45456 30
45455 45454 78
45454 45453 45
45453 45452 46
2415 22513 95
22513 22512 38
22512 22511 66
22511 22510 66
22513 22514 81
22514 22515 75
22515 22516 36
22516 22517 67
22517 22518 53
22518 22519 4
22519 22520 19
22520 22521 73
22521 22522 46
22522 22523 9
22523 22524 26
22510 22509 94
22509 22508 38
22508 22507 6
22634 22635 95
22635 22636 79
23080 23081 95
23081 23082 18
23135 23134 95
23431 23430 95
23430 23429 37
23429 23428 56
23428 23427 52
23427 23426 92
23426 23425 11
23425 23424 50
23680 23679 95
23765 23764 95
24064 24065 95
24065 24066 83
24066 24067 65
24067 24068 25
24347 24348 95
24348 24349 3
24349 24350 49
24835 24834 95
24834 24833 10
24833 24832 4
24832 24831 76
24831 24830 1
24830 24829 58
24829 24828 21
24828 24827 87
25008 25009 95
25009 25010 29
25010 25011 90
25011 25012 87
25012 25013 15
25013 25014 23
25220 25219 95
25219 25218 48
25218 25217 39
25217 25216 13
25253 25252 95
25252 25251 21
25388 25387 95
25387 25386 17
25386 25385 51
25385 25384 43
25517 25516 95
25516 25515 37
25515 25514 56
25560 25559 95
25559 25558 16
25558 25557 95
26162 26161 95
26161 26160 48
26160 26159 20
26159 26158 27
26158 26157 20
26157 26156 91
26156 26155 93
26155 26154 19
26154 26153 31
26153 26152 80
26152 26151 3
26183 26184 95
26184 26185 61
26185 26186 95
26186 26187 21
26187 26188 37
26188 26189 79
26225 26224 95
26245 26246 95
26246 26247 42
26247 26248 58
26248 26249 20
26691 26690 95
26690 26689 94
26689 26688 2
26789 26788 95
26788 26787 46
26787 17582 7
17582 17583 7
17583 17584 14
17584 17585 2
17582 17581 49
26787 26786 78
26786 26785 32
26785 26784 31
26784 26783 7
26783 26782 1
27123 27122 95
27122 27121 70
27121 27120 53
27120 27119 36
27119 27118 56
27157 27156 95
27156 27155 10
27155 27154 54
27154 27153 10
27214 27213 95
27213 27212 52
27212 27211 86
27211 27210 53
27322 27321 95
27321 27320 88
27320 27319 70
27319 27318 89
27318 27317 35
27317 27316 26
27316 27315 36
27315 27314 69
27314 27313 65
27313 27312 52
27312 27311 69
27311 27310 16
27310 27309 60
27309 27308 53
27308 27307 89
27418 27419 95
27419 27420 73
27420 27421 37
27421 27422 82
27422 27423 69
27423 27424 16
27431 27430 95
27430 27429 34
27429 27428 95
27428 27427 69
27427 27426 3
27426 27425 80
27928 27929 95
28429 28430 95
28430 28431 24
28431 28432 30
28432 28433 33
28433 28434 61
28434 28435 32
28435 28436 76
28436 28437 70
28589 28590 95
28865 28864 95
28864 28863 9
29851 29850 95
29850 15741 51
15741 15740 8
15740 15739 12
15739 15738 64
15738 15737 15
15737 15736 59
15736 15735 26
15735 15734 31
29850 29849 94
29849 29848 42
29848 29847 82
29847 29846 83
30443 30442 95
30442 30441 84
30441 30440 34
30660 30661 95
30661 30662 36
30662 30663 16
30663 30664 46
30664 30665 50
31128 31129 95
31129 31130 95
31130 31131 37
31131 31132 75
31299 31300 95
31300 31301 77
31301 31302 2
31302 31303 13
31303 31304 24
31515 31516 95
31516 31517 54
31517 31518 22
31774 31775 95
31775 31776 18
31776 31777 94
31777 31778 53
31778 31779 84
31813 31812 95
31812 31811 8
31811 31810 51
31810 31809 31
31809 31808 3
31808 31807 67
31807 31806 25
31806 31805 74
31805 31804 31
31980 31979 95
31979 31978 60
31978 31977 45
31977 31976 47
32499 32498 95
32498 32497 8
32497 32496 20
32594 32593 95
32593 32592 10
32592 32591 94
32591 32590 47
32590 32589 15
32589 32588 23
32588 32587 23
32595 32596 95
32596 32597 23
32597 32598 20
32598 32599 59
32599 32600 56
32600 32601 3
32601 32602 84
32602 32603 26
32603 32604 69
32604 32605 89
32605 32606 26
32606 32607 72
32607 32608 50
32608 32609 35
32609 32610 83
32610 32611 53
32611 32612 28
32612 32613 94
32613 32614 60
32614 32615 33
32615 32616 80
32616 32617 59
32617 32618 62
32618 32619 15
32619 32620 74
39916 32765 95
33052 33053 95
33053 33054 55
33054 33055 54
33055 33056 78
33056 33057 91
33057 33058 15
33058 33059 48
33059 33060 53
33155 33154 95
33154 33153 8
33153 33152 37
33152 33151 81
33151 33150 24
33150 33149 48
33149 33148 80
33148 33147 16
33535 33534 95
33534 33533 21
33533 33532 5
33532 33531 26
33531 33530 37
33530 33529 21
33529 33528 19
33528 33527 51
33527 33526 63
34381 34382 95
34703 34704 95
34704 34705 83
34705 34706 3
35331 35332 95
35332 35333 32
35333 35334 55
35334 35335 16
35335 35336 62
35336 35337 37
35337 35338 3
35338 35339 90
35339 35340 20
35340 35341 92
35341 35342 74
35342 35343 59
35343 35344 73
35344 35345 8
35345 35346 80
35346 35347 86
35347 35348 12
35348 35349 10
35349 35350 59
35350 35351 85
35351 35352 74
35474 35473 95
35473 35472 8
44708 35585 95
35585 35584 17
35585 35586 40
35586 35587 30
35584 35583 64
35587 35588 94
35588 35589 58
35589 35590 56
35590 35591 77
35591 35592 63
35592 35593 83
35593 35594 44
35594 35595 73
35595 35596 75
35782 35781 95
35781 35780 69
35780 35779 77
35779 35778 63
35778 35777 23
36237 36236 95
36236 36235 82
36235 36234 41
36234 36233 26
36233 36232 42
36232 36231 6
36231 36230 15
36230 36229 34
36229 36228 88
36307 36308 95
36308 36309 42
36309 36310 43
36310 36311 7
36469 36468 95
36468 36467 58
37223 37222 95
37222 37221 74
37221 37220 15
37220 37219 8
37219 37218 12
37218 37217 22
37217 37216 61
37216 37215 31
37215 37214 80
37214 37213 43
37213 37212 90
37212 37211 81
37211 37210 26
37210 37209 93
37241 37240 95
37240 37239 36
37239 37238 17
37238 7792 51
37238 37237 55
7792 7791 60
37256 37255 95
37255 37254 17
37254 37253 21
37253 37252 2
37252 37251 36
38039 38038 95
38038 38037 50
38037 38036 58
38320 38319 95
38319 38318 74
38318 38317 11
38317 38316 54
38316 38315 7
38678 38679 95
38679 38680 78
38680 38681 40
38681 38682 77
38682 38683 71
38683 38684 16
38799 38800 95
38800 38801 35
38801 38802 51
38802 38803 35
38803 38804 81
38804 38805 3
38884 38885 95
38885 38886 30
38886 38887 91
38887 38888 27
38888 38889 72
38889 38890 6
38890 38891 43
38891 38892 74
38892 38893 67
38893 38894 29
38918 38917 95
38917 38916 51
38916 38915 43
38915 38914 24
38914 38913 20
38913 38912 3
38912 38911 11
39247 39246 95
39246 39245 88
39723 39724 95
39724 39725 82
39725 39726 8
39726 39727 44
39727 39728 67
39728 39729 44
39729 39730 83
39730 39731 67
39731 39732 56
39732 39733 2
39733 39734 32
39888 39889 95
39889 39890 43
39890 39891 1
39891 39892 63
39892 39893 65
40279 40278 95
40313 40312 95
40480 40479 95
40479 40478 46
40478 40477 25
40477 40476 28
40477 32907 30
32907 32908 27
32908 32909 37
32907 32906 54
32906 32905 28
32909 32910 66
40476 40475 78
40475 40474 74
40474 40473 7
40473 40472 54
40472 40471 86
40471 40470 15
40470 40469 67
40469 40468 31
40468 40467 92
40467 40466 80
40466 40465 78
40465 40464 60
40464 40463 91
40463 40462 62
40462 40461 93
40461 40460 17
40460 40459 37
40459 40458 31
40458 40457 70
40457 40456 57
40733 40732 95
40732 40731 73
40773 40772 95
40772 40771 38
40771 40770 94
40770 40769 25
40827 40826 95
41799 41800 95
41800 41801 17
41801 41802 60
41802 41803 82
41803 41804 89
41804 41805 52
41805 41806 52
41806 41807 88
41807 41808 13
41808 41809 27
42014 42015 95
42015 42016 67
42016 42017 32
42017 42018 72
42018 42019 1
42019 42020 36
42020 42021 62
42021 42022 50
42022 42023 18
42023 42024 33
42024 42025 35
42025 42026 80
42282 42283 95
42365 42364 95
42364 42363 33
42363 42362 67
43407 43408 95
43736 43737 95
43737 43738 94
43738 43739 25
43739 43740 36
43740 43741 82
43822 43821 95
43900 43901 95
43901 43902 14
43902 43903 14
44144 44143 95
44143 44142 55
44418 44419 95
44451 44452 95
44452 44453 34
44453 44454 95
44454 44455 79
44455 44456 89
45088 45089 95
43922 45377 95
45377 45376 39
45377 45378 52
45376 45375 63
45375 45374 68
45378 45379 73
45379 45380 29
45380 45381 8
45381 45382 42
45382 45383 9
45383 45384 69
45384 45385 70
45692 45693 95
45693 45694 37
45694 45695 16
45724 45725 95
45725 45726 49
45726 45727 42
45809 45810 95
45810 45811 4
46014 46013 95
46013 46012 76
46012 46011 95
46048 46049 95
46049 46050 2
46114 46113 95
46113 46112 82
46112 46111 72
46111 46110 87
46110 46109 25
46109 46108 85
46108 46107 82
46107 46106 62
46106 46105 69
46105 46104 40
46104 46103 7
46451 46450 95
46454 46455 95
46455 46456 14
46456 46457 37
46457 46458 42
46458 46459 13
46459 46460 19
46617 46618 95
46618 46619 95
46813 46812 95
46812 46811 61
46811 46810 48
46810 46809 64
46907 46908 95
46908 46909 45
46909 46910 95
46910 46911 10
46911 46912 92
46998 46997 95
46997 46996 9
46996 46995 86
46995 46994 67
46994 46993 26
46993 46992 15
46992 46991 19
46991 46990 50
46990 46989 52
46989 46988 70
46988 46987 72
46987 46986 40
46986 46985 71
46985 46984 51
46984 46983 43
46983 46982 82
46982 46981 3
46981 46980 42
47127 47126 95
47201 47200 95
47200 47199 3
47334 47335 95
47335 47336 30
47446 47447 95
47447 47448 26
47625 47624 95
47624 47623 46
47623 47622 78
47622 47621 65
47621 47620 24
47620 47619 75
47619 47618 53
47618 47617 48
47617 47616 21
47616 47615 12
47615 47614 34
47614 47613 86
47613 47612 93
47612 47611 21
47611 47610 65
47610 47609 87
47609 47608 57
47608 47607 79
47941 47942 95
47942 47943 25
48016 48017 95
48017 48018 21
48018 48019 60
48019 48020 78
48020 48021 76
48021 48022 22
48022 48023 56
48023 48024 54
48024 48025 53
48025 48026 53
48026 48027 89
48027 48028 53
48028 48029 60
48029 48030 89
48030 48031 35
48031 48032 43
48032 48033 38
48033 48034 75
48037 48036 95
48036 48035 39
48077 48076 95
48076 48075 40
48075 48074 13
48074 48073 44
48073 48072 18
48072 48071 54
48071 48070 79
48070 48069 44
48069 48068 5
48131 48132 95
48132 48133 31
48713 48712 95
48712 48711 8
48711 48710 53
48710 48709 16
48953 48954 95
48954 48955 41
48955 48956 44
48956 48957 24
48957 48958 33
48958 48959 77
49376 49377 95
49377 49378 5
49378 49379 54
49379 49380 61
49420 49421 95
49421 49422 82
49422 49423 52
49423 49424 41
49424 49425 48
49425 49426 80
49426 49427 52
49605 49604 95
49946 49945 95
49945 49944 53
49944 49943 44
49943 49942 71
49942 49941 51
49941 49940 86
49940 49939 54
49939 49938 93
49938 49937 75
49937 49936 56
49936 49935 61
49935 49934 63
49934 49933 30
49933 49932 70
49932 49931 5
49931 49930 19
49930 49929 41
49929 49928 50
49928 49927 73
49927 49926 95
49926 49925 34
49925 49924 5
49924 49923 93
49923 49922 51
49922 49921 85
49921 49920 18
49920 49919 51
49919 49918 6
49918 49917 85
49917 49916 3
49916 49915 18
49915 49914 38
49914 49913 93
49913 49912 87
49912 49911 78
49911 49910 72
452 453 96
453 454 17
454 455 95
455 456 92
456 457 70
457 458 71
458 459 50
459 460 94
460 461 52
461 462 48
462 463 72
463 464 47
464 465 67
465 466 36
466 467 73
467 468 36
536 537 96
537 538 78
538 539 8
539 540 21
540 541 92
1136 1137 96
1137 1138 73
1138 1139 18
1408 1409 96
1409 1410 71
1410 1411 74
1411 1412 19
1412 1413 16
1413 1414 34
1520 1521 96
1521 1522 75
1522 1523 58
1523 1524 7
1524 1525 69
1525 1526 66
1526 1527 55
1819 1820 96
1825 1826 96
1826 1827 69
1827 1828 94
1828 1829 50
1829 1830 54
1830 1831 32
1831 1832 13
1832 1833 11
1833 1834 2
1834 1835 6
2031 2032 96
2032 2033 54
2033 2034 96
2034 2035 22
2035 2036 42
2036 2037 69
2037 2038 96
2038 2039 53
2039 2040 94
2040 2041 74
2041 2042 93
2042 2043 49
2043 2044 60
2044 2045 27
2383 2384 96
23789 2933 96
2933 2932 24
2932 2931 65
2933 2934 69
3161 3162 96
3494 3495 96
3495 3496 71
3496 3497 84
3497 3498 45
3498 3499 68
3875 3874 96
3874 3873 47
3873 3872 79
3872 3871 5
3871 3870 17
3870 3869 40
3869 3868 31
3868 3867 54
3867 3866 44
3866 3865 42
3865 3864 69
3864 3863 70
3863 3862 38
3862 3861 76
3861 3860 75
4265 4266 96
4266 4267 46
4267 4268 42
4268 4269 96
4269 4270 86
4270 4271 39
4271 4272 31
4272 4273 73
4273 4274 62
4274 4275 56
4275 4276 86
4276 4277 46
4492 4491 96
4491 4490 5
4490 4489 84
4542 4543 96
4543 4544 55
4737 4738 96
4738 4739 37
4739 4740 1
4740 4741 90
4741 4742 78
4742 4743 31
4975 4976 96
4976 4977 22
4977 4978 1
4978 4979 72
4979 4980 72
4980 4981 63
4981 4982 87
4982 4983 76
4991 4990 96
4990 4989 90
4989 4988 77
4988 4987 45
4987 4986 5
4986 4985 36
4985 4984 50
5041 5042 96
5042 5043 94
5043 5044 57
5044 5045 86
5045 5046 90
5046 5047 50
5047 5048 35
5083 5084 96
5313 5312 96
5312 5311 17
5311 5310 16
5310 5309 6
5309 5308 9
5308 5307 95
5407 5408 96
5408 5409 74
5409 5410 88
5410 5411 24
5411 5412 71
5412 5413 93
5553 5552 96
5552 5551 92
5551 5550 22
5550 5549 83
5549 5548 9
5548 5547 64
5547 5546 46
5546 5545 54
5545 5544 76
5544 5543 57
5576 5575 96
5575 5574 74
5574 5573 15
5573 5572 92
5572 5571 92
5994 5995 96
6919 6920 96
6920 6921 56
6921 6922 68
6922 6923 66
7006 7005 96
7005 7004 65
7004 7003 6
7003 7002 49
7674 7675 96
7675 7676 25
7676 7677 53
7758 7757 96
7757 7756 63
7756 7755 88
7755 7754 36
8146 8147 96
8147 8148 22
8148 8149 87
8149 8150 15
8150 8151 15
8151 8152 29
8486 8485 96
8485 8484 10
8484 8483 6
8483 8482 27
26832 8867 96
8867 8866 60
8866 8865 12
8865 8864 23
8864 8863 72
8867 8868 89
8868 8869 49
8869 8870 57
8870 8871 91
8871 8872 38
8872 8873 54
8873 8874 71
8874 8875 91
8875 38086 10
8875 14448 30
14448 14449 1
38086 38085 53
38086 38087 71
38087 38088 59
38088 38089 8
38089 38090 8
38090 38091 76
38085 38084 94
8863 8862 96
8862 8861 95
8861 8860 83
9027 9028 96
9028 9029 46
9029 9030 34
9030 9031 35
9031 9032 59
9032 9033 86
9033 9034 43
9351 9352 96
9817 9816 96
9816 9815 35
10139 10140 96
10140 10141 70
11129 11130 96
11130 11131 68
11131 11132 79
11132 11133 66
11133 11134 7
11399 11398 96
11398 11397 39
11397 11396 92
11558 11557 96
11741 11740 96
11740 11739 6
11739 11738 27
11738 11737 96
11737 11736 3
11736 11735 2
11879 11878 96
11878 11877 69
11877 11876 36
11876 11875 18
12583 12582 96
12582 12581 58
12945 12944 96
12944 12943 93
12943 12942 85
12942 12941 33
13101 13102 96
13102 13103 30
13103 13104 26
13104 13105 16
13105 13106 68
13106 13107 56
13107 13108 6
13108 13109 89
13109 13110 9
13110 13111 56
13111 13112 82
13112 13113 2
13113 13114 38
13114 13115 11
13115 13116 4
13116 13117 68
13117 13118 74
13118 13119 28
13119 13120 37
13120 13121 74
13121 13122 46
13122 13123 21
13123 13124 10
13124 13125 1
13125 13126 11
13123 17034 35
17034 17035 43
17035 17036 85
13705 13706 96
13706 13707 7
13707 13708 3
13708 13709 11
13709 13710 24
13710 13711 65
13711 13712 12
13712 13713 70
13713 13714 15
13714 13715 1
13715 13716 53
13716 13717 63
13717 13718 50
13718 13719 54
13719 13720 8
13720 13721 1
13721 13722 88
13722 13723 35
13723 13724 44
13714 5802 96
5802 5803 28
5802 5801 74
5801 5800 11
5800 5799 11
5799 5798 48
5798 5797 74
5797 5796 48
5803 5804 76
5796 5795 96
5795 5794 51
14070 14071 96
14071 14072 37
14145 14144 96
14144 14143 1
14641 14642 96
14642 14643 70
14643 14644 57
14644 14645 53
14645 14646 96
14646 14647 2
14647 14648 58
14744 14745 96
14745 14746 45
14746 14747 11
14747 14748 55
14748 14749 5
14749 14750 93
14976 14977 96
14977 14978 87
14978 14979 56
14979 14980 59
14980 14981 77
14981 14982 80
14982 14983 19
15000 15001 96
15088 15089 96
15089 15090 8
15090 15091 52
15091 15092 66
15092 15093 44
15092 26149 90
26149 26150 59
26149 26148 74
26148 26147 49
15231 15230 96
15230 15229 75
15229 15228 65
15228 15227 84
15227 15226 69
15226 15225 91
15225 15224 72
15224 15223 46
15223 15222 83
15222 15221 8
15308 15307 96
15461 15462 96
15462 15463 48
15609 15610 96
16044 16045 96
16045 16046 25
16046 16047 30
16047 16048 78
16050 16049 96
16321 16320 96
16320 16319 8
16319 16318 14
16318 16317 89
16317 16316 89
16316 16315 57
16315 16314 73
16314 16313 19
16330 16331 96
16331 16332 61
16332 16333 7
16333 16334 24
16334 16335 35
16335 16336 71
16336 16337 55
16337 16338 32
16338 16339 47
16339 16340 23
16340 16341 53
16341 16342 84
16342 16343 62
16343 16344 78
16344 16345 12
16345 16346 16
16346 16347 53
16347 16348 25
16549 16550 96
16550 16551 66
16551 16552 8
16615 16616 96
16616 16617 63
16671 16672 96
16672 16673 36
16673 16674 9
16674 16675 48
16675 16676 31
16676 16677 39
16677 16678 12
16678 16679 9
16679 16680 50
16867 16868 96
17546 17545 96
17545 17544 76
17544 17543 65
17576 17577 96
17577 17578 10
17578 17579 75
17747 17746 96
17746 17745 54
17745 17744 42
18152 18153 96
18153 18154 74
18154 18155 2
18155 32904 45
32904 32903 79
32903 32902 80
32902 32901 14
32901 32900 53
18302 18301 96
19050 19051 96
19195 19196 96
19196 19197 77
19197 19198 58
19198 19199 6
19749 19750 96
19750 19751 51
19751 19752 44
19752 19753 10
21071 21072 96
21562 21561 96
21746 21747 96
21747 21748 66
21848 21849 96
21849 21850 59
21850 21851 1
21851 21852 57
21852 21853 48
21853 21854 65
21854 21855 89
21855 21856 27
21856 21857 47
21857 21858 88
21858 21859 44
21859 21860 7
21860 21861 71
21861 21862 39
22395 22396 96
22396 22397 28
22397 22398 68
22398 22399 46
22507 22506 96
22506 22505 19
22505 22504 20
22505 31975 58
23203 23204 96
23204 23205 85
23205 23206 21
23651 23652 96
23652 23653 37
23653 23654 3
23654 23655 29
23655 23656 52
24031 24032 96
24032 24033 62
24033 24034 94
24034 24035 34
24035 24036 67
24036 34678 51
34678 34677 12
34678 34679 54
34679 34680 32
34680 21046 37
21046 21047 55
21047 21048 92
21048 21049 13
21049 21050 48
34680 34681 95
34681 34682 1
34682 34683 27
34683 34684 27
34684 34685 51
24235 24234 96
24275 24274 96
24274 24273 25
24273 24272 29
24272 24271 75
24271 24270 29
24295 24294 96
24294 24293 68
24293 24292 26
24292 24291 67
24291 24290 75
24290 24289 58
24920 24921 96
24921 24922 32
24922 24923 80
24923 24924 87
24924 24925 8
24925 24926 43
25593 25592 96
25592 25591 89
25591 25590 42
25861 25860 96
25860 25859 56
25859 25858 52
25858 25857 74
25857 25856 86
25984 25985 96
26147 26146 96
26146 26145 5
26145 26144 69
26144 26143 17
26143 26142 50
26895 26896 96
26896 26897 64
26897 26898 39
26898 26899 80
26899 26900 72
27304 27305 96
27305 27306 84
27352 27353 96
27353 27354 38
27354 27355 15
27355 27356 44
27356 27357 86
27357 27358 27
27849 27850 96
27959 27960 96
27960 27961 74
27961 27962 20
27962 27963 28
28015 28016 96
28016 28017 20
28017 28018 85
28803 28804 96
28804 28805 37
28805 28806 61
28806 28807 19
28807 28808 16
28808 28809 14
29292 29291 96
29808 29809 96
29809 29810 34
29810 29811 19
29811 29812 68
29812 29813 90
29813 29814 43
29814 29815 13
29815 29816 59
29816 29817 45
29817 29818 46
29818 29819 57
29819 29820 72
29820 29821 2
13259 30028 96
30028 30027 82
30027 30026 49
30026 30025 71
30025 30024 27
30024 30023 26
30023 30022 71
30028 30029 85
30029 30030 48
30675 30676 96
31813 31814 96
31814 31815 48
31870 31869 96
31883 31884 96
31884 31885 85
31885 31886 66
31886 31887 41
31887 31888 8
31888 31889 80
31889 31890 43
31890 31891 22
31891 31892 32
31892 31893 3
31893 31894 52
31894 31895 86
31894 41819 95
41819 41818 2
41818 41817 47
41819 41820 86
41820 41821 58
41821 41822 40
41822 41823 26
41823 41824 85
41824 41825 88
41825 41826 59
41826 41827 2
32165 32166 96
32166 32167 55
32167 32168 33
32168 32169 9
32169 32170 2
32170 32171 48
32171 32172 4
32172 32173 73
32173 32174 29
32174 32175 43
32175 32176 92
32176 32177 50
32177 32178 38
32178 32179 2
32182 32181 96
32181 32180 2
32584 32585 96
32585 32586 26
33089 33090 96
33090 33091 66
33186 33185 96
33185 33184 69
33184 33183 32
33183 33182 28
33182 33181 4
33181 33180 75
33180 33179 26
33179 33178 15
33178 33177 87
33306 33307 96
33307 33308 7
33308 33309 22
33309 33310 67
33310 33311 2
33311 33312 65
33312 33313 46
33313 33314 73
33314 33315 53
33315 33316 89
33316 33317 51
33317 33318 82
33349 33348 96
33348 33347 56
33347 33346 7
33346 33345 44
33345 33344 24
33862 33863 96
33863 33864 51
33864 33865 1
33865 33866 76
34384 34383 96
34464 34465 96
34468 34469 96
34469 34470 38
34559 34558 96
34841 34842 96
34842 34843 84
34843 34844 18
34844 34845 51
34845 34846 20
34846 34847 21
34847 34848 14
34848 34849 75
34849 34850 52
34850 34851 45
34851 34852 40
34852 34853 39
34853 34854 50
34854 34855 21
34855 34856 91
34856 34857 48
35168 35169 96
35169 35170 74
35170 35171 64
35171 35172 41
35172 35173 12
35173 35174 17
35174 35175 55
35175 35176 83
35176 35177 85
35177 35178 15
35178 35179 85
35179 35180 68
35180 35181 90
35181 35182 57
35480 35481 96
35839 35838 96
35950 35951 96
36851 36850 96
36850 36849 26
36849 36848 69
36848 36847 84
36884 36885 96
36885 36886 35
36886 36887 87
36887 36888 62
36888 36889 30
36889 36890 76
36933 36934 96
36934 36935 47
36935 36936 45
36936 36937 41
36937 36938 21
37175 37176 96
37176 37177 93
37177 37178 33
37178 37179 68
37641 37640 96
37640 37639 74
37639 37638 9
37638 37637 55
37637 37636 83
37636 37635 6
38075 38076 96
38076 38077 35
38077 38078 23
38078 38079 78
38079 38080 11
38080 38081 70
38081 38082 78
38082 38083 44
39233 39234 96
39339 39340 96
39340 39341 87
39341 39342 5
39342 39343 16
39343 39344 26
39344 39345 70
39345 39346 95
39346 39347 90
39546 39547 96
39547 39548 91
39548 39549 76
39549 39550 29
39550 39551 5
39551 39552 93
39552 39553 73
40088 40089 96
40094 40093 96
40093 40092 20
40092 40091 67
40091 40090 52
40826 40825 96
40825 40824 70
40824 40823 39
40823 40822 76
41107 41106 96
41106 41105 23
41105 41104 18
41254 41253 96
41253 41252 91
41252 41251 4
41251 41250 81
41250 41249 73
41249 41248 83
41683 41684 96
41684 41685 70
41685 41686 42
41685 18623 55
41686 41687 83
18623 18624 86
18624 18625 35
18625 18626 25
18626 18627 79
41764 41765 96
41765 41766 51
41766 41767 56
41790 41789 96
41809 41810 96
41810 41811 53
41811 41812 89
41817 41816 96
41816 41815 26
41815 41814 53
41814 41813 44
41969 41968 96
41968 41967 20
41967 41966 58
42243 42244 96
42244 42245 76
42245 42246 38
42246 42247 42
42247 42248 89
42248 42249 11
42249 42250 26
42250 42251 4
42251 42252 3
42252 42253 21
42253 42254 35
42254 42255 8
42255 42256 14
42256 42257 7
42257 42258 57
42258 42259 43
42259 42260 90
42834 42835 96
42835 42836 10
42836 42837 57
42837 42838 22
43410 43409 96
43935 43934 96
43934 43933 65
43933 43932 27
44269 44268 96
44373 44372 96
44372 44371 58
25403 44439 96
44439 44438 25
44438 44437 46
44437 44436 83
44436 44435 55
44435 44434 87
44434 44433 64
44433 44432 29
44432 44431 57
44431 44430 58
44430 44429 69
44429 44428 48
44428 44427 93
44427 44426 14
44426 44425 20
44425 44424 88
44424 44423 41
44423 44422 39
44422 44421 72
44421 44420 13
44649 44648 96
44648 44647 51
44647 44646 83
44646 44645 40
44645 44644 84
44644 44643 69
44643 44642 37
45059 45058 96
45058 45057 66
45057 45056 94
45056 45055 4
45055 45054 66
45054 45053 93
45114 45115 96
45115 45116 56
45116 45117 65
45449 45450 96
45450 45451 73
45540 45541 96
45541 45542 93
45542 45543 15
45543 45544 39
45544 45545 16
45545 45546 43
45546 45547 85
45547 45548 95
46675 46674 96
47192 47193 96
47193 47194 10
47194 47195 20
47195 47196 80
47196 47197 35
47197 47198 26
47527 47526 96
47526 47525 38
47525 47524 51
47524 47523 45
48364 48363 96
48363 48362 7
48362 48361 5
48361 48360 38
48360 48359 43
48359 48358 21
48358 48357 24
48357 48356 54
48356 48355 57
48601 48602 96
49433 49432 96
49432 49431 31
49431 49430 86
49430 49429 11
49429 49428 71
245 244 97
244 243 68
243 242 11
242 241 66
241 240 8
240 239 77
239 238 2
253 254 97
254 255 3
255 256 28
254 41575 66
41575 41574 6
41574 41573 43
41573 41572 46
41572 41571 18
256 257 68
257 258 67
41575 41576 95
41576 41577 65
41577 41578 60
41578 41579 43
41579 41580 33
260 259 97
549 548 97
548 547 49
547 546 32
546 545 10
545 544 32
544 543 91
543 542 68
986 987 97
987 988 55
1377 1376 97
1376 1375 80
1375 1374 12
1374 1373 16
1373 1372 10
1372 1371 26
1371 1370 69
1677 1676 97
1676 1675 92
1675 1674 80
1674 1673 5
1673 1672 70
1672 1671 29
1671 1670 29
1670 1669 27
2912 2911 97
2911 2910 91
2910 2909 58
3301 3302 97
3759 3760 97
3760 3761 34
3761 3762 38
3762 3763 15
3763 3764 91
3764 3765 90
3765 3766 42
3766 3767 93
3767 3768 65
3768 3769 53
3769 3770 49
3770 3771 72
3771 3772 10
4208 4209 97
4209 4210 57
4210 4211 92
4211 4212 43
4212 4213 27
4213 4214 12
4214 4215 29
4215 4216 9
4216 4217 37
4239 4240 97
4240 4241 37
4241 4242 38
4393 4394 97
4394 4395 8
4395 4396 64
4396 4397 72
4397 4398 42
4398 4399 55
4646 4647 97
4647 4648 46
4648 4649 78
4746 4745 97
4745 4744 4
4935 4934 97
4934 4933 49
4933 4932 94
5081 5080 97
5565 5566 97
5566 5567 82
5567 5568 47
5568 5569 76
5569 5570 84
5684 5685 97
6299 6300 97
6633 6634 97
6634 6635 31
7158 7159 97
7159 7160 62
7160 7161 29
7161 7162 3
7162 7163 26
7163 7164 13
7164 7165 4
7165 7166 63
7166 7167 23
7167 7168 46
7168 7169 86
7502 7503 97
7503 7504 35
7833 7834 97
7834 7835 13
10501 10502 97
10502 10503 19
10503 10504 82
10504 10505 62
10505 10506 89
10790 10791 97
10791 10792 51
11343 11344 97
11344 11345 26
11345 11346 30
11346 11347 57
11347 11348 16
11348 11349 22
11349 11350 14
11350 11351 92
11351 11352 53
11352 11353 3
11353 11354 2
11380 11379 97
11379 11378 15
11378 11377 71
11377 11376 62
11376 11375 3
11375 11374 83
11374 11373 30
11373 11372 56
11372 11371 42
11371 11370 36
11370 11369 67
11369 11368 49
11368 11367 69
11367 11366 46
11366 11365 6
11400 11401 97
11445 11444 97
11444 11443 26
11990 11989 97
11989 11988 22
11988 11987 13
12716 12717 97
12717 12718 64
12718 12719 36
12719 12720 34
12720 12721 37
12721 12722 66
12722 12723 24
12723 12724 80
12724 12725 43
12725 12726 34
12726 12727 53
12727 12728 7
12908 12909 97
12909 12910 80
12910 12911 86
12911 12912 5
12941 12940 97
12940 12939 6
12939 12938 36
13174 13175 97
13175 13176 84
13176 13177 59
13177 13178 75
13178 13179 52
13179 13180 43
13180 13181 76
13181 13182 54
13182 13183 35
13183 13184 28
13201 13200 97
13200 13199 10
13199 13198 26
13198 13197 5
13197 13196 22
13196 13195 72
13195 13194 53
13194 13193 16
13507 13508 97
13508 13509 15
13509 13510 48
13510 13511 5
13536 13535 97
13535 13534 9
13534 13533 79
13533 13532 94
13996 13995 97
13995 13994 30
14147 14148 97
14148 14149 56
14149 14150 1
14150 14151 64
14151 14152 90
14152 14153 13
14153 14154 34
14154 14155 74
14155 14156 12
14156 14157 69
14157 14158 8
14436 14437 97
14437 14438 46
14438 14439 62
14439 14440 9
14440 14441 41
14441 14442 32
14442 14443 55
14443 14444 51
14444 14445 75
14908 14909 97
14909 14910 69
14910 14911 34
14911 14912 19
15126 15127 97
15127 15128 70
15128 15129 21
15129 15130 48
15130 15131 88
15131 15132 43
15132 15133 67
15133 15134 43
15417 15416 97
15879 15880 97
15880 15881 15
15881 15882 9
15882 15883 75
16007 16008 97
16008 16009 72
16093 16094 97
16094 16095 42
16095 16096 22
16096 16097 49
16097 16098 92
16354 16355 97
16355 16356 53
16356 16357 35
16357 16358 39
16358 16359 83
17032 17033 97
17579 17580 97
18882 18881 97
18881 18880 65
19445 19446 97
19652 19653 97
19653 19654 66
19654 19655 81
19655 19656 95
19656 19657 9
19657 19658 86
19658 19659 33
19659 19660 35
19660 19661 73
19661 19662 81
19662 19663 15
19663 19664 71
19664 19665 32
20764 20763 97
20763 20762 58
20762 20761 69
21288 21289 97
21289 21290 66
21290 21291 16
21291 21292 25
21292 21293 29
21293 21294 92
21294 21295 39
21295 21296 57
21296 21297 11
21297 21298 5
21298 21299 81
21299 21300 80
21300 21301 23
21301 21302 26
21302 21303 68
21862 21863 97
21863 21864 64
21864 21865 78
21965 21966 97
21966 21967 61
21967 21968 13
21968 21969 25
21969 21970 84
21970 21971 21
21971 21972 73
22347 22348 97
22348 22349 83
22349 22350 69
22350 22351 82
22351 22352 2
22352 22353 62
22399 22400 97
22400 22401 68
22401 22402 62
22549 22550 97
22550 22551 79
22551 22552 20
22552 22553 87
22553 22554 63
22554 22555 42
22555 22556 67
22556 22557 15
22557 22558 59
22558 22559 28
22559 22560 31
22560 22561 12
22561 22562 79
22676 22675 97
22675 22674 21
22957 22956 97
23119 23120 97
23120 23121 80
23121 23122 22
23295 23294 97
23294 23293 60
23293 23292 42
23292 23291 97
23965 23966 97
23966 23967 90
24286 24287 97
24287 24288 63
24682 24683 97
24683 24684 16
24684 24685 71
24685 24686 23
25424 25423 97
25423 25422 81
25422 25421 9
25421 25420 92
25420 25419 31
25419 25418 38
25418 25417 12
25417 25416 82
25416 25415 53
25415 25414 67
25724 25725 97
25725 25726 88
25726 25727 2
25727 25728 69
25728 25729 3
25729 25730 97
25730 25731 85
26255 26254 97
26254 26253 97
26253 26252 8
26252 26251 44
26251 26250 22
26372 26371 97
26371 26370 77
26370 26369 41
26369 26368 46
26368 26367 54
26367 26366 70
26366 26365 91
27480 27481 97
27481 27482 1
27482 27483 35
27483 27484 88
27535 27534 97
27534 27533 16
27533 27532 49
27728 27727 97
28075 28076 97
28076 28077 35
28155 28154 97
28154 28153 93
28153 28152 19
28152 28151 86
28151 28150 35
28514 28515 97
28558 28559 97
28628 28627 97
28627 28626 56
28626 28625 87
28625 28624 83
28624 28623 5
29135 29136 97
29136 29137 95
29137 29138 68
29138 29139 60
29448 29449 97
29449 29450 75
29450 29451 37
29451 29452 37
29452 29453 91
29453 29454 77
29454 29455 61
29455 29456 6
29456 29457 63
29457 29458 52
29458 29459 43
29459 29460 87
29460 29461 64
29461 29462 9
29462 29463 8
29463 29464 97
29581 29582 97
29582 29583 81
29583 29584 15
29584 29585 90
29585 29586 57
29586 29587 62
29713 29712 97
29712 29711 1
29711 29710 89
29710 29709 76
29709 29708 77
29708 29707 67
29707 29706 37
29706 29705 44
29705 29704 32
29704 46069 16
46069 46068 29
46069 46070 32
29704 29703 50
46068 46067 57
46067 46066 43
46070 46071 90
46071 46072 38
46072 46073 6
46073 46074 78
29703 29702 92
29702 29701 48
46074 46075 92
29884 29883 97
30319 30320 97
30320 30321 29
30321 30322 7
30322 30323 11
30323 30324 16
30324 30325 83
30325 30326 83
30326 30327 15
30578 30577 97
30577 30576 97
30576 30575 21
30575 30574 91
30574 30573 21
30573 30572 74
30814 30815 97
30815 30816 12
30816 30817 16
30817 30818 4
30818 30819 97
30933 30934 97
30934 30935 70
30935 30936 1
33583 33584 97
33584 33585 45
33585 33586 44
33586 33587 86
33587 33588 4
33588 33589 77
33737 33738 97
33738 33739 39
33739 33740 29
33740 33741 25
33741 33742 70
34010 34011 97
34263 34264 97
34264 34265 3
34265 34266 85
34266 20842 37
20842 20843 67
20843 20844 90
20844 20845 1
20845 20846 88
20846 20847 17
34422 34421 97
36868 34473 97
34473 34472 10
34472 34471 51
34473 34474 69
34474 34475 33
34475 34476 38
34476 34477 93
34477 34478 28
34761 34760 97
34760 34759 86
34759 34758 63
34934 34933 97
34933 34932 64
35775 35776 97
36488 36489 97
36489 36490 96
36764 36765 97
36765 36766 95
36779 36778 97
36778 36777 80
36777 36776 80
36776 36775 48
36775 36774 90
36774 36773 35
36773 36772 37
36772 36771 8
36772 40569 60
40569 40570 8
40569 40568 47
40568 40567 16
40570 40571 58
40571 40572 36
40567 40566 62
40566 40565 61
40565 40564 16
40564 40563 21
40572 40573 72
36771 36770 90
36770 36769 97
36769 36768 82
36768 36767 84
36914 36913 97
36913 36912 25
36912 36911 8
36911 36910 63
36910 36909 84
36909 36908 35
37209 37208 97
37208 37207 76
38405 38404 97
38404 38403 90
38403 38402 38
38402 38401 29
38401 38400 85
38400 38399 5
38399 38398 35
38398 38397 48
38397 38396 74
38396 38395 32
38395 38394 49
39626 39627 97
39627 39628 8
39736 39735 97
40563 40562 97
40562 40561 84
40561 40560 18
41037 41038 97
41038 41039 56
41039 41040 18
41040 41041 80
41041 41042 56
41042 41043 1
41043 41044 79
41789 41788 97
41788 41787 7
41787 41786 16
42049 42048 97
42048 42047 31
42047 42046 15
42046 42045 77
42045 2366 19
2366 2365 18
2365 2364 10
2364 2363 16
2363 2362 2
2362 2361 12
42045 42044 34
42044 42043 90
42043 42042 95
42042 42041 89
42041 42040 96
42040 42039 14
42039 42038 24
42293 42292 97
42292 42291 5
42325 42324 97
42324 42323 63
43049 43050 97
43050 43051 87
43051 43052 32
43052 43053 15
43053 43054 16
43054 43055 67
43055 43056 7
43185 43184 97
43184 43183 28
43636 43637 97
43637 43638 2
43664 43663 97
43663 43662 49
43662 43661 22
43661 43660 74
44142 44141 97
44141 44140 72
44390 44389 97
44389 44388 58
44408 44409 97
44409 44410 59
44886 44885 97
44885 44884 36
44884 44883 61
44883 44882 30
44882 44881 64
44881 44880 14
44880 44879 25
44879 44878 71
44878 44877 27
44877 44876 77
44876 44875 73
44875 44874 10
45091 45092 97
45092 45093 7
45092 21444 37
45238 45239 97
45239 45240 92
45240 45241 85
45241 45242 53
45242 45243 95
45243 45244 80
45244 45245 35
45423 45422 97
45422 45421 15
45591 45592 97
45592 45593 11
46103 46102 97
46102 46101 21
46101 46100 91
46365 46366 97
46366 46367 60
46367 46368 17
46368 46369 49
46366 35564 72
35564 35563 92
35563 35562 43
35562 35561 73
35561 35560 1
46524 46525 97
47174 47175 97
47175 47176 87
47176 30566 33
30566 30565 3
30566 30567 31
30567 30568 61
30568 30569 37
30569 30570 17
30570 30571 46
30565 30564 88
30564 30563 65
30563 30562 51
30562 30561 42
30561 30560 79
47176 47177 89
47177 47178 84
47178 47179 70
47179 47180 7
47180 47181 27
47720 47719 97
47719 47718 39
47718 47717 85
47717 47716 41
47716 47715 45
48458 48459 97
48604 48603 97
48627 48626 97
48626 48625 55
48625 48624 60
49593 49592 97
49592 49591 3
49591 49590 11
49590 49589 10
49589 49588 73
675 676 98
676 677 86
677 678 82
678 679 73
679 680 3
680 681 83
681 682 48
682 683 13
683 684 37
993 994 98
994 995 2
995 996 80
1031 1032 98
1032 1033 57
1033 1034 70
1353 1354 98
1354 1355 47
1355 1356 60
1356 1357 39
1357 1358 33
1358 1359 40
1359 1360 67
1360 1361 65
1361 1362 46
1362 1363 36
1363 1364 46
1364 1365 12
1365 1366 79
1366 1367 81
1367 1368 51
1368 1369 86
1596 1597 98
1597 1598 14
1598 1599 38
1599 1600 71
1727 1728 98
1728 1729 15
1964 1965 98
1965 1966 9
1966 1967 74
3756 3755 98
5375 5374 98
5374 5373 72
5373 5372 10
5372 5371 12
5371 5370 79
5370 5369 75
5369 5368 44
6099 6100 98
6100 6101 53
6101 6102 2
6102 6103 31
6103 6104 64
6104 6105 47
6105 6106 60
6499 6500 98
6500 6501 44
6501 6502 4
6502 6503 56
6503 6504 31
6504 6505 83
6505 6506 13
6554 6555 98
6555 6556 71
7203 7202 98
7202 7201 33
7201 7200 44
7200 7199 67
7199 7198 70
7198 7197 10
7197 7196 3
7196 7195 38
7195 7194 41
7194 7193 21
7668 7669 98
7669 7670 15
8113 8114 98
8343 8342 98
8342 8341 57
8341 8340 77
9806 9807 98
9807 9808 35
9808 9809 7
9809 9810 56
9810 9811 11
9811 9812 22
9812 9813 82
9813 9814 92
9855 9854 98
10371 10372 98
10372 10373 66
10373 10374 68
10374 10375 13
10375 10376 42
10376 10377 17
10377 10378 25
10378 10379 93
10379 10380 48
10380 10381 2
10381 10382 37
10382 10383 44
11499 11500 98
11500 11501 27
11501 11502 44
11502 11503 6
11503 11504 59
11504 11505 83
11505 11506 36
11506 11507 58
11507 11508 78
11508 11509 85
11952 11953 98
11953 11954 55
11954 11955 73
11955 11956 6
11956 11957 86
11957 11958 33
11958 11959 45
11959 11960 77
13964 13965 98
13965 13966 25
13966 13967 19
13994 13993 98
13993 13992 71
13992 13991 62
13991 13990 10
13990 13989 78
13989 13988 33
13988 13987 12
13987 13986 73
13986 13985 93
13985 13984 24
13984 13983 16
13983 13982 58
13982 13981 79
13981 13980 20
14934 14933 98
14933 14932 87
14932 14931 29
14931 14930 49
14930 14929 56
14929 14928 43
14928 14927 79
14927 14926 65
14926 14925 93
14925 14924 23
14924 14923 21
14923 14922 92
14922 14921 9
14921 14920 73
14920 14919 9
14919 14918 52
14918 14917 30
14917 14916 83
14916 14915 75
14915 14914 7
14914 14913 20
15730 15731 98
15731 15732 75
16019 16018 98
16018 16017 65
16017 16016 74
16016 16015 43
16664 16663 98
16663 16662 82
16662 16661 33
16661 16660 82
16660 16659 25
16659 16658 19
17116 17115 98
17115 17114 33
17114 17113 98
17113 17112 63
17112 17111 17
17111 17110 40
17110 17109 22
17109 17108 1
17108 17107 47
17107 17106 14
17106 17105 33
17803 17804 98
17804 17805 97
17805 17806 11
17806 17807 47
19508 19509 98
19509 19510 50
20398 20399 98
20399 20400 84
20400 20401 35
20401 20402 60
20402 20403 85
20761 20760 98
20760 20759 98
20759 20758 86
20758 20757 85
20757 20756 2
20756 20755 59
20755 20754 57
20754 20753 60
20753 20752 9
20752 20751 27
20751 20750 32
22069 22068 98
22068 22067 23
22067 22066 71
22066 22065 90
22232 22233 98
22233 22234 19
22234 22235 1
22235 22236 91
22236 22237 31
22500 22501 98
22501 22502 8
22502 22503 42
23167 23166 98
23166 23165 40
23165 23164 5
24330 24331 98
24331 24332 51
24332 24333 50
24960 24961 98
24961 24962 28
24962 24963 52
25028 25029 98
25029 25030 38
25030 25031 18
25371 25372 98
25372 25373 31
25373 25374 30
25374 25375 28
25375 25376 80
25376 25377 70
25377 25378 54
30002 25379 98
25379 25380 44
25380 25381 71
25381 25382 91
25382 25383 45
25489 25488 98
25731 25732 98
25732 25733 1
26336 26337 98
26337 26338 84
26338 26339 86
26339 26340 46
26340 26341 27
26341 26342 26
26365 26364 98
26364 26363 68
26363 26362 13
26362 26361 96
26361 26360 58
26667 26666 98
26666 26665 19
26665 26664 17
26664 26663 93
26663 26662 69
26662 26661 84
26661 26660 45
26660 26659 64
26659 26658 44
26658 26657 18
26657 26656 79
26656 26655 64
26655 26654 75
26654 26653 43
27723 27724 98
27724 27725 6
27725 27726 31
29028 29027 98
29027 29026 64
29026 29025 36
29025 29024 7
29024 29023 63
29023 29022 92
29022 29021 79
29021 29020 30
29020 29019 33
29019 29018 96
29018 29017 14
29017 29016 18
29056 29057 98
29057 29058 32
29058 29059 51
29059 29060 27
29488 29487 98
29487 29486 45
29486 29485 69
29485 29484 85
29589 29588 98
31197 31198 98
31198 31199 54
31199 31200 98
31200 31201 24
31201 31202 50
31701 31700 98
31700 31699 73
31699 31698 61
31698 31697 73
31697 31696 38
31697 32205 94
32205 32204 9
32205 32206 21
32204 32203 23
32203 32202 5
32202 32201 11
32201 32200 66
32200 32199 19
32206 32207 68
32207 32208 12
32208 32209 54
32199 32198 91
32198 32197 92
32197 32196 19
32196 32195 69
32195 32194 25
32194 32193 29
32193 32192 73
32209 32210 93
32210 32211 4
32211 32212 17
32212 32213 48
32213 32214 70
32214 32215 34
32215 32216 82
32216 32217 8
32217 32218 49
32218 32219 74
32219 32220 30
32220 32221 19
32221 32222 86
31740 31741 98
31741 31742 45
31742 31743 65
31743 31744 67
31744 31745 84
32341 32342 98
32342 32343 29
33216 33215 98
33215 33214 77
33539 33540 98
33986 33987 98
33987 33988 71
33988 33989 8
33989 33990 34
33990 33991 43
33991 33992 58
35481 35482 98
35482 35483 51
35483 35484 12
35484 35485 62
35485 35486 96
35486 35487 34
35487 35488 90
35488 35489 54
35489 35490 58
35490 35491 82
35491 35492 33
35492 35493 10
35493 35494 31
35494 35495 80
35495 35496 32
35496 35497 94
35497 35498 69
35498 35499 24
35499 35500 57
35500 35501 73
35501 35502 4
35502 35503 6
35503 35504 12
35504 35505 51
35505 35506 30
35506 35507 28
35507 35508 2
35508 35509 16
35509 35510 40
35510 35511 85
35511 35512 7
35512 35513 91
35513 35514 13
35514 35515 82
35515 35516 32
36368 36369 98
36369 36370 25
36370 36371 7
36906 36907 98
37371 37370 98
37370 37369 29
37369 37368 4
37368 37367 56
37367 37366 15
37366 37365 23
38058 38057 98
38057 38056 72
38056 38055 28
39125 39124 98
41134 41133 98
41133 41132 22
41132 41131 8
41131 41130 85
41130 41129 96
41129 41128 71
41128 41127 76
41127 41126 10
41126 41125 17
41125 41124 60
41308 41307 98
41307 41306 56
41415 41414 98
41414 41413 53
41413 41412 79
41412 41411 15
41411 41410 20
41410 41409 37
41409 41408 32
41408 41407 32
41480 41481 98
41481 41482 68
41482 41483 3
41829 41830 98
41833 41832 98
41832 41831 93
42203 42202 98
43093 43092 98
43092 43091 72
43098 43097 98
43097 43096 26
43096 43095 47
45280 45279 98
45279 45278 9
45278 45277 43
45277 45276 60
45276 45275 96
45275 45274 35
45274 45273 30
45273 45272 19
45416 45417 98
45417 45418 47
45418 45419 63
45419 45420 15
45706 45705 98
45705 45704 59
45704 45703 14
45703 45702 33
45883 45884 98
45884 45885 65
45885 45886 90
45886 45887 83
45887 45888 32
45888 45889 22
45889 45890 68
46042 46041 98
46041 46040 92
46066 46065 98
46065 46064 67
46064 46063 78
46063 46062 85
46062 46061 63
46061 46060 44
46471 46470 98
46470 46469 73
47813 47814 98
47814 47815 48
48323 48324 98
48324 48325 90
48325 48326 50
48326 48327 69
48813 48812 98
48812 48811 29
48811 48810 7
48810 48809 18
48809 48808 85
48808 48807 16
48807 48806 61
48806 48805 58
48805 48804 48
48804 48803 10
49584 49585 98
49585 49586 24
49586 49587 67
1387 1388 99
1388 1389 85
1389 1390 99
1390 1391 42
1414 1415 99
1415 1416 40
1416 1417 66
1527 1528 99
1528 1529 9
1529 1530 69
1530 1531 18
1531 1532 47
1532 1533 50
1533 1534 93
1766 1767 99
1767 1768 96
1768 1769 36
1769 1770 59
1770 1771 59
1771 1772 58
1772 1773 29
1773 1774 24
1782 1783 99
1783 1784 69
1784 1785 83
2000 1999 99
1999 1998 48
2538 2539 99
2539 2540 16
2593 2594 99
2594 2595 72
2595 2596 14
2596 2597 9
2597 2598 4
2598 2599 38
2599 2600 11
2600 2601 63
2601 2602 30
2602 2603 92
2603 2604 26
2604 2605 23
2605 2606 18
2606 2607 61
2607 2608 15
2608 2609 83
2609 2610 90
2610 2611 28
2611 2612 43
3058 3057 99
3057 3056 65
3056 3055 55
3711 3710 99
4016 4017 99
4017 4018 39
4018 4019 92
4019 4020 37
4020 4021 81
4021 4022 40
4022 4023 29
4023 4024 48
4024 4025 42
4025 4026 87
4026 4027 72
4389 4388 99
4388 4387 50
4387 4386 48
6199 6200 99
6200 6201 3
6201 6202 44
6202 6203 2
6203 6204 1
6379 6378 99
6378 6377 95
6377 6376 93
7193 7192 99
7868 7869 99
7869 7870 49
7870 7871 45
7871 7872 93
7872 7873 25
7873 7874 32
8567 8568 99
8568 8569 7
8727 8728 99
8728 8729 46
8729 8730 81
8730 8731 28
8731 8732 17
8737 8738 99
8738 8739 12
8739 8740 68
8740 8741 16
9326 9325 99
9325 9324 65
9324 9323 59
9323 9322 48
9322 9321 66
9321 9320 64
9320 9319 14
9319 9318 63
9318 9317 34
9317 9316 57
9906 9907 99
9907 9908 52
9908 9909 32
9909 9910 73
9910 9911 1
9911 9912 76
9912 9913 9
9913 9914 98
9914 9915 28
9915 9916 13
9916 9917 62
11842 11843 99
11843 11844 64
11844 11845 21
11845 11846 33
11846 11847 86
11847 11848 52
11848 11849 22
11849 11850 53
11850 11851 69
11851 11852 70
11852 11853 36
11853 11854 67
11854 11855 51
11855 11856 31
12236 12237 99
12237 12238 14
12238 12239 73
12239 12240 20
12240 12241 67
12241 12242 62
12242 12243 32
12243 12244 35
12244 12245 91
14448 14447 99
14447 14446 47
14566 14567 99
15734 15733 99
16905 16906 99
16906 16907 93
16907 16908 68
16908 16909 20
16909 16910 18
16910 16911 35
16911 16912 24
16912 16913 85
16913 16914 99
16914 16915 9
16915 16916 41
19780 19781 99
19781 19782 72
19782 19783 2
19783 19784 64
19784 19785 76
20114 20115 99
20115 20116 57
20116 20117 59
20117 20118 61
20118 20119 2
20119 20120 42
20120 20121 80
20121 20122 3
20122 20123 83
20123 20124 31
20124 20125 1
20466 20467 99
20467 20468 96
20468 20469 1
20469 20470 73
20470 20471 15
20471 20472 30
20472 20473 31
20473 20474 5
21082 21083 99
21083 21084 86
21444 21445 99
21445 21446 89
21446 21447 38
22441 22440 99
22440 22439 31
22439 22438 98
22438 22437 73
22437 22436 84
24257 24258 99
24258 24259 70
24259 24260 37
24260 24261 80
24425 24426 99
24426 24427 90
24427 24428 79
24428 24429 82
24429 24430 64
24430 24431 31
24431 24432 44
24432 24433 14
24499 24498 99
26350 26349 99
26349 26348 87
26348 26347 94
26347 26346 38
26346 26345 30
26345 26344 5
26344 26343 92
28195 28196 99
28196 28197 17
28623 28622 99
28622 28621 6
28621 28620 80
28620 28619 35
28619 28618 61
28618 28617 16
28617 28616 37
29380 29381 99
29381 29382 31
29382 29383 38
29383 29384 3
29384 29385 23
29838 29839 99
29839 29840 61
29840 29841 98
29841 29842 87
29842 29843 29
29843 29844 43
29844 29845 52
30003 30004 99
30004 30005 91
33377 33376 99
33376 33375 69
33375 33374 53
34645 34646 99
34646 34647 97
34647 34648 96
34648 34649 2
34649 34650 81
34650 34651 69
34651 34652 65
34652 34653 63
34653 34654 91
34999 35000 99
35000 35001 95
35574 35573 99
35573 35572 71
35572 35571 77
35571 35570 95
35570 35569 84
35569 35568 43
35568 35567 79
35567 35566 61
35566 35565 52
36203 36204 99
36204 36205 33
36205 36206 75
36206 36207 63
36207 36208 35
36208 36209 38
36209 36210 45
36210 36211 81
36211 36212 48
36212 36213 43
36213 36214 19
36214 36215 88
36215 36216 99
36216 36217 54
36217 36218 57
36218 36219 98
36219 36220 79
36220 36221 81
36221 36222 66
36222 36223 53
36223 36224 21
36224 36225 3
37022 37023 99
37025 37024 99
38761 38762 99
38762 38763 85
40278 40277 99
40277 40276 38
40276 40275 9
40275 40274 21
40274 40273 35
40273 40272 6
40272 40271 21
40271 40270 6
40494 40495 99
40495 40496 90
40496 40497 44
40497 40498 11
40498 40499 49
40499 40500 34
40807 40806 99
40806 40805 94
40805 40804 77
40804 40803 70
41405 41406 99
42436 42437 99
42437 42438 21
42438 42439 21
42439 42440 11
42440 42441 99
42441 42442 93
42442 42443 51
42443 42444 58
42444 42445 4
42812 42813 99
42813 42814 93
42814 42815 11
42815 42816 86
42840 42839 99
43730 43731 99
43731 43732 37
43732 43733 35
43733 43734 8
46052 46053 99
46053 46054 89
46054 46055 49
46055 46056 38
46056 46057 12
46057 46058 45
46058 46059 85
46264 46263 99
46563 46564 99
46564 46565 31
46565 46566 96
46619 46620 99
46620 46621 11
46621 46622 33
46622 46623 26
46623 46624 12
46624 46625 8
46625 46626 26
46626 46627 63
46627 46628 9
46628 46629 41
46629 46630 98
46695 46696 99
46696 46697 33
46697 46698 98
46698 46699 75
46699 46700 18
46700 46701 90
46701 46702 31
46702 46703 80
46703 46704 48
48118 48117 99
48117 48116 23
48638 48637 99
48637 48636 63
48636 48635 18
48635 48634 85
48634 48633 51
48633 48632 68
49862 49863 99
49863 49864 20
49864 49865 81
49865 49866 86
49866 49867 91
49867 49868 32
49868 49869 62
49869 49870 83
49870 49871 84
49871 49872 67
49872 49873 7
49873 49874 66
49874 49875 47
49875 49876 57
3793 3794 100
3794 3795 77
3795 3796 52
4452 4453 100
4453 4454 86
4454 4455 63
4455 4456 35
4456 4457 23
4457 4458 91
4458 4459 8
4459 4460 30
4460 4461 50
6206 6207 100
6207 6208 49
6208 6209 12
7380 7381 100
7381 7382 82
7382 7383 100
7383 7384 19
7384 7385 16
7385 7386 37
7386 7387 65
7387 7388 48
7388 7389 10
7389 7390 61
7390 7391 25
7391 7392 1
8986 8987 100
18325 18326 100
18326 18327 40
18327 18328 9
18612 18613 100
18613 18614 35
18614 18615 64
18615 18616 80
18616 18617 49
18617 18618 60
18618 18619 67
18619 18620 23
18620 18621 41
18621 18622 94
18820 18821 100
18821 18822 58
18822 18823 66
18823 18824 73
18824 18825 76
18825 18826 50
18826 18827 13
18827 18828 7
18828 18829 70
18829 18830 7
18830 18831 48
18831 18832 90
18832 18833 5
18833 18834 38
18834 18835 67
18835 18836 68
18836 18837 3
18837 18838 95
18838 18839 84
18839 18840 5
18840 18841 85
18841 18842 20
18842 18843 58
18843 18844 28
20125 20126 100
20126 20127 11
20127 20128 44
20128 20129 23
26005 26006 100
26006 26007 18
26007 26008 50
26008 26009 30
26009 26010 62
26010 26011 39
26011 26012 61
26012 26013 96
26013 26014 9
26014 26015 44
27991 27992 100
27992 27993 87
27993 27994 67
27994 27995 33
27995 27996 54
27996 27997 84
27997 27998 77
31608 31609 100
31609 31610 7
32692 32691 100
32736 32737 100
32737 32738 37
32738 32739 25
32739 32740 55
32740 32741 12
32741 32742 53
32897 32898 100
32898 32899 54
34755 34756 100
34756 34757 15
34957 34958 100
34958 34959 15
34959 34960 48
34960 34961 21
37427 37428 100
37428 37429 74
37429 37430 4
37430 37431 24
37431 37432 28
37432 37433 12
37433 37434 58
37434 37435 3
37435 37436 15
37436 37437 17
37437 37438 60
37438 37439 2
38240 38241 100
38734 38735 100
40712 40713 100
40713 40714 77
40714 40715 30
40715 40716 39
40716 40717 7
40717 40718 85
40718 40719 43
42445 42446 100
42446 42447 76
42447 42448 84
42448 42449 39
42449 42450 31
42450 42451 29
42451 42452 40
42452 42453 3
42453 42454 13
42454 42455 51

Total MST weight: 2320065

Execution time: 5094.83 ms
