Algorithm: Prim's MST

MST edges:
0 1 74
1 4761 15
4761 4762 1
4761 4760 17
4760 4759 4
4759 1301 4
1301 1302 1
1301 1300 13
4761 587 24
1300 1299 29
1299 1298 27
1298 1297 19
1299 8020 30
8020 8021 23
8021 8022 25
1301 6097 33
6097 6098 1
6097 6096 15
6096 6095 42
6095 6094 11
6094 6093 21
6093 6092 16
6092 6091 1
6092 5124 5
5124 5125 12
6091 6090 12
6090 6089 18
6091 4918 44
4918 4919 37
4919 4920 27
4920 7433 6
4920 4921 13
7433 7432 19
7432 7431 15
7431 7430 8
4921 2636 21
2636 1689 2
4921 4922 22
1689 1688 24
2636 2635 31
2635 2732 8
2635 2634 26
2634 2633 37
2633 2632 24
2732 1375 38
4919 4909 39
4909 4908 11
4909 4910 35
4920 6776 39
6776 6777 19
6777 6778 15
6778 6779 13
6779 6780 17
6780 1229 2
1229 1230 1
1230 3707 8
1229 1228 30
3707 3706 31
3707 5839 39
5839 5840 19
1688 1687 46
1687 1686 29
1686 1685 33
2732 2731 46
2731 2730 48
2730 2729 10
2729 4464 26
4464 4465 1
4465 1693 6
1693 1692 12
4464 4463 33
4463 4462 1
4462 4461 24
4461 4460 4
2729 2728 43
2728 2727 21
2730 9231 46
9231 9230 15
9231 8045 30
9231 2722 38
2722 2723 18
9231 9232 39
9232 9233 13
9233 9234 31
8045 8046 45
8046 8047 5
8020 8019 48
8019 4731 24
4731 4732 45
4732 4733 10
4733 4734 38
4734 5131 6
5131 5130 23
5130 6100 4
6100 6099 27
5131 942 51
3706 3705 51
4465 9342 51
9342 9343 32
9343 2797 26
9342 9341 45
9341 9621 11
9621 9622 8
9622 9623 14
9341 5778 26
9623 9624 28
9624 9625 15
9625 9626 27
5778 5779 45
5778 5777 47
5777 5776 48
4731 4730 53
4730 2061 54
2061 2060 36
4918 4917 54
4917 725 21
4917 4916 25
4916 5058 21
725 724 38
724 723 19
723 1254 9
4734 18 55
18 17 14
17 5121 1
5121 5120 3
5121 5122 4
18 19 18
19 690 3
17 7233 30
7233 7234 13
19 9028 30
19 377 33
377 378 5
19 20 46
17 16 47
377 376 50
1254 1255 55
1255 1256 45
1256 1257 31
3705 3704 55
3704 3703 15
3703 7868 42
7868 7867 3
7868 7869 7
7868 5979 12
7867 7866 32
7869 7870 37
7870 7871 20
7871 8647 25
7871 7872 27
8647 8646 36
8647 8648 44
8648 8649 10
3704 9483 44
9483 9482 7
9483 9484 11
9484 9485 32
9484 9161 39
8649 5149 46
5149 168 12
168 6839 4
5149 9697 16
5149 5148 28
5148 5147 20
5149 5150 34
5150 5151 7
6839 6840 35
6840 6841 14
6839 13 41
13 14 10
13 12 41
12 11 20
11 9243 8
9243 9244 37
9244 876 3
9244 9245 26
876 877 27
877 53 33
9697 9696 43
9696 9761 25
9761 904 33
904 905 2
905 906 38
906 907 4
907 908 21
908 2234 27
2234 2235 8
2234 2233 21
2233 2232 17
2232 2231 38
2231 2230 2
2230 2229 1
908 909 43
9245 9246 46
6841 6842 47
6842 6843 41
6840 5724 48
5724 5723 40
9243 9242 48
6843 6844 49
6844 6845 22
6845 6846 45
6846 6847 18
9161 9162 52
9162 9163 26
7872 7873 55
16 15 56
876 875 57
2732 2733 57
6089 6088 57
8649 8650 57
8650 8651 39
8651 8652 34
4916 9599 57
9599 9600 28
9599 9598 36
9598 9597 33
9600 9601 38
9601 9602 41
9602 9603 35
9603 5081 39
5081 5080 42
5080 5079 44
9603 9604 48
9604 9605 3
9605 9606 10
9606 9607 31
9607 9608 11
9598 1757 54
1757 1756 1
1756 1755 36
1755 1754 17
9607 2003 56
1230 1231 58
8047 8048 58
8048 8049 41
1254 1253 59
1253 1252 48
1252 1251 20
1251 1250 9
2723 2075 59
2075 2076 7
2075 2074 33
2076 2077 36
2077 7719 38
7719 9394 6
9394 9395 7
9395 9396 21
9396 9397 29
9397 3295 12
9397 9398 19
3295 3296 20
3296 9190 2
3296 3297 9
9190 9191 11
3295 3294 23
7719 7720 35
7720 7721 19
3297 3298 38
3298 3299 27
7719 7718 38
3294 5240 41
5240 5241 3
5240 2599 4
5240 5239 5
5239 5238 2
5238 5237 37
5237 5236 33
5236 5235 27
9394 9393 44
9190 9189 47
9189 9188 35
2599 2600 49
2600 2601 31
2601 2602 39
7721 7722 50
7722 7723 18
7723 7724 39
7724 7725 42
3299 3300 51
3300 3301 11
3301 3302 36
3302 6802 14
3302 3752 26
6802 6801 40
6801 6800 37
6800 6799 31
6799 6798 40
6798 6797 4
6802 8878 43
8878 8879 48
5235 5234 51
5234 2117 7
2117 7619 32
7619 7618 9
7619 9371 17
9371 9372 10
9372 8871 16
8871 8872 4
8872 8873 16
8871 8870 17
8870 575 25
575 576 7
576 9054 10
575 574 18
574 573 18
574 9902 18
9902 9901 1
9901 9900 6
9054 9055 30
9055 9056 28
9056 9057 21
573 572 32
9900 9899 34
9899 7445 8
9901 291 35
291 292 19
292 293 9
291 5656 20
5656 5657 1
291 290 25
572 571 36
5656 1222 36
576 577 40
9057 9058 43
9058 2815 25
2815 2814 38
2814 2813 37
2813 2812 4
2812 2811 9
9900 549 44
549 548 10
548 547 7
549 550 40
7445 7446 45
7446 8066 4
9056 4873 51
4873 4874 44
4874 4875 46
4875 4876 38
4875 9224 47
9224 9225 44
5234 5233 52
5233 5232 20
5232 5231 9
5231 5230 3
5230 7112 1
7112 7111 42
7111 7110 24
7110 7109 28
7109 7108 26
7718 7717 52
8878 8877 52
571 570 54
548 8897 54
8897 8896 11
8896 8895 36
8895 8894 51
8894 8893 5
9224 9223 54
9223 9222 17
9222 9221 52
2602 2603 55
9398 3326 56
3326 3327 25
3327 3328 23
3326 3325 31
3325 7539 1
7539 7540 31
3325 3324 37
3324 3323 43
3323 3322 31
3322 8037 4
3322 3321 19
8037 8036 20
8036 8035 19
3328 3329 51
3329 3330 7
570 7350 56
7350 7349 20
7350 7351 45
7618 7617 56
7617 7616 19
7616 7615 13
7615 7614 52
7614 7613 55
7613 7612 41
5241 8557 56
8557 8556 25
8557 8558 48
8558 8559 15
8559 8560 46
8877 8876 56
9222 2837 57
2837 2836 20
2836 2835 17
5235 9281 57
9281 9282 28
9282 9283 5
9281 9280 29
9280 5178 57
2117 2118 58
2118 2119 17
2119 2120 5
2120 2121 8
2121 2122 14
2122 2123 20
5657 5658 58
9054 9053 58
9053 9052 41
9052 9051 14
9052 2555 33
9051 6327 46
6327 6328 8
6327 6326 11
6326 6325 38
6325 6324 4
2555 2554 49
9371 9370 58
9370 9369 9
9369 9368 12
9370 4263 39
9370 5129 42
2814 2242 59
2242 2241 56
3302 3303 59
3303 2659 42
2659 2660 33
3303 3304 46
2659 2658 56
2658 2657 18
3304 3305 57
1228 3448 59
3448 3447 3
3448 3449 33
3447 3446 36
3446 3445 7
3449 3450 41
3450 3451 8
3451 3452 31
5230 5229 59
5229 5228 18
5228 5227 21
5229 2997 35
2997 2998 39
2998 2999 38
2997 2996 46
2996 2995 42
2999 3000 48
5227 5226 59
5226 5225 39
5979 5978 59
5978 4963 41
4963 4964 5
4964 6001 19
6001 6000 23
6000 3079 10
4964 9930 43
9930 6795 2
6088 6087 59
6087 6086 49
6086 6085 24
6085 7252 39
7252 7251 13
7252 7253 38
7253 6431 32
7253 7254 42
7254 9706 33
9706 2686 28
9706 9707 31
6431 6432 48
6432 9675 29
9675 9674 47
9674 9673 50
9673 9672 39
9675 9676 50
9676 9677 26
9677 9678 50
9678 8889 3
8889 1865 19
1865 1866 20
8889 8890 30
7251 7250 51
7250 5916 41
5916 6896 33
6896 6897 39
6896 6895 47
6895 6894 9
6894 6893 47
6893 6892 14
6892 6891 8
6891 6890 21
9678 9679 51
9679 9680 10
5916 918 54
918 919 35
919 6243 29
6243 6244 7
6244 6245 2
6243 6242 23
6242 4435 4
6242 6241 27
4435 4436 47
4436 4437 43
7250 7249 54
7249 7248 6
8889 7078 56
7078 7079 45
7079 7080 46
7080 7081 35
7078 7077 56
7077 7076 21
7076 7075 2
7077 9813 51
9813 9814 20
9813 9812 28
9812 9811 17
9813 3240 41
3240 3239 25
9814 9815 53
9815 9816 8
9816 9817 36
9817 9818 3
9818 9819 54
3240 4850 57
9811 9810 58
9372 9373 59
9605 2484 60
2484 6969 2
2484 2483 13
2483 2482 4
2482 2481 59
6098 4489 60
4489 4490 51
4490 4491 9
4489 4488 57
5978 5977 60
5151 7038 60
7038 7039 24
7038 4020 54
4020 4021 34
4020 4019 41
4019 4018 48
4018 6042 1
6042 7875 1
6042 6436 7
7875 7876 10
6042 6043 15
4018 4017 16
6436 6437 17
6043 9573 19
6436 6435 21
9573 9574 22
4021 4022 50
7876 7877 60
7877 7878 51
9608 9609 60
9810 9809 60
9809 9808 47
9808 9807 20
168 169 61
169 170 31
918 917 61
917 5368 36
5368 5367 22
5367 5540 9
917 916 50
916 915 30
915 914 37
5367 1149 54
1149 8794 7
1149 1148 33
1149 1369 44
1369 1368 3
1369 1370 22
1370 7889 17
7889 7888 24
1148 8665 55
8665 8666 53
8666 8667 17
8667 2100 27
2100 2101 7
2101 2102 19
2102 2103 22
8667 8668 29
2100 7519 43
7519 2890 44
2890 2889 25
2890 2891 26
7519 7520 44
7519 7518 45
7518 7517 14
2103 2104 49
2104 2105 29
2105 3980 7
2105 2106 28
3980 3979 28
3980 3981 38
3981 1108 3
1108 1109 30
1109 6993 40
6993 6992 9
6992 6869 4
6869 6868 3
1109 5412 43
5412 5411 20
5412 5413 30
5411 5410 45
5410 5409 50
2100 2099 54
2099 2098 29
2098 2097 37
7520 7521 55
7521 7522 2
914 913 58
1149 8621 58
8621 2783 2
2783 2784 3
8621 8622 27
5367 111 60
111 110 5
110 9667 26
9667 9668 7
9668 9669 15
9667 9666 22
111 112 51
112 113 53
113 114 53
114 115 24
110 109 55
1689 1690 61
1690 1691 48
9622 2435 61
2435 2436 17
2435 6054 34
2436 2437 58
2437 2438 57
4850 4849 61
4849 4848 5
4848 4847 31
5058 5057 61
5057 5056 6
5056 5055 45
5131 5132 61
5132 5133 9
5133 5134 56
5540 5539 61
5539 5538 5
5538 1814 20
5538 5537 20
1814 1815 21
1815 1816 23
5538 116 27
5537 5536 27
5536 5535 1
116 2154 52
2154 2155 44
116 117 54
117 172 22
117 2678 41
2678 2679 21
2679 4201 24
4201 1722 20
1722 1721 14
1721 5302 8
1722 1723 17
5302 5301 28
5301 5300 21
2678 2677 47
1721 1720 48
1720 1719 49
172 173 51
173 8359 25
8359 8360 19
8360 8361 4
2155 2156 54
2156 59 2
59 60 55
60 61 25
60 2448 49
2448 4279 15
2448 2447 17
2447 2446 13
4279 4278 31
4278 8909 2
8909 8910 47
8910 8911 8
8911 8912 28
1719 1718 56
1718 1717 10
1717 1716 21
1716 1715 12
1716 3089 21
3089 3090 24
3090 3091 27
3090 4313 35
4313 6935 38
6935 6936 28
6936 6937 17
1715 2669 52
2669 2668 10
2668 2667 4
2669 8756 26
5538 5636 56
5636 2408 55
2408 2442 17
2442 2443 38
1715 1714 58
1714 1713 45
2442 2441 58
4201 4202 59
4202 68 35
4202 4203 37
2154 2153 60
2153 2152 23
2152 2151 34
2151 2150 3
2408 2407 61
2407 2406 20
2407 1944 55
1944 1943 21
1944 1945 55
1945 1451 27
1451 1452 38
1452 1453 5
1451 1450 43
1450 1449 7
1449 1448 44
1448 1447 24
1447 1446 43
1453 1454 45
1454 1455 32
2406 2405 61
2405 2404 13
2404 2403 52
2403 2402 23
2402 2401 34
2401 2400 34
2400 2399 22
2399 8619 4
2399 2398 10
8619 8618 38
5916 5917 61
5917 1099 23
1099 1098 20
1098 1382 1
1382 1383 15
1098 1097 27
1097 9802 26
9281 6230 61
6230 1637 17
6230 6231 17
1637 1636 18
6231 7062 54
7254 6673 61
6673 6674 61
6674 6675 47
6675 6676 61
6776 6775 61
6775 6774 6
6797 6796 61
8652 8653 61
8653 8654 42
8654 8655 26
8756 8755 61
8755 8754 10
9246 9247 61
9247 9248 13
2669 9420 61
9420 9421 13
9421 7846 9
7846 4176 40
4176 4177 8
4177 4178 35
4178 4179 25
9421 9422 43
9422 9423 46
7846 7845 51
7845 7844 11
7846 7847 54
7847 6722 6
6722 6723 18
6723 6724 1
6724 6725 6
6725 6726 21
6722 6721 28
6721 6720 14
7847 7848 46
6720 6719 48
6719 6718 39
6718 6717 43
6720 2380 50
2380 2379 51
2379 2378 18
2378 2377 39
2377 6256 32
6256 6257 40
6257 6258 49
2377 2376 53
2376 2375 20
2375 2374 53
2374 2373 50
9420 9419 54
6717 6716 56
6716 6715 5
6715 6714 19
6726 6727 58
6727 6728 18
6726 7155 59
7155 7154 8
7154 7229 7
7229 7230 32
7154 7153 38
11 10 62
10 9 29
9 8 38
10 927 60
927 928 8
928 929 14
919 920 62
920 7708 1
7708 7707 37
920 921 47
920 2171 48
2171 2170 26
2171 331 46
331 332 33
332 8337 15
2171 3557 52
3557 3556 5
3556 3555 43
3555 3554 45
3554 3553 28
3553 9908 32
9908 9907 4
9907 9906 52
7707 7706 53
920 7201 55
7201 7202 1
7201 763 22
763 764 10
764 9097 7
9097 9096 14
764 765 37
7202 7203 37
7201 7200 48
7200 7199 8
7203 7204 52
7204 7205 41
3555 8905 55
9096 9095 55
9095 3520 27
3520 3519 9
3519 3518 30
3520 3521 52
2170 2169 58
3554 2871 59
2871 2972 21
2871 2870 40
2972 2973 50
2973 2974 2
2871 2872 58
2872 2873 20
2873 2874 43
2874 2875 1
2875 2876 43
2876 8315 11
8315 8316 37
8316 8317 9
8317 5407 3
8317 8318 17
8315 8314 38
8314 8313 15
8313 8312 38
8312 6533 31
6533 6534 20
2872 3533 58
3533 3534 44
7706 7705 61
7705 712 45
8313 1161 62
1161 1162 5
1161 1160 18
1162 1163 27
1160 1159 61
1159 1158 10
1159 7611 32
7611 9324 25
1158 1157 42
1157 1156 52
1156 1155 10
1222 1223 62
1223 1224 11
1224 1225 58
2003 2004 62
2733 2734 62
3000 3001 62
3445 3444 62
3444 3891 6
3444 3443 37
3443 3442 20
3442 3441 41
3441 3440 39
3752 3753 62
3753 3754 38
3754 1824 6
1824 1823 2
3754 3755 47
1823 1822 49
1822 1821 40
1821 1820 27
1820 1819 52
1819 1818 13
1818 1817 55
293 4326 62
4326 4327 15
4327 4328 18
4328 4329 6
4326 4325 20
4329 9094 21
4325 3056 38
3056 3055 35
3055 3054 4
3054 3053 44
4329 4330 45
4330 4331 3
4331 4332 25
3053 3052 47
3052 3051 22
3051 6248 41
4332 9923 49
9923 9924 3
9923 9922 47
9922 9921 56
9921 9920 5
9920 9919 31
9919 3653 47
3653 3652 5
3652 3651 19
3653 3694 49
3051 3050 57
9094 9093 57
9093 9092 35
9092 9091 40
9091 9090 35
4328 9722 60
9722 9721 58
2481 5632 62
5632 5633 25
5633 5634 62
5634 5635 33
5634 3530 54
3530 3529 55
3530 3531 55
8650 6580 62
6580 6581 19
6581 3582 12
6580 6579 21
6581 6582 39
6582 3830 19
6582 6583 34
6583 1678 10
3582 3583 50
3583 3584 14
3584 3585 1
3585 3586 4
3582 3581 51
3830 3829 51
3829 6446 8
6446 6445 6
6445 6444 25
6446 6447 26
6447 6448 10
6448 6449 16
3829 3828 27
3828 4958 27
6449 6450 31
6448 2826 46
2826 2825 35
6444 6443 55
6443 6442 44
3828 3827 56
2826 2827 62
3830 6758 62
6758 6757 21
6757 6756 10
6756 6755 1
6755 6754 24
378 7162 62
7162 9517 27
572 7312 62
7312 7313 23
7313 8304 53
8304 8305 1
8305 8306 21
7351 7352 62
4731 7738 62
7738 7739 10
7739 7740 25
7740 7741 23
7741 7742 49
7742 7743 42
7743 7744 31
9190 8003 62
8003 8004 27
8037 8038 62
9761 9760 62
765 766 63
766 767 42
767 768 4
767 1975 51
1975 1974 36
1974 1973 15
1973 1972 19
1972 1971 42
1971 1970 8
1975 1976 47
1976 1977 22
1977 1978 33
1972 9782 57
9782 8395 8
8395 8394 14
8394 8393 37
8393 6680 24
6680 6679 2
6680 6681 34
6679 6678 35
6681 6682 47
8395 8396 51
6682 6683 59
6683 6684 30
6684 1783 3
6684 8096 4
8096 8095 2
8096 8097 36
8097 897 22
897 896 62
896 9795 35
9795 9794 15
9795 9796 46
9796 9797 3
9797 9798 7
9798 9799 10
9799 9800 12
9796 7669 30
9799 890 41
890 889 23
890 891 62
891 2203 12
2203 2204 42
2204 2205 34
2205 2206 55
2205 811 56
891 892 60
892 893 8
893 894 9
892 616 53
616 615 25
615 614 20
614 8078 9
8078 8077 13
8078 8079 14
8079 8080 31
8080 8081 3
8077 8076 37
616 617 57
8081 6220 60
6220 6221 2
6221 6222 28
6222 5766 2
6222 6223 7
6223 6224 14
5766 5765 28
5766 5767 33
5765 5764 39
5764 5763 16
5763 4059 12
4059 4060 40
4060 4061 31
4059 4058 41
4058 4057 26
6224 6225 42
4057 4056 59
4056 4055 26
4055 4054 44
4054 4053 8
5767 5768 60
5763 5762 62
5762 5761 42
5761 5760 25
5760 5759 13
5761 1578 36
1578 1579 2
1579 1580 44
1580 1581 33
1578 1577 55
1578 5689 62
5689 5688 22
5688 4560 44
4560 4559 1
4559 4558 32
4558 4557 42
4557 4556 1
4560 5204 54
5204 5203 9
5204 5205 13
5205 5206 23
5206 5207 33
5207 5208 18
5208 5209 26
4560 4561 59
4561 4562 2
9782 9781 62
9781 4609 20
4609 4610 10
4610 4611 29
4610 8308 42
9781 1873 43
1873 1874 31
1874 1524 40
1524 1523 11
1523 1522 36
1522 1521 28
4609 4608 47
4608 418 16
418 417 9
418 419 9
417 416 30
416 415 8
415 414 31
1524 1525 51
1525 1526 28
1873 1872 54
1872 1871 51
4611 4612 59
4612 1894 21
1894 1893 48
416 2288 61
2288 6299 12
6299 6298 42
6298 1436 10
1436 1437 1
6299 6300 45
1436 1435 46
1435 1434 52
1434 1433 13
1433 1432 13
2288 2289 60
8308 8307 61
8307 154 38
154 153 15
153 152 32
152 1575 17
1575 1574 18
1574 1573 32
1573 1572 43
1572 1571 23
1572 2665 24
2665 2666 5
154 155 46
155 5427 3
5427 5426 15
155 2510 17
2510 2511 3
5427 5428 19
2510 2509 41
2509 2508 17
5428 5429 44
5429 2480 12
5429 5430 36
1571 1570 47
1570 1569 19
1574 2803 47
2803 6078 30
6078 7289 32
7289 7288 16
6078 6077 38
6077 3634 26
3634 3635 12
152 4741 47
4741 4740 8
4740 4348 29
4348 4349 10
4348 4347 29
4347 4346 24
4346 2011 39
2011 2012 36
3635 3636 52
3636 3637 23
2665 2664 53
4346 4345 53
4345 4344 17
4344 6917 27
4344 4343 30
1575 1576 54
5426 5425 55
152 151 57
151 150 39
150 149 18
149 9031 37
9031 9032 48
9031 9030 49
9030 9029 51
9029 7256 2
7256 7255 20
7256 7257 38
7257 7258 19
7258 7259 33
7259 7260 31
2803 2802 57
2012 2013 58
2013 385 58
4349 4350 58
1432 1431 62
913 912 63
4176 994 63
994 993 4
994 995 32
993 992 63
1163 1164 63
1368 1367 63
1367 1366 14
1383 1384 63
1431 1430 63
1430 1429 44
1429 1428 38
2206 2207 63
7445 2371 63
2371 2370 25
2371 2372 34
9605 3477 63
3477 3168 30
3168 3167 3
3477 3478 47
3477 3476 51
3478 3479 60
3518 3517 63
9190 3589 63
3589 3590 44
3891 3890 63
4313 4312 63
4312 4311 42
4311 4310 44
4310 4309 32
4309 4308 60
4325 4324 63
8076 4569 63
4569 796 12
796 795 15
4569 4570 16
4569 4568 42
4568 4567 43
4567 4566 25
4566 4565 5
4570 4571 48
4571 4572 32
4572 4573 24
4759 4758 63
4488 6005 63
6005 9887 57
9887 9888 17
9888 9889 40
9889 9890 28
6298 6297 63
6297 6296 41
6296 8495 24
8495 8494 41
8494 8493 11
8493 8492 41
8492 8491 10
6296 6295 47
6295 9425 5
9425 9426 42
9426 6596 34
6596 6597 2
6296 6271 48
6271 6272 35
6271 6270 38
6270 6269 26
6270 3513 30
3513 3512 17
3513 3514 37
3514 3515 1
3515 3516 17
3516 3896 43
3896 3897 2
3896 3895 37
3895 3894 40
6596 6595 50
6295 8506 51
8506 8507 27
8507 5974 12
8507 9479 31
8507 8508 40
9479 9480 46
9480 9481 25
9480 7572 27
7572 7571 29
7571 7570 7
9480 7580 46
7580 7581 2
7580 4274 30
4274 4275 32
4275 4276 21
4276 4277 14
7580 1555 36
1555 1556 3
7581 7582 38
4274 4273 48
4273 4272 22
4272 4271 3
4272 4094 4
4271 4270 28
4271 4157 33
4094 4093 48
4093 4092 33
4092 4091 9
1555 1554 51
1554 1553 25
6595 6594 52
6594 6593 13
6593 6592 38
8495 8496 53
8496 8497 5
8497 8498 43
8498 8499 39
8499 8500 31
8499 2495 41
2495 2494 25
8499 8946 48
2494 1837 53
1837 1838 14
1838 1839 22
4157 4158 54
4158 1427 6
4158 4159 23
4159 4160 30
4160 4161 37
7582 7583 54
7583 4424 47
4424 4423 16
4423 4422 31
4272 275 55
275 276 15
276 277 18
3515 3108 56
3108 3109 10
3109 3110 43
6597 6598 57
6598 6599 8
6599 6600 43
6600 6601 11
8491 8490 57
8490 8489 46
6296 5261 59
5261 5262 19
5262 5263 8
5263 3941 13
5263 5264 32
5264 5265 19
5265 5266 33
5266 5267 39
5267 5268 19
3941 3940 40
3940 3939 47
4157 6178 59
6178 6179 4
6178 6177 46
6177 6176 55
7580 7579 59
7579 7578 48
7578 7577 49
7577 5202 3
7577 7576 10
7577 9169 11
9169 9168 7
9168 2335 20
2335 2334 6
9168 9167 21
2334 2333 36
2333 3267 43
3267 2445 2
7576 7575 51
7575 7574 45
7574 7573 12
7574 3437 56
3437 3436 47
3436 3435 5
3435 3434 55
9169 9170 59
9170 9171 56
9171 9172 44
4092 9236 60
9236 9235 51
9235 1659 40
3437 3438 61
3438 3439 20
4277 7010 61
7010 2313 20
2313 2314 5
9167 9166 61
9166 7764 11
7764 7763 17
9166 9165 22
7763 7762 34
3110 6074 62
6074 6073 29
6074 5714 37
5714 5713 18
5713 5712 10
5712 9357 12
5713 8110 30
5714 5715 32
6073 6072 37
6072 6071 35
6071 6070 41
6070 6069 46
5715 5716 50
5716 5717 9
5717 5718 11
5718 5719 5
5719 8153 3
8153 8152 14
8152 8151 17
8153 8154 17
5716 4639 32
4639 4640 29
4640 4641 18
4641 4642 29
4639 4638 34
4638 4637 10
4637 4636 23
4636 4635 15
8154 8155 42
8155 8156 20
5719 5720 43
5720 5721 33
5721 5722 14
6071 9488 58
9488 9489 33
9488 9487 55
9487 7713 33
7713 7714 8
7713 7712 27
9487 9486 48
9487 8175 50
8175 8174 9
8175 8176 41
8176 8177 16
8177 8178 23
8178 8179 23
8179 8180 15
8180 8181 45
8174 8173 52
8173 8172 58
8172 8595 1
8595 8594 2
8172 2476 22
2476 1344 2
2476 2475 7
2475 2474 28
8595 8596 33
8596 8597 28
8172 8171 51
8171 8170 34
8170 8169 19
2476 1318 57
1318 1317 22
8594 9238 58
7712 7711 60
7711 7710 36
8506 8505 62
8505 8504 3
8504 2915 7
2915 2800 35
2800 2801 9
8504 8503 45
2800 2799 62
2799 2798 38
2915 2914 62
2915 2916 62
2916 5443 51
5443 5442 21
5443 5444 55
5444 5445 23
1318 1319 63
1319 1320 63
1320 1321 1
2314 2315 63
2315 6215 11
2315 2316 37
2316 3418 23
3418 3417 29
3417 3416 14
3416 3415 2
3417 1444 16
3415 9268 20
1444 1443 28
1443 8125 48
3415 3414 58
3414 3413 14
3414 824 37
824 2519 13
2519 2520 31
824 825 33
2520 2479 37
2520 2521 41
3413 3412 43
3412 3411 17
2521 9948 43
3411 3410 47
3410 2266 19
2266 2265 22
2265 2264 5
2265 5345 19
5345 5344 33
5344 431 8
431 432 35
432 433 38
433 434 30
434 435 12
2266 2267 43
2267 2268 15
5344 5343 45
5343 5342 39
2479 2478 50
2478 2477 15
2477 9567 25
9567 9566 27
9566 9565 12
9565 9564 26
2268 2269 57
2269 2270 25
2269 9579 53
9579 9578 26
9578 9577 23
9577 9576 48
6215 6214 60
431 360 63
360 361 57
361 362 30
360 359 61
359 358 2
358 357 27
357 356 56
356 355 8
355 7096 41
7096 7095 4
7095 7094 10
7096 7097 14
7095 5843 23
5843 5842 33
5842 5841 39
7094 7093 41
355 8182 55
7093 7092 61
9576 518 63
518 517 48
517 516 35
518 5757 52
5757 5756 41
5756 5755 46
5755 5754 9
5754 2034 31
2034 9645 11
9645 9646 2
2034 2033 40
2033 2032 35
5754 5753 41
5757 5758 53
276 5013 63
5013 5012 7
5012 5417 4
5013 5153 25
5013 5014 41
5014 5015 42
5015 5016 7
6754 6753 63
6753 6752 52
6752 3957 43
3957 3956 31
3956 5904 17
5904 5903 3
5903 5902 21
3956 7305 24
5902 5901 26
5901 5900 2
5903 7646 36
7646 7647 39
7647 7648 23
7648 2692 12
3957 3958 41
2692 2693 44
5901 2957 45
2957 2956 23
2956 2761 5
2956 2955 14
2761 2760 23
2760 2759 20
2955 2954 24
2954 2953 23
2759 2758 45
2758 2757 43
2956 698 51
698 697 41
2693 2694 53
2694 7322 24
7322 7321 23
7322 7323 36
7323 7324 32
698 699 57
699 700 5
700 701 32
701 702 56
702 3547 10
2757 2756 57
2756 2755 33
700 5295 57
5295 5294 32
2953 2952 58
2952 2951 32
2951 2950 3
2950 2949 52
5904 5905 58
7648 7649 59
7324 7325 62
7325 7326 11
7326 7327 25
7327 7328 8
7328 7329 58
7329 507 2
507 508 2
507 5513 17
5513 3403 1
7329 129 32
129 128 8
129 130 13
130 131 3
131 132 13
132 133 10
133 134 40
5513 5514 40
3403 3404 41
128 127 43
507 506 44
506 505 19
132 9081 52
9081 9080 19
505 504 53
5513 5512 55
3403 3402 58
3402 3401 19
3401 3400 11
3400 3399 47
9081 9082 59
9082 9083 16
9083 9084 4
9084 9085 7
9085 9086 40
9086 9087 31
9087 9088 4
9088 9089 32
9083 5338 52
7328 2415 60
2415 2414 16
2415 8005 32
2414 2413 43
2413 2412 55
2412 2411 41
2411 2410 45
2410 2409 1
2409 4030 43
4030 4031 22
4031 3031 10
3031 3030 33
3030 3029 23
3029 9560 14
9560 9561 2
3029 3028 25
3028 3027 19
3027 3026 25
3026 3025 19
3025 6301 21
6301 6302 1
6302 6303 26
6303 3732 14
3025 3024 29
3732 3731 36
3731 3730 11
4031 4032 39
4032 4033 22
2409 9705 47
3730 3729 48
3729 3728 38
3728 3727 5
3731 1809 50
3030 8511 50
2409 5479 56
5479 5478 23
8511 8512 56
8512 8513 31
8513 4633 5
4633 1725 2
8513 8514 9
8513 4196 24
4196 4197 24
4197 4198 11
4633 4634 25
4633 7035 31
8513 3350 35
3350 3349 4
3349 5312 37
5312 5311 13
5311 5310 11
5310 5309 38
7035 7034 44
7034 5731 11
7034 7033 39
4196 4195 53
4195 4194 47
4194 5299 48
5299 5298 39
3350 3351 55
3351 3352 2
5731 5732 55
8514 8515 55
8515 9128 18
9128 9129 8
9128 9127 11
9127 2416 38
8515 8516 38
6303 6304 58
6304 6305 40
4030 4029 59
2416 2417 60
127 1627 61
1627 1626 55
1626 1625 55
4029 4028 61
3732 3733 62
3733 3734 31
3349 6031 62
6031 6030 19
6031 6032 45
6032 3674 54
3674 3675 36
3674 3673 37
6030 6029 54
6029 6028 22
3675 3676 58
3676 3677 51
3677 3678 47
3678 8042 26
8042 8043 10
8042 8041 35
6305 6306 62
7108 7107 63
7107 7106 62
7875 7874 63
7579 397 64
614 613 64
697 696 64
696 7716 63
3090 2161 64
2161 2162 8
2555 2556 64
2686 2687 64
2687 4690 28
4690 4691 12
4690 4689 20
4689 4688 38
2687 2688 46
2688 2689 11
4691 4692 61
4692 246 43
4692 4693 47
246 247 52
247 248 6
248 2691 36
2691 2690 21
248 249 53
249 250 19
2734 2735 64
2735 2736 1
2736 2737 12
2737 2738 23
2738 3379 2
3379 3380 19
2738 2739 25
2739 2740 9
2739 584 22
584 583 9
3379 3378 38
3378 7347 15
2737 1154 41
1154 1153 37
1153 1152 20
1152 1151 37
2740 486 60
2740 2741 62
3727 3726 64
3890 3889 64
3889 3888 33
4308 4307 64
3515 5703 64
5703 5702 31
5702 5701 47
5701 5700 63
1872 5894 64
5894 5895 1
5894 5893 11
5893 5892 3
5892 5891 38
5891 5890 11
5891 4397 25
4397 4396 34
4396 4395 46
4395 7645 19
7645 7644 34
7644 7643 32
7643 7642 18
5890 5889 47
5889 5888 31
5895 5896 48
5896 5897 21
5897 5898 15
5898 5899 17
5896 1091 23
1091 1092 2
1092 1093 53
1093 1094 43
1094 1095 13
1095 1096 59
5889 2544 60
4397 4398 60
6231 6232 64
6431 6430 64
8396 8397 64
8397 8398 3
8398 8399 8
8594 8593 64
8593 8592 15
8592 8591 61
9127 9126 64
9126 9125 28
9238 9237 64
1297 9512 64
9512 9513 54
9696 9695 64
419 420 65
508 509 65
509 4897 25
4897 4896 43
4897 4898 54
4898 4903 61
4903 6559 39
6559 6560 7
587 588 65
796 797 65
797 2794 9
2794 2793 16
2793 2792 31
2792 2791 24
2792 2750 34
2750 2749 2
2749 2748 14
2750 2751 19
2750 3679 24
2751 2752 39
2791 2790 39
2790 5156 17
5156 5155 1
2790 2789 32
2789 2788 19
5156 5157 32
2788 2787 35
2788 4231 38
4231 4232 16
4231 4230 31
2791 7794 40
7794 7793 35
7794 7795 35
7795 6659 3
6659 6660 1
6659 6658 8
6660 6661 16
6661 3892 29
2794 2795 41
2795 5613 33
5613 5612 4
5613 5614 7
5612 5611 32
5611 5610 2
5610 5609 2
5612 8847 36
8847 8848 10
8848 7907 10
7907 9290 6
7907 9378 27
9378 9377 41
2748 2747 44
5614 5615 44
9290 9291 44
9291 5805 7
5805 5806 14
5806 5807 36
5807 5808 38
5808 5183 42
7907 7906 45
7906 7974 13
7974 7975 12
7975 7976 30
7976 7977 33
7977 7978 7
2752 6536 46
6536 6535 32
6536 6537 44
6537 8428 21
8428 8427 16
6537 6538 46
6538 6539 2
6659 6916 46
6916 6915 29
6915 6914 1
6914 6913 15
7978 922 48
922 923 40
923 924 32
5157 5158 48
8847 8846 48
7977 9289 48
9289 9288 45
9289 2726 47
5615 5616 50
5808 5809 51
5809 5973 25
5809 5810 38
5810 5811 1
7907 7908 56
7908 7909 18
7909 7910 6
7909 938 41
938 939 14
938 937 24
939 940 29
940 941 10
7910 7911 53
7911 7912 21
7912 7126 7
7126 7125 8
7125 7124 13
7126 7127 18
7912 7913 21
7913 9202 15
7913 7914 24
9202 1347 42
1347 1348 19
1348 1349 25
7914 7915 50
7915 7916 7
1347 1346 53
7124 7123 54
7123 7122 40
2748 3902 57
3902 2821 5
2821 2820 1
3902 288 48
288 287 4
287 286 42
286 285 52
5609 5608 57
1346 1345 59
5811 5812 61
5812 5813 48
5813 4838 9
4838 4837 28
5973 9459 61
9459 9460 48
9460 9461 28
9461 9462 8
7974 7973 62
7973 7972 51
7972 4370 10
7972 7971 21
7971 4253 17
4253 4254 12
4254 4255 10
4370 4369 40
5813 5814 63
5814 949 57
2794 6550 63
6550 6549 11
9291 9292 63
3892 3893 64
8848 8849 64
8849 8850 11
8849 1979 51
9462 9392 64
9392 9391 2
9391 8735 28
8735 1304 20
9392 5389 33
5389 5388 8
5388 5387 16
5387 5386 14
8735 8734 37
8734 8733 35
8733 4394 14
4394 4393 36
9392 6058 43
6058 6057 32
6057 6056 18
6056 6055 11
6058 6059 32
6059 6060 33
6060 6061 4
8735 8736 45
5387 2683 53
2683 7244 50
7244 7245 17
7245 7246 16
7246 7247 30
7244 7243 35
5388 98 54
1304 1303 56
8736 8737 57
8737 5170 62
5170 5169 5
5169 5168 5
5168 5167 59
6056 8865 64
8865 8866 33
8866 8867 33
8867 6955 42
6955 6954 46
811 812 65
909 910 65
910 911 18
1725 1724 65
1814 1813 65
1813 1812 26
1812 1811 47
1811 673 7
673 672 9
672 9739 17
9739 9738 1
673 674 21
674 675 7
9739 9740 23
675 676 25
672 671 32
9740 9741 34
9741 9742 15
1811 1810 43
9739 1653 47
1653 1652 7
1652 1651 9
1651 1650 25
1650 1649 10
1653 1654 31
1652 279 49
1652 5989 54
9738 9737 54
9737 9736 4
671 670 63
6894 1937 65
1937 1936 11
1936 1935 26
1937 8777 27
1937 1938 32
1935 1934 41
1934 1933 44
1937 1829 61
1829 1828 31
1828 1827 4
1827 1826 19
1826 1825 8
1826 6148 12
6148 6147 29
6147 6146 40
6146 6145 61
1970 1969 65
1969 1968 39
2508 2507 65
2507 2506 11
2694 2695 65
2695 136 32
136 135 26
2741 2742 65
3110 3111 65
3111 3112 2
3112 3113 8
3112 4281 33
4281 4282 61
3547 3546 65
5977 3950 65
3950 9216 23
3950 3951 36
3950 3949 59
3949 3948 47
3948 3947 59
3947 3946 40
9216 9217 59
9217 9218 61
9218 9219 61
9219 9220 36
4282 4283 65
4283 8502 5
4283 4284 29
4284 4285 13
8502 8501 59
8501 6045 9
6045 4183 54
4183 4182 41
4182 4181 19
4183 4184 52
6045 6046 55
4285 4286 65
4286 4287 12
4287 1136 22
1136 1137 53
1137 5098 46
5098 5097 24
1136 1135 54
1135 2073 1
1135 1134 12
1135 9522 14
2073 2072 26
2072 2071 11
9522 9521 30
2071 2070 54
2070 2069 57
2069 2068 55
2068 2067 1
2068 7883 26
2067 2066 47
7883 7884 47
7884 7885 38
7885 7886 9
7886 7887 18
1137 1138 60
1138 1139 46
1139 1140 13
1139 404 40
4556 4555 65
4555 4554 33
4554 4553 8
4553 4552 34
5058 5059 65
5178 5179 65
5179 5180 4
5514 5515 65
5515 5516 12
5703 5704 65
6148 6149 65
6149 6150 50
4910 6498 65
6752 6751 65
6751 6750 65
6750 6749 21
6749 6748 8
6750 7377 36
7377 7378 37
7377 7376 44
7376 7375 17
7375 7374 21
919 7193 65
7199 7198 65
7198 7197 48
7197 6975 31
7197 7196 38
7233 7232 65
7232 7231 4
7347 7346 65
7346 4449 28
4449 9499 20
7378 7379 65
5840 7679 65
7679 7678 1
7678 7677 1
7679 7680 38
7680 7681 13
7681 7682 54
7682 7683 11
7793 7792 65
7792 7791 46
7791 7790 12
7790 7789 35
7789 7788 56
7788 7787 26
8879 8880 65
9051 9050 65
68 69 66
69 6854 57
6854 6853 4
6853 6852 51
6852 6851 58
6851 6850 48
6850 878 30
878 879 12
879 1727 35
1727 1726 15
1727 1728 44
1728 3825 12
3825 4320 13
4320 4319 5
4320 4729 6
4320 4321 12
4321 4322 11
4729 8769 29
1728 1729 32
1729 1730 37
4319 4318 42
4318 4317 44
4317 4316 45
8769 8770 47
8770 8771 22
4316 4315 48
4315 4314 5
8771 2131 49
2131 2132 14
2132 2133 3
2133 2134 21
2131 1774 41
1774 1775 31
4314 3886 52
3886 3887 19
3887 3186 2
3186 3185 22
3185 3184 22
3186 3187 22
3187 3188 24
8769 8768 53
8768 8767 32
879 880 54
880 881 36
881 882 45
3825 3826 54
3187 7385 56
7385 7384 16
7384 7383 27
7385 7386 27
7383 7382 31
7383 2711 42
2711 2712 27
2712 2713 44
7382 7381 50
3825 3824 57
7381 7380 57
8771 8772 57
3188 3189 58
3189 3190 48
879 9637 58
9637 9636 4
9637 9638 25
9638 9639 6
9636 9635 35
9639 9640 40
9635 9634 52
7385 6335 59
6335 1534 13
1534 1533 2
1533 1532 12
6335 3157 24
3157 3156 20
1534 1535 32
3156 3155 42
1533 4706 48
4706 4705 19
4705 4704 32
3157 3158 49
6335 6334 53
6334 6333 14
6333 6332 45
6332 6331 26
6331 1681 20
1681 7466 27
7466 7467 21
7467 7468 44
7468 7469 44
7469 9400 12
9400 9399 3
1681 1682 47
7466 9099 51
9099 6474 47
6474 6473 2
6474 6475 8
6474 493 33
493 494 24
494 495 38
1681 1680 52
6334 1700 53
1700 1699 17
9399 5141 53
493 6173 53
6173 1862 15
6173 6172 20
6173 6174 49
7469 7470 53
7470 5399 47
5399 5398 26
5398 5397 8
5397 5396 8
5396 5395 31
5399 5400 35
5400 5401 40
7470 7471 48
5395 5394 54
5394 6615 43
6615 6616 38
6616 6617 45
1682 1683 55
1683 1684 18
7471 2680 55
2680 2681 9
2681 9213 3
2681 2682 7
9213 9212 46
9212 9211 5
9211 9210 31
9213 9214 52
1535 1536 57
5396 2710 57
2710 2709 50
3157 5874 57
5874 5873 11
5873 8803 2
8803 8802 12
5873 5872 45
1700 1701 58
1701 1702 23
1702 1703 33
1703 1704 42
5395 4354 59
4354 1745 9
1745 1746 1
1746 1747 24
4354 4355 35
4355 4356 9
4356 4357 57
4357 2489 3
4357 3496 19
3496 3495 4
2489 2490 28
2490 2491 29
2489 2488 50
5398 9267 59
9267 9266 48
495 496 60
496 497 25
497 498 30
3155 3154 61
6335 6336 61
6336 6337 31
6337 6338 19
6338 6339 55
6339 6340 43
7466 7465 61
5141 5142 62
5142 5592 39
5142 5143 40
5143 5144 44
5144 5597 17
5144 5145 37
5592 5593 60
5593 5594 53
5593 1477 60
1477 1478 40
1478 1479 56
5394 5393 62
5393 5392 41
5392 5391 25
5391 5390 60
7465 7464 62
9266 9265 62
9265 3037 13
3037 3036 10
882 883 63
883 884 14
6335 2534 63
2534 2533 35
2533 2532 15
4322 4323 63
1536 1537 64
1537 7192 22
7192 7191 55
1537 9684 55
1537 1538 58
1538 1539 14
1539 1540 31
1540 1541 41
1541 1542 5
1542 1543 36
1543 1544 29
1544 1545 52
1545 1546 35
1546 1547 7
1547 1548 18
1548 1549 43
1543 8613 58
8613 8614 6
8613 8612 49
1546 7151 60
7151 7152 5
7151 7150 49
7150 7149 51
7149 7148 16
7148 7147 36
7147 7146 1
1747 1748 64
1748 1749 50
1749 1750 49
1750 1751 4
1751 1752 50
8771 3923 64
5873 730 65
730 731 23
731 732 54
732 733 63
733 734 22
734 735 59
735 736 26
1730 1731 65
1731 4739 40
1745 1744 65
1744 1743 16
1743 1742 44
1742 1741 47
1741 1740 53
1740 1739 8
1739 1738 19
9640 9641 65
929 930 66
9674 1064 66
1064 1063 11
5703 1339 66
1339 1338 24
1338 1337 10
1337 640 5
640 639 12
640 641 15
639 638 60
638 637 46
637 636 22
636 635 1
635 634 1
634 5455 18
5455 5454 6
5455 4010 23
634 633 46
633 632 8
5455 5456 54
5456 2382 18
2382 8443 44
8443 8444 14
8444 3344 23
8444 8445 23
8443 8442 30
3344 3343 37
3343 3342 24
3342 3341 17
3341 5655 15
8442 8441 42
2382 2383 52
2383 2384 4
4010 4011 59
4011 4012 9
3341 3340 65
3340 3339 59
3339 3904 5
3904 3905 2
3905 3906 9
3339 3338 10
3338 3337 8
3904 3903 34
1437 1438 66
1659 1658 66
1658 1657 14
1658 799 17
799 800 43
1657 1656 61
1656 1655 23
1655 997 62
799 798 65
698 2245 66
2245 2244 26
2245 2246 56
2246 2247 53
2247 2248 20
2244 2243 64
2955 2317 66
2317 9533 11
9533 9534 22
9533 9532 28
2317 2318 30
2318 2319 7
2319 2320 13
9534 9535 43
9535 9536 55
2317 1793 61
1793 1794 65
1794 1795 62
1795 1796 59
1796 1797 42
1797 1798 28
2554 2553 66
2553 6635 28
6635 6636 3
6636 6637 4
2553 2552 30
2552 2551 14
2551 6677 9
6637 7879 65
2603 2604 66
2604 2605 56
2605 2606 40
2606 2607 63
2607 2608 46
2608 2609 35
2609 2610 32
2610 2611 55
2726 2725 66
2725 2724 24
2104 3852 66
3852 3853 44
3852 3851 45
3853 3854 49
3854 3855 33
3855 3856 56
3856 3857 34
7231 3934 66
3934 3933 22
3933 3932 20
3932 3931 45
3932 3615 55
3615 3616 50
3616 3617 62
3617 3618 36
3618 3619 65
3619 3620 55
4281 4280 66
4898 4899 66
5724 5725 66
5725 5726 52
5726 5727 10
5727 5728 18
5728 1511 7
1511 1510 16
5728 5729 38
1510 1509 46
5729 5730 57
5730 1758 2
1758 1759 38
5726 6804 62
6804 4333 11
4333 4334 16
6804 6803 21
4334 4335 27
6804 9365 53
9365 9366 37
9366 9367 20
5726 1853 65
1853 1852 7
1853 1854 11
1854 1855 25
1852 1851 65
1851 2 28
2 3 54
5872 5871 66
5871 5870 64
5870 5869 2
5869 5868 39
5916 5915 66
5915 5914 52
5914 5913 60
5913 5912 16
5913 9941 20
9941 7420 13
9941 9940 41
9940 9939 19
9939 9938 65
5989 5990 66
6324 6323 66
6323 7473 25
7473 7474 39
7473 982 57
982 981 14
981 6116 16
6116 6115 31
7473 7472 61
6116 6117 63
6117 6118 28
6954 6953 66
6953 6952 8
6952 6951 57
6951 6950 14
7329 7330 66
7330 7331 33
7331 7332 28
7332 7333 10
7333 7334 36
7334 7335 22
7335 7336 49
7336 7337 20
7336 864 47
864 863 63
863 862 12
862 861 18
861 6603 33
6603 6604 18
6604 6605 27
6605 6606 43
6603 5541 44
6603 6602 56
7445 7444 66
7444 7443 5
8041 8040 66
8556 8555 66
8614 8615 66
9423 9424 66
8 7 67
7 6 30
6 857 19
6 5 40
857 858 49
858 7314 12
7314 7315 5
7315 7316 14
858 859 26
859 860 25
857 856 62
856 855 56
855 7275 6
7275 2576 23
7275 7276 23
7276 7277 44
7277 9516 2
2576 2575 47
855 854 52
854 853 53
853 852 26
852 851 19
851 850 18
852 8856 34
8856 8855 45
8855 8854 17
8855 2287 20
7277 7278 54
7278 7279 57
7279 4077 35
4077 4078 23
7275 7274 62
7274 7273 21
7274 5468 28
5468 5469 63
5469 5470 46
5470 5471 51
2287 2286 64
2286 2285 7
2285 2284 12
2284 2283 12
2283 2282 26
2282 7391 25
7391 7392 26
7392 3347 14
7392 7393 41
7391 7390 54
7390 7389 14
3347 3348 62
5468 5467 65
5467 5466 33
5466 6769 19
6769 6770 64
6770 6771 57
4282 192 67
192 191 58
509 510 67
510 511 54
511 512 22
512 513 47
513 514 3
514 515 48
511 1642 55
1642 6187 16
6187 9692 23
1642 1643 27
9692 9693 31
6187 6188 43
6188 6189 40
1642 8542 54
8542 7421 24
7421 7422 13
7421 3987 34
3987 3986 26
3986 3985 1
3985 3984 41
8542 8543 46
8543 5023 31
8543 8544 45
8542 8541 49
5023 5024 50
5024 5025 32
5025 5026 36
5026 5027 27
7422 7423 50
8544 8545 50
8545 8546 25
8546 8547 39
8547 8548 1
8548 8549 21
8549 8550 55
8541 8540 56
6189 6190 62
3987 3988 66
3988 3989 40
3989 3990 27
9692 9691 66
9691 9690 52
9690 9689 49
9689 9688 7
9688 8352 54
8352 8353 25
8353 6522 11
6522 6523 29
8352 1589 40
1589 1588 39
8353 8354 47
8354 8355 41
8355 8356 52
8356 8357 53
8357 8358 13
9690 3646 57
3646 3647 12
3646 3645 14
3645 3644 26
3644 3643 27
3647 3648 35
3648 3649 35
3649 3650 40
3643 2823 48
2823 4243 29
9688 9687 59
1588 1587 63
1587 1586 53
4243 4244 63
4244 4245 7
4245 4246 4
4244 3388 8
4245 8702 13
8702 8701 16
8702 8703 52
8701 8700 57
8700 4581 27
4581 4580 15
3388 3387 65
9693 9694 66
577 578 67
884 885 67
885 886 42
904 903 67
903 902 34
1063 1062 67
7421 2210 67
2210 8121 29
8121 8122 19
8122 8123 15
8123 8124 16
8121 8554 22
8554 8553 13
8553 8552 9
2210 2209 33
2209 6977 4
6977 6978 16
6978 6979 8
2210 2211 33
2209 2208 44
8121 8120 47
6977 6976 60
2211 2212 61
7616 2259 67
2259 2260 30
2259 2258 51
2258 2257 54
2264 2263 67
2263 2262 23
2262 2261 35
2821 2822 67
1556 3191 67
3378 3377 67
3377 3376 36
3376 3375 9
3375 3374 35
3374 3373 63
3373 3372 29
3372 3371 66
3371 3370 40
3370 3369 52
3369 3368 18
3368 3367 11
3368 8662 34
8662 8663 4
8663 8664 64
7705 3820 67
3820 3821 46
4077 4076 67
4076 4075 55
4075 4074 43
4074 4073 61
4073 4072 55
4072 4071 22
4071 4070 4
4072 2583 27
4070 4069 41
4071 6831 41
6831 6832 10
6832 6833 5
6831 6830 12
6830 6829 39
6829 6828 32
6828 4602 26
4602 4603 36
4903 4904 67
4904 4905 53
4905 4906 30
4905 1631 37
1631 1632 12
1632 1633 20
1633 1634 16
1633 2963 20
2963 2962 42
2963 2964 45
2962 2961 54
2961 2960 22
2960 2959 3
2959 2958 36
2958 6038 10
6038 6037 15
5268 5269 67
5269 5270 34
5270 5271 58
5271 5272 24
5272 5273 3
5454 5453 67
5592 5591 67
7844 5876 67
5876 5877 1
5876 5875 10
5877 5878 16
5878 5879 16
5879 5880 50
5880 5881 53
6037 6036 67
6038 6039 67
6039 6040 63
6040 6041 60
6241 6240 67
6240 6239 66
6248 6249 67
6249 6250 44
6615 6614 67
6614 6613 32
6613 6612 35
6612 6611 19
6897 6898 67
6898 6899 39
6899 6900 56
8619 8620 67
8620 7937 41
7937 7936 27
7937 7938 42
7938 7939 16
7939 7940 1
7938 9258 43
7936 7935 47
9258 9257 50
9257 9256 21
8620 3798 51
3798 3797 12
3797 3796 3
3796 3795 45
3795 8450 9
3795 3794 12
3794 3793 2
3794 9008 19
9008 9009 13
9009 7345 21
9008 5192 22
5192 5191 16
5191 5190 19
5190 5189 47
3798 7837 48
7837 7838 22
7838 7839 37
9008 9007 53
9007 9006 38
9006 3640 33
3640 3641 25
3641 2904 8
2904 2905 5
3641 8835 18
3641 7754 26
7754 7755 31
9006 9005 33
9005 6558 24
6558 6557 6
6557 6556 20
6556 6555 23
6555 6554 19
7754 7452 35
3640 3639 39
6557 6655 45
9009 9010 54
9010 9011 36
8620 9727 57
8835 8836 58
8836 8837 10
8837 8838 49
8620 9838 58
9838 9837 25
9837 9836 16
9838 1195 53
1195 1194 14
1194 3200 6
3200 3199 23
3200 3201 30
1195 1196 37
1196 1197 40
1197 1198 6
1198 7751 2
7751 7752 37
3199 3198 41
3198 3197 52
3197 3196 15
3196 3195 20
3195 3194 60
3194 4115 6
3194 3193 9
4115 4116 56
6554 6553 61
6553 6552 51
6552 6551 14
6655 6654 62
9727 9726 63
9726 9725 32
9725 4155 11
4155 4154 55
4154 4153 33
4155 4156 57
4156 5794 64
5794 8221 4
8221 8222 22
8222 8223 11
8221 9435 24
9435 9434 14
9434 9433 6
9433 9432 2
9432 9431 14
9435 9436 21
9431 9430 34
5794 5795 39
5795 5796 31
5796 5797 46
5797 5798 6
5798 5799 27
5794 5793 53
5793 5792 45
5792 5791 47
8221 8220 62
8223 8224 62
8224 8225 49
8225 9892 7
9005 9004 65
9004 9003 7
9003 9002 23
9002 9001 51
9001 9000 29
9000 3844 12
3844 3845 26
9000 8999 29
3844 3843 42
3843 3842 37
3842 8883 14
8883 8884 4
8883 7610 26
8883 8882 28
3845 3846 46
3846 3847 41
8999 8998 47
8998 8997 10
3847 3848 64
3848 1426 49
1426 7242 3
7242 7241 39
7241 7240 20
7240 7239 50
7239 5858 45
5858 5859 45
5859 5860 2
5860 5861 49
5861 5862 5
5862 5863 37
5863 5864 34
1426 1425 51
1425 7899 2
7899 7900 18
7900 4597 9
1425 1424 34
1424 2526 14
1424 1423 37
7899 7898 37
7898 7897 1
7897 7896 21
7900 7901 39
7901 7902 31
7902 7903 12
7897 9132 51
7239 7238 54
5864 5865 62
5865 5866 44
7896 7895 63
7903 7904 65
7904 7905 25
7904 8604 58
8604 8603 39
4156 792 66
792 793 12
3842 3841 66
3841 3840 61
3840 3839 14
3839 6125 26
6125 6126 10
6125 6124 37
3839 3838 47
3838 3837 30
3837 3836 18
6126 6127 54
6127 6128 47
6128 6129 35
6127 6865 58
9007 8192 66
8192 8191 42
8191 8190 49
8190 8189 5
8189 8188 50
8188 8187 12
8187 8186 14
8186 8185 8
8185 2830 6
8185 8184 49
8184 8183 57
8191 4595 63
4595 1048 6
4595 4596 16
4595 4594 53
4594 4593 67
4593 4592 31
4592 4591 26
4592 4717 41
4591 4590 52
4717 4716 55
9191 9192 67
9192 9193 62
9193 3455 49
9193 9194 62
9194 9195 26
9216 9215 67
9265 9264 67
246 245 68
378 379 68
379 380 12
380 8295 12
8295 8294 2
2074 604 68
604 605 22
604 120 50
120 121 46
121 122 21
122 123 10
123 124 45
120 6790 61
6790 6791 24
6791 6792 12
6792 6793 31
604 603 62
603 602 20
602 601 55
601 600 31
600 599 34
599 8818 30
599 598 59
8818 1618 59
1618 1617 21
1617 1616 14
8818 3563 62
3563 3562 20
3563 2969 37
2969 2970 23
2970 2971 32
3563 3564 37
2969 2968 56
2968 2967 36
2967 2966 51
2966 105 56
105 106 35
1618 1619 63
1619 1620 24
1620 1621 50
6793 6794 64
6794 4887 12
6794 3595 20
3595 3596 55
3596 3597 50
3597 5320 17
3597 3598 35
3598 3225 30
5320 5321 46
3598 3599 47
3599 3600 11
3600 3601 4
3601 5845 6
5320 5319 62
5319 5318 8
5318 5317 60
3595 3594 65
5321 5322 65
5322 5323 52
5323 5324 20
5324 5325 31
5324 3366 49
3366 3365 7
3365 3364 15
3364 3363 32
3363 3362 50
3362 3361 28
3594 3593 66
3593 3592 57
3592 3591 39
1621 1622 67
1622 1623 42
1622 2016 49
2016 2017 46
2017 2018 47
2018 2019 37
632 631 68
2803 1227 68
1227 1226 24
1226 8682 19
1227 7087 66
7087 7086 35
7086 7085 27
7085 7084 9
7087 7088 38
1304 1305 68
1305 1306 47
1642 1641 68
1641 1640 68
1640 1639 9
1639 1638 33
1638 3475 22
1839 1840 68
1840 1236 18
1236 1235 35
1235 337 36
337 336 16
336 335 43
1236 1237 62
1237 1238 13
1840 1841 65
1841 1842 47
1842 1843 25
1843 1844 52
1844 1863 10
1863 1864 58
337 338 68
338 339 45
339 340 16
340 341 18
341 342 20
1851 1850 68
1850 1849 58
1849 8843 9
8843 8844 44
8843 8113 55
8113 8112 31
8113 8114 63
8114 8115 9
8115 8116 3
8116 8117 32
8117 8118 5
8118 8119 26
8118 8766 54
8766 8765 65
2491 2492 68
2492 2493 4
2544 2543 68
2543 2542 58
2542 2541 48
2541 2540 53
2540 2539 49
2539 1315 7
1315 1316 22
2539 2538 47
2538 2537 63
2537 9295 19
9295 9294 26
9294 9293 24
9295 9296 60
9296 2362 22
2362 2363 51
2362 2361 55
2611 2612 68
2612 2613 66
2783 2782 68
2830 2831 68
2831 2832 28
2832 2833 16
2833 2834 50
2834 9549 31
9549 9548 47
3050 3049 68
3049 3048 66
3048 3047 39
3047 3046 3
3046 3045 1
3045 5626 8
5626 5627 20
3046 3687 37
3687 8226 26
3687 4883 29
3687 3688 46
3688 3689 24
3689 3690 11
3690 3691 30
4883 4882 52
4882 4881 31
4881 4880 21
4880 7548 24
7548 7547 37
5626 5625 52
3691 3692 64
3692 3693 47
4880 4879 64
4879 4878 50
5625 5624 64
5624 5623 34
5623 5622 16
5622 5621 18
5621 5620 59
5620 5619 45
5619 5618 23
7547 7546 64
7546 7545 12
7545 7544 9
7544 7543 42
7543 2080 14
2080 2079 27
2080 2081 42
2081 2082 25
2079 2078 51
2078 2227 60
2227 2226 28
2226 958 44
958 5483 54
5483 5484 9
5483 5482 28
5482 5481 34
2226 502 56
502 503 20
502 501 23
5481 5480 61
8226 8227 64
8227 8228 21
8228 8229 62
2082 2083 65
2083 2084 48
2084 2085 67
2085 2086 44
2086 2087 57
3495 3494 68
3494 3493 13
3493 3492 38
3492 3491 52
3493 3228 55
3228 3227 10
3227 3226 24
3228 7063 60
3491 3490 65
3490 3668 23
3668 3667 11
3667 3666 8
3668 3669 33
3669 3670 28
3490 3489 61
3489 3488 33
3488 6411 2
6411 6410 56
6410 6409 14
6411 6412 57
6412 6413 41
6413 6414 3
6413 6545 49
6545 6544 44
6414 6415 51
6415 2644 59
2644 2645 56
6409 6408 60
2644 2643 61
2643 2642 60
2642 2641 41
2641 2640 28
3670 3671 62
3671 3672 39
3669 4792 64
4792 4774 2
4792 4793 8
4793 6863 42
4792 4791 48
6863 6862 52
6863 7311 52
4793 4794 59
4794 3587 10
4794 948 16
7311 9585 59
9585 9586 30
9586 9587 8
9587 9588 11
9588 229 19
9588 9589 27
9589 2561 38
2561 2562 24
2561 2560 25
229 230 45
230 231 26
9589 9590 46
9587 2984 47
2984 2983 23
2983 2982 30
2982 2981 1
9585 9584 52
9585 3308 54
3308 3307 23
229 4670 57
4670 4669 32
4669 4668 8
9584 9583 57
9583 9582 9
9582 9581 44
9581 9580 56
229 228 59
2561 1295 59
1295 1296 42
4774 4775 60
4775 4528 14
4528 4529 15
4775 4776 29
4528 4527 52
4529 4530 53
4530 4926 6
4530 4531 31
4527 4526 56
4526 4525 20
4526 5217 53
4926 4927 58
4927 4928 1
5217 5218 59
4928 4929 60
4929 4930 43
4930 4931 5
1295 1294 61
4926 4925 61
4925 4924 60
4924 4923 40
5218 5219 62
2562 2563 65
2563 2564 15
228 227 66
3494 552 66
552 551 21
551 7185 40
7185 7186 28
551 9049 49
9049 5647 22
5647 5646 2
5647 6981 17
6981 6980 47
5647 5648 56
5648 5567 41
5567 5566 22
5567 5568 40
5566 5565 48
5565 5564 11
6981 6982 57
6982 6983 12
6983 6984 52
6984 6985 6
6984 6713 40
6713 6712 5
6985 6986 49
7185 7184 63
7184 3776 16
7184 7183 50
7183 264 4
264 265 35
265 1953 2
1953 1954 2
1954 1955 9
1954 3872 31
264 3253 38
3253 3252 9
3253 3254 53
3254 3255 9
3255 3256 6
3776 3777 56
3777 3778 16
3777 1354 31
3777 781 36
1354 1353 37
781 780 56
780 779 58
7183 7558 59
7558 7557 28
7557 7556 49
3872 3871 60
781 782 61
782 783 18
783 784 31
784 785 24
3778 3779 63
3256 3257 65
3257 3258 45
3258 3259 2
3258 3393 36
3393 3394 12
3393 3392 14
3394 3395 37
3395 3396 35
3396 405 26
3396 3397 50
6712 6711 65
6711 6016 28
6016 6017 8
6016 6015 48
6015 6014 2
265 266 66
266 267 49
267 268 57
268 269 29
269 270 21
270 271 12
271 272 34
272 9362 5
9362 9363 9
272 273 11
273 9858 40
9858 9859 17
9859 9860 16
9858 9857 29
9857 9856 15
9362 9361 44
9363 5496 45
273 274 48
9860 9861 48
9861 4001 36
4001 4002 40
4002 4003 20
4003 4004 18
4004 4005 10
4001 4000 47
4000 6082 46
6082 6081 39
6081 6080 14
6082 6083 44
9861 9862 51
9862 9863 17
9862 592 22
592 593 45
593 594 22
594 8659 27
6083 6084 52
4000 3999 65
3999 3998 54
3998 3997 44
3997 3996 6
9856 9855 65
9855 9854 31
1953 1952 66
3666 3665 66
3665 3664 31
3664 3663 21
3663 3662 52
5564 5563 66
3776 3775 67
3872 3873 67
3873 3874 66
3874 3875 62
3875 3876 39
3876 374 40
374 375 30
374 373 44
373 372 18
372 371 60
3876 3877 61
3877 3878 15
3877 5661 20
5661 5660 29
5661 5662 41
3878 3879 44
371 370 63
370 369 13
3793 3792 68
1303 3805 68
4022 4023 68
4023 1861 41
7937 4258 68
4258 4259 15
4259 2249 29
2249 2250 36
2250 2251 52
2251 9998 21
9998 9999 2
9998 9997 49
4263 4262 68
4262 4261 43
4261 4260 5
4260 7653 13
4307 4306 68
4964 4965 68
4965 4966 34
4966 8014 20
4966 4967 36
8014 8015 56
8015 8016 22
8016 8017 55
8017 8018 18
5368 5369 68
5369 5370 53
5370 5371 38
5371 5372 33
5535 5534 68
5618 5617 68
5753 5752 68
5752 5751 65
269 6004 68
6004 6003 31
6003 6002 2
6043 6044 68
6129 6130 68
6130 6131 57
6131 6132 14
6132 6133 42
6133 6134 2
6134 6135 23
6135 6136 9
6134 65 52
6136 6137 52
6131 3757 54
3757 3756 35
65 66 55
66 7215 18
7215 7216 2
7216 7217 19
7216 9989 43
9989 9988 12
9988 9987 31
9987 26 42
26 27 31
26 25 47
25 24 16
27 28 56
28 29 14
29 1487 27
1487 688 43
688 689 6
688 687 16
687 686 40
1487 1488 45
1488 1489 7
29 30 46
30 31 17
31 32 42
32 33 5
33 34 45
3757 3758 58
7217 7218 59
9988 8780 59
8780 8781 27
66 67 61
67 6388 55
6388 6387 55
6387 6386 36
9989 9990 63
6386 6385 67
8781 8782 67
6172 6171 68
6171 6170 44
6170 8321 37
6170 8148 50
8148 8369 6
8148 8147 8
8369 8370 11
8147 8146 16
8146 8145 23
8369 5668 32
5668 2301 19
8369 8368 39
8368 8367 15
8368 5988 21
2301 2302 40
2302 2303 27
8321 8322 53
8370 8371 55
8371 8372 51
8372 8373 10
8373 8374 55
8148 8669 59
8148 8149 61
8149 8150 11
8367 8366 64
8322 8323 65
8323 8324 22
8324 8325 14
8374 8375 65
8375 8376 42
8376 8377 9
8377 8378 7
6522 6521 68
6521 6520 33
6520 6519 26
6519 6518 59
7081 7082 68
7352 7353 68
7558 7559 68
7559 7560 38
7560 6355 4
6355 6354 47
7560 7561 52
7561 7562 58
7562 7563 28
7563 7564 56
7564 7565 28
7565 7566 43
7561 4385 66
4385 4384 19
4384 4383 4
6355 6356 67
6356 6357 35
6357 6358 35
6358 6359 18
6359 6360 11
6360 6361 35
6357 3173 65
3173 3172 18
3172 3171 9
3171 3170 1
3170 3163 19
3163 3164 19
3170 3169 53
3163 3162 65
3162 3161 61
3161 2348 32
3161 3160 52
7738 7737 68
7737 7736 24
7736 7735 65
7735 7734 63
7734 7733 58
7848 7849 68
7971 7970 68
5325 8680 68
8680 8681 63
8802 8801 68
8870 8869 68
8869 8868 14
5888 8906 68
8906 8907 33
8907 8908 30
9484 8920 68
8920 8919 66
8919 8918 20
9357 9356 68
9356 9355 24
9722 9723 68
9723 9724 39
9742 9743 68
9743 9744 22
9744 5628 45
5628 5629 15
5629 5630 2
5630 5631 63
9744 9745 67
9745 9746 2
9746 9747 42
9890 9891 68
362 363 69
363 364 1
518 519 69
896 895 69
895 2129 46
2129 2128 22
2129 2130 28
2130 2674 8
2128 2127 67
2127 2126 1
2126 2125 54
1109 1110 69
1321 1322 69
1322 1323 50
1323 7638 3
7638 7639 6
1323 1324 64
1324 1325 44
1325 1326 9
1325 4584 12
4584 4583 3
4583 4582 2
1326 1327 45
1327 2911 5
4584 4585 51
2911 2912 52
2912 2913 54
1477 1476 69
1476 1475 42
1475 1474 68
1474 1473 31
1473 1472 53
1472 8160 20
8160 8159 58
5144 2336 69
5892 2389 69
2389 2388 30
2388 2387 33
2387 2386 69
2386 2385 4
2417 2418 69
2418 2419 42
2419 5327 57
5327 5328 25
5328 5329 26
2419 2420 58
5329 5330 60
5330 5331 16
7582 2637 69
2830 2829 69
2829 2828 3
2829 9850 20
9850 9851 48
9851 9852 24
9852 9853 61
3240 3241 69
3241 3242 48
3242 3243 50
3243 3244 19
3244 3245 7
3245 3246 12
3243 9043 26
3244 8256 30
8256 8255 3
8256 23 36
23 22 36
22 21 2
9043 9042 49
9042 9326 49
9326 9325 53
3246 3247 55
3247 3248 28
3248 3249 23
3249 3250 21
8255 6949 59
6949 6948 5
6948 6947 12
21 9964 59
9964 9963 4
9963 5022 9
9963 9962 15
9962 9961 59
9961 4680 28
4680 4679 13
4679 4455 30
4455 4456 16
9961 9960 47
9961 320 57
320 319 37
319 318 51
318 317 23
317 316 25
320 321 56
9960 9959 58
9959 9958 29
4456 4457 65
4457 4458 55
4458 4459 17
4459 1710 43
1710 1709 58
1709 3101 12
3101 3102 1
3102 3103 24
3101 3100 45
3100 3099 49
3099 3098 20
3098 3097 21
3098 2043 31
1710 1711 63
1711 1712 63
9042 9041 66
4679 4678 67
4678 4677 50
4677 4676 40
4676 4675 34
4675 4674 58
4674 4828 41
4828 4827 9
4827 4826 9
4826 4825 15
4678 9253 64
9326 9327 68
9327 9328 52
9328 9329 58
9329 9330 50
3634 3633 69
3633 3632 55
3703 3702 69
4488 4487 69
4487 4486 16
4486 4485 15
4491 4492 69
4492 4493 28
4531 4532 69
4532 4533 24
4552 4551 69
4551 3719 28
3719 3696 44
3696 3697 5
3696 9255 25
9255 9254 13
3697 3698 54
3698 3699 7
3699 3700 1
3696 3695 57
4883 4884 69
5178 5177 69
5177 5176 52
5176 5175 39
5175 5174 39
5174 5173 32
5173 5172 47
5172 5171 5
5730 5223 69
5223 5222 65
5222 5221 6
5221 5220 40
5273 5274 69
5274 5275 29
5275 5276 47
5442 5441 69
5441 5440 39
5440 5439 33
5439 5438 53
6028 6027 69
6027 6026 56
6137 6138 69
6138 4707 3
6138 6139 3
4707 2518 9
6138 2845 38
2845 2844 4
2844 2843 34
2843 5287 16
5287 5286 32
5286 5285 19
6388 6389 69
6389 6390 4
6390 6391 22
6391 8467 30
8467 8466 41
8467 8468 56
8468 8469 3
8469 685 53
685 684 27
6475 6476 69
6476 5216 31
6476 6477 52
2551 6561 69
6561 6562 43
6790 6789 69
7183 7182 69
5023 7690 69
7690 7689 40
7689 7688 42
7688 7687 50
7787 7786 69
7978 7979 69
7979 7980 12
8081 8082 69
8082 8083 25
8304 8303 69
8303 8302 69
8302 8301 30
8301 8300 55
8300 8299 35
8299 8298 18
8298 8297 65
8393 8392 69
9280 9279 69
9279 9278 62
9887 9886 69
369 368 70
368 367 41
367 366 62
1064 1065 70
1065 1066 31
1066 1067 59
1067 1068 12
1068 1069 30
1069 1070 18
1070 831 7
831 832 25
832 833 53
831 830 61
830 829 13
829 828 18
828 827 58
1222 1221 70
1221 8248 52
8248 8247 19
8247 8246 21
1306 1307 70
1307 1308 52
1353 1352 70
1352 1351 43
1351 1350 67
1351 8779 67
8779 8778 35
1384 1385 70
1385 1386 64
1386 1387 14
1387 1388 28
1388 1389 54
1389 1390 61
1390 2440 57
2440 2439 56
1390 1391 69
3374 1400 70
1400 1401 29
1401 1402 5
1402 1403 19
1400 1399 70
1399 1398 8
1423 1422 70
1422 1421 34
1421 1420 25
1438 1439 70
1439 5827 24
5827 5826 39
5826 5825 34
1439 1440 46
5827 5828 49
5828 5829 38
5829 5830 9
5830 5831 62
5831 5832 46
5832 5833 38
5833 7175 21
5833 5834 28
1680 1679 70
1759 1760 70
2106 2107 70
2107 2108 18
2108 9681 7
9681 9682 67
2657 2656 70
2656 2655 12
2655 2654 49
2669 2670 70
2670 2671 68
2671 2672 13
2672 2673 51
2677 2676 70
2676 2675 24
2981 2980 70
2980 2979 48
2979 2978 38
2978 2977 10
3113 3114 70
3114 3115 49
3252 3251 70
5081 3786 70
3786 3785 7
3785 3784 38
3784 3783 1
3783 3782 67
3782 3781 46
3781 3780 45
4455 4454 70
4454 4453 47
4454 6934 54
6934 6933 28
4485 4484 70
4484 4483 1
4484 6568 42
4483 4482 43
6568 6567 48
6567 6566 14
4565 4564 70
4564 4563 8
4563 7948 38
7948 7949 39
7949 7950 48
7948 7947 60
7950 7951 61
5153 5152 70
5167 5166 70
5166 5932 20
9365 5672 70
5672 5673 39
5673 5674 22
5674 5675 40
5672 5671 43
5671 5670 12
5670 5669 51
6408 6407 70
6407 6406 49
6406 6405 57
6432 6433 70
6433 6434 6
6477 6478 70
6637 6638 70
6658 6657 70
6657 6702 69
6702 6703 8
6703 2906 11
6702 6701 21
6703 6704 23
6701 6700 65
6700 6699 13
6699 7117 20
7117 7118 65
7118 2290 10
2290 2291 35
2291 2292 18
2292 2293 42
2293 2294 5
2294 2295 53
2295 2296 49
6847 6848 70
6969 6968 70
7097 7098 70
7098 7099 22
7639 7640 70
7669 7668 70
7668 7667 30
7667 6236 2
6236 6235 1
6235 6155 11
6155 6154 23
6154 6153 8
6153 6152 6
6152 6151 10
6236 6237 23
6237 6238 35
6235 6234 47
6234 6233 67
6155 6156 68
6156 6157 41
7683 7684 70
7684 7685 30
7685 6421 54
7685 7686 54
7752 7753 70
9236 7842 70
7842 7843 26
8220 8219 70
8703 8704 70
8704 8705 59
8705 8706 67
8706 8707 43
8707 8708 38
8708 8709 18
8709 1218 66
1218 1219 33
1218 1217 50
1218 5976 53
1217 8389 66
8389 8388 61
8388 1392 56
1392 1393 46
1393 1394 46
1394 1395 33
1395 1396 32
8389 8390 62
8390 8391 60
8391 7372 60
7372 7371 29
7371 7370 9
7370 7369 33
7371 7341 34
7371 4100 47
4100 4099 13
4100 4101 19
4101 4102 8
4102 4103 35
4103 4104 17
7341 7342 57
7342 2824 5
7342 7343 66
1217 1216 67
1216 6526 7
1216 1215 27
6526 6525 27
6525 6524 27
1215 1214 63
1214 1213 53
1213 1212 17
1212 7749 56
7749 7750 29
7749 7748 43
6526 6527 67
7341 7340 68
7340 7339 40
7339 7338 57
1219 1220 69
1345 9401 70
9401 9402 10
2336 9454 70
9454 9453 4
9453 9452 3
9452 9451 15
9451 9450 61
9450 9449 26
9449 9448 7
9448 9447 18
9447 9446 43
9446 9445 7
9445 9444 47
9454 9455 65
9455 1188 67
1188 1189 15
1188 1187 19
1189 1190 23
1187 1186 56
1186 1185 18
1185 1184 30
9479 9478 70
9478 9477 52
9477 9476 30
9819 9820 70
9820 9821 40
5272 534 71
534 535 49
535 6694 15
6694 6693 7
535 536 42
536 537 28
537 538 68
538 539 64
539 540 57
540 541 57
541 542 27
3026 1073 71
1073 1074 58
1074 4861 27
4861 2944 20
2944 2945 18
4861 4862 29
4862 4863 37
2944 2943 45
1074 1075 62
2943 2942 66
1099 1100 71
3985 1330 71
1330 1329 9
1330 1331 28
1396 1397 71
1509 1508 71
1693 1694 71
1694 1695 65
1695 6313 62
6313 6312 15
6313 6314 33
6314 6315 33
2019 2020 71
9091 2035 71
2035 2036 5
2036 2037 61
2037 2038 61
2038 2039 11
2043 2042 71
2042 2041 60
854 2175 71
2175 2176 36
2175 2174 66
2174 2173 40
2173 2172 35
2172 8194 2
8194 8195 7
8194 8193 33
2173 8431 36
8431 436 18
8431 8430 37
8430 8429 42
8195 8196 46
8196 8197 18
2174 5742 50
5742 5741 20
5741 5740 45
5740 2461 61
2461 2462 57
2462 6987 48
6987 6988 9
6988 6989 34
6989 5384 7
5384 5385 8
6989 6990 38
6990 6991 30
2462 2463 60
2463 2464 46
5742 5562 64
5562 5561 14
8197 8198 64
8198 8199 62
8199 8200 27
8200 8201 30
8201 8202 55
8202 8203 56
8203 8204 8
8203 5033 35
5033 5032 28
5032 5031 22
5031 5030 11
5031 2328 57
2328 2329 48
2329 2330 39
8204 7499 58
7499 7498 16
7499 7500 25
7500 6564 28
6564 6565 8
7498 7497 29
6564 6563 31
7497 7496 46
6563 176 59
176 177 1
176 175 45
175 174 16
177 2853 58
2853 2854 25
2854 744 26
744 745 7
2853 2852 50
2852 8581 23
8581 8580 37
2852 2851 38
8581 8582 40
8580 8579 47
8204 8205 59
8205 8206 4
8206 8207 50
5030 5029 61
5029 5028 64
8579 6062 64
8431 8432 64
8432 8433 12
8433 8434 55
8434 8435 24
8435 8436 34
8436 8437 13
8437 8438 48
8438 8439 7
2854 2855 69
7500 7501 69
7501 4433 6
7501 7502 43
4433 4432 47
4432 4431 19
4432 214 31
214 215 44
215 216 28
2282 2281 71
2363 2364 71
2364 2365 5
2365 2366 3
2366 2367 67
2367 2368 13
2368 2369 24
2683 2684 71
2684 482 28
482 3009 24
3009 3010 21
482 483 25
483 7601 5
483 484 20
3009 3008 25
7601 7602 51
7602 7603 3
2684 2685 66
2851 2850 71
2850 2849 4
2849 2848 38
2849 6167 68
6167 6166 33
6166 6165 37
3079 3080 71
2284 3406 71
3406 3405 32
3405 2089 58
2089 2088 8
2089 8074 26
8074 8075 25
8074 8073 55
8073 8072 59
8072 8071 56
8071 8070 43
8070 8069 31
8069 1808 22
1808 6168 7
6168 6169 27
8069 8068 32
8068 8067 55
1808 1807 65
1807 9731 4
1807 1806 7
9731 9732 54
1806 1805 63
9731 9730 67
9730 9729 68
3406 3407 71
3407 3408 71
7548 3426 71
3426 3425 11
3426 3427 50
3427 3428 50
3427 349 54
349 350 4
349 348 21
348 347 18
350 351 63
347 819 71
819 818 11
819 5376 17
5376 5375 41
5376 5377 58
5377 5378 35
5378 5379 37
5379 5380 46
5380 4720 29
4720 4719 17
4719 4718 15
5380 5381 48
5381 5382 5
5382 5383 52
4720 4721 53
819 820 59
820 821 62
4721 4722 64
4722 4723 23
4723 4724 16
4724 4725 5
818 817 66
817 816 44
816 815 49
815 814 23
814 813 6
3521 3522 71
3547 3548 71
3548 3549 63
3549 3550 36
3550 3551 54
3551 2817 17
3551 3552 41
2817 8730 63
8730 8731 16
8731 8732 7
8731 7814 10
7814 7813 28
3792 3791 71
3791 9159 26
9159 9158 10
3791 3790 58
3923 3922 71
4181 4180 71
4180 8972 24
8972 5253 1
4180 4628 42
5253 5254 44
5254 5255 16
5255 5256 42
8972 8971 44
8971 8970 42
8970 8969 1
8969 8968 26
8972 8973 56
8973 8974 44
8974 8975 46
8975 8976 27
8976 8977 13
8977 8978 11
5256 5257 67
5257 5258 48
5258 5259 10
5259 5260 40
5260 5082 66
5082 5083 23
5083 5084 35
4194 4193 71
4193 4192 63
4551 4550 71
4704 4703 71
4703 4702 18
4702 4701 33
4701 3175 67
3175 3176 16
3175 3174 53
4701 4700 67
4700 4699 66
4699 4698 14
4698 4697 70
4697 2063 70
2063 4949 7
4949 4950 9
2063 2062 15
2063 2064 54
2064 2065 25
2063 6372 64
6372 6502 25
6372 6373 43
6373 8027 41
8027 8026 23
8027 5549 27
5549 5550 28
6373 6374 47
6374 8776 1
8776 8775 28
6502 6501 52
6501 6500 23
6500 6499 23
6374 6375 53
6372 6371 59
6371 1380 1
1380 1381 8
6371 6370 54
6370 6369 17
6369 7405 30
8775 8774 62
8774 8773 49
4950 4951 65
4951 4952 10
4951 2898 23
2898 2897 18
2897 2896 8
4952 4953 25
4953 4954 29
4954 4955 3
4955 4956 21
4956 4957 13
2896 2895 42
4956 428 48
428 427 48
427 2237 38
2237 2238 16
2238 4746 27
4746 4745 5
4746 93 10
4746 4747 27
2238 2239 28
93 92 49
92 91 5
91 6629 34
6629 6628 41
428 429 60
427 426 61
426 425 56
425 424 39
2898 2899 61
4745 4744 65
4744 2721 1
4744 4743 13
6375 6376 65
6376 6377 14
6377 6378 42
6378 4217 24
6377 9048 44
6378 6379 49
7405 7404 66
7404 7403 13
7403 7402 50
6372 5336 67
5336 5337 7
5336 5335 24
5335 5334 3
5334 5333 15
5334 787 33
787 786 49
5333 5332 63
6372 8607 68
8607 8608 1
8608 8609 27
8607 8606 29
8608 437 48
437 438 29
438 439 5
439 440 51
440 6787 7
6787 6786 51
6786 6785 13
6785 6784 49
437 4789 54
4789 4788 16
4788 7440 26
7440 7439 22
7439 7438 27
4788 4787 33
4788 443 63
443 442 4
443 444 29
444 445 52
8609 8610 63
8610 8611 55
440 441 64
441 2718 52
2718 2717 32
2717 2716 26
2716 2715 11
2717 1174 36
1174 1175 29
2715 2714 50
1175 1176 56
1176 1177 34
2718 2719 58
2719 2720 56
2720 83 8
83 82 52
82 81 14
81 80 4
80 79 56
79 78 38
1174 1173 67
1173 1172 25
1172 1171 3
1171 1170 23
1170 1169 3
1172 3814 36
3814 3813 25
3813 3812 26
3812 3811 10
3813 7674 26
3813 9545 37
9545 9544 27
9545 9546 41
9546 9547 40
3811 3810 51
1169 1168 64
1170 5640 64
5640 5639 21
5639 5638 20
5639 4807 34
4807 4808 1
4808 4809 3
4807 4806 24
4806 4805 23
4805 4804 5
4809 4810 33
4804 9285 42
9285 9286 36
9286 9287 5
9285 9022 47
9022 9021 5
9022 9023 45
4804 4803 50
4803 4802 17
4802 4801 37
4801 4800 14
4800 4799 18
4799 4798 16
4798 4797 36
4797 4796 16
4796 4795 9
4798 5159 51
4810 4811 64
4811 4812 3
5638 5637 64
3810 3809 65
3809 3808 27
3808 3807 31
4803 4973 67
4973 4972 14
4973 4974 40
4974 4975 6
4975 4976 14
4976 4977 25
4972 4971 50
4971 4970 9
4972 7715 56
5640 5641 67
5641 5642 29
5642 5643 10
5643 5644 2
5644 5645 32
5642 9440 40
9440 9439 27
9439 9438 24
5644 1550 50
9440 9441 58
9441 9442 5
9442 9443 1
9439 3313 61
3313 3314 3
3314 3315 29
3315 3316 29
5641 45 68
45 44 29
44 4267 11
4267 4266 27
4266 3084 14
3084 3085 14
4266 4265 29
45 3627 32
3627 3628 15
4267 1630 38
3084 3083 42
3628 3629 46
3627 3626 47
3626 3625 44
3625 3624 37
3624 3623 34
4266 2218 48
2218 2217 24
45 46 52
46 47 16
47 48 1
48 49 36
44 43 54
43 42 3
42 41 34
3084 309 65
309 310 55
3085 3086 66
3086 3087 32
3087 3088 3
49 50 67
2217 2216 67
2216 2215 49
310 311 68
3627 6453 68
6453 6452 38
6453 6454 42
6452 6451 49
424 423 69
423 1607 39
423 422 43
422 421 34
421 597 9
597 596 68
3086 1956 69
4743 2381 69
1170 8259 69
8259 8260 60
8260 8261 21
8261 8262 21
8262 8263 31
8263 3081 49
8259 8258 69
445 446 70
446 469 7
469 470 23
470 7480 61
7480 7479 13
7479 7478 56
1177 1178 70
1178 1179 41
1178 8461 61
7438 7437 70
7437 8379 32
8379 8380 26
8380 8381 61
8381 8382 50
8382 8383 61
8383 8384 2
8384 8385 14
8385 8386 21
8383 5185 22
5185 9656 2
5185 5184 3
9656 9655 46
5185 5186 68
5186 5187 54
5187 5188 46
7437 7436 70
7436 7435 52
7435 7434 50
1168 1167 71
1607 1608 71
4910 4911 71
4911 4912 34
4912 4913 4
4913 4914 7
4914 4915 14
4970 4969 71
4969 4968 70
5097 5096 71
5342 5341 71
5341 5340 15
5700 5699 71
5699 5698 33
5698 5697 23
5698 4855 24
4855 4854 15
5697 5696 33
5696 5695 56
5695 5694 3
5905 5906 71
5906 5907 56
5907 5908 42
5908 5909 13
5909 5910 40
5910 5911 70
6036 6035 71
6074 6075 71
6157 6158 71
6158 6159 11
6159 6160 30
5205 6207 71
6207 6206 13
6207 6208 27
6405 6404 71
6404 6403 15
6403 6402 11
6402 6401 6
6401 6400 42
6400 6399 50
6399 3265 1
3265 3266 9
3265 3264 13
6399 9773 17
9773 9772 23
9772 9771 23
9771 9770 9
9770 8144 4
9771 871 37
871 870 13
870 869 9
3264 3263 41
9770 9769 44
871 872 57
872 873 4
873 874 51
6403 4223 59
4223 4222 10
4222 4221 8
4223 4224 29
4221 4220 70
4220 4219 70
4219 4218 37
4224 4225 70
6748 6747 71
6747 3659 19
3659 3658 10
3658 3657 35
3657 3656 32
6747 6746 35
6746 6745 28
3658 5073 52
3659 3660 59
3656 3655 64
3655 3654 56
6863 6864 71
6864 2357 12
2357 2358 7
2358 2359 36
2359 2360 11
2360 9026 29
9026 9027 4
9026 9025 45
9025 9024 38
2357 2356 51
7035 7036 71
7036 7037 16
7036 5224 60
7106 7105 71
7105 7104 65
7104 7103 17
7103 6994 25
6994 6995 3
6995 6996 17
6996 5138 31
5138 5137 11
5137 5136 9
6996 6997 38
5136 5135 65
7497 7115 71
7115 7116 49
7115 1283 66
1283 1282 2
1283 1284 58
7115 7114 69
7114 7113 32
1282 1281 71
1281 7042 65
7042 7043 30
7043 7044 21
7044 7045 66
7045 7046 25
7046 7047 55
7047 7048 52
7048 7049 12
7049 7050 62
7050 7051 48
7051 7052 13
7052 7053 39
7053 7054 65
7054 7055 34
7055 8509 41
7393 7394 71
7394 7395 42
7653 7654 71
6991 7695 71
7695 7696 12
7695 7694 51
7710 7709 71
7813 7812 71
7812 5432 22
5432 5433 32
5433 5434 30
5434 5435 40
7812 7811 41
7811 7810 5
7810 7809 54
7809 7808 37
7808 7807 64
3922 7826 71
8194 7852 71
7852 7853 38
5877 8050 71
8050 8051 6
8051 8052 56
8052 8053 29
8053 8054 18
8054 57 62
57 56 12
56 55 15
55 54 12
57 58 18
56 7820 55
7820 7821 32
7821 7822 41
7822 7823 29
7823 7824 1
7823 8459 27
8459 8215 21
8459 8458 39
7820 7819 57
7819 7818 46
8459 8460 59
7824 7825 64
8246 8245 71
8245 8244 49
8682 8683 71
8709 8710 71
8710 3953 61
3953 3954 5
3954 3955 6
3955 2818 17
3953 3952 61
3954 2390 67
2390 2391 38
2391 2392 3
2392 2393 16
2393 2394 48
2394 2939 42
2939 2940 41
8876 8875 71
8875 8874 51
9132 9131 71
9131 9130 23
9238 9239 71
9239 9240 8
9357 9358 71
9358 9359 3
9359 9360 37
9360 4983 47
4983 4984 17
4984 4985 68
4985 4986 16
4986 4987 14
4987 4988 12
7640 9613 71
9613 9612 17
9612 9611 22
9611 9610 57
9645 9644 71
9644 9643 34
9643 9642 50
9643 1275 62
1275 1274 61
1274 1273 60
1273 1272 35
1216 9647 71
9647 9648 37
9648 9649 7
9649 9650 42
9650 9651 66
9651 9652 46
9652 9653 1
9652 5967 32
9653 9654 55
5967 5968 58
5968 5969 16
5967 5966 61
5966 5965 15
5965 5964 10
5964 5963 9
5963 5962 64
5962 5961 35
5961 5960 25
6230 9910 71
9910 9909 35
127 126 72
126 8822 20
8822 8821 17
126 125 42
125 1596 6
1596 1595 24
8822 8823 54
1595 1594 63
1596 1597 70
1597 1598 28
1598 1599 25
1599 1600 53
1600 1601 36
1601 1602 10
1602 1603 14
1603 1604 6
1604 1605 25
1605 1606 46
231 232 72
232 233 11
233 234 50
234 235 66
332 333 72
333 334 7
534 533 72
533 532 26
532 9753 34
9753 9752 6
9753 9754 9
9754 9755 13
9755 9756 37
9756 9757 15
9757 9758 42
9758 9759 69
744 743 72
743 742 70
825 826 72
982 983 72
9132 1661 72
2089 2090 72
2090 2091 17
2091 2092 30
2092 2093 46
2093 2094 32
2094 2095 67
2095 8092 35
8092 8091 4
8091 8090 11
8090 8089 28
8092 8093 34
8093 9896 20
9896 9895 3
9896 9897 16
9897 9898 48
9898 3976 32
8093 8094 64
3976 3975 71
3975 3974 60
3974 3973 9
2296 2297 72
2709 2708 72
2708 2707 29
2707 2706 1
2706 2705 40
2705 2704 42
2704 6909 38
6909 6908 51
6909 6910 52
2755 2754 72
2754 2753 67
2761 2762 72
2762 2763 13
2763 2764 61
2764 2765 62
2765 2909 17
2909 2908 15
2908 2907 20
2909 2910 62
2910 2025 30
2025 2024 15
2025 2026 23
2026 2027 34
2027 2028 7
2910 6818 42
6818 6817 40
2028 2029 53
2029 2030 5
2030 2031 7
2843 2842 72
6270 2937 72
2937 2936 43
2936 2582 2
2936 4548 70
4548 4549 39
4548 4547 64
3024 3023 72
3023 3022 49
3022 3021 26
3425 3424 72
4384 3542 72
3542 3541 3
3542 3543 26
3541 3540 34
3540 3539 47
3581 3580 72
3580 3181 7
3181 3180 54
3180 3179 39
3181 3182 54
3580 3579 66
3579 3578 4
3578 2699 24
2699 2698 9
2698 3276 2
3276 3277 52
3277 3278 42
3276 3275 57
3278 3279 59
3279 3280 28
3280 5919 14
5919 1786 38
5919 5918 58
1786 1787 66
1787 1788 46
1788 1911 6
1788 1789 8
1911 1910 34
1789 7461 37
1789 1790 42
1790 1791 41
1791 1792 51
1792 9272 28
9272 9271 18
9272 9273 29
9271 9270 45
9270 9269 41
1788 1593 66
7461 7462 68
7462 7463 49
2699 2700 69
2700 2701 66
2701 2702 6
2702 8523 2
8523 8524 8
2702 2703 36
8523 8522 48
8522 8521 31
8521 8520 62
8520 8519 39
1910 1909 70
1909 1908 22
5919 5920 70
5920 5921 16
5920 7769 17
7769 7770 31
7770 7771 15
7769 7768 49
7768 7767 14
5752 3769 72
3775 3774 72
3774 3773 22
3794 3930 72
3930 3929 2
3929 3928 46
3928 3927 52
3927 3926 2
3926 3925 33
3926 4589 44
4589 4588 30
4588 4587 51
4587 9468 16
9468 8270 25
9468 9469 54
9469 2933 1
2933 6662 4
2933 8925 22
8925 8924 34
6662 6663 37
6663 6664 8
8924 8923 38
8923 8922 5
8922 8921 40
2933 2932 42
9469 9470 43
9470 9471 30
2933 2934 50
2934 2935 12
2934 5677 16
4587 4586 68
8270 8269 70
8925 8926 71
8926 8927 4
8927 8928 40
8928 8929 28
8071 4026 72
4026 4027 13
4026 4025 38
4025 4024 61
4230 4229 72
4229 4228 70
4228 4227 30
4227 4226 51
4383 4382 72
4382 4381 62
4449 4450 72
4450 4451 47
4451 932 26
932 931 40
932 933 69
933 934 22
934 935 2
935 936 27
933 9953 58
9953 9952 1
9952 9951 27
4451 4452 71
4847 4846 72
4846 4845 60
4845 6858 36
6858 6857 37
6857 6856 44
4845 4844 46
4844 4843 5
4843 4842 23
6858 2550 52
2550 2549 14
2549 9012 39
6858 6859 60
9012 9013 61
9013 9014 28
9014 9015 35
6859 6860 69
6860 6861 62
4854 4853 72
4853 4852 67
8097 4877 72
5084 5085 72
5085 5086 34
9811 5487 72
5487 5488 48
5487 5486 68
5486 5485 24
5534 5533 72
5648 5649 72
5932 5933 72
5933 5934 48
6256 6255 72
6255 6254 35
6421 6422 72
6422 6423 3
6423 6424 68
6424 8761 22
8761 8762 10
8762 8763 14
8761 8760 18
8763 8575 45
8575 8576 4
8576 8577 15
8577 8578 26
8576 9502 47
9502 6919 5
6919 6918 45
8760 8759 52
8759 8758 6
8758 8757 14
6919 6920 67
6920 6921 30
6921 6922 20
6922 6923 44
6923 6924 50
6924 6925 13
6925 6926 31
6926 6927 51
6927 6928 10
8575 8574 70
8574 8573 56
8573 8572 40
6579 6578 72
6578 6577 33
6577 3910 26
3910 3909 8
6577 7633 58
7633 7634 13
7634 7635 35
7635 7357 35
3909 3908 63
3908 3907 38
6617 6618 72
6618 6619 56
6619 6620 27
6620 6621 49
6619 7700 65
7700 7699 23
7699 7698 31
8595 6962 72
6962 6963 49
6963 6964 11
3343 7291 72
7291 7290 14
7700 7701 72
7701 7702 52
7702 7703 71
7767 7766 72
7766 7765 47
1622 7841 72
7841 7840 24
7895 7894 72
7894 7893 39
7893 7892 45
7892 7891 9
7891 7890 51
7893 642 64
642 643 30
8219 8218 72
8218 8217 9
8217 8216 62
8763 8764 72
8764 5279 57
5279 5278 54
5278 5277 2
8854 8853 72
8853 8852 3
8852 8851 22
8929 8930 72
8930 8931 41
8931 8932 29
8932 8933 5
8933 8934 13
8931 3012 61
3012 3011 42
3012 3013 63
3013 3014 3
3014 3015 48
8946 8947 72
8947 8948 24
8948 8949 24
9163 9164 72
9258 9259 72
2119 9475 72
9475 9474 25
9474 9473 53
9473 9472 27
9472 2347 27
2347 2346 45
2346 2345 8
9729 9728 72
9886 9885 72
7215 84 73
84 85 62
85 9381 40
9381 9380 53
9380 9379 20
85 86 57
84 8858 63
8858 8857 28
86 87 73
98 99 73
99 100 9
100 101 55
149 148 73
148 147 51
331 330 73
330 329 32
330 7180 58
7180 7179 46
351 352 73
352 353 1
745 746 73
746 747 26
746 6514 56
6514 6515 33
6515 6516 37
6516 6517 57
6517 8792 60
8792 8791 15
8792 8793 59
6514 6513 66
6513 6512 17
6512 6511 9
1194 1193 73
1250 1249 73
1249 1248 35
1248 1247 12
1247 7265 42
7265 7264 8
7265 7266 39
1247 1246 43
1246 9119 19
9119 9120 34
7264 7263 57
7263 7262 44
7262 7261 22
9119 9118 57
9118 9117 3
1284 1285 73
3875 1527 73
1527 9981 7
1527 1528 42
9981 9980 60
9980 9979 27
9979 9978 20
9978 9977 29
9977 9976 36
1527 809 67
809 808 51
808 807 22
807 806 40
806 805 41
805 804 8
804 803 64
803 802 5
802 801 50
1775 1776 73
1776 1777 38
1777 1778 67
1778 1779 14
1779 1780 7
2320 1904 73
1904 1905 57
1933 1932 73
1932 1931 70
1931 3042 28
3042 3041 9
1931 1930 31
1930 1929 8
1929 1967 20
3042 3043 35
3043 9299 37
9299 9300 7
9300 2771 4
9299 9298 20
9300 1885 36
1885 1884 19
1885 1886 39
1931 9928 39
9928 9927 4
9298 9297 50
9927 9926 57
9926 9925 12
1886 568 59
568 567 37
1884 1883 62
568 569 64
1929 1928 66
9928 9929 66
1883 1882 69
1882 1881 23
1881 1880 68
2161 2160 73
2160 282 13
282 283 4
282 281 11
283 284 25
2160 2159 49
2159 2158 32
2158 2157 21
281 280 53
281 1044 71
1044 1043 45
1043 1042 36
1042 9069 37
9069 9068 18
9069 8233 22
8233 8234 15
9068 9067 44
8234 8235 50
1043 9830 52
9830 9829 5
9830 9831 13
9829 9828 15
9828 9827 3
9831 4112 53
9069 9070 55
9827 9180 58
9180 9181 5
8235 8236 59
9069 2536 70
2536 2535 29
9827 9826 72
9826 9825 24
9825 9824 28
9830 1207 73
1207 1206 49
1206 1205 57
1205 1204 8
1204 1203 64
1203 1202 17
1202 1201 19
1201 1200 5
1200 1199 2
2212 2213 73
2303 2304 73
2304 2305 9
2305 2306 70
2306 2307 56
2307 2308 17
2308 2309 41
2304 7128 70
2435 2434 73
2434 2433 71
2433 7401 47
7401 7400 12
3045 3044 73
3158 3159 73
4069 4068 73
4068 4067 18
4067 4066 47
4066 4065 12
4065 4064 24
4066 8723 51
8723 8722 24
8722 8721 4
4064 4063 70
4063 7016 39
7016 7015 20
7015 7014 1
7016 7017 29
7017 7018 13
7014 7013 31
4063 4062 41
4112 4113 73
4113 4114 8
2482 4190 73
4190 4191 49
4203 4204 73
4232 4233 73
4233 4234 3
4234 4235 10
4306 4305 73
5963 4577 73
4577 4576 37
4739 4738 73
4738 4737 11
5253 5252 73
5252 5251 27
5251 5250 13
5250 4045 15
5250 5249 53
5249 5248 7
5248 5247 34
5287 5288 73
5288 5289 14
5289 5290 69
5290 5291 45
5291 1122 44
1122 1123 50
1123 1124 13
1124 1125 14
1125 1126 21
1122 1121 70
1121 1120 57
1120 1119 39
1119 1118 24
1118 1117 42
1117 1116 64
6450 5305 73
5305 5306 69
5306 5307 3
5307 9407 2
9407 9408 48
9408 9409 53
9409 9410 62
9410 9411 2
9411 9412 32
1064 5308 73
9054 5419 73
5419 5418 12
5430 5431 73
5431 6367 28
6367 6368 38
6367 6366 69
6366 6365 30
6365 6364 44
6364 6363 69
6363 6362 46
6362 8798 68
8798 8797 6
8797 2040 11
8797 8796 37
8796 8795 56
8798 8799 61
8798 9869 68
9869 9870 57
5453 5452 73
5452 5451 9
5451 6011 48
6011 2921 16
2921 2922 23
2922 2923 7
6011 8422 30
8422 8423 8
8423 8424 21
2923 2924 41
2924 2925 9
2925 2926 29
2926 2927 15
2927 2928 10
5451 5450 49
2921 8892 54
8892 8982 24
8982 8983 22
8422 8421 56
6011 6012 66
6012 6013 61
6013 9112 11
9112 2863 53
2863 2862 12
2863 2864 16
2864 2865 13
2864 1357 26
1357 1358 4
2862 2861 43
9112 9113 56
1357 1356 67
1356 1355 30
5478 5477 73
5477 5476 33
5476 5475 71
5658 5659 73
6391 6392 73
6392 6393 72
6393 8061 55
8061 8060 1
8060 8059 22
8059 8058 16
8058 6877 52
6877 6878 26
6878 6879 6
6877 6876 32
6876 6875 54
6875 6874 40
6874 6873 16
8061 7140 54
7140 7141 37
7141 7142 60
7142 7143 66
7143 7144 60
8058 8057 71
6664 6665 73
6908 6907 73
6907 7956 8
7956 7955 33
7955 7954 48
7954 5112 3
5112 5113 23
7956 7957 48
6907 6906 52
5112 5111 69
5113 5464 73
5464 9982 29
9982 9983 67
9983 9984 58
9984 9985 41
7039 7040 73
7040 7041 48
7478 7477 73
7477 7476 12
2291 7729 73
7729 7730 5
8003 8002 73
8002 8001 18
8001 8000 66
8000 7999 38
8337 8338 73
8338 8339 11
8339 8340 65
8340 8341 57
8341 8342 8
8342 8343 31
8665 8346 73
8346 8347 31
8346 8345 50
8345 6106 31
6106 6105 34
6105 6104 12
6106 6107 36
8347 8348 69
8348 8349 40
8349 8350 40
8659 8660 73
8660 8661 11
9282 8815 73
8815 8814 34
8814 8813 1
8815 8816 49
8816 8817 6
8918 8917 73
8917 3718 16
3718 3717 65
3717 3610 28
3717 3716 28
3717 8588 59
8588 8589 4
8588 8587 23
8587 8586 23
8586 8585 14
8585 8584 55
8917 8916 71
8916 8915 47
8968 8967 73
3191 9034 73
9034 9035 40
9035 9036 57
9036 9037 1
9037 9038 62
9038 9039 58
9039 9040 1
9039 4364 9
9040 4301 25
4364 4363 39
4301 4300 57
4300 4299 14
4363 4362 58
4364 4365 66
4365 4366 47
9034 9033 68
9033 3358 63
3358 3357 37
3358 3359 68
4301 4302 69
4302 4303 5
9043 9044 73
9044 9045 25
9045 9046 35
3241 9072 73
9072 5986 58
5986 5985 12
5986 5987 23
5985 5984 57
5984 5983 52
5983 2892 4
5983 5982 43
2892 2893 51
2893 7397 35
7397 7396 1
2893 2894 37
5982 5981 67
5981 5980 28
9072 9073 71
9073 9074 61
9074 9075 2
9075 9076 3
9076 9077 51
9077 9078 19
9181 9182 73
9202 9201 73
9502 9503 73
9503 9504 53
9504 9505 56
9505 9506 14
9506 9507 10
9505 313 40
313 312 25
313 314 43
314 315 38
9507 9508 54
9536 9537 73
9537 9538 5
9538 9539 61
9621 9620 73
9666 9665 73
9665 9664 71
9664 474 21
474 475 25
475 8267 44
8267 8266 9
8267 8268 29
474 473 61
473 472 9
472 471 27
475 476 61
476 477 23
477 478 29
477 4765 35
4765 4766 30
4766 4767 44
472 3936 61
3936 3935 32
3936 3937 50
473 9931 68
9931 9932 46
9932 9933 28
9933 9934 29
9934 9935 64
9935 4496 15
4496 4497 49
4497 4498 20
4496 4495 67
4495 4494 12
4494 652 43
652 651 31
651 650 11
651 6341 27
6341 6342 25
650 649 54
6342 6343 65
6343 6344 39
6344 2395 16
2395 2396 57
2396 2397 44
2397 3661 23
6344 1128 60
1128 1127 11
2397 7491 68
7491 7490 68
7490 7489 55
7489 7488 14
7491 7492 72
7492 7493 71
7493 7494 38
7494 7495 38
9935 9936 73
9936 9937 54
3 4 74
277 278 74
290 289 74
1197 386 74
386 387 13
387 8959 9
8959 8960 23
8960 8961 45
8961 8962 4
8962 8963 51
8963 8964 47
8964 8965 42
8965 8966 53
8965 4604 62
8963 8958 63
8958 8957 2
4604 4605 64
4605 4606 46
4606 4607 22
8959 1462 65
1462 1463 39
1463 1464 38
1464 1465 71
387 388 74
997 998 74
998 999 33
999 1000 8
1000 9314 3
1000 1001 38
1001 1002 9
1002 1003 32
9314 9315 67
1110 1111 74
1231 1232 74
1238 1239 74
1239 6494 73
1315 1314 74
1314 1313 40
1313 1312 44
1312 1311 3
1311 1310 9
1310 1309 21
1375 1376 74
1376 1377 14
1627 1628 74
1678 1677 74
1677 1676 41
1731 1732 74
1732 1733 10
1733 1734 30
1734 1735 74
1735 1736 32
1736 1737 27
1861 1860 74
1860 1859 26
1859 1858 11
1858 8486 41
8486 8485 27
8486 8487 36
8487 8488 36
1858 9206 65
9206 9205 48
8485 8484 72
8484 8483 32
8483 8482 9
8482 8481 10
8481 8480 18
8480 9971 48
9971 9970 60
1858 1857 73
1894 1895 74
1895 1896 24
2464 2465 74
2465 2466 7
2747 2746 74
2746 2745 17
2745 2744 66
2803 2804 74
2804 2805 13
2964 2965 74
7490 3033 74
3033 3032 5
3176 3177 74
3177 3178 53
3308 3309 74
3309 9711 50
9711 9712 65
9712 9713 50
3309 3310 67
3310 3311 57
3311 3312 32
9713 9714 73
9714 9715 21
3679 3680 74
3680 3681 49
3681 3682 35
3848 3849 74
3849 3850 72
4099 4098 74
4098 4097 8
4097 4096 2
4096 4095 41
4243 4242 74
4242 4420 51
4420 4419 12
4419 4418 69
4418 4417 11
4417 4416 25
4417 1696 57
1696 1697 31
4416 4415 60
4415 4414 21
4414 4413 48
1697 1698 64
4242 4241 74
4241 4240 66
4240 4239 3
4239 2617 38
2617 2616 22
2617 2618 28
2616 2615 33
4240 8670 46
8670 8671 30
4239 4238 47
4238 4237 18
4237 4236 27
4303 4304 74
5136 4445 74
4445 4446 4
4446 4447 31
4447 2786 39
2786 2785 50
4828 4829 74
4829 4830 61
4830 4831 20
4831 4832 38
4832 4833 18
4833 4834 44
4834 9783 29
9783 9784 64
9784 9785 22
9785 9786 69
4831 3963 70
3963 3964 20
3964 3965 34
3965 3966 35
5298 5297 74
5312 5313 74
5313 5596 49
5596 37 1
37 38 17
5596 5595 22
38 9969 50
5512 5511 74
5511 1983 45
1983 1982 14
1982 9320 18
9320 9319 5
9320 9321 16
9321 9322 43
1983 1984 52
1984 1985 51
1985 1986 50
1986 6650 5
6650 6651 51
9319 9318 54
9318 9317 2
9317 9316 40
1982 1981 56
1981 1980 29
9322 9323 68
5561 5560 74
5560 5559 16
5559 5558 17
5558 5557 4
5560 8945 26
8945 8944 11
8944 8943 47
8943 8942 43
8942 8941 62
8941 8940 9
8940 8939 45
8939 8938 53
8938 8937 9
8937 8936 66
8936 8935 16
5845 5844 74
5974 5975 74
6187 6186 74
6186 7344 27
6186 6185 34
6185 6184 32
6184 6183 29
6183 6182 14
6295 6294 74
6294 6293 34
6868 6867 74
6867 6866 26
7218 7219 74
7219 7220 62
7220 7221 25
7220 561 63
561 562 11
561 560 44
560 559 12
562 563 57
563 564 16
564 7781 43
7781 7782 28
7782 7783 8
7781 7780 49
7780 7779 44
7779 9186 15
9186 9187 38
7779 7778 40
559 558 58
558 557 19
557 556 18
556 555 16
7778 7777 59
555 554 68
554 553 1
7783 7784 68
7784 7785 56
9186 9185 68
9185 9184 27
9184 9183 39
9183 64 28
64 63 48
63 4755 32
7234 7235 74
4730 7237 74
7237 843 63
843 842 2
842 841 3
7237 7236 63
842 6180 74
6180 6181 36
6181 6709 74
6709 6710 31
6709 6708 74
7400 7399 74
7399 8414 9
8414 6639 8
6639 6640 17
6639 677 35
677 678 27
678 679 37
8414 8415 45
8415 4392 34
8414 8413 47
8413 8412 4
8412 8411 41
8411 8410 38
8410 7120 4
7120 7119 9
7120 7121 30
8410 8409 45
8409 9718 3
9718 9717 47
9717 6162 38
6162 6163 13
9718 9719 47
679 680 49
680 196 18
680 681 24
196 197 31
196 195 59
195 194 53
9717 9716 61
8409 8408 63
8408 8407 7
6640 6641 64
8415 8416 66
8416 8417 20
8417 8418 34
8418 8419 59
6641 6642 71
6642 9596 57
9596 9595 9
7480 7481 74
432 7606 74
7606 7605 19
7605 7604 37
7604 2010 47
7619 7620 74
7654 7655 74
7655 7656 44
7705 7704 74
8236 8237 74
8237 8238 1
8237 867 11
867 868 15
8238 8239 45
8239 8240 33
8240 8241 64
8241 8242 74
8242 8243 5
4551 8286 74
8286 8285 17
8286 3787 62
3787 3788 59
3788 1558 31
1558 1559 33
1558 1557 66
3788 3789 74
8308 8309 74
8309 9806 66
9806 9805 56
9805 9804 30
8407 8406 74
8406 5789 43
5789 3485 22
3485 3484 12
5789 5788 35
5789 5790 40
8406 8405 43
8405 8404 27
8404 8403 40
3484 3483 47
3483 3482 46
3482 3481 18
3481 3480 8
3485 3486 67
3486 3487 34
3487 9178 46
9178 9177 44
9177 9176 3
9178 9179 49
9176 9175 53
9175 9174 22
9174 9173 32
8480 8479 74
8479 8478 10
8478 8477 56
8477 8476 63
8479 2138 74
2138 2137 5
2137 2136 4
2136 2135 12
2138 2139 56
2139 6585 14
6585 6586 50
6586 4620 52
4620 4619 35
2139 2140 60
805 8527 74
8527 8528 37
8528 8529 59
8983 8984 74
8984 8985 41
9117 9116 74
9116 9115 41
9115 9114 71
9159 9160 74
9278 9277 74
9277 9276 51
9276 9275 20
9275 9274 32
9462 9463 74
9517 9518 74
7906 9879 74
9879 9878 8
9879 9880 57
9880 9881 16
9881 9882 7
9948 9947 74
9947 9946 43
9946 9945 48
9945 8634 52
9945 9944 55
8634 8635 69
8635 8636 44
8636 8637 15
8637 8638 16
8638 8639 29
8639 4630 6
4630 4631 52
4631 4632 72
9944 9943 74
9943 8426 14
8426 8425 17
9943 9942 57
37 36 75
36 35 5
216 217 75
353 354 75
354 1669 23
1669 1668 40
1668 9774 2
1669 1670 41
1670 1671 35
1668 1667 54
1667 1666 18
1666 1665 31
1665 1664 21
1664 1663 8
1663 1662 37
917 383 75
383 384 48
383 382 59
382 381 57
8269 487 75
487 488 65
488 489 56
489 490 4
490 491 9
491 2512 48
2512 2513 26
2513 2514 39
2513 9350 52
9350 9351 6
9350 9349 37
9349 9348 40
9348 9347 6
9347 9346 55
2514 2515 57
2515 2516 24
684 683 75
683 682 1
730 729 75
729 728 26
728 727 1
727 726 12
1075 1076 75
1076 1077 56
1108 1107 75
1107 1106 31
1106 1105 20
1105 1104 48
1104 1103 35
1107 6461 54
6461 6462 13
1106 4756 64
6461 6460 67
1676 1675 75
1675 1674 2
1674 1673 24
1673 4648 40
4648 4649 14
4648 4647 17
4647 4646 25
4646 4645 19
4645 4644 54
4644 4643 37
1673 1672 66
1857 1856 75
2169 2168 75
2168 2167 15
2167 2166 58
2166 2165 14
2165 4049 12
4049 4048 3
2165 2164 20
4049 4050 26
2164 2163 29
4048 4047 64
4050 4051 68
2336 2337 75
2337 2338 47
2338 2339 12
2339 2340 23
2356 2355 75
2355 2354 12
2354 2353 9
2353 2352 50
2352 2471 45
2471 2470 46
2471 2472 57
2472 2473 22
2470 2469 62
2469 2468 18
2468 1209 42
1209 1210 12
1209 1208 17
1210 1211 52
2468 2467 61
2352 2351 66
2443 2444 75
2448 2449 75
2449 2450 5
2450 2451 48
2564 2565 75
2565 2566 40
2566 2567 70
2567 2568 70
2568 2569 73
2569 2570 63
2576 2577 75
2577 2578 48
2615 2614 75
3083 3082 75
3082 9385 50
9385 9386 3
9386 9387 3
9387 9388 48
9388 9389 11
3082 823 72
823 822 62
3259 3260 75
3260 3261 41
3261 3262 8
3280 3281 75
3281 3282 41
3282 3283 46
3283 3284 32
7521 3429 75
3429 3430 5
3430 3431 69
3615 3614 75
3614 3613 12
3613 3612 12
3612 3611 47
3611 9903 47
9903 9904 34
9904 9905 71
3641 3642 75
3752 3751 75
3751 3750 60
3750 3067 32
3067 3068 27
3068 3069 14
3069 3070 48
3070 3071 32
3071 3072 36
3922 3921 75
3921 3920 11
3925 3924 75
4091 4090 75
4090 4089 4
4089 4088 38
4088 4087 67
4087 4086 4
4086 901 57
901 900 55
900 899 57
899 898 53
4362 4361 75
4674 4673 75
4762 4763 75
4763 4764 24
4884 4885 75
4903 4902 75
4902 4901 17
8550 5087 75
5183 5182 75
5182 5181 54
5305 5304 75
5304 5303 30
5303 3504 32
3504 3505 27
3505 3506 40
3506 3507 40
3507 3508 13
3504 3503 65
3503 3502 17
3502 3501 32
3501 3500 31
3508 3509 75
3509 3510 42
5488 5489 75
5489 1999 16
5489 5490 16
5490 5491 17
1999 2000 29
2000 2001 40
2001 2002 53
7010 5523 75
5523 5035 2
5523 5524 29
5524 5525 6
5035 5036 33
5035 5034 44
5523 5522 68
5522 5521 62
5521 5520 48
5525 5526 73
5689 5690 75
5690 5691 30
5690 4660 44
5691 5692 58
5732 5733 75
5733 5734 61
5734 5735 20
5735 5736 20
5736 1090 19
5734 1833 26
1090 1089 27
5736 5737 31
5737 5738 18
1833 1834 33
1089 1088 39
5738 5739 54
1088 9352 58
9352 9353 52
1088 1087 62
9353 9354 74
5921 5922 75
6100 6101 75
6101 6102 56
6102 6103 2
6162 6161 75
6208 6209 75
6209 6210 33
6210 6211 59
6211 6212 46
6212 6213 27
6354 6353 75
6353 6352 10
8350 6624 75
6624 6623 11
6623 6622 23
6769 6768 75
6768 6767 73
6928 6929 75
7013 7012 75
7012 7011 48
7357 7358 75
7358 3409 16
7771 7772 75
7772 8748 40
8748 8747 24
8747 8746 45
8746 8745 45
8745 8744 49
8744 8743 36
8743 8742 3
8742 8741 71
8741 8740 55
8582 8583 75
8604 8605 75
8622 8623 75
8623 8624 12
8624 8625 50
8625 5958 49
8625 8626 65
8626 6382 10
6382 6383 66
6383 6384 46
5958 5959 67
8626 8627 74
8646 8645 75
8645 8644 38
8723 8724 75
1658 8887 75
8897 8898 75
8898 8899 57
8899 8900 16
8905 8904 75
8904 8903 66
8903 8902 11
8902 8901 71
8912 8913 75
8913 8914 39
9264 9263 75
9330 9331 75
9419 9418 75
9418 9417 27
9468 9467 75
9467 9466 7
9466 9465 43
9465 9464 54
9613 9614 75
9614 9615 71
9615 9616 23
9616 9617 20
9684 9683 75
9769 9768 75
9768 6687 7
9768 9767 47
9767 9766 9
9766 9765 31
9765 9764 46
9764 9763 30
9763 9762 25
6687 6686 74
6686 6685 47
9870 9871 75
9871 9872 58
9872 9873 4
9873 9874 19
9874 9875 41
9875 9876 7
9876 9877 21
329 328 76
328 327 23
327 326 41
326 325 56
325 324 26
324 323 68
323 322 52
322 4380 43
4380 4379 13
924 925 76
925 926 46
1489 1490 76
1490 1491 34
1491 1492 65
1550 1551 76
1829 1830 76
3201 2141 76
2141 2142 76
2142 2143 4
2143 2144 24
2144 9572 2
2144 2145 22
9572 9571 37
9571 9570 26
2145 2146 51
2213 2214 76
8588 2344 76
2344 2343 19
2343 2342 36
2342 2341 39
2765 2766 76
2766 2767 32
2767 2768 37
2768 2769 2
2769 2770 74
2845 2846 76
2846 2847 33
2984 2985 76
2985 2986 11
2986 2987 68
2987 2988 67
2988 2989 2
2989 2990 75
3037 3038 76
3038 3039 21
3039 3040 14
2826 3606 76
3606 3605 11
3605 4124 20
4124 4123 48
4123 4122 44
4122 4121 40
4121 4120 19
4120 4119 45
4119 4118 36
4124 4125 63
5891 3749 76
3749 9913 51
9913 9914 5
9914 9915 36
3749 3748 54
3748 3747 32
3747 7206 18
3747 3746 40
7206 7207 43
7207 7208 23
7208 7209 43
7209 7210 48
3746 3745 70
3745 3744 33
3744 3743 13
3743 3742 53
3742 3741 47
7210 7211 74
3981 3982 76
3982 3983 30
4253 4252 76
4252 4251 58
4251 4250 64
4250 4249 47
4249 4248 29
4248 4247 51
4263 4264 76
4270 4269 76
4350 4351 76
4525 4524 76
4524 4523 36
4523 4522 75
4522 4521 36
4521 4520 27
4520 4519 39
4519 4518 3
4518 4517 17
4517 4516 2
4516 4515 10
4518 3524 48
3524 452 7
4518 5416 50
452 451 58
4519 9775 58
9775 9776 69
452 453 70
4908 4907 76
5055 5054 76
5054 5053 15
5053 5052 4
5052 5051 66
5051 5050 22
5050 5049 67
5049 5048 55
5048 5047 52
5047 5046 58
5046 5045 48
5045 5044 9
5044 5043 1
5043 5042 48
5042 5041 39
5041 5040 58
5040 5039 28
5040 7530 40
7530 7529 57
7529 7528 45
7528 7527 27
5046 3559 59
3559 3560 32
3560 3561 76
5159 5160 76
5313 5314 76
1253 5350 76
5350 5349 15
5349 5348 39
5350 5351 65
5351 5352 62
5352 5353 3
5353 5354 40
5348 5347 67
5347 5346 15
5354 8728 69
8728 8727 14
8727 8726 35
8726 1567 71
1567 2918 20
2918 2919 39
2919 2920 14
1567 1566 66
1566 1565 20
1565 1564 23
2918 2917 66
5375 5374 76
5541 5542 76
5834 5835 76
5835 5836 50
5969 5970 76
6424 6425 76
6425 6426 20
6426 6427 45
6427 6428 48
6428 6429 26
6583 6584 76
6635 6634 76
6634 6633 69
6633 6632 27
6654 6653 76
6653 6652 22
6780 6781 76
6781 9491 35
9491 9490 41
9491 9492 47
9492 9493 2
9492 62 21
6781 6782 51
6782 964 27
964 963 49
9493 9494 59
9494 9495 64
9495 9496 52
9496 9497 51
9497 9498 33
9498 4472 40
4472 4473 31
4472 6276 34
4473 4474 37
4474 4475 5
4475 4476 16
4476 4477 16
4477 4478 14
6276 6277 40
964 965 67
6276 6275 75
6275 6274 60
6879 6880 76
6880 2485 7
2485 2486 8
2486 2487 64
6880 6881 72
6881 6882 17
6882 6883 56
6883 6884 64
6906 6905 76
6905 6904 37
6904 6903 7
6903 6902 58
6902 6901 48
6901 3858 28
3858 3859 41
6975 6974 76
6974 6973 69
6973 7272 50
6973 6972 52
6972 6971 65
6971 6970 74
7092 7091 76
7099 7100 76
7100 7101 76
7101 7102 56
7162 7161 76
7161 7160 13
7179 7178 76
7849 7850 76
7850 7851 47
7954 7953 76
8550 8551 76
8683 8684 76
8684 8685 63
8685 8686 17
8735 8719 76
8719 8720 1
8803 8804 76
8804 8805 16
9021 9020 76
9020 9019 15
9019 9018 59
9018 9017 58
9017 9016 64
9132 9133 76
9133 9134 34
9134 9135 73
9135 9136 53
9300 9301 76
9301 9302 3
1829 9511 76
9511 9510 1
9510 9509 24
9824 9823 76
9823 9822 62
106 107 77
107 108 19
155 156 77
156 157 77
293 294 77
294 295 26
295 296 10
414 413 77
413 412 47
412 411 49
486 485 77
567 566 77
566 565 21
6533 586 77
586 6416 36
6416 6417 23
6417 6418 48
6418 6419 9
6419 1504 15
6419 6420 48
1504 1505 63
1505 1506 35
1506 1507 15
586 585 65
811 810 77
6450 1045 77
1045 1046 75
1087 1086 77
9610 1144 77
1144 1143 14
1143 1142 31
1144 1145 39
1142 1141 53
1144 6066 74
6066 6065 17
6065 6064 66
1148 1147 77
1147 1146 71
1472 1471 77
1471 1470 26
1470 205 1
1470 1469 5
1469 1468 4
205 206 15
1468 1467 42
1467 1466 59
1532 1531 77
1531 1530 18
1530 1529 40
1798 1799 77
1799 1800 14
1800 1801 21
1801 1802 15
2436 1848 77
1848 1847 32
1847 1846 17
1846 1845 60
1943 1942 77
2235 2236 77
2328 2327 77
2327 2326 49
2326 2325 35
2325 2324 25
2324 2323 39
2323 2322 77
2322 8055 48
2322 2321 65
2521 2522 77
2522 7554 28
7554 7555 43
2522 2523 52
2523 2524 62
7554 7553 71
7553 6022 9
7553 7552 12
6022 6021 47
7552 7551 56
7551 7550 41
7550 7549 30
6021 6020 57
6020 6019 46
6019 6018 8
7554 7523 72
7523 7524 24
7524 7525 1
7525 7002 58
7002 7003 4
7002 7001 23
7003 7004 29
7004 7005 32
7005 7006 38
7001 7000 55
7523 2587 74
2587 2586 65
2586 2585 25
2585 2584 35
2524 2525 77
3196 2528 77
2528 2529 10
2529 2530 24
2530 2531 19
2528 2527 60
2530 180 61
180 5935 9
5935 5936 34
5936 5937 13
180 179 37
5937 5938 62
5938 5939 52
2549 2548 77
2548 2547 53
2664 2663 77
2663 2662 32
2662 2661 77
2661 8714 55
3380 3381 77
3381 3382 24
3455 3456 77
3456 3457 54
3512 3511 77
3920 3919 77
3919 3918 47
3918 3917 18
3917 3916 45
3916 3915 6
3915 3914 10
3914 3913 27
3913 3912 44
3912 3911 31
2973 4210 77
4210 4209 16
4209 4208 11
4210 4211 62
4211 4212 4
4212 4213 59
4213 4214 56
4214 4215 67
4210 3319 75
3319 3318 1
3319 3320 16
3318 3317 38
4335 4336 77
4336 4337 27
4343 4342 77
4342 4341 36
4341 4340 30
4340 4339 17
4339 4338 71
4620 4621 77
4621 4622 48
4622 3271 23
3271 3272 5
3272 2592 24
3271 3270 53
3270 3269 14
3272 3273 57
2592 2591 60
2591 2590 39
2590 2589 54
2589 2588 21
3269 3268 61
2592 2593 63
2588 5928 76
5928 5929 62
5929 9841 39
9841 9840 5
9840 9839 12
9841 9842 28
9841 4136 51
4136 4137 11
4137 4138 21
4138 4139 33
4136 4135 47
4135 4134 41
5929 5930 51
5930 5931 54
4139 4140 72
4140 4141 37
4141 4142 70
4142 4143 11
9842 9843 72
9843 9844 14
9844 4962 12
4962 4961 30
4961 4960 30
4960 4959 13
9844 9845 37
9845 9846 57
9846 9847 73
9847 9848 13
9848 9849 24
3273 3274 77
4697 4696 77
5036 5037 77
5037 5038 63
5138 5139 77
5139 5140 57
5145 5146 77
5516 5517 77
5517 6164 31
5542 5543 77
5543 5544 2
5544 7195 65
7195 7194 54
5544 5545 76
5545 5546 34
5546 5547 7
5550 5551 77
5551 5552 60
5552 5553 1
5553 5554 6
5554 5555 16
5555 5556 69
5779 5780 77
5780 5781 32
5781 5782 29
5782 5783 62
5825 5824 77
5824 5823 70
5823 5822 69
5822 5821 62
5821 2888 26
5821 5820 28
5820 5819 24
5821 3865 39
3865 3864 12
3865 2877 14
2877 2878 68
2878 2879 69
2879 2880 19
2880 2881 18
2881 2882 20
2882 2883 31
2883 2884 57
2884 2885 18
2885 2886 47
2886 2887 39
5819 5818 77
5818 5817 17
5817 5816 6
5816 5815 30
6352 6351 77
6351 6350 19
6350 6349 64
6349 6348 9
6348 6347 62
6347 6346 7
6346 6345 63
3500 6575 77
6575 8536 33
8536 8535 18
6575 6574 74
6574 6573 28
6577 6576 77
6818 6819 77
6819 6820 74
6820 6821 55
6821 6822 30
6822 1030 71
1030 1029 29
1030 1031 66
1031 1032 6
1032 1033 52
1033 1034 35
1029 1028 68
7084 7083 77
7175 7176 77
7176 7177 72
433 7727 77
7727 7726 54
7772 7773 77
7773 7600 9
7773 7774 39
7774 7775 34
7600 7599 51
7599 7598 20
8125 8126 77
8126 4859 28
8126 8127 36
4859 4860 51
4859 4858 64
4858 4857 48
4857 4856 4
8127 8128 75
8128 8129 16
8337 8336 77
8336 8335 75
8335 8334 55
8334 8333 14
8334 7983 29
7983 7984 33
7984 7985 28
7985 7986 14
8333 8332 50
7983 7982 71
7982 4778 36
4778 4777 70
8332 7805 74
7805 7806 20
7982 7981 75
8634 8633 77
8633 8632 17
8782 8783 77
8783 8784 3
8784 8785 3
8785 8786 65
8982 8981 77
8981 8980 77
8980 8979 41
9205 9204 77
9204 9203 8
9210 9209 77
9209 9208 54
9208 944 26
944 945 1
944 943 21
945 946 63
946 947 49
9259 9260 77
9260 9261 6
9261 9262 44
9430 9429 77
9429 9428 56
9428 9427 69
9499 9500 77
9500 9501 16
9501 6735 47
6735 6736 16
6735 6734 29
6736 6737 48
6737 6738 52
6738 6739 45
6739 6740 47
9560 9559 77
9664 9663 77
9663 9662 16
9662 9661 42
9661 4505 30
4505 4506 24
4505 4504 67
4504 4503 39
4506 4507 70
50 51 78
51 52 76
217 218 78
218 219 55
747 748 78
843 844 78
844 845 5
844 7924 72
7924 7923 34
7924 7925 74
7925 7926 21
886 887 78
887 888 64
997 996 78
4696 1014 78
1014 1015 4
1246 1245 78
1245 4187 27
4187 4188 31
4188 4189 12
4187 4186 64
4186 4185 70
1272 1271 78
1285 1286 78
1786 1785 78
1785 1784 36
6054 2049 78
2049 2050 10
2049 8031 53
8031 8030 16
8030 8029 27
8031 8032 27
8032 8033 8
8033 8034 10
8029 8028 34
2050 2051 57
2051 2052 40
2052 2053 69
2053 2054 78
2054 2055 42
2055 2056 37
2560 2559 78
2559 2558 4
2558 2557 3
2742 2743 78
3067 3066 78
3066 3065 36
3347 3346 78
3359 3360 78
3529 3528 78
3534 3535 78
3535 3536 18
3536 3537 23
3537 3538 67
3859 3860 78
3860 3861 57
3861 3862 75
3862 3863 60
4045 4046 78
4602 4601 78
4601 4600 5
4600 7963 25
7963 7962 8
7963 7964 24
7964 7965 4
4600 4085 26
7965 7966 37
4085 4084 39
4084 4083 26
4083 103 27
103 104 47
7963 4042 53
4042 4041 60
4041 4040 32
4042 4043 66
4600 4599 69
4599 4598 31
4673 4672 78
4672 4671 5
4729 4728 78
4728 644 40
644 645 13
644 4374 14
4374 4373 23
4374 4375 59
4375 4376 72
4376 4377 68
4377 7293 46
7293 7294 37
7294 7295 57
7293 7292 64
4755 4754 78
4754 4753 33
4931 4932 78
4932 4933 60
4933 4934 29
4934 4935 50
4935 4936 29
2826 5283 78
5283 5282 64
5282 5281 18
5281 5280 44
5283 5284 71
5291 5292 78
5340 5339 78
5677 5676 78
5676 7060 45
7060 7061 29
7060 7059 37
5694 5693 78
5888 5887 78
5887 5886 49
5886 5885 17
6064 6063 78
5821 6114 78
6114 6113 77
6113 6112 20
6112 6111 64
6272 6273 78
6550 6671 78
6671 6670 11
6671 6672 68
6670 6669 74
6728 6729 78
6729 6730 55
6730 6731 21
6731 6732 6
6732 6733 11
6850 6849 78
6947 6946 78
6946 6945 71
6968 6967 78
7059 7058 78
7058 7057 53
7075 7074 78
7074 7073 49
7073 7072 13
7072 7071 39
7071 7070 5
7070 7069 5
7091 7090 78
7090 7089 60
7266 7267 78
7267 7268 10
7268 7269 24
7269 7270 23
7270 7271 71
7452 7453 78
7453 7454 45
7690 7691 78
7691 7692 58
7692 1191 46
1191 1192 66
7818 7817 78
7817 7816 25
7816 7815 38
18 7929 78
7929 7928 10
7929 7930 69
7970 7969 78
7969 7968 16
7986 7987 78
7987 7988 18
8129 8130 78
8130 8131 50
8160 8161 78
8161 8162 78
8162 8163 20
8163 8164 56
8295 8296 78
8296 9993 42
9993 9992 8
9993 9994 42
9994 9995 5
9995 9996 68
9992 9991 77
8345 8344 78
8403 8402 78
8402 8401 60
8401 8400 68
8400 447 31
447 448 73
448 449 47
449 450 31
8730 8729 78
8949 8950 78
8950 8951 45
8951 8952 6
8952 8953 40
8953 8954 38
8954 8955 64
8955 8956 10
9067 9066 78
9066 244 22
244 715 30
715 716 48
716 717 23
717 718 38
715 714 54
714 713 29
244 243 66
243 242 33
714 6441 75
9195 9196 78
9196 9197 77
9197 9198 20
9198 9199 3
9199 9200 25
9381 9382 78
9382 9383 28
9383 9384 54
9669 9670 78
9915 9916 78
9916 9917 66
9917 9918 25
9951 9950 78
192 193 79
5050 202 79
202 203 53
203 204 65
202 201 74
201 3092 17
3092 3093 12
201 200 40
200 199 52
3093 3094 52
617 618 79
618 619 27
619 620 68
620 621 11
621 622 50
621 9569 71
622 623 75
623 624 10
624 625 59
625 626 5
626 627 46
627 628 61
628 629 51
1167 1166 79
1166 1165 60
1403 1404 79
1404 1405 45
1404 611 57
611 612 49
1405 1406 75
1406 1407 35
1407 1408 10
1408 1409 77
1409 1410 11
1643 1644 79
1644 1645 76
1645 1646 74
1646 1647 48
1647 1648 35
8246 1765 79
1765 1766 3
1766 1767 38
1767 1768 65
1768 1769 65
1769 1770 67
1770 1771 41
1771 1772 1
1772 1773 41
2575 2574 79
2574 2573 62
2573 2572 29
2572 2571 48
2618 2619 79
2782 2781 79
2781 2780 23
2780 8992 46
8992 8991 69
8991 8990 35
8990 8989 62
8989 8363 10
8363 8362 40
8989 8988 69
8992 8993 73
8993 8994 77
8994 8995 60
2904 2903 79
2903 2902 61
2902 2901 5
2901 2900 67
3201 3202 79
3202 3203 37
3203 834 21
3202 8531 51
8531 8530 13
8531 8532 19
8532 8533 57
8533 8534 69
834 835 72
835 836 8
836 837 8
3203 3204 78
3204 3205 16
3205 3206 11
3206 3207 14
3207 3208 75
3208 3209 74
3209 3210 64
3210 3211 60
3211 3212 52
3212 3213 2
3418 3419 79
3419 3420 3
3420 3421 65
3421 8143 2
8143 8142 52
8142 8141 17
3421 3422 57
3422 3423 6
3420 1764 75
1764 1763 7
1763 1762 1
1762 1761 75
8141 8140 76
8140 8139 64
8139 8138 22
8138 8137 22
8137 8136 48
8136 8135 12
8135 8134 76
8134 8133 31
8133 8132 33
3587 3588 79
3623 3622 79
7809 3880 79
3946 3945 79
3945 7864 16
7864 7863 65
7863 7862 62
7862 7861 15
7861 7860 36
3963 3962 79
3962 3961 9
4116 4117 79
4354 4353 79
4353 4352 60
4369 4368 79
4445 4444 79
4444 4443 23
4443 4442 59
4442 4441 29
4465 4466 79
4466 4467 5
4467 4468 16
4468 4469 20
4469 4470 49
4470 4471 58
4482 4481 79
4481 8039 12
4481 4480 52
4480 4479 70
5763 4710 79
4710 4711 12
4710 4709 39
4709 4708 10
4711 4712 43
4741 4742 79
5688 4944 79
4944 4943 36
4943 4942 45
4942 4941 26
4944 4945 69
4945 4946 55
4946 4947 59
4941 238 75
238 239 55
239 240 71
240 241 3
5073 5072 79
5072 5071 2
5071 5070 73
5073 5074 79
5074 5075 51
5075 978 75
978 979 13
978 977 20
977 3800 26
3800 3799 45
977 976 47
976 975 42
975 974 16
974 973 49
979 980 53
980 7365 25
7365 7364 27
7364 7363 23
973 972 55
7365 7366 65
7366 7367 49
7367 3335 32
3335 3334 29
3335 3336 56
3334 3333 64
3333 3332 31
3332 3331 47
972 971 69
971 970 73
970 969 33
969 968 59
968 967 67
967 966 52
3331 6944 77
6944 6943 78
6943 6942 58
6942 6941 64
7367 7368 78
5087 5088 79
5088 5089 26
5089 5090 52
5124 5123 79
5155 5154 79
5192 5193 79
5193 5194 50
5194 5195 21
5195 5196 49
5241 5242 79
5242 4106 48
4106 4105 8
5242 5243 63
5243 5244 54
5244 5245 71
5245 5246 46
5416 5415 79
5415 5414 41
5456 5457 79
5457 5458 5
5458 5459 56
5459 5460 3
5460 5461 61
5461 5462 59
5462 5463 65
4913 5501 79
5501 5502 15
5501 5500 23
5500 5499 51
5499 5498 60
5501 3224 64
3224 3223 71
3223 3222 22
3222 3221 26
3221 3220 3
3220 3219 7
3220 4434 75
5649 5650 79
6328 6329 79
6329 6330 43
6473 6472 79
6472 6471 59
6471 6470 77
6470 6469 14
6469 6468 58
6573 6572 79
6586 6587 79
6624 6625 79
6625 6626 57
6626 6627 18
6758 6759 79
6759 6760 69
6760 6761 53
6761 6762 37
6761 1500 50
1500 1499 7
1500 1501 63
1501 1502 62
1502 1503 57
6762 6763 66
6763 6764 34
6764 6765 47
6890 6889 79
6889 6888 29
7399 7398 79
7640 7641 79
7698 7697 79
7928 7927 79
7930 7931 79
7931 7932 22
7932 7933 35
7933 7934 39
7931 75 48
75 74 73
74 73 41
73 72 8
72 71 70
71 70 67
70 8291 5
8291 8292 3
8292 8293 27
8292 6291 53
8293 3432 60
3432 3433 48
8309 8310 79
8310 8311 71
8318 8319 79
8319 8320 39
8458 8457 79
8457 8456 9
8456 8455 79
8455 8454 47
8454 8453 64
8453 8452 61
8469 8470 79
8470 8471 2
8471 8472 55
8472 8473 46
8472 9122 71
9122 9121 11
9122 9123 73
9123 9124 22
8473 4499 79
4499 4500 44
4500 4501 68
4501 4502 45
4501 6630 68
6630 6631 19
8618 8617 79
8617 8616 22
8748 8749 79
8997 8996 79
9046 9047 79
9314 9313 79
9313 9312 42
9312 9311 52
9402 9403 79
9403 9404 34
9455 9456 79
9456 9457 34
9457 9458 49
4960 9562 79
9687 9686 79
9686 9685 9
235 236 80
236 237 8
3691 308 80
308 307 76
307 306 2
306 305 57
366 365 80
596 595 80
629 630 80
779 778 80
778 8168 30
8168 8167 18
6064 1012 80
1012 1011 43
1011 8009 17
8009 8010 7
8010 1941 28
8009 8008 33
1941 1940 46
8008 8007 62
1940 1939 64
8007 8006 68
1011 1010 70
1010 1009 27
1151 1150 80
1410 1411 80
1411 1412 69
1412 1413 5
1413 1414 56
1414 1415 62
1415 1416 26
1416 1417 7
1416 5495 28
5495 5494 23
5494 5493 32
1417 8257 35
8257 4995 8
4995 4994 37
5493 5492 41
5493 7020 42
7020 7021 15
7021 7022 43
7022 7023 12
7023 7024 19
4994 4993 44
7020 7019 48
4995 4996 61
4993 4992 67
4996 4997 70
1415 1280 73
1280 1279 19
1279 1278 8
1278 1277 53
4997 4998 78
4998 3289 3
4998 4999 6
4999 5000 27
5000 260 2
260 261 43
261 262 12
5000 5001 47
3289 3288 50
3288 3287 23
3287 3286 50
3288 4889 54
262 263 60
260 259 65
3286 3285 70
5001 5002 70
5002 5003 3
5003 5004 2
5004 5005 3
4889 4890 73
4889 4888 77
7023 398 79
398 399 31
399 400 54
400 401 75
401 402 47
402 403 51
1704 1705 80
1705 1706 79
1706 1707 33
1707 1708 11
1886 1887 80
1887 1888 76
1888 1889 68
1889 1890 31
1890 1891 11
1891 1892 31
1891 6204 77
6204 6203 28
6204 6205 36
1890 722 78
722 721 19
721 720 76
720 719 34
7337 2280 80
2280 2279 9
2632 2631 80
2631 2630 59
3305 3306 80
3475 3474 80
3474 3473 37
3564 3565 80
3990 3991 80
3991 3992 30
2119 4014 80
9078 4290 80
4290 4289 39
4289 1333 66
1333 1332 1
1333 1334 48
1334 1335 59
1335 1336 70
1333 1494 71
1494 1495 23
1495 1496 46
1496 1497 58
1497 1498 68
4290 4291 72
4291 4292 50
4292 4293 8
4385 4386 80
4386 4387 77
4387 4199 40
4199 4200 61
4387 4388 71
4388 4389 31
4573 4574 80
4668 4667 80
4983 4982 80
4982 4981 55
2607 5198 80
5198 5197 42
5198 5199 47
5216 5215 80
5215 5214 28
5214 5213 14
5317 5316 80
5316 5315 23
5438 5437 80
5526 5527 80
5527 5528 3
5528 5529 67
5529 5530 28
5530 1023 11
5530 5531 36
1023 1024 50
5531 5532 57
1023 1022 75
1022 1021 2
1021 1020 47
6075 6076 80
6230 6229 80
6229 6228 78
6228 6227 13
6269 6268 80
6268 6267 55
6267 6266 15
6266 6265 18
6265 6264 36
6264 6263 59
6545 6546 80
7006 7007 80
7007 7008 12
7008 7009 24
7146 7145 80
7186 7187 80
7187 7188 46
7188 1907 13
1907 1906 6
7188 7189 17
7539 7538 80
7538 7537 52
7537 7536 14
7537 7225 46
7225 7226 42
7225 7224 54
7536 7535 59
7535 5884 39
5884 8864 7
8864 8863 16
5884 5883 22
5883 5882 20
8863 8862 36
7535 8690 40
8690 8691 1
8690 8689 24
8689 8688 55
8688 8687 58
7224 7223 62
7223 7222 61
7535 7534 65
7534 7533 8
7533 7532 52
8862 8861 67
8861 8860 32
7532 7531 71
8860 8859 77
7866 7865 80
7883 7882 80
7940 7941 80
8332 8331 80
8331 8330 15
8330 8329 23
8329 8328 28
8328 8327 12
8330 5448 34
5448 5447 5
5448 5449 9
5447 186 51
186 187 26
5447 5446 56
187 188 68
188 189 17
189 4537 50
4537 4538 31
4537 4536 62
4538 4539 71
4539 4540 44
4540 4541 36
4541 4542 14
4542 4543 1
4543 4544 51
4544 4545 15
4545 4546 8
4536 4535 74
4535 4534 35
8892 8891 80
9417 9416 80
9416 9415 36
9415 9414 78
9414 9413 71
199 198 81
214 213 81
213 212 28
212 211 77
211 210 21
210 209 70
209 208 21
491 492 81
578 579 81
579 580 38
580 581 28
581 9530 4
9530 9529 10
581 582 40
9530 9531 66
712 711 81
711 710 37
1014 1013 81
1184 1183 81
1183 1182 61
1182 1181 78
1358 1359 81
1359 1360 65
1360 1361 35
1361 1362 38
1362 1363 34
1363 1364 51
1364 1365 44
1494 1493 81
1493 4256 74
1511 1512 81
1512 1513 48
1513 1514 9
1512 4991 55
4991 4990 18
4990 4989 17
1514 1515 70
1515 1516 47
1516 1517 14
1830 1831 81
1952 1951 81
1951 1950 62
2010 2009 81
3284 2197 81
2197 2198 28
2198 2199 25
2197 2196 35
2196 2195 39
2195 2194 16
2194 2193 30
2199 2200 66
2200 2201 74
2201 2202 33
2451 2452 81
2452 2453 29
2453 2454 44
2645 2646 81
2646 2647 43
3543 3544 81
3544 8568 11
8568 8569 56
8568 8567 65
8567 8566 26
8566 8565 35
8565 8564 4
8564 8563 70
8563 8562 79
8562 8561 43
3565 3566 81
3566 3567 49
3567 3568 61
3568 3569 77
3569 3570 29
3570 3571 58
3571 3572 5
3572 3573 5
3573 3574 33
3574 3575 5
476 3834 81
3834 3833 31
3833 3832 1
3833 9777 72
9777 9778 59
3966 3967 81
3967 3968 1
3968 3969 45
3969 3970 37
3970 3971 35
3971 3972 17
4005 4006 81
4006 4007 50
4007 4751 77
4751 4752 28
4751 4750 34
4750 4749 35
4749 4748 27
1248 4037 81
4037 4036 11
4037 4038 34
4038 4039 15
4038 3153 69
3153 3152 5
4036 4035 76
4035 4034 74
4176 4175 81
4175 4174 15
4174 4173 21
4173 4172 78
4172 4171 26
4377 4378 81
4398 4399 81
4399 4400 40
4400 4401 10
4401 4402 29
4402 4403 56
5471 5472 81
5472 5473 20
9882 5569 81
5569 5570 12
2382 5971 81
5971 5972 28
5972 3499 29
3499 3498 63
3498 3497 24
5990 5991 81
5991 5992 65
5992 5993 60
5993 5994 34
5994 5995 13
6066 6067 81
6067 6068 64
6502 6503 81
6503 6504 41
6504 6505 29
6505 6506 60
6506 6507 25
6347 7165 81
7165 7164 52
7164 7163 34
7165 7166 62
7166 7167 30
7167 7168 55
7168 7169 32
7169 7170 43
7175 7174 81
7174 7173 21
7173 7172 61
7172 7171 15
7215 7214 81
7214 7213 45
7213 7212 57
7212 7589 69
7589 7590 49
7590 7591 50
7591 7592 5
7592 7593 40
7593 7594 26
7594 8571 71
8571 8570 63
7589 7588 77
7588 7587 71
7587 7586 12
7586 7585 76
7585 7584 69
7226 7227 81
7227 7228 64
7474 7475 81
7475 7064 2
7064 7065 28
7065 7066 70
7066 7067 37
7067 7068 48
7638 7637 81
7637 7636 59
7805 7804 81
7804 7803 51
7826 7827 81
7827 7828 43
7828 7829 75
7829 7830 37
7830 7831 24
7831 7832 15
7832 7833 64
7833 7834 13
7834 7835 15
7835 7836 64
7853 7854 81
7854 7855 4
7855 7856 30
7856 7857 15
7857 7858 43
7858 7859 47
7856 8447 52
8447 8448 23
8447 8446 39
8448 8449 53
8026 8025 81
8025 8024 39
8097 8098 81
8098 8099 20
8099 8100 53
8421 8420 81
8441 8440 81
8476 8475 81
8475 8474 8
8524 8525 81
8525 8526 15
8589 8590 81
8714 8715 81
8715 8716 47
8716 8717 60
8717 8718 53
8799 8800 81
8884 8885 81
8885 8886 66
9544 9543 81
9543 9542 17
9542 9541 64
9541 9540 14
9562 9563 81
93 94 82
94 95 80
95 96 62
96 97 39
179 178 82
342 343 82
343 344 46
344 345 21
431 430 82
49 646 82
646 647 44
647 648 32
9663 758 82
758 757 19
757 756 64
1062 1061 82
1061 1060 35
1060 1059 73
1059 1058 4
1058 1057 45
1057 1056 74
1056 1055 11
1055 1054 69
1054 1053 57
1053 1052 13
1052 1051 59
1051 1050 2
1050 1049 79
1049 1373 35
1373 1374 64
1329 1328 82
1487 1486 82
1636 1635 82
2270 2271 82
2271 663 3
663 662 36
662 661 56
661 660 7
660 659 28
661 8834 36
8834 8833 15
663 664 59
664 665 55
665 666 52
666 667 48
667 668 22
668 669 7
668 4162 20
4162 4163 62
4163 4164 9
8833 8832 77
8832 8831 52
8831 8830 53
8830 8829 67
8829 8828 77
8828 8827 26
8827 8826 9
8826 8825 40
8825 8824 29
1820 2696 82
2696 2697 15
6012 2840 82
2840 2841 41
2840 2839 63
2839 2838 12
270 2866 82
2866 2867 38
2928 2929 82
2929 2930 70
3184 3183 82
3193 3192 82
3392 3391 82
3391 3075 27
3075 3076 23
3075 3074 35
3076 3077 60
3391 3390 60
3390 3389 62
3074 3073 75
3610 3609 82
3629 3630 82
3630 3631 57
3824 3823 82
3961 3960 82
3960 3959 41
4007 4008 82
4008 4009 55
4053 4052 82
4078 4079 82
4079 4080 61
4361 4360 82
4360 4359 42
4359 4358 29
4936 4937 82
4937 4938 27
4938 4939 13
4939 4940 53
5120 5119 82
5119 5118 55
5118 5117 61
5117 5116 43
5466 5465 82
5783 5784 82
6054 6053 82
6053 6052 70
6052 6051 34
6051 6050 12
6050 6049 31
6049 6048 66
6048 6047 67
6111 6110 82
8235 6246 82
6246 6247 26
7696 6395 82
6395 6396 21
6395 6394 69
6396 6397 75
6544 6543 82
6543 6542 21
6542 6541 49
6541 6540 74
6665 6666 82
6708 6707 82
6767 6766 82
6782 6783 82
6817 6816 82
6816 6815 61
6815 5590 17
5590 5589 57
6815 6814 82
6833 6834 82
6834 6835 64
6835 6836 17
6836 6837 72
6837 6838 28
7155 7156 82
7156 7157 36
7446 7447 82
7447 7448 74
7727 7728 82
7744 7745 82
7745 7746 69
7746 7747 20
8014 8013 82
8013 8012 34
8012 8011 25
8156 8157 82
8157 8158 74
8461 8462 82
8462 8463 57
8463 8464 46
8464 8465 73
8805 8806 82
8806 8807 2
8807 8808 78
8808 8809 10
8809 8810 11
8810 8811 46
8811 8812 47
9099 9100 82
9100 9101 64
9101 9102 31
9102 9103 13
9103 9104 57
9104 9105 41
9105 9106 68
9206 9207 82
9341 9340 82
9340 9339 8
9339 9338 12
9338 9337 10
9670 9671 82
9910 9911 82
9911 9912 22
9987 9986 82
103 102 83
592 591 83
748 749 83
749 750 9
750 751 8
751 752 61
752 753 39
753 754 72
754 755 34
4901 776 83
776 777 11
776 775 82
775 774 17
774 773 25
773 772 71
772 771 83
771 770 29
770 769 83
787 788 83
788 789 64
789 790 63
790 791 57
1020 1019 83
1019 1018 20
1018 1017 23
1339 1340 83
1340 2580 7
1340 1341 19
1341 1342 22
2580 2579 26
1341 6487 65
6487 6488 52
6488 6489 39
6489 6490 10
6487 6486 56
1342 1343 66
1343 2626 47
2626 2627 22
2580 2581 66
6486 6485 72
6485 6484 7
6484 6483 80
6483 6482 72
6482 6481 52
6481 6480 13
6480 6479 62
6481 8642 71
8642 8643 14
8642 8641 55
8641 8640 72
2626 2625 82
2625 2624 44
2624 2623 31
2623 2622 40
2622 2621 46
2621 1233 34
1233 3765 65
3765 3764 17
3765 3766 31
3764 3763 66
3763 3762 29
3762 5686 30
5686 5687 6
3762 3761 40
3761 3760 19
5686 5685 68
5685 5684 16
5684 5683 51
2621 2620 73
3760 3759 77
6490 6491 82
1373 1372 83
1372 1371 33
1834 1835 83
1835 1836 9
2117 2116 83
2116 2115 39
2115 2114 2
2114 2113 79
2113 2112 10
2112 2111 73
9599 2221 83
2221 2220 52
2220 2219 27
2297 2298 83
2298 2299 82
2299 2300 56
2433 2432 83
2432 2431 76
2431 2430 74
2430 2429 27
2429 2428 14
2428 2427 49
2427 2426 59
2426 2425 73
2425 3345 64
2425 2424 79
2424 2423 65
2423 2422 33
2422 2421 11
3036 3035 83
3035 3034 58
3077 3078 83
3531 3532 83
3546 3545 83
3557 3558 83
3620 3621 83
3707 3708 83
3708 3709 7
3709 3710 17
3710 3711 14
3711 2991 42
2991 2992 34
3711 3712 68
3712 3713 63
3713 6872 3
3713 3714 34
6872 6871 42
6871 6870 46
3714 3715 81
3805 3804 83
3805 3806 83
3992 3993 83
3993 3994 15
3994 3995 53
3994 1948 81
1948 1947 3
1947 1946 31
1948 1949 62
4014 4013 83
4153 4152 83
4164 4165 83
4165 4166 8
4166 4167 36
4167 4168 79
4168 4169 77
4169 4170 75
4368 4367 83
4756 4757 83
4863 4864 83
4864 4865 57
4865 4866 68
4866 4867 36
4867 4868 79
4868 4869 69
4869 4870 44
4870 4871 72
4871 4872 65
4890 4891 83
5022 5021 83
5021 5020 58
5020 5019 45
5160 5161 83
5161 5162 79
5162 5163 61
5163 5164 12
5164 954 25
954 955 11
954 953 40
953 952 11
955 956 43
5164 5165 48
952 951 70
951 950 28
956 957 73
5437 5436 83
5496 5497 83
5655 5654 83
5654 5653 51
5653 5652 54
5652 5651 53
2324 5680 83
5680 5679 19
5680 5681 45
5681 5682 29
5679 5678 48
5868 5867 83
6220 6219 83
6219 6218 42
6277 6278 83
6278 6279 40
6279 6280 74
6280 6281 3
6281 6282 35
6282 6283 16
6283 6284 1
6284 6285 70
6454 6455 83
6455 6456 81
6456 6457 76
6884 6885 83
6955 6956 83
6956 6957 5
6957 6958 36
6958 6959 13
7882 7881 83
8386 8387 83
8737 8738 83
8882 8881 83
8889 8888 83
9066 9065 83
9065 9064 55
9064 9063 24
9063 9062 20
9062 9061 65
9061 2273 59
2273 2272 3
2273 2274 21
2274 2275 30
2275 2276 1
2276 2277 77
2277 2278 42
9070 9071 83
9225 9226 83
9226 9227 60
9227 9228 6
9228 9229 79
2557 9334 83
9334 9335 19
9334 9333 36
9335 9336 72
3074 9390 83
9516 9515 83
9515 9514 14
9518 9519 83
9519 9520 30
9520 3725 50
3725 3724 3
3724 3723 28
3723 3722 75
3722 3721 9
3721 3720 45
9707 9708 83
9800 9801 83
3358 9867 83
9867 9866 49
9866 9865 34
9867 9868 58
172 171 84
227 226 84
226 225 12
225 224 71
224 223 4
405 406 84
406 407 44
407 408 59
408 409 65
409 410 77
841 840 84
840 839 36
839 838 66
983 984 84
984 985 51
985 986 60
986 987 75
987 988 84
988 989 27
989 990 54
770 1006 84
1006 5091 38
5091 5092 40
1006 1005 44
5092 5093 48
5093 5094 24
1006 1007 57
1007 1008 37
1005 1004 70
5094 5095 71
5095 9376 16
1277 1276 84
1551 1552 84
1589 1590 84
1590 1591 56
1591 1592 26
1871 1870 84
1870 1869 53
1869 1868 83
1868 1867 35
2009 2008 84
2008 2007 50
2007 2006 54
2006 2005 51
2056 2057 84
2150 2149 84
2149 2148 75
2148 2147 79
2147 8056 47
2506 2505 84
2945 2946 84
2946 2947 30
2947 2948 54
2995 2994 84
2994 2993 57
3056 3057 84
3057 3058 79
3094 3095 84
3095 3096 52
3455 3454 84
3454 3453 82
3524 3525 84
3525 3526 56
3526 3527 80
3575 3576 84
3576 4512 47
4512 4513 19
3576 3577 55
4513 4514 66
3800 3801 84
3801 3802 82
3802 3803 13
3897 3898 84
3898 3899 80
3899 3900 21
3900 3901 70
4289 4288 84
4437 4438 84
4574 4575 84
7400 4780 84
4780 4781 43
4780 4779 65
4781 4782 67
4782 4783 64
5012 5011 84
5011 5010 45
5010 5009 53
5009 5008 81
5008 5007 47
5007 5006 48
6606 5107 84
5107 5106 34
5106 5105 54
5105 5104 39
5104 5103 4
5103 5102 30
5102 5101 65
5101 5100 51
5107 5108 67
5108 5109 32
5109 4627 33
5108 5853 56
5853 5854 7
5853 5852 30
5100 5099 68
4627 4626 71
4626 4625 19
5734 5364 84
5364 5363 16
5363 5362 20
5362 5361 56
5364 5365 64
5784 5785 84
5785 5786 65
5786 5787 6
5858 5857 84
5857 5856 13
5856 5855 72
6110 6109 84
6109 6108 58
6145 6144 84
6144 6143 78
6143 6142 35
6142 6141 74
6141 6140 71
6460 6459 84
6459 6458 21
6468 6467 84
6546 6547 84
6547 6548 84
6822 6823 84
6823 6824 2
6885 6886 84
6886 6887 24
2677 7287 84
7287 7286 71
7286 7285 56
7285 7455 21
7285 7284 44
7455 7456 44
7456 7457 17
7457 3018 29
3018 1518 10
1518 1519 17
1519 1520 24
7284 7283 47
7283 7282 13
3018 3017 52
3017 3016 46
7282 7281 73
7281 7280 32
7502 7503 84
7503 7504 31
7504 7505 83
7505 7506 60
7506 7507 66
7505 4651 79
7507 7508 79
7508 7509 69
7509 7510 20
7509 6006 45
7510 7511 73
6006 6007 76
7511 7512 84
7512 7513 8
7513 7514 19
7514 7515 80
7515 7516 39
2609 7595 84
7595 7596 41
7596 7597 7
7606 7607 84
7633 7632 84
7674 7673 84
7673 7672 38
7672 7671 29
7671 7670 81
8363 8364 84
8366 8365 84
8659 8658 84
8658 8657 84
8657 8656 35
8726 8725 84
3677 9306 84
9306 9307 33
9307 9308 2
9308 9309 6
9309 9310 10
9306 9305 44
9363 9364 84
9373 9374 84
9374 9375 29
9404 9405 84
9405 9406 9
9569 9568 84
9711 9710 84
9710 9709 5
9950 9949 84
296 297 85
297 298 23
298 299 70
299 300 33
300 301 76
397 396 85
396 395 40
542 543 85
543 544 69
544 545 12
696 695 85
695 694 18
694 693 64
693 692 53
692 691 14
1086 1085 85
1085 1084 34
1084 1083 33
1083 1082 77
1116 1115 85
1115 1114 75
1783 1782 85
1782 1781 7
1967 1966 85
1966 1965 84
1965 1964 48
1964 1963 36
1965 4851 49
2241 2240 85
2461 2460 85
2460 2459 14
2459 2458 65
2458 2457 64
2457 2456 79
2456 2455 77
2456 1268 84
1268 1269 10
1269 1270 32
1268 1267 42
1267 1266 37
1266 1265 7
1265 1264 85
1264 1263 50
1263 1262 7
1262 1261 79
1261 1260 17
1260 1259 81
1259 1258 59
2599 2598 85
2598 2597 41
2597 2596 36
2596 2595 8
2597 3683 78
3683 3684 38
3684 3685 47
3685 3686 16
2820 2819 85
3001 3002 85
3002 3003 59
3003 3004 17
3004 3005 72
3005 3006 51
3018 3019 85
3019 3020 55
3020 1610 50
1610 1609 15
1610 1611 80
1611 1612 66
3152 3151 85
1843 3356 85
3356 3355 54
3355 3354 85
3354 3353 63
3773 3772 85
3772 3771 6
5059 5060 85
5060 1990 54
1990 1991 21
1990 1989 48
1991 1992 61
1992 1993 13
1993 1994 44
1994 1995 6
1995 1996 50
1996 1997 53
1989 1988 71
1988 1987 69
5060 5061 82
5061 5062 14
5062 5063 24
5063 5064 6
5064 5065 35
5065 5066 47
5066 5067 37
5067 5068 38
5068 5069 4
5325 5326 85
5409 5408 85
5473 5474 85
5547 5548 85
5704 5705 85
5705 5706 31
5706 5707 35
5707 5708 20
5708 5709 60
6022 6023 85
6023 6024 6
6023 5998 84
5998 5999 47
6263 6262 85
6262 6261 72
6261 6260 81
6260 6259 23
6285 6286 85
6286 6287 5
6287 6288 11
6288 3061 28
3061 3060 18
3060 3059 16
6288 6289 48
3061 3062 50
3062 3063 35
3063 3064 58
6289 6290 63
6666 6667 85
6667 6668 46
6997 6998 85
6998 6999 79
7349 7348 85
7348 759 77
759 760 16
760 761 43
761 762 25
7430 7429 85
7429 7428 54
7428 7427 26
7427 7426 31
7570 7569 85
7569 7568 22
7568 7567 63
7607 7608 85
7730 7731 85
8450 8451 85
8988 8987 85
8987 8986 26
9620 9619 85
9619 9618 2
157 158 86
301 302 86
302 303 41
303 304 18
478 479 86
479 480 82
480 481 79
545 546 86
793 794 86
1181 1180 86
1479 1480 86
1630 1629 86
1911 1912 86
1912 1913 37
1913 1914 83
1914 525 4
1914 1915 41
1915 1916 18
1916 1917 19
1917 1918 53
1918 1919 55
1919 1920 56
1920 1921 49
1921 1922 73
1922 1923 24
1999 1998 86
2013 2014 86
2024 2023 86
2023 2022 54
2022 2021 3
2547 2546 86
2546 2545 3
3213 3214 86
3214 3215 66
3215 3216 66
3216 3217 1
3216 4652 55
3522 3523 86
3823 3822 86
3836 3835 86
3880 3881 86
3881 3882 54
3882 3883 40
3883 3884 48
3884 3885 68
4625 4624 86
4624 4623 71
4649 4650 86
4652 4653 86
4653 4654 33
4654 4655 54
4655 4656 12
4656 4657 65
4657 4658 50
4712 4713 86
4713 4714 63
4774 4773 86
4901 4900 86
5079 5078 86
5078 5077 85
5077 5076 75
5116 5115 86
5294 5293 86
5293 5773 4
5773 5772 53
5772 5771 30
5771 5770 12
5773 5774 68
5774 5775 4
5770 5769 69
5668 5667 86
5667 5666 84
6687 6688 86
6688 6689 62
6689 6690 77
6690 6691 76
6691 6692 15
6814 6813 86
6813 6812 14
6812 6811 33
6811 6810 37
6810 6809 75
6809 6808 85
6808 6807 57
6807 6806 21
6806 6805 61
6828 6827 86
6827 6826 7
6826 6825 80
7386 7387 86
7387 7388 46
7443 7442 86
7442 7441 72
7481 7482 86
7482 7483 66
7483 7484 75
7484 7485 52
7485 7486 4
7486 7487 47
7610 7609 86
7632 7631 86
7631 7630 74
8061 8062 86
8062 8063 39
8063 8064 57
8064 8065 22
8100 8101 86
8101 8102 31
8110 8109 86
8109 8108 69
8108 8107 39
8107 8106 2
8110 8111 86
8111 8214 57
8214 8213 56
8213 8212 86
8212 8211 68
8211 8210 70
8210 8209 33
8209 8208 11
8210 182 44
182 181 63
182 183 63
183 184 44
184 185 13
8516 8517 86
8517 8518 11
8791 8790 86
8790 8789 7
8789 8788 46
8788 8787 22
9080 9079 86
9549 9550 86
9550 9551 21
9551 9552 61
9552 9553 84
38 39 87
532 531 87
736 737 87
737 738 87
738 739 37
739 740 73
740 741 42
1017 1016 87
1103 1102 87
1102 1101 70
1128 1129 87
1129 1130 77
1130 1131 58
1131 1132 15
1132 1133 79
1586 1585 87
1585 1584 70
1584 1583 2
1623 1624 87
1831 1832 87
2016 2015 87
2867 2868 87
2868 2869 65
2977 2976 87
2976 2975 24
9706 3146 87
3146 3147 61
3146 3145 82
3145 3144 35
3147 3148 87
3148 3149 57
3149 3150 24
3228 3229 87
3229 3230 50
3230 3231 77
3231 3232 54
3232 3233 37
3233 3234 43
3234 3235 26
3235 3236 82
3236 3237 18
3700 3701 87
3701 3131 27
3131 3130 43
3131 3132 64
3130 3129 76
3129 3128 85
3128 3127 7
3127 3126 65
3126 3125 55
3830 3831 87
3831 4841 3
4841 4840 14
4840 4839 67
4125 4126 87
4126 4127 10
4127 4128 72
4128 4129 15
4129 4130 13
4130 4131 55
4131 4132 6
4512 4511 87
4511 4510 20
4510 4509 31
4509 4508 1
4680 4681 87
4681 4682 40
4682 4683 28
4683 4684 4
4684 4685 84
4685 4686 81
4686 4687 79
4737 4736 87
4736 4735 9
4885 4886 87
4949 4948 87
5115 5114 87
5209 5210 87
5210 5211 81
5211 5212 43
2666 5355 87
5355 5356 65
5356 5357 61
5357 5358 39
5358 5359 30
5359 5360 44
5374 5373 87
5597 5598 87
5598 5599 63
5599 5600 67
5600 5601 57
5958 5957 87
5957 5956 72
5956 5955 51
6032 6033 87
6033 6034 69
6124 6123 87
6123 6122 60
6122 6121 20
6121 6120 8
6120 6119 21
6190 6191 87
6787 6788 87
6913 6912 87
6912 6911 11
7295 7296 87
7296 7297 31
7452 7451 87
7451 7450 46
7674 7675 87
7675 7676 66
7755 7756 87
7756 7757 13
7757 7758 75
7758 7759 31
7759 7760 29
7760 7761 57
7941 7942 87
7942 7943 31
7943 7944 40
7944 7945 18
7945 7946 79
9242 9241 87
9559 9558 87
9558 9557 65
9557 9556 1
9634 9633 87
9633 9632 15
9632 9631 36
9631 9630 18
9630 9629 48
9629 9628 84
9721 9720 87
9895 9894 87
191 190 88
206 207 88
453 454 88
454 455 75
455 456 52
456 457 23
457 458 62
458 459 67
531 530 88
530 529 50
529 528 30
528 527 15
527 526 62
652 653 88
653 654 3
654 655 30
655 656 50
656 657 50
657 658 28
958 959 88
959 960 24
960 961 11
1082 1081 88
1081 1080 65
1080 1079 39
1079 1078 21
1079 2496 50
2496 2497 20
2497 2498 16
2498 2499 62
2499 2500 20
2500 2501 77
2501 2502 3
2502 2503 76
2503 2504 54
1114 1113 88
1113 1112 69
1377 1378 88
1378 1379 66
1440 1441 88
1441 1442 64
1480 1481 88
1874 1875 88
1875 1876 60
1923 1924 88
2097 2096 88
2226 2225 88
2225 2224 34
2224 2223 1
2223 2222 29
2225 3602 63
3602 3603 6
3603 3604 30
900 2255 88
2255 2256 45
2255 2254 71
1208 2332 88
2332 2331 81
2516 2517 88
2930 2931 88
3766 3767 88
3767 3768 36
3979 3978 88
3978 3977 72
4080 4081 88
4081 4082 45
4389 4390 88
4390 4391 63
4422 4421 88
4660 4661 88
4661 4662 15
4662 4663 68
4663 4664 70
4664 4665 23
4665 4666 44
5111 5110 88
5295 5296 88
5502 5503 88
5503 5504 82
5504 5505 80
5505 5506 27
5506 5507 75
5507 5508 69
5508 5509 46
5509 5510 11
5520 5519 88
5519 5518 63
5845 5846 88
5846 5847 78
5847 5848 33
5852 5851 88
5851 5850 20
5850 5849 2
6026 6025 88
6306 6307 88
6307 6308 35
6308 6309 31
6309 6310 38
6310 6311 24
6310 8631 74
8631 8630 26
8630 8629 49
8629 8628 30
6937 6938 88
6938 6939 84
6939 6940 84
7140 7139 88
7139 7138 85
7138 7137 59
7137 7136 62
7136 7135 28
7135 7134 53
7189 7190 88
5939 7306 88
7306 7307 74
7307 7308 45
7308 7309 50
7309 7310 48
7543 7542 88
7542 7541 63
7795 7796 88
7796 7797 80
7797 7798 28
8045 8044 88
8843 8842 88
9285 9284 88
7240 9525 88
9525 9526 11
9526 9527 30
9527 9528 24
9525 9524 44
9524 9523 51
9574 9575 88
9865 9864 88
9964 9965 88
9965 9966 71
9966 9967 40
9967 9968 8
78 77 89
77 76 59
87 88 89
88 89 60
89 90 49
347 346 89
519 520 89
520 521 6
521 522 30
522 523 53
523 524 37
591 590 89
590 589 19
864 865 89
865 866 9
1235 1234 89
1420 1419 89
1419 1418 43
1924 1925 89
1925 1926 61
1926 6570 5
1926 1927 39
6570 6571 44
6570 6569 55
1963 1962 89
1962 1961 67
2251 2252 89
2252 2253 57
2771 2772 89
2772 2773 11
2795 2796 89
3008 3007 89
3115 3116 89
3116 7131 54
7131 7130 34
7131 7132 39
7132 7133 21
3116 3117 58
3117 3118 47
3118 3119 33
3119 3120 57
3120 3121 24
7130 7129 60
3121 3122 78
3167 3166 89
3166 3165 47
3219 3218 89
3457 3458 89
3458 3459 67
3459 3460 79
3460 3461 43
3461 3462 24
3462 3463 87
3463 3464 41
3463 9834 66
9834 9833 85
9833 9832 73
9832 6495 65
6495 6496 49
6496 6497 11
3464 3465 88
9834 9835 88
3741 3740 89
4215 4216 89
4258 4257 89
4293 4294 89
4294 4295 22
4295 4296 60
4296 4297 56
4297 4298 80
4812 4813 89
4813 4814 82
4814 4815 56
4825 4824 89
4837 4836 89
5401 5402 89
5402 5403 11
5403 5404 37
5404 5405 20
5601 5602 89
5602 5603 64
5603 5604 44
5604 5605 67
5605 5606 60
5606 5607 23
5666 5665 89
5665 5664 6
5664 5663 36
1859 5940 89
5940 5941 74
5941 5942 70
5942 5943 59
5943 5944 14
5944 5945 7
5945 5946 34
5946 5947 74
5947 5948 58
5948 5949 82
5949 5950 71
5950 5951 12
5951 5952 5
5952 5953 73
5953 5954 69
6011 6010 89
6010 6009 65
6009 6008 32
6078 6079 89
6218 6217 89
6217 6216 76
5471 6465 89
6465 6466 52
6465 6464 87
6464 6463 65
6611 6610 89
6610 6609 25
6609 6608 31
6608 6607 16
7055 7056 89
7305 7304 89
7304 7303 23
7303 7302 1
7302 7301 48
7301 7300 55
7300 7299 27
7299 7298 83
7426 7425 89
7425 7424 4
7653 7652 89
7652 7651 65
7651 7650 73
7881 7880 89
7951 7952 89
8089 8088 89
8088 8087 36
8087 8086 2
8086 8085 53
8085 8084 57
8102 8103 89
8103 8104 52
8103 3868 83
3868 3867 79
3867 3866 81
8104 8105 86
3515 8284 89
8284 8283 34
8283 8282 63
8282 8281 1
8281 8280 85
8325 8326 89
8350 8351 89
8511 8510 89
8691 8692 89
8692 8693 62
8693 8694 47
8694 8695 21
8695 8696 9
8696 8697 15
8697 8698 22
8698 8699 35
8754 8753 89
8753 8752 89
8752 8751 4
8751 8750 78
8844 8845 89
9885 9884 89
9884 9883 48
6427 144 90
144 143 19
143 142 32
142 141 50
141 140 56
144 145 65
145 146 9
140 139 87
139 138 84
138 137 60
223 222 90
222 221 37
221 220 32
469 468 90
468 467 7
467 466 81
1048 1047 90
1070 1071 90
1071 1072 10
1446 1445 90
1754 1753 90
1802 1803 90
1803 1804 13
1896 1897 90
1897 1898 21
1898 1899 47
1904 1903 90
1903 1902 2
1902 1901 58
1901 1900 4
2815 2816 90
3125 3124 90
3124 3123 50
4704 3138 90
3138 3137 64
3138 3139 65
3137 3136 79
3136 3135 58
3135 3134 39
3134 3133 7
3139 3140 86
3140 3141 24
3141 3142 53
3237 3238 90
3399 3398 90
3740 3739 90
3739 3738 80
3738 3737 24
3737 3736 21
3736 3735 7
4134 4133 90
4373 4372 90
1964 4410 90
4410 4409 43
4409 4408 42
4408 4407 70
4407 4406 48
4410 4411 90
4411 4412 80
4630 4629 90
4716 4715 90
4891 4892 90
4892 4893 35
4893 4894 69
4894 4895 38
4977 4978 90
5202 5201 90
5201 5200 79
5995 5996 90
5996 5997 4
6254 6253 90
6253 6252 67
6252 6251 8
6323 6322 90
6322 6321 15
6321 6320 34
6320 6319 22
6319 6318 8
6318 6317 71
6317 6316 90
6491 6492 90
6492 6493 87
6964 6965 90
6965 6966 66
7108 7526 90
8167 8166 90
8166 8165 44
8286 8287 90
8287 8288 18
8288 8289 1
8289 8290 14
8540 8539 90
8539 8538 49
8538 8537 48
8671 8672 90
8672 8673 13
8838 8839 90
8839 8840 64
8840 8841 25
9097 9098 90
9106 9107 90
9107 9108 30
9158 9157 90
9157 9156 72
9156 9155 32
9155 9154 59
9343 9344 90
9590 9591 90
9591 9592 29
9592 9593 68
9593 9594 55
9892 9893 90
9958 9957 90
9957 9956 20
9956 9955 27
9955 9954 41
963 962 91
1034 1035 91
1035 1036 70
1036 1037 15
1037 1038 14
1245 1244 91
1244 1243 51
1243 1242 17
1242 1241 59
1241 1240 1
1455 1456 91
1456 1457 79
1457 1458 4
1458 1459 24
1459 1460 79
1460 1461 45
1581 1582 91
1956 1957 91
1957 1958 70
1958 1959 20
1959 1960 68
2108 2109 91
2109 2110 40
2123 2124 91
2627 2628 91
2628 2629 61
2654 2653 91
2653 2652 62
2652 2651 40
2651 2650 16
2650 2649 71
2649 2648 31
3144 3143 91
3289 3290 91
3465 3466 91
3466 3467 88
3467 3468 19
3606 3607 91
3607 3608 69
4208 4207 91
4207 4206 16
4206 4205 78
4267 4268 91
4424 4425 91
4425 4426 38
4441 4440 91
4440 4439 30
4612 4613 91
4613 4614 80
4614 4615 88
4728 4727 91
4727 4726 78
4791 4790 91
4532 5571 91
5836 5837 91
5837 5838 71
6293 6292 91
6771 6772 91
6772 6773 89
6854 6855 91
7372 7373 91
7457 7458 91
7458 7459 81
7459 7460 55
7988 7989 91
7989 7990 46
7990 7991 75
8022 8023 91
9344 9345 91
9553 9554 91
9554 9555 21
466 465 92
465 464 39
464 463 2
463 462 21
850 849 92
849 848 23
1294 1293 92
1293 1292 25
1292 1291 74
1291 1290 42
1290 1289 25
1289 1288 12
1288 1287 8
2313 2312 92
2312 2311 71
2311 2310 86
2351 2350 92
2855 2856 92
2856 2857 53
2857 2858 48
3814 3815 92
3815 3816 80
3816 3817 64
4693 4694 92
4694 4695 42
4773 4772 92
5367 5366 92
5405 5406 92
5799 5800 92
5800 5801 59
5800 7918 61
7918 7919 40
5801 5802 71
5802 5803 41
5803 5804 68
5928 5927 92
5927 5926 82
5926 5925 47
5925 5924 38
5924 5923 83
6203 6202 92
6202 6201 60
6201 6200 12
6200 6199 41
6199 6198 49
6198 6197 64
6197 6196 42
6196 6195 14
6195 6194 8
6194 6193 45
6193 6192 69
6382 6381 92
6381 6380 21
6380 7361 84
7361 7362 40
7361 7360 91
7360 7359 90
6511 6510 92
6510 6509 16
6509 6508 29
6527 6528 92
6740 6741 92
6741 6742 2
6742 6743 53
6743 6744 39
6959 6960 92
6960 6961 30
7160 7159 92
7159 7158 56
7180 7181 92
7321 7320 92
7320 7319 55
7319 7318 55
7318 7317 32
7957 7958 92
7958 7959 67
7959 7960 63
7960 7961 3
8266 8265 92
8265 8264 41
9736 9735 92
9735 9734 71
9734 9733 77
9794 9793 92
9793 9792 23
9792 9791 43
9791 9790 76
9790 9789 14
9789 9788 64
9788 9787 27
259 258 93
258 257 67
257 256 66
256 255 85
501 500 93
500 499 80
611 610 93
610 609 82
609 608 66
608 607 17
607 606 56
848 847 93
847 846 61
990 991 93
1038 1039 93
1039 1040 79
1040 1041 93
1481 1482 93
1482 1483 88
1483 1484 69
1484 1485 58
3696 2638 93
2638 2639 78
699 2810 93
2810 2809 20
2809 2808 2
2808 2807 62
2807 2806 75
3473 3472 93
3472 3471 45
3471 3470 32
3470 3469 27
3820 3819 93
3871 3870 93
3870 3869 93
4577 4578 93
4578 4579 59
4619 4618 93
4618 4617 44
4783 4784 93
4784 4785 64
4785 4786 44
4824 4823 93
4823 4822 8
4822 4821 30
4821 4820 63
4820 4819 67
4819 4818 30
4818 4817 27
4817 4816 81
5571 5572 93
5572 5573 15
5573 5574 17
5574 5575 82
5575 5576 81
5576 5577 63
5577 5578 1
5578 5579 70
5579 5580 47
5580 5581 89
5581 5582 30
5582 5583 61
5583 5584 50
5584 5585 66
5585 5586 69
6642 6643 93
6643 6644 92
6644 6645 28
6645 6646 14
6646 6647 51
6647 6648 53
6648 6649 79
6694 6695 93
6695 6696 6
6696 6697 60
6697 6698 1
7024 7025 93
7025 7026 88
7026 7027 90
7027 7028 63
7028 7029 7
7029 7030 79
7030 7031 36
7353 7354 93
7354 7355 8
7355 7356 61
8248 8249 93
8249 8250 61
8250 8251 88
9061 9060 93
9060 9059 8
9112 9111 93
9111 9110 55
9110 9109 12
9302 9303 93
9303 9304 87
9705 9704 93
9704 9703 12
9703 9702 58
9702 9701 37
9701 9700 5
9700 9699 22
9699 9698 83
9781 9780 93
9780 9779 56
462 461 94
461 460 35
702 703 94
703 704 59
704 705 14
705 706 78
706 707 71
707 708 58
708 709 70
1564 1563 94
1563 1562 3
1562 1561 41
1561 1560 74
2049 2048 94
2193 2192 94
2780 2779 94
2779 2778 81
2778 2777 69
2777 2776 28
2776 2775 45
2775 2774 84
2774 8273 22
8273 8272 63
8272 8271 72
8273 8274 85
8274 8275 87
8275 8276 71
8276 8277 40
8277 8278 6
2861 2860 94
2860 2859 60
3639 3638 94
3769 3770 94
4043 4044 94
4372 4371 94
4658 4659 94
4834 4835 94
4981 4980 94
4980 4979 27
5019 5018 94
5018 5017 46
5419 5420 94
5420 5421 72
5421 5422 69
5422 5423 65
6397 6398 94
6587 6588 94
6588 6589 18
6589 6590 1
6590 6591 9
7630 7629 94
7629 7628 50
7628 7627 43
7627 7626 90
7626 7625 10
7625 7624 90
7624 7623 74
7623 7622 1
7622 7621 25
7656 7657 94
7657 7658 23
7658 7659 4
7659 7660 55
7660 7661 46
7661 7662 36
7662 7663 79
7663 7664 89
7664 7665 74
7665 7666 29
7694 7693 94
7966 7967 94
8603 8602 94
8602 8601 90
8601 8600 16
8600 8599 74
8599 8598 40
9248 9249 94
9249 9250 35
9250 9251 9
9251 9252 3
9656 9657 94
9657 9658 30
9658 9659 59
9659 9660 70
9747 9748 94
9748 9749 28
9749 9750 46
9750 9751 18
41 40 95
1569 1568 95
1612 1613 95
1613 1614 38
1614 1615 11
1659 1660 95
2060 2059 95
2059 2058 67
2350 2349 95
2593 2594 95
3382 3383 95
3383 3384 90
3384 3385 8
3387 3386 95
3819 3818 95
3945 3944 95
3944 3943 91
3943 3942 45
4772 4771 95
4771 4770 61
4770 4769 65
4769 4768 83
5129 5128 95
5128 5127 19
5127 5126 44
6225 6226 95
6704 6705 95
6705 6706 72
7733 7732 95
7775 7776 95
7798 7799 95
7799 7800 78
7800 7801 35
7801 7802 12
7918 7917 95
7923 7922 95
7922 7921 55
7921 7920 86
7991 7992 95
7992 7993 12
7993 7994 55
7994 7995 72
7995 7996 43
7996 7997 9
7997 7998 43
7996 5749 51
5749 5748 10
5749 5750 49
5748 5747 77
5747 5746 90
5746 5745 37
5745 5744 47
5744 5743 2
8255 8254 95
8254 8253 13
8253 8252 80
9136 9137 95
9137 9138 48
9138 9139 4
9139 9140 64
9140 9141 3
9141 9142 1
9142 9143 18
9143 9144 47
9144 9145 43
9145 9146 22
9146 9147 42
9147 9148 15
9148 9149 89
9149 9150 52
9150 9151 69
9331 9332 95
255 254 96
254 253 48
253 252 44
252 251 10
395 394 96
394 393 46
393 392 43
392 391 52
391 390 58
390 389 42
1028 1027 96
1027 1026 39
1026 1025 7
2229 2228 96
2939 2938 96
3290 3291 96
3291 3292 3
3292 3293 56
4014 4015 96
4015 4016 11
4112 4111 96
4111 4110 24
4110 4109 32
4109 4108 90
4108 4107 32
5709 5710 96
5710 5711 82
6437 6438 96
6438 6439 17
6439 6440 72
6929 6930 96
6930 6931 15
6931 6932 93
7031 7032 96
7405 7406 96
7406 7407 77
7407 7408 19
7408 7409 43
7409 7410 87
7410 7411 32
7411 7412 88
7412 7413 77
7413 7414 88
7414 7415 75
7415 7416 83
7416 7417 85
7417 7418 27
7418 7419 93
7450 7449 96
8233 8232 96
8232 8231 47
8231 8230 28
9628 9627 96
9971 9972 96
9972 9973 56
9973 9974 37
9974 9975 86
117 118 97
118 119 57
168 167 97
167 166 94
166 165 96
165 164 26
164 163 69
163 162 23
162 161 67
161 160 59
160 159 74
2043 2044 97
2044 2045 1
2045 2046 29
2046 2047 29
2192 2191 97
2191 2190 35
2190 2189 82
2189 2188 35
2188 2187 29
2187 2186 95
2186 2185 81
2185 2184 28
2184 2183 11
2183 2182 86
2182 2181 16
2181 2180 78
2180 2179 48
2179 2178 89
2178 2177 1
4143 4144 97
4144 4145 42
4145 4146 65
4152 4151 97
4151 4150 36
4150 4149 59
4149 4148 87
4148 4147 94
4406 4405 97
4405 4404 61
4431 4430 97
4430 4429 35
4429 4428 78
4428 4427 3
5423 5424 97
6657 6656 97
8673 8674 97
8674 8675 77
8675 8676 31
8676 8677 32
8677 8678 21
8678 8679 54
8740 8739 97
9802 9803 97
2942 2941 98
3939 3938 98
4447 4448 98
5589 5588 98
5588 5587 64
6533 6532 98
6532 6531 29
6531 6530 31
6530 6529 49
8280 8279 98
8818 8819 98
8819 8820 95
9438 9437 98
1876 1877 99
1877 1878 22
1878 1879 10
3103 3104 99
3104 3105 89
3105 3106 66
3106 3107 13
4617 4616 99
6174 6175 99
8710 8711 100
8711 8712 88
8712 8713 35
9151 9152 100
9152 9153 64

Total MST weight: 432637

Execution time: 207.013 ms
