Algorithm: Greedy Vertex Coloring
Vertex colors:
0 0
1 0
2 0
3 3
4 1
5 0
6 4
7 0
8 0
9 1
10 2
11 3
12 2
13 0
14 0
15 0
16 0
17 5
18 0
19 0
20 0
21 3
22 3
23 1
24 0
25 2
26 2
27 1
28 0
29 2
30 3
31 2
32 2
33 1
34 3
35 3
36 4
37 0
38 1
39 4
40 3
41 4
42 3
43 3
44 2
45 4
46 1
47 0
48 2
49 4
50 0
51 2
52 5
53 2
54 2
55 3
56 0
57 1
58 0
59 4
60 1
61 1
62 1
63 1
64 3
65 2
66 2
67 4
68 4
69 0
70 0
71 2
72 2
73 3
74 0
75 4
76 1
77 0
78 2
79 1
80 1
81 2
82 1
83 2
84 0
85 0
86 0
87 0
88 1
89 2
90 1
91 2
92 1
93 4
94 1
95 4
96 0
97 0
98 3
99 2
100 3
101 2
102 1
103 2
104 2
105 2
106 1
107 3
108 5
109 3
110 0
111 2
112 0
113 1
114 6
115 5
116 1
117 4
118 1
119 2
120 1
121 5
122 3
123 3
124 1
125 1
126 0
127 0
128 0
129 1
130 2
131 1
132 3
133 1
134 3
135 1
136 1
137 3
138 5
139 3
140 2
141 5
142 3
143 0
144 5
145 1
146 5
147 2
148 1
149 0
150 2
151 1
152 2
153 1
154 4
155 0
156 2
157 4
158 5
159 4
160 1
161 3
162 0
163 0
164 4
165 5
166 1
167 0
168 1
169 1
170 3
171 3
172 3
173 0
174 3
175 2
176 3
177 4
178 0
179 3
180 3
181 0
182 5
183 0
184 2
185 2
186 1
187 3
188 4
189 1
190 2
191 2
192 1
193 0
194 5
195 4
196 0
197 0
198 3
199 0
200 3
201 1
202 3
203 3
204 1
205 1
206 4
207 1
208 2
209 3
210 0
211 4
212 4
213 2
214 3
215 0
216 4
217 3
218 3
219 4
220 5
221 1
222 2
223 0
224 2
225 1
226 2
227 2
228 0
229 0
230 3
231 2
232 3
233 4
234 1
235 1
236 2
237 2
238 2
239 4
240 2
241 0
242 1
243 1
244 2
245 4
246 4
247 5
248 3
249 4
250 1
251 0
252 1
253 5
254 1
255 1
256 0
257 0
258 4
259 0
260 2
261 3
262 3
263 4
264 3
265 0
266 1
267 3
268 5
269 0
270 0
271 4
272 1
273 1
274 0
275 1
276 2
277 3
278 1
279 3
280 2
281 4
282 4
283 2
284 2
285 0
286 0
287 0
288 1
289 0
290 3
291 1
292 2
293 0
294 1
295 2
296 1
297 1
298 0
299 1
300 1
301 0
302 1
303 0
304 0
305 2
306 3
307 1
308 0
309 2
310 2
311 1
312 2
313 4
314 2
315 2
316 4
317 2
318 3
319 4
320 2
321 4
322 2
323 0
324 2
325 3
326 4
327 4
328 0
329 2
330 2
331 1
332 1
333 1
334 3
335 0
336 2
337 2
338 1
339 1
340 4
341 1
342 0
343 3
344 2
345 1
346 4
347 2
348 1
349 2
350 1
351 0
352 2
353 4
354 1
355 3
356 2
357 2
358 3
359 2
360 3
361 0
362 3
363 3
364 2
365 4
366 2
367 2
368 2
369 3
370 0
371 3
372 2
373 2
374 2
375 0
376 0
377 3
378 2
379 3
380 2
381 1
382 3
383 1
384 3
385 2
386 1
387 3
388 1
389 0
390 5
391 1
392 0
393 1
394 1
395 1
396 2
397 2
398 1
399 1
400 0
401 2
402 3
403 2
404 3
405 4
406 2
407 2
408 0
409 0
410 0
411 0
412 2
413 2
414 3
415 4
416 1
417 3
418 0
419 2
420 2
421 2
422 3
423 3
424 4
425 1
426 4
427 0
428 3
429 0
430 1
431 0
432 3
433 2
434 0
435 0
436 0
437 2
438 2
439 1
440 0
441 0
442 3
443 3
444 3
445 3
446 2
447 4
448 5
449 4
450 1
451 1
452 1
453 3
454 1
455 0
456 4
457 3
458 2
459 0
460 2
461 3
462 2
463 1
464 2
465 3
466 3
467 1
468 2
469 3
470 1
471 3
472 3
473 3
474 2
475 0
476 3
477 1
478 3
479 2
480 4
481 0
482 3
483 5
484 4
485 3
486 3
487 0
488 4
489 5
490 3
491 3
492 0
493 2
494 1
495 1
496 0
497 2
498 1
499 2
500 3
501 4
502 0
503 2
504 0
505 2
506 3
507 1
508 1
509 2
510 3
511 0
512 1
513 2
514 0
515 3
516 2
517 3
518 3
519 1
520 0
521 0
522 4
523 3
524 3
525 0
526 0
527 1
528 1
529 5
530 2
531 4
532 1
533 0
534 0
535 1
536 4
537 1
538 3
539 2
540 1
541 5
542 1
543 4
544 3
545 0
546 2
547 2
548 0
549 5
550 2
551 1
552 1
553 2
554 0
555 2
556 0
557 0
558 3
559 0
560 2
561 1
562 3
563 0
564 1
565 0
566 3
567 0
568 0
569 2
570 2
571 2
572 3
573 4
574 1
575 5
576 4
577 0
578 2
579 4
580 4
581 4
582 2
583 1
584 0
585 0
586 4
587 3
588 0
589 4
590 2
591 0
592 3
593 3
594 3
595 1
596 4
597 1
598 1
599 4
600 0
601 0
602 1
603 3
604 2
605 4
606 2
607 4
608 0
609 4
610 3
611 0
612 3
613 1
614 3
615 4
616 3
617 3
618 1
619 0
620 3
621 3
622 0
623 2
624 4
625 1
626 4
627 3
628 0
629 1
630 0
631 5
632 2
633 1
634 1
635 1
636 4
637 3
638 0
639 5
640 4
641 0
642 0
643 2
644 3
645 0
646 0
647 2
648 3
649 0
650 1
651 3
652 0
653 2
654 0
655 3
656 0
657 1
658 3
659 0
660 1
661 3
662 5
663 5
664 2
665 2
666 0
667 3
668 1
669 0
670 1
671 1
672 5
673 0
674 1
675 0
676 1
677 0
678 1
679 2
680 1
681 3
682 3
683 0
684 2
685 5
686 4
687 3
688 0
689 4
690 2
691 2
692 1
693 2
694 2
695 2
696 2
697 3
698 1
699 0
700 3
701 1
702 3
703 3
704 1
705 1
706 0
707 0
708 0
709 0
710 0
711 2
712 0
713 4
714 4
715 0
716 3
717 3
718 4
719 0
720 3
721 0
722 0
723 3
724 0
725 4
726 1
727 1
728 3
729 4
730 2
731 2
732 2
733 4
734 3
735 0
736 0
737 0
738 1
739 0
740 3
741 5
742 0
743 0
744 1
745 1
746 1
747 3
748 1
749 0
750 2
751 2
752 3
753 0
754 0
755 2
756 0
757 1
758 0
759 3
760 3
761 2
762 1
763 1
764 1
765 1
766 2
767 2
768 4
769 2
770 1
771 2
772 1
773 4
774 0
775 3
776 0
777 3
778 2
779 1
780 1
781 3
782 1
783 1
784 3
785 4
786 1
787 0
788 0
789 3
790 2
791 2
792 2
793 4
794 1
795 2
796 1
797 1
798 5
799 4
800 2
801 1
802 0
803 2
804 0
805 0
806 3
807 2
808 1
809 0
810 2
811 0
812 1
813 3
814 1
815 0
816 2
817 2
818 2
819 4
820 2
821 3
822 3
823 1
824 2
825 0
826 3
827 1
828 3
829 3
830 4
831 1
832 4
833 2
834 3
835 2
836 0
837 4
838 1
839 3
840 2
841 1
842 0
843 2
844 2
845 2
846 2
847 1
848 0
849 3
850 0
851 2
852 3
853 3
854 3
855 4
856 1
857 0
858 1
859 4
860 3
861 0
862 2
863 0
864 1
865 2
866 3
867 4
868 2
869 4
870 0
871 2
872 3
873 0
874 3
875 0
876 1
877 2
878 4
879 3
880 4
881 1
882 0
883 4
884 0
885 4
886 4
887 2
888 5
889 1
890 2
891 4
892 3
893 1
894 2
895 2
896 0
897 0
898 1
899 4
900 1
901 1
902 0
903 0
904 0
905 1
906 0
907 5
908 2
909 0
910 3
911 3
912 4
913 2
914 1
915 1
916 5
917 4
918 1
919 1
920 2
921 3
922 0
923 2
924 1
925 2
926 4
927 2
928 1
929 1
930 1
931 2
932 2
933 0
934 1
935 6
936 4
937 1
938 2
939 1
940 5
941 3
942 2
943 1
944 3
945 2
946 5
947 1
948 3
949 0
950 4
951 0
952 0
953 1
954 0
955 1
956 3
957 3
958 1
959 2
960 1
961 4
962 0
963 3
964 3
965 4
966 0
967 4
968 3
969 3
970 2
971 2
972 0
973 0
974 3
975 2
976 3
977 2
978 2
979 3
980 3
981 3
982 2
983 1
984 3
985 1
986 3
987 1
988 0
989 1
990 1
991 0
992 2
993 1
994 3
995 0
996 3
997 2
998 1
999 1
1000 0
1001 4
1002 1
1003 3
1004 0
1005 4
1006 5
1007 1
1008 2
1009 2
1010 2
1011 3
1012 4
1013 1
1014 5
1015 0
1016 3
1017 3
1018 1
1019 0
1020 1
1021 0
1022 1
1023 4
1024 4
1025 3
1026 1
1027 0
1028 2
1029 3
1030 3
1031 2
1032 3
1033 2
1034 4
1035 5
1036 4
1037 1
1038 3
1039 0
1040 4
1041 1
1042 4
1043 4
1044 1
1045 1
1046 0
1047 5
1048 0
1049 5
1050 0
1051 4
1052 2
1053 0
1054 2
1055 2
1056 1
1057 4
1058 1
1059 0
1060 4
1061 1
1062 3
1063 1
1064 1
1065 2
1066 3
1067 2
1068 2
1069 3
1070 0
1071 1
1072 2
1073 2
1074 0
1075 3
1076 4
1077 3
1078 0
1079 0
1080 1
1081 4
1082 1
1083 0
1084 1
1085 1
1086 2
1087 2
1088 2
1089 5
1090 1
1091 4
1092 5
1093 1
1094 4
1095 3
1096 1
1097 2
1098 4
1099 1
1100 3
1101 0
1102 3
1103 3
1104 4
1105 1
1106 4
1107 1
1108 3
1109 2
1110 2
1111 5
1112 4
1113 0
1114 2
1115 1
1116 3
1117 0
1118 0
1119 4
1120 2
1121 5
1122 3
1123 4
1124 3
1125 1
1126 3
1127 3
1128 4
1129 3
1130 5
1131 0
1132 2
1133 3
1134 3
1135 2
1136 4
1137 3
1138 0
1139 2
1140 3
1141 4
1142 3
1143 2
1144 3
1145 2
1146 2
1147 1
1148 2
1149 2
1150 0
1151 3
1152 0
1153 1
1154 2
1155 0
1156 0
1157 0
1158 1
1159 0
1160 3
1161 0
1162 4
1163 3
1164 0
1165 5
1166 1
1167 0
1168 0
1169 4
1170 0
1171 0
1172 0
1173 1
1174 1
1175 2
1176 4
1177 0
1178 0
1179 2
1180 1
1181 1
1182 2
1183 0
1184 1
1185 1
1186 2
1187 0
1188 2
1189 2
1190 3
1191 0
1192 4
1193 1
1194 3
1195 4
1196 3
1197 4
1198 0
1199 1
1200 5
1201 0
1202 3
1203 3
1204 3
1205 3
1206 2
1207 5
1208 4
1209 0
1210 1
1211 0
1212 2
1213 3
1214 5
1215 2
1216 5
1217 0
1218 3
1219 2
1220 4
1221 0
1222 4
1223 1
1224 1
1225 3
1226 0
1227 1
1228 0
1229 0
1230 2
1231 2
1232 1
1233 1
1234 1
1235 0
1236 0
1237 2
1238 2
1239 3
1240 0
1241 4
1242 4
1243 0
1244 0
1245 3
1246 2
1247 3
1248 1
1249 2
1250 3
1251 4
1252 0
1253 0
1254 0
1255 2
1256 1
1257 2
1258 4
1259 0
1260 1
1261 1
1262 0
1263 2
1264 1
1265 3
1266 3
1267 2
1268 1
1269 1
1270 0
1271 5
1272 3
1273 0
1274 1
1275 2
1276 4
1277 4
1278 2
1279 1
1280 1
1281 0
1282 2
1283 0
1284 2
1285 3
1286 4
1287 2
1288 2
1289 5
1290 0
1291 0
1292 0
1293 2
1294 3
1295 2
1296 1
1297 0
1298 4
1299 2
1300 3
1301 3
1302 3
1303 2
1304 0
1305 0
1306 0
1307 2
1308 2
1309 3
1310 2
1311 0
1312 4
1313 3
1314 4
1315 1
1316 1
1317 2
1318 1
1319 2
1320 3
1321 0
1322 3
1323 2
1324 0
1325 1
1326 0
1327 2
1328 0
1329 1
1330 2
1331 0
1332 0
1333 4
1334 1
1335 1
1336 0
1337 0
1338 4
1339 0
1340 5
1341 3
1342 0
1343 0
1344 2
1345 2
1346 0
1347 0
1348 0
1349 4
1350 1
1351 5
1352 0
1353 4
1354 2
1355 2
1356 3
1357 5
1358 0
1359 2
1360 2
1361 3
1362 3
1363 1
1364 1
1365 2
1366 1
1367 4
1368 2
1369 1
1370 0
1371 2
1372 3
1373 1
1374 0
1375 3
1376 0
1377 0
1378 0
1379 5
1380 2
1381 3
1382 2
1383 2
1384 4
1385 1
1386 1
1387 1
1388 1
1389 4
1390 4
1391 5
1392 0
1393 0
1394 0
1395 0
1396 3
1397 3
1398 1
1399 2
1400 0
1401 2
1402 0
1403 0
1404 3
1405 2
1406 0
1407 3
1408 2
1409 0
1410 1
1411 0
1412 4
1413 1
1414 0
1415 3
1416 0
1417 2
1418 4
1419 1
1420 4
1421 2
1422 2
1423 0
1424 0
1425 0
1426 1
1427 1
1428 3
1429 4
1430 2
1431 0
1432 1
1433 3
1434 5
1435 0
1436 0
1437 0
1438 0
1439 4
1440 3
1441 2
1442 1
1443 4
1444 4
1445 0
1446 5
1447 3
1448 0
1449 0
1450 0
1451 3
1452 0
1453 4
1454 5
1455 3
1456 0
1457 0
1458 0
1459 4
1460 2
1461 1
1462 1
1463 0
1464 1
1465 2
1466 2
1467 4
1468 0
1469 2
1470 2
1471 0
1472 1
1473 3
1474 0
1475 1
1476 0
1477 0
1478 1
1479 0
1480 1
1481 5
1482 1
1483 2
1484 3
1485 2
1486 3
1487 1
1488 3
1489 3
1490 2
1491 2
1492 0
1493 1
1494 2
1495 0
1496 1
1497 4
1498 3
1499 4
1500 4
1501 4
1502 3
1503 2
1504 3
1505 0
1506 5
1507 1
1508 0
1509 1
1510 2
1511 1
1512 0
1513 3
1514 3
1515 0
1516 1
1517 3
1518 4
1519 1
1520 1
1521 1
1522 0
1523 2
1524 2
1525 2
1526 3
1527 3
1528 1
1529 1
1530 0
1531 5
1532 2
1533 3
1534 2
1535 1
1536 4
1537 3
1538 0
1539 2
1540 3
1541 0
1542 2
1543 4
1544 1
1545 2
1546 3
1547 5
1548 2
1549 5
1550 3
1551 2
1552 3
1553 3
1554 0
1555 4
1556 2
1557 2
1558 0
1559 0
1560 2
1561 0
1562 4
1563 0
1564 3
1565 4
1566 0
1567 0
1568 4
1569 3
1570 1
1571 0
1572 3
1573 0
1574 1
1575 1
1576 1
1577 0
1578 3
1579 0
1580 0
1581 2
1582 0
1583 4
1584 0
1585 0
1586 1
1587 2
1588 3
1589 3
1590 4
1591 3
1592 5
1593 0
1594 3
1595 2
1596 4
1597 3
1598 2
1599 4
1600 0
1601 5
1602 2
1603 1
1604 3
1605 2
1606 4
1607 1
1608 0
1609 4
1610 1
1611 4
1612 2
1613 0
1614 1
1615 1
1616 5
1617 2
1618 1
1619 4
1620 1
1621 1
1622 4
1623 0
1624 2
1625 0
1626 2
1627 0
1628 1
1629 1
1630 0
1631 4
1632 0
1633 1
1634 1
1635 1
1636 3
1637 1
1638 0
1639 0
1640 0
1641 3
1642 4
1643 0
1644 1
1645 0
1646 2
1647 0
1648 1
1649 2
1650 1
1651 1
1652 4
1653 0
1654 3
1655 0
1656 1
1657 3
1658 2
1659 2
1660 2
1661 4
1662 0
1663 4
1664 3
1665 3
1666 0
1667 2
1668 2
1669 3
1670 1
1671 2
1672 0
1673 0
1674 1
1675 3
1676 3
1677 0
1678 0
1679 2
1680 0
1681 5
1682 4
1683 1
1684 4
1685 0
1686 4
1687 0
1688 1
1689 0
1690 3
1691 0
1692 2
1693 0
1694 3
1695 0
1696 2
1697 0
1698 2
1699 2
1700 2
1701 3
1702 4
1703 0
1704 0
1705 0
1706 3
1707 3
1708 0
1709 0
1710 3
1711 0
1712 4
1713 2
1714 2
1715 0
1716 2
1717 3
1718 1
1719 1
1720 3
1721 1
1722 1
1723 2
1724 0
1725 2
1726 1
1727 0
1728 4
1729 1
1730 2
1731 2
1732 2
1733 4
1734 3
1735 1
1736 1
1737 4
1738 3
1739 2
1740 3
1741 0
1742 0
1743 1
1744 2
1745 2
1746 3
1747 2
1748 1
1749 4
1750 2
1751 2
1752 0
1753 3
1754 2
1755 2
1756 5
1757 1
1758 1
1759 2
1760 3
1761 1
1762 4
1763 0
1764 3
1765 3
1766 2
1767 3
1768 4
1769 5
1770 4
1771 2
1772 1
1773 2
1774 2
1775 2
1776 0
1777 3
1778 1
1779 2
1780 4
1781 0
1782 4
1783 0
1784 2
1785 0
1786 4
1787 0
1788 2
1789 2
1790 4
1791 3
1792 0
1793 2
1794 1
1795 5
1796 4
1797 0
1798 1
1799 3
1800 2
1801 1
1802 2
1803 0
1804 3
1805 4
1806 2
1807 3
1808 5
1809 4
1810 0
1811 1
1812 3
1813 3
1814 1
1815 1
1816 3
1817 2
1818 3
1819 0
1820 3
1821 1
1822 2
1823 1
1824 1
1825 2
1826 4
1827 4
1828 1
1829 3
1830 0
1831 3
1832 2
1833 1
1834 2
1835 1
1836 4
1837 1
1838 0
1839 0
1840 1
1841 2
1842 0
1843 4
1844 3
1845 2
1846 2
1847 4
1848 0
1849 4
1850 0
1851 3
1852 1
1853 4
1854 2
1855 5
1856 3
1857 4
1858 3
1859 2
1860 1
1861 1
1862 4
1863 1
1864 4
1865 2
1866 1
1867 4
1868 2
1869 3
1870 3
1871 0
1872 1
1873 4
1874 4
1875 3
1876 1
1877 1
1878 1
1879 2
1880 0
1881 3
1882 1
1883 2
1884 0
1885 0
1886 2
1887 3
1888 2
1889 2
1890 3
1891 3
1892 1
1893 1
1894 1
1895 2
1896 0
1897 4
1898 3
1899 3
1900 3
1901 2
1902 3
1903 1
1904 0
1905 0
1906 3
1907 3
1908 1
1909 1
1910 2
1911 1
1912 3
1913 3
1914 3
1915 3
1916 0
1917 3
1918 0
1919 2
1920 2
1921 3
1922 0
1923 2
1924 2
1925 2
1926 4
1927 0
1928 5
1929 2
1930 1
1931 1
1932 1
1933 4
1934 1
1935 0
1936 5
1937 0
1938 3
1939 2
1940 3
1941 0
1942 2
1943 4
1944 2
1945 1
1946 1
1947 0
1948 0
1949 4
1950 4
1951 0
1952 3
1953 3
1954 3
1955 4
1956 5
1957 2
1958 2
1959 2
1960 1
1961 0
1962 1
1963 2
1964 4
1965 1
1966 1
1967 0
1968 3
1969 2
1970 0
1971 2
1972 3
1973 1
1974 0
1975 2
1976 1
1977 1
1978 2
1979 0
1980 1
1981 1
1982 2
1983 4
1984 3
1985 1
1986 5
1987 1
1988 2
1989 3
1990 2
1991 3
1992 5
1993 0
1994 1
1995 2
1996 3
1997 0
1998 0
1999 0
2000 4
2001 2
2002 3
2003 1
2004 3
2005 2
2006 4
2007 1
2008 0
2009 1
2010 2
2011 0
2012 3
2013 2
2014 1
2015 2
2016 1
2017 1
2018 3
2019 3
2020 2
2021 2
2022 1
2023 3
2024 0
2025 4
2026 0
2027 2
2028 2
2029 4
2030 5
2031 2
2032 1
2033 1
2034 0
2035 2
2036 1
2037 2
2038 1
2039 1
2040 5
2041 2
2042 1
2043 2
2044 1
2045 4
2046 2
2047 2
2048 2
2049 0
2050 2
2051 5
2052 2
2053 0
2054 5
2055 1
2056 0
2057 4
2058 0
2059 4
2060 1
2061 1
2062 3
2063 4
2064 2
2065 0
2066 1
2067 1
2068 1
2069 1
2070 1
2071 3
2072 4
2073 1
2074 0
2075 3
2076 4
2077 2
2078 4
2079 4
2080 2
2081 1
2082 1
2083 2
2084 6
2085 4
2086 0
2087 3
2088 2
2089 1
2090 2
2091 3
2092 2
2093 3
2094 4
2095 3
2096 3
2097 3
2098 1
2099 0
2100 3
2101 3
2102 0
2103 4
2104 5
2105 1
2106 1
2107 1
2108 1
2109 4
2110 1
2111 0
2112 2
2113 3
2114 0
2115 4
2116 1
2117 3
2118 2
2119 2
2120 0
2121 1
2122 0
2123 3
2124 0
2125 4
2126 1
2127 3
2128 1
2129 0
2130 0
2131 0
2132 1
2133 4
2134 3
2135 2
2136 1
2137 3
2138 1
2139 4
2140 2
2141 2
2142 2
2143 4
2144 1
2145 1
2146 1
2147 0
2148 0
2149 2
2150 0
2151 5
2152 3
2153 2
2154 1
2155 1
2156 1
2157 2
2158 0
2159 2
2160 1
2161 4
2162 0
2163 2
2164 5
2165 5
2166 3
2167 2
2168 3
2169 1
2170 0
2171 1
2172 0
2173 0
2174 3
2175 2
2176 2
2177 3
2178 1
2179 4
2180 2
2181 3
2182 2
2183 4
2184 0
2185 4
2186 4
2187 4
2188 0
2189 4
2190 3
2191 2
2192 4
2193 5
2194 3
2195 2
2196 3
2197 3
2198 1
2199 0
2200 0
2201 3
2202 3
2203 1
2204 3
2205 3
2206 2
2207 5
2208 1
2209 4
2210 0
2211 3
2212 0
2213 1
2214 0
2215 2
2216 2
2217 3
2218 2
2219 0
2220 0
2221 4
2222 1
2223 2
2224 3
2225 1
2226 2
2227 0
2228 0
2229 2
2230 3
2231 4
2232 4
2233 1
2234 0
2235 2
2236 3
2237 1
2238 5
2239 3
2240 4
2241 0
2242 3
2243 4
2244 0
2245 3
2246 3
2247 3
2248 1
2249 3
2250 2
2251 2
2252 0
2253 4
2254 1
2255 5
2256 2
2257 3
2258 0
2259 1
2260 3
2261 4
2262 4
2263 0
2264 2
2265 0
2266 0
2267 3
2268 0
2269 1
2270 4
2271 2
2272 0
2273 4
2274 0
2275 1
2276 1
2277 3
2278 1
2279 0
2280 4
2281 1
2282 3
2283 3
2284 3
2285 5
2286 3
2287 1
2288 0
2289 0
2290 2
2291 4
2292 0
2293 1
2294 3
2295 0
2296 1
2297 2
2298 5
2299 3
2300 1
2301 3
2302 0
2303 4
2304 0
2305 0
2306 3
2307 3
2308 0
2309 2
2310 1
2311 3
2312 1
2313 2
2314 4
2315 2
2316 2
2317 0
2318 0
2319 4
2320 1
2321 4
2322 1
2323 0
2324 3
2325 4
2326 3
2327 0
2328 2
2329 1
2330 2
2331 1
2332 0
2333 2
2334 1
2335 3
2336 1
2337 3
2338 3
2339 2
2340 4
2341 0
2342 1
2343 1
2344 1
2345 4
2346 4
2347 0
2348 3
2349 2
2350 5
2351 2
2352 0
2353 1
2354 3
2355 3
2356 1
2357 0
2358 1
2359 1
2360 0
2361 2
2362 0
2363 1
2364 2
2365 4
2366 0
2367 2
2368 1
2369 3
2370 3
2371 2
2372 0
2373 3
2374 2
2375 3
2376 0
2377 1
2378 1
2379 1
2380 3
2381 4
2382 3
2383 2
2384 3
2385 1
2386 0
2387 5
2388 0
2389 5
2390 1
2391 0
2392 2
2393 1
2394 3
2395 3
2396 0
2397 2
2398 2
2399 0
2400 3
2401 4
2402 3
2403 0
2404 1
2405 0
2406 0
2407 3
2408 1
2409 1
2410 3
2411 2
2412 1
2413 0
2414 1
2415 3
2416 1
2417 2
2418 3
2419 2
2420 2
2421 1
2422 1
2423 0
2424 4
2425 3
2426 0
2427 1
2428 0
2429 1
2430 4
2431 4
2432 0
2433 3
2434 2
2435 0
2436 1
2437 3
2438 3
2439 0
2440 0
2441 0
2442 3
2443 3
2444 5
2445 2
2446 1
2447 2
2448 4
2449 0
2450 0
2451 2
2452 2
2453 2
2454 5
2455 0
2456 3
2457 4
2458 0
2459 1
2460 2
2461 0
2462 1
2463 4
2464 2
2465 4
2466 2
2467 2
2468 3
2469 2
2470 2
2471 2
2472 1
2473 0
2474 0
2475 0
2476 2
2477 3
2478 4
2479 2
2480 1
2481 3
2482 2
2483 2
2484 1
2485 2
2486 1
2487 2
2488 2
2489 2
2490 1
2491 0
2492 4
2493 4
2494 1
2495 4
2496 2
2497 0
2498 0
2499 2
2500 1
2501 3
2502 2
2503 2
2504 1
2505 0
2506 1
2507 3
2508 0
2509 4
2510 2
2511 4
2512 0
2513 3
2514 0
2515 1
2516 1
2517 1
2518 0
2519 4
2520 2
2521 1
2522 0
2523 2
2524 1
2525 4
2526 2
2527 2
2528 4
2529 1
2530 2
2531 3
2532 1
2533 0
2534 0
2535 4
2536 1
2537 3
2538 2
2539 1
2540 1
2541 0
2542 2
2543 0
2544 2
2545 1
2546 4
2547 1
2548 4
2549 3
2550 3
2551 2
2552 1
2553 3
2554 2
2555 2
2556 2
2557 1
2558 1
2559 1
2560 0
2561 3
2562 3
2563 3
2564 0
2565 1
2566 4
2567 1
2568 1
2569 5
2570 3
2571 4
2572 0
2573 2
2574 2
2575 1
2576 1
2577 4
2578 5
2579 0
2580 4
2581 2
2582 1
2583 4
2584 0
2585 3
2586 0
2587 0
2588 0
2589 5
2590 3
2591 3
2592 4
2593 3
2594 5
2595 4
2596 6
2597 3
2598 3
2599 4
2600 4
2601 0
2602 1
2603 0
2604 1
2605 0
2606 1
2607 1
2608 2
2609 2
2610 2
2611 1
2612 1
2613 1
2614 1
2615 0
2616 1
2617 1
2618 0
2619 4
2620 1
2621 3
2622 3
2623 4
2624 0
2625 5
2626 2
2627 1
2628 3
2629 2
2630 3
2631 0
2632 3
2633 3
2634 2
2635 2
2636 3
2637 0
2638 5
2639 1
2640 1
2641 2
2642 2
2643 0
2644 0
2645 1
2646 5
2647 3
2648 3
2649 3
2650 4
2651 3
2652 4
2653 0
2654 0
2655 2
2656 4
2657 2
2658 0
2659 1
2660 0
2661 1
2662 3
2663 1
2664 3
2665 1
2666 2
2667 1
2668 2
2669 1
2670 1
2671 3
2672 1
2673 0
2674 3
2675 2
2676 4
2677 1
2678 0
2679 2
2680 1
2681 2
2682 4
2683 2
2684 2
2685 0
2686 2
2687 2
2688 2
2689 0
2690 2
2691 0
2692 1
2693 3
2694 5
2695 3
2696 1
2697 0
2698 2
2699 2
2700 0
2701 4
2702 2
2703 0
2704 1
2705 3
2706 2
2707 0
2708 3
2709 0
2710 4
2711 0
2712 3
2713 4
2714 2
2715 2
2716 1
2717 3
2718 0
2719 1
2720 3
2721 0
2722 3
2723 1
2724 0
2725 1
2726 1
2727 2
2728 2
2729 2
2730 4
2731 2
2732 0
2733 0
2734 2
2735 0
2736 3
2737 2
2738 2
2739 3
2740 4
2741 4
2742 2
2743 2
2744 3
2745 3
2746 0
2747 2
2748 3
2749 0
2750 4
2751 2
2752 0
2753 0
2754 2
2755 3
2756 2
2757 3
2758 3
2759 0
2760 2
2761 0
2762 5
2763 5
2764 1
2765 3
2766 0
2767 4
2768 2
2769 5
2770 2
2771 0
2772 2
2773 2
2774 1
2775 2
2776 1
2777 2
2778 0
2779 1
2780 4
2781 4
2782 1
2783 1
2784 1
2785 0
2786 1
2787 0
2788 0
2789 0
2790 1
2791 4
2792 0
2793 4
2794 1
2795 2
2796 1
2797 3
2798 1
2799 1
2800 3
2801 3
2802 0
2803 0
2804 2
2805 1
2806 4
2807 3
2808 1
2809 2
2810 3
2811 0
2812 3
2813 2
2814 2
2815 1
2816 0
2817 2
2818 0
2819 4
2820 4
2821 0
2822 2
2823 4
2824 3
2825 2
2826 3
2827 2
2828 1
2829 1
2830 3
2831 1
2832 0
2833 0
2834 0
2835 2
2836 1
2837 0
2838 1
2839 4
2840 3
2841 0
2842 1
2843 3
2844 3
2845 0
2846 0
2847 2
2848 2
2849 1
2850 2
2851 1
2852 1
2853 2
2854 1
2855 0
2856 0
2857 3
2858 1
2859 1
2860 2
2861 1
2862 4
2863 1
2864 0
2865 5
2866 1
2867 4
2868 1
2869 3
2870 5
2871 0
2872 0
2873 3
2874 4
2875 1
2876 1
2877 0
2878 2
2879 5
2880 4
2881 2
2882 4
2883 3
2884 1
2885 3
2886 2
2887 1
2888 1
2889 1
2890 1
2891 3
2892 4
2893 2
2894 0
2895 4
2896 5
2897 0
2898 0
2899 4
2900 3
2901 0
2902 3
2903 0
2904 4
2905 2
2906 2
2907 2
2908 4
2909 0
2910 2
2911 1
2912 3
2913 3
2914 2
2915 1
2916 2
2917 2
2918 2
2919 2
2920 0
2921 2
2922 5
2923 4
2924 3
2925 0
2926 5
2927 0
2928 0
2929 0
2930 5
2931 0
2932 2
2933 0
2934 0
2935 3
2936 3
2937 1
2938 0
2939 2
2940 3
2941 1
2942 2
2943 2
2944 5
2945 0
2946 2
2947 3
2948 1
2949 2
2950 3
2951 1
2952 2
2953 4
2954 4
2955 4
2956 1
2957 3
2958 3
2959 3
2960 2
2961 0
2962 4
2963 1
2964 0
2965 1
2966 2
2967 4
2968 3
2969 0
2970 3
2971 1
2972 3
2973 4
2974 5
2975 3
2976 5
2977 1
2978 0
2979 1
2980 1
2981 5
2982 2
2983 3
2984 2
2985 5
2986 2
2987 5
2988 5
2989 0
2990 0
2991 5
2992 4
2993 2
2994 0
2995 1
2996 0
2997 3
2998 2
2999 3
3000 1
3001 4
3002 2
3003 3
3004 2
3005 3
3006 2
3007 3
3008 3
3009 3
3010 3
3011 0
3012 1
3013 3
3014 2
3015 3
3016 3
3017 1
3018 2
3019 2
3020 3
3021 4
3022 1
3023 3
3024 2
3025 4
3026 0
3027 3
3028 2
3029 2
3030 0
3031 1
3032 2
3033 0
3034 3
3035 3
3036 3
3037 0
3038 0
3039 2
3040 4
3041 1
3042 3
3043 3
3044 2
3045 3
3046 3
3047 2
3048 2
3049 0
3050 1
3051 2
3052 1
3053 1
3054 3
3055 3
3056 4
3057 1
3058 0
3059 2
3060 1
3061 4
3062 0
3063 5
3064 0
3065 3
3066 1
3067 1
3068 1
3069 0
3070 1
3071 1
3072 1
3073 2
3074 4
3075 3
3076 2
3077 3
3078 2
3079 2
3080 1
3081 0
3082 3
3083 2
3084 0
3085 0
3086 3
3087 4
3088 3
3089 3
3090 2
3091 2
3092 0
3093 3
3094 0
3095 0
3096 0
3097 1
3098 2
3099 3
3100 3
3101 0
3102 1
3103 1
3104 3
3105 0
3106 4
3107 4
3108 1
3109 0
3110 1
3111 2
3112 2
3113 0
3114 0
3115 0
3116 2
3117 4
3118 0
3119 0
3120 1
3121 0
3122 0
3123 3
3124 0
3125 0
3126 2
3127 4
3128 1
3129 0
3130 3
3131 0
3132 1
3133 0
3134 2
3135 1
3136 1
3137 2
3138 4
3139 3
3140 4
3141 2
3142 4
3143 1
3144 0
3145 1
3146 2
3147 4
3148 0
3149 4
3150 1
3151 0
3152 3
3153 2
3154 3
3155 0
3156 3
3157 6
3158 3
3159 4
3160 0
3161 2
3162 0
3163 4
3164 3
3165 3
3166 2
3167 4
3168 5
3169 3
3170 2
3171 3
3172 2
3173 0
3174 2
3175 5
3176 2
3177 5
3178 2
3179 0
3180 3
3181 3
3182 4
3183 3
3184 3
3185 0
3186 3
3187 2
3188 5
3189 2
3190 0
3191 0
3192 2
3193 1
3194 2
3195 3
3196 4
3197 2
3198 0
3199 1
3200 3
3201 2
3202 0
3203 1
3204 3
3205 0
3206 0
3207 1
3208 0
3209 2
3210 4
3211 4
3212 3
3213 0
3214 2
3215 1
3216 0
3217 1
3218 1
3219 3
3220 4
3221 4
3222 3
3223 2
3224 2
3225 1
3226 2
3227 3
3228 5
3229 3
3230 0
3231 3
3232 2
3233 2
3234 0
3235 2
3236 1
3237 0
3238 2
3239 1
3240 0
3241 4
3242 3
3243 4
3244 3
3245 0
3246 1
3247 1
3248 0
3249 0
3250 4
3251 2
3252 2
3253 5
3254 2
3255 3
3256 3
3257 4
3258 0
3259 0
3260 3
3261 3
3262 3
3263 3
3264 1
3265 0
3266 1
3267 4
3268 3
3269 4
3270 0
3271 3
3272 1
3273 3
3274 0
3275 1
3276 3
3277 4
3278 1
3279 5
3280 3
3281 2
3282 1
3283 3
3284 4
3285 2
3286 4
3287 4
3288 1
3289 2
3290 5
3291 0
3292 2
3293 3
3294 1
3295 2
3296 3
3297 0
3298 1
3299 3
3300 1
3301 3
3302 0
3303 0
3304 0
3305 1
3306 1
3307 2
3308 1
3309 2
3310 0
3311 0
3312 5
3313 3
3314 4
3315 2
3316 2
3317 2
3318 2
3319 1
3320 2
3321 3
3322 3
3323 3
3324 3
3325 3
3326 2
3327 4
3328 2
3329 4
3330 4
3331 0
3332 3
3333 0
3334 3
3335 4
3336 4
3337 3
3338 1
3339 3
3340 0
3341 3
3342 2
3343 3
3344 2
3345 1
3346 4
3347 1
3348 4
3349 4
3350 1
3351 4
3352 0
3353 2
3354 3
3355 3
3356 2
3357 1
3358 3
3359 4
3360 2
3361 6
3362 2
3363 1
3364 4
3365 1
3366 2
3367 3
3368 1
3369 2
3370 0
3371 0
3372 2
3373 3
3374 5
3375 3
3376 0
3377 0
3378 0
3379 4
3380 0
3381 0
3382 1
3383 3
3384 3
3385 2
3386 2
3387 3
3388 4
3389 1
3390 2
3391 1
3392 3
3393 0
3394 2
3395 3
3396 5
3397 2
3398 3
3399 0
3400 0
3401 1
3402 4
3403 2
3404 4
3405 2
3406 3
3407 4
3408 1
3409 3
3410 2
3411 1
3412 0
3413 1
3414 0
3415 2
3416 1
3417 0
3418 4
3419 1
3420 1
3421 2
3422 4
3423 4
3424 2
3425 0
3426 0
3427 2
3428 5
3429 0
3430 0
3431 2
3432 1
3433 0
3434 4
3435 0
3436 5
3437 0
3438 2
3439 0
3440 4
3441 4
3442 2
3443 3
3444 4
3445 2
3446 1
3447 1
3448 4
3449 0
3450 1
3451 1
3452 1
3453 3
3454 2
3455 1
3456 1
3457 0
3458 3
3459 0
3460 3
3461 5
3462 3
3463 0
3464 4
3465 0
3466 3
3467 2
3468 2
3469 3
3470 0
3471 2
3472 1
3473 0
3474 0
3475 0
3476 2
3477 0
3478 1
3479 0
3480 4
3481 3
3482 0
3483 4
3484 0
3485 4
3486 0
3487 5
3488 1
3489 4
3490 0
3491 3
3492 2
3493 4
3494 3
3495 1
3496 3
3497 5
3498 2
3499 4
3500 0
3501 3
3502 0
3503 3
3504 0
3505 0
3506 3
3507 1
3508 3
3509 0
3510 0
3511 2
3512 2
3513 0
3514 4
3515 2
3516 2
3517 3
3518 3
3519 0
3520 1
3521 0
3522 3
3523 0
3524 1
3525 0
3526 0
3527 3
3528 5
3529 0
3530 0
3531 1
3532 3
3533 0
3534 1
3535 3
3536 3
3537 2
3538 2
3539 3
3540 2
3541 1
3542 0
3543 0
3544 2
3545 4
3546 3
3547 1
3548 4
3549 3
3550 1
3551 4
3552 1
3553 3
3554 1
3555 3
3556 3
3557 2
3558 2
3559 4
3560 0
3561 1
3562 2
3563 1
3564 2
3565 3
3566 0
3567 1
3568 3
3569 4
3570 3
3571 0
3572 1
3573 4
3574 1
3575 2
3576 0
3577 2
3578 3
3579 1
3580 1
3581 5
3582 3
3583 3
3584 3
3585 2
3586 0
3587 5
3588 5
3589 4
3590 1
3591 4
3592 1
3593 2
3594 3
3595 2
3596 1
3597 3
3598 0
3599 0
3600 2
3601 2
3602 0
3603 1
3604 2
3605 5
3606 1
3607 3
3608 0
3609 0
3610 0
3611 4
3612 0
3613 3
3614 1
3615 0
3616 3
3617 0
3618 5
3619 1
3620 2
3621 1
3622 1
3623 2
3624 4
3625 0
3626 1
3627 3
3628 2
3629 3
3630 1
3631 3
3632 1
3633 1
3634 0
3635 2
3636 4
3637 1
3638 2
3639 4
3640 0
3641 1
3642 1
3643 1
3644 3
3645 3
3646 0
3647 3
3648 0
3649 2
3650 2
3651 2
3652 2
3653 1
3654 4
3655 5
3656 0
3657 0
3658 2
3659 2
3660 2
3661 1
3662 1
3663 0
3664 0
3665 3
3666 1
3667 2
3668 2
3669 0
3670 0
3671 1
3672 2
3673 0
3674 3
3675 3
3676 2
3677 3
3678 1
3679 2
3680 2
3681 4
3682 1
3683 5
3684 3
3685 0
3686 2
3687 4
3688 1
3689 2
3690 2
3691 1
3692 4
3693 3
3694 1
3695 2
3696 5
3697 3
3698 3
3699 1
3700 3
3701 3
3702 0
3703 0
3704 4
3705 1
3706 3
3707 3
3708 1
3709 2
3710 2
3711 1
3712 2
3713 4
3714 4
3715 1
3716 5
3717 0
3718 2
3719 3
3720 3
3721 2
3722 2
3723 1
3724 2
3725 3
3726 3
3727 1
3728 3
3729 1
3730 5
3731 1
3732 3
3733 1
3734 3
3735 1
3736 5
3737 2
3738 3
3739 0
3740 1
3741 0
3742 0
3743 1
3744 0
3745 4
3746 0
3747 2
3748 0
3749 3
3750 2
3751 3
3752 4
3753 4
3754 3
3755 0
3756 4
3757 1
3758 0
3759 4
3760 2
3761 3
3762 3
3763 5
3764 3
3765 0
3766 0
3767 1
3768 3
3769 2
3770 0
3771 3
3772 0
3773 2
3774 0
3775 0
3776 0
3777 3
3778 1
3779 0
3780 1
3781 3
3782 0
3783 4
3784 1
3785 1
3786 2
3787 4
3788 5
3789 1
3790 2
3791 1
3792 2
3793 3
3794 0
3795 1
3796 2
3797 3
3798 3
3799 0
3800 3
3801 0
3802 3
3803 1
3804 0
3805 0
3806 0
3807 2
3808 1
3809 2
3810 4
3811 4
3812 0
3813 0
3814 3
3815 0
3816 3
3817 0
3818 0
3819 3
3820 2
3821 0
3822 2
3823 0
3824 0
3825 2
3826 2
3827 1
3828 2
3829 2
3830 4
3831 2
3832 0
3833 1
3834 2
3835 1
3836 3
3837 2
3838 0
3839 2
3840 2
3841 0
3842 2
3843 3
3844 2
3845 4
3846 2
3847 2
3848 1
3849 1
3850 3
3851 0
3852 5
3853 1
3854 4
3855 1
3856 5
3857 3
3858 2
3859 1
3860 4
3861 0
3862 3
3863 3
3864 0
3865 5
3866 0
3867 5
3868 0
3869 4
3870 5
3871 3
3872 2
3873 2
3874 2
3875 1
3876 0
3877 1
3878 2
3879 1
3880 1
3881 3
3882 2
3883 3
3884 3
3885 1
3886 1
3887 1
3888 2
3889 0
3890 2
3891 3
3892 1
3893 3
3894 2
3895 4
3896 1
3897 2
3898 3
3899 1
3900 1
3901 1
3902 3
3903 1
3904 0
3905 3
3906 1
3907 0
3908 3
3909 3
3910 3
3911 4
3912 3
3913 3
3914 0
3915 3
3916 3
3917 0
3918 0
3919 4
3920 1
3921 2
3922 2
3923 2
3924 0
3925 3
3926 1
3927 0
3928 1
3929 1
3930 1
3931 4
3932 0
3933 3
3934 0
3935 2
3936 2
3937 3
3938 4
3939 1
3940 1
3941 4
3942 2
3943 5
3944 4
3945 2
3946 3
3947 3
3948 4
3949 1
3950 3
3951 3
3952 0
3953 1
3954 2
3955 1
3956 1
3957 1
3958 5
3959 1
3960 3
3961 1
3962 4
3963 4
3964 1
3965 2
3966 2
3967 1
3968 1
3969 1
3970 0
3971 3
3972 4
3973 2
3974 1
3975 1
3976 0
3977 0
3978 1
3979 1
3980 2
3981 3
3982 3
3983 0
3984 0
3985 4
3986 2
3987 3
3988 3
3989 1
3990 3
3991 0
3992 1
3993 2
3994 1
3995 1
3996 0
3997 3
3998 1
3999 0
4000 3
4001 2
4002 1
4003 2
4004 0
4005 5
4006 4
4007 4
4008 0
4009 0
4010 5
4011 1
4012 3
4013 3
4014 4
4015 1
4016 0
4017 1
4018 0
4019 1
4020 5
4021 1
4022 2
4023 4
4024 1
4025 4
4026 0
4027 5
4028 0
4029 3
4030 1
4031 2
4032 2
4033 0
4034 1
4035 1
4036 0
4037 3
4038 0
4039 0
4040 2
4041 1
4042 0
4043 0
4044 0
4045 1
4046 4
4047 0
4048 0
4049 3
4050 0
4051 3
4052 2
4053 3
4054 1
4055 0
4056 2
4057 2
4058 4
4059 4
4060 2
4061 2
4062 3
4063 3
4064 4
4065 4
4066 1
4067 3
4068 2
4069 3
4070 2
4071 1
4072 2
4073 2
4074 2
4075 2
4076 5
4077 2
4078 2
4079 0
4080 2
4081 1
4082 5
4083 3
4084 0
4085 0
4086 1
4087 3
4088 3
4089 3
4090 3
4091 2
4092 0
4093 2
4094 0
4095 0
4096 4
4097 2
4098 3
4099 0
4100 0
4101 0
4102 2
4103 5
4104 1
4105 3
4106 2
4107 1
4108 0
4109 3
4110 0
4111 3
4112 2
4113 0
4114 4
4115 2
4116 1
4117 0
4118 2
4119 2
4120 1
4121 2
4122 1
4123 0
4124 1
4125 4
4126 2
4127 5
4128 3
4129 2
4130 4
4131 2
4132 1
4133 0
4134 2
4135 0
4136 1
4137 2
4138 3
4139 1
4140 0
4141 0
4142 5
4143 0
4144 1
4145 0
4146 2
4147 0
4148 0
4149 2
4150 3
4151 0
4152 3
4153 3
4154 0
4155 3
4156 1
4157 0
4158 0
4159 0
4160 2
4161 0
4162 1
4163 0
4164 0
4165 2
4166 2
4167 2
4168 0
4169 0
4170 0
4171 2
4172 4
4173 2
4174 2
4175 2
4176 3
4177 4
4178 3
4179 0
4180 3
4181 4
4182 4
4183 0
4184 3
4185 2
4186 2
4187 2
4188 2
4189 0
4190 0
4191 2
4192 3
4193 1
4194 4
4195 4
4196 0
4197 1
4198 0
4199 4
4200 5
4201 1
4202 0
4203 1
4204 0
4205 2
4206 0
4207 2
4208 1
4209 2
4210 4
4211 5
4212 4
4213 2
4214 4
4215 0
4216 1
4217 5
4218 2
4219 2
4220 2
4221 3
4222 2
4223 5
4224 2
4225 4
4226 2
4227 3
4228 3
4229 2
4230 0
4231 0
4232 1
4233 0
4234 2
4235 0
4236 1
4237 0
4238 0
4239 2
4240 3
4241 3
4242 0
4243 4
4244 3
4245 1
4246 1
4247 4
4248 4
4249 0
4250 2
4251 3
4252 1
4253 2
4254 1
4255 0
4256 2
4257 1
4258 0
4259 4
4260 2
4261 0
4262 2
4263 3
4264 1
4265 2
4266 1
4267 0
4268 1
4269 0
4270 1
4271 2
4272 2
4273 1
4274 0
4275 1
4276 5
4277 3
4278 2
4279 2
4280 1
4281 0
4282 0
4283 3
4284 1
4285 3
4286 2
4287 2
4288 1
4289 1
4290 4
4291 2
4292 5
4293 3
4294 4
4295 4
4296 3
4297 0
4298 0
4299 4
4300 2
4301 3
4302 3
4303 1
4304 4
4305 1
4306 1
4307 0
4308 0
4309 3
4310 3
4311 0
4312 1
4313 0
4314 2
4315 0
4316 1
4317 3
4318 3
4319 2
4320 4
4321 2
4322 4
4323 2
4324 1
4325 3
4326 2
4327 3
4328 3
4329 0
4330 2
4331 2
4332 4
4333 5
4334 1
4335 1
4336 4
4337 4
4338 3
4339 2
4340 1
4341 1
4342 3
4343 2
4344 1
4345 1
4346 0
4347 1
4348 0
4349 4
4350 1
4351 3
4352 3
4353 0
4354 2
4355 0
4356 3
4357 3
4358 1
4359 3
4360 3
4361 3
4362 2
4363 3
4364 3
4365 2
4366 0
4367 0
4368 1
4369 0
4370 3
4371 1
4372 2
4373 2
4374 1
4375 0
4376 0
4377 2
4378 4
4379 4
4380 0
4381 1
4382 4
4383 0
4384 2
4385 3
4386 1
4387 0
4388 3
4389 2
4390 1
4391 0
4392 0
4393 1
4394 1
4395 3
4396 1
4397 3
4398 0
4399 3
4400 3
4401 1
4402 4
4403 3
4404 2
4405 2
4406 1
4407 0
4408 1
4409 0
4410 1
4411 2
4412 3
4413 0
4414 2
4415 1
4416 3
4417 0
4418 2
4419 3
4420 4
4421 1
4422 0
4423 0
4424 4
4425 3
4426 1
4427 5
4428 1
4429 1
4430 1
4431 0
4432 3
4433 3
4434 1
4435 4
4436 2
4437 1
4438 1
4439 2
4440 2
4441 0
4442 4
4443 4
4444 0
4445 1
4446 2
4447 0
4448 2
4449 2
4450 3
4451 3
4452 0
4453 5
4454 2
4455 1
4456 4
4457 0
4458 5
4459 1
4460 2
4461 1
4462 0
4463 3
4464 0
4465 0
4466 1
4467 4
4468 4
4469 3
4470 1
4471 4
4472 3
4473 0
4474 2
4475 0
4476 0
4477 2
4478 2
4479 1
4480 0
4481 0
4482 3
4483 1
4484 1
4485 4
4486 2
4487 2
4488 3
4489 4
4490 3
4491 2
4492 5
4493 0
4494 1
4495 1
4496 3
4497 2
4498 4
4499 1
4500 3
4501 3
4502 3
4503 2
4504 3
4505 4
4506 1
4507 2
4508 1
4509 2
4510 4
4511 3
4512 0
4513 3
4514 1
4515 4
4516 0
4517 2
4518 0
4519 3
4520 1
4521 3
4522 0
4523 2
4524 3
4525 2
4526 3
4527 2
4528 3
4529 1
4530 1
4531 3
4532 3
4533 0
4534 0
4535 1
4536 1
4537 2
4538 1
4539 2
4540 1
4541 2
4542 0
4543 1
4544 2
4545 0
4546 1
4547 1
4548 3
4549 4
4550 3
4551 0
4552 1
4553 3
4554 0
4555 0
4556 0
4557 0
4558 2
4559 4
4560 2
4561 3
4562 2
4563 1
4564 0
4565 4
4566 0
4567 2
4568 2
4569 3
4570 0
4571 0
4572 2
4573 3
4574 2
4575 1
4576 3
4577 0
4578 2
4579 1
4580 0
4581 1
4582 3
4583 3
4584 0
4585 1
4586 2
4587 0
4588 3
4589 1
4590 5
4591 2
4592 0
4593 2
4594 1
4595 2
4596 0
4597 4
4598 1
4599 4
4600 1
4601 0
4602 3
4603 0
4604 4
4605 1
4606 2
4607 2
4608 3
4609 1
4610 2
4611 3
4612 2
4613 1
4614 1
4615 0
4616 0
4617 1
4618 0
4619 5
4620 0
4621 2
4622 2
4623 3
4624 0
4625 1
4626 1
4627 0
4628 1
4629 3
4630 5
4631 1
4632 1
4633 2
4634 3
4635 1
4636 1
4637 0
4638 5
4639 3
4640 2
4641 0
4642 1
4643 2
4644 3
4645 1
4646 0
4647 2
4648 5
4649 4
4650 0
4651 1
4652 0
4653 1
4654 4
4655 3
4656 3
4657 2
4658 3
4659 1
4660 1
4661 1
4662 4
4663 2
4664 2
4665 0
4666 1
4667 0
4668 4
4669 1
4670 0
4671 1
4672 0
4673 3
4674 0
4675 1
4676 1
4677 1
4678 0
4679 4
4680 2
4681 2
4682 2
4683 1
4684 2
4685 0
4686 0
4687 1
4688 0
4689 4
4690 0
4691 2
4692 2
4693 2
4694 0
4695 2
4696 0
4697 3
4698 4
4699 1
4700 0
4701 1
4702 2
4703 2
4704 1
4705 1
4706 2
4707 2
4708 6
4709 1
4710 4
4711 0
4712 2
4713 1
4714 5
4715 4
4716 0
4717 1
4718 2
4719 1
4720 1
4721 1
4722 0
4723 4
4724 2
4725 0
4726 0
4727 3
4728 1
4729 0
4730 5
4731 1
4732 1
4733 2
4734 4
4735 0
4736 3
4737 1
4738 3
4739 1
4740 0
4741 0
4742 4
4743 2
4744 2
4745 2
4746 2
4747 3
4748 0
4749 2
4750 2
4751 1
4752 1
4753 0
4754 5
4755 1
4756 4
4757 4
4758 1
4759 1
4760 2
4761 4
4762 0
4763 1
4764 0
4765 0
4766 3
4767 3
4768 0
4769 2
4770 3
4771 4
4772 3
4773 4
4774 2
4775 1
4776 1
4777 4
4778 0
4779 5
4780 5
4781 3
4782 0
4783 1
4784 2
4785 2
4786 2
4787 1
4788 2
4789 0
4790 4
4791 2
4792 5
4793 2
4794 1
4795 3
4796 2
4797 2
4798 1
4799 3
4800 3
4801 0
4802 2
4803 4
4804 0
4805 3
4806 3
4807 2
4808 2
4809 3
4810 2
4811 1
4812 3
4813 0
4814 1
4815 2
4816 2
4817 4
4818 1
4819 1
4820 2
4821 2
4822 1
4823 3
4824 0
4825 3
4826 0
4827 3
4828 3
4829 0
4830 1
4831 1
4832 0
4833 4
4834 0
4835 0
4836 0
4837 4
4838 3
4839 0
4840 4
4841 0
4842 3
4843 0
4844 4
4845 3
4846 2
4847 3
4848 2
4849 5
4850 2
4851 3
4852 2
4853 4
4854 3
4855 2
4856 4
4857 3
4858 3
4859 4
4860 1
4861 5
4862 4
4863 0
4864 1
4865 4
4866 1
4867 4
4868 5
4869 0
4870 0
4871 1
4872 2
4873 2
4874 1
4875 0
4876 0
4877 0
4878 2
4879 0
4880 5
4881 1
4882 1
4883 4
4884 4
4885 3
4886 4
4887 1
4888 0
4889 3
4890 2
4891 1
4892 0
4893 2
4894 2
4895 2
4896 4
4897 1
4898 4
4899 3
4900 3
4901 1
4902 1
4903 5
4904 5
4905 0
4906 3
4907 3
4908 2
4909 4
4910 2
4911 2
4912 2
4913 1
4914 3
4915 4
4916 0
4917 0
4918 2
4919 0
4920 1
4921 1
4922 2
4923 3
4924 5
4925 2
4926 5
4927 1
4928 2
4929 3
4930 3
4931 0
4932 1
4933 3
4934 2
4935 1
4936 5
4937 4
4938 4
4939 2
4940 2
4941 2
4942 1
4943 2
4944 2
4945 0
4946 2
4947 0
4948 0
4949 2
4950 5
4951 4
4952 0
4953 3
4954 0
4955 4
4956 1
4957 0
4958 4
4959 2
4960 4
4961 3
4962 4
4963 1
4964 0
4965 1
4966 0
4967 0
4968 1
4969 0
4970 0
4971 4
4972 1
4973 2
4974 1
4975 0
4976 1
4977 1
4978 2
4979 1
4980 0
4981 2
4982 0
4983 4
4984 0
4985 5
4986 2
4987 0
4988 0
4989 2
4990 3
4991 4
4992 1
4993 3
4994 1
4995 5
4996 1
4997 4
4998 3
4999 1
5000 1
5001 2
5002 0
5003 2
5004 5
5005 2
5006 2
5007 2
5008 1
5009 4
5010 4
5011 1
5012 4
5013 2
5014 3
5015 2
5016 0
5017 3
5018 1
5019 3
5020 3
5021 0
5022 0
5023 4
5024 0
5025 0
5026 4
5027 0
5028 1
5029 2
5030 3
5031 3
5032 2
5033 3
5034 1
5035 5
5036 1
5037 4
5038 1
5039 2
5040 1
5041 3
5042 4
5043 2
5044 3
5045 1
5046 0
5047 0
5048 0
5049 2
5050 1
5051 0
5052 2
5053 1
5054 3
5055 2
5056 2
5057 3
5058 0
5059 0
5060 4
5061 0
5062 4
5063 3
5064 0
5065 0
5066 2
5067 3
5068 5
5069 1
5070 3
5071 5
5072 2
5073 2
5074 1
5075 2
5076 2
5077 1
5078 2
5079 0
5080 2
5081 4
5082 2
5083 0
5084 1
5085 4
5086 4
5087 0
5088 3
5089 2
5090 5
5091 2
5092 0
5093 3
5094 1
5095 0
5096 3
5097 2
5098 2
5099 0
5100 1
5101 3
5102 6
5103 0
5104 1
5105 2
5106 5
5107 3
5108 5
5109 2
5110 3
5111 1
5112 0
5113 3
5114 0
5115 5
5116 3
5117 2
5118 0
5119 5
5120 0
5121 2
5122 2
5123 5
5124 1
5125 2
5126 0
5127 0
5128 0
5129 0
5130 1
5131 2
5132 3
5133 2
5134 4
5135 0
5136 1
5137 2
5138 2
5139 4
5140 5
5141 1
5142 3
5143 4
5144 0
5145 2
5146 1
5147 0
5148 0
5149 0
5150 1
5151 4
5152 3
5153 3
5154 2
5155 4
5156 2
5157 0
5158 4
5159 2
5160 2
5161 2
5162 2
5163 0
5164 4
5165 2
5166 5
5167 2
5168 2
5169 2
5170 3
5171 0
5172 0
5173 1
5174 3
5175 2
5176 2
5177 0
5178 1
5179 0
5180 3
5181 3
5182 1
5183 4
5184 3
5185 1
5186 3
5187 3
5188 1
5189 0
5190 4
5191 0
5192 1
5193 0
5194 2
5195 4
5196 2
5197 1
5198 0
5199 0
5200 2
5201 1
5202 3
5203 4
5204 2
5205 3
5206 4
5207 3
5208 3
5209 1
5210 0
5211 4
5212 4
5213 2
5214 0
5215 1
5216 3
5217 4
5218 4
5219 0
5220 3
5221 0
5222 1
5223 2
5224 1
5225 2
5226 0
5227 2
5228 4
5229 1
5230 0
5231 4
5232 3
5233 2
5234 3
5235 0
5236 0
5237 3
5238 3
5239 1
5240 1
5241 3
5242 1
5243 2
5244 3
5245 2
5246 4
5247 4
5248 5
5249 0
5250 2
5251 4
5252 4
5253 0
5254 1
5255 0
5256 3
5257 3
5258 4
5259 2
5260 3
5261 2
5262 1
5263 1
5264 2
5265 3
5266 3
5267 4
5268 0
5269 0
5270 1
5271 0
5272 0
5273 2
5274 3
5275 3
5276 3
5277 1
5278 0
5279 2
5280 1
5281 1
5282 0
5283 3
5284 4
5285 5
5286 4
5287 0
5288 2
5289 3
5290 4
5291 4
5292 0
5293 2
5294 1
5295 1
5296 2
5297 2
5298 3
5299 4
5300 3
5301 4
5302 3
5303 3
5304 1
5305 4
5306 2
5307 2
5308 4
5309 5
5310 4
5311 4
5312 2
5313 0
5314 1
5315 0
5316 3
5317 2
5318 0
5319 0
5320 1
5321 4
5322 2
5323 3
5324 2
5325 1
5326 2
5327 1
5328 5
5329 0
5330 0
5331 4
5332 0
5333 2
5334 2
5335 1
5336 4
5337 2
5338 1
5339 0
5340 2
5341 3
5342 2
5343 3
5344 3
5345 0
5346 5
5347 1
5348 3
5349 3
5350 4
5351 4
5352 2
5353 5
5354 2
5355 2
5356 0
5357 2
5358 1
5359 2
5360 5
5361 0
5362 0
5363 2
5364 0
5365 3
5366 0
5367 1
5368 5
5369 2
5370 3
5371 1
5372 2
5373 5
5374 4
5375 2
5376 1
5377 1
5378 0
5379 3
5380 2
5381 2
5382 3
5383 3
5384 3
5385 3
5386 2
5387 2
5388 2
5389 3
5390 1
5391 4
5392 2
5393 2
5394 4
5395 5
5396 2
5397 2
5398 2
5399 2
5400 0
5401 0
5402 2
5403 1
5404 0
5405 1
5406 4
5407 4
5408 2
5409 1
5410 3
5411 2
5412 2
5413 0
5414 1
5415 4
5416 4
5417 1
5418 4
5419 0
5420 1
5421 3
5422 2
5423 0
5424 2
5425 1
5426 2
5427 2
5428 0
5429 3
5430 3
5431 0
5432 3
5433 0
5434 1
5435 2
5436 0
5437 2
5438 4
5439 1
5440 1
5441 1
5442 2
5443 0
5444 0
5445 5
5446 1
5447 3
5448 1
5449 2
5450 0
5451 3
5452 4
5453 0
5454 4
5455 3
5456 1
5457 1
5458 0
5459 1
5460 1
5461 4
5462 0
5463 5
5464 3
5465 1
5466 4
5467 1
5468 2
5469 4
5470 3
5471 0
5472 3
5473 0
5474 3
5475 3
5476 1
5477 0
5478 2
5479 2
5480 0
5481 0
5482 4
5483 1
5484 1
5485 3
5486 1
5487 2
5488 1
5489 1
5490 0
5491 0
5492 0
5493 2
5494 0
5495 0
5496 0
5497 3
5498 2
5499 1
5500 4
5501 0
5502 4
5503 0
5504 2
5505 2
5506 2
5507 3
5508 1
5509 3
5510 0
5511 2
5512 0
5513 1
5514 1
5515 5
5516 2
5517 4
5518 3
5519 4
5520 1
5521 3
5522 0
5523 1
5524 1
5525 1
5526 3
5527 2
5528 1
5529 0
5530 0
5531 1
5532 0
5533 1
5534 4
5535 4
5536 2
5537 2
5538 2
5539 1
5540 3
5541 4
5542 1
5543 4
5544 2
5545 4
5546 1
5547 2
5548 0
5549 2
5550 4
5551 1
5552 2
5553 4
5554 3
5555 3
5556 4
5557 3
5558 1
5559 4
5560 2
5561 2
5562 3
5563 3
5564 3
5565 3
5566 1
5567 2
5568 1
5569 0
5570 1
5571 0
5572 0
5573 2
5574 1
5575 1
5576 0
5577 2
5578 0
5579 0
5580 2
5581 0
5582 2
5583 0
5584 2
5585 0
5586 3
5587 3
5588 4
5589 0
5590 4
5591 1
5592 1
5593 0
5594 2
5595 3
5596 4
5597 2
5598 3
5599 3
5600 2
5601 2
5602 3
5603 2
5604 4
5605 0
5606 0
5607 0
5608 3
5609 3
5610 2
5611 4
5612 0
5613 2
5614 1
5615 3
5616 3
5617 1
5618 1
5619 2
5620 4
5621 1
5622 1
5623 3
5624 1
5625 2
5626 3
5627 1
5628 4
5629 1
5630 4
5631 3
5632 2
5633 0
5634 2
5635 1
5636 2
5637 3
5638 1
5639 4
5640 1
5641 1
5642 4
5643 1
5644 0
5645 1
5646 6
5647 4
5648 0
5649 5
5650 3
5651 0
5652 0
5653 0
5654 1
5655 3
5656 2
5657 2
5658 2
5659 0
5660 1
5661 5
5662 5
5663 0
5664 2
5665 1
5666 2
5667 3
5668 2
5669 0
5670 4
5671 5
5672 1
5673 1
5674 0
5675 1
5676 2
5677 4
5678 2
5679 2
5680 1
5681 2
5682 2
5683 3
5684 0
5685 2
5686 3
5687 1
5688 2
5689 3
5690 1
5691 3
5692 0
5693 1
5694 0
5695 0
5696 2
5697 1
5698 5
5699 1
5700 0
5701 3
5702 5
5703 1
5704 0
5705 0
5706 4
5707 1
5708 2
5709 4
5710 0
5711 0
5712 2
5713 2
5714 0
5715 4
5716 2
5717 1
5718 1
5719 0
5720 2
5721 4
5722 4
5723 5
5724 0
5725 1
5726 2
5727 1
5728 1
5729 6
5730 4
5731 0
5732 3
5733 0
5734 5
5735 3
5736 3
5737 0
5738 3
5739 3
5740 3
5741 3
5742 2
5743 3
5744 0
5745 0
5746 4
5747 0
5748 0
5749 2
5750 0
5751 1
5752 0
5753 1
5754 1
5755 1
5756 1
5757 1
5758 4
5759 4
5760 2
5761 2
5762 2
5763 0
5764 4
5765 0
5766 4
5767 3
5768 0
5769 3
5770 4
5771 1
5772 3
5773 0
5774 0
5775 4
5776 4
5777 4
5778 1
5779 2
5780 4
5781 5
5782 5
5783 0
5784 1
5785 0
5786 4
5787 2
5788 1
5789 4
5790 4
5791 1
5792 3
5793 0
5794 1
5795 1
5796 2
5797 1
5798 5
5799 1
5800 2
5801 4
5802 1
5803 1
5804 3
5805 1
5806 3
5807 1
5808 2
5809 0
5810 4
5811 0
5812 4
5813 0
5814 1
5815 2
5816 5
5817 3
5818 0
5819 3
5820 4
5821 2
5822 1
5823 4
5824 1
5825 2
5826 1
5827 1
5828 0
5829 3
5830 0
5831 3
5832 0
5833 2
5834 0
5835 4
5836 5
5837 3
5838 3
5839 2
5840 3
5841 0
5842 3
5843 2
5844 0
5845 4
5846 2
5847 2
5848 0
5849 0
5850 3
5851 3
5852 2
5853 2
5854 4
5855 3
5856 0
5857 2
5858 0
5859 2
5860 1
5861 3
5862 2
5863 5
5864 3
5865 1
5866 0
5867 4
5868 3
5869 4
5870 0
5871 3
5872 1
5873 1
5874 2
5875 2
5876 1
5877 0
5878 1
5879 3
5880 2
5881 4
5882 1
5883 2
5884 2
5885 1
5886 0
5887 1
5888 0
5889 1
5890 5
5891 4
5892 3
5893 1
5894 2
5895 4
5896 3
5897 5
5898 1
5899 3
5900 1
5901 2
5902 0
5903 1
5904 4
5905 3
5906 1
5907 1
5908 0
5909 0
5910 2
5911 3
5912 0
5913 0
5914 2
5915 1
5916 4
5917 4
5918 5
5919 0
5920 0
5921 1
5922 1
5923 1
5924 0
5925 3
5926 1
5927 0
5928 1
5929 0
5930 4
5931 1
5932 5
5933 0
5934 1
5935 4
5936 2
5937 0
5938 2
5939 0
5940 4
5941 1
5942 3
5943 5
5944 1
5945 0
5946 2
5947 3
5948 3
5949 4
5950 1
5951 1
5952 4
5953 0
5954 4
5955 3
5956 0
5957 0
5958 4
5959 3
5960 1
5961 1
5962 1
5963 0
5964 3
5965 5
5966 2
5967 2
5968 2
5969 3
5970 0
5971 2
5972 5
5973 5
5974 4
5975 1
5976 3
5977 4
5978 0
5979 2
5980 0
5981 1
5982 4
5983 3
5984 3
5985 1
5986 1
5987 4
5988 2
5989 2
5990 1
5991 1
5992 0
5993 4
5994 2
5995 3
5996 1
5997 3
5998 0
5999 3
6000 5
6001 4
6002 1
6003 2
6004 0
6005 1
6006 1
6007 1
6008 1
6009 1
6010 4
6011 0
6012 4
6013 3
6014 1
6015 2
6016 2
6017 2
6018 3
6019 3
6020 1
6021 2
6022 2
6023 2
6024 4
6025 0
6026 3
6027 5
6028 0
6029 3
6030 0
6031 1
6032 0
6033 3
6034 0
6035 0
6036 3
6037 0
6038 3
6039 1
6040 0
6041 3
6042 1
6043 1
6044 5
6045 3
6046 0
6047 0
6048 5
6049 0
6050 0
6051 5
6052 1
6053 0
6054 4
6055 4
6056 4
6057 1
6058 0
6059 1
6060 3
6061 3
6062 2
6063 2
6064 2
6065 4
6066 5
6067 2
6068 2
6069 0
6070 1
6071 4
6072 1
6073 3
6074 2
6075 0
6076 0
6077 1
6078 2
6079 2
6080 0
6081 0
6082 5
6083 2
6084 2
6085 2
6086 3
6087 2
6088 3
6089 4
6090 2
6091 4
6092 1
6093 3
6094 4
6095 2
6096 2
6097 3
6098 1
6099 1
6100 3
6101 2
6102 4
6103 2
6104 1
6105 2
6106 2
6107 0
6108 1
6109 6
6110 0
6111 2
6112 3
6113 3
6114 1
6115 1
6116 2
6117 1
6118 0
6119 0
6120 1
6121 3
6122 0
6123 3
6124 2
6125 2
6126 2
6127 1
6128 0
6129 1
6130 0
6131 4
6132 2
6133 1
6134 2
6135 4
6136 1
6137 2
6138 3
6139 4
6140 2
6141 4
6142 1
6143 3
6144 3
6145 1
6146 3
6147 1
6148 0
6149 0
6150 1
6151 0
6152 2
6153 2
6154 4
6155 2
6156 1
6157 0
6158 2
6159 1
6160 3
6161 2
6162 4
6163 2
6164 1
6165 3
6166 2
6167 4
6168 2
6169 1
6170 2
6171 0
6172 3
6173 2
6174 3
6175 4
6176 3
6177 0
6178 2
6179 2
6180 4
6181 3
6182 2
6183 3
6184 4
6185 1
6186 1
6187 1
6188 1
6189 0
6190 2
6191 1
6192 2
6193 5
6194 2
6195 3
6196 0
6197 4
6198 3
6199 1
6200 1
6201 0
6202 0
6203 4
6204 1
6205 0
6206 2
6207 4
6208 4
6209 0
6210 4
6211 4
6212 0
6213 0
6214 4
6215 0
6216 1
6217 0
6218 3
6219 0
6220 0
6221 3
6222 5
6223 0
6224 1
6225 4
6226 3
6227 0
6228 3
6229 0
6230 3
6231 2
6232 4
6233 3
6234 2
6235 4
6236 2
6237 0
6238 0
6239 3
6240 0
6241 1
6242 1
6243 0
6244 1
6245 3
6246 2
6247 2
6248 1
6249 3
6250 0
6251 4
6252 1
6253 3
6254 2
6255 1
6256 3
6257 0
6258 2
6259 4
6260 1
6261 1
6262 4
6263 3
6264 2
6265 0
6266 3
6267 4
6268 0
6269 1
6270 1
6271 2
6272 3
6273 0
6274 1
6275 4
6276 1
6277 5
6278 3
6279 3
6280 5
6281 3
6282 1
6283 0
6284 2
6285 5
6286 2
6287 3
6288 4
6289 4
6290 2
6291 4
6292 0
6293 4
6294 0
6295 4
6296 1
6297 3
6298 4
6299 2
6300 0
6301 4
6302 1
6303 3
6304 2
6305 3
6306 0
6307 0
6308 4
6309 0
6310 2
6311 0
6312 3
6313 1
6314 2
6315 1
6316 5
6317 1
6318 3
6319 1
6320 4
6321 4
6322 1
6323 1
6324 5
6325 0
6326 0
6327 1
6328 3
6329 2
6330 3
6331 2
6332 3
6333 0
6334 2
6335 1
6336 2
6337 1
6338 4
6339 4
6340 3
6341 0
6342 4
6343 4
6344 3
6345 4
6346 2
6347 1
6348 3
6349 3
6350 3
6351 3
6352 2
6353 2
6354 2
6355 0
6356 5
6357 2
6358 0
6359 3
6360 0
6361 2
6362 1
6363 3
6364 1
6365 2
6366 0
6367 1
6368 0
6369 2
6370 1
6371 2
6372 2
6373 0
6374 0
6375 0
6376 3
6377 1
6378 3
6379 2
6380 4
6381 2
6382 4
6383 0
6384 0
6385 1
6386 3
6387 1
6388 2
6389 0
6390 1
6391 2
6392 1
6393 3
6394 1
6395 0
6396 3
6397 4
6398 1
6399 5
6400 1
6401 1
6402 0
6403 2
6404 0
6405 3
6406 1
6407 5
6408 0
6409 4
6410 4
6411 3
6412 3
6413 1
6414 1
6415 0
6416 3
6417 4
6418 1
6419 2
6420 2
6421 0
6422 2
6423 2
6424 2
6425 0
6426 4
6427 0
6428 4
6429 1
6430 3
6431 2
6432 3
6433 3
6434 3
6435 0
6436 0
6437 3
6438 0
6439 1
6440 0
6441 4
6442 0
6443 1
6444 0
6445 3
6446 2
6447 3
6448 0
6449 3
6450 3
6451 1
6452 3
6453 0
6454 1
6455 5
6456 2
6457 3
6458 2
6459 3
6460 2
6461 1
6462 1
6463 1
6464 2
6465 4
6466 3
6467 0
6468 0
6469 2
6470 1
6471 1
6472 4
6473 0
6474 1
6475 1
6476 0
6477 0
6478 1
6479 1
6480 3
6481 4
6482 4
6483 2
6484 2
6485 2
6486 3
6487 4
6488 1
6489 0
6490 4
6491 3
6492 0
6493 2
6494 0
6495 3
6496 0
6497 5
6498 4
6499 1
6500 2
6501 0
6502 2
6503 4
6504 2
6505 3
6506 0
6507 1
6508 1
6509 1
6510 3
6511 5
6512 1
6513 1
6514 3
6515 1
6516 1
6517 1
6518 4
6519 5
6520 0
6521 2
6522 1
6523 2
6524 3
6525 5
6526 0
6527 2
6528 4
6529 1
6530 2
6531 0
6532 3
6533 1
6534 0
6535 1
6536 4
6537 0
6538 2
6539 3
6540 1
6541 5
6542 1
6543 2
6544 4
6545 1
6546 1
6547 3
6548 1
6549 5
6550 3
6551 0
6552 4
6553 3
6554 2
6555 1
6556 1
6557 2
6558 0
6559 2
6560 0
6561 3
6562 4
6563 0
6564 5
6565 1
6566 3
6567 1
6568 0
6569 1
6570 1
6571 2
6572 2
6573 3
6574 3
6575 0
6576 1
6577 1
6578 1
6579 0
6580 0
6581 5
6582 1
6583 0
6584 1
6585 0
6586 3
6587 0
6588 2
6589 0
6590 3
6591 5
6592 1
6593 2
6594 0
6595 0
6596 2
6597 3
6598 1
6599 1
6600 0
6601 3
6602 3
6603 1
6604 1
6605 3
6606 0
6607 2
6608 3
6609 0
6610 1
6611 3
6612 4
6613 4
6614 0
6615 3
6616 0
6617 4
6618 1
6619 0
6620 2
6621 1
6622 4
6623 1
6624 1
6625 1
6626 1
6627 4
6628 1
6629 0
6630 4
6631 2
6632 0
6633 2
6634 1
6635 2
6636 2
6637 2
6638 0
6639 3
6640 1
6641 0
6642 6
6643 4
6644 3
6645 4
6646 0
6647 2
6648 0
6649 4
6650 2
6651 2
6652 2
6653 3
6654 4
6655 0
6656 1
6657 1
6658 0
6659 2
6660 2
6661 4
6662 4
6663 0
6664 0
6665 4
6666 3
6667 1
6668 2
6669 3
6670 2
6671 4
6672 1
6673 0
6674 5
6675 0
6676 1
6677 3
6678 2
6679 3
6680 4
6681 0
6682 3
6683 1
6684 0
6685 0
6686 0
6687 2
6688 3
6689 0
6690 1
6691 3
6692 4
6693 3
6694 3
6695 2
6696 2
6697 1
6698 0
6699 3
6700 1
6701 4
6702 0
6703 0
6704 0
6705 4
6706 1
6707 0
6708 1
6709 0
6710 0
6711 1
6712 3
6713 1
6714 4
6715 0
6716 3
6717 0
6718 0
6719 1
6720 1
6721 5
6722 1
6723 3
6724 2
6725 2
6726 3
6727 4
6728 0
6729 4
6730 4
6731 1
6732 3
6733 0
6734 4
6735 3
6736 3
6737 0
6738 0
6739 0
6740 2
6741 0
6742 4
6743 2
6744 1
6745 2
6746 0
6747 0
6748 0
6749 4
6750 3
6751 1
6752 4
6753 0
6754 3
6755 0
6756 4
6757 2
6758 2
6759 3
6760 3
6761 2
6762 2
6763 1
6764 3
6765 1
6766 0
6767 2
6768 4
6769 0
6770 0
6771 1
6772 0
6773 3
6774 0
6775 2
6776 0
6777 2
6778 4
6779 2
6780 5
6781 1
6782 5
6783 0
6784 3
6785 1
6786 0
6787 0
6788 3
6789 0
6790 2
6791 2
6792 1
6793 0
6794 2
6795 0
6796 4
6797 4
6798 3
6799 4
6800 3
6801 0
6802 4
6803 1
6804 0
6805 4
6806 3
6807 0
6808 0
6809 4
6810 1
6811 2
6812 2
6813 0
6814 4
6815 1
6816 4
6817 3
6818 2
6819 0
6820 3
6821 2
6822 2
6823 2
6824 4
6825 0
6826 0
6827 2
6828 0
6829 5
6830 2
6831 1
6832 4
6833 4
6834 3
6835 0
6836 3
6837 1
6838 3
6839 2
6840 1
6841 2
6842 0
6843 4
6844 4
6845 4
6846 4
6847 2
6848 1
6849 1
6850 3
6851 3
6852 0
6853 0
6854 3
6855 0
6856 4
6857 1
6858 3
6859 3
6860 2
6861 3
6862 4
6863 0
6864 5
6865 2
6866 3
6867 4
6868 2
6869 1
6870 1
6871 1
6872 4
6873 3
6874 1
6875 0
6876 2
6877 2
6878 1
6879 4
6880 4
6881 1
6882 3
6883 1
6884 0
6885 1
6886 1
6887 4
6888 1
6889 4
6890 2
6891 2
6892 0
6893 2
6894 4
6895 1
6896 3
6897 3
6898 4
6899 2
6900 4
6901 3
6902 0
6903 3
6904 1
6905 1
6906 1
6907 3
6908 2
6909 1
6910 2
6911 1
6912 0
6913 2
6914 3
6915 0
6916 1
6917 0
6918 2
6919 0
6920 1
6921 0
6922 0
6923 3
6924 1
6925 0
6926 0
6927 2
6928 0
6929 0
6930 2
6931 2
6932 2
6933 2
6934 3
6935 3
6936 4
6937 1
6938 2
6939 2
6940 0
6941 4
6942 3
6943 2
6944 2
6945 3
6946 4
6947 4
6948 0
6949 2
6950 0
6951 1
6952 1
6953 4
6954 3
6955 3
6956 4
6957 1
6958 0
6959 4
6960 1
6961 2
6962 5
6963 0
6964 1
6965 0
6966 2
6967 2
6968 3
6969 2
6970 3
6971 1
6972 1
6973 2
6974 4
6975 1
6976 1
6977 3
6978 1
6979 0
6980 1
6981 0
6982 0
6983 0
6984 1
6985 2
6986 3
6987 5
6988 0
6989 2
6990 4
6991 2
6992 3
6993 3
6994 2
6995 3
6996 0
6997 0
6998 0
6999 1
7000 0
7001 2
7002 4
7003 3
7004 3
7005 1
7006 2
7007 0
7008 1
7009 0
7010 3
7011 2
7012 3
7013 0
7014 1
7015 2
7016 0
7017 3
7018 2
7019 3
7020 4
7021 5
7022 3
7023 1
7024 2
7025 3
7026 3
7027 3
7028 1
7029 3
7030 1
7031 1
7032 0
7033 3
7034 0
7035 2
7036 0
7037 0
7038 4
7039 4
7040 3
7041 0
7042 3
7043 0
7044 3
7045 0
7046 5
7047 1
7048 5
7049 1
7050 1
7051 2
7052 2
7053 0
7054 0
7055 1
7056 3
7057 3
7058 3
7059 0
7060 1
7061 5
7062 0
7063 1
7064 2
7065 4
7066 2
7067 3
7068 0
7069 2
7070 3
7071 1
7072 0
7073 3
7074 0
7075 3
7076 4
7077 0
7078 2
7079 1
7080 0
7081 3
7082 2
7083 2
7084 0
7085 0
7086 0
7087 1
7088 1
7089 2
7090 1
7091 2
7092 0
7093 3
7094 2
7095 0
7096 2
7097 3
7098 3
7099 1
7100 4
7101 3
7102 4
7103 3
7104 4
7105 3
7106 3
7107 2
7108 1
7109 4
7110 3
7111 0
7112 3
7113 4
7114 0
7115 2
7116 3
7117 2
7118 2
7119 1
7120 3
7121 0
7122 0
7123 2
7124 4
7125 3
7126 0
7127 1
7128 2
7129 3
7130 1
7131 0
7132 3
7133 2
7134 3
7135 2
7136 2
7137 1
7138 2
7139 1
7140 4
7141 0
7142 0
7143 3
7144 0
7145 1
7146 2
7147 0
7148 2
7149 2
7150 1
7151 0
7152 0
7153 0
7154 3
7155 4
7156 2
7157 4
7158 1
7159 3
7160 5
7161 2
7162 1
7163 2
7164 3
7165 3
7166 1
7167 0
7168 4
7169 2
7170 2
7171 4
7172 3
7173 1
7174 3
7175 2
7176 2
7177 3
7178 3
7179 5
7180 3
7181 4
7182 3
7183 4
7184 2
7185 0
7186 2
7187 5
7188 1
7189 1
7190 1
7191 4
7192 1
7193 1
7194 3
7195 1
7196 1
7197 3
7198 3
7199 2
7200 1
7201 0
7202 0
7203 0
7204 3
7205 5
7206 2
7207 1
7208 2
7209 4
7210 2
7211 0
7212 2
7213 5
7214 3
7215 4
7216 2
7217 2
7218 1
7219 3
7220 2
7221 0
7222 0
7223 3
7224 1
7225 3
7226 1
7227 0
7228 1
7229 1
7230 2
7231 0
7232 2
7233 1
7234 3
7235 4
7236 3
7237 3
7238 2
7239 5
7240 1
7241 1
7242 0
7243 3
7244 0
7245 4
7246 3
7247 4
7248 1
7249 4
7250 1
7251 4
7252 0
7253 3
7254 0
7255 1
7256 4
7257 0
7258 4
7259 4
7260 0
7261 4
7262 3
7263 3
7264 2
7265 0
7266 3
7267 4
7268 1
7269 0
7270 1
7271 0
7272 0
7273 0
7274 3
7275 0
7276 3
7277 1
7278 2
7279 5
7280 3
7281 4
7282 4
7283 0
7284 0
7285 1
7286 2
7287 4
7288 0
7289 5
7290 5
7291 4
7292 2
7293 1
7294 3
7295 0
7296 2
7297 1
7298 0
7299 4
7300 1
7301 1
7302 3
7303 4
7304 1
7305 3
7306 3
7307 1
7308 0
7309 1
7310 2
7311 3
7312 0
7313 5
7314 2
7315 0
7316 3
7317 5
7318 1
7319 2
7320 0
7321 2
7322 3
7323 1
7324 1
7325 1
7326 1
7327 3
7328 3
7329 0
7330 2
7331 2
7332 0
7333 4
7334 0
7335 0
7336 0
7337 1
7338 2
7339 3
7340 0
7341 2
7342 3
7343 2
7344 3
7345 0
7346 2
7347 0
7348 1
7349 0
7350 2
7351 2
7352 0
7353 1
7354 0
7355 0
7356 0
7357 3
7358 0
7359 2
7360 3
7361 1
7362 1
7363 0
7364 4
7365 2
7366 1
7367 2
7368 2
7369 1
7370 6
7371 0
7372 0
7373 3
7374 3
7375 1
7376 4
7377 5
7378 3
7379 1
7380 1
7381 5
7382 0
7383 1
7384 2
7385 1
7386 0
7387 1
7388 0
7389 0
7390 3
7391 1
7392 2
7393 1
7394 3
7395 4
7396 1
7397 0
7398 3
7399 1
7400 2
7401 1
7402 2
7403 2
7404 1
7405 3
7406 0
7407 2
7408 4
7409 0
7410 3
7411 4
7412 0
7413 3
7414 2
7415 2
7416 0
7417 3
7418 4
7419 0
7420 3
7421 4
7422 0
7423 5
7424 1
7425 2
7426 3
7427 3
7428 2
7429 4
7430 1
7431 1
7432 4
7433 5
7434 2
7435 3
7436 2
7437 0
7438 2
7439 0
7440 0
7441 1
7442 0
7443 0
7444 1
7445 1
7446 4
7447 2
7448 1
7449 1
7450 0
7451 0
7452 0
7453 0
7454 4
7455 0
7456 5
7457 1
7458 2
7459 2
7460 1
7461 3
7462 4
7463 1
7464 2
7465 4
7466 1
7467 2
7468 1
7469 2
7470 5
7471 0
7472 0
7473 0
7474 4
7475 1
7476 4
7477 0
7478 4
7479 2
7480 2
7481 1
7482 1
7483 0
7484 0
7485 4
7486 1
7487 0
7488 3
7489 4
7490 2
7491 1
7492 0
7493 0
7494 1
7495 3
7496 1
7497 1
7498 1
7499 1
7500 4
7501 1
7502 3
7503 4
7504 2
7505 1
7506 0
7507 3
7508 5
7509 2
7510 0
7511 0
7512 1
7513 0
7514 3
7515 1
7516 0
7517 0
7518 0
7519 1
7520 1
7521 0
7522 4
7523 2
7524 0
7525 3
7526 0
7527 1
7528 1
7529 4
7530 1
7531 4
7532 4
7533 0
7534 0
7535 2
7536 0
7537 1
7538 0
7539 4
7540 1
7541 4
7542 2
7543 2
7544 3
7545 0
7546 1
7547 2
7548 1
7549 3
7550 2
7551 3
7552 0
7553 2
7554 0
7555 1
7556 3
7557 2
7558 1
7559 0
7560 0
7561 4
7562 0
7563 1
7564 1
7565 2
7566 5
7567 0
7568 3
7569 0
7570 1
7571 1
7572 3
7573 1
7574 5
7575 0
7576 2
7577 4
7578 2
7579 2
7580 0
7581 0
7582 1
7583 1
7584 2
7585 2
7586 3
7587 3
7588 3
7589 2
7590 4
7591 3
7592 0
7593 2
7594 1
7595 1
7596 0
7597 1
7598 4
7599 6
7600 2
7601 0
7602 2
7603 0
7604 0
7605 2
7606 1
7607 3
7608 0
7609 0
7610 1
7611 5
7612 1
7613 2
7614 2
7615 4
7616 4
7617 5
7618 2
7619 2
7620 2
7621 1
7622 1
7623 3
7624 2
7625 1
7626 1
7627 3
7628 0
7629 4
7630 3
7631 2
7632 1
7633 2
7634 1
7635 0
7636 5
7637 0
7638 1
7639 2
7640 5
7641 3
7642 2
7643 4
7644 1
7645 3
7646 3
7647 1
7648 3
7649 1
7650 0
7651 5
7652 1
7653 1
7654 2
7655 4
7656 3
7657 1
7658 1
7659 0
7660 1
7661 5
7662 1
7663 2
7664 2
7665 4
7666 2
7667 1
7668 3
7669 4
7670 0
7671 0
7672 1
7673 0
7674 0
7675 2
7676 2
7677 3
7678 4
7679 4
7680 2
7681 0
7682 3
7683 1
7684 1
7685 3
7686 4
7687 3
7688 0
7689 3
7690 2
7691 1
7692 4
7693 5
7694 1
7695 2
7696 3
7697 1
7698 3
7699 0
7700 3
7701 0
7702 1
7703 0
7704 1
7705 0
7706 2
7707 3
7708 4
7709 0
7710 1
7711 0
7712 5
7713 0
7714 0
7715 1
7716 5
7717 0
7718 0
7719 1
7720 0
7721 5
7722 0
7723 2
7724 0
7725 2
7726 2
7727 4
7728 4
7729 2
7730 5
7731 2
7732 0
7733 1
7734 0
7735 2
7736 2
7737 4
7738 0
7739 0
7740 1
7741 2
7742 2
7743 2
7744 5
7745 0
7746 3
7747 0
7748 0
7749 2
7750 1
7751 2
7752 1
7753 1
7754 1
7755 3
7756 1
7757 4
7758 1
7759 1
7760 0
7761 3
7762 1
7763 0
7764 2
7765 0
7766 2
7767 0
7768 3
7769 1
7770 4
7771 2
7772 2
7773 3
7774 2
7775 3
7776 1
7777 5
7778 1
7779 2
7780 1
7781 2
7782 2
7783 0
7784 1
7785 4
7786 0
7787 2
7788 3
7789 4
7790 1
7791 3
7792 1
7793 1
7794 2
7795 1
7796 2
7797 0
7798 0
7799 1
7800 1
7801 1
7802 4
7803 2
7804 5
7805 1
7806 3
7807 1
7808 2
7809 1
7810 3
7811 4
7812 1
7813 0
7814 3
7815 1
7816 0
7817 1
7818 3
7819 2
7820 0
7821 0
7822 3
7823 3
7824 1
7825 1
7826 3
7827 2
7828 3
7829 1
7830 2
7831 0
7832 4
7833 1
7834 1
7835 2
7836 1
7837 2
7838 0
7839 0
7840 2
7841 1
7842 1
7843 0
7844 2
7845 0
7846 1
7847 1
7848 0
7849 0
7850 0
7851 1
7852 2
7853 2
7854 4
7855 3
7856 0
7857 2
7858 1
7859 1
7860 2
7861 0
7862 1
7863 0
7864 1
7865 0
7866 0
7867 0
7868 1
7869 3
7870 3
7871 2
7872 0
7873 3
7874 0
7875 1
7876 4
7877 4
7878 3
7879 3
7880 0
7881 3
7882 3
7883 3
7884 0
7885 0
7886 3
7887 3
7888 0
7889 0
7890 1
7891 3
7892 2
7893 2
7894 3
7895 0
7896 4
7897 0
7898 4
7899 1
7900 2
7901 5
7902 4
7903 0
7904 1
7905 4
7906 1
7907 3
7908 4
7909 0
7910 1
7911 0
7912 3
7913 4
7914 3
7915 1
7916 3
7917 1
7918 0
7919 1
7920 5
7921 2
7922 3
7923 4
7924 2
7925 1
7926 0
7927 1
7928 1
7929 0
7930 2
7931 2
7932 3
7933 2
7934 1
7935 0
7936 0
7937 3
7938 3
7939 0
7940 1
7941 2
7942 2
7943 1
7944 0
7945 1
7946 5
7947 0
7948 2
7949 2
7950 0
7951 3
7952 0
7953 2
7954 4
7955 3
7956 2
7957 2
7958 0
7959 5
7960 3
7961 2
7962 2
7963 0
7964 4
7965 4
7966 4
7967 5
7968 3
7969 0
7970 0
7971 0
7972 4
7973 1
7974 5
7975 0
7976 3
7977 3
7978 2
7979 3
7980 3
7981 1
7982 2
7983 1
7984 1
7985 4
7986 0
7987 3
7988 2
7989 2
7990 0
7991 1
7992 1
7993 4
7994 1
7995 1
7996 0
7997 0
7998 0
7999 1
8000 3
8001 4
8002 4
8003 3
8004 0
8005 2
8006 2
8007 3
8008 3
8009 0
8010 3
8011 2
8012 3
8013 2
8014 5
8015 5
8016 5
8017 1
8018 2
8019 1
8020 1
8021 0
8022 1
8023 1
8024 4
8025 5
8026 0
8027 4
8028 3
8029 2
8030 0
8031 2
8032 3
8033 0
8034 2
8035 3
8036 1
8037 2
8038 1
8039 2
8040 2
8041 4
8042 3
8043 0
8044 0
8045 0
8046 0
8047 1
8048 2
8049 0
8050 1
8051 0
8052 2
8053 0
8054 3
8055 1
8056 4
8057 2
8058 0
8059 1
8060 2
8061 2
8062 1
8063 2
8064 0
8065 4
8066 0
8067 1
8068 2
8069 4
8070 2
8071 3
8072 1
8073 0
8074 1
8075 0
8076 2
8077 3
8078 2
8079 2
8080 4
8081 1
8082 0
8083 3
8084 4
8085 5
8086 4
8087 1
8088 2
8089 1
8090 1
8091 2
8092 3
8093 0
8094 2
8095 2
8096 5
8097 3
8098 0
8099 0
8100 4
8101 1
8102 4
8103 0
8104 4
8105 2
8106 2
8107 1
8108 1
8109 3
8110 0
8111 5
8112 3
8113 2
8114 4
8115 4
8116 0
8117 0
8118 2
8119 0
8120 2
8121 1
8122 1
8123 1
8124 0
8125 1
8126 0
8127 4
8128 2
8129 2
8130 0
8131 4
8132 4
8133 1
8134 2
8135 3
8136 3
8137 5
8138 2
8139 4
8140 2
8141 4
8142 3
8143 3
8144 3
8145 4
8146 2
8147 2
8148 3
8149 3
8150 0
8151 2
8152 2
8153 4
8154 2
8155 1
8156 2
8157 3
8158 0
8159 1
8160 1
8161 0
8162 0
8163 3
8164 1
8165 4
8166 1
8167 3
8168 2
8169 4
8170 1
8171 4
8172 2
8173 1
8174 1
8175 0
8176 3
8177 2
8178 4
8179 3
8180 3
8181 2
8182 2
8183 1
8184 2
8185 4
8186 4
8187 2
8188 1
8189 2
8190 2
8191 2
8192 3
8193 2
8194 3
8195 4
8196 0
8197 2
8198 3
8199 1
8200 0
8201 0
8202 4
8203 4
8204 0
8205 1
8206 3
8207 1
8208 3
8209 2
8210 0
8211 6
8212 3
8213 0
8214 1
8215 3
8216 2
8217 1
8218 3
8219 3
8220 2
8221 1
8222 1
8223 2
8224 0
8225 2
8226 1
8227 3
8228 3
8229 1
8230 0
8231 2
8232 5
8233 3
8234 1
8235 0
8236 0
8237 1
8238 0
8239 1
8240 2
8241 0
8242 0
8243 2
8244 2
8245 0
8246 2
8247 1
8248 5
8249 0
8250 3
8251 0
8252 0
8253 3
8254 2
8255 0
8256 2
8257 4
8258 1
8259 4
8260 2
8261 0
8262 0
8263 0
8264 3
8265 4
8266 0
8267 2
8268 0
8269 2
8270 0
8271 1
8272 2
8273 4
8274 4
8275 4
8276 4
8277 2
8278 1
8279 3
8280 0
8281 1
8282 0
8283 3
8284 4
8285 4
8286 3
8287 4
8288 2
8289 5
8290 3
8291 1
8292 3
8293 1
8294 2
8295 0
8296 2
8297 1
8298 2
8299 0
8300 1
8301 2
8302 0
8303 2
8304 2
8305 0
8306 4
8307 1
8308 0
8309 2
8310 3
8311 1
8312 2
8313 1
8314 0
8315 4
8316 5
8317 1
8318 1
8319 0
8320 3
8321 4
8322 3
8323 3
8324 1
8325 0
8326 1
8327 2
8328 2
8329 5
8330 1
8331 1
8332 0
8333 3
8334 4
8335 5
8336 3
8337 2
8338 1
8339 3
8340 5
8341 1
8342 5
8343 1
8344 0
8345 0
8346 0
8347 1
8348 3
8349 3
8350 1
8351 0
8352 1
8353 3
8354 2
8355 1
8356 2
8357 0
8358 2
8359 1
8360 2
8361 1
8362 4
8363 3
8364 2
8365 1
8366 1
8367 0
8368 0
8369 1
8370 3
8371 2
8372 5
8373 1
8374 3
8375 0
8376 1
8377 3
8378 1
8379 3
8380 0
8381 3
8382 2
8383 3
8384 2
8385 1
8386 2
8387 2
8388 2
8389 3
8390 0
8391 0
8392 0
8393 2
8394 3
8395 0
8396 2
8397 1
8398 1
8399 4
8400 4
8401 2
8402 0
8403 3
8404 4
8405 0
8406 5
8407 3
8408 2
8409 1
8410 3
8411 1
8412 3
8413 0
8414 3
8415 2
8416 5
8417 1
8418 1
8419 1
8420 4
8421 1
8422 1
8423 1
8424 0
8425 5
8426 4
8427 1
8428 2
8429 0
8430 4
8431 2
8432 4
8433 4
8434 0
8435 2
8436 0
8437 3
8438 0
8439 1
8440 1
8441 4
8442 0
8443 2
8444 3
8445 1
8446 3
8447 3
8448 1
8449 1
8450 1
8451 0
8452 6
8453 2
8454 0
8455 4
8456 0
8457 0
8458 4
8459 0
8460 1
8461 4
8462 0
8463 1
8464 5
8465 0
8466 1
8467 1
8468 1
8469 3
8470 3
8471 4
8472 3
8473 1
8474 1
8475 5
8476 0
8477 3
8478 3
8479 0
8480 2
8481 3
8482 0
8483 1
8484 0
8485 1
8486 2
8487 4
8488 0
8489 4
8490 0
8491 3
8492 4
8493 2
8494 3
8495 2
8496 3
8497 5
8498 2
8499 1
8500 0
8501 2
8502 3
8503 2
8504 0
8505 5
8506 3
8507 4
8508 3
8509 3
8510 0
8511 2
8512 0
8513 3
8514 3
8515 2
8516 5
8517 1
8518 1
8519 1
8520 1
8521 1
8522 1
8523 0
8524 1
8525 1
8526 1
8527 2
8528 2
8529 5
8530 1
8531 6
8532 1
8533 0
8534 3
8535 0
8536 4
8537 0
8538 1
8539 4
8540 3
8541 2
8542 0
8543 0
8544 1
8545 4
8546 2
8547 3
8548 1
8549 1
8550 1
8551 2
8552 1
8553 3
8554 2
8555 3
8556 2
8557 3
8558 1
8559 1
8560 4
8561 0
8562 3
8563 2
8564 5
8565 2
8566 4
8567 1
8568 3
8569 5
8570 2
8571 2
8572 1
8573 1
8574 2
8575 5
8576 4
8577 4
8578 2
8579 3
8580 1
8581 0
8582 1
8583 2
8584 1
8585 0
8586 5
8587 2
8588 2
8589 4
8590 2
8591 1
8592 2
8593 2
8594 5
8595 1
8596 4
8597 0
8598 0
8599 1
8600 1
8601 2
8602 3
8603 1
8604 3
8605 5
8606 2
8607 4
8608 2
8609 1
8610 3
8611 3
8612 1
8613 5
8614 3
8615 0
8616 3
8617 4
8618 0
8619 1
8620 0
8621 1
8622 1
8623 2
8624 1
8625 5
8626 1
8627 5
8628 3
8629 4
8630 0
8631 0
8632 3
8633 1
8634 0
8635 2
8636 2
8637 2
8638 2
8639 1
8640 5
8641 4
8642 3
8643 4
8644 0
8645 4
8646 1
8647 1
8648 0
8649 2
8650 1
8651 4
8652 2
8653 0
8654 4
8655 0
8656 3
8657 2
8658 2
8659 3
8660 1
8661 3
8662 0
8663 4
8664 0
8665 0
8666 2
8667 1
8668 2
8669 0
8670 0
8671 2
8672 3
8673 2
8674 4
8675 3
8676 0
8677 2
8678 2
8679 0
8680 2
8681 3
8682 1
8683 1
8684 2
8685 4
8686 4
8687 1
8688 4
8689 1
8690 3
8691 1
8692 4
8693 0
8694 2
8695 1
8696 3
8697 3
8698 3
8699 2
8700 0
8701 0
8702 4
8703 4
8704 3
8705 0
8706 0
8707 0
8708 0
8709 0
8710 3
8711 0
8712 2
8713 1
8714 3
8715 4
8716 3
8717 1
8718 0
8719 3
8720 2
8721 4
8722 3
8723 1
8724 1
8725 0
8726 2
8727 1
8728 4
8729 3
8730 3
8731 4
8732 4
8733 0
8734 3
8735 2
8736 0
8737 1
8738 1
8739 4
8740 0
8741 1
8742 0
8743 2
8744 3
8745 3
8746 5
8747 2
8748 0
8749 5
8750 2
8751 1
8752 2
8753 0
8754 4
8755 4
8756 1
8757 4
8758 2
8759 1
8760 1
8761 1
8762 4
8763 0
8764 3
8765 2
8766 2
8767 5
8768 2
8769 3
8770 0
8771 1
8772 1
8773 1
8774 1
8775 5
8776 2
8777 2
8778 3
8779 3
8780 4
8781 1
8782 1
8783 2
8784 1
8785 1
8786 1
8787 0
8788 0
8789 2
8790 2
8791 0
8792 0
8793 3
8794 3
8795 2
8796 0
8797 2
8798 5
8799 3
8800 3
8801 3
8802 5
8803 5
8804 1
8805 4
8806 1
8807 3
8808 4
8809 4
8810 4
8811 2
8812 1
8813 2
8814 0
8815 3
8816 0
8817 4
8818 0
8819 2
8820 2
8821 0
8822 2
8823 2
8824 0
8825 3
8826 3
8827 3
8828 3
8829 0
8830 1
8831 0
8832 2
8833 3
8834 3
8835 2
8836 6
8837 1
8838 4
8839 5
8840 4
8841 4
8842 4
8843 1
8844 3
8845 5
8846 2
8847 0
8848 5
8849 3
8850 3
8851 3
8852 1
8853 2
8854 1
8855 4
8856 3
8857 4
8858 1
8859 2
8860 4
8861 3
8862 3
8863 2
8864 0
8865 2
8866 4
8867 4
8868 0
8869 3
8870 1
8871 1
8872 4
8873 0
8874 3
8875 4
8876 1
8877 0
8878 0
8879 2
8880 1
8881 4
8882 4
8883 0
8884 1
8885 4
8886 3
8887 0
8888 3
8889 3
8890 5
8891 1
8892 2
8893 4
8894 1
8895 2
8896 0
8897 0
8898 4
8899 0
8900 0
8901 2
8902 4
8903 1
8904 0
8905 0
8906 4
8907 0
8908 2
8909 1
8910 2
8911 0
8912 0
8913 1
8914 1
8915 0
8916 1
8917 5
8918 3
8919 3
8920 2
8921 4
8922 3
8923 3
8924 1
8925 3
8926 4
8927 0
8928 0
8929 1
8930 1
8931 4
8932 0
8933 4
8934 4
8935 3
8936 0
8937 1
8938 2
8939 4
8940 0
8941 2
8942 4
8943 4
8944 1
8945 0
8946 3
8947 1
8948 2
8949 2
8950 3
8951 3
8952 0
8953 4
8954 3
8955 3
8956 3
8957 4
8958 0
8959 1
8960 2
8961 3
8962 0
8963 2
8964 1
8965 0
8966 1
8967 3
8968 3
8969 2
8970 4
8971 1
8972 3
8973 2
8974 5
8975 0
8976 0
8977 3
8978 0
8979 2
8980 1
8981 4
8982 0
8983 3
8984 5
8985 0
8986 0
8987 2
8988 4
8989 1
8990 1
8991 3
8992 2
8993 2
8994 0
8995 0
8996 2
8997 1
8998 2
8999 1
9000 3
9001 1
9002 1
9003 2
9004 2
9005 1
9006 1
9007 4
9008 1
9009 1
9010 2
9011 2
9012 3
9013 0
9014 3
9015 3
9016 4
9017 4
9018 2
9019 0
9020 2
9021 0
9022 3
9023 2
9024 0
9025 3
9026 4
9027 4
9028 1
9029 2
9030 1
9031 5
9032 0
9033 2
9034 3
9035 2
9036 2
9037 3
9038 0
9039 2
9040 1
9041 2
9042 0
9043 3
9044 2
9045 2
9046 1
9047 1
9048 1
9049 0
9050 1
9051 5
9052 0
9053 5
9054 3
9055 1
9056 1
9057 0
9058 4
9059 2
9060 3
9061 5
9062 1
9063 1
9064 0
9065 0
9066 1
9067 2
9068 0
9069 0
9070 2
9071 3
9072 0
9073 1
9074 3
9075 2
9076 2
9077 2
9078 2
9079 3
9080 1
9081 0
9082 0
9083 2
9084 2
9085 0
9086 1
9087 1
9088 2
9089 2
9090 0
9091 0
9092 0
9093 2
9094 0
9095 1
9096 1
9097 1
9098 4
9099 0
9100 1
9101 3
9102 2
9103 1
9104 0
9105 4
9106 2
9107 2
9108 0
9109 5
9110 2
9111 0
9112 2
9113 1
9114 1
9115 0
9116 5
9117 2
9118 2
9119 3
9120 3
9121 2
9122 1
9123 3
9124 1
9125 1
9126 3
9127 1
9128 1
9129 4
9130 2
9131 1
9132 0
9133 0
9134 3
9135 3
9136 1
9137 4
9138 4
9139 3
9140 1
9141 1
9142 0
9143 2
9144 3
9145 3
9146 0
9147 0
9148 0
9149 0
9150 0
9151 1
9152 0
9153 0
9154 3
9155 0
9156 4
9157 2
9158 0
9159 5
9160 0
9161 2
9162 3
9163 3
9164 2
9165 0
9166 1
9167 3
9168 2
9169 3
9170 2
9171 0
9172 3
9173 0
9174 4
9175 1
9176 1
9177 1
9178 3
9179 3
9180 0
9181 3
9182 1
9183 2
9184 2
9185 0
9186 2
9187 0
9188 1
9189 4
9190 1
9191 0
9192 1
9193 0
9194 4
9195 2
9196 3
9197 2
9198 2
9199 3
9200 2
9201 4
9202 1
9203 3
9204 3
9205 5
9206 2
9207 0
9208 1
9209 0
9210 1
9211 2
9212 4
9213 3
9214 6
9215 2
9216 3
9217 2
9218 1
9219 2
9220 4
9221 1
9222 0
9223 1
9224 2
9225 4
9226 3
9227 2
9228 1
9229 0
9230 2
9231 5
9232 3
9233 1
9234 2
9235 0
9236 4
9237 2
9238 0
9239 4
9240 0
9241 2
9242 1
9243 0
9244 2
9245 1
9246 0
9247 3
9248 2
9249 1
9250 0
9251 3
9252 1
9253 0
9254 3
9255 1
9256 0
9257 0
9258 1
9259 1
9260 0
9261 1
9262 3
9263 5
9264 2
9265 3
9266 0
9267 1
9268 4
9269 0
9270 1
9271 5
9272 3
9273 1
9274 2
9275 1
9276 3
9277 3
9278 2
9279 1
9280 4
9281 1
9282 4
9283 3
9284 3
9285 4
9286 0
9287 1
9288 2
9289 3
9290 4
9291 1
9292 3
9293 2
9294 1
9295 0
9296 1
9297 1
9298 5
9299 3
9300 5
9301 0
9302 5
9303 1
9304 0
9305 1
9306 3
9307 3
9308 2
9309 2
9310 3
9311 3
9312 1
9313 2
9314 3
9315 1
9316 2
9317 3
9318 4
9319 0
9320 2
9321 1
9322 1
9323 1
9324 2
9325 0
9326 1
9327 1
9328 4
9329 1
9330 2
9331 2
9332 5
9333 3
9334 1
9335 0
9336 2
9337 2
9338 5
9339 1
9340 1
9341 0
9342 4
9343 1
9344 3
9345 0
9346 3
9347 2
9348 3
9349 1
9350 2
9351 0
9352 0
9353 1
9354 3
9355 0
9356 2
9357 1
9358 3
9359 2
9360 2
9361 2
9362 0
9363 5
9364 4
9365 4
9366 1
9367 0
9368 1
9369 2
9370 2
9371 5
9372 3
9373 0
9374 2
9375 2
9376 1
9377 5
9378 4
9379 1
9380 1
9381 3
9382 4
9383 2
9384 1
9385 2
9386 4
9387 0
9388 2
9389 1
9390 2
9391 3
9392 1
9393 3
9394 4
9395 2
9396 4
9397 5
9398 0
9399 2
9400 3
9401 5
9402 2
9403 4
9404 5
9405 0
9406 3
9407 1
9408 5
9409 1
9410 3
9411 0
9412 5
9413 3
9414 0
9415 3
9416 4
9417 3
9418 2
9419 0
9420 0
9421 4
9422 1
9423 4
9424 2
9425 4
9426 2
9427 4
9428 0
9429 3
9430 1
9431 1
9432 0
9433 2
9434 0
9435 1
9436 4
9437 4
9438 2
9439 0
9440 0
9441 2
9442 0
9443 6
9444 0
9445 4
9446 4
9447 1
9448 0
9449 3
9450 0
9451 2
9452 4
9453 3
9454 1
9455 2
9456 3
9457 3
9458 0
9459 1
9460 4
9461 2
9462 3
9463 3
9464 3
9465 1
9466 2
9467 4
9468 1
9469 1
9470 3
9471 3
9472 1
9473 0
9474 5
9475 0
9476 0
9477 0
9478 0
9479 0
9480 4
9481 4
9482 1
9483 4
9484 5
9485 1
9486 1
9487 2
9488 1
9489 3
9490 3
9491 0
9492 5
9493 3
9494 5
9495 0
9496 2
9497 2
9498 2
9499 2
9500 0
9501 3
9502 2
9503 3
9504 5
9505 4
9506 3
9507 2
9508 5
9509 1
9510 3
9511 1
9512 1
9513 2
9514 0
9515 2
9516 3
9517 4
9518 0
9519 1
9520 0
9521 2
9522 0
9523 4
9524 2
9525 1
9526 1
9527 5
9528 3
9529 0
9530 5
9531 3
9532 0
9533 2
9534 4
9535 3
9536 3
9537 0
9538 1
9539 3
9540 0
9541 2
9542 1
9543 1
9544 1
9545 3
9546 1
9547 3
9548 2
9549 2
9550 2
9551 2
9552 1
9553 0
9554 0
9555 2
9556 0
9557 3
9558 1
9559 4
9560 3
9561 4
9562 1
9563 0
9564 3
9565 3
9566 1
9567 1
9568 4
9569 0
9570 0
9571 3
9572 1
9573 3
9574 5
9575 2
9576 0
9577 0
9578 3
9579 2
9580 1
9581 2
9582 0
9583 4
9584 1
9585 4
9586 1
9587 3
9588 1
9589 3
9590 2
9591 5
9592 3
9593 0
9594 5
9595 1
9596 2
9597 0
9598 1
9599 1
9600 1
9601 2
9602 3
9603 4
9604 4
9605 3
9606 1
9607 3
9608 0
9609 2
9610 1
9611 1
9612 3
9613 4
9614 4
9615 0
9616 0
9617 3
9618 0
9619 4
9620 0
9621 0
9622 4
9623 3
9624 2
9625 2
9626 4
9627 1
9628 3
9629 2
9630 4
9631 2
9632 3
9633 5
9634 4
9635 0
9636 1
9637 2
9638 0
9639 3
9640 5
9641 3
9642 1
9643 1
9644 2
9645 1
9646 5
9647 0
9648 2
9649 2
9650 1
9651 2
9652 1
9653 2
9654 2
9655 2
9656 2
9657 5
9658 2
9659 2
9660 1
9661 1
9662 1
9663 2
9664 1
9665 2
9666 0
9667 1
9668 2
9669 2
9670 5
9671 4
9672 3
9673 3
9674 3
9675 0
9676 0
9677 3
9678 2
9679 3
9680 3
9681 5
9682 5
9683 2
9684 2
9685 1
9686 0
9687 1
9688 0
9689 1
9690 0
9691 1
9692 1
9693 2
9694 1
9695 1
9696 2
9697 3
9698 2
9699 4
9700 3
9701 3
9702 2
9703 5
9704 2
9705 3
9706 2
9707 0
9708 0
9709 3
9710 0
9711 4
9712 2
9713 0
9714 4
9715 2
9716 1
9717 3
9718 2
9719 2
9720 0
9721 0
9722 3
9723 4
9724 2
9725 5
9726 1
9727 2
9728 4
9729 1
9730 3
9731 2
9732 4
9733 0
9734 4
9735 3
9736 0
9737 4
9738 0
9739 2
9740 0
9741 3
9742 0
9743 0
9744 1
9745 1
9746 4
9747 1
9748 3
9749 0
9750 3
9751 1
9752 1
9753 0
9754 1
9755 0
9756 0
9757 3
9758 2
9759 5
9760 1
9761 0
9762 2
9763 4
9764 1
9765 3
9766 5
9767 4
9768 3
9769 3
9770 3
9771 0
9772 0
9773 2
9774 0
9775 2
9776 3
9777 0
9778 0
9779 0
9780 2
9781 1
9782 1
9783 2
9784 2
9785 1
9786 1
9787 0
9788 1
9789 0
9790 5
9791 0
9792 2
9793 3
9794 4
9795 1
9796 4
9797 0
9798 0
9799 2
9800 2
9801 1
9802 2
9803 5
9804 2
9805 0
9806 0
9807 4
9808 2
9809 1
9810 3
9811 0
9812 2
9813 1
9814 3
9815 0
9816 1
9817 0
9818 0
9819 1
9820 3
9821 2
9822 4
9823 3
9824 2
9825 4
9826 0
9827 3
9828 0
9829 5
9830 3
9831 3
9832 2
9833 4
9834 5
9835 1
9836 3
9837 4
9838 1
9839 3
9840 0
9841 4
9842 1
9843 4
9844 1
9845 0
9846 2
9847 3
9848 2
9849 1
9850 3
9851 4
9852 0
9853 3
9854 4
9855 2
9856 4
9857 2
9858 1
9859 5
9860 2
9861 0
9862 1
9863 2
9864 1
9865 2
9866 1
9867 0
9868 1
9869 1
9870 1
9871 1
9872 2
9873 0
9874 0
9875 3
9876 1
9877 2
9878 6
9879 4
9880 0
9881 3
9882 0
9883 0
9884 1
9885 3
9886 0
9887 0
9888 2
9889 1
9890 2
9891 2
9892 2
9893 0
9894 0
9895 2
9896 2
9897 1
9898 5
9899 5
9900 0
9901 2
9902 5
9903 1
9904 3
9905 5
9906 1
9907 4
9908 1
9909 0
9910 5
9911 0
9912 3
9913 2
9914 5
9915 0
9916 3
9917 0
9918 1
9919 4
9920 4
9921 3
9922 1
9923 3
9924 2
9925 1
9926 1
9927 3
9928 2
9929 0
9930 4
9931 5
9932 5
9933 4
9934 2
9935 0
9936 2
9937 1
9938 3
9939 3
9940 2
9941 2
9942 0
9943 2
9944 2
9945 4
9946 4
9947 0
9948 2
9949 2
9950 3
9951 1
9952 0
9953 0
9954 4
9955 2
9956 1
9957 0
9958 1
9959 1
9960 0
9961 1
9962 2
9963 2
9964 3
9965 2
9966 1
9967 4
9968 0
9969 1
9970 2
9971 4
9972 2
9973 0
9974 5
9975 1
9976 1
9977 2
9978 2
9979 2
9980 3
9981 0
9982 1
9983 2
9984 0
9985 0
9986 3
9987 0
9988 1
9989 3
9990 3
9991 2
9992 3
9993 2
9994 2
9995 2
9996 3
9997 1
9998 3
9999 4
10000 2
10001 2
10002 2
10003 0
10004 2
10005 2
10006 2
10007 0
10008 0
10009 1
10010 0
10011 1
10012 0
10013 0
10014 3
10015 4
10016 3
10017 4
10018 3
10019 5
10020 5
10021 2
10022 2
10023 0
10024 2
10025 0
10026 0
10027 2
10028 2
10029 0
10030 5
10031 0
10032 1
10033 1
10034 3
10035 0
10036 4
10037 1
10038 6
10039 1
10040 1
10041 2
10042 1
10043 2
10044 2
10045 1
10046 4
10047 3
10048 4
10049 0
10050 2
10051 0
10052 4
10053 2
10054 5
10055 0
10056 4
10057 1
10058 1
10059 2
10060 0
10061 1
10062 0
10063 0
10064 3
10065 1
10066 0
10067 1
10068 0
10069 0
10070 2
10071 4
10072 3
10073 2
10074 3
10075 0
10076 4
10077 1
10078 1
10079 0
10080 4
10081 2
10082 1
10083 3
10084 4
10085 4
10086 2
10087 5
10088 0
10089 1
10090 4
10091 1
10092 1
10093 3
10094 3
10095 4
10096 3
10097 0
10098 2
10099 3
10100 4
10101 0
10102 2
10103 2
10104 0
10105 3
10106 0
10107 3
10108 0
10109 1
10110 3
10111 2
10112 1
10113 2
10114 2
10115 3
10116 1
10117 3
10118 3
10119 2
10120 0
10121 0
10122 2
10123 2
10124 3
10125 0
10126 2
10127 3
10128 1
10129 2
10130 1
10131 0
10132 0
10133 2
10134 4
10135 1
10136 0
10137 3
10138 1
10139 0
10140 1
10141 3
10142 1
10143 4
10144 3
10145 1
10146 1
10147 1
10148 1
10149 1
10150 3
10151 3
10152 2
10153 0
10154 1
10155 2
10156 2
10157 2
10158 2
10159 3
10160 1
10161 5
10162 4
10163 3
10164 0
10165 0
10166 1
10167 1
10168 0
10169 1
10170 4
10171 1
10172 0
10173 1
10174 1
10175 3
10176 0
10177 1
10178 0
10179 3
10180 3
10181 2
10182 3
10183 6
10184 2
10185 2
10186 1
10187 1
10188 2
10189 0
10190 0
10191 1
10192 0
10193 1
10194 4
10195 3
10196 4
10197 3
10198 3
10199 3
10200 4
10201 0
10202 1
10203 1
10204 1
10205 2
10206 0
10207 5
10208 2
10209 1
10210 1
10211 3
10212 2
10213 2
10214 3
10215 1
10216 4
10217 3
10218 4
10219 2
10220 3
10221 2
10222 0
10223 4
10224 0
10225 0
10226 1
10227 4
10228 4
10229 2
10230 1
10231 2
10232 0
10233 1
10234 1
10235 1
10236 2
10237 3
10238 1
10239 4
10240 2
10241 3
10242 1
10243 2
10244 3
10245 3
10246 0
10247 2
10248 2
10249 2
10250 3
10251 4
10252 0
10253 3
10254 0
10255 3
10256 1
10257 2
10258 4
10259 3
10260 5
10261 3
10262 1
10263 3
10264 0
10265 3
10266 2
10267 0
10268 4
10269 1
10270 1
10271 0
10272 1
10273 4
10274 0
10275 0
10276 5
10277 1
10278 4
10279 1
10280 1
10281 0
10282 1
10283 3
10284 4
10285 3
10286 3
10287 2
10288 1
10289 0
10290 2
10291 3
10292 0
10293 0
10294 4
10295 2
10296 1
10297 1
10298 0
10299 0
10300 3
10301 1
10302 3
10303 4
10304 4
10305 2
10306 4
10307 2
10308 1
10309 5
10310 4
10311 0
10312 4
10313 1
10314 0
10315 1
10316 4
10317 0
10318 2
10319 6
10320 1
10321 2
10322 2
10323 0
10324 1
10325 5
10326 4
10327 2
10328 2
10329 3
10330 2
10331 1
10332 3
10333 2
10334 1
10335 2
10336 2
10337 2
10338 4
10339 3
10340 1
10341 3
10342 2
10343 2
10344 3
10345 1
10346 1
10347 2
10348 2
10349 2
10350 0
10351 0
10352 1
10353 4
10354 4
10355 2
10356 3
10357 4
10358 4
10359 1
10360 3
10361 4
10362 1
10363 1
10364 5
10365 3
10366 1
10367 0
10368 5
10369 5
10370 0
10371 2
10372 1
10373 0
10374 3
10375 0
10376 2
10377 0
10378 5
10379 3
10380 3
10381 4
10382 4
10383 4
10384 4
10385 2
10386 0
10387 2
10388 0
10389 1
10390 5
10391 3
10392 2
10393 0
10394 1
10395 5
10396 0
10397 1
10398 5
10399 2
10400 0
10401 1
10402 2
10403 1
10404 2
10405 2
10406 0
10407 0
10408 2
10409 1
10410 1
10411 2
10412 3
10413 2
10414 1
10415 3
10416 2
10417 3
10418 3
10419 4
10420 1
10421 0
10422 3
10423 2
10424 1
10425 4
10426 0
10427 3
10428 1
10429 1
10430 2
10431 2
10432 4
10433 4
10434 0
10435 0
10436 3
10437 2
10438 1
10439 4
10440 4
10441 2
10442 0
10443 2
10444 4
10445 3
10446 2
10447 1
10448 4
10449 3
10450 1
10451 0
10452 5
10453 0
10454 5
10455 1
10456 1
10457 5
10458 4
10459 4
10460 1
10461 3
10462 0
10463 0
10464 4
10465 5
10466 1
10467 0
10468 2
10469 0
10470 0
10471 0
10472 1
10473 1
10474 4
10475 0
10476 3
10477 0
10478 2
10479 4
10480 0
10481 4
10482 1
10483 4
10484 0
10485 3
10486 1
10487 1
10488 0
10489 5
10490 3
10491 4
10492 1
10493 3
10494 3
10495 4
10496 2
10497 2
10498 1
10499 1
10500 1
10501 5
10502 4
10503 4
10504 0
10505 4
10506 5
10507 2
10508 4
10509 4
10510 2
10511 1
10512 1
10513 3
10514 1
10515 0
10516 0
10517 4
10518 3
10519 0
10520 1
10521 2
10522 3
10523 1
10524 3
10525 0
10526 3
10527 0
10528 0
10529 1
10530 1
10531 2
10532 3
10533 3
10534 1
10535 0
10536 2
10537 2
10538 2
10539 0
10540 0
10541 0
10542 0
10543 2
10544 2
10545 0
10546 1
10547 4
10548 1
10549 1
10550 0
10551 4
10552 0
10553 0
10554 3
10555 2
10556 4
10557 4
10558 2
10559 1
10560 0
10561 1
10562 1
10563 2
10564 5
10565 2
10566 0
10567 2
10568 3
10569 3
10570 1
10571 1
10572 2
10573 3
10574 3
10575 2
10576 2
10577 3
10578 1
10579 1
10580 4
10581 1
10582 3
10583 0
10584 0
10585 3
10586 0
10587 1
10588 5
10589 4
10590 2
10591 2
10592 2
10593 1
10594 2
10595 0
10596 1
10597 1
10598 1
10599 2
10600 2
10601 2
10602 0
10603 3
10604 3
10605 2
10606 1
10607 0
10608 2
10609 4
10610 4
10611 1
10612 2
10613 1
10614 2
10615 1
10616 1
10617 3
10618 1
10619 0
10620 3
10621 3
10622 3
10623 1
10624 2
10625 3
10626 4
10627 1
10628 1
10629 1
10630 0
10631 1
10632 2
10633 2
10634 2
10635 0
10636 4
10637 0
10638 3
10639 0
10640 1
10641 0
10642 2
10643 3
10644 3
10645 5
10646 0
10647 2
10648 3
10649 0
10650 0
10651 1
10652 4
10653 1
10654 4
10655 0
10656 4
10657 2
10658 0
10659 3
10660 4
10661 5
10662 1
10663 3
10664 0
10665 2
10666 2
10667 0
10668 2
10669 2
10670 0
10671 3
10672 4
10673 0
10674 3
10675 3
10676 2
10677 4
10678 3
10679 0
10680 1
10681 4
10682 0
10683 4
10684 1
10685 0
10686 0
10687 4
10688 0
10689 1
10690 1
10691 1
10692 4
10693 4
10694 3
10695 1
10696 1
10697 3
10698 3
10699 1
10700 0
10701 3
10702 4
10703 2
10704 2
10705 2
10706 2
10707 2
10708 0
10709 0
10710 2
10711 1
10712 0
10713 4
10714 3
10715 1
10716 1
10717 4
10718 3
10719 2
10720 1
10721 2
10722 1
10723 0
10724 0
10725 5
10726 4
10727 3
10728 0
10729 3
10730 0
10731 2
10732 2
10733 0
10734 1
10735 3
10736 4
10737 2
10738 0
10739 1
10740 0
10741 3
10742 5
10743 4
10744 1
10745 0
10746 2
10747 2
10748 1
10749 1
10750 0
10751 1
10752 2
10753 0
10754 0
10755 0
10756 6
10757 0
10758 1
10759 2
10760 3
10761 1
10762 3
10763 0
10764 4
10765 2
10766 1
10767 5
10768 0
10769 4
10770 2
10771 0
10772 3
10773 1
10774 0
10775 4
10776 0
10777 2
10778 2
10779 2
10780 1
10781 2
10782 0
10783 1
10784 0
10785 1
10786 4
10787 0
10788 5
10789 1
10790 3
10791 0
10792 2
10793 2
10794 3
10795 3
10796 2
10797 2
10798 4
10799 0
10800 4
10801 3
10802 0
10803 5
10804 5
10805 0
10806 2
10807 0
10808 1
10809 4
10810 4
10811 0
10812 0
10813 0
10814 0
10815 3
10816 3
10817 0
10818 1
10819 2
10820 3
10821 1
10822 1
10823 0
10824 4
10825 4
10826 0
10827 1
10828 5
10829 1
10830 1
10831 1
10832 1
10833 0
10834 1
10835 3
10836 0
10837 0
10838 4
10839 0
10840 0
10841 5
10842 3
10843 3
10844 2
10845 0
10846 4
10847 1
10848 3
10849 1
10850 1
10851 4
10852 3
10853 3
10854 4
10855 3
10856 5
10857 2
10858 0
10859 2
10860 0
10861 4
10862 1
10863 3
10864 2
10865 2
10866 0
10867 4
10868 3
10869 0
10870 0
10871 1
10872 1
10873 3
10874 0
10875 2
10876 5
10877 4
10878 4
10879 3
10880 2
10881 3
10882 3
10883 3
10884 3
10885 3
10886 0
10887 1
10888 1
10889 2
10890 0
10891 3
10892 3
10893 0
10894 4
10895 2
10896 4
10897 1
10898 3
10899 0
10900 0
10901 1
10902 1
10903 3
10904 1
10905 4
10906 4
10907 2
10908 4
10909 4
10910 2
10911 3
10912 1
10913 0
10914 2
10915 0
10916 2
10917 3
10918 0
10919 5
10920 3
10921 0
10922 0
10923 4
10924 1
10925 1
10926 1
10927 4
10928 0
10929 2
10930 0
10931 2
10932 2
10933 1
10934 2
10935 5
10936 3
10937 3
10938 0
10939 0
10940 4
10941 4
10942 3
10943 1
10944 2
10945 4
10946 0
10947 1
10948 2
10949 2
10950 1
10951 1
10952 0
10953 1
10954 3
10955 1
10956 4
10957 1
10958 3
10959 0
10960 3
10961 0
10962 1
10963 1
10964 4
10965 1
10966 0
10967 4
10968 4
10969 3
10970 2
10971 2
10972 2
10973 2
10974 2
10975 3
10976 4
10977 2
10978 0
10979 0
10980 0
10981 0
10982 5
10983 5
10984 0
10985 2
10986 3
10987 0
10988 4
10989 0
10990 1
10991 1
10992 3
10993 1
10994 0
10995 1
10996 2
10997 1
10998 1
10999 1
11000 0
11001 1
11002 0
11003 5
11004 1
11005 0
11006 2
11007 0
11008 2
11009 0
11010 1
11011 2
11012 1
11013 2
11014 1
11015 0
11016 4
11017 4
11018 3
11019 2
11020 0
11021 1
11022 1
11023 4
11024 1
11025 1
11026 4
11027 5
11028 0
11029 4
11030 3
11031 3
11032 0
11033 3
11034 1
11035 1
11036 5
11037 1
11038 1
11039 2
11040 0
11041 3
11042 4
11043 4
11044 4
11045 3
11046 0
11047 2
11048 2
11049 1
11050 2
11051 1
11052 0
11053 2
11054 5
11055 2
11056 2
11057 2
11058 1
11059 2
11060 1
11061 2
11062 3
11063 5
11064 4
11065 4
11066 2
11067 3
11068 2
11069 0
11070 0
11071 1
11072 0
11073 0
11074 1
11075 0
11076 4
11077 2
11078 5
11079 0
11080 2
11081 0
11082 0
11083 1
11084 1
11085 1
11086 3
11087 3
11088 5
11089 0
11090 3
11091 3
11092 2
11093 3
11094 4
11095 2
11096 2
11097 4
11098 1
11099 1
11100 0
11101 1
11102 2
11103 0
11104 1
11105 0
11106 2
11107 0
11108 3
11109 1
11110 2
11111 1
11112 5
11113 4
11114 1
11115 2
11116 1
11117 2
11118 0
11119 1
11120 0
11121 1
11122 2
11123 2
11124 0
11125 3
11126 2
11127 0
11128 0
11129 1
11130 1
11131 2
11132 0
11133 3
11134 0
11135 0
11136 0
11137 1
11138 5
11139 3
11140 0
11141 3
11142 2
11143 4
11144 3
11145 0
11146 1
11147 2
11148 1
11149 6
11150 2
11151 0
11152 3
11153 3
11154 2
11155 0
11156 4
11157 0
11158 4
11159 1
11160 3
11161 4
11162 0
11163 1
11164 1
11165 4
11166 2
11167 2
11168 3
11169 0
11170 5
11171 5
11172 3
11173 3
11174 2
11175 1
11176 4
11177 2
11178 3
11179 2
11180 1
11181 5
11182 0
11183 3
11184 1
11185 4
11186 5
11187 1
11188 5
11189 4
11190 1
11191 1
11192 1
11193 0
11194 3
11195 1
11196 2
11197 4
11198 3
11199 4
11200 1
11201 2
11202 2
11203 3
11204 3
11205 0
11206 4
11207 3
11208 0
11209 3
11210 2
11211 1
11212 0
11213 4
11214 4
11215 2
11216 0
11217 3
11218 1
11219 4
11220 5
11221 1
11222 1
11223 2
11224 3
11225 2
11226 4
11227 3
11228 4
11229 0
11230 2
11231 1
11232 2
11233 3
11234 2
11235 1
11236 1
11237 3
11238 1
11239 4
11240 0
11241 5
11242 2
11243 4
11244 2
11245 3
11246 0
11247 1
11248 1
11249 2
11250 5
11251 5
11252 0
11253 2
11254 3
11255 4
11256 1
11257 0
11258 0
11259 0
11260 4
11261 3
11262 0
11263 0
11264 0
11265 2
11266 1
11267 0
11268 1
11269 2
11270 0
11271 2
11272 1
11273 3
11274 5
11275 0
11276 1
11277 0
11278 2
11279 3
11280 0
11281 0
11282 5
11283 1
11284 2
11285 0
11286 4
11287 1
11288 1
11289 0
11290 1
11291 2
11292 4
11293 0
11294 3
11295 2
11296 3
11297 0
11298 3
11299 1
11300 1
11301 1
11302 3
11303 5
11304 2
11305 0
11306 4
11307 1
11308 0
11309 3
11310 0
11311 4
11312 4
11313 2
11314 0
11315 1
11316 1
11317 2
11318 1
11319 1
11320 3
11321 5
11322 3
11323 1
11324 4
11325 3
11326 0
11327 3
11328 3
11329 4
11330 1
11331 4
11332 4
11333 0
11334 0
11335 4
11336 0
11337 2
11338 2
11339 5
11340 1
11341 2
11342 3
11343 0
11344 5
11345 4
11346 3
11347 1
11348 1
11349 1
11350 4
11351 0
11352 1
11353 4
11354 3
11355 0
11356 0
11357 4
11358 2
11359 0
11360 5
11361 1
11362 3
11363 1
11364 0
11365 1
11366 1
11367 2
11368 1
11369 3
11370 1
11371 1
11372 0
11373 4
11374 1
11375 0
11376 3
11377 0
11378 0
11379 1
11380 0
11381 1
11382 1
11383 3
11384 3
11385 0
11386 1
11387 0
11388 4
11389 0
11390 1
11391 5
11392 1
11393 0
11394 1
11395 5
11396 1
11397 0
11398 2
11399 2
11400 3
11401 2
11402 0
11403 4
11404 2
11405 3
11406 3
11407 1
11408 0
11409 4
11410 3
11411 3
11412 2
11413 1
11414 0
11415 0
11416 1
11417 4
11418 0
11419 3
11420 0
11421 0
11422 0
11423 4
11424 0
11425 1
11426 2
11427 2
11428 4
11429 3
11430 2
11431 1
11432 1
11433 2
11434 3
11435 1
11436 3
11437 3
11438 2
11439 2
11440 1
11441 1
11442 1
11443 1
11444 4
11445 4
11446 4
11447 0
11448 0
11449 2
11450 3
11451 0
11452 0
11453 3
11454 1
11455 2
11456 0
11457 4
11458 3
11459 2
11460 4
11461 1
11462 3
11463 3
11464 0
11465 5
11466 4
11467 2
11468 1
11469 3
11470 1
11471 2
11472 0
11473 2
11474 2
11475 0
11476 4
11477 4
11478 1
11479 3
11480 3
11481 0
11482 6
11483 3
11484 4
11485 3
11486 1
11487 4
11488 5
11489 1
11490 3
11491 0
11492 4
11493 0
11494 5
11495 1
11496 0
11497 0
11498 5
11499 0
11500 3
11501 2
11502 4
11503 3
11504 0
11505 1
11506 2
11507 2
11508 3
11509 2
11510 1
11511 2
11512 3
11513 2
11514 1
11515 0
11516 0
11517 2
11518 2
11519 4
11520 0
11521 0
11522 3
11523 2
11524 0
11525 0
11526 2
11527 4
11528 2
11529 1
11530 3
11531 2
11532 2
11533 4
11534 5
11535 2
11536 0
11537 3
11538 2
11539 2
11540 2
11541 2
11542 0
11543 5
11544 1
11545 0
11546 2
11547 2
11548 5
11549 0
11550 3
11551 1
11552 2
11553 1
11554 0
11555 0
11556 0
11557 3
11558 0
11559 4
11560 1
11561 2
11562 1
11563 0
11564 1
11565 0
11566 2
11567 1
11568 2
11569 4
11570 3
11571 3
11572 1
11573 0
11574 1
11575 1
11576 2
11577 3
11578 3
11579 3
11580 4
11581 3
11582 0
11583 2
11584 3
11585 0
11586 1
11587 3
11588 2
11589 0
11590 1
11591 0
11592 3
11593 5
11594 2
11595 4
11596 3
11597 0
11598 1
11599 1
11600 2
11601 0
11602 2
11603 1
11604 2
11605 4
11606 0
11607 4
11608 4
11609 1
11610 2
11611 2
11612 3
11613 0
11614 1
11615 3
11616 1
11617 1
11618 4
11619 1
11620 4
11621 1
11622 3
11623 0
11624 2
11625 0
11626 2
11627 2
11628 2
11629 0
11630 1
11631 0
11632 1
11633 2
11634 1
11635 4
11636 1
11637 3
11638 2
11639 1
11640 4
11641 3
11642 3
11643 2
11644 3
11645 3
11646 0
11647 0
11648 1
11649 3
11650 1
11651 3
11652 0
11653 4
11654 0
11655 5
11656 3
11657 4
11658 1
11659 3
11660 1
11661 4
11662 0
11663 2
11664 3
11665 1
11666 3
11667 0
11668 2
11669 0
11670 1
11671 0
11672 4
11673 1
11674 0
11675 0
11676 6
11677 2
11678 3
11679 1
11680 1
11681 0
11682 3
11683 4
11684 0
11685 3
11686 3
11687 4
11688 1
11689 4
11690 0
11691 3
11692 2
11693 0
11694 0
11695 1
11696 3
11697 2
11698 4
11699 2
11700 1
11701 5
11702 4
11703 1
11704 2
11705 3
11706 4
11707 5
11708 2
11709 3
11710 1
11711 2
11712 4
11713 5
11714 2
11715 4
11716 0
11717 4
11718 4
11719 2
11720 2
11721 2
11722 5
11723 1
11724 3
11725 3
11726 2
11727 3
11728 3
11729 4
11730 1
11731 3
11732 0
11733 1
11734 4
11735 3
11736 4
11737 0
11738 0
11739 1
11740 0
11741 2
11742 4
11743 2
11744 3
11745 3
11746 1
11747 3
11748 3
11749 3
11750 4
11751 2
11752 4
11753 1
11754 3
11755 2
11756 0
11757 2
11758 2
11759 0
11760 3
11761 1
11762 4
11763 1
11764 0
11765 0
11766 3
11767 4
11768 3
11769 1
11770 5
11771 0
11772 1
11773 2
11774 1
11775 1
11776 0
11777 1
11778 1
11779 3
11780 1
11781 4
11782 1
11783 2
11784 2
11785 1
11786 1
11787 2
11788 3
11789 3
11790 1
11791 3
11792 0
11793 2
11794 4
11795 2
11796 2
11797 1
11798 3
11799 2
11800 1
11801 0
11802 2
11803 2
11804 1
11805 2
11806 1
11807 0
11808 0
11809 0
11810 2
11811 2
11812 1
11813 3
11814 5
11815 5
11816 2
11817 0
11818 2
11819 2
11820 1
11821 4
11822 2
11823 0
11824 2
11825 1
11826 1
11827 2
11828 0
11829 0
11830 4
11831 2
11832 3
11833 0
11834 4
11835 4
11836 0
11837 4
11838 2
11839 2
11840 5
11841 3
11842 4
11843 3
11844 3
11845 4
11846 4
11847 1
11848 2
11849 1
11850 0
11851 1
11852 2
11853 4
11854 1
11855 2
11856 3
11857 2
11858 4
11859 0
11860 0
11861 0
11862 1
11863 3
11864 5
11865 2
11866 0
11867 0
11868 4
11869 0
11870 0
11871 5
11872 1
11873 0
11874 4
11875 2
11876 1
11877 4
11878 1
11879 0
11880 4
11881 4
11882 4
11883 5
11884 1
11885 2
11886 5
11887 1
11888 0
11889 3
11890 1
11891 2
11892 3
11893 1
11894 3
11895 1
11896 1
11897 0
11898 0
11899 4
11900 5
11901 0
11902 3
11903 3
11904 4
11905 2
11906 1
11907 2
11908 2
11909 4
11910 1
11911 1
11912 3
11913 0
11914 0
11915 1
11916 1
11917 1
11918 3
11919 4
11920 1
11921 3
11922 0
11923 3
11924 2
11925 3
11926 2
11927 2
11928 0
11929 0
11930 3
11931 3
11932 1
11933 1
11934 1
11935 0
11936 0
11937 1
11938 0
11939 2
11940 0
11941 3
11942 2
11943 3
11944 0
11945 0
11946 3
11947 1
11948 0
11949 1
11950 4
11951 1
11952 2
11953 2
11954 0
11955 0
11956 5
11957 0
11958 0
11959 0
11960 1
11961 4
11962 0
11963 1
11964 2
11965 4
11966 5
11967 0
11968 0
11969 1
11970 2
11971 3
11972 5
11973 2
11974 3
11975 3
11976 2
11977 2
11978 2
11979 1
11980 2
11981 1
11982 0
11983 3
11984 3
11985 3
11986 4
11987 1
11988 1
11989 2
11990 1
11991 1
11992 0
11993 4
11994 1
11995 1
11996 1
11997 1
11998 5
11999 3
12000 1
12001 0
12002 0
12003 4
12004 3
12005 0
12006 0
12007 0
12008 2
12009 2
12010 3
12011 1
12012 4
12013 0
12014 1
12015 3
12016 0
12017 1
12018 2
12019 4
12020 3
12021 3
12022 1
12023 3
12024 0
12025 3
12026 6
12027 2
12028 0
12029 4
12030 0
12031 3
12032 1
12033 4
12034 2
12035 0
12036 0
12037 3
12038 2
12039 3
12040 1
12041 2
12042 1
12043 1
12044 5
12045 0
12046 4
12047 3
12048 4
12049 3
12050 2
12051 2
12052 3
12053 0
12054 3
12055 0
12056 2
12057 2
12058 1
12059 2
12060 4
12061 4
12062 4
12063 3
12064 2
12065 1
12066 5
12067 1
12068 1
12069 2
12070 3
12071 4
12072 5
12073 3
12074 3
12075 0
12076 3
12077 2
12078 1
12079 1
12080 2
12081 5
12082 3
12083 1
12084 2
12085 5
12086 3
12087 0
12088 2
12089 1
12090 0
12091 1
12092 2
12093 2
12094 0
12095 4
12096 0
12097 1
12098 3
12099 1
12100 3
12101 3
12102 1
12103 3
12104 2
12105 2
12106 2
12107 3
12108 4
12109 5
12110 3
12111 3
12112 4
12113 4
12114 3
12115 0
12116 2
12117 1
12118 4
12119 4
12120 1
12121 3
12122 4
12123 0
12124 1
12125 2
12126 2
12127 0
12128 2
12129 1
12130 3
12131 4
12132 2
12133 2
12134 5
12135 1
12136 0
12137 5
12138 0
12139 2
12140 4
12141 2
12142 2
12143 0
12144 1
12145 0
12146 5
12147 2
12148 2
12149 0
12150 0
12151 3
12152 3
12153 0
12154 2
12155 1
12156 2
12157 0
12158 0
12159 2
12160 0
12161 3
12162 0
12163 4
12164 3
12165 0
12166 5
12167 3
12168 2
12169 1
12170 2
12171 1
12172 4
12173 2
12174 1
12175 3
12176 4
12177 1
12178 0
12179 2
12180 0
12181 2
12182 4
12183 0
12184 0
12185 0
12186 3
12187 2
12188 0
12189 0
12190 2
12191 2
12192 2
12193 4
12194 5
12195 2
12196 2
12197 0
12198 4
12199 4
12200 5
12201 0
12202 0
12203 2
12204 5
12205 3
12206 0
12207 0
12208 2
12209 4
12210 0
12211 3
12212 4
12213 2
12214 3
12215 0
12216 2
12217 2
12218 1
12219 4
12220 1
12221 5
12222 4
12223 1
12224 2
12225 1
12226 2
12227 1
12228 2
12229 0
12230 1
12231 4
12232 5
12233 5
12234 2
12235 3
12236 2
12237 0
12238 2
12239 4
12240 3
12241 2
12242 1
12243 1
12244 3
12245 4
12246 3
12247 3
12248 1
12249 4
12250 0
12251 3
12252 3
12253 2
12254 2
12255 5
12256 1
12257 4
12258 0
12259 2
12260 2
12261 0
12262 3
12263 1
12264 0
12265 2
12266 1
12267 0
12268 1
12269 3
12270 2
12271 1
12272 0
12273 3
12274 4
12275 1
12276 1
12277 1
12278 1
12279 0
12280 2
12281 2
12282 3
12283 2
12284 1
12285 3
12286 1
12287 3
12288 2
12289 2
12290 0
12291 2
12292 0
12293 0
12294 3
12295 4
12296 3
12297 3
12298 2
12299 3
12300 0
12301 1
12302 1
12303 1
12304 3
12305 2
12306 2
12307 1
12308 5
12309 3
12310 1
12311 1
12312 5
12313 1
12314 1
12315 0
12316 4
12317 2
12318 4
12319 1
12320 1
12321 5
12322 1
12323 5
12324 1
12325 2
12326 3
12327 1
12328 3
12329 2
12330 1
12331 2
12332 2
12333 3
12334 3
12335 3
12336 2
12337 3
12338 5
12339 0
12340 0
12341 3
12342 2
12343 0
12344 1
12345 1
12346 4
12347 0
12348 1
12349 3
12350 5
12351 3
12352 3
12353 1
12354 2
12355 1
12356 3
12357 1
12358 0
12359 4
12360 0
12361 3
12362 1
12363 1
12364 0
12365 0
12366 0
12367 3
12368 0
12369 2
12370 3
12371 2
12372 2
12373 3
12374 3
12375 2
12376 4
12377 4
12378 0
12379 4
12380 3
12381 0
12382 2
12383 4
12384 0
12385 3
12386 2
12387 3
12388 2
12389 1
12390 0
12391 3
12392 0
12393 5
12394 3
12395 4
12396 0
12397 2
12398 3
12399 5
12400 1
12401 2
12402 1
12403 3
12404 4
12405 3
12406 2
12407 0
12408 4
12409 0
12410 2
12411 0
12412 4
12413 0
12414 1
12415 3
12416 0
12417 2
12418 2
12419 0
12420 5
12421 0
12422 4
12423 2
12424 1
12425 4
12426 0
12427 4
12428 2
12429 2
12430 3
12431 2
12432 5
12433 0
12434 2
12435 0
12436 1
12437 3
12438 0
12439 0
12440 2
12441 5
12442 1
12443 3
12444 1
12445 4
12446 4
12447 3
12448 3
12449 5
12450 4
12451 3
12452 2
12453 1
12454 0
12455 3
12456 4
12457 3
12458 3
12459 4
12460 2
12461 0
12462 4
12463 1
12464 0
12465 4
12466 4
12467 5
12468 3
12469 1
12470 0
12471 1
12472 2
12473 4
12474 1
12475 2
12476 4
12477 0
12478 1
12479 3
12480 3
12481 5
12482 0
12483 1
12484 2
12485 3
12486 2
12487 2
12488 0
12489 4
12490 0
12491 4
12492 1
12493 5
12494 0
12495 0
12496 5
12497 3
12498 3
12499 1
12500 4
12501 2
12502 2
12503 2
12504 1
12505 1
12506 2
12507 0
12508 2
12509 1
12510 2
12511 5
12512 3
12513 1
12514 2
12515 2
12516 1
12517 0
12518 0
12519 5
12520 1
12521 2
12522 2
12523 3
12524 1
12525 2
12526 3
12527 1
12528 2
12529 0
12530 0
12531 0
12532 2
12533 4
12534 4
12535 2
12536 1
12537 0
12538 1
12539 1
12540 0
12541 3
12542 0
12543 1
12544 3
12545 4
12546 0
12547 1
12548 0
12549 4
12550 3
12551 4
12552 0
12553 1
12554 4
12555 3
12556 1
12557 5
12558 0
12559 4
12560 3
12561 4
12562 3
12563 3
12564 2
12565 5
12566 0
12567 2
12568 3
12569 1
12570 0
12571 4
12572 0
12573 2
12574 3
12575 1
12576 2
12577 4
12578 2
12579 0
12580 0
12581 4
12582 3
12583 1
12584 3
12585 0
12586 4
12587 0
12588 1
12589 2
12590 1
12591 3
12592 1
12593 2
12594 1
12595 1
12596 1
12597 0
12598 2
12599 0
12600 4
12601 0
12602 1
12603 3
12604 2
12605 0
12606 3
12607 3
12608 3
12609 3
12610 2
12611 4
12612 1
12613 0
12614 4
12615 0
12616 0
12617 1
12618 1
12619 2
12620 4
12621 1
12622 5
12623 0
12624 0
12625 1
12626 2
12627 2
12628 1
12629 1
12630 5
12631 3
12632 1
12633 3
12634 0
12635 4
12636 2
12637 3
12638 5
12639 5
12640 4
12641 3
12642 1
12643 2
12644 1
12645 5
12646 3
12647 3
12648 0
12649 1
12650 3
12651 4
12652 4
12653 5
12654 1
12655 2
12656 0
12657 1
12658 0
12659 3
12660 4
12661 1
12662 3
12663 1
12664 3
12665 0
12666 1
12667 3
12668 4
12669 2
12670 2
12671 1
12672 3
12673 3
12674 2
12675 4
12676 3
12677 1
12678 2
12679 3
12680 4
12681 1
12682 3
12683 1
12684 3
12685 3
12686 4
12687 4
12688 2
12689 2
12690 0
12691 4
12692 3
12693 4
12694 1
12695 5
12696 2
12697 0
12698 3
12699 3
12700 2
12701 0
12702 4
12703 1
12704 3
12705 3
12706 4
12707 2
12708 3
12709 0
12710 3
12711 2
12712 1
12713 0
12714 3
12715 2
12716 1
12717 1
12718 0
12719 2
12720 3
12721 2
12722 5
12723 2
12724 2
12725 4
12726 3
12727 5
12728 5
12729 2
12730 1
12731 1
12732 0
12733 1
12734 4
12735 1
12736 1
12737 5
12738 3
12739 1
12740 1
12741 4
12742 2
12743 3
12744 1
12745 2
12746 0
12747 4
12748 3
12749 1
12750 0
12751 1
12752 3
12753 4
12754 2
12755 0
12756 1
12757 4
12758 2
12759 4
12760 2
12761 0
12762 1
12763 2
12764 2
12765 2
12766 4
12767 0
12768 1
12769 1
12770 2
12771 2
12772 1
12773 0
12774 3
12775 1
12776 4
12777 1
12778 4
12779 2
12780 0
12781 0
12782 1
12783 1
12784 1
12785 1
12786 1
12787 3
12788 3
12789 1
12790 0
12791 3
12792 1
12793 0
12794 4
12795 1
12796 3
12797 0
12798 0
12799 0
12800 2
12801 0
12802 0
12803 2
12804 1
12805 3
12806 2
12807 1
12808 2
12809 1
12810 3
12811 0
12812 1
12813 1
12814 3
12815 4
12816 5
12817 2
12818 1
12819 3
12820 0
12821 2
12822 1
12823 3
12824 0
12825 0
12826 1
12827 0
12828 2
12829 2
12830 0
12831 0
12832 1
12833 1
12834 4
12835 3
12836 0
12837 4
12838 1
12839 0
12840 3
12841 2
12842 4
12843 1
12844 1
12845 4
12846 3
12847 0
12848 1
12849 1
12850 1
12851 3
12852 5
12853 4
12854 0
12855 2
12856 3
12857 4
12858 2
12859 0
12860 3
12861 1
12862 0
12863 4
12864 2
12865 1
12866 1
12867 0
12868 2
12869 4
12870 2
12871 4
12872 2
12873 3
12874 0
12875 1
12876 0
12877 1
12878 4
12879 0
12880 3
12881 5
12882 0
12883 3
12884 1
12885 1
12886 1
12887 1
12888 2
12889 2
12890 4
12891 1
12892 2
12893 3
12894 4
12895 1
12896 4
12897 2
12898 1
12899 2
12900 2
12901 2
12902 4
12903 0
12904 1
12905 1
12906 2
12907 0
12908 1
12909 0
12910 1
12911 1
12912 0
12913 0
12914 0
12915 1
12916 1
12917 0
12918 1
12919 3
12920 2
12921 4
12922 3
12923 2
12924 2
12925 1
12926 2
12927 1
12928 3
12929 1
12930 1
12931 3
12932 4
12933 2
12934 1
12935 2
12936 0
12937 0
12938 2
12939 3
12940 3
12941 0
12942 3
12943 3
12944 0
12945 0
12946 1
12947 1
12948 2
12949 3
12950 3
12951 2
12952 1
12953 2
12954 0
12955 1
12956 0
12957 3
12958 3
12959 1
12960 2
12961 4
12962 4
12963 3
12964 0
12965 4
12966 3
12967 3
12968 2
12969 4
12970 0
12971 2
12972 2
12973 3
12974 3
12975 2
12976 3
12977 3
12978 3
12979 3
12980 2
12981 0
12982 2
12983 1
12984 4
12985 4
12986 3
12987 4
12988 1
12989 3
12990 0
12991 3
12992 2
12993 4
12994 0
12995 3
12996 4
12997 2
12998 3
12999 3
13000 1
13001 3
13002 5
13003 1
13004 0
13005 4
13006 0
13007 0
13008 3
13009 1
13010 0
13011 4
13012 1
13013 2
13014 4
13015 3
13016 0
13017 1
13018 2
13019 1
13020 0
13021 3
13022 0
13023 0
13024 3
13025 4
13026 3
13027 2
13028 3
13029 0
13030 1
13031 3
13032 3
13033 1
13034 0
13035 4
13036 4
13037 2
13038 0
13039 5
13040 1
13041 2
13042 0
13043 2
13044 4
13045 1
13046 4
13047 2
13048 1
13049 3
13050 3
13051 3
13052 0
13053 4
13054 4
13055 3
13056 0
13057 4
13058 2
13059 0
13060 1
13061 0
13062 5
13063 1
13064 1
13065 4
13066 4
13067 1
13068 1
13069 0
13070 1
13071 3
13072 3
13073 3
13074 3
13075 5
13076 4
13077 3
13078 2
13079 0
13080 1
13081 1
13082 1
13083 0
13084 4
13085 1
13086 2
13087 2
13088 0
13089 0
13090 1
13091 2
13092 1
13093 4
13094 1
13095 0
13096 1
13097 2
13098 4
13099 1
13100 2
13101 1
13102 3
13103 4
13104 1
13105 3
13106 3
13107 2
13108 0
13109 4
13110 0
13111 6
13112 1
13113 2
13114 0
13115 0
13116 1
13117 3
13118 4
13119 4
13120 3
13121 0
13122 2
13123 4
13124 3
13125 1
13126 3
13127 2
13128 0
13129 0
13130 3
13131 3
13132 2
13133 2
13134 4
13135 2
13136 3
13137 4
13138 3
13139 2
13140 4
13141 1
13142 3
13143 5
13144 3
13145 5
13146 2
13147 1
13148 4
13149 2
13150 1
13151 1
13152 2
13153 0
13154 1
13155 4
13156 0
13157 5
13158 0
13159 0
13160 0
13161 1
13162 5
13163 0
13164 1
13165 2
13166 5
13167 2
13168 2
13169 3
13170 3
13171 1
13172 0
13173 0
13174 0
13175 3
13176 0
13177 1
13178 5
13179 0
13180 4
13181 2
13182 2
13183 2
13184 1
13185 2
13186 1
13187 4
13188 2
13189 0
13190 0
13191 6
13192 5
13193 4
13194 0
13195 2
13196 1
13197 0
13198 0
13199 4
13200 0
13201 2
13202 2
13203 3
13204 4
13205 1
13206 1
13207 2
13208 3
13209 2
13210 3
13211 1
13212 4
13213 4
13214 0
13215 0
13216 1
13217 0
13218 3
13219 0
13220 1
13221 3
13222 1
13223 3
13224 2
13225 3
13226 1
13227 0
13228 2
13229 2
13230 5
13231 1
13232 1
13233 3
13234 4
13235 4
13236 0
13237 4
13238 1
13239 0
13240 4
13241 0
13242 1
13243 3
13244 3
13245 3
13246 2
13247 3
13248 1
13249 3
13250 0
13251 0
13252 3
13253 0
13254 4
13255 2
13256 1
13257 2
13258 0
13259 1
13260 4
13261 0
13262 4
13263 0
13264 1
13265 3
13266 6
13267 3
13268 4
13269 2
13270 3
13271 0
13272 2
13273 2
13274 3
13275 4
13276 2
13277 2
13278 4
13279 2
13280 0
13281 1
13282 1
13283 1
13284 0
13285 4
13286 2
13287 3
13288 1
13289 2
13290 3
13291 2
13292 4
13293 1
13294 5
13295 0
13296 1
13297 2
13298 3
13299 2
13300 4
13301 1
13302 2
13303 5
13304 2
13305 1
13306 2
13307 2
13308 1
13309 2
13310 3
13311 0
13312 0
13313 0
13314 2
13315 5
13316 3
13317 1
13318 3
13319 1
13320 2
13321 0
13322 1
13323 1
13324 3
13325 1
13326 1
13327 1
13328 4
13329 0
13330 1
13331 0
13332 1
13333 1
13334 0
13335 1
13336 2
13337 0
13338 3
13339 0
13340 0
13341 6
13342 2
13343 3
13344 0
13345 4
13346 3
13347 0
13348 4
13349 2
13350 2
13351 1
13352 3
13353 2
13354 2
13355 0
13356 1
13357 2
13358 0
13359 3
13360 3
13361 4
13362 4
13363 2
13364 3
13365 0
13366 1
13367 5
13368 3
13369 0
13370 0
13371 3
13372 2
13373 2
13374 5
13375 5
13376 3
13377 1
13378 1
13379 2
13380 3
13381 2
13382 2
13383 0
13384 1
13385 1
13386 0
13387 1
13388 3
13389 0
13390 1
13391 5
13392 2
13393 0
13394 5
13395 1
13396 0
13397 4
13398 0
13399 1
13400 3
13401 1
13402 2
13403 2
13404 1
13405 2
13406 3
13407 3
13408 2
13409 3
13410 0
13411 1
13412 3
13413 4
13414 3
13415 4
13416 4
13417 2
13418 0
13419 4
13420 2
13421 0
13422 3
13423 0
13424 1
13425 3
13426 2
13427 2
13428 1
13429 4
13430 5
13431 2
13432 2
13433 1
13434 3
13435 3
13436 3
13437 4
13438 4
13439 1
13440 2
13441 2
13442 0
13443 3
13444 2
13445 3
13446 4
13447 0
13448 4
13449 4
13450 2
13451 0
13452 1
13453 1
13454 0
13455 2
13456 2
13457 0
13458 0
13459 2
13460 3
13461 1
13462 2
13463 1
13464 2
13465 3
13466 5
13467 1
13468 4
13469 3
13470 2
13471 4
13472 1
13473 3
13474 3
13475 2
13476 0
13477 0
13478 2
13479 1
13480 1
13481 4
13482 3
13483 2
13484 3
13485 2
13486 2
13487 0
13488 0
13489 5
13490 1
13491 2
13492 3
13493 0
13494 0
13495 1
13496 4
13497 1
13498 3
13499 0
13500 4
13501 0
13502 0
13503 0
13504 0
13505 1
13506 3
13507 1
13508 0
13509 4
13510 2
13511 2
13512 0
13513 4
13514 2
13515 0
13516 3
13517 1
13518 0
13519 1
13520 1
13521 2
13522 0
13523 3
13524 3
13525 0
13526 2
13527 4
13528 4
13529 3
13530 5
13531 0
13532 1
13533 1
13534 1
13535 1
13536 2
13537 3
13538 3
13539 2
13540 1
13541 0
13542 2
13543 1
13544 0
13545 5
13546 3
13547 2
13548 3
13549 4
13550 5
13551 2
13552 0
13553 5
13554 0
13555 0
13556 1
13557 2
13558 4
13559 1
13560 2
13561 3
13562 1
13563 4
13564 2
13565 2
13566 1
13567 3
13568 0
13569 4
13570 2
13571 3
13572 5
13573 2
13574 3
13575 0
13576 3
13577 4
13578 0
13579 0
13580 2
13581 2
13582 0
13583 0
13584 3
13585 4
13586 2
13587 1
13588 1
13589 3
13590 1
13591 3
13592 0
13593 0
13594 2
13595 2
13596 3
13597 0
13598 2
13599 0
13600 0
13601 4
13602 0
13603 2
13604 2
13605 5
13606 4
13607 0
13608 3
13609 1
13610 2
13611 0
13612 2
13613 3
13614 1
13615 0
13616 1
13617 5
13618 1
13619 3
13620 4
13621 4
13622 1
13623 4
13624 5
13625 0
13626 3
13627 0
13628 5
13629 0
13630 3
13631 4
13632 2
13633 1
13634 1
13635 2
13636 3
13637 2
13638 0
13639 1
13640 4
13641 3
13642 0
13643 1
13644 4
13645 2
13646 3
13647 2
13648 3
13649 0
13650 2
13651 0
13652 0
13653 0
13654 1
13655 4
13656 3
13657 3
13658 3
13659 2
13660 1
13661 3
13662 2
13663 4
13664 0
13665 0
13666 3
13667 1
13668 1
13669 4
13670 1
13671 1
13672 0
13673 1
13674 2
13675 0
13676 2
13677 1
13678 1
13679 1
13680 3
13681 2
13682 2
13683 1
13684 5
13685 2
13686 0
13687 2
13688 5
13689 1
13690 4
13691 4
13692 1
13693 1
13694 2
13695 5
13696 2
13697 2
13698 1
13699 3
13700 2
13701 3
13702 4
13703 3
13704 4
13705 4
13706 0
13707 1
13708 4
13709 3
13710 0
13711 0
13712 0
13713 2
13714 3
13715 0
13716 4
13717 1
13718 2
13719 0
13720 2
13721 5
13722 4
13723 4
13724 0
13725 1
13726 0
13727 1
13728 2
13729 1
13730 2
13731 5
13732 2
13733 2
13734 3
13735 2
13736 3
13737 1
13738 0
13739 2
13740 4
13741 0
13742 0
13743 2
13744 3
13745 5
13746 2
13747 3
13748 0
13749 1
13750 1
13751 1
13752 1
13753 1
13754 4
13755 3
13756 1
13757 0
13758 2
13759 2
13760 3
13761 0
13762 1
13763 2
13764 4
13765 0
13766 0
13767 1
13768 2
13769 4
13770 3
13771 1
13772 4
13773 1
13774 1
13775 2
13776 2
13777 2
13778 1
13779 1
13780 3
13781 5
13782 0
13783 0
13784 0
13785 5
13786 3
13787 0
13788 4
13789 5
13790 5
13791 0
13792 3
13793 0
13794 3
13795 2
13796 2
13797 2
13798 1
13799 4
13800 0
13801 3
13802 4
13803 3
13804 2
13805 2
13806 4
13807 3
13808 0
13809 4
13810 4
13811 4
13812 0
13813 4
13814 0
13815 4
13816 1
13817 5
13818 1
13819 3
13820 1
13821 1
13822 3
13823 4
13824 0
13825 5
13826 2
13827 0
13828 0
13829 1
13830 1
13831 0
13832 2
13833 0
13834 2
13835 4
13836 3
13837 5
13838 0
13839 2
13840 1
13841 1
13842 2
13843 4
13844 1
13845 3
13846 0
13847 3
13848 2
13849 2
13850 4
13851 0
13852 3
13853 3
13854 3
13855 1
13856 4
13857 0
13858 0
13859 0
13860 3
13861 3
13862 1
13863 3
13864 1
13865 0
13866 0
13867 1
13868 2
13869 0
13870 2
13871 3
13872 2
13873 3
13874 4
13875 0
13876 2
13877 0
13878 1
13879 2
13880 1
13881 4
13882 2
13883 2
13884 4
13885 4
13886 5
13887 1
13888 2
13889 3
13890 1
13891 1
13892 4
13893 2
13894 0
13895 1
13896 1
13897 2
13898 1
13899 0
13900 3
13901 4
13902 0
13903 5
13904 0
13905 3
13906 3
13907 0
13908 1
13909 5
13910 0
13911 3
13912 4
13913 4
13914 3
13915 0
13916 0
13917 0
13918 2
13919 1
13920 0
13921 2
13922 3
13923 1
13924 2
13925 3
13926 4
13927 1
13928 3
13929 6
13930 1
13931 3
13932 1
13933 3
13934 0
13935 0
13936 2
13937 3
13938 3
13939 0
13940 2
13941 2
13942 3
13943 4
13944 2
13945 1
13946 5
13947 0
13948 1
13949 1
13950 4
13951 0
13952 1
13953 4
13954 4
13955 1
13956 0
13957 0
13958 1
13959 0
13960 4
13961 2
13962 3
13963 2
13964 0
13965 1
13966 1
13967 3
13968 2
13969 1
13970 3
13971 0
13972 3
13973 1
13974 3
13975 2
13976 3
13977 0
13978 4
13979 3
13980 1
13981 4
13982 0
13983 3
13984 2
13985 2
13986 2
13987 3
13988 0
13989 0
13990 0
13991 3
13992 2
13993 3
13994 4
13995 4
13996 1
13997 0
13998 4
13999 2
14000 3
14001 1
14002 3
14003 0
14004 0
14005 3
14006 2
14007 5
14008 2
14009 4
14010 4
14011 2
14012 1
14013 0
14014 4
14015 1
14016 2
14017 1
14018 2
14019 2
14020 0
14021 5
14022 4
14023 2
14024 2
14025 1
14026 1
14027 0
14028 3
14029 3
14030 1
14031 3
14032 1
14033 3
14034 0
14035 2
14036 0
14037 2
14038 3
14039 0
14040 0
14041 2
14042 5
14043 1
14044 1
14045 1
14046 3
14047 0
14048 0
14049 0
14050 3
14051 2
14052 0
14053 3
14054 3
14055 1
14056 3
14057 4
14058 6
14059 2
14060 1
14061 3
14062 4
14063 2
14064 3
14065 3
14066 0
14067 5
14068 2
14069 0
14070 3
14071 4
14072 0
14073 0
14074 3
14075 0
14076 2
14077 2
14078 1
14079 2
14080 0
14081 2
14082 2
14083 1
14084 0
14085 1
14086 5
14087 2
14088 0
14089 0
14090 4
14091 1
14092 1
14093 0
14094 2
14095 1
14096 0
14097 2
14098 6
14099 3
14100 0
14101 5
14102 1
14103 3
14104 0
14105 0
14106 2
14107 0
14108 2
14109 4
14110 3
14111 3
14112 4
14113 1
14114 3
14115 4
14116 4
14117 5
14118 1
14119 1
14120 4
14121 1
14122 2
14123 3
14124 0
14125 2
14126 2
14127 0
14128 2
14129 3
14130 0
14131 2
14132 3
14133 3
14134 1
14135 1
14136 0
14137 1
14138 2
14139 3
14140 1
14141 4
14142 5
14143 2
14144 4
14145 2
14146 3
14147 3
14148 3
14149 3
14150 1
14151 3
14152 3
14153 3
14154 1
14155 1
14156 3
14157 1
14158 0
14159 2
14160 2
14161 3
14162 2
14163 0
14164 1
14165 2
14166 4
14167 0
14168 0
14169 1
14170 1
14171 0
14172 0
14173 0
14174 2
14175 0
14176 3
14177 3
14178 4
14179 3
14180 1
14181 4
14182 5
14183 4
14184 3
14185 3
14186 0
14187 1
14188 5
14189 1
14190 1
14191 0
14192 1
14193 4
14194 1
14195 1
14196 3
14197 3
14198 1
14199 2
14200 1
14201 2
14202 3
14203 1
14204 0
14205 3
14206 4
14207 0
14208 5
14209 1
14210 3
14211 3
14212 3
14213 1
14214 0
14215 2
14216 2
14217 4
14218 2
14219 2
14220 2
14221 3
14222 0
14223 2
14224 6
14225 3
14226 0
14227 4
14228 2
14229 0
14230 1
14231 1
14232 4
14233 4
14234 2
14235 3
14236 1
14237 3
14238 4
14239 0
14240 1
14241 1
14242 0
14243 4
14244 1
14245 0
14246 1
14247 2
14248 1
14249 1
14250 1
14251 0
14252 2
14253 4
14254 1
14255 2
14256 2
14257 2
14258 3
14259 3
14260 5
14261 3
14262 2
14263 0
14264 0
14265 0
14266 6
14267 1
14268 0
14269 3
14270 0
14271 1
14272 0
14273 3
14274 2
14275 1
14276 2
14277 2
14278 4
14279 4
14280 0
14281 4
14282 5
14283 4
14284 3
14285 0
14286 4
14287 1
14288 0
14289 0
14290 3
14291 5
14292 1
14293 2
14294 3
14295 2
14296 4
14297 4
14298 5
14299 2
14300 1
14301 2
14302 1
14303 2
14304 4
14305 1
14306 1
14307 4
14308 2
14309 0
14310 2
14311 1
14312 4
14313 1
14314 1
14315 0
14316 4
14317 1
14318 0
14319 0
14320 2
14321 0
14322 2
14323 4
14324 3
14325 0
14326 2
14327 3
14328 1
14329 1
14330 1
14331 1
14332 3
14333 4
14334 1
14335 4
14336 0
14337 3
14338 0
14339 3
14340 1
14341 2
14342 3
14343 4
14344 0
14345 3
14346 0
14347 1
14348 2
14349 4
14350 0
14351 3
14352 1
14353 2
14354 0
14355 1
14356 2
14357 0
14358 2
14359 2
14360 0
14361 4
14362 4
14363 0
14364 0
14365 1
14366 3
14367 2
14368 3
14369 4
14370 4
14371 1
14372 3
14373 1
14374 4
14375 5
14376 2
14377 2
14378 3
14379 5
14380 0
14381 2
14382 3
14383 1
14384 1
14385 0
14386 3
14387 5
14388 0
14389 0
14390 3
14391 3
14392 1
14393 5
14394 0
14395 4
14396 3
14397 2
14398 2
14399 3
14400 0
14401 4
14402 4
14403 1
14404 1
14405 2
14406 5
14407 2
14408 4
14409 4
14410 0
14411 1
14412 2
14413 0
14414 2
14415 0
14416 1
14417 2
14418 2
14419 3
14420 2
14421 0
14422 4
14423 0
14424 0
14425 5
14426 1
14427 0
14428 2
14429 1
14430 1
14431 0
14432 3
14433 3
14434 4
14435 2
14436 3
14437 2
14438 2
14439 4
14440 1
14441 0
14442 0
14443 0
14444 1
14445 1
14446 1
14447 1
14448 3
14449 2
14450 3
14451 3
14452 1
14453 2
14454 3
14455 3
14456 3
14457 3
14458 4
14459 3
14460 2
14461 2
14462 1
14463 2
14464 5
14465 4
14466 1
14467 4
14468 0
14469 1
14470 3
14471 1
14472 5
14473 0
14474 5
14475 2
14476 3
14477 0
14478 0
14479 3
14480 1
14481 2
14482 4
14483 2
14484 2
14485 0
14486 0
14487 0
14488 3
14489 1
14490 4
14491 1
14492 1
14493 4
14494 0
14495 0
14496 0
14497 1
14498 3
14499 0
14500 0
14501 4
14502 3
14503 3
14504 5
14505 3
14506 0
14507 4
14508 1
14509 0
14510 0
14511 4
14512 0
14513 2
14514 3
14515 1
14516 3
14517 2
14518 2
14519 4
14520 4
14521 5
14522 1
14523 0
14524 1
14525 1
14526 5
14527 5
14528 1
14529 3
14530 2
14531 4
14532 2
14533 0
14534 1
14535 2
14536 3
14537 1
14538 0
14539 0
14540 1
14541 3
14542 1
14543 1
14544 1
14545 5
14546 3
14547 3
14548 0
14549 0
14550 2
14551 0
14552 0
14553 3
14554 1
14555 2
14556 1
14557 1
14558 3
14559 5
14560 3
14561 0
14562 4
14563 0
14564 0
14565 2
14566 4
14567 1
14568 1
14569 0
14570 3
14571 4
14572 0
14573 4
14574 1
14575 1
14576 2
14577 2
14578 0
14579 1
14580 1
14581 4
14582 1
14583 3
14584 0
14585 2
14586 3
14587 0
14588 4
14589 2
14590 4
14591 1
14592 6
14593 2
14594 0
14595 4
14596 0
14597 4
14598 1
14599 3
14600 4
14601 2
14602 3
14603 2
14604 3
14605 3
14606 2
14607 4
14608 0
14609 0
14610 4
14611 0
14612 4
14613 4
14614 2
14615 4
14616 1
14617 0
14618 2
14619 4
14620 3
14621 3
14622 4
14623 2
14624 0
14625 4
14626 1
14627 2
14628 4
14629 5
14630 4
14631 3
14632 2
14633 1
14634 4
14635 1
14636 1
14637 3
14638 2
14639 3
14640 1
14641 3
14642 4
14643 3
14644 3
14645 4
14646 0
14647 0
14648 3
14649 5
14650 0
14651 3
14652 2
14653 3
14654 1
14655 1
14656 1
14657 2
14658 2
14659 3
14660 2
14661 0
14662 1
14663 3
14664 1
14665 0
14666 4
14667 3
14668 0
14669 4
14670 3
14671 3
14672 3
14673 4
14674 2
14675 4
14676 2
14677 5
14678 4
14679 1
14680 2
14681 4
14682 2
14683 1
14684 1
14685 4
14686 1
14687 4
14688 4
14689 4
14690 5
14691 1
14692 0
14693 0
14694 0
14695 4
14696 0
14697 1
14698 4
14699 2
14700 2
14701 5
14702 0
14703 1
14704 3
14705 3
14706 4
14707 5
14708 2
14709 0
14710 3
14711 4
14712 4
14713 4
14714 1
14715 2
14716 0
14717 3
14718 3
14719 1
14720 1
14721 0
14722 1
14723 1
14724 2
14725 1
14726 0
14727 1
14728 1
14729 0
14730 2
14731 0
14732 1
14733 1
14734 0
14735 0
14736 1
14737 0
14738 2
14739 1
14740 2
14741 0
14742 2
14743 2
14744 3
14745 4
14746 3
14747 4
14748 1
14749 2
14750 0
14751 1
14752 1
14753 4
14754 4
14755 4
14756 0
14757 0
14758 0
14759 0
14760 4
14761 3
14762 0
14763 0
14764 0
14765 4
14766 4
14767 1
14768 3
14769 3
14770 0
14771 1
14772 0
14773 0
14774 4
14775 0
14776 3
14777 0
14778 2
14779 2
14780 0
14781 1
14782 2
14783 2
14784 1
14785 0
14786 5
14787 5
14788 2
14789 3
14790 0
14791 0
14792 1
14793 3
14794 3
14795 2
14796 0
14797 2
14798 0
14799 4
14800 2
14801 2
14802 1
14803 3
14804 2
14805 1
14806 3
14807 3
14808 1
14809 1
14810 4
14811 2
14812 1
14813 5
14814 1
14815 3
14816 2
14817 1
14818 0
14819 0
14820 1
14821 4
14822 3
14823 0
14824 5
14825 1
14826 1
14827 2
14828 2
14829 3
14830 3
14831 2
14832 2
14833 2
14834 0
14835 0
14836 1
14837 4
14838 2
14839 5
14840 1
14841 3
14842 3
14843 3
14844 4
14845 3
14846 2
14847 2
14848 1
14849 2
14850 2
14851 0
14852 2
14853 2
14854 2
14855 2
14856 0
14857 1
14858 4
14859 2
14860 0
14861 4
14862 5
14863 2
14864 0
14865 4
14866 4
14867 2
14868 1
14869 5
14870 0
14871 4
14872 4
14873 2
14874 0
14875 2
14876 3
14877 3
14878 0
14879 1
14880 4
14881 5
14882 4
14883 2
14884 3
14885 4
14886 4
14887 3
14888 2
14889 4
14890 2
14891 4
14892 4
14893 2
14894 0
14895 3
14896 0
14897 2
14898 2
14899 0
14900 0
14901 2
14902 2
14903 0
14904 2
14905 1
14906 1
14907 2
14908 3
14909 1
14910 2
14911 5
14912 2
14913 3
14914 1
14915 3
14916 2
14917 3
14918 4
14919 5
14920 4
14921 0
14922 4
14923 4
14924 1
14925 0
14926 2
14927 2
14928 3
14929 2
14930 0
14931 1
14932 1
14933 0
14934 5
14935 3
14936 2
14937 0
14938 0
14939 0
14940 3
14941 2
14942 0
14943 0
14944 0
14945 4
14946 0
14947 3
14948 3
14949 1
14950 2
14951 1
14952 3
14953 2
14954 1
14955 1
14956 1
14957 3
14958 5
14959 2
14960 3
14961 5
14962 0
14963 1
14964 0
14965 4
14966 3
14967 2
14968 2
14969 3
14970 1
14971 6
14972 0
14973 4
14974 3
14975 4
14976 4
14977 3
14978 4
14979 1
14980 3
14981 2
14982 1
14983 3
14984 0
14985 0
14986 0
14987 3
14988 4
14989 4
14990 1
14991 1
14992 1
14993 2
14994 2
14995 4
14996 3
14997 0
14998 0
14999 4
15000 0
15001 4
15002 4
15003 0
15004 1
15005 2
15006 1
15007 0
15008 1
15009 0
15010 2
15011 1
15012 1
15013 0
15014 1
15015 0
15016 2
15017 1
15018 4
15019 0
15020 2
15021 2
15022 1
15023 3
15024 3
15025 2
15026 3
15027 2
15028 4
15029 4
15030 2
15031 0
15032 0
15033 4
15034 0
15035 0
15036 3
15037 3
15038 2
15039 1
15040 3
15041 0
15042 3
15043 4
15044 3
15045 3
15046 2
15047 3
15048 5
15049 2
15050 1
15051 4
15052 0
15053 0
15054 2
15055 2
15056 2
15057 4
15058 0
15059 3
15060 2
15061 1
15062 4
15063 1
15064 2
15065 2
15066 4
15067 2
15068 1
15069 2
15070 0
15071 3
15072 0
15073 1
15074 0
15075 4
15076 0
15077 0
15078 3
15079 1
15080 2
15081 3
15082 3
15083 0
15084 4
15085 2
15086 0
15087 0
15088 4
15089 0
15090 4
15091 0
15092 2
15093 2
15094 2
15095 3
15096 0
15097 2
15098 2
15099 4
15100 3
15101 2
15102 0
15103 4
15104 4
15105 1
15106 1
15107 1
15108 0
15109 1
15110 1
15111 3
15112 4
15113 0
15114 4
15115 2
15116 1
15117 3
15118 2
15119 2
15120 2
15121 4
15122 1
15123 0
15124 1
15125 4
15126 2
15127 1
15128 1
15129 3
15130 2
15131 1
15132 1
15133 1
15134 1
15135 2
15136 0
15137 0
15138 2
15139 0
15140 2
15141 3
15142 0
15143 1
15144 0
15145 3
15146 3
15147 0
15148 4
15149 2
15150 4
15151 4
15152 2
15153 2
15154 4
15155 1
15156 5
15157 4
15158 4
15159 3
15160 0
15161 3
15162 4
15163 2
15164 0
15165 4
15166 1
15167 0
15168 1
15169 2
15170 1
15171 4
15172 2
15173 1
15174 4
15175 0
15176 5
15177 3
15178 2
15179 2
15180 1
15181 0
15182 1
15183 1
15184 1
15185 3
15186 2
15187 3
15188 5
15189 2
15190 2
15191 0
15192 3
15193 2
15194 2
15195 3
15196 0
15197 0
15198 2
15199 5
15200 3
15201 3
15202 1
15203 5
15204 0
15205 5
15206 2
15207 3
15208 2
15209 3
15210 2
15211 2
15212 3
15213 3
15214 2
15215 2
15216 2
15217 0
15218 0
15219 5
15220 4
15221 2
15222 2
15223 1
15224 3
15225 2
15226 1
15227 1
15228 3
15229 2
15230 4
15231 0
15232 2
15233 3
15234 4
15235 0
15236 5
15237 1
15238 4
15239 1
15240 0
15241 2
15242 3
15243 2
15244 0
15245 1
15246 4
15247 5
15248 2
15249 1
15250 0
15251 1
15252 3
15253 2
15254 2
15255 0
15256 4
15257 1
15258 2
15259 0
15260 0
15261 5
15262 0
15263 0
15264 1
15265 2
15266 1
15267 1
15268 4
15269 1
15270 0
15271 3
15272 0
15273 4
15274 1
15275 3
15276 2
15277 0
15278 0
15279 4
15280 1
15281 0
15282 1
15283 4
15284 0
15285 2
15286 4
15287 4
15288 2
15289 3
15290 2
15291 2
15292 2
15293 3
15294 0
15295 3
15296 0
15297 1
15298 0
15299 3
15300 0
15301 2
15302 0
15303 1
15304 0
15305 2
15306 1
15307 3
15308 2
15309 4
15310 3
15311 1
15312 1
15313 1
15314 0
15315 0
15316 3
15317 3
15318 2
15319 0
15320 1
15321 1
15322 2
15323 1
15324 0
15325 3
15326 1
15327 0
15328 2
15329 0
15330 2
15331 4
15332 0
15333 5
15334 0
15335 4
15336 1
15337 2
15338 3
15339 2
15340 4
15341 3
15342 2
15343 2
15344 1
15345 0
15346 3
15347 3
15348 2
15349 4
15350 5
15351 3
15352 4
15353 3
15354 1
15355 3
15356 1
15357 2
15358 3
15359 3
15360 0
15361 5
15362 1
15363 1
15364 4
15365 4
15366 1
15367 1
15368 2
15369 1
15370 4
15371 3
15372 1
15373 1
15374 1
15375 4
15376 3
15377 4
15378 2
15379 1
15380 3
15381 2
15382 0
15383 5
15384 2
15385 1
15386 3
15387 6
15388 5
15389 0
15390 1
15391 2
15392 0
15393 2
15394 0
15395 0
15396 2
15397 2
15398 5
15399 1
15400 2
15401 0
15402 0
15403 4
15404 0
15405 0
15406 4
15407 1
15408 0
15409 4
15410 1
15411 2
15412 0
15413 3
15414 3
15415 2
15416 5
15417 3
15418 0
15419 5
15420 4
15421 2
15422 4
15423 4
15424 1
15425 1
15426 1
15427 0
15428 0
15429 4
15430 0
15431 0
15432 3
15433 0
15434 1
15435 3
15436 4
15437 3
15438 3
15439 2
15440 2
15441 4
15442 0
15443 4
15444 1
15445 5
15446 2
15447 3
15448 3
15449 3
15450 2
15451 1
15452 3
15453 2
15454 3
15455 2
15456 3
15457 1
15458 3
15459 1
15460 1
15461 0
15462 1
15463 2
15464 4
15465 4
15466 2
15467 1
15468 0
15469 0
15470 1
15471 1
15472 2
15473 0
15474 5
15475 5
15476 3
15477 2
15478 1
15479 4
15480 2
15481 3
15482 3
15483 4
15484 2
15485 2
15486 0
15487 2
15488 2
15489 3
15490 2
15491 2
15492 2
15493 1
15494 1
15495 0
15496 1
15497 0
15498 0
15499 1
15500 4
15501 1
15502 3
15503 0
15504 3
15505 1
15506 0
15507 2
15508 3
15509 1
15510 0
15511 3
15512 2
15513 0
15514 0
15515 3
15516 1
15517 3
15518 1
15519 1
15520 0
15521 0
15522 2
15523 1
15524 0
15525 5
15526 3
15527 0
15528 3
15529 1
15530 2
15531 2
15532 1
15533 2
15534 4
15535 1
15536 1
15537 1
15538 0
15539 2
15540 2
15541 3
15542 0
15543 5
15544 3
15545 0
15546 6
15547 1
15548 2
15549 2
15550 0
15551 1
15552 1
15553 3
15554 0
15555 3
15556 3
15557 3
15558 0
15559 4
15560 2
15561 2
15562 2
15563 2
15564 1
15565 0
15566 2
15567 4
15568 4
15569 4
15570 1
15571 3
15572 2
15573 2
15574 4
15575 2
15576 2
15577 3
15578 2
15579 2
15580 5
15581 3
15582 0
15583 1
15584 1
15585 0
15586 0
15587 4
15588 3
15589 1
15590 0
15591 1
15592 0
15593 1
15594 0
15595 4
15596 1
15597 6
15598 1
15599 1
15600 2
15601 5
15602 6
15603 3
15604 0
15605 0
15606 2
15607 1
15608 1
15609 0
15610 1
15611 2
15612 1
15613 4
15614 5
15615 2
15616 4
15617 4
15618 0
15619 1
15620 1
15621 0
15622 4
15623 3
15624 5
15625 4
15626 3
15627 1
15628 3
15629 0
15630 0
15631 1
15632 1
15633 3
15634 2
15635 3
15636 2
15637 0
15638 5
15639 5
15640 2
15641 1
15642 1
15643 1
15644 1
15645 1
15646 2
15647 2
15648 0
15649 3
15650 4
15651 3
15652 4
15653 0
15654 0
15655 0
15656 0
15657 1
15658 1
15659 2
15660 1
15661 6
15662 0
15663 0
15664 1
15665 1
15666 2
15667 3
15668 3
15669 3
15670 1
15671 4
15672 5
15673 4
15674 1
15675 1
15676 2
15677 0
15678 1
15679 3
15680 2
15681 3
15682 2
15683 1
15684 3
15685 3
15686 4
15687 3
15688 1
15689 3
15690 1
15691 1
15692 2
15693 3
15694 2
15695 2
15696 1
15697 2
15698 0
15699 0
15700 3
15701 1
15702 4
15703 1
15704 1
15705 1
15706 5
15707 1
15708 0
15709 1
15710 3
15711 2
15712 1
15713 5
15714 1
15715 2
15716 2
15717 0
15718 1
15719 3
15720 4
15721 0
15722 0
15723 0
15724 2
15725 4
15726 5
15727 6
15728 5
15729 1
15730 0
15731 0
15732 2
15733 1
15734 2
15735 2
15736 0
15737 3
15738 5
15739 1
15740 3
15741 1
15742 2
15743 1
15744 1
15745 2
15746 1
15747 1
15748 2
15749 2
15750 5
15751 5
15752 1
15753 1
15754 4
15755 4
15756 2
15757 1
15758 5
15759 4
15760 5
15761 1
15762 0
15763 3
15764 0
15765 3
15766 3
15767 3
15768 2
15769 1
15770 2
15771 1
15772 1
15773 2
15774 2
15775 1
15776 1
15777 5
15778 0
15779 4
15780 4
15781 1
15782 1
15783 3
15784 4
15785 1
15786 0
15787 4
15788 2
15789 1
15790 5
15791 5
15792 2
15793 3
15794 1
15795 1
15796 0
15797 1
15798 4
15799 0
15800 1
15801 0
15802 4
15803 4
15804 0
15805 0
15806 3
15807 3
15808 2
15809 3
15810 4
15811 5
15812 1
15813 1
15814 2
15815 3
15816 3
15817 2
15818 2
15819 3
15820 2
15821 2
15822 1
15823 2
15824 1
15825 3
15826 1
15827 1
15828 1
15829 0
15830 2
15831 3
15832 2
15833 2
15834 0
15835 0
15836 1
15837 2
15838 4
15839 3
15840 0
15841 2
15842 2
15843 1
15844 2
15845 1
15846 0
15847 2
15848 5
15849 3
15850 3
15851 2
15852 2
15853 3
15854 1
15855 3
15856 1
15857 0
15858 3
15859 1
15860 2
15861 0
15862 4
15863 1
15864 2
15865 1
15866 3
15867 1
15868 1
15869 1
15870 0
15871 6
15872 4
15873 2
15874 0
15875 2
15876 3
15877 5
15878 4
15879 3
15880 0
15881 1
15882 1
15883 5
15884 2
15885 2
15886 3
15887 0
15888 2
15889 3
15890 0
15891 3
15892 1
15893 3
15894 2
15895 2
15896 1
15897 0
15898 3
15899 3
15900 2
15901 2
15902 0
15903 1
15904 4
15905 1
15906 1
15907 0
15908 0
15909 1
15910 0
15911 6
15912 1
15913 2
15914 2
15915 2
15916 4
15917 1
15918 2
15919 2
15920 4
15921 1
15922 2
15923 1
15924 2
15925 0
15926 1
15927 1
15928 3
15929 2
15930 1
15931 0
15932 4
15933 1
15934 1
15935 0
15936 3
15937 1
15938 3
15939 0
15940 2
15941 3
15942 4
15943 4
15944 4
15945 0
15946 3
15947 4
15948 2
15949 1
15950 1
15951 3
15952 3
15953 1
15954 1
15955 4
15956 5
15957 4
15958 3
15959 0
15960 3
15961 3
15962 2
15963 0
15964 0
15965 3
15966 1
15967 3
15968 0
15969 3
15970 5
15971 1
15972 4
15973 2
15974 4
15975 1
15976 2
15977 2
15978 3
15979 4
15980 3
15981 1
15982 3
15983 1
15984 2
15985 3
15986 2
15987 2
15988 1
15989 3
15990 1
15991 0
15992 3
15993 0
15994 0
15995 2
15996 2
15997 2
15998 0
15999 1
16000 2
16001 0
16002 1
16003 5
16004 3
16005 3
16006 0
16007 2
16008 2
16009 4
16010 2
16011 0
16012 1
16013 3
16014 4
16015 2
16016 1
16017 4
16018 2
16019 3
16020 1
16021 4
16022 4
16023 3
16024 2
16025 1
16026 2
16027 4
16028 2
16029 1
16030 4
16031 5
16032 4
16033 2
16034 2
16035 1
16036 2
16037 3
16038 2
16039 4
16040 1
16041 3
16042 3
16043 0
16044 3
16045 1
16046 4
16047 3
16048 6
16049 4
16050 1
16051 3
16052 0
16053 1
16054 0
16055 3
16056 2
16057 1
16058 0
16059 4
16060 4
16061 2
16062 1
16063 0
16064 4
16065 0
16066 0
16067 0
16068 1
16069 5
16070 0
16071 4
16072 3
16073 2
16074 5
16075 4
16076 2
16077 3
16078 0
16079 2
16080 2
16081 2
16082 2
16083 1
16084 1
16085 1
16086 4
16087 6
16088 2
16089 2
16090 1
16091 1
16092 0
16093 4
16094 0
16095 1
16096 2
16097 5
16098 5
16099 4
16100 1
16101 3
16102 2
16103 1
16104 3
16105 5
16106 0
16107 2
16108 3
16109 2
16110 2
16111 0
16112 4
16113 0
16114 1
16115 2
16116 4
16117 5
16118 2
16119 1
16120 3
16121 3
16122 2
16123 1
16124 2
16125 0
16126 4
16127 1
16128 0
16129 2
16130 1
16131 3
16132 4
16133 1
16134 2
16135 5
16136 3
16137 4
16138 3
16139 3
16140 4
16141 4
16142 0
16143 4
16144 2
16145 1
16146 1
16147 0
16148 4
16149 3
16150 1
16151 0
16152 1
16153 1
16154 3
16155 4
16156 1
16157 3
16158 3
16159 0
16160 0
16161 1
16162 2
16163 1
16164 3
16165 4
16166 0
16167 2
16168 4
16169 0
16170 3
16171 5
16172 1
16173 4
16174 2
16175 0
16176 4
16177 0
16178 1
16179 2
16180 4
16181 3
16182 2
16183 0
16184 1
16185 1
16186 4
16187 2
16188 2
16189 1
16190 3
16191 0
16192 2
16193 1
16194 4
16195 5
16196 3
16197 0
16198 2
16199 1
16200 3
16201 1
16202 4
16203 2
16204 2
16205 2
16206 3
16207 2
16208 5
16209 2
16210 5
16211 5
16212 2
16213 4
16214 2
16215 2
16216 2
16217 4
16218 4
16219 1
16220 3
16221 2
16222 3
16223 0
16224 4
16225 3
16226 0
16227 2
16228 4
16229 3
16230 3
16231 0
16232 3
16233 0
16234 3
16235 3
16236 3
16237 1
16238 2
16239 2
16240 0
16241 4
16242 1
16243 3
16244 2
16245 4
16246 3
16247 0
16248 3
16249 5
16250 1
16251 4
16252 4
16253 3
16254 2
16255 3
16256 0
16257 2
16258 4
16259 0
16260 1
16261 1
16262 0
16263 1
16264 4
16265 1
16266 1
16267 2
16268 2
16269 4
16270 3
16271 3
16272 0
16273 2
16274 1
16275 0
16276 1
16277 3
16278 1
16279 1
16280 5
16281 4
16282 3
16283 1
16284 5
16285 3
16286 1
16287 0
16288 1
16289 2
16290 1
16291 5
16292 0
16293 2
16294 2
16295 3
16296 0
16297 1
16298 3
16299 4
16300 3
16301 2
16302 1
16303 4
16304 2
16305 4
16306 2
16307 3
16308 2
16309 0
16310 2
16311 0
16312 0
16313 4
16314 1
16315 2
16316 4
16317 3
16318 2
16319 0
16320 3
16321 2
16322 1
16323 3
16324 4
16325 4
16326 0
16327 3
16328 4
16329 0
16330 1
16331 2
16332 0
16333 1
16334 1
16335 4
16336 0
16337 2
16338 0
16339 1
16340 4
16341 3
16342 4
16343 4
16344 4
16345 1
16346 3
16347 1
16348 2
16349 5
16350 0
16351 1
16352 2
16353 0
16354 1
16355 2
16356 3
16357 3
16358 1
16359 2
16360 0
16361 0
16362 1
16363 0
16364 0
16365 1
16366 5
16367 0
16368 1
16369 0
16370 2
16371 3
16372 1
16373 1
16374 0
16375 3
16376 0
16377 0
16378 2
16379 3
16380 1
16381 2
16382 1
16383 5
16384 2
16385 2
16386 1
16387 1
16388 0
16389 5
16390 1
16391 2
16392 1
16393 2
16394 3
16395 2
16396 2
16397 2
16398 2
16399 1
16400 0
16401 0
16402 5
16403 2
16404 0
16405 4
16406 2
16407 0
16408 0
16409 1
16410 1
16411 3
16412 1
16413 2
16414 0
16415 3
16416 4
16417 4
16418 3
16419 5
16420 1
16421 5
16422 1
16423 2
16424 3
16425 1
16426 1
16427 3
16428 3
16429 3
16430 0
16431 2
16432 3
16433 0
16434 2
16435 0
16436 4
16437 0
16438 5
16439 2
16440 4
16441 4
16442 0
16443 0
16444 4
16445 4
16446 1
16447 1
16448 1
16449 1
16450 1
16451 5
16452 2
16453 4
16454 3
16455 1
16456 1
16457 3
16458 3
16459 0
16460 1
16461 1
16462 4
16463 0
16464 2
16465 2
16466 2
16467 3
16468 2
16469 3
16470 2
16471 2
16472 0
16473 2
16474 0
16475 2
16476 3
16477 4
16478 1
16479 4
16480 1
16481 1
16482 3
16483 2
16484 1
16485 2
16486 3
16487 3
16488 2
16489 3
16490 4
16491 0
16492 2
16493 4
16494 1
16495 0
16496 2
16497 0
16498 3
16499 0
16500 0
16501 2
16502 2
16503 3
16504 2
16505 5
16506 5
16507 0
16508 1
16509 1
16510 3
16511 2
16512 2
16513 0
16514 0
16515 2
16516 3
16517 1
16518 0
16519 1
16520 3
16521 2
16522 0
16523 3
16524 3
16525 3
16526 2
16527 1
16528 0
16529 3
16530 5
16531 1
16532 1
16533 4
16534 0
16535 2
16536 4
16537 4
16538 6
16539 3
16540 1
16541 3
16542 4
16543 4
16544 2
16545 1
16546 0
16547 2
16548 1
16549 3
16550 4
16551 2
16552 2
16553 3
16554 4
16555 2
16556 0
16557 2
16558 2
16559 2
16560 1
16561 4
16562 5
16563 1
16564 3
16565 4
16566 3
16567 1
16568 3
16569 0
16570 5
16571 3
16572 1
16573 3
16574 5
16575 3
16576 0
16577 1
16578 0
16579 1
16580 1
16581 1
16582 1
16583 0
16584 0
16585 3
16586 1
16587 5
16588 3
16589 0
16590 2
16591 0
16592 2
16593 2
16594 1
16595 2
16596 1
16597 0
16598 1
16599 1
16600 4
16601 3
16602 2
16603 2
16604 4
16605 0
16606 0
16607 1
16608 5
16609 2
16610 0
16611 3
16612 2
16613 1
16614 4
16615 4
16616 1
16617 0
16618 2
16619 0
16620 3
16621 3
16622 2
16623 3
16624 2
16625 3
16626 1
16627 0
16628 1
16629 0
16630 3
16631 2
16632 3
16633 2
16634 1
16635 0
16636 0
16637 3
16638 1
16639 2
16640 3
16641 0
16642 2
16643 0
16644 2
16645 0
16646 1
16647 2
16648 0
16649 1
16650 1
16651 0
16652 1
16653 2
16654 1
16655 0
16656 5
16657 0
16658 4
16659 2
16660 1
16661 3
16662 2
16663 3
16664 0
16665 5
16666 2
16667 1
16668 0
16669 2
16670 4
16671 2
16672 2
16673 1
16674 3
16675 1
16676 2
16677 1
16678 2
16679 1
16680 1
16681 1
16682 4
16683 2
16684 2
16685 4
16686 1
16687 2
16688 1
16689 3
16690 0
16691 2
16692 1
16693 0
16694 1
16695 0
16696 3
16697 2
16698 4
16699 5
16700 1
16701 2
16702 2
16703 3
16704 4
16705 4
16706 3
16707 1
16708 0
16709 1
16710 2
16711 1
16712 0
16713 4
16714 1
16715 2
16716 0
16717 4
16718 4
16719 2
16720 2
16721 0
16722 1
16723 0
16724 2
16725 3
16726 4
16727 2
16728 0
16729 4
16730 1
16731 1
16732 2
16733 0
16734 0
16735 3
16736 4
16737 1
16738 4
16739 0
16740 3
16741 1
16742 2
16743 2
16744 0
16745 1
16746 1
16747 3
16748 3
16749 5
16750 3
16751 0
16752 1
16753 1
16754 0
16755 1
16756 3
16757 0
16758 0
16759 0
16760 1
16761 2
16762 3
16763 3
16764 3
16765 3
16766 2
16767 2
16768 0
16769 0
16770 2
16771 5
16772 0
16773 3
16774 0
16775 0
16776 3
16777 1
16778 4
16779 2
16780 4
16781 2
16782 3
16783 2
16784 4
16785 3
16786 5
16787 5
16788 3
16789 3
16790 3
16791 0
16792 3
16793 1
16794 3
16795 0
16796 1
16797 3
16798 0
16799 0
16800 4
16801 1
16802 2
16803 1
16804 1
16805 1
16806 1
16807 4
16808 2
16809 4
16810 3
16811 3
16812 0
16813 1
16814 1
16815 4
16816 1
16817 2
16818 2
16819 3
16820 5
16821 4
16822 1
16823 2
16824 1
16825 4
16826 4
16827 2
16828 3
16829 1
16830 0
16831 2
16832 0
16833 4
16834 0
16835 5
16836 3
16837 1
16838 3
16839 1
16840 1
16841 0
16842 3
16843 0
16844 4
16845 1
16846 3
16847 0
16848 2
16849 0
16850 4
16851 0
16852 1
16853 0
16854 1
16855 2
16856 1
16857 0
16858 2
16859 1
16860 2
16861 4
16862 1
16863 2
16864 1
16865 2
16866 2
16867 2
16868 1
16869 1
16870 5
16871 2
16872 2
16873 0
16874 0
16875 2
16876 0
16877 1
16878 2
16879 5
16880 4
16881 1
16882 0
16883 3
16884 2
16885 4
16886 2
16887 1
16888 1
16889 2
16890 0
16891 3
16892 3
16893 3
16894 0
16895 3
16896 1
16897 2
16898 2
16899 1
16900 1
16901 5
16902 1
16903 0
16904 4
16905 4
16906 5
16907 2
16908 1
16909 2
16910 3
16911 0
16912 0
16913 4
16914 2
16915 2
16916 2
16917 1
16918 2
16919 5
16920 2
16921 4
16922 3
16923 3
16924 0
16925 0
16926 0
16927 1
16928 0
16929 1
16930 3
16931 1
16932 3
16933 3
16934 0
16935 0
16936 2
16937 4
16938 0
16939 1
16940 2
16941 0
16942 2
16943 4
16944 0
16945 0
16946 1
16947 2
16948 1
16949 0
16950 2
16951 3
16952 2
16953 3
16954 3
16955 3
16956 2
16957 0
16958 1
16959 4
16960 0
16961 4
16962 5
16963 0
16964 4
16965 2
16966 1
16967 2
16968 3
16969 0
16970 3
16971 3
16972 0
16973 2
16974 1
16975 0
16976 0
16977 1
16978 2
16979 1
16980 3
16981 2
16982 1
16983 3
16984 0
16985 2
16986 2
16987 2
16988 4
16989 1
16990 1
16991 5
16992 1
16993 4
16994 2
16995 0
16996 4
16997 5
16998 4
16999 4
17000 4
17001 0
17002 0
17003 3
17004 1
17005 1
17006 5
17007 1
17008 3
17009 0
17010 3
17011 3
17012 4
17013 4
17014 0
17015 0
17016 0
17017 0
17018 2
17019 4
17020 4
17021 4
17022 0
17023 3
17024 3
17025 1
17026 0
17027 3
17028 5
17029 4
17030 0
17031 1
17032 2
17033 2
17034 3
17035 4
17036 3
17037 3
17038 1
17039 2
17040 2
17041 5
17042 0
17043 2
17044 0
17045 2
17046 2
17047 2
17048 4
17049 3
17050 0
17051 4
17052 0
17053 2
17054 1
17055 0
17056 0
17057 2
17058 0
17059 2
17060 2
17061 0
17062 3
17063 2
17064 2
17065 2
17066 0
17067 4
17068 3
17069 3
17070 3
17071 0
17072 2
17073 2
17074 0
17075 4
17076 0
17077 0
17078 3
17079 0
17080 3
17081 0
17082 0
17083 3
17084 0
17085 2
17086 1
17087 1
17088 4
17089 0
17090 4
17091 0
17092 4
17093 3
17094 4
17095 1
17096 2
17097 0
17098 3
17099 0
17100 2
17101 2
17102 3
17103 4
17104 4
17105 1
17106 5
17107 1
17108 1
17109 5
17110 3
17111 2
17112 4
17113 2
17114 1
17115 0
17116 3
17117 3
17118 5
17119 0
17120 3
17121 0
17122 1
17123 0
17124 0
17125 2
17126 3
17127 1
17128 1
17129 1
17130 3
17131 2
17132 3
17133 1
17134 1
17135 1
17136 0
17137 0
17138 0
17139 1
17140 4
17141 1
17142 2
17143 4
17144 2
17145 0
17146 2
17147 4
17148 4
17149 2
17150 4
17151 2
17152 3
17153 0
17154 3
17155 5
17156 1
17157 1
17158 0
17159 2
17160 1
17161 0
17162 2
17163 0
17164 2
17165 4
17166 4
17167 3
17168 0
17169 2
17170 0
17171 3
17172 0
17173 4
17174 0
17175 4
17176 0
17177 1
17178 0
17179 1
17180 2
17181 0
17182 3
17183 1
17184 0
17185 2
17186 2
17187 2
17188 4
17189 1
17190 4
17191 4
17192 4
17193 4
17194 1
17195 1
17196 0
17197 4
17198 1
17199 2
17200 4
17201 3
17202 4
17203 3
17204 4
17205 3
17206 3
17207 0
17208 0
17209 2
17210 0
17211 1
17212 0
17213 2
17214 0
17215 1
17216 0
17217 0
17218 5
17219 0
17220 0
17221 1
17222 2
17223 3
17224 0
17225 4
17226 1
17227 3
17228 1
17229 3
17230 2
17231 0
17232 3
17233 1
17234 0
17235 3
17236 3
17237 4
17238 1
17239 4
17240 1
17241 4
17242 0
17243 2
17244 5
17245 4
17246 2
17247 1
17248 0
17249 3
17250 1
17251 1
17252 2
17253 3
17254 0
17255 2
17256 4
17257 1
17258 4
17259 2
17260 1
17261 3
17262 0
17263 3
17264 3
17265 1
17266 0
17267 2
17268 1
17269 3
17270 0
17271 0
17272 0
17273 1
17274 3
17275 0
17276 3
17277 1
17278 4
17279 0
17280 0
17281 2
17282 1
17283 3
17284 2
17285 3
17286 4
17287 4
17288 3
17289 2
17290 0
17291 0
17292 0
17293 1
17294 2
17295 2
17296 4
17297 2
17298 4
17299 4
17300 2
17301 4
17302 2
17303 5
17304 0
17305 0
17306 3
17307 4
17308 4
17309 1
17310 5
17311 3
17312 5
17313 3
17314 1
17315 1
17316 0
17317 2
17318 3
17319 3
17320 3
17321 1
17322 1
17323 1
17324 1
17325 1
17326 0
17327 4
17328 2
17329 3
17330 0
17331 2
17332 1
17333 3
17334 2
17335 0
17336 2
17337 1
17338 2
17339 3
17340 1
17341 2
17342 0
17343 2
17344 1
17345 3
17346 3
17347 3
17348 2
17349 2
17350 4
17351 2
17352 0
17353 1
17354 3
17355 2
17356 2
17357 4
17358 1
17359 1
17360 1
17361 0
17362 3
17363 3
17364 3
17365 1
17366 4
17367 1
17368 0
17369 3
17370 3
17371 2
17372 4
17373 3
17374 2
17375 4
17376 1
17377 5
17378 3
17379 2
17380 0
17381 2
17382 1
17383 2
17384 2
17385 1
17386 0
17387 1
17388 4
17389 2
17390 4
17391 3
17392 5
17393 0
17394 1
17395 2
17396 1
17397 1
17398 0
17399 3
17400 3
17401 3
17402 2
17403 0
17404 2
17405 0
17406 0
17407 5
17408 0
17409 0
17410 2
17411 0
17412 4
17413 2
17414 1
17415 2
17416 0
17417 4
17418 1
17419 3
17420 0
17421 2
17422 3
17423 5
17424 0
17425 0
17426 4
17427 3
17428 2
17429 1
17430 0
17431 0
17432 3
17433 2
17434 1
17435 3
17436 3
17437 3
17438 1
17439 4
17440 0
17441 0
17442 0
17443 2
17444 3
17445 2
17446 0
17447 1
17448 4
17449 2
17450 0
17451 2
17452 3
17453 3
17454 3
17455 3
17456 5
17457 3
17458 3
17459 2
17460 3
17461 3
17462 3
17463 2
17464 1
17465 1
17466 2
17467 3
17468 1
17469 5
17470 1
17471 0
17472 0
17473 0
17474 3
17475 1
17476 4
17477 0
17478 2
17479 4
17480 2
17481 2
17482 3
17483 2
17484 0
17485 1
17486 1
17487 3
17488 0
17489 0
17490 3
17491 1
17492 1
17493 3
17494 0
17495 2
17496 0
17497 1
17498 1
17499 3
17500 3
17501 0
17502 4
17503 3
17504 0
17505 3
17506 1
17507 0
17508 3
17509 0
17510 0
17511 4
17512 0
17513 4
17514 3
17515 2
17516 1
17517 3
17518 4
17519 2
17520 5
17521 4
17522 3
17523 3
17524 4
17525 1
17526 4
17527 0
17528 4
17529 2
17530 3
17531 4
17532 0
17533 0
17534 2
17535 0
17536 1
17537 2
17538 4
17539 3
17540 1
17541 2
17542 0
17543 1
17544 1
17545 1
17546 0
17547 0
17548 2
17549 2
17550 0
17551 0
17552 1
17553 2
17554 5
17555 4
17556 2
17557 0
17558 1
17559 0
17560 1
17561 2
17562 3
17563 2
17564 4
17565 0
17566 1
17567 0
17568 2
17569 2
17570 2
17571 3
17572 1
17573 4
17574 1
17575 2
17576 1
17577 2
17578 3
17579 2
17580 4
17581 3
17582 0
17583 2
17584 5
17585 1
17586 1
17587 2
17588 4
17589 1
17590 1
17591 3
17592 3
17593 5
17594 5
17595 4
17596 3
17597 2
17598 0
17599 4
17600 0
17601 2
17602 2
17603 5
17604 1
17605 3
17606 4
17607 5
17608 2
17609 4
17610 0
17611 6
17612 2
17613 1
17614 2
17615 0
17616 3
17617 1
17618 5
17619 3
17620 3
17621 3
17622 1
17623 0
17624 4
17625 0
17626 4
17627 3
17628 4
17629 3
17630 0
17631 0
17632 3
17633 3
17634 2
17635 0
17636 3
17637 1
17638 3
17639 1
17640 5
17641 0
17642 2
17643 0
17644 1
17645 2
17646 4
17647 0
17648 0
17649 1
17650 1
17651 0
17652 2
17653 4
17654 0
17655 2
17656 1
17657 1
17658 2
17659 1
17660 3
17661 4
17662 4
17663 4
17664 2
17665 1
17666 0
17667 0
17668 1
17669 1
17670 1
17671 0
17672 3
17673 3
17674 3
17675 3
17676 2
17677 2
17678 1
17679 4
17680 4
17681 5
17682 0
17683 4
17684 0
17685 2
17686 2
17687 2
17688 4
17689 5
17690 0
17691 0
17692 1
17693 4
17694 3
17695 1
17696 4
17697 2
17698 1
17699 0
17700 1
17701 3
17702 3
17703 1
17704 1
17705 1
17706 3
17707 2
17708 2
17709 2
17710 2
17711 2
17712 3
17713 3
17714 3
17715 1
17716 1
17717 0
17718 2
17719 3
17720 1
17721 2
17722 2
17723 0
17724 1
17725 0
17726 5
17727 5
17728 1
17729 0
17730 3
17731 0
17732 3
17733 1
17734 2
17735 2
17736 3
17737 0
17738 5
17739 1
17740 1
17741 1
17742 0
17743 0
17744 1
17745 2
17746 1
17747 0
17748 4
17749 0
17750 1
17751 1
17752 1
17753 4
17754 2
17755 3
17756 1
17757 2
17758 4
17759 3
17760 3
17761 4
17762 3
17763 4
17764 0
17765 1
17766 0
17767 0
17768 1
17769 1
17770 3
17771 1
17772 4
17773 0
17774 2
17775 0
17776 0
17777 4
17778 3
17779 1
17780 2
17781 3
17782 2
17783 1
17784 0
17785 1
17786 0
17787 1
17788 4
17789 0
17790 0
17791 3
17792 5
17793 2
17794 0
17795 1
17796 3
17797 0
17798 1
17799 0
17800 4
17801 0
17802 0
17803 5
17804 2
17805 3
17806 4
17807 0
17808 4
17809 4
17810 5
17811 0
17812 4
17813 3
17814 2
17815 1
17816 0
17817 1
17818 2
17819 2
17820 0
17821 0
17822 0
17823 1
17824 2
17825 5
17826 0
17827 3
17828 2
17829 2
17830 0
17831 2
17832 2
17833 2
17834 0
17835 2
17836 4
17837 3
17838 1
17839 5
17840 4
17841 1
17842 4
17843 4
17844 0
17845 1
17846 4
17847 1
17848 0
17849 5
17850 2
17851 3
17852 0
17853 0
17854 1
17855 3
17856 3
17857 3
17858 1
17859 2
17860 0
17861 4
17862 1
17863 1
17864 3
17865 3
17866 2
17867 2
17868 3
17869 0
17870 0
17871 2
17872 0
17873 0
17874 0
17875 3
17876 2
17877 2
17878 2
17879 0
17880 0
17881 5
17882 0
17883 1
17884 2
17885 0
17886 4
17887 4
17888 3
17889 1
17890 1
17891 3
17892 1
17893 3
17894 1
17895 3
17896 4
17897 2
17898 0
17899 3
17900 1
17901 3
17902 1
17903 0
17904 2
17905 1
17906 1
17907 2
17908 5
17909 0
17910 2
17911 3
17912 3
17913 1
17914 3
17915 0
17916 1
17917 0
17918 5
17919 0
17920 0
17921 1
17922 1
17923 0
17924 1
17925 3
17926 1
17927 1
17928 4
17929 1
17930 1
17931 2
17932 2
17933 1
17934 0
17935 0
17936 0
17937 1
17938 3
17939 3
17940 4
17941 1
17942 5
17943 0
17944 3
17945 5
17946 0
17947 4
17948 2
17949 0
17950 3
17951 2
17952 0
17953 1
17954 0
17955 3
17956 3
17957 0
17958 0
17959 1
17960 4
17961 0
17962 5
17963 4
17964 0
17965 3
17966 3
17967 1
17968 1
17969 3
17970 2
17971 0
17972 4
17973 4
17974 2
17975 2
17976 0
17977 0
17978 0
17979 3
17980 1
17981 4
17982 5
17983 0
17984 4
17985 1
17986 0
17987 4
17988 0
17989 0
17990 3
17991 2
17992 2
17993 1
17994 1
17995 6
17996 2
17997 4
17998 2
17999 1
18000 2
18001 4
18002 0
18003 6
18004 2
18005 1
18006 1
18007 1
18008 1
18009 4
18010 4
18011 3
18012 2
18013 2
18014 1
18015 1
18016 4
18017 0
18018 2
18019 0
18020 1
18021 3
18022 5
18023 1
18024 4
18025 1
18026 2
18027 3
18028 0
18029 1
18030 1
18031 1
18032 1
18033 2
18034 4
18035 3
18036 1
18037 4
18038 1
18039 2
18040 4
18041 2
18042 1
18043 1
18044 3
18045 2
18046 1
18047 4
18048 0
18049 4
18050 0
18051 2
18052 2
18053 1
18054 0
18055 3
18056 4
18057 2
18058 0
18059 4
18060 1
18061 0
18062 1
18063 4
18064 0
18065 5
18066 2
18067 2
18068 4
18069 4
18070 4
18071 3
18072 4
18073 4
18074 3
18075 0
18076 1
18077 0
18078 2
18079 1
18080 5
18081 2
18082 2
18083 2
18084 3
18085 2
18086 1
18087 0
18088 0
18089 1
18090 2
18091 4
18092 2
18093 2
18094 2
18095 3
18096 1
18097 2
18098 2
18099 1
18100 4
18101 3
18102 3
18103 0
18104 1
18105 3
18106 2
18107 3
18108 3
18109 2
18110 1
18111 2
18112 3
18113 2
18114 3
18115 5
18116 3
18117 1
18118 0
18119 2
18120 4
18121 3
18122 3
18123 4
18124 1
18125 4
18126 1
18127 1
18128 4
18129 0
18130 1
18131 2
18132 3
18133 1
18134 1
18135 0
18136 3
18137 1
18138 5
18139 1
18140 4
18141 2
18142 4
18143 3
18144 0
18145 2
18146 1
18147 0
18148 1
18149 5
18150 4
18151 2
18152 2
18153 1
18154 4
18155 2
18156 4
18157 1
18158 0
18159 3
18160 3
18161 2
18162 4
18163 0
18164 0
18165 1
18166 4
18167 1
18168 1
18169 3
18170 0
18171 1
18172 4
18173 0
18174 0
18175 0
18176 0
18177 0
18178 1
18179 3
18180 1
18181 2
18182 0
18183 0
18184 2
18185 3
18186 1
18187 4
18188 2
18189 3
18190 0
18191 1
18192 1
18193 1
18194 2
18195 0
18196 3
18197 3
18198 3
18199 2
18200 5
18201 3
18202 3
18203 4
18204 3
18205 0
18206 2
18207 3
18208 0
18209 1
18210 2
18211 1
18212 0
18213 4
18214 1
18215 0
18216 2
18217 0
18218 2
18219 4
18220 3
18221 0
18222 2
18223 0
18224 5
18225 4
18226 5
18227 5
18228 4
18229 1
18230 1
18231 0
18232 3
18233 1
18234 1
18235 3
18236 0
18237 2
18238 1
18239 1
18240 4
18241 2
18242 4
18243 2
18244 1
18245 3
18246 4
18247 0
18248 0
18249 1
18250 4
18251 3
18252 1
18253 4
18254 2
18255 0
18256 4
18257 0
18258 1
18259 0
18260 0
18261 1
18262 3
18263 4
18264 0
18265 3
18266 1
18267 2
18268 0
18269 3
18270 2
18271 3
18272 5
18273 2
18274 0
18275 0
18276 0
18277 0
18278 0
18279 2
18280 3
18281 0
18282 1
18283 3
18284 0
18285 3
18286 0
18287 4
18288 2
18289 0
18290 3
18291 1
18292 2
18293 2
18294 0
18295 2
18296 5
18297 1
18298 5
18299 5
18300 0
18301 1
18302 1
18303 2
18304 2
18305 0
18306 2
18307 1
18308 2
18309 1
18310 1
18311 2
18312 2
18313 0
18314 1
18315 4
18316 1
18317 3
18318 5
18319 1
18320 1
18321 1
18322 0
18323 3
18324 3
18325 5
18326 1
18327 3
18328 3
18329 4
18330 4
18331 3
18332 2
18333 1
18334 0
18335 2
18336 2
18337 1
18338 3
18339 2
18340 1
18341 3
18342 1
18343 5
18344 0
18345 3
18346 3
18347 1
18348 3
18349 2
18350 2
18351 5
18352 2
18353 0
18354 2
18355 5
18356 1
18357 0
18358 2
18359 2
18360 1
18361 1
18362 1
18363 1
18364 2
18365 2
18366 0
18367 0
18368 2
18369 2
18370 2
18371 1
18372 2
18373 0
18374 2
18375 0
18376 4
18377 0
18378 1
18379 1
18380 4
18381 3
18382 3
18383 3
18384 4
18385 2
18386 4
18387 3
18388 4
18389 2
18390 1
18391 3
18392 2
18393 1
18394 4
18395 2
18396 2
18397 5
18398 0
18399 0
18400 3
18401 1
18402 0
18403 1
18404 0
18405 1
18406 4
18407 4
18408 1
18409 1
18410 2
18411 0
18412 4
18413 4
18414 2
18415 0
18416 3
18417 0
18418 1
18419 3
18420 3
18421 1
18422 1
18423 4
18424 3
18425 1
18426 0
18427 3
18428 4
18429 4
18430 3
18431 3
18432 3
18433 0
18434 1
18435 0
18436 2
18437 4
18438 4
18439 0
18440 4
18441 2
18442 4
18443 2
18444 2
18445 4
18446 3
18447 3
18448 0
18449 2
18450 0
18451 0
18452 0
18453 0
18454 2
18455 2
18456 2
18457 3
18458 4
18459 1
18460 4
18461 1
18462 3
18463 4
18464 2
18465 1
18466 1
18467 0
18468 2
18469 1
18470 1
18471 2
18472 2
18473 1
18474 0
18475 2
18476 2
18477 0
18478 0
18479 5
18480 1
18481 2
18482 4
18483 2
18484 1
18485 2
18486 0
18487 0
18488 5
18489 0
18490 0
18491 1
18492 5
18493 0
18494 1
18495 1
18496 1
18497 2
18498 1
18499 4
18500 2
18501 4
18502 5
18503 4
18504 4
18505 0
18506 0
18507 1
18508 1
18509 3
18510 1
18511 1
18512 0
18513 2
18514 1
18515 2
18516 5
18517 3
18518 0
18519 2
18520 1
18521 3
18522 2
18523 0
18524 4
18525 1
18526 1
18527 5
18528 3
18529 3
18530 0
18531 3
18532 4
18533 1
18534 3
18535 5
18536 1
18537 1
18538 4
18539 2
18540 4
18541 4
18542 5
18543 2
18544 4
18545 4
18546 1
18547 1
18548 3
18549 4
18550 3
18551 2
18552 4
18553 2
18554 0
18555 2
18556 1
18557 2
18558 0
18559 3
18560 0
18561 4
18562 2
18563 2
18564 1
18565 1
18566 3
18567 1
18568 3
18569 1
18570 0
18571 0
18572 1
18573 0
18574 1
18575 4
18576 1
18577 1
18578 5
18579 2
18580 0
18581 0
18582 0
18583 0
18584 1
18585 2
18586 4
18587 4
18588 4
18589 3
18590 3
18591 2
18592 1
18593 2
18594 3
18595 5
18596 4
18597 2
18598 0
18599 0
18600 1
18601 2
18602 0
18603 2
18604 4
18605 5
18606 0
18607 1
18608 4
18609 1
18610 3
18611 2
18612 2
18613 1
18614 2
18615 3
18616 5
18617 0
18618 1
18619 3
18620 1
18621 3
18622 1
18623 4
18624 3
18625 0
18626 1
18627 2
18628 4
18629 1
18630 0
18631 2
18632 2
18633 3
18634 1
18635 0
18636 0
18637 3
18638 1
18639 2
18640 3
18641 0
18642 2
18643 4
18644 1
18645 2
18646 2
18647 0
18648 2
18649 5
18650 3
18651 1
18652 2
18653 2
18654 0
18655 4
18656 2
18657 2
18658 1
18659 2
18660 0
18661 2
18662 2
18663 4
18664 4
18665 0
18666 0
18667 0
18668 1
18669 3
18670 2
18671 0
18672 3
18673 0
18674 4
18675 1
18676 1
18677 4
18678 0
18679 4
18680 1
18681 0
18682 4
18683 0
18684 0
18685 3
18686 3
18687 4
18688 1
18689 3
18690 1
18691 4
18692 4
18693 3
18694 1
18695 3
18696 4
18697 5
18698 4
18699 0
18700 3
18701 3
18702 4
18703 3
18704 2
18705 0
18706 2
18707 0
18708 0
18709 5
18710 2
18711 3
18712 1
18713 2
18714 0
18715 4
18716 3
18717 0
18718 1
18719 1
18720 1
18721 0
18722 4
18723 1
18724 4
18725 0
18726 3
18727 1
18728 2
18729 4
18730 3
18731 1
18732 2
18733 3
18734 2
18735 0
18736 4
18737 1
18738 1
18739 2
18740 0
18741 1
18742 1
18743 0
18744 3
18745 0
18746 3
18747 0
18748 0
18749 2
18750 1
18751 3
18752 0
18753 3
18754 4
18755 3
18756 1
18757 1
18758 3
18759 2
18760 1
18761 4
18762 0
18763 2
18764 4
18765 3
18766 3
18767 0
18768 1
18769 2
18770 0
18771 1
18772 3
18773 2
18774 0
18775 1
18776 3
18777 4
18778 4
18779 5
18780 1
18781 4
18782 0
18783 2
18784 2
18785 2
18786 2
18787 0
18788 0
18789 0
18790 4
18791 2
18792 3
18793 0
18794 3
18795 0
18796 2
18797 1
18798 1
18799 0
18800 3
18801 3
18802 0
18803 2
18804 0
18805 0
18806 3
18807 1
18808 1
18809 0
18810 1
18811 3
18812 3
18813 4
18814 1
18815 3
18816 2
18817 1
18818 0
18819 3
18820 3
18821 0
18822 4
18823 2
18824 4
18825 2
18826 4
18827 4
18828 2
18829 3
18830 2
18831 2
18832 0
18833 5
18834 1
18835 3
18836 4
18837 3
18838 4
18839 2
18840 0
18841 2
18842 0
18843 2
18844 4
18845 2
18846 2
18847 5
18848 4
18849 1
18850 1
18851 1
18852 0
18853 1
18854 4
18855 3
18856 2
18857 1
18858 2
18859 0
18860 0
18861 1
18862 3
18863 3
18864 5
18865 2
18866 2
18867 1
18868 3
18869 0
18870 0
18871 0
18872 4
18873 2
18874 5
18875 3
18876 3
18877 3
18878 5
18879 3
18880 1
18881 5
18882 0
18883 2
18884 2
18885 2
18886 4
18887 1
18888 0
18889 1
18890 1
18891 4
18892 0
18893 2
18894 3
18895 1
18896 3
18897 3
18898 0
18899 1
18900 4
18901 4
18902 0
18903 5
18904 1
18905 3
18906 1
18907 0
18908 3
18909 0
18910 3
18911 2
18912 3
18913 3
18914 4
18915 0
18916 2
18917 1
18918 0
18919 3
18920 0
18921 0
18922 2
18923 3
18924 4
18925 3
18926 4
18927 1
18928 1
18929 1
18930 0
18931 1
18932 0
18933 3
18934 2
18935 2
18936 4
18937 1
18938 2
18939 5
18940 3
18941 2
18942 1
18943 3
18944 0
18945 4
18946 0
18947 4
18948 2
18949 0
18950 3
18951 5
18952 0
18953 3
18954 4
18955 0
18956 3
18957 2
18958 1
18959 4
18960 2
18961 3
18962 3
18963 2
18964 1
18965 2
18966 0
18967 2
18968 3
18969 2
18970 5
18971 5
18972 3
18973 1
18974 0
18975 3
18976 3
18977 3
18978 4
18979 4
18980 2
18981 3
18982 1
18983 1
18984 4
18985 4
18986 0
18987 0
18988 3
18989 3
18990 2
18991 3
18992 3
18993 2
18994 4
18995 2
18996 2
18997 3
18998 2
18999 4
19000 2
19001 0
19002 0
19003 2
19004 0
19005 1
19006 3
19007 3
19008 2
19009 3
19010 3
19011 4
19012 4
19013 0
19014 4
19015 1
19016 5
19017 0
19018 4
19019 0
19020 2
19021 2
19022 3
19023 0
19024 1
19025 3
19026 3
19027 3
19028 0
19029 2
19030 3
19031 1
19032 3
19033 4
19034 2
19035 5
19036 2
19037 2
19038 5
19039 0
19040 4
19041 4
19042 0
19043 1
19044 2
19045 0
19046 1
19047 4
19048 0
19049 3
19050 5
19051 3
19052 2
19053 0
19054 0
19055 3
19056 0
19057 3
19058 0
19059 0
19060 4
19061 1
19062 3
19063 0
19064 3
19065 0
19066 1
19067 3
19068 0
19069 0
19070 3
19071 5
19072 2
19073 2
19074 1
19075 1
19076 0
19077 2
19078 2
19079 1
19080 1
19081 0
19082 0
19083 1
19084 4
19085 0
19086 0
19087 1
19088 2
19089 3
19090 1
19091 0
19092 2
19093 1
19094 1
19095 2
19096 3
19097 3
19098 0
19099 4
19100 3
19101 4
19102 2
19103 6
19104 2
19105 1
19106 0
19107 4
19108 3
19109 4
19110 1
19111 1
19112 0
19113 2
19114 0
19115 0
19116 2
19117 1
19118 1
19119 0
19120 2
19121 4
19122 3
19123 4
19124 0
19125 1
19126 0
19127 3
19128 2
19129 1
19130 0
19131 4
19132 5
19133 4
19134 0
19135 0
19136 2
19137 0
19138 1
19139 3
19140 2
19141 2
19142 2
19143 0
19144 0
19145 1
19146 2
19147 1
19148 4
19149 1
19150 4
19151 1
19152 4
19153 4
19154 1
19155 2
19156 1
19157 3
19158 2
19159 0
19160 3
19161 1
19162 2
19163 4
19164 4
19165 2
19166 2
19167 2
19168 4
19169 2
19170 0
19171 5
19172 5
19173 4
19174 0
19175 4
19176 0
19177 1
19178 0
19179 4
19180 4
19181 1
19182 1
19183 1
19184 3
19185 3
19186 0
19187 3
19188 1
19189 4
19190 2
19191 2
19192 0
19193 5
19194 3
19195 1
19196 3
19197 1
19198 0
19199 0
19200 0
19201 2
19202 1
19203 3
19204 4
19205 3
19206 4
19207 1
19208 3
19209 2
19210 0
19211 0
19212 1
19213 1
19214 2
19215 3
19216 1
19217 0
19218 0
19219 1
19220 2
19221 0
19222 2
19223 0
19224 1
19225 2
19226 0
19227 2
19228 4
19229 1
19230 1
19231 1
19232 1
19233 3
19234 0
19235 2
19236 3
19237 5
19238 4
19239 2
19240 4
19241 0
19242 1
19243 0
19244 2
19245 1
19246 1
19247 4
19248 2
19249 1
19250 1
19251 3
19252 0
19253 0
19254 0
19255 0
19256 1
19257 3
19258 2
19259 4
19260 1
19261 0
19262 5
19263 2
19264 2
19265 5
19266 5
19267 2
19268 1
19269 4
19270 5
19271 3
19272 2
19273 3
19274 5
19275 1
19276 3
19277 3
19278 1
19279 2
19280 4
19281 0
19282 0
19283 2
19284 1
19285 3
19286 1
19287 0
19288 3
19289 2
19290 3
19291 3
19292 0
19293 2
19294 0
19295 0
19296 3
19297 2
19298 2
19299 0
19300 0
19301 1
19302 4
19303 2
19304 4
19305 3
19306 0
19307 4
19308 2
19309 3
19310 1
19311 3
19312 3
19313 1
19314 3
19315 3
19316 4
19317 0
19318 2
19319 3
19320 5
19321 2
19322 3
19323 2
19324 3
19325 1
19326 2
19327 0
19328 2
19329 2
19330 3
19331 2
19332 3
19333 0
19334 1
19335 2
19336 0
19337 1
19338 1
19339 1
19340 0
19341 2
19342 0
19343 2
19344 3
19345 1
19346 4
19347 0
19348 2
19349 3
19350 4
19351 0
19352 2
19353 0
19354 2
19355 2
19356 0
19357 2
19358 1
19359 3
19360 3
19361 0
19362 4
19363 0
19364 3
19365 2
19366 1
19367 4
19368 0
19369 0
19370 0
19371 3
19372 2
19373 3
19374 3
19375 1
19376 0
19377 1
19378 1
19379 2
19380 1
19381 0
19382 1
19383 0
19384 0
19385 2
19386 2
19387 0
19388 3
19389 2
19390 0
19391 3
19392 3
19393 3
19394 0
19395 1
19396 1
19397 0
19398 5
19399 2
19400 1
19401 0
19402 2
19403 5
19404 3
19405 3
19406 0
19407 3
19408 4
19409 5
19410 4
19411 2
19412 0
19413 3
19414 1
19415 1
19416 0
19417 3
19418 2
19419 3
19420 3
19421 5
19422 4
19423 0
19424 2
19425 0
19426 0
19427 2
19428 3
19429 3
19430 3
19431 2
19432 3
19433 0
19434 0
19435 5
19436 1
19437 0
19438 2
19439 0
19440 2
19441 2
19442 3
19443 3
19444 4
19445 5
19446 5
19447 4
19448 0
19449 1
19450 1
19451 3
19452 1
19453 5
19454 2
19455 0
19456 2
19457 3
19458 5
19459 1
19460 2
19461 1
19462 0
19463 0
19464 0
19465 3
19466 3
19467 0
19468 2
19469 2
19470 0
19471 0
19472 2
19473 0
19474 5
19475 3
19476 3
19477 1
19478 2
19479 2
19480 3
19481 0
19482 1
19483 3
19484 0
19485 4
19486 0
19487 2
19488 2
19489 4
19490 3
19491 0
19492 2
19493 4
19494 2
19495 1
19496 0
19497 1
19498 2
19499 1
19500 5
19501 1
19502 1
19503 1
19504 0
19505 0
19506 2
19507 0
19508 4
19509 0
19510 3
19511 0
19512 1
19513 1
19514 0
19515 0
19516 3
19517 4
19518 3
19519 0
19520 1
19521 4
19522 5
19523 2
19524 4
19525 0
19526 0
19527 3
19528 0
19529 0
19530 1
19531 2
19532 4
19533 4
19534 1
19535 1
19536 4
19537 2
19538 5
19539 3
19540 0
19541 0
19542 0
19543 4
19544 0
19545 4
19546 0
19547 1
19548 0
19549 1
19550 0
19551 1
19552 2
19553 0
19554 0
19555 3
19556 0
19557 4
19558 3
19559 0
19560 1
19561 4
19562 0
19563 4
19564 2
19565 4
19566 2
19567 1
19568 4
19569 3
19570 0
19571 4
19572 2
19573 2
19574 1
19575 2
19576 4
19577 1
19578 4
19579 3
19580 2
19581 1
19582 2
19583 1
19584 2
19585 4
19586 1
19587 3
19588 2
19589 0
19590 2
19591 2
19592 2
19593 2
19594 0
19595 1
19596 2
19597 2
19598 2
19599 3
19600 4
19601 2
19602 2
19603 4
19604 3
19605 2
19606 3
19607 0
19608 0
19609 4
19610 4
19611 1
19612 2
19613 1
19614 2
19615 4
19616 3
19617 2
19618 1
19619 0
19620 0
19621 2
19622 2
19623 1
19624 3
19625 4
19626 0
19627 2
19628 4
19629 0
19630 0
19631 0
19632 1
19633 3
19634 0
19635 2
19636 1
19637 1
19638 4
19639 1
19640 0
19641 3
19642 2
19643 2
19644 0
19645 4
19646 3
19647 0
19648 1
19649 2
19650 3
19651 1
19652 3
19653 2
19654 2
19655 2
19656 0
19657 4
19658 1
19659 3
19660 3
19661 1
19662 5
19663 2
19664 1
19665 2
19666 4
19667 2
19668 2
19669 2
19670 3
19671 3
19672 1
19673 1
19674 3
19675 1
19676 0
19677 0
19678 0
19679 1
19680 3
19681 2
19682 0
19683 3
19684 3
19685 3
19686 2
19687 2
19688 1
19689 4
19690 1
19691 2
19692 5
19693 1
19694 1
19695 5
19696 3
19697 2
19698 2
19699 4
19700 1
19701 3
19702 0
19703 4
19704 0
19705 2
19706 3
19707 0
19708 1
19709 2
19710 1
19711 0
19712 2
19713 3
19714 1
19715 5
19716 3
19717 2
19718 2
19719 2
19720 2
19721 1
19722 0
19723 4
19724 3
19725 2
19726 0
19727 0
19728 1
19729 3
19730 3
19731 1
19732 0
19733 3
19734 3
19735 2
19736 2
19737 1
19738 1
19739 0
19740 3
19741 0
19742 3
19743 4
19744 1
19745 3
19746 0
19747 3
19748 2
19749 3
19750 2
19751 0
19752 1
19753 0
19754 3
19755 3
19756 2
19757 2
19758 3
19759 4
19760 3
19761 2
19762 2
19763 0
19764 4
19765 2
19766 0
19767 0
19768 1
19769 2
19770 4
19771 0
19772 5
19773 2
19774 5
19775 2
19776 4
19777 4
19778 3
19779 4
19780 1
19781 2
19782 0
19783 5
19784 4
19785 5
19786 1
19787 1
19788 3
19789 0
19790 0
19791 1
19792 5
19793 1
19794 4
19795 5
19796 0
19797 1
19798 1
19799 1
19800 1
19801 1
19802 3
19803 0
19804 1
19805 4
19806 4
19807 3
19808 3
19809 0
19810 5
19811 5
19812 1
19813 4
19814 3
19815 0
19816 4
19817 1
19818 3
19819 4
19820 3
19821 0
19822 1
19823 1
19824 2
19825 2
19826 0
19827 1
19828 4
19829 0
19830 4
19831 0
19832 2
19833 5
19834 1
19835 2
19836 0
19837 3
19838 1
19839 4
19840 2
19841 0
19842 0
19843 4
19844 0
19845 3
19846 2
19847 4
19848 2
19849 1
19850 2
19851 0
19852 3
19853 3
19854 4
19855 1
19856 3
19857 2
19858 1
19859 3
19860 0
19861 1
19862 0
19863 4
19864 2
19865 2
19866 0
19867 3
19868 1
19869 3
19870 0
19871 4
19872 0
19873 5
19874 1
19875 2
19876 3
19877 4
19878 3
19879 2
19880 3
19881 3
19882 2
19883 2
19884 4
19885 4
19886 3
19887 4
19888 2
19889 4
19890 2
19891 3
19892 1
19893 5
19894 0
19895 2
19896 3
19897 3
19898 0
19899 0
19900 1
19901 3
19902 5
19903 1
19904 0
19905 2
19906 0
19907 4
19908 1
19909 0
19910 4
19911 3
19912 3
19913 3
19914 2
19915 2
19916 2
19917 4
19918 2
19919 3
19920 0
19921 0
19922 2
19923 0
19924 0
19925 1
19926 4
19927 3
19928 1
19929 1
19930 2
19931 0
19932 2
19933 1
19934 1
19935 1
19936 4
19937 0
19938 0
19939 2
19940 0
19941 1
19942 3
19943 4
19944 0
19945 4
19946 2
19947 1
19948 4
19949 1
19950 1
19951 4
19952 0
19953 2
19954 1
19955 3
19956 2
19957 1
19958 3
19959 2
19960 2
19961 0
19962 4
19963 2
19964 0
19965 0
19966 5
19967 4
19968 4
19969 0
19970 4
19971 2
19972 4
19973 2
19974 4
19975 0
19976 1
19977 2
19978 1
19979 0
19980 3
19981 0
19982 0
19983 3
19984 5
19985 5
19986 0
19987 3
19988 2
19989 0
19990 4
19991 1
19992 3
19993 2
19994 2
19995 1
19996 4
19997 2
19998 3
19999 2
20000 1
20001 4
20002 1
20003 2
20004 0
20005 3
20006 2
20007 1
20008 1
20009 2
20010 2
20011 4
20012 3
20013 3
20014 0
20015 2
20016 1
20017 3
20018 2
20019 0
20020 3
20021 2
20022 2
20023 0
20024 3
20025 3
20026 3
20027 2
20028 1
20029 0
20030 3
20031 2
20032 0
20033 3
20034 2
20035 5
20036 1
20037 0
20038 2
20039 1
20040 0
20041 0
20042 2
20043 2
20044 2
20045 1
20046 1
20047 1
20048 3
20049 0
20050 0
20051 2
20052 4
20053 1
20054 4
20055 1
20056 3
20057 2
20058 0
20059 0
20060 3
20061 0
20062 2
20063 5
20064 1
20065 2
20066 1
20067 1
20068 4
20069 1
20070 3
20071 3
20072 4
20073 3
20074 1
20075 1
20076 4
20077 2
20078 1
20079 3
20080 0
20081 4
20082 1
20083 2
20084 0
20085 0
20086 4
20087 0
20088 5
20089 0
20090 3
20091 1
20092 0
20093 3
20094 4
20095 1
20096 0
20097 0
20098 1
20099 4
20100 4
20101 1
20102 3
20103 5
20104 3
20105 2
20106 3
20107 3
20108 1
20109 3
20110 3
20111 0
20112 2
20113 3
20114 3
20115 3
20116 1
20117 0
20118 1
20119 4
20120 1
20121 5
20122 0
20123 2
20124 3
20125 2
20126 0
20127 4
20128 2
20129 0
20130 4
20131 0
20132 0
20133 2
20134 2
20135 3
20136 3
20137 1
20138 5
20139 0
20140 0
20141 3
20142 4
20143 0
20144 0
20145 0
20146 5
20147 3
20148 4
20149 1
20150 2
20151 2
20152 0
20153 2
20154 6
20155 3
20156 4
20157 4
20158 3
20159 0
20160 1
20161 5
20162 2
20163 3
20164 0
20165 2
20166 0
20167 3
20168 1
20169 1
20170 2
20171 0
20172 1
20173 0
20174 3
20175 3
20176 5
20177 0
20178 2
20179 0
20180 3
20181 3
20182 1
20183 1
20184 1
20185 0
20186 2
20187 1
20188 2
20189 4
20190 2
20191 2
20192 3
20193 4
20194 3
20195 3
20196 0
20197 2
20198 2
20199 0
20200 1
20201 0
20202 1
20203 0
20204 3
20205 3
20206 1
20207 0
20208 1
20209 3
20210 4
20211 1
20212 4
20213 5
20214 4
20215 4
20216 0
20217 1
20218 1
20219 0
20220 2
20221 1
20222 2
20223 1
20224 1
20225 1
20226 0
20227 2
20228 2
20229 1
20230 2
20231 4
20232 0
20233 5
20234 3
20235 0
20236 2
20237 2
20238 0
20239 1
20240 4
20241 4
20242 0
20243 0
20244 4
20245 0
20246 2
20247 0
20248 4
20249 3
20250 3
20251 3
20252 1
20253 5
20254 0
20255 0
20256 0
20257 4
20258 3
20259 3
20260 0
20261 2
20262 2
20263 4
20264 3
20265 3
20266 3
20267 4
20268 1
20269 1
20270 1
20271 4
20272 5
20273 2
20274 5
20275 0
20276 0
20277 2
20278 1
20279 0
20280 2
20281 0
20282 3
20283 3
20284 3
20285 0
20286 2
20287 3
20288 2
20289 5
20290 0
20291 3
20292 1
20293 1
20294 1
20295 2
20296 1
20297 0
20298 3
20299 3
20300 1
20301 5
20302 3
20303 3
20304 3
20305 1
20306 4
20307 3
20308 0
20309 2
20310 2
20311 3
20312 3
20313 2
20314 3
20315 2
20316 2
20317 2
20318 3
20319 0
20320 3
20321 3
20322 4
20323 3
20324 5
20325 3
20326 4
20327 0
20328 1
20329 5
20330 2
20331 3
20332 5
20333 2
20334 0
20335 2
20336 5
20337 1
20338 0
20339 3
20340 3
20341 1
20342 2
20343 3
20344 5
20345 1
20346 0
20347 2
20348 3
20349 0
20350 2
20351 2
20352 2
20353 1
20354 2
20355 3
20356 0
20357 1
20358 3
20359 0
20360 1
20361 4
20362 3
20363 1
20364 4
20365 0
20366 1
20367 3
20368 0
20369 0
20370 0
20371 2
20372 2
20373 1
20374 2
20375 1
20376 2
20377 2
20378 4
20379 3
20380 3
20381 4
20382 2
20383 2
20384 2
20385 3
20386 5
20387 0
20388 4
20389 0
20390 2
20391 5
20392 1
20393 3
20394 3
20395 4
20396 3
20397 2
20398 0
20399 3
20400 0
20401 0
20402 2
20403 1
20404 2
20405 3
20406 3
20407 1
20408 1
20409 1
20410 3
20411 4
20412 1
20413 5
20414 1
20415 0
20416 3
20417 3
20418 5
20419 2
20420 4
20421 5
20422 3
20423 1
20424 4
20425 1
20426 0
20427 1
20428 4
20429 0
20430 0
20431 0
20432 0
20433 3
20434 3
20435 1
20436 3
20437 3
20438 0
20439 2
20440 1
20441 2
20442 2
20443 4
20444 2
20445 4
20446 1
20447 4
20448 2
20449 1
20450 3
20451 0
20452 3
20453 4
20454 2
20455 4
20456 4
20457 4
20458 0
20459 1
20460 0
20461 3
20462 0
20463 2
20464 3
20465 4
20466 4
20467 0
20468 4
20469 2
20470 0
20471 2
20472 0
20473 1
20474 1
20475 3
20476 1
20477 5
20478 4
20479 2
20480 2
20481 0
20482 0
20483 2
20484 3
20485 0
20486 4
20487 0
20488 0
20489 4
20490 4
20491 4
20492 2
20493 2
20494 3
20495 0
20496 4
20497 2
20498 1
20499 3
20500 2
20501 5
20502 4
20503 0
20504 3
20505 4
20506 3
20507 3
20508 2
20509 5
20510 5
20511 3
20512 1
20513 4
20514 5
20515 0
20516 2
20517 0
20518 2
20519 4
20520 4
20521 1
20522 4
20523 5
20524 0
20525 3
20526 1
20527 4
20528 1
20529 3
20530 5
20531 1
20532 0
20533 1
20534 1
20535 1
20536 2
20537 2
20538 3
20539 2
20540 4
20541 2
20542 3
20543 2
20544 0
20545 0
20546 2
20547 1
20548 4
20549 3
20550 4
20551 4
20552 4
20553 2
20554 4
20555 0
20556 2
20557 3
20558 0
20559 2
20560 5
20561 0
20562 5
20563 1
20564 4
20565 3
20566 1
20567 5
20568 2
20569 4
20570 3
20571 1
20572 2
20573 1
20574 0
20575 0
20576 4
20577 1
20578 5
20579 0
20580 3
20581 2
20582 2
20583 0
20584 0
20585 3
20586 2
20587 2
20588 1
20589 4
20590 4
20591 1
20592 3
20593 3
20594 2
20595 0
20596 4
20597 1
20598 2
20599 2
20600 0
20601 3
20602 3
20603 5
20604 5
20605 0
20606 1
20607 5
20608 3
20609 2
20610 3
20611 2
20612 0
20613 1
20614 1
20615 2
20616 0
20617 3
20618 1
20619 1
20620 0
20621 3
20622 3
20623 1
20624 3
20625 1
20626 0
20627 2
20628 1
20629 3
20630 0
20631 3
20632 2
20633 1
20634 3
20635 3
20636 0
20637 2
20638 5
20639 0
20640 0
20641 0
20642 1
20643 4
20644 3
20645 4
20646 1
20647 3
20648 1
20649 1
20650 1
20651 3
20652 2
20653 0
20654 0
20655 1
20656 1
20657 1
20658 3
20659 2
20660 3
20661 2
20662 0
20663 0
20664 2
20665 0
20666 2
20667 2
20668 3
20669 4
20670 2
20671 0
20672 0
20673 3
20674 3
20675 4
20676 1
20677 5
20678 2
20679 0
20680 3
20681 1
20682 0
20683 1
20684 4
20685 0
20686 2
20687 5
20688 1
20689 2
20690 3
20691 5
20692 2
20693 4
20694 0
20695 3
20696 0
20697 3
20698 2
20699 0
20700 0
20701 4
20702 1
20703 4
20704 4
20705 4
20706 1
20707 0
20708 4
20709 2
20710 0
20711 1
20712 4
20713 0
20714 2
20715 3
20716 1
20717 0
20718 3
20719 1
20720 4
20721 3
20722 3
20723 0
20724 0
20725 3
20726 1
20727 2
20728 0
20729 4
20730 4
20731 4
20732 4
20733 4
20734 1
20735 0
20736 2
20737 0
20738 1
20739 4
20740 4
20741 2
20742 1
20743 0
20744 1
20745 0
20746 3
20747 1
20748 3
20749 0
20750 1
20751 4
20752 1
20753 2
20754 3
20755 0
20756 1
20757 0
20758 4
20759 3
20760 4
20761 5
20762 1
20763 4
20764 1
20765 1
20766 2
20767 0
20768 3
20769 1
20770 0
20771 3
20772 1
20773 3
20774 3
20775 4
20776 2
20777 3
20778 2
20779 3
20780 3
20781 5
20782 2
20783 2
20784 0
20785 0
20786 1
20787 4
20788 4
20789 1
20790 2
20791 5
20792 1
20793 0
20794 0
20795 0
20796 1
20797 2
20798 0
20799 3
20800 4
20801 1
20802 2
20803 4
20804 4
20805 3
20806 5
20807 3
20808 2
20809 0
20810 1
20811 4
20812 4
20813 0
20814 5
20815 0
20816 0
20817 0
20818 2
20819 2
20820 0
20821 0
20822 1
20823 2
20824 0
20825 4
20826 4
20827 2
20828 1
20829 4
20830 2
20831 4
20832 0
20833 0
20834 2
20835 2
20836 4
20837 1
20838 0
20839 3
20840 4
20841 1
20842 2
20843 0
20844 3
20845 2
20846 1
20847 2
20848 1
20849 4
20850 2
20851 3
20852 5
20853 0
20854 0
20855 1
20856 3
20857 0
20858 3
20859 3
20860 3
20861 0
20862 0
20863 4
20864 2
20865 3
20866 2
20867 2
20868 4
20869 3
20870 3
20871 0
20872 1
20873 1
20874 0
20875 5
20876 2
20877 0
20878 1
20879 2
20880 2
20881 4
20882 1
20883 3
20884 1
20885 2
20886 2
20887 3
20888 4
20889 0
20890 1
20891 1
20892 1
20893 1
20894 0
20895 1
20896 1
20897 1
20898 2
20899 4
20900 3
20901 1
20902 2
20903 1
20904 1
20905 1
20906 1
20907 3
20908 0
20909 0
20910 3
20911 4
20912 1
20913 1
20914 4
20915 3
20916 3
20917 5
20918 0
20919 3
20920 3
20921 0
20922 0
20923 3
20924 4
20925 2
20926 3
20927 0
20928 0
20929 1
20930 2
20931 3
20932 4
20933 2
20934 3
20935 3
20936 2
20937 4
20938 0
20939 0
20940 3
20941 0
20942 5
20943 2
20944 2
20945 1
20946 4
20947 1
20948 2
20949 3
20950 0
20951 5
20952 0
20953 2
20954 2
20955 0
20956 0
20957 2
20958 1
20959 0
20960 2
20961 0
20962 2
20963 0
20964 0
20965 1
20966 1
20967 1
20968 1
20969 2
20970 5
20971 0
20972 4
20973 0
20974 2
20975 1
20976 2
20977 2
20978 1
20979 3
20980 1
20981 3
20982 2
20983 0
20984 3
20985 0
20986 5
20987 4
20988 3
20989 3
20990 3
20991 3
20992 2
20993 6
20994 3
20995 2
20996 2
20997 4
20998 4
20999 1
21000 3
21001 3
21002 3
21003 4
21004 3
21005 2
21006 5
21007 0
21008 4
21009 3
21010 1
21011 2
21012 3
21013 3
21014 2
21015 2
21016 5
21017 5
21018 2
21019 4
21020 1
21021 5
21022 3
21023 1
21024 0
21025 5
21026 3
21027 1
21028 1
21029 2
21030 4
21031 3
21032 1
21033 1
21034 4
21035 3
21036 2
21037 0
21038 2
21039 1
21040 2
21041 4
21042 1
21043 5
21044 2
21045 0
21046 0
21047 5
21048 1
21049 5
21050 0
21051 3
21052 2
21053 5
21054 1
21055 2
21056 0
21057 6
21058 3
21059 2
21060 4
21061 3
21062 1
21063 5
21064 0
21065 3
21066 4
21067 1
21068 2
21069 2
21070 3
21071 1
21072 0
21073 4
21074 4
21075 2
21076 3
21077 5
21078 3
21079 2
21080 1
21081 1
21082 1
21083 3
21084 1
21085 2
21086 2
21087 2
21088 3
21089 4
21090 0
21091 0
21092 2
21093 1
21094 2
21095 2
21096 3
21097 5
21098 4
21099 2
21100 0
21101 2
21102 1
21103 4
21104 3
21105 3
21106 2
21107 4
21108 0
21109 1
21110 3
21111 2
21112 2
21113 3
21114 1
21115 0
21116 1
21117 0
21118 1
21119 3
21120 0
21121 0
21122 2
21123 1
21124 1
21125 0
21126 4
21127 1
21128 3
21129 2
21130 1
21131 0
21132 1
21133 2
21134 4
21135 5
21136 2
21137 0
21138 2
21139 2
21140 1
21141 4
21142 0
21143 0
21144 4
21145 0
21146 5
21147 1
21148 3
21149 3
21150 2
21151 0
21152 0
21153 1
21154 3
21155 1
21156 2
21157 0
21158 4
21159 1
21160 2
21161 1
21162 0
21163 4
21164 2
21165 1
21166 2
21167 1
21168 4
21169 0
21170 2
21171 1
21172 4
21173 2
21174 3
21175 0
21176 5
21177 4
21178 2
21179 3
21180 1
21181 1
21182 5
21183 0
21184 3
21185 5
21186 5
21187 2
21188 0
21189 4
21190 4
21191 2
21192 4
21193 4
21194 5
21195 2
21196 3
21197 1
21198 4
21199 3
21200 1
21201 1
21202 0
21203 0
21204 4
21205 0
21206 3
21207 4
21208 1
21209 2
21210 1
21211 1
21212 3
21213 2
21214 1
21215 4
21216 0
21217 3
21218 4
21219 3
21220 2
21221 2
21222 0
21223 1
21224 3
21225 3
21226 0
21227 3
21228 3
21229 2
21230 1
21231 4
21232 0
21233 1
21234 0
21235 2
21236 3
21237 3
21238 1
21239 1
21240 1
21241 3
21242 4
21243 3
21244 0
21245 1
21246 3
21247 5
21248 4
21249 4
21250 4
21251 4
21252 2
21253 2
21254 4
21255 1
21256 3
21257 0
21258 0
21259 4
21260 0
21261 2
21262 3
21263 0
21264 1
21265 0
21266 0
21267 0
21268 2
21269 1
21270 4
21271 4
21272 4
21273 0
21274 0
21275 2
21276 3
21277 6
21278 4
21279 4
21280 0
21281 3
21282 0
21283 1
21284 2
21285 1
21286 2
21287 1
21288 5
21289 1
21290 2
21291 2
21292 0
21293 0
21294 1
21295 2
21296 3
21297 0
21298 5
21299 3
21300 5
21301 2
21302 3
21303 3
21304 2
21305 1
21306 2
21307 2
21308 2
21309 3
21310 2
21311 0
21312 0
21313 0
21314 0
21315 1
21316 1
21317 2
21318 4
21319 3
21320 0
21321 3
21322 0
21323 1
21324 2
21325 1
21326 1
21327 2
21328 0
21329 4
21330 1
21331 0
21332 0
21333 4
21334 2
21335 3
21336 3
21337 5
21338 3
21339 5
21340 0
21341 0
21342 1
21343 2
21344 1
21345 4
21346 3
21347 3
21348 1
21349 0
21350 2
21351 5
21352 3
21353 0
21354 1
21355 1
21356 1
21357 3
21358 2
21359 4
21360 0
21361 0
21362 4
21363 1
21364 1
21365 5
21366 4
21367 1
21368 0
21369 1
21370 1
21371 2
21372 1
21373 2
21374 0
21375 0
21376 3
21377 3
21378 3
21379 0
21380 0
21381 0
21382 5
21383 2
21384 3
21385 2
21386 0
21387 0
21388 2
21389 2
21390 4
21391 1
21392 4
21393 3
21394 3
21395 0
21396 0
21397 0
21398 3
21399 3
21400 1
21401 5
21402 1
21403 0
21404 1
21405 3
21406 3
21407 1
21408 3
21409 1
21410 0
21411 2
21412 2
21413 1
21414 1
21415 2
21416 1
21417 0
21418 2
21419 1
21420 1
21421 1
21422 1
21423 5
21424 2
21425 4
21426 0
21427 3
21428 1
21429 0
21430 1
21431 2
21432 0
21433 3
21434 3
21435 2
21436 4
21437 2
21438 0
21439 4
21440 3
21441 3
21442 3
21443 2
21444 2
21445 1
21446 3
21447 2
21448 3
21449 1
21450 0
21451 2
21452 3
21453 3
21454 0
21455 1
21456 3
21457 2
21458 4
21459 5
21460 0
21461 2
21462 2
21463 0
21464 0
21465 2
21466 4
21467 2
21468 4
21469 2
21470 0
21471 1
21472 0
21473 3
21474 3
21475 2
21476 3
21477 1
21478 0
21479 3
21480 2
21481 2
21482 2
21483 1
21484 1
21485 4
21486 4
21487 4
21488 4
21489 4
21490 4
21491 3
21492 1
21493 0
21494 3
21495 0
21496 1
21497 4
21498 5
21499 2
21500 1
21501 2
21502 3
21503 1
21504 4
21505 4
21506 0
21507 0
21508 0
21509 2
21510 4
21511 5
21512 3
21513 2
21514 1
21515 0
21516 0
21517 2
21518 4
21519 1
21520 2
21521 1
21522 4
21523 1
21524 3
21525 4
21526 4
21527 1
21528 2
21529 1
21530 0
21531 4
21532 2
21533 0
21534 2
21535 4
21536 0
21537 5
21538 2
21539 2
21540 0
21541 1
21542 0
21543 1
21544 2
21545 1
21546 0
21547 3
21548 0
21549 4
21550 4
21551 2
21552 5
21553 2
21554 2
21555 1
21556 0
21557 1
21558 1
21559 2
21560 2
21561 3
21562 5
21563 3
21564 0
21565 5
21566 3
21567 1
21568 4
21569 4
21570 3
21571 0
21572 1
21573 0
21574 4
21575 0
21576 2
21577 1
21578 2
21579 0
21580 0
21581 5
21582 5
21583 1
21584 1
21585 0
21586 4
21587 1
21588 2
21589 0
21590 1
21591 2
21592 3
21593 4
21594 2
21595 3
21596 1
21597 4
21598 0
21599 1
21600 1
21601 2
21602 3
21603 3
21604 1
21605 0
21606 4
21607 5
21608 4
21609 1
21610 2
21611 1
21612 2
21613 2
21614 0
21615 2
21616 3
21617 3
21618 1
21619 0
21620 0
21621 1
21622 4
21623 1
21624 1
21625 1
21626 3
21627 2
21628 1
21629 2
21630 0
21631 0
21632 2
21633 1
21634 1
21635 3
21636 1
21637 3
21638 2
21639 3
21640 2
21641 5
21642 2
21643 3
21644 4
21645 2
21646 4
21647 2
21648 2
21649 3
21650 5
21651 2
21652 5
21653 3
21654 4
21655 0
21656 4
21657 4
21658 4
21659 0
21660 5
21661 0
21662 2
21663 5
21664 2
21665 1
21666 1
21667 3
21668 2
21669 1
21670 1
21671 2
21672 2
21673 0
21674 2
21675 3
21676 1
21677 3
21678 1
21679 2
21680 1
21681 4
21682 3
21683 2
21684 1
21685 4
21686 1
21687 0
21688 1
21689 1
21690 0
21691 0
21692 2
21693 4
21694 3
21695 3
21696 2
21697 5
21698 2
21699 0
21700 2
21701 2
21702 2
21703 3
21704 3
21705 3
21706 4
21707 2
21708 2
21709 1
21710 0
21711 2
21712 5
21713 1
21714 3
21715 1
21716 2
21717 0
21718 0
21719 1
21720 4
21721 3
21722 2
21723 2
21724 1
21725 3
21726 3
21727 1
21728 4
21729 0
21730 3
21731 0
21732 1
21733 1
21734 2
21735 0
21736 2
21737 4
21738 2
21739 3
21740 0
21741 0
21742 3
21743 0
21744 2
21745 1
21746 4
21747 1
21748 4
21749 4
21750 4
21751 4
21752 4
21753 3
21754 3
21755 0
21756 4
21757 4
21758 2
21759 2
21760 5
21761 3
21762 1
21763 4
21764 5
21765 2
21766 0
21767 1
21768 1
21769 3
21770 4
21771 0
21772 4
21773 4
21774 4
21775 1
21776 0
21777 3
21778 0
21779 4
21780 1
21781 0
21782 0
21783 0
21784 3
21785 0
21786 1
21787 0
21788 1
21789 3
21790 1
21791 4
21792 2
21793 3
21794 2
21795 0
21796 1
21797 3
21798 5
21799 2
21800 3
21801 3
21802 2
21803 4
21804 3
21805 4
21806 3
21807 5
21808 1
21809 4
21810 3
21811 3
21812 4
21813 0
21814 4
21815 2
21816 2
21817 3
21818 3
21819 3
21820 1
21821 2
21822 2
21823 0
21824 3
21825 3
21826 6
21827 1
21828 0
21829 2
21830 1
21831 1
21832 2
21833 1
21834 5
21835 2
21836 1
21837 1
21838 1
21839 2
21840 1
21841 4
21842 2
21843 3
21844 3
21845 4
21846 3
21847 2
21848 4
21849 0
21850 2
21851 3
21852 2
21853 2
21854 1
21855 4
21856 4
21857 3
21858 1
21859 1
21860 0
21861 1
21862 0
21863 3
21864 3
21865 1
21866 1
21867 2
21868 1
21869 3
21870 1
21871 2
21872 5
21873 3
21874 3
21875 2
21876 4
21877 1
21878 2
21879 1
21880 3
21881 0
21882 2
21883 0
21884 1
21885 3
21886 4
21887 3
21888 1
21889 0
21890 3
21891 0
21892 2
21893 4
21894 2
21895 0
21896 0
21897 1
21898 1
21899 2
21900 2
21901 0
21902 0
21903 1
21904 4
21905 5
21906 3
21907 3
21908 3
21909 1
21910 2
21911 1
21912 2
21913 0
21914 5
21915 3
21916 0
21917 3
21918 2
21919 4
21920 2
21921 0
21922 1
21923 0
21924 0
21925 2
21926 0
21927 3
21928 2
21929 2
21930 0
21931 2
21932 1
21933 2
21934 2
21935 0
21936 0
21937 4
21938 1
21939 1
21940 2
21941 3
21942 0
21943 1
21944 3
21945 2
21946 1
21947 4
21948 4
21949 1
21950 1
21951 3
21952 2
21953 1
21954 1
21955 1
21956 2
21957 2
21958 4
21959 0
21960 0
21961 1
21962 3
21963 3
21964 5
21965 2
21966 2
21967 4
21968 4
21969 1
21970 3
21971 2
21972 3
21973 5
21974 2
21975 0
21976 2
21977 4
21978 1
21979 4
21980 2
21981 4
21982 1
21983 2
21984 4
21985 3
21986 0
21987 0
21988 2
21989 2
21990 1
21991 4
21992 0
21993 0
21994 0
21995 0
21996 3
21997 4
21998 1
21999 2
22000 3
22001 0
22002 1
22003 2
22004 2
22005 0
22006 0
22007 3
22008 4
22009 5
22010 5
22011 3
22012 0
22013 2
22014 3
22015 3
22016 3
22017 4
22018 1
22019 2
22020 1
22021 2
22022 4
22023 0
22024 1
22025 3
22026 4
22027 0
22028 1
22029 2
22030 4
22031 4
22032 0
22033 2
22034 1
22035 4
22036 3
22037 3
22038 3
22039 3
22040 3
22041 2
22042 5
22043 2
22044 2
22045 1
22046 2
22047 0
22048 4
22049 4
22050 1
22051 1
22052 3
22053 4
22054 1
22055 5
22056 1
22057 0
22058 4
22059 2
22060 2
22061 0
22062 1
22063 4
22064 1
22065 3
22066 3
22067 5
22068 4
22069 1
22070 4
22071 3
22072 1
22073 2
22074 3
22075 1
22076 2
22077 3
22078 0
22079 1
22080 4
22081 4
22082 2
22083 0
22084 1
22085 0
22086 0
22087 1
22088 3
22089 2
22090 3
22091 3
22092 0
22093 2
22094 2
22095 3
22096 0
22097 0
22098 4
22099 0
22100 1
22101 0
22102 3
22103 3
22104 0
22105 1
22106 3
22107 4
22108 1
22109 3
22110 1
22111 3
22112 0
22113 1
22114 2
22115 0
22116 2
22117 1
22118 4
22119 1
22120 3
22121 4
22122 1
22123 2
22124 0
22125 3
22126 1
22127 2
22128 3
22129 3
22130 3
22131 3
22132 3
22133 3
22134 2
22135 5
22136 0
22137 1
22138 1
22139 5
22140 4
22141 2
22142 0
22143 2
22144 1
22145 0
22146 3
22147 2
22148 0
22149 2
22150 1
22151 3
22152 1
22153 4
22154 3
22155 3
22156 0
22157 3
22158 2
22159 2
22160 3
22161 2
22162 4
22163 2
22164 5
22165 3
22166 3
22167 2
22168 4
22169 5
22170 0
22171 3
22172 2
22173 0
22174 1
22175 3
22176 4
22177 2
22178 3
22179 3
22180 0
22181 2
22182 2
22183 2
22184 2
22185 2
22186 5
22187 3
22188 1
22189 0
22190 3
22191 0
22192 4
22193 4
22194 5
22195 1
22196 1
22197 0
22198 3
22199 0
22200 0
22201 1
22202 2
22203 6
22204 2
22205 0
22206 3
22207 0
22208 3
22209 3
22210 2
22211 4
22212 2
22213 0
22214 1
22215 4
22216 2
22217 0
22218 0
22219 0
22220 1
22221 2
22222 1
22223 1
22224 3
22225 3
22226 3
22227 2
22228 5
22229 0
22230 5
22231 3
22232 4
22233 3
22234 3
22235 3
22236 1
22237 3
22238 4
22239 1
22240 3
22241 2
22242 2
22243 5
22244 1
22245 3
22246 3
22247 1
22248 2
22249 0
22250 3
22251 0
22252 0
22253 2
22254 3
22255 2
22256 2
22257 2
22258 2
22259 0
22260 1
22261 3
22262 3
22263 0
22264 2
22265 2
22266 4
22267 0
22268 0
22269 3
22270 3
22271 3
22272 0
22273 3
22274 0
22275 3
22276 3
22277 1
22278 5
22279 4
22280 0
22281 3
22282 4
22283 4
22284 1
22285 3
22286 3
22287 2
22288 1
22289 4
22290 3
22291 2
22292 1
22293 1
22294 0
22295 1
22296 0
22297 0
22298 1
22299 3
22300 3
22301 0
22302 4
22303 4
22304 1
22305 2
22306 3
22307 2
22308 6
22309 2
22310 5
22311 3
22312 2
22313 2
22314 0
22315 3
22316 4
22317 5
22318 3
22319 4
22320 0
22321 2
22322 2
22323 1
22324 5
22325 3
22326 3
22327 0
22328 2
22329 1
22330 4
22331 6
22332 2
22333 0
22334 2
22335 1
22336 0
22337 3
22338 1
22339 4
22340 0
22341 5
22342 3
22343 1
22344 2
22345 2
22346 5
22347 1
22348 2
22349 2
22350 4
22351 4
22352 2
22353 1
22354 0
22355 5
22356 3
22357 5
22358 1
22359 0
22360 0
22361 1
22362 2
22363 0
22364 3
22365 1
22366 3
22367 3
22368 4
22369 0
22370 3
22371 4
22372 0
22373 0
22374 5
22375 2
22376 4
22377 2
22378 1
22379 0
22380 4
22381 3
22382 3
22383 2
22384 5
22385 3
22386 3
22387 3
22388 1
22389 2
22390 0
22391 4
22392 1
22393 3
22394 0
22395 0
22396 4
22397 2
22398 0
22399 4
22400 2
22401 0
22402 4
22403 1
22404 3
22405 4
22406 3
22407 1
22408 0
22409 5
22410 0
22411 2
22412 2
22413 1
22414 2
22415 0
22416 0
22417 3
22418 2
22419 1
22420 1
22421 5
22422 1
22423 0
22424 0
22425 3
22426 1
22427 3
22428 5
22429 5
22430 3
22431 3
22432 2
22433 0
22434 0
22435 0
22436 1
22437 3
22438 3
22439 0
22440 3
22441 5
22442 2
22443 1
22444 0
22445 3
22446 1
22447 1
22448 3
22449 2
22450 1
22451 3
22452 1
22453 4
22454 1
22455 4
22456 3
22457 2
22458 3
22459 1
22460 0
22461 2
22462 2
22463 2
22464 4
22465 2
22466 0
22467 2
22468 1
22469 2
22470 4
22471 1
22472 1
22473 3
22474 4
22475 2
22476 1
22477 1
22478 2
22479 2
22480 0
22481 1
22482 1
22483 4
22484 0
22485 4
22486 1
22487 4
22488 4
22489 1
22490 0
22491 3
22492 3
22493 1
22494 3
22495 2
22496 2
22497 1
22498 4
22499 2
22500 1
22501 0
22502 1
22503 1
22504 4
22505 2
22506 0
22507 0
22508 4
22509 0
22510 3
22511 5
22512 1
22513 3
22514 1
22515 4
22516 3
22517 2
22518 1
22519 2
22520 0
22521 3
22522 3
22523 3
22524 0
22525 0
22526 0
22527 0
22528 2
22529 4
22530 1
22531 2
22532 2
22533 0
22534 0
22535 1
22536 0
22537 3
22538 1
22539 4
22540 3
22541 4
22542 3
22543 0
22544 0
22545 0
22546 2
22547 2
22548 4
22549 1
22550 1
22551 5
22552 0
22553 1
22554 5
22555 0
22556 3
22557 1
22558 5
22559 2
22560 1
22561 5
22562 2
22563 1
22564 4
22565 2
22566 2
22567 0
22568 0
22569 0
22570 0
22571 5
22572 4
22573 3
22574 3
22575 0
22576 2
22577 2
22578 1
22579 2
22580 0
22581 1
22582 3
22583 2
22584 2
22585 3
22586 5
22587 0
22588 1
22589 2
22590 0
22591 2
22592 4
22593 4
22594 4
22595 2
22596 4
22597 3
22598 4
22599 2
22600 3
22601 1
22602 4
22603 0
22604 3
22605 2
22606 4
22607 2
22608 4
22609 0
22610 5
22611 3
22612 1
22613 4
22614 2
22615 1
22616 4
22617 1
22618 1
22619 0
22620 0
22621 4
22622 4
22623 2
22624 1
22625 0
22626 4
22627 2
22628 1
22629 4
22630 3
22631 1
22632 1
22633 4
22634 3
22635 5
22636 2
22637 3
22638 4
22639 3
22640 3
22641 5
22642 3
22643 3
22644 3
22645 2
22646 2
22647 3
22648 3
22649 3
22650 4
22651 3
22652 1
22653 1
22654 2
22655 2
22656 2
22657 0
22658 4
22659 2
22660 0
22661 2
22662 1
22663 2
22664 5
22665 4
22666 4
22667 5
22668 1
22669 4
22670 3
22671 2
22672 1
22673 4
22674 5
22675 4
22676 0
22677 3
22678 3
22679 3
22680 1
22681 1
22682 1
22683 1
22684 3
22685 1
22686 4
22687 3
22688 0
22689 0
22690 0
22691 1
22692 3
22693 6
22694 2
22695 0
22696 4
22697 3
22698 3
22699 0
22700 2
22701 0
22702 2
22703 2
22704 3
22705 0
22706 2
22707 2
22708 4
22709 5
22710 0
22711 5
22712 4
22713 2
22714 4
22715 2
22716 2
22717 1
22718 3
22719 2
22720 0
22721 0
22722 2
22723 0
22724 1
22725 1
22726 5
22727 0
22728 4
22729 3
22730 3
22731 0
22732 4
22733 3
22734 4
22735 2
22736 0
22737 0
22738 2
22739 4
22740 3
22741 0
22742 0
22743 1
22744 5
22745 1
22746 3
22747 1
22748 2
22749 0
22750 2
22751 0
22752 3
22753 0
22754 0
22755 1
22756 3
22757 4
22758 1
22759 4
22760 5
22761 4
22762 4
22763 5
22764 5
22765 4
22766 1
22767 0
22768 2
22769 5
22770 0
22771 0
22772 3
22773 2
22774 2
22775 0
22776 2
22777 0
22778 1
22779 2
22780 0
22781 3
22782 0
22783 1
22784 0
22785 3
22786 3
22787 3
22788 4
22789 5
22790 0
22791 4
22792 3
22793 3
22794 2
22795 0
22796 4
22797 4
22798 3
22799 0
22800 0
22801 2
22802 0
22803 2
22804 0
22805 5
22806 1
22807 2
22808 2
22809 3
22810 1
22811 1
22812 2
22813 2
22814 4
22815 2
22816 1
22817 0
22818 3
22819 2
22820 1
22821 3
22822 0
22823 3
22824 0
22825 0
22826 1
22827 1
22828 0
22829 2
22830 3
22831 1
22832 1
22833 2
22834 4
22835 3
22836 2
22837 0
22838 2
22839 2
22840 1
22841 2
22842 1
22843 1
22844 2
22845 4
22846 1
22847 4
22848 0
22849 3
22850 1
22851 3
22852 3
22853 3
22854 2
22855 1
22856 2
22857 0
22858 0
22859 4
22860 3
22861 0
22862 4
22863 1
22864 3
22865 0
22866 1
22867 5
22868 2
22869 2
22870 1
22871 5
22872 4
22873 4
22874 4
22875 0
22876 0
22877 2
22878 1
22879 2
22880 0
22881 3
22882 1
22883 3
22884 2
22885 0
22886 3
22887 2
22888 4
22889 0
22890 3
22891 4
22892 3
22893 2
22894 0
22895 1
22896 3
22897 1
22898 0
22899 0
22900 5
22901 4
22902 0
22903 4
22904 4
22905 1
22906 0
22907 0
22908 1
22909 2
22910 0
22911 1
22912 2
22913 0
22914 1
22915 0
22916 3
22917 1
22918 0
22919 4
22920 1
22921 0
22922 3
22923 0
22924 1
22925 0
22926 0
22927 0
22928 2
22929 0
22930 1
22931 0
22932 2
22933 0
22934 0
22935 4
22936 1
22937 0
22938 5
22939 2
22940 3
22941 3
22942 2
22943 0
22944 4
22945 2
22946 2
22947 1
22948 3
22949 2
22950 2
22951 1
22952 1
22953 1
22954 5
22955 1
22956 2
22957 2
22958 6
22959 1
22960 5
22961 1
22962 4
22963 0
22964 2
22965 0
22966 1
22967 1
22968 0
22969 1
22970 5
22971 1
22972 4
22973 1
22974 1
22975 2
22976 5
22977 2
22978 0
22979 3
22980 3
22981 4
22982 5
22983 0
22984 2
22985 4
22986 3
22987 3
22988 0
22989 2
22990 3
22991 0
22992 4
22993 2
22994 2
22995 1
22996 5
22997 2
22998 0
22999 4
23000 2
23001 1
23002 0
23003 4
23004 2
23005 2
23006 2
23007 1
23008 2
23009 4
23010 4
23011 4
23012 3
23013 4
23014 3
23015 2
23016 1
23017 1
23018 0
23019 1
23020 4
23021 3
23022 1
23023 2
23024 2
23025 3
23026 1
23027 4
23028 4
23029 1
23030 3
23031 4
23032 2
23033 4
23034 2
23035 0
23036 3
23037 0
23038 1
23039 3
23040 4
23041 2
23042 0
23043 3
23044 1
23045 0
23046 2
23047 5
23048 2
23049 4
23050 5
23051 1
23052 2
23053 0
23054 4
23055 1
23056 0
23057 0
23058 2
23059 1
23060 3
23061 1
23062 3
23063 3
23064 0
23065 0
23066 1
23067 3
23068 4
23069 5
23070 1
23071 3
23072 5
23073 1
23074 3
23075 4
23076 1
23077 2
23078 0
23079 3
23080 1
23081 3
23082 4
23083 6
23084 2
23085 4
23086 5
23087 4
23088 3
23089 0
23090 1
23091 2
23092 4
23093 2
23094 0
23095 0
23096 0
23097 1
23098 2
23099 1
23100 4
23101 0
23102 2
23103 0
23104 0
23105 1
23106 0
23107 5
23108 3
23109 2
23110 1
23111 2
23112 4
23113 0
23114 4
23115 3
23116 0
23117 1
23118 2
23119 3
23120 5
23121 6
23122 3
23123 4
23124 0
23125 0
23126 4
23127 4
23128 0
23129 2
23130 1
23131 0
23132 0
23133 2
23134 4
23135 5
23136 1
23137 3
23138 3
23139 2
23140 2
23141 3
23142 2
23143 2
23144 2
23145 1
23146 3
23147 1
23148 6
23149 4
23150 1
23151 1
23152 2
23153 1
23154 2
23155 3
23156 2
23157 0
23158 2
23159 3
23160 0
23161 3
23162 0
23163 2
23164 3
23165 2
23166 0
23167 1
23168 5
23169 0
23170 5
23171 5
23172 3
23173 0
23174 3
23175 4
23176 2
23177 4
23178 4
23179 0
23180 0
23181 3
23182 1
23183 3
23184 2
23185 0
23186 1
23187 0
23188 3
23189 1
23190 2
23191 2
23192 4
23193 1
23194 2
23195 3
23196 3
23197 0
23198 2
23199 0
23200 2
23201 2
23202 0
23203 3
23204 2
23205 0
23206 3
23207 3
23208 0
23209 2
23210 2
23211 3
23212 1
23213 0
23214 2
23215 0
23216 1
23217 4
23218 1
23219 3
23220 2
23221 2
23222 2
23223 0
23224 1
23225 1
23226 4
23227 2
23228 4
23229 2
23230 2
23231 3
23232 4
23233 4
23234 3
23235 3
23236 0
23237 0
23238 5
23239 0
23240 4
23241 4
23242 3
23243 4
23244 2
23245 5
23246 1
23247 1
23248 1
23249 1
23250 1
23251 0
23252 2
23253 0
23254 0
23255 4
23256 3
23257 0
23258 4
23259 1
23260 2
23261 3
23262 4
23263 2
23264 2
23265 4
23266 1
23267 4
23268 4
23269 0
23270 3
23271 5
23272 1
23273 2
23274 4
23275 2
23276 2
23277 1
23278 3
23279 4
23280 0
23281 1
23282 0
23283 1
23284 3
23285 4
23286 0
23287 0
23288 4
23289 4
23290 3
23291 0
23292 3
23293 2
23294 3
23295 5
23296 1
23297 4
23298 3
23299 0
23300 2
23301 1
23302 1
23303 3
23304 1
23305 4
23306 3
23307 2
23308 2
23309 4
23310 0
23311 1
23312 2
23313 1
23314 4
23315 0
23316 4
23317 4
23318 1
23319 2
23320 3
23321 2
23322 1
23323 2
23324 3
23325 4
23326 1
23327 4
23328 4
23329 2
23330 4
23331 5
23332 1
23333 1
23334 4
23335 0
23336 4
23337 3
23338 3
23339 1
23340 4
23341 0
23342 3
23343 0
23344 4
23345 1
23346 0
23347 2
23348 2
23349 4
23350 1
23351 4
23352 4
23353 4
23354 1
23355 1
23356 2
23357 0
23358 0
23359 5
23360 4
23361 0
23362 5
23363 2
23364 2
23365 3
23366 4
23367 3
23368 1
23369 4
23370 1
23371 0
23372 4
23373 2
23374 4
23375 2
23376 3
23377 4
23378 4
23379 2
23380 1
23381 3
23382 0
23383 2
23384 4
23385 1
23386 3
23387 1
23388 1
23389 2
23390 1
23391 0
23392 3
23393 2
23394 0
23395 3
23396 0
23397 3
23398 3
23399 3
23400 1
23401 5
23402 2
23403 2
23404 0
23405 2
23406 3
23407 0
23408 0
23409 0
23410 0
23411 0
23412 2
23413 0
23414 4
23415 2
23416 1
23417 0
23418 2
23419 4
23420 0
23421 3
23422 2
23423 2
23424 2
23425 4
23426 1
23427 1
23428 1
23429 3
23430 3
23431 3
23432 0
23433 0
23434 1
23435 5
23436 2
23437 1
23438 3
23439 2
23440 3
23441 3
23442 4
23443 1
23444 1
23445 0
23446 0
23447 4
23448 1
23449 0
23450 1
23451 3
23452 4
23453 1
23454 1
23455 1
23456 1
23457 2
23458 4
23459 0
23460 1
23461 4
23462 0
23463 0
23464 1
23465 1
23466 2
23467 0
23468 3
23469 2
23470 5
23471 5
23472 1
23473 2
23474 5
23475 0
23476 2
23477 0
23478 1
23479 3
23480 3
23481 1
23482 0
23483 4
23484 2
23485 4
23486 4
23487 3
23488 2
23489 0
23490 1
23491 1
23492 0
23493 4
23494 2
23495 3
23496 1
23497 1
23498 1
23499 3
23500 2
23501 5
23502 5
23503 3
23504 0
23505 4
23506 5
23507 0
23508 2
23509 2
23510 2
23511 3
23512 0
23513 3
23514 1
23515 3
23516 3
23517 1
23518 3
23519 3
23520 0
23521 3
23522 2
23523 3
23524 2
23525 3
23526 1
23527 4
23528 2
23529 3
23530 2
23531 0
23532 0
23533 1
23534 2
23535 2
23536 0
23537 2
23538 2
23539 0
23540 4
23541 1
23542 1
23543 0
23544 4
23545 3
23546 0
23547 0
23548 3
23549 3
23550 0
23551 2
23552 4
23553 3
23554 2
23555 4
23556 1
23557 2
23558 5
23559 0
23560 0
23561 3
23562 1
23563 0
23564 3
23565 0
23566 4
23567 3
23568 4
23569 2
23570 3
23571 1
23572 5
23573 1
23574 4
23575 0
23576 3
23577 3
23578 2
23579 3
23580 3
23581 4
23582 1
23583 1
23584 3
23585 5
23586 3
23587 4
23588 4
23589 2
23590 1
23591 3
23592 4
23593 2
23594 1
23595 1
23596 4
23597 0
23598 4
23599 0
23600 3
23601 0
23602 3
23603 2
23604 1
23605 3
23606 3
23607 2
23608 2
23609 3
23610 1
23611 4
23612 3
23613 3
23614 2
23615 3
23616 3
23617 3
23618 3
23619 2
23620 0
23621 0
23622 2
23623 1
23624 3
23625 0
23626 0
23627 0
23628 0
23629 2
23630 0
23631 1
23632 5
23633 2
23634 1
23635 4
23636 3
23637 1
23638 1
23639 0
23640 3
23641 0
23642 1
23643 2
23644 1
23645 2
23646 3
23647 4
23648 4
23649 1
23650 1
23651 0
23652 2
23653 0
23654 3
23655 1
23656 2
23657 2
23658 3
23659 2
23660 3
23661 3
23662 4
23663 0
23664 3
23665 2
23666 4
23667 3
23668 1
23669 4
23670 1
23671 1
23672 0
23673 2
23674 2
23675 1
23676 1
23677 0
23678 4
23679 0
23680 1
23681 3
23682 2
23683 2
23684 0
23685 0
23686 2
23687 1
23688 5
23689 3
23690 3
23691 1
23692 0
23693 3
23694 1
23695 3
23696 5
23697 1
23698 1
23699 3
23700 5
23701 3
23702 2
23703 2
23704 3
23705 4
23706 1
23707 1
23708 1
23709 1
23710 1
23711 1
23712 4
23713 1
23714 4
23715 0
23716 3
23717 4
23718 2
23719 1
23720 3
23721 5
23722 3
23723 1
23724 1
23725 0
23726 3
23727 1
23728 2
23729 4
23730 1
23731 1
23732 2
23733 3
23734 3
23735 3
23736 1
23737 3
23738 1
23739 0
23740 1
23741 3
23742 0
23743 5
23744 2
23745 3
23746 3
23747 0
23748 0
23749 1
23750 1
23751 2
23752 4
23753 3
23754 0
23755 0
23756 2
23757 2
23758 2
23759 2
23760 1
23761 3
23762 3
23763 5
23764 0
23765 1
23766 1
23767 0
23768 2
23769 3
23770 3
23771 1
23772 1
23773 1
23774 2
23775 1
23776 1
23777 3
23778 0
23779 3
23780 0
23781 5
23782 2
23783 2
23784 4
23785 1
23786 1
23787 1
23788 4
23789 5
23790 1
23791 4
23792 3
23793 2
23794 3
23795 2
23796 1
23797 2
23798 1
23799 1
23800 2
23801 0
23802 2
23803 4
23804 4
23805 1
23806 0
23807 3
23808 1
23809 3
23810 1
23811 1
23812 4
23813 0
23814 2
23815 4
23816 2
23817 3
23818 0
23819 0
23820 0
23821 0
23822 1
23823 1
23824 4
23825 3
23826 1
23827 1
23828 4
23829 5
23830 1
23831 4
23832 4
23833 0
23834 3
23835 2
23836 0
23837 6
23838 1
23839 2
23840 1
23841 1
23842 0
23843 1
23844 2
23845 2
23846 1
23847 0
23848 3
23849 1
23850 2
23851 2
23852 2
23853 3
23854 2
23855 2
23856 4
23857 4
23858 1
23859 4
23860 0
23861 4
23862 0
23863 3
23864 1
23865 1
23866 0
23867 4
23868 4
23869 0
23870 3
23871 2
23872 1
23873 2
23874 5
23875 1
23876 3
23877 3
23878 0
23879 2
23880 2
23881 3
23882 0
23883 1
23884 5
23885 2
23886 1
23887 3
23888 1
23889 1
23890 0
23891 1
23892 4
23893 1
23894 0
23895 1
23896 0
23897 4
23898 3
23899 2
23900 2
23901 4
23902 1
23903 0
23904 2
23905 0
23906 0
23907 3
23908 0
23909 5
23910 0
23911 2
23912 0
23913 0
23914 2
23915 0
23916 3
23917 1
23918 5
23919 5
23920 2
23921 0
23922 4
23923 4
23924 4
23925 3
23926 2
23927 2
23928 2
23929 2
23930 1
23931 0
23932 1
23933 4
23934 2
23935 1
23936 0
23937 3
23938 2
23939 0
23940 3
23941 1
23942 4
23943 3
23944 2
23945 1
23946 4
23947 2
23948 1
23949 2
23950 2
23951 0
23952 4
23953 5
23954 4
23955 4
23956 0
23957 1
23958 3
23959 1
23960 3
23961 2
23962 0
23963 1
23964 5
23965 1
23966 0
23967 2
23968 1
23969 3
23970 3
23971 3
23972 2
23973 4
23974 3
23975 5
23976 1
23977 0
23978 1
23979 1
23980 5
23981 0
23982 2
23983 5
23984 3
23985 1
23986 3
23987 3
23988 4
23989 0
23990 0
23991 2
23992 0
23993 0
23994 4
23995 4
23996 2
23997 1
23998 2
23999 0
24000 5
24001 1
24002 1
24003 2
24004 4
24005 0
24006 0
24007 2
24008 2
24009 5
24010 4
24011 3
24012 3
24013 4
24014 0
24015 3
24016 2
24017 3
24018 3
24019 1
24020 1
24021 2
24022 4
24023 3
24024 1
24025 2
24026 3
24027 0
24028 0
24029 0
24030 1
24031 5
24032 4
24033 3
24034 1
24035 4
24036 1
24037 1
24038 0
24039 3
24040 4
24041 0
24042 2
24043 3
24044 1
24045 4
24046 2
24047 1
24048 1
24049 0
24050 4
24051 0
24052 3
24053 0
24054 6
24055 1
24056 2
24057 1
24058 2
24059 2
24060 1
24061 0
24062 0
24063 1
24064 1
24065 2
24066 1
24067 0
24068 2
24069 2
24070 4
24071 2
24072 1
24073 1
24074 0
24075 3
24076 3
24077 5
24078 5
24079 1
24080 1
24081 3
24082 0
24083 1
24084 0
24085 0
24086 0
24087 5
24088 3
24089 3
24090 0
24091 2
24092 1
24093 3
24094 4
24095 2
24096 4
24097 0
24098 4
24099 0
24100 1
24101 4
24102 4
24103 1
24104 4
24105 0
24106 3
24107 0
24108 0
24109 3
24110 4
24111 3
24112 0
24113 4
24114 2
24115 2
24116 1
24117 4
24118 1
24119 3
24120 2
24121 2
24122 2
24123 2
24124 3
24125 2
24126 1
24127 0
24128 4
24129 3
24130 0
24131 3
24132 0
24133 5
24134 1
24135 1
24136 1
24137 1
24138 1
24139 3
24140 0
24141 3
24142 0
24143 2
24144 0
24145 3
24146 4
24147 2
24148 2
24149 2
24150 4
24151 4
24152 3
24153 0
24154 0
24155 0
24156 4
24157 2
24158 4
24159 0
24160 1
24161 3
24162 2
24163 5
24164 1
24165 0
24166 0
24167 1
24168 4
24169 4
24170 0
24171 4
24172 2
24173 1
24174 1
24175 1
24176 3
24177 0
24178 3
24179 4
24180 3
24181 0
24182 0
24183 1
24184 4
24185 0
24186 0
24187 1
24188 1
24189 4
24190 0
24191 3
24192 5
24193 4
24194 0
24195 3
24196 4
24197 2
24198 3
24199 3
24200 0
24201 2
24202 1
24203 1
24204 3
24205 3
24206 0
24207 2
24208 0
24209 1
24210 5
24211 0
24212 0
24213 1
24214 1
24215 3
24216 5
24217 4
24218 2
24219 1
24220 1
24221 0
24222 1
24223 1
24224 1
24225 1
24226 0
24227 1
24228 2
24229 0
24230 4
24231 0
24232 4
24233 1
24234 1
24235 0
24236 4
24237 2
24238 3
24239 2
24240 2
24241 1
24242 0
24243 2
24244 2
24245 3
24246 1
24247 4
24248 3
24249 1
24250 3
24251 4
24252 1
24253 2
24254 2
24255 1
24256 4
24257 4
24258 2
24259 5
24260 2
24261 0
24262 0
24263 0
24264 5
24265 0
24266 0
24267 0
24268 0
24269 0
24270 3
24271 3
24272 0
24273 4
24274 1
24275 0
24276 5
24277 3
24278 0
24279 3
24280 2
24281 2
24282 1
24283 3
24284 3
24285 1
24286 1
24287 1
24288 1
24289 0
24290 1
24291 0
24292 3
24293 2
24294 1
24295 3
24296 2
24297 3
24298 2
24299 5
24300 2
24301 3
24302 3
24303 0
24304 5
24305 0
24306 1
24307 3
24308 0
24309 5
24310 1
24311 3
24312 0
24313 3
24314 3
24315 0
24316 1
24317 3
24318 3
24319 2
24320 2
24321 2
24322 2
24323 1
24324 2
24325 3
24326 3
24327 2
24328 1
24329 2
24330 4
24331 0
24332 1
24333 1
24334 4
24335 0
24336 2
24337 4
24338 1
24339 0
24340 2
24341 3
24342 0
24343 0
24344 0
24345 1
24346 0
24347 3
24348 2
24349 3
24350 0
24351 3
24352 0
24353 3
24354 4
24355 0
24356 0
24357 3
24358 0
24359 0
24360 1
24361 1
24362 4
24363 0
24364 1
24365 3
24366 4
24367 0
24368 1
24369 5
24370 0
24371 0
24372 1
24373 4
24374 2
24375 4
24376 0
24377 5
24378 2
24379 5
24380 4
24381 1
24382 3
24383 0
24384 4
24385 3
24386 2
24387 1
24388 1
24389 3
24390 1
24391 4
24392 5
24393 3
24394 4
24395 1
24396 0
24397 0
24398 3
24399 0
24400 2
24401 1
24402 1
24403 2
24404 4
24405 2
24406 0
24407 5
24408 2
24409 2
24410 1
24411 0
24412 2
24413 2
24414 0
24415 0
24416 2
24417 4
24418 0
24419 0
24420 4
24421 3
24422 2
24423 5
24424 4
24425 3
24426 0
24427 2
24428 1
24429 1
24430 0
24431 4
24432 0
24433 3
24434 0
24435 2
24436 0
24437 1
24438 0
24439 2
24440 3
24441 3
24442 5
24443 0
24444 4
24445 1
24446 5
24447 2
24448 1
24449 4
24450 0
24451 2
24452 0
24453 1
24454 3
24455 1
24456 1
24457 4
24458 3
24459 1
24460 1
24461 1
24462 2
24463 2
24464 5
24465 1
24466 2
24467 0
24468 3
24469 1
24470 2
24471 0
24472 0
24473 5
24474 2
24475 1
24476 1
24477 3
24478 2
24479 3
24480 4
24481 1
24482 4
24483 3
24484 3
24485 0
24486 1
24487 0
24488 2
24489 2
24490 1
24491 0
24492 2
24493 1
24494 1
24495 4
24496 0
24497 3
24498 0
24499 2
24500 3
24501 3
24502 0
24503 0
24504 4
24505 5
24506 4
24507 1
24508 0
24509 3
24510 4
24511 2
24512 1
24513 2
24514 3
24515 4
24516 2
24517 0
24518 1
24519 4
24520 5
24521 1
24522 4
24523 3
24524 1
24525 2
24526 1
24527 3
24528 2
24529 1
24530 0
24531 3
24532 3
24533 0
24534 3
24535 2
24536 4
24537 4
24538 0
24539 2
24540 3
24541 2
24542 2
24543 1
24544 3
24545 0
24546 3
24547 1
24548 3
24549 3
24550 1
24551 0
24552 2
24553 4
24554 3
24555 0
24556 2
24557 3
24558 5
24559 3
24560 1
24561 3
24562 3
24563 3
24564 1
24565 4
24566 3
24567 2
24568 0
24569 2
24570 0
24571 3
24572 1
24573 1
24574 2
24575 4
24576 2
24577 3
24578 2
24579 1
24580 1
24581 3
24582 1
24583 0
24584 1
24585 0
24586 3
24587 3
24588 2
24589 2
24590 5
24591 1
24592 0
24593 1
24594 1
24595 2
24596 1
24597 0
24598 0
24599 0
24600 4
24601 0
24602 3
24603 3
24604 3
24605 0
24606 3
24607 5
24608 3
24609 0
24610 1
24611 0
24612 2
24613 4
24614 6
24615 2
24616 2
24617 2
24618 2
24619 5
24620 0
24621 3
24622 3
24623 1
24624 0
24625 1
24626 1
24627 1
24628 4
24629 4
24630 2
24631 0
24632 1
24633 3
24634 5
24635 4
24636 3
24637 2
24638 2
24639 3
24640 2
24641 4
24642 2
24643 1
24644 5
24645 1
24646 3
24647 2
24648 2
24649 3
24650 2
24651 3
24652 4
24653 2
24654 1
24655 1
24656 3
24657 3
24658 1
24659 5
24660 1
24661 2
24662 3
24663 2
24664 5
24665 2
24666 2
24667 2
24668 0
24669 1
24670 0
24671 3
24672 4
24673 4
24674 3
24675 4
24676 1
24677 2
24678 1
24679 1
24680 2
24681 0
24682 0
24683 3
24684 0
24685 5
24686 3
24687 1
24688 1
24689 1
24690 1
24691 3
24692 1
24693 2
24694 1
24695 0
24696 5
24697 1
24698 4
24699 3
24700 1
24701 1
24702 4
24703 1
24704 0
24705 2
24706 3
24707 2
24708 2
24709 2
24710 0
24711 3
24712 0
24713 1
24714 5
24715 1
24716 4
24717 2
24718 1
24719 4
24720 1
24721 5
24722 4
24723 2
24724 0
24725 1
24726 2
24727 3
24728 1
24729 4
24730 4
24731 3
24732 3
24733 0
24734 2
24735 3
24736 0
24737 4
24738 1
24739 1
24740 1
24741 4
24742 2
24743 5
24744 2
24745 2
24746 1
24747 2
24748 2
24749 3
24750 2
24751 2
24752 4
24753 2
24754 1
24755 1
24756 2
24757 0
24758 2
24759 2
24760 4
24761 0
24762 0
24763 3
24764 1
24765 4
24766 3
24767 2
24768 0
24769 4
24770 2
24771 1
24772 0
24773 2
24774 3
24775 0
24776 0
24777 0
24778 5
24779 2
24780 2
24781 2
24782 4
24783 0
24784 3
24785 4
24786 3
24787 1
24788 4
24789 3
24790 2
24791 2
24792 1
24793 2
24794 2
24795 2
24796 5
24797 3
24798 4
24799 3
24800 4
24801 0
24802 2
24803 2
24804 3
24805 3
24806 2
24807 2
24808 3
24809 3
24810 0
24811 2
24812 1
24813 1
24814 1
24815 4
24816 3
24817 1
24818 3
24819 5
24820 3
24821 4
24822 3
24823 0
24824 2
24825 0
24826 2
24827 0
24828 3
24829 0
24830 1
24831 2
24832 0
24833 0
24834 2
24835 6
24836 0
24837 3
24838 0
24839 2
24840 4
24841 2
24842 0
24843 0
24844 3
24845 3
24846 5
24847 2
24848 1
24849 2
24850 0
24851 4
24852 1
24853 2
24854 3
24855 4
24856 2
24857 2
24858 0
24859 1
24860 2
24861 0
24862 1
24863 3
24864 4
24865 0
24866 0
24867 2
24868 0
24869 0
24870 0
24871 4
24872 5
24873 1
24874 1
24875 5
24876 3
24877 1
24878 4
24879 0
24880 2
24881 5
24882 1
24883 5
24884 0
24885 0
24886 4
24887 0
24888 3
24889 4
24890 2
24891 3
24892 1
24893 4
24894 0
24895 2
24896 0
24897 3
24898 4
24899 1
24900 3
24901 0
24902 4
24903 3
24904 0
24905 4
24906 4
24907 3
24908 3
24909 4
24910 3
24911 0
24912 2
24913 2
24914 3
24915 2
24916 0
24917 5
24918 1
24919 5
24920 4
24921 2
24922 1
24923 5
24924 4
24925 2
24926 2
24927 2
24928 3
24929 0
24930 1
24931 2
24932 3
24933 0
24934 1
24935 1
24936 1
24937 0
24938 1
24939 1
24940 0
24941 1
24942 5
24943 3
24944 2
24945 1
24946 2
24947 3
24948 3
24949 4
24950 4
24951 0
24952 4
24953 4
24954 0
24955 0
24956 4
24957 2
24958 5
24959 0
24960 5
24961 3
24962 4
24963 2
24964 5
24965 1
24966 0
24967 2
24968 2
24969 2
24970 1
24971 3
24972 3
24973 4
24974 3
24975 3
24976 0
24977 3
24978 4
24979 0
24980 5
24981 6
24982 2
24983 1
24984 5
24985 1
24986 2
24987 3
24988 1
24989 5
24990 0
24991 1
24992 3
24993 2
24994 5
24995 3
24996 2
24997 3
24998 1
24999 1
25000 2
25001 1
25002 0
25003 2
25004 2
25005 5
25006 3
25007 1
25008 1
25009 4
25010 0
25011 3
25012 3
25013 3
25014 1
25015 1
25016 0
25017 2
25018 4
25019 2
25020 3
25021 2
25022 1
25023 5
25024 1
25025 4
25026 0
25027 1
25028 5
25029 1
25030 4
25031 4
25032 3
25033 4
25034 1
25035 1
25036 3
25037 1
25038 3
25039 2
25040 0
25041 0
25042 4
25043 4
25044 0
25045 0
25046 3
25047 6
25048 2
25049 1
25050 3
25051 1
25052 0
25053 2
25054 2
25055 4
25056 2
25057 1
25058 3
25059 1
25060 1
25061 5
25062 3
25063 3
25064 2
25065 2
25066 1
25067 1
25068 2
25069 2
25070 3
25071 4
25072 1
25073 1
25074 3
25075 1
25076 1
25077 1
25078 5
25079 0
25080 1
25081 1
25082 0
25083 2
25084 2
25085 1
25086 1
25087 3
25088 2
25089 2
25090 0
25091 3
25092 0
25093 0
25094 4
25095 2
25096 3
25097 5
25098 1
25099 3
25100 4
25101 1
25102 0
25103 0
25104 2
25105 0
25106 0
25107 4
25108 0
25109 0
25110 2
25111 0
25112 6
25113 0
25114 3
25115 0
25116 3
25117 1
25118 4
25119 3
25120 4
25121 0
25122 2
25123 3
25124 0
25125 3
25126 1
25127 4
25128 2
25129 5
25130 0
25131 2
25132 0
25133 0
25134 2
25135 3
25136 1
25137 5
25138 0
25139 3
25140 1
25141 2
25142 1
25143 3
25144 4
25145 5
25146 4
25147 3
25148 1
25149 4
25150 2
25151 4
25152 3
25153 2
25154 5
25155 5
25156 3
25157 1
25158 5
25159 5
25160 1
25161 0
25162 1
25163 2
25164 2
25165 0
25166 0
25167 5
25168 3
25169 2
25170 2
25171 2
25172 2
25173 1
25174 3
25175 1
25176 3
25177 2
25178 2
25179 2
25180 0
25181 0
25182 0
25183 2
25184 3
25185 4
25186 0
25187 2
25188 5
25189 1
25190 4
25191 2
25192 0
25193 3
25194 3
25195 3
25196 2
25197 1
25198 0
25199 2
25200 4
25201 3
25202 0
25203 3
25204 1
25205 2
25206 0
25207 5
25208 3
25209 5
25210 4
25211 1
25212 0
25213 1
25214 2
25215 3
25216 2
25217 0
25218 5
25219 1
25220 2
25221 1
25222 2
25223 4
25224 1
25225 1
25226 2
25227 4
25228 3
25229 0
25230 2
25231 2
25232 3
25233 1
25234 1
25235 4
25236 2
25237 0
25238 5
25239 2
25240 0
25241 2
25242 0
25243 4
25244 1
25245 0
25246 0
25247 1
25248 1
25249 3
25250 0
25251 1
25252 4
25253 0
25254 3
25255 2
25256 0
25257 1
25258 5
25259 1
25260 0
25261 2
25262 1
25263 1
25264 0
25265 2
25266 2
25267 3
25268 3
25269 0
25270 4
25271 3
25272 0
25273 1
25274 3
25275 0
25276 4
25277 0
25278 3
25279 2
25280 2
25281 0
25282 4
25283 1
25284 3
25285 0
25286 3
25287 2
25288 1
25289 0
25290 3
25291 1
25292 0
25293 3
25294 1
25295 3
25296 2
25297 4
25298 3
25299 4
25300 0
25301 4
25302 1
25303 4
25304 3
25305 5
25306 3
25307 2
25308 3
25309 3
25310 1
25311 2
25312 3
25313 0
25314 4
25315 3
25316 1
25317 1
25318 4
25319 3
25320 3
25321 0
25322 5
25323 5
25324 5
25325 0
25326 3
25327 3
25328 0
25329 0
25330 3
25331 0
25332 1
25333 4
25334 1
25335 2
25336 4
25337 4
25338 1
25339 1
25340 5
25341 5
25342 4
25343 1
25344 1
25345 5
25346 2
25347 3
25348 4
25349 0
25350 4
25351 4
25352 0
25353 0
25354 4
25355 5
25356 2
25357 2
25358 4
25359 1
25360 3
25361 1
25362 1
25363 3
25364 2
25365 3
25366 5
25367 4
25368 2
25369 0
25370 0
25371 0
25372 0
25373 4
25374 0
25375 4
25376 0
25377 0
25378 0
25379 0
25380 4
25381 5
25382 2
25383 2
25384 3
25385 3
25386 4
25387 5
25388 4
25389 2
25390 2
25391 0
25392 4
25393 3
25394 4
25395 2
25396 0
25397 3
25398 1
25399 2
25400 3
25401 3
25402 1
25403 1
25404 0
25405 0
25406 3
25407 1
25408 3
25409 1
25410 0
25411 2
25412 4
25413 4
25414 1
25415 1
25416 3
25417 1
25418 3
25419 5
25420 3
25421 0
25422 0
25423 4
25424 3
25425 4
25426 1
25427 1
25428 3
25429 2
25430 1
25431 2
25432 4
25433 4
25434 2
25435 4
25436 0
25437 0
25438 3
25439 0
25440 3
25441 0
25442 1
25443 1
25444 4
25445 1
25446 1
25447 3
25448 4
25449 4
25450 2
25451 1
25452 1
25453 4
25454 4
25455 4
25456 3
25457 1
25458 4
25459 1
25460 1
25461 3
25462 1
25463 1
25464 2
25465 4
25466 4
25467 2
25468 2
25469 4
25470 3
25471 2
25472 1
25473 3
25474 0
25475 0
25476 2
25477 0
25478 0
25479 0
25480 1
25481 2
25482 3
25483 0
25484 3
25485 5
25486 1
25487 1
25488 0
25489 3
25490 2
25491 3
25492 2
25493 3
25494 1
25495 2
25496 0
25497 3
25498 1
25499 4
25500 2
25501 2
25502 2
25503 0
25504 1
25505 2
25506 0
25507 4
25508 0
25509 2
25510 0
25511 3
25512 3
25513 1
25514 4
25515 3
25516 4
25517 1
25518 3
25519 2
25520 1
25521 0
25522 2
25523 1
25524 1
25525 3
25526 5
25527 3
25528 3
25529 2
25530 0
25531 0
25532 0
25533 0
25534 0
25535 2
25536 2
25537 4
25538 5
25539 1
25540 5
25541 4
25542 4
25543 2
25544 1
25545 0
25546 2
25547 3
25548 5
25549 4
25550 3
25551 2
25552 2
25553 2
25554 1
25555 3
25556 3
25557 3
25558 2
25559 3
25560 0
25561 3
25562 0
25563 3
25564 0
25565 0
25566 1
25567 2
25568 4
25569 3
25570 3
25571 3
25572 5
25573 0
25574 4
25575 2
25576 3
25577 3
25578 0
25579 2
25580 1
25581 4
25582 0
25583 3
25584 3
25585 0
25586 4
25587 1
25588 3
25589 0
25590 4
25591 0
25592 0
25593 2
25594 3
25595 2
25596 3
25597 2
25598 2
25599 3
25600 1
25601 0
25602 1
25603 4
25604 1
25605 0
25606 4
25607 0
25608 2
25609 2
25610 0
25611 0
25612 5
25613 1
25614 4
25615 0
25616 4
25617 2
25618 2
25619 4
25620 4
25621 0
25622 0
25623 3
25624 4
25625 1
25626 0
25627 3
25628 1
25629 0
25630 0
25631 0
25632 5
25633 4
25634 3
25635 3
25636 4
25637 0
25638 2
25639 1
25640 3
25641 4
25642 4
25643 3
25644 0
25645 4
25646 0
25647 3
25648 0
25649 4
25650 2
25651 5
25652 1
25653 0
25654 0
25655 2
25656 3
25657 0
25658 3
25659 1
25660 1
25661 3
25662 0
25663 3
25664 4
25665 6
25666 3
25667 0
25668 1
25669 2
25670 0
25671 3
25672 2
25673 1
25674 1
25675 0
25676 0
25677 3
25678 0
25679 3
25680 2
25681 2
25682 0
25683 1
25684 5
25685 5
25686 1
25687 0
25688 2
25689 3
25690 2
25691 0
25692 2
25693 3
25694 4
25695 3
25696 3
25697 1
25698 1
25699 3
25700 3
25701 3
25702 4
25703 1
25704 2
25705 1
25706 1
25707 0
25708 1
25709 3
25710 1
25711 0
25712 0
25713 3
25714 1
25715 3
25716 3
25717 5
25718 4
25719 2
25720 0
25721 4
25722 3
25723 3
25724 5
25725 3
25726 4
25727 3
25728 1
25729 3
25730 3
25731 3
25732 2
25733 3
25734 2
25735 1
25736 1
25737 4
25738 3
25739 1
25740 2
25741 3
25742 0
25743 1
25744 1
25745 1
25746 3
25747 3
25748 2
25749 2
25750 1
25751 4
25752 1
25753 4
25754 2
25755 4
25756 4
25757 5
25758 0
25759 0
25760 3
25761 0
25762 0
25763 0
25764 5
25765 1
25766 1
25767 2
25768 3
25769 3
25770 3
25771 3
25772 2
25773 4
25774 1
25775 3
25776 3
25777 3
25778 5
25779 1
25780 1
25781 2
25782 1
25783 1
25784 3
25785 1
25786 0
25787 1
25788 4
25789 0
25790 5
25791 1
25792 0
25793 0
25794 0
25795 0
25796 3
25797 0
25798 1
25799 0
25800 0
25801 0
25802 0
25803 4
25804 2
25805 0
25806 2
25807 1
25808 1
25809 2
25810 1
25811 0
25812 1
25813 1
25814 0
25815 1
25816 1
25817 2
25818 0
25819 4
25820 1
25821 2
25822 0
25823 5
25824 4
25825 3
25826 5
25827 4
25828 0
25829 1
25830 4
25831 1
25832 4
25833 1
25834 4
25835 0
25836 0
25837 0
25838 0
25839 0
25840 4
25841 2
25842 2
25843 2
25844 3
25845 0
25846 2
25847 1
25848 1
25849 1
25850 5
25851 5
25852 0
25853 3
25854 2
25855 2
25856 4
25857 3
25858 2
25859 2
25860 1
25861 0
25862 0
25863 1
25864 0
25865 1
25866 5
25867 3
25868 2
25869 0
25870 0
25871 2
25872 2
25873 0
25874 3
25875 4
25876 1
25877 4
25878 3
25879 1
25880 4
25881 3
25882 5
25883 4
25884 4
25885 0
25886 1
25887 1
25888 3
25889 1
25890 0
25891 2
25892 0
25893 1
25894 1
25895 4
25896 2
25897 3
25898 1
25899 3
25900 5
25901 1
25902 2
25903 1
25904 1
25905 1
25906 0
25907 2
25908 2
25909 5
25910 0
25911 3
25912 2
25913 1
25914 0
25915 1
25916 0
25917 1
25918 2
25919 2
25920 0
25921 3
25922 1
25923 4
25924 0
25925 1
25926 3
25927 3
25928 4
25929 2
25930 1
25931 2
25932 3
25933 0
25934 1
25935 0
25936 0
25937 1
25938 1
25939 2
25940 3
25941 2
25942 5
25943 1
25944 4
25945 3
25946 1
25947 2
25948 3
25949 4
25950 3
25951 2
25952 0
25953 0
25954 3
25955 5
25956 4
25957 1
25958 1
25959 5
25960 0
25961 2
25962 0
25963 3
25964 3
25965 1
25966 3
25967 2
25968 2
25969 2
25970 4
25971 2
25972 0
25973 2
25974 0
25975 2
25976 2
25977 3
25978 1
25979 2
25980 4
25981 2
25982 0
25983 3
25984 1
25985 5
25986 1
25987 4
25988 1
25989 0
25990 5
25991 1
25992 1
25993 2
25994 2
25995 4
25996 4
25997 1
25998 4
25999 0
26000 1
26001 1
26002 0
26003 2
26004 2
26005 2
26006 1
26007 0
26008 3
26009 5
26010 2
26011 3
26012 4
26013 1
26014 2
26015 3
26016 0
26017 0
26018 1
26019 0
26020 5
26021 0
26022 3
26023 2
26024 2
26025 4
26026 3
26027 1
26028 5
26029 4
26030 2
26031 5
26032 3
26033 3
26034 4
26035 0
26036 3
26037 3
26038 0
26039 0
26040 2
26041 0
26042 1
26043 2
26044 3
26045 0
26046 3
26047 3
26048 2
26049 0
26050 1
26051 0
26052 1
26053 2
26054 0
26055 1
26056 1
26057 0
26058 5
26059 1
26060 1
26061 2
26062 1
26063 0
26064 1
26065 5
26066 2
26067 3
26068 0
26069 4
26070 3
26071 1
26072 2
26073 0
26074 0
26075 2
26076 0
26077 1
26078 3
26079 2
26080 2
26081 0
26082 0
26083 0
26084 0
26085 3
26086 3
26087 2
26088 3
26089 0
26090 3
26091 1
26092 2
26093 3
26094 4
26095 5
26096 5
26097 2
26098 4
26099 4
26100 0
26101 3
26102 1
26103 1
26104 1
26105 3
26106 1
26107 2
26108 5
26109 3
26110 4
26111 3
26112 4
26113 0
26114 2
26115 3
26116 3
26117 0
26118 1
26119 2
26120 4
26121 1
26122 1
26123 4
26124 1
26125 4
26126 4
26127 4
26128 1
26129 4
26130 1
26131 1
26132 0
26133 1
26134 4
26135 1
26136 0
26137 1
26138 4
26139 0
26140 1
26141 2
26142 0
26143 1
26144 1
26145 2
26146 2
26147 2
26148 2
26149 5
26150 0
26151 3
26152 2
26153 2
26154 3
26155 0
26156 1
26157 2
26158 0
26159 1
26160 0
26161 1
26162 0
26163 0
26164 5
26165 1
26166 1
26167 0
26168 1
26169 0
26170 0
26171 0
26172 0
26173 0
26174 3
26175 0
26176 2
26177 1
26178 0
26179 2
26180 2
26181 3
26182 4
26183 1
26184 0
26185 3
26186 0
26187 0
26188 4
26189 4
26190 1
26191 1
26192 1
26193 4
26194 4
26195 1
26196 4
26197 3
26198 3
26199 4
26200 2
26201 1
26202 4
26203 3
26204 1
26205 2
26206 2
26207 3
26208 5
26209 3
26210 0
26211 1
26212 0
26213 3
26214 1
26215 1
26216 3
26217 3
26218 0
26219 0
26220 2
26221 1
26222 4
26223 1
26224 0
26225 3
26226 5
26227 4
26228 2
26229 1
26230 3
26231 3
26232 3
26233 0
26234 1
26235 2
26236 2
26237 3
26238 3
26239 1
26240 4
26241 0
26242 1
26243 1
26244 2
26245 3
26246 1
26247 3
26248 1
26249 0
26250 0
26251 2
26252 1
26253 3
26254 2
26255 3
26256 3
26257 1
26258 2
26259 3
26260 5
26261 2
26262 0
26263 3
26264 1
26265 2
26266 1
26267 4
26268 1
26269 4
26270 1
26271 4
26272 0
26273 1
26274 3
26275 0
26276 0
26277 2
26278 3
26279 2
26280 2
26281 1
26282 6
26283 2
26284 3
26285 1
26286 1
26287 0
26288 1
26289 2
26290 4
26291 3
26292 4
26293 5
26294 5
26295 5
26296 5
26297 1
26298 0
26299 3
26300 1
26301 4
26302 3
26303 0
26304 3
26305 0
26306 2
26307 1
26308 3
26309 3
26310 0
26311 0
26312 3
26313 2
26314 1
26315 3
26316 5
26317 1
26318 3
26319 1
26320 0
26321 0
26322 0
26323 0
26324 0
26325 2
26326 3
26327 2
26328 3
26329 0
26330 0
26331 1
26332 3
26333 1
26334 2
26335 1
26336 1
26337 0
26338 2
26339 3
26340 2
26341 1
26342 3
26343 5
26344 5
26345 4
26346 3
26347 0
26348 2
26349 1
26350 0
26351 3
26352 4
26353 0
26354 0
26355 1
26356 4
26357 1
26358 2
26359 1
26360 2
26361 0
26362 1
26363 2
26364 5
26365 1
26366 0
26367 4
26368 3
26369 2
26370 0
26371 0
26372 5
26373 0
26374 1
26375 2
26376 3
26377 1
26378 1
26379 2
26380 2
26381 1
26382 0
26383 3
26384 3
26385 0
26386 6
26387 0
26388 2
26389 3
26390 1
26391 0
26392 1
26393 3
26394 3
26395 5
26396 3
26397 2
26398 1
26399 4
26400 1
26401 1
26402 2
26403 3
26404 2
26405 0
26406 0
26407 0
26408 3
26409 2
26410 0
26411 4
26412 1
26413 5
26414 1
26415 2
26416 0
26417 1
26418 4
26419 0
26420 1
26421 0
26422 3
26423 1
26424 1
26425 0
26426 1
26427 2
26428 4
26429 2
26430 4
26431 2
26432 1
26433 2
26434 4
26435 0
26436 2
26437 0
26438 5
26439 4
26440 1
26441 4
26442 0
26443 0
26444 0
26445 1
26446 3
26447 0
26448 1
26449 4
26450 4
26451 0
26452 1
26453 0
26454 0
26455 2
26456 0
26457 2
26458 3
26459 3
26460 2
26461 1
26462 0
26463 0
26464 4
26465 3
26466 4
26467 1
26468 0
26469 2
26470 4
26471 1
26472 0
26473 2
26474 3
26475 1
26476 3
26477 4
26478 1
26479 4
26480 0
26481 3
26482 3
26483 2
26484 0
26485 2
26486 2
26487 3
26488 4
26489 2
26490 5
26491 0
26492 1
26493 3
26494 0
26495 1
26496 0
26497 2
26498 5
26499 0
26500 4
26501 1
26502 0
26503 2
26504 5
26505 1
26506 2
26507 0
26508 3
26509 3
26510 2
26511 1
26512 4
26513 3
26514 1
26515 5
26516 4
26517 2
26518 3
26519 1
26520 0
26521 3
26522 2
26523 3
26524 5
26525 4
26526 2
26527 2
26528 1
26529 1
26530 2
26531 4
26532 3
26533 3
26534 1
26535 0
26536 1
26537 2
26538 4
26539 0
26540 1
26541 2
26542 4
26543 3
26544 0
26545 1
26546 4
26547 3
26548 4
26549 2
26550 1
26551 3
26552 3
26553 3
26554 4
26555 1
26556 4
26557 2
26558 2
26559 5
26560 0
26561 2
26562 3
26563 3
26564 4
26565 5
26566 3
26567 4
26568 3
26569 2
26570 3
26571 1
26572 5
26573 4
26574 3
26575 0
26576 5
26577 0
26578 0
26579 3
26580 2
26581 3
26582 3
26583 4
26584 4
26585 3
26586 2
26587 3
26588 2
26589 0
26590 3
26591 3
26592 4
26593 3
26594 2
26595 1
26596 2
26597 3
26598 3
26599 4
26600 4
26601 2
26602 2
26603 3
26604 3
26605 1
26606 3
26607 0
26608 3
26609 1
26610 5
26611 2
26612 2
26613 1
26614 2
26615 5
26616 2
26617 2
26618 4
26619 0
26620 2
26621 2
26622 3
26623 1
26624 1
26625 4
26626 0
26627 0
26628 0
26629 0
26630 0
26631 0
26632 2
26633 1
26634 3
26635 2
26636 3
26637 5
26638 0
26639 3
26640 0
26641 3
26642 1
26643 1
26644 1
26645 2
26646 4
26647 4
26648 0
26649 0
26650 1
26651 3
26652 4
26653 4
26654 3
26655 0
26656 0
26657 2
26658 1
26659 0
26660 3
26661 2
26662 3
26663 2
26664 0
26665 0
26666 0
26667 2
26668 1
26669 1
26670 0
26671 1
26672 0
26673 0
26674 0
26675 2
26676 1
26677 2
26678 2
26679 2
26680 3
26681 0
26682 2
26683 2
26684 1
26685 2
26686 2
26687 0
26688 0
26689 2
26690 4
26691 4
26692 2
26693 1
26694 3
26695 3
26696 0
26697 2
26698 0
26699 2
26700 3
26701 5
26702 4
26703 1
26704 1
26705 2
26706 0
26707 1
26708 2
26709 3
26710 1
26711 0
26712 2
26713 0
26714 4
26715 0
26716 1
26717 3
26718 5
26719 0
26720 1
26721 2
26722 3
26723 2
26724 3
26725 3
26726 3
26727 2
26728 3
26729 1
26730 3
26731 3
26732 3
26733 4
26734 0
26735 0
26736 0
26737 1
26738 0
26739 3
26740 1
26741 1
26742 0
26743 1
26744 1
26745 3
26746 0
26747 0
26748 4
26749 2
26750 4
26751 1
26752 2
26753 3
26754 4
26755 3
26756 0
26757 4
26758 4
26759 4
26760 3
26761 0
26762 3
26763 3
26764 0
26765 0
26766 0
26767 1
26768 0
26769 1
26770 1
26771 2
26772 3
26773 3
26774 1
26775 0
26776 5
26777 2
26778 3
26779 1
26780 2
26781 3
26782 2
26783 3
26784 2
26785 5
26786 0
26787 2
26788 5
26789 1
26790 3
26791 4
26792 1
26793 0
26794 4
26795 3
26796 1
26797 4
26798 0
26799 4
26800 2
26801 1
26802 0
26803 3
26804 1
26805 3
26806 1
26807 2
26808 2
26809 2
26810 2
26811 2
26812 4
26813 2
26814 4
26815 1
26816 0
26817 2
26818 1
26819 2
26820 2
26821 4
26822 2
26823 2
26824 1
26825 0
26826 0
26827 3
26828 0
26829 3
26830 2
26831 5
26832 3
26833 1
26834 0
26835 3
26836 1
26837 2
26838 0
26839 1
26840 3
26841 2
26842 2
26843 0
26844 0
26845 0
26846 4
26847 1
26848 1
26849 2
26850 1
26851 0
26852 3
26853 2
26854 1
26855 3
26856 3
26857 0
26858 1
26859 3
26860 5
26861 4
26862 0
26863 4
26864 4
26865 1
26866 4
26867 2
26868 4
26869 1
26870 1
26871 3
26872 2
26873 6
26874 0
26875 0
26876 2
26877 3
26878 4
26879 2
26880 2
26881 5
26882 2
26883 5
26884 2
26885 2
26886 0
26887 1
26888 2
26889 3
26890 4
26891 0
26892 4
26893 3
26894 0
26895 1
26896 2
26897 4
26898 3
26899 2
26900 3
26901 2
26902 3
26903 1
26904 0
26905 2
26906 0
26907 1
26908 2
26909 0
26910 3
26911 1
26912 2
26913 4
26914 0
26915 1
26916 0
26917 3
26918 2
26919 4
26920 4
26921 0
26922 3
26923 5
26924 0
26925 1
26926 4
26927 1
26928 0
26929 0
26930 4
26931 3
26932 1
26933 5
26934 1
26935 1
26936 4
26937 3
26938 0
26939 1
26940 2
26941 0
26942 4
26943 2
26944 0
26945 0
26946 1
26947 1
26948 1
26949 2
26950 3
26951 0
26952 4
26953 4
26954 1
26955 4
26956 1
26957 2
26958 2
26959 4
26960 2
26961 1
26962 4
26963 1
26964 1
26965 3
26966 0
26967 5
26968 3
26969 3
26970 4
26971 1
26972 3
26973 0
26974 3
26975 4
26976 5
26977 0
26978 1
26979 2
26980 1
26981 1
26982 0
26983 0
26984 0
26985 2
26986 2
26987 3
26988 2
26989 0
26990 0
26991 4
26992 4
26993 2
26994 4
26995 1
26996 3
26997 3
26998 3
26999 0
27000 4
27001 2
27002 0
27003 3
27004 1
27005 4
27006 2
27007 3
27008 0
27009 1
27010 2
27011 3
27012 4
27013 0
27014 1
27015 1
27016 4
27017 2
27018 2
27019 5
27020 2
27021 1
27022 2
27023 2
27024 2
27025 1
27026 1
27027 4
27028 1
27029 3
27030 0
27031 2
27032 1
27033 4
27034 3
27035 1
27036 1
27037 0
27038 1
27039 4
27040 4
27041 2
27042 3
27043 3
27044 2
27045 2
27046 0
27047 2
27048 2
27049 5
27050 0
27051 5
27052 3
27053 0
27054 5
27055 1
27056 3
27057 2
27058 4
27059 3
27060 0
27061 3
27062 2
27063 0
27064 1
27065 1
27066 0
27067 4
27068 5
27069 0
27070 2
27071 0
27072 2
27073 4
27074 2
27075 3
27076 0
27077 0
27078 1
27079 3
27080 1
27081 0
27082 3
27083 1
27084 1
27085 1
27086 3
27087 3
27088 2
27089 3
27090 1
27091 0
27092 2
27093 2
27094 2
27095 4
27096 0
27097 0
27098 0
27099 2
27100 0
27101 4
27102 1
27103 3
27104 2
27105 4
27106 4
27107 1
27108 1
27109 3
27110 1
27111 1
27112 0
27113 3
27114 3
27115 1
27116 0
27117 4
27118 0
27119 2
27120 1
27121 2
27122 4
27123 4
27124 2
27125 1
27126 2
27127 3
27128 3
27129 2
27130 2
27131 2
27132 3
27133 4
27134 1
27135 0
27136 3
27137 1
27138 4
27139 2
27140 0
27141 0
27142 1
27143 1
27144 1
27145 2
27146 1
27147 3
27148 3
27149 4
27150 1
27151 3
27152 1
27153 3
27154 4
27155 2
27156 0
27157 0
27158 1
27159 2
27160 1
27161 5
27162 1
27163 1
27164 0
27165 3
27166 0
27167 1
27168 4
27169 2
27170 0
27171 2
27172 3
27173 4
27174 0
27175 4
27176 1
27177 1
27178 2
27179 4
27180 1
27181 0
27182 1
27183 5
27184 3
27185 4
27186 4
27187 4
27188 0
27189 4
27190 0
27191 4
27192 2
27193 0
27194 4
27195 3
27196 2
27197 3
27198 5
27199 2
27200 3
27201 5
27202 4
27203 5
27204 2
27205 0
27206 5
27207 0
27208 2
27209 1
27210 4
27211 1
27212 0
27213 4
27214 5
27215 3
27216 0
27217 1
27218 0
27219 0
27220 1
27221 1
27222 0
27223 0
27224 3
27225 2
27226 0
27227 0
27228 5
27229 3
27230 3
27231 2
27232 1
27233 1
27234 5
27235 2
27236 1
27237 2
27238 3
27239 4
27240 3
27241 3
27242 3
27243 2
27244 2
27245 3
27246 0
27247 2
27248 4
27249 2
27250 0
27251 2
27252 2
27253 3
27254 4
27255 0
27256 3
27257 2
27258 3
27259 3
27260 2
27261 1
27262 1
27263 5
27264 3
27265 0
27266 1
27267 0
27268 1
27269 0
27270 3
27271 4
27272 0
27273 3
27274 1
27275 2
27276 1
27277 4
27278 1
27279 0
27280 1
27281 6
27282 0
27283 4
27284 1
27285 4
27286 1
27287 0
27288 0
27289 2
27290 2
27291 5
27292 2
27293 4
27294 0
27295 3
27296 2
27297 5
27298 3
27299 3
27300 2
27301 0
27302 3
27303 2
27304 0
27305 1
27306 2
27307 3
27308 1
27309 3
27310 4
27311 2
27312 4
27313 2
27314 0
27315 4
27316 1
27317 1
27318 0
27319 4
27320 4
27321 3
27322 2
27323 5
27324 0
27325 5
27326 0
27327 5
27328 0
27329 4
27330 0
27331 1
27332 2
27333 1
27334 0
27335 2
27336 1
27337 0
27338 4
27339 0
27340 0
27341 1
27342 1
27343 0
27344 3
27345 1
27346 5
27347 5
27348 0
27349 4
27350 4
27351 4
27352 3
27353 3
27354 0
27355 1
27356 1
27357 5
27358 3
27359 5
27360 2
27361 0
27362 1
27363 4
27364 0
27365 3
27366 1
27367 3
27368 0
27369 4
27370 4
27371 3
27372 0
27373 2
27374 0
27375 1
27376 2
27377 2
27378 2
27379 5
27380 0
27381 3
27382 4
27383 0
27384 2
27385 4
27386 2
27387 3
27388 4
27389 0
27390 1
27391 3
27392 0
27393 0
27394 2
27395 3
27396 4
27397 3
27398 0
27399 5
27400 2
27401 2
27402 1
27403 2
27404 0
27405 3
27406 3
27407 4
27408 3
27409 2
27410 3
27411 0
27412 4
27413 4
27414 0
27415 1
27416 0
27417 0
27418 5
27419 4
27420 3
27421 0
27422 0
27423 3
27424 2
27425 2
27426 0
27427 4
27428 1
27429 0
27430 2
27431 4
27432 1
27433 2
27434 3
27435 0
27436 5
27437 3
27438 0
27439 5
27440 5
27441 4
27442 3
27443 1
27444 0
27445 0
27446 0
27447 0
27448 1
27449 0
27450 1
27451 5
27452 1
27453 2
27454 1
27455 3
27456 5
27457 3
27458 3
27459 3
27460 3
27461 3
27462 4
27463 5
27464 1
27465 3
27466 3
27467 3
27468 3
27469 0
27470 2
27471 0
27472 2
27473 2
27474 5
27475 4
27476 1
27477 3
27478 1
27479 4
27480 5
27481 2
27482 1
27483 3
27484 4
27485 0
27486 0
27487 1
27488 0
27489 5
27490 3
27491 4
27492 3
27493 3
27494 2
27495 4
27496 6
27497 0
27498 1
27499 4
27500 3
27501 2
27502 1
27503 0
27504 2
27505 2
27506 2
27507 4
27508 2
27509 3
27510 5
27511 2
27512 1
27513 1
27514 0
27515 2
27516 3
27517 5
27518 2
27519 3
27520 3
27521 2
27522 3
27523 0
27524 5
27525 3
27526 5
27527 3
27528 2
27529 4
27530 1
27531 0
27532 4
27533 3
27534 0
27535 3
27536 3
27537 3
27538 3
27539 3
27540 3
27541 4
27542 0
27543 1
27544 3
27545 1
27546 3
27547 4
27548 4
27549 3
27550 3
27551 3
27552 0
27553 2
27554 3
27555 1
27556 2
27557 4
27558 0
27559 2
27560 2
27561 2
27562 4
27563 2
27564 3
27565 4
27566 0
27567 3
27568 0
27569 2
27570 0
27571 1
27572 5
27573 4
27574 1
27575 2
27576 3
27577 3
27578 0
27579 2
27580 4
27581 5
27582 2
27583 2
27584 1
27585 2
27586 0
27587 2
27588 0
27589 2
27590 0
27591 5
27592 2
27593 3
27594 3
27595 2
27596 2
27597 1
27598 1
27599 3
27600 5
27601 0
27602 0
27603 0
27604 1
27605 2
27606 4
27607 1
27608 0
27609 2
27610 3
27611 0
27612 4
27613 1
27614 1
27615 3
27616 4
27617 2
27618 2
27619 3
27620 1
27621 1
27622 2
27623 0
27624 1
27625 2
27626 0
27627 2
27628 0
27629 1
27630 2
27631 4
27632 2
27633 2
27634 0
27635 4
27636 1
27637 0
27638 5
27639 2
27640 4
27641 4
27642 2
27643 0
27644 4
27645 2
27646 1
27647 2
27648 3
27649 0
27650 3
27651 3
27652 1
27653 4
27654 0
27655 5
27656 3
27657 0
27658 3
27659 4
27660 3
27661 1
27662 3
27663 4
27664 1
27665 2
27666 0
27667 1
27668 2
27669 2
27670 0
27671 1
27672 2
27673 4
27674 2
27675 3
27676 1
27677 4
27678 3
27679 0
27680 4
27681 2
27682 3
27683 3
27684 0
27685 2
27686 0
27687 2
27688 1
27689 5
27690 3
27691 0
27692 5
27693 0
27694 1
27695 1
27696 1
27697 4
27698 2
27699 0
27700 1
27701 6
27702 0
27703 3
27704 0
27705 3
27706 4
27707 0
27708 0
27709 2
27710 0
27711 4
27712 1
27713 2
27714 1
27715 1
27716 2
27717 4
27718 1
27719 2
27720 3
27721 3
27722 1
27723 0
27724 3
27725 1
27726 3
27727 2
27728 5
27729 2
27730 4
27731 4
27732 1
27733 3
27734 2
27735 1
27736 1
27737 0
27738 3
27739 2
27740 2
27741 0
27742 3
27743 3
27744 0
27745 0
27746 3
27747 0
27748 3
27749 0
27750 0
27751 2
27752 3
27753 0
27754 3
27755 4
27756 0
27757 0
27758 4
27759 2
27760 1
27761 4
27762 1
27763 4
27764 2
27765 1
27766 3
27767 0
27768 6
27769 4
27770 1
27771 2
27772 3
27773 3
27774 0
27775 5
27776 0
27777 0
27778 0
27779 1
27780 1
27781 2
27782 4
27783 1
27784 1
27785 0
27786 1
27787 0
27788 3
27789 4
27790 0
27791 0
27792 2
27793 3
27794 1
27795 0
27796 1
27797 0
27798 3
27799 1
27800 3
27801 1
27802 4
27803 0
27804 3
27805 1
27806 2
27807 2
27808 2
27809 3
27810 3
27811 3
27812 0
27813 1
27814 2
27815 1
27816 4
27817 2
27818 1
27819 1
27820 4
27821 1
27822 0
27823 4
27824 0
27825 3
27826 0
27827 0
27828 2
27829 3
27830 3
27831 5
27832 1
27833 1
27834 0
27835 1
27836 0
27837 0
27838 0
27839 3
27840 2
27841 1
27842 0
27843 0
27844 3
27845 1
27846 0
27847 3
27848 0
27849 1
27850 1
27851 2
27852 1
27853 0
27854 3
27855 4
27856 5
27857 1
27858 2
27859 1
27860 2
27861 0
27862 1
27863 2
27864 4
27865 1
27866 2
27867 4
27868 4
27869 2
27870 1
27871 1
27872 3
27873 1
27874 0
27875 1
27876 0
27877 0
27878 0
27879 2
27880 2
27881 2
27882 4
27883 2
27884 3
27885 2
27886 0
27887 4
27888 0
27889 2
27890 3
27891 1
27892 2
27893 1
27894 0
27895 3
27896 3
27897 1
27898 0
27899 3
27900 4
27901 2
27902 2
27903 0
27904 0
27905 1
27906 2
27907 4
27908 0
27909 1
27910 5
27911 1
27912 4
27913 2
27914 1
27915 0
27916 3
27917 3
27918 4
27919 1
27920 1
27921 0
27922 2
27923 4
27924 3
27925 1
27926 1
27927 1
27928 4
27929 4
27930 4
27931 3
27932 0
27933 1
27934 1
27935 4
27936 3
27937 1
27938 4
27939 1
27940 1
27941 1
27942 1
27943 2
27944 1
27945 3
27946 3
27947 2
27948 2
27949 4
27950 0
27951 1
27952 2
27953 4
27954 1
27955 1
27956 5
27957 2
27958 3
27959 4
27960 0
27961 4
27962 4
27963 1
27964 1
27965 0
27966 1
27967 1
27968 2
27969 0
27970 3
27971 3
27972 1
27973 2
27974 3
27975 3
27976 2
27977 3
27978 0
27979 4
27980 0
27981 1
27982 3
27983 0
27984 1
27985 4
27986 1
27987 3
27988 0
27989 3
27990 2
27991 5
27992 2
27993 3
27994 3
27995 3
27996 4
27997 3
27998 0
27999 4
28000 0
28001 1
28002 4
28003 0
28004 0
28005 2
28006 3
28007 0
28008 0
28009 0
28010 3
28011 2
28012 2
28013 2
28014 4
28015 1
28016 1
28017 2
28018 1
28019 0
28020 2
28021 4
28022 3
28023 4
28024 3
28025 3
28026 1
28027 1
28028 3
28029 3
28030 3
28031 1
28032 2
28033 2
28034 1
28035 0
28036 1
28037 3
28038 3
28039 2
28040 5
28041 3
28042 0
28043 3
28044 0
28045 4
28046 4
28047 4
28048 2
28049 0
28050 1
28051 0
28052 1
28053 4
28054 4
28055 4
28056 3
28057 2
28058 0
28059 1
28060 4
28061 0
28062 2
28063 1
28064 2
28065 1
28066 0
28067 1
28068 2
28069 3
28070 4
28071 0
28072 5
28073 2
28074 5
28075 4
28076 2
28077 2
28078 2
28079 0
28080 0
28081 3
28082 2
28083 3
28084 2
28085 2
28086 1
28087 4
28088 1
28089 3
28090 0
28091 2
28092 4
28093 0
28094 3
28095 1
28096 0
28097 2
28098 0
28099 3
28100 3
28101 1
28102 1
28103 2
28104 2
28105 2
28106 1
28107 5
28108 4
28109 0
28110 4
28111 5
28112 6
28113 2
28114 2
28115 3
28116 2
28117 0
28118 0
28119 3
28120 0
28121 4
28122 0
28123 5
28124 3
28125 4
28126 0
28127 5
28128 0
28129 4
28130 0
28131 2
28132 3
28133 3
28134 3
28135 5
28136 2
28137 3
28138 2
28139 1
28140 0
28141 0
28142 1
28143 2
28144 2
28145 2
28146 2
28147 4
28148 1
28149 4
28150 0
28151 3
28152 2
28153 3
28154 2
28155 4
28156 1
28157 0
28158 2
28159 4
28160 0
28161 1
28162 0
28163 3
28164 0
28165 4
28166 4
28167 1
28168 2
28169 0
28170 0
28171 3
28172 2
28173 5
28174 0
28175 2
28176 4
28177 1
28178 3
28179 3
28180 1
28181 0
28182 2
28183 0
28184 0
28185 1
28186 2
28187 0
28188 0
28189 0
28190 3
28191 3
28192 0
28193 3
28194 0
28195 4
28196 1
28197 1
28198 1
28199 1
28200 2
28201 3
28202 2
28203 1
28204 0
28205 3
28206 0
28207 3
28208 1
28209 1
28210 1
28211 2
28212 1
28213 1
28214 2
28215 3
28216 2
28217 5
28218 1
28219 2
28220 0
28221 2
28222 4
28223 5
28224 1
28225 2
28226 4
28227 0
28228 3
28229 1
28230 0
28231 2
28232 3
28233 1
28234 3
28235 2
28236 4
28237 3
28238 1
28239 1
28240 4
28241 4
28242 1
28243 0
28244 5
28245 1
28246 4
28247 1
28248 4
28249 0
28250 0
28251 3
28252 4
28253 1
28254 3
28255 0
28256 3
28257 1
28258 0
28259 4
28260 2
28261 2
28262 4
28263 2
28264 4
28265 4
28266 0
28267 2
28268 1
28269 3
28270 1
28271 3
28272 5
28273 4
28274 0
28275 1
28276 1
28277 1
28278 0
28279 0
28280 0
28281 0
28282 3
28283 3
28284 5
28285 4
28286 5
28287 1
28288 4
28289 0
28290 2
28291 4
28292 0
28293 2
28294 4
28295 5
28296 1
28297 2
28298 3
28299 2
28300 4
28301 4
28302 5
28303 4
28304 5
28305 2
28306 2
28307 1
28308 3
28309 1
28310 2
28311 5
28312 3
28313 3
28314 1
28315 3
28316 2
28317 3
28318 1
28319 4
28320 2
28321 0
28322 3
28323 3
28324 3
28325 0
28326 0
28327 3
28328 3
28329 5
28330 3
28331 2
28332 5
28333 0
28334 4
28335 2
28336 3
28337 2
28338 5
28339 1
28340 5
28341 2
28342 2
28343 5
28344 2
28345 1
28346 0
28347 2
28348 3
28349 2
28350 2
28351 3
28352 0
28353 2
28354 1
28355 3
28356 1
28357 4
28358 0
28359 3
28360 4
28361 3
28362 2
28363 0
28364 1
28365 2
28366 3
28367 2
28368 0
28369 2
28370 4
28371 1
28372 4
28373 1
28374 3
28375 3
28376 5
28377 4
28378 1
28379 1
28380 1
28381 2
28382 4
28383 2
28384 1
28385 2
28386 4
28387 3
28388 2
28389 0
28390 0
28391 3
28392 4
28393 0
28394 0
28395 0
28396 3
28397 2
28398 1
28399 5
28400 1
28401 2
28402 2
28403 2
28404 4
28405 1
28406 4
28407 0
28408 0
28409 1
28410 1
28411 1
28412 2
28413 1
28414 3
28415 2
28416 4
28417 0
28418 3
28419 2
28420 2
28421 1
28422 2
28423 2
28424 0
28425 5
28426 2
28427 0
28428 4
28429 4
28430 0
28431 2
28432 3
28433 1
28434 0
28435 3
28436 0
28437 0
28438 0
28439 3
28440 0
28441 0
28442 1
28443 3
28444 2
28445 0
28446 2
28447 1
28448 0
28449 0
28450 2
28451 3
28452 2
28453 0
28454 2
28455 2
28456 4
28457 3
28458 2
28459 1
28460 2
28461 5
28462 2
28463 4
28464 4
28465 3
28466 0
28467 1
28468 2
28469 0
28470 3
28471 3
28472 1
28473 5
28474 2
28475 5
28476 3
28477 5
28478 3
28479 1
28480 1
28481 5
28482 2
28483 1
28484 2
28485 0
28486 0
28487 0
28488 1
28489 2
28490 1
28491 4
28492 3
28493 4
28494 4
28495 3
28496 1
28497 1
28498 3
28499 4
28500 2
28501 2
28502 1
28503 4
28504 2
28505 0
28506 2
28507 2
28508 0
28509 0
28510 3
28511 3
28512 5
28513 1
28514 1
28515 3
28516 5
28517 1
28518 1
28519 0
28520 5
28521 1
28522 2
28523 5
28524 3
28525 4
28526 3
28527 0
28528 1
28529 0
28530 1
28531 0
28532 3
28533 2
28534 4
28535 3
28536 1
28537 2
28538 6
28539 0
28540 0
28541 4
28542 0
28543 2
28544 0
28545 1
28546 3
28547 0
28548 3
28549 2
28550 0
28551 3
28552 2
28553 1
28554 4
28555 1
28556 3
28557 0
28558 0
28559 2
28560 0
28561 0
28562 0
28563 3
28564 3
28565 1
28566 2
28567 0
28568 1
28569 3
28570 2
28571 1
28572 3
28573 4
28574 2
28575 4
28576 0
28577 2
28578 2
28579 2
28580 0
28581 4
28582 2
28583 5
28584 2
28585 4
28586 2
28587 2
28588 5
28589 1
28590 4
28591 0
28592 3
28593 2
28594 3
28595 1
28596 2
28597 0
28598 0
28599 3
28600 5
28601 1
28602 0
28603 4
28604 2
28605 3
28606 5
28607 4
28608 2
28609 3
28610 2
28611 4
28612 0
28613 0
28614 0
28615 1
28616 0
28617 2
28618 0
28619 3
28620 3
28621 2
28622 3
28623 0
28624 2
28625 0
28626 1
28627 5
28628 1
28629 0
28630 0
28631 2
28632 1
28633 0
28634 4
28635 1
28636 1
28637 4
28638 4
28639 3
28640 3
28641 2
28642 2
28643 3
28644 0
28645 4
28646 4
28647 2
28648 0
28649 1
28650 0
28651 2
28652 5
28653 2
28654 1
28655 1
28656 3
28657 2
28658 2
28659 4
28660 2
28661 1
28662 0
28663 1
28664 3
28665 1
28666 0
28667 0
28668 3
28669 4
28670 3
28671 0
28672 1
28673 3
28674 2
28675 1
28676 0
28677 2
28678 1
28679 3
28680 3
28681 1
28682 5
28683 4
28684 1
28685 0
28686 0
28687 2
28688 4
28689 2
28690 2
28691 2
28692 4
28693 1
28694 4
28695 0
28696 3
28697 0
28698 1
28699 2
28700 1
28701 0
28702 3
28703 2
28704 1
28705 1
28706 0
28707 1
28708 0
28709 2
28710 5
28711 4
28712 0
28713 0
28714 3
28715 2
28716 2
28717 1
28718 2
28719 0
28720 3
28721 4
28722 4
28723 3
28724 0
28725 3
28726 2
28727 1
28728 0
28729 3
28730 4
28731 4
28732 3
28733 0
28734 0
28735 2
28736 1
28737 2
28738 4
28739 2
28740 5
28741 0
28742 0
28743 2
28744 1
28745 0
28746 3
28747 4
28748 2
28749 0
28750 1
28751 4
28752 0
28753 1
28754 1
28755 1
28756 0
28757 1
28758 4
28759 4
28760 4
28761 4
28762 5
28763 3
28764 2
28765 2
28766 2
28767 3
28768 1
28769 4
28770 5
28771 1
28772 3
28773 0
28774 0
28775 3
28776 3
28777 4
28778 3
28779 2
28780 2
28781 0
28782 4
28783 4
28784 1
28785 1
28786 4
28787 5
28788 1
28789 2
28790 1
28791 2
28792 2
28793 5
28794 2
28795 0
28796 4
28797 1
28798 5
28799 2
28800 1
28801 3
28802 4
28803 4
28804 3
28805 0
28806 0
28807 1
28808 1
28809 4
28810 1
28811 1
28812 0
28813 2
28814 1
28815 3
28816 4
28817 2
28818 3
28819 0
28820 2
28821 4
28822 4
28823 0
28824 4
28825 3
28826 0
28827 5
28828 1
28829 2
28830 2
28831 1
28832 3
28833 2
28834 0
28835 0
28836 1
28837 3
28838 3
28839 2
28840 4
28841 0
28842 4
28843 0
28844 0
28845 1
28846 1
28847 0
28848 3
28849 4
28850 3
28851 0
28852 0
28853 0
28854 2
28855 3
28856 2
28857 2
28858 2
28859 2
28860 5
28861 1
28862 4
28863 1
28864 3
28865 3
28866 3
28867 4
28868 0
28869 2
28870 0
28871 1
28872 4
28873 1
28874 0
28875 4
28876 1
28877 5
28878 2
28879 0
28880 0
28881 0
28882 2
28883 3
28884 0
28885 4
28886 3
28887 2
28888 0
28889 4
28890 1
28891 4
28892 2
28893 1
28894 3
28895 1
28896 3
28897 2
28898 0
28899 2
28900 1
28901 0
28902 1
28903 1
28904 2
28905 3
28906 3
28907 1
28908 4
28909 0
28910 2
28911 0
28912 3
28913 1
28914 1
28915 2
28916 0
28917 1
28918 4
28919 2
28920 0
28921 1
28922 5
28923 4
28924 3
28925 1
28926 1
28927 5
28928 0
28929 2
28930 0
28931 1
28932 3
28933 3
28934 0
28935 0
28936 2
28937 0
28938 1
28939 3
28940 1
28941 1
28942 1
28943 2
28944 1
28945 1
28946 2
28947 1
28948 1
28949 0
28950 5
28951 0
28952 5
28953 4
28954 2
28955 3
28956 3
28957 0
28958 3
28959 2
28960 2
28961 4
28962 4
28963 2
28964 0
28965 5
28966 3
28967 3
28968 3
28969 2
28970 2
28971 5
28972 3
28973 1
28974 2
28975 2
28976 4
28977 0
28978 1
28979 0
28980 3
28981 1
28982 3
28983 1
28984 1
28985 4
28986 1
28987 0
28988 0
28989 3
28990 1
28991 3
28992 1
28993 2
28994 4
28995 1
28996 2
28997 1
28998 0
28999 0
29000 4
29001 2
29002 1
29003 0
29004 1
29005 4
29006 4
29007 2
29008 2
29009 0
29010 2
29011 1
29012 0
29013 5
29014 0
29015 5
29016 2
29017 4
29018 0
29019 0
29020 3
29021 4
29022 5
29023 2
29024 2
29025 2
29026 1
29027 2
29028 2
29029 2
29030 0
29031 4
29032 3
29033 2
29034 2
29035 1
29036 1
29037 4
29038 0
29039 1
29040 4
29041 0
29042 3
29043 0
29044 2
29045 3
29046 3
29047 3
29048 3
29049 0
29050 1
29051 4
29052 1
29053 2
29054 0
29055 0
29056 6
29057 4
29058 3
29059 1
29060 3
29061 1
29062 2
29063 4
29064 5
29065 0
29066 2
29067 1
29068 2
29069 0
29070 1
29071 1
29072 2
29073 1
29074 1
29075 1
29076 4
29077 3
29078 1
29079 3
29080 1
29081 2
29082 0
29083 1
29084 1
29085 4
29086 2
29087 3
29088 0
29089 2
29090 0
29091 2
29092 1
29093 0
29094 2
29095 2
29096 5
29097 3
29098 2
29099 3
29100 0
29101 0
29102 2
29103 4
29104 1
29105 3
29106 0
29107 0
29108 2
29109 3
29110 0
29111 1
29112 2
29113 2
29114 3
29115 3
29116 2
29117 2
29118 3
29119 0
29120 3
29121 3
29122 5
29123 4
29124 1
29125 4
29126 1
29127 3
29128 0
29129 4
29130 4
29131 3
29132 2
29133 4
29134 3
29135 3
29136 0
29137 1
29138 1
29139 0
29140 1
29141 2
29142 1
29143 1
29144 4
29145 4
29146 1
29147 3
29148 2
29149 3
29150 1
29151 0
29152 3
29153 5
29154 0
29155 3
29156 0
29157 0
29158 3
29159 2
29160 5
29161 1
29162 4
29163 3
29164 2
29165 0
29166 1
29167 3
29168 0
29169 2
29170 4
29171 0
29172 2
29173 5
29174 1
29175 3
29176 2
29177 1
29178 4
29179 0
29180 2
29181 2
29182 0
29183 1
29184 2
29185 4
29186 0
29187 2
29188 4
29189 4
29190 4
29191 0
29192 3
29193 4
29194 0
29195 0
29196 4
29197 2
29198 3
29199 1
29200 1
29201 2
29202 1
29203 3
29204 0
29205 4
29206 0
29207 3
29208 4
29209 4
29210 3
29211 1
29212 2
29213 3
29214 4
29215 3
29216 0
29217 3
29218 3
29219 4
29220 0
29221 0
29222 3
29223 0
29224 2
29225 3
29226 1
29227 4
29228 3
29229 0
29230 4
29231 5
29232 2
29233 3
29234 2
29235 3
29236 0
29237 3
29238 1
29239 0
29240 0
29241 3
29242 0
29243 1
29244 1
29245 3
29246 2
29247 2
29248 0
29249 1
29250 1
29251 1
29252 2
29253 1
29254 1
29255 4
29256 4
29257 1
29258 0
29259 1
29260 3
29261 3
29262 2
29263 3
29264 2
29265 0
29266 0
29267 3
29268 0
29269 3
29270 2
29271 0
29272 3
29273 4
29274 0
29275 0
29276 0
29277 0
29278 2
29279 0
29280 1
29281 2
29282 2
29283 2
29284 1
29285 1
29286 1
29287 0
29288 2
29289 1
29290 4
29291 5
29292 2
29293 1
29294 3
29295 4
29296 1
29297 4
29298 1
29299 3
29300 2
29301 0
29302 2
29303 4
29304 2
29305 0
29306 1
29307 0
29308 3
29309 1
29310 4
29311 5
29312 2
29313 5
29314 0
29315 0
29316 2
29317 2
29318 4
29319 3
29320 0
29321 2
29322 0
29323 1
29324 0
29325 1
29326 3
29327 0
29328 2
29329 0
29330 4
29331 3
29332 0
29333 4
29334 3
29335 3
29336 4
29337 0
29338 4
29339 0
29340 0
29341 3
29342 3
29343 2
29344 1
29345 0
29346 2
29347 3
29348 3
29349 0
29350 2
29351 1
29352 2
29353 2
29354 2
29355 1
29356 3
29357 3
29358 0
29359 4
29360 1
29361 5
29362 1
29363 0
29364 3
29365 6
29366 5
29367 0
29368 5
29369 1
29370 0
29371 0
29372 5
29373 2
29374 3
29375 1
29376 1
29377 2
29378 0
29379 5
29380 1
29381 0
29382 3
29383 5
29384 1
29385 3
29386 2
29387 1
29388 1
29389 0
29390 2
29391 5
29392 1
29393 2
29394 2
29395 1
29396 2
29397 2
29398 4
29399 0
29400 4
29401 4
29402 1
29403 2
29404 2
29405 4
29406 3
29407 2
29408 5
29409 1
29410 3
29411 2
29412 0
29413 3
29414 2
29415 1
29416 1
29417 0
29418 3
29419 1
29420 2
29421 1
29422 0
29423 3
29424 1
29425 4
29426 5
29427 1
29428 2
29429 3
29430 1
29431 0
29432 2
29433 3
29434 1
29435 1
29436 4
29437 3
29438 3
29439 6
29440 1
29441 4
29442 0
29443 1
29444 1
29445 0
29446 4
29447 2
29448 3
29449 5
29450 1
29451 2
29452 0
29453 0
29454 3
29455 0
29456 1
29457 0
29458 3
29459 3
29460 3
29461 0
29462 2
29463 1
29464 4
29465 0
29466 0
29467 0
29468 3
29469 4
29470 4
29471 0
29472 3
29473 3
29474 3
29475 2
29476 3
29477 2
29478 0
29479 3
29480 2
29481 3
29482 1
29483 2
29484 5
29485 0
29486 3
29487 4
29488 3
29489 4
29490 0
29491 2
29492 3
29493 3
29494 0
29495 2
29496 3
29497 4
29498 3
29499 2
29500 3
29501 3
29502 4
29503 2
29504 2
29505 0
29506 0
29507 3
29508 2
29509 3
29510 2
29511 4
29512 0
29513 4
29514 1
29515 5
29516 0
29517 1
29518 0
29519 6
29520 0
29521 1
29522 2
29523 2
29524 1
29525 1
29526 4
29527 0
29528 3
29529 2
29530 4
29531 0
29532 2
29533 1
29534 3
29535 4
29536 2
29537 0
29538 3
29539 1
29540 2
29541 1
29542 2
29543 0
29544 4
29545 4
29546 0
29547 1
29548 3
29549 2
29550 2
29551 2
29552 0
29553 0
29554 1
29555 1
29556 2
29557 2
29558 0
29559 2
29560 1
29561 1
29562 5
29563 3
29564 0
29565 0
29566 1
29567 1
29568 0
29569 2
29570 3
29571 5
29572 0
29573 3
29574 4
29575 1
29576 1
29577 4
29578 1
29579 2
29580 2
29581 2
29582 3
29583 3
29584 2
29585 3
29586 0
29587 2
29588 4
29589 1
29590 3
29591 0
29592 2
29593 3
29594 0
29595 5
29596 2
29597 4
29598 3
29599 0
29600 2
29601 4
29602 4
29603 4
29604 3
29605 1
29606 3
29607 1
29608 5
29609 2
29610 1
29611 1
29612 5
29613 3
29614 0
29615 1
29616 3
29617 1
29618 0
29619 0
29620 1
29621 3
29622 1
29623 4
29624 3
29625 4
29626 1
29627 3
29628 2
29629 0
29630 4
29631 0
29632 1
29633 4
29634 4
29635 0
29636 2
29637 0
29638 0
29639 2
29640 1
29641 3
29642 4
29643 2
29644 1
29645 3
29646 4
29647 1
29648 2
29649 0
29650 4
29651 5
29652 2
29653 4
29654 4
29655 2
29656 1
29657 3
29658 1
29659 2
29660 6
29661 0
29662 4
29663 2
29664 2
29665 3
29666 0
29667 1
29668 3
29669 4
29670 5
29671 0
29672 0
29673 3
29674 4
29675 2
29676 3
29677 2
29678 0
29679 1
29680 0
29681 2
29682 0
29683 3
29684 1
29685 0
29686 4
29687 3
29688 4
29689 6
29690 1
29691 2
29692 2
29693 1
29694 4
29695 4
29696 1
29697 0
29698 4
29699 1
29700 0
29701 5
29702 5
29703 3
29704 4
29705 1
29706 2
29707 2
29708 1
29709 4
29710 3
29711 0
29712 1
29713 5
29714 1
29715 4
29716 2
29717 2
29718 0
29719 2
29720 0
29721 4
29722 2
29723 0
29724 3
29725 0
29726 5
29727 4
29728 1
29729 3
29730 3
29731 2
29732 3
29733 4
29734 0
29735 3
29736 0
29737 2
29738 1
29739 3
29740 0
29741 4
29742 0
29743 3
29744 0
29745 0
29746 1
29747 1
29748 3
29749 2
29750 0
29751 0
29752 2
29753 1
29754 3
29755 4
29756 0
29757 3
29758 4
29759 3
29760 0
29761 3
29762 5
29763 0
29764 3
29765 2
29766 0
29767 6
29768 2
29769 0
29770 0
29771 1
29772 2
29773 1
29774 0
29775 4
29776 1
29777 4
29778 4
29779 3
29780 5
29781 0
29782 3
29783 1
29784 0
29785 2
29786 2
29787 0
29788 2
29789 2
29790 0
29791 3
29792 2
29793 2
29794 0
29795 4
29796 0
29797 0
29798 1
29799 3
29800 5
29801 1
29802 4
29803 3
29804 4
29805 0
29806 5
29807 3
29808 3
29809 3
29810 0
29811 3
29812 5
29813 1
29814 1
29815 0
29816 2
29817 2
29818 4
29819 3
29820 3
29821 2
29822 3
29823 4
29824 2
29825 3
29826 1
29827 3
29828 1
29829 0
29830 3
29831 0
29832 0
29833 1
29834 3
29835 2
29836 0
29837 2
29838 5
29839 2
29840 1
29841 3
29842 3
29843 1
29844 0
29845 5
29846 0
29847 3
29848 0
29849 0
29850 3
29851 4
29852 3
29853 0
29854 2
29855 0
29856 2
29857 1
29858 4
29859 2
29860 2
29861 0
29862 1
29863 0
29864 1
29865 4
29866 2
29867 4
29868 2
29869 1
29870 1
29871 1
29872 3
29873 5
29874 2
29875 4
29876 2
29877 3
29878 1
29879 4
29880 1
29881 3
29882 0
29883 4
29884 4
29885 4
29886 4
29887 4
29888 2
29889 1
29890 4
29891 3
29892 3
29893 1
29894 1
29895 1
29896 5
29897 2
29898 1
29899 4
29900 1
29901 4
29902 0
29903 3
29904 3
29905 2
29906 3
29907 0
29908 2
29909 2
29910 2
29911 0
29912 2
29913 2
29914 2
29915 1
29916 5
29917 0
29918 3
29919 0
29920 0
29921 0
29922 5
29923 4
29924 3
29925 1
29926 4
29927 5
29928 0
29929 0
29930 1
29931 2
29932 4
29933 3
29934 5
29935 4
29936 3
29937 2
29938 4
29939 0
29940 2
29941 4
29942 1
29943 3
29944 1
29945 1
29946 3
29947 2
29948 3
29949 2
29950 1
29951 0
29952 3
29953 2
29954 0
29955 2
29956 0
29957 3
29958 4
29959 4
29960 0
29961 1
29962 4
29963 2
29964 2
29965 0
29966 0
29967 3
29968 2
29969 5
29970 0
29971 2
29972 3
29973 2
29974 2
29975 2
29976 1
29977 0
29978 0
29979 3
29980 3
29981 0
29982 1
29983 1
29984 3
29985 1
29986 4
29987 2
29988 1
29989 1
29990 3
29991 2
29992 3
29993 1
29994 1
29995 3
29996 1
29997 2
29998 1
29999 3
30000 2
30001 0
30002 2
30003 1
30004 0
30005 4
30006 1
30007 0
30008 3
30009 3
30010 4
30011 1
30012 2
30013 5
30014 1
30015 3
30016 0
30017 3
30018 1
30019 2
30020 4
30021 4
30022 0
30023 5
30024 4
30025 1
30026 2
30027 0
30028 2
30029 2
30030 4
30031 2
30032 1
30033 3
30034 0
30035 0
30036 3
30037 1
30038 3
30039 2
30040 3
30041 3
30042 0
30043 2
30044 3
30045 3
30046 4
30047 1
30048 0
30049 0
30050 2
30051 1
30052 2
30053 2
30054 1
30055 2
30056 3
30057 0
30058 6
30059 2
30060 2
30061 4
30062 3
30063 2
30064 1
30065 2
30066 5
30067 0
30068 2
30069 1
30070 1
30071 2
30072 1
30073 5
30074 0
30075 1
30076 4
30077 3
30078 0
30079 4
30080 1
30081 4
30082 3
30083 0
30084 3
30085 1
30086 4
30087 3
30088 0
30089 0
30090 1
30091 3
30092 0
30093 1
30094 4
30095 4
30096 1
30097 3
30098 4
30099 2
30100 2
30101 0
30102 3
30103 1
30104 1
30105 1
30106 4
30107 2
30108 3
30109 0
30110 3
30111 5
30112 4
30113 4
30114 1
30115 2
30116 1
30117 2
30118 5
30119 1
30120 1
30121 0
30122 0
30123 4
30124 2
30125 2
30126 3
30127 1
30128 1
30129 0
30130 0
30131 3
30132 0
30133 3
30134 2
30135 2
30136 3
30137 0
30138 2
30139 2
30140 4
30141 2
30142 3
30143 3
30144 3
30145 4
30146 5
30147 1
30148 0
30149 0
30150 3
30151 0
30152 1
30153 0
30154 2
30155 0
30156 4
30157 0
30158 0
30159 1
30160 2
30161 1
30162 3
30163 0
30164 5
30165 4
30166 4
30167 3
30168 1
30169 2
30170 3
30171 1
30172 2
30173 0
30174 4
30175 4
30176 1
30177 3
30178 2
30179 3
30180 3
30181 1
30182 1
30183 0
30184 3
30185 1
30186 4
30187 3
30188 2
30189 4
30190 3
30191 0
30192 4
30193 0
30194 0
30195 3
30196 0
30197 1
30198 1
30199 4
30200 2
30201 2
30202 4
30203 6
30204 0
30205 0
30206 3
30207 1
30208 3
30209 5
30210 1
30211 0
30212 0
30213 2
30214 3
30215 1
30216 2
30217 2
30218 1
30219 2
30220 3
30221 4
30222 1
30223 0
30224 1
30225 4
30226 4
30227 3
30228 2
30229 3
30230 2
30231 2
30232 3
30233 3
30234 4
30235 3
30236 1
30237 5
30238 0
30239 4
30240 2
30241 3
30242 2
30243 1
30244 3
30245 1
30246 4
30247 2
30248 4
30249 3
30250 0
30251 4
30252 5
30253 1
30254 2
30255 3
30256 4
30257 4
30258 2
30259 0
30260 0
30261 0
30262 1
30263 4
30264 1
30265 0
30266 0
30267 2
30268 4
30269 1
30270 2
30271 3
30272 0
30273 3
30274 4
30275 1
30276 2
30277 3
30278 2
30279 4
30280 3
30281 1
30282 3
30283 4
30284 2
30285 5
30286 3
30287 5
30288 2
30289 2
30290 0
30291 0
30292 1
30293 0
30294 5
30295 1
30296 2
30297 4
30298 2
30299 0
30300 4
30301 1
30302 4
30303 1
30304 1
30305 3
30306 3
30307 2
30308 0
30309 4
30310 0
30311 3
30312 4
30313 3
30314 0
30315 3
30316 0
30317 1
30318 1
30319 4
30320 0
30321 1
30322 4
30323 5
30324 4
30325 3
30326 1
30327 3
30328 0
30329 5
30330 3
30331 1
30332 2
30333 0
30334 5
30335 0
30336 1
30337 2
30338 5
30339 2
30340 0
30341 1
30342 1
30343 0
30344 4
30345 2
30346 1
30347 1
30348 4
30349 2
30350 2
30351 2
30352 1
30353 0
30354 2
30355 3
30356 2
30357 4
30358 0
30359 3
30360 1
30361 0
30362 3
30363 4
30364 3
30365 4
30366 4
30367 1
30368 1
30369 2
30370 2
30371 0
30372 2
30373 1
30374 1
30375 0
30376 1
30377 0
30378 2
30379 2
30380 2
30381 2
30382 2
30383 3
30384 2
30385 4
30386 0
30387 1
30388 2
30389 3
30390 2
30391 0
30392 3
30393 5
30394 4
30395 3
30396 3
30397 1
30398 4
30399 5
30400 2
30401 2
30402 3
30403 4
30404 1
30405 4
30406 3
30407 4
30408 3
30409 4
30410 0
30411 0
30412 2
30413 2
30414 2
30415 5
30416 1
30417 4
30418 0
30419 2
30420 1
30421 5
30422 3
30423 1
30424 0
30425 4
30426 2
30427 5
30428 0
30429 4
30430 2
30431 4
30432 1
30433 1
30434 0
30435 2
30436 2
30437 4
30438 0
30439 3
30440 4
30441 3
30442 4
30443 3
30444 2
30445 2
30446 3
30447 3
30448 1
30449 2
30450 0
30451 3
30452 4
30453 4
30454 1
30455 4
30456 3
30457 3
30458 1
30459 1
30460 3
30461 2
30462 1
30463 1
30464 0
30465 2
30466 2
30467 2
30468 1
30469 3
30470 0
30471 2
30472 0
30473 0
30474 1
30475 2
30476 0
30477 2
30478 1
30479 0
30480 3
30481 2
30482 4
30483 4
30484 4
30485 1
30486 2
30487 0
30488 1
30489 4
30490 2
30491 0
30492 0
30493 1
30494 1
30495 1
30496 4
30497 4
30498 1
30499 3
30500 0
30501 2
30502 3
30503 2
30504 4
30505 2
30506 2
30507 0
30508 1
30509 2
30510 4
30511 5
30512 0
30513 5
30514 0
30515 4
30516 2
30517 4
30518 3
30519 1
30520 0
30521 4
30522 0
30523 0
30524 2
30525 2
30526 0
30527 4
30528 1
30529 2
30530 4
30531 3
30532 4
30533 0
30534 0
30535 0
30536 4
30537 2
30538 0
30539 2
30540 3
30541 1
30542 3
30543 3
30544 1
30545 4
30546 0
30547 1
30548 5
30549 4
30550 2
30551 1
30552 4
30553 1
30554 5
30555 0
30556 3
30557 3
30558 2
30559 2
30560 2
30561 0
30562 3
30563 4
30564 0
30565 4
30566 3
30567 2
30568 0
30569 2
30570 3
30571 2
30572 0
30573 1
30574 1
30575 1
30576 3
30577 1
30578 3
30579 0
30580 3
30581 0
30582 1
30583 4
30584 1
30585 4
30586 0
30587 5
30588 4
30589 4
30590 0
30591 5
30592 1
30593 5
30594 5
30595 4
30596 4
30597 1
30598 2
30599 1
30600 4
30601 1
30602 1
30603 5
30604 1
30605 2
30606 2
30607 2
30608 2
30609 2
30610 0
30611 1
30612 1
30613 1
30614 5
30615 4
30616 0
30617 1
30618 3
30619 2
30620 0
30621 2
30622 5
30623 4
30624 0
30625 5
30626 2
30627 5
30628 2
30629 1
30630 6
30631 5
30632 4
30633 2
30634 2
30635 0
30636 1
30637 1
30638 1
30639 6
30640 2
30641 2
30642 0
30643 3
30644 0
30645 6
30646 1
30647 0
30648 1
30649 2
30650 2
30651 0
30652 5
30653 3
30654 2
30655 2
30656 2
30657 5
30658 1
30659 2
30660 3
30661 2
30662 0
30663 3
30664 2
30665 2
30666 4
30667 0
30668 2
30669 0
30670 4
30671 5
30672 1
30673 2
30674 2
30675 3
30676 3
30677 2
30678 2
30679 2
30680 3
30681 5
30682 0
30683 5
30684 0
30685 4
30686 5
30687 0
30688 2
30689 0
30690 1
30691 2
30692 0
30693 1
30694 3
30695 4
30696 1
30697 5
30698 0
30699 5
30700 1
30701 3
30702 2
30703 3
30704 4
30705 1
30706 2
30707 3
30708 4
30709 0
30710 1
30711 0
30712 1
30713 1
30714 0
30715 3
30716 3
30717 2
30718 1
30719 4
30720 3
30721 2
30722 4
30723 4
30724 0
30725 0
30726 0
30727 2
30728 0
30729 2
30730 4
30731 5
30732 0
30733 3
30734 2
30735 4
30736 2
30737 0
30738 0
30739 2
30740 4
30741 1
30742 1
30743 0
30744 4
30745 1
30746 1
30747 1
30748 0
30749 5
30750 2
30751 1
30752 2
30753 0
30754 0
30755 0
30756 3
30757 0
30758 4
30759 2
30760 3
30761 4
30762 0
30763 4
30764 3
30765 1
30766 1
30767 4
30768 1
30769 4
30770 1
30771 2
30772 3
30773 0
30774 3
30775 4
30776 0
30777 1
30778 0
30779 1
30780 2
30781 3
30782 3
30783 2
30784 2
30785 5
30786 2
30787 3
30788 3
30789 1
30790 3
30791 3
30792 4
30793 3
30794 2
30795 1
30796 4
30797 2
30798 0
30799 4
30800 1
30801 3
30802 1
30803 1
30804 2
30805 1
30806 2
30807 5
30808 3
30809 2
30810 0
30811 4
30812 2
30813 3
30814 3
30815 0
30816 1
30817 1
30818 4
30819 3
30820 1
30821 0
30822 2
30823 3
30824 4
30825 3
30826 3
30827 2
30828 2
30829 0
30830 1
30831 0
30832 4
30833 2
30834 3
30835 4
30836 0
30837 3
30838 2
30839 3
30840 1
30841 0
30842 4
30843 0
30844 4
30845 2
30846 1
30847 0
30848 3
30849 4
30850 3
30851 0
30852 0
30853 3
30854 1
30855 5
30856 0
30857 4
30858 4
30859 1
30860 4
30861 0
30862 3
30863 3
30864 0
30865 4
30866 3
30867 0
30868 0
30869 0
30870 4
30871 0
30872 1
30873 4
30874 1
30875 0
30876 1
30877 3
30878 0
30879 0
30880 5
30881 1
30882 1
30883 3
30884 2
30885 2
30886 2
30887 1
30888 2
30889 2
30890 0
30891 2
30892 0
30893 1
30894 0
30895 2
30896 4
30897 2
30898 4
30899 0
30900 4
30901 2
30902 0
30903 2
30904 3
30905 1
30906 3
30907 4
30908 2
30909 4
30910 2
30911 0
30912 3
30913 2
30914 4
30915 0
30916 3
30917 1
30918 5
30919 1
30920 2
30921 3
30922 2
30923 2
30924 1
30925 2
30926 1
30927 1
30928 0
30929 4
30930 0
30931 2
30932 1
30933 4
30934 2
30935 2
30936 1
30937 1
30938 4
30939 0
30940 5
30941 1
30942 1
30943 2
30944 0
30945 2
30946 4
30947 0
30948 1
30949 1
30950 1
30951 1
30952 0
30953 1
30954 3
30955 2
30956 2
30957 2
30958 4
30959 0
30960 2
30961 3
30962 0
30963 1
30964 2
30965 0
30966 3
30967 3
30968 4
30969 3
30970 0
30971 2
30972 2
30973 0
30974 4
30975 1
30976 1
30977 2
30978 2
30979 2
30980 3
30981 1
30982 1
30983 2
30984 5
30985 2
30986 3
30987 0
30988 2
30989 2
30990 3
30991 1
30992 0
30993 0
30994 3
30995 4
30996 4
30997 2
30998 3
30999 3
31000 0
31001 5
31002 2
31003 0
31004 2
31005 0
31006 3
31007 0
31008 2
31009 4
31010 1
31011 1
31012 1
31013 5
31014 4
31015 5
31016 0
31017 2
31018 4
31019 4
31020 2
31021 3
31022 3
31023 3
31024 0
31025 1
31026 5
31027 1
31028 1
31029 3
31030 2
31031 3
31032 4
31033 0
31034 3
31035 2
31036 1
31037 2
31038 2
31039 0
31040 1
31041 2
31042 1
31043 4
31044 1
31045 2
31046 0
31047 2
31048 4
31049 3
31050 0
31051 3
31052 2
31053 3
31054 4
31055 2
31056 1
31057 1
31058 0
31059 4
31060 2
31061 3
31062 1
31063 2
31064 2
31065 2
31066 5
31067 2
31068 2
31069 2
31070 2
31071 3
31072 4
31073 0
31074 2
31075 3
31076 1
31077 0
31078 3
31079 3
31080 1
31081 1
31082 5
31083 2
31084 1
31085 3
31086 3
31087 3
31088 1
31089 2
31090 1
31091 2
31092 3
31093 2
31094 0
31095 5
31096 2
31097 1
31098 4
31099 2
31100 0
31101 1
31102 1
31103 2
31104 0
31105 2
31106 1
31107 2
31108 4
31109 4
31110 0
31111 3
31112 3
31113 0
31114 0
31115 0
31116 3
31117 4
31118 1
31119 2
31120 4
31121 1
31122 2
31123 4
31124 0
31125 2
31126 5
31127 1
31128 3
31129 5
31130 4
31131 3
31132 4
31133 2
31134 2
31135 3
31136 3
31137 3
31138 3
31139 5
31140 1
31141 1
31142 5
31143 1
31144 2
31145 1
31146 1
31147 2
31148 2
31149 2
31150 1
31151 4
31152 2
31153 3
31154 0
31155 5
31156 3
31157 4
31158 1
31159 0
31160 3
31161 0
31162 3
31163 3
31164 3
31165 4
31166 2
31167 4
31168 4
31169 1
31170 3
31171 5
31172 0
31173 4
31174 3
31175 1
31176 1
31177 2
31178 3
31179 2
31180 0
31181 0
31182 2
31183 4
31184 2
31185 0
31186 5
31187 2
31188 1
31189 0
31190 4
31191 0
31192 4
31193 3
31194 3
31195 0
31196 2
31197 0
31198 4
31199 4
31200 2
31201 4
31202 4
31203 4
31204 2
31205 2
31206 1
31207 0
31208 1
31209 3
31210 2
31211 1
31212 0
31213 2
31214 4
31215 3
31216 5
31217 2
31218 2
31219 4
31220 1
31221 2
31222 0
31223 0
31224 1
31225 1
31226 2
31227 0
31228 2
31229 3
31230 3
31231 2
31232 4
31233 2
31234 3
31235 2
31236 2
31237 5
31238 2
31239 2
31240 3
31241 2
31242 4
31243 5
31244 2
31245 0
31246 4
31247 3
31248 1
31249 2
31250 5
31251 2
31252 3
31253 1
31254 4
31255 3
31256 3
31257 1
31258 2
31259 2
31260 3
31261 4
31262 1
31263 4
31264 1
31265 1
31266 3
31267 2
31268 5
31269 2
31270 0
31271 0
31272 2
31273 2
31274 3
31275 0
31276 1
31277 4
31278 1
31279 0
31280 1
31281 1
31282 3
31283 1
31284 1
31285 3
31286 1
31287 0
31288 3
31289 3
31290 4
31291 5
31292 3
31293 1
31294 1
31295 3
31296 3
31297 4
31298 0
31299 2
31300 2
31301 2
31302 1
31303 3
31304 4
31305 4
31306 4
31307 3
31308 4
31309 2
31310 3
31311 4
31312 4
31313 1
31314 2
31315 0
31316 2
31317 1
31318 3
31319 5
31320 2
31321 0
31322 4
31323 0
31324 2
31325 3
31326 2
31327 1
31328 4
31329 2
31330 1
31331 2
31332 2
31333 2
31334 4
31335 0
31336 4
31337 2
31338 4
31339 0
31340 1
31341 3
31342 1
31343 4
31344 1
31345 0
31346 5
31347 2
31348 1
31349 5
31350 3
31351 2
31352 2
31353 2
31354 1
31355 3
31356 4
31357 1
31358 2
31359 6
31360 1
31361 3
31362 0
31363 0
31364 5
31365 3
31366 5
31367 1
31368 4
31369 2
31370 0
31371 2
31372 3
31373 0
31374 0
31375 3
31376 4
31377 4
31378 2
31379 1
31380 1
31381 2
31382 4
31383 0
31384 2
31385 2
31386 5
31387 0
31388 3
31389 0
31390 2
31391 4
31392 1
31393 2
31394 3
31395 3
31396 2
31397 2
31398 3
31399 2
31400 5
31401 0
31402 1
31403 2
31404 3
31405 5
31406 2
31407 2
31408 2
31409 5
31410 2
31411 3
31412 3
31413 1
31414 3
31415 0
31416 0
31417 5
31418 4
31419 0
31420 4
31421 3
31422 0
31423 4
31424 3
31425 3
31426 2
31427 0
31428 4
31429 0
31430 3
31431 3
31432 4
31433 3
31434 3
31435 3
31436 3
31437 3
31438 3
31439 0
31440 4
31441 4
31442 2
31443 0
31444 2
31445 1
31446 3
31447 1
31448 0
31449 2
31450 4
31451 2
31452 1
31453 3
31454 0
31455 5
31456 4
31457 3
31458 1
31459 2
31460 4
31461 3
31462 4
31463 0
31464 1
31465 2
31466 3
31467 1
31468 0
31469 3
31470 2
31471 2
31472 4
31473 1
31474 2
31475 0
31476 4
31477 2
31478 0
31479 1
31480 2
31481 2
31482 0
31483 3
31484 5
31485 5
31486 3
31487 4
31488 1
31489 3
31490 0
31491 1
31492 4
31493 3
31494 2
31495 1
31496 0
31497 4
31498 3
31499 0
31500 0
31501 0
31502 4
31503 4
31504 2
31505 2
31506 4
31507 4
31508 0
31509 1
31510 3
31511 0
31512 4
31513 0
31514 5
31515 3
31516 3
31517 0
31518 2
31519 3
31520 2
31521 0
31522 1
31523 4
31524 1
31525 0
31526 3
31527 5
31528 3
31529 1
31530 0
31531 0
31532 0
31533 2
31534 2
31535 1
31536 4
31537 1
31538 5
31539 2
31540 2
31541 0
31542 1
31543 1
31544 1
31545 2
31546 3
31547 1
31548 4
31549 3
31550 4
31551 2
31552 4
31553 4
31554 0
31555 5
31556 2
31557 3
31558 1
31559 5
31560 1
31561 4
31562 1
31563 1
31564 3
31565 5
31566 0
31567 4
31568 4
31569 4
31570 3
31571 2
31572 4
31573 5
31574 4
31575 4
31576 3
31577 0
31578 3
31579 1
31580 3
31581 3
31582 1
31583 2
31584 1
31585 2
31586 1
31587 3
31588 2
31589 0
31590 4
31591 3
31592 0
31593 1
31594 3
31595 4
31596 0
31597 5
31598 3
31599 1
31600 4
31601 3
31602 2
31603 0
31604 3
31605 3
31606 1
31607 3
31608 0
31609 3
31610 2
31611 1
31612 2
31613 2
31614 2
31615 1
31616 3
31617 5
31618 4
31619 0
31620 2
31621 0
31622 1
31623 0
31624 0
31625 6
31626 1
31627 4
31628 2
31629 3
31630 4
31631 4
31632 1
31633 3
31634 2
31635 0
31636 1
31637 4
31638 5
31639 2
31640 2
31641 5
31642 0
31643 3
31644 0
31645 0
31646 1
31647 4
31648 1
31649 0
31650 1
31651 4
31652 1
31653 2
31654 4
31655 0
31656 1
31657 3
31658 3
31659 1
31660 1
31661 3
31662 2
31663 1
31664 2
31665 1
31666 3
31667 0
31668 3
31669 2
31670 1
31671 3
31672 1
31673 2
31674 2
31675 2
31676 1
31677 4
31678 0
31679 0
31680 4
31681 3
31682 3
31683 2
31684 3
31685 3
31686 0
31687 2
31688 0
31689 1
31690 0
31691 4
31692 0
31693 3
31694 0
31695 2
31696 2
31697 2
31698 0
31699 4
31700 1
31701 0
31702 3
31703 1
31704 1
31705 4
31706 4
31707 3
31708 1
31709 2
31710 0
31711 4
31712 0
31713 0
31714 4
31715 1
31716 3
31717 4
31718 4
31719 3
31720 3
31721 0
31722 2
31723 3
31724 1
31725 1
31726 1
31727 0
31728 1
31729 0
31730 3
31731 0
31732 0
31733 3
31734 2
31735 2
31736 5
31737 0
31738 1
31739 3
31740 5
31741 3
31742 0
31743 1
31744 5
31745 2
31746 1
31747 2
31748 3
31749 2
31750 4
31751 2
31752 4
31753 4
31754 3
31755 2
31756 0
31757 1
31758 2
31759 4
31760 3
31761 2
31762 4
31763 5
31764 0
31765 1
31766 1
31767 1
31768 0
31769 2
31770 2
31771 1
31772 3
31773 4
31774 2
31775 3
31776 1
31777 2
31778 0
31779 4
31780 2
31781 3
31782 3
31783 4
31784 2
31785 4
31786 0
31787 1
31788 3
31789 2
31790 1
31791 4
31792 2
31793 4
31794 0
31795 4
31796 1
31797 3
31798 2
31799 3
31800 2
31801 0
31802 1
31803 2
31804 0
31805 4
31806 2
31807 4
31808 2
31809 0
31810 3
31811 5
31812 0
31813 0
31814 1
31815 4
31816 2
31817 3
31818 1
31819 0
31820 3
31821 2
31822 1
31823 4
31824 0
31825 3
31826 3
31827 4
31828 1
31829 5
31830 1
31831 2
31832 0
31833 0
31834 3
31835 0
31836 4
31837 2
31838 0
31839 2
31840 0
31841 4
31842 2
31843 0
31844 3
31845 2
31846 4
31847 2
31848 1
31849 1
31850 3
31851 2
31852 5
31853 1
31854 5
31855 1
31856 4
31857 0
31858 3
31859 2
31860 0
31861 3
31862 2
31863 1
31864 0
31865 2
31866 1
31867 2
31868 2
31869 0
31870 1
31871 1
31872 3
31873 5
31874 1
31875 3
31876 0
31877 1
31878 3
31879 1
31880 1
31881 4
31882 4
31883 0
31884 5
31885 1
31886 1
31887 3
31888 3
31889 0
31890 5
31891 4
31892 1
31893 0
31894 0
31895 0
31896 1
31897 1
31898 4
31899 3
31900 3
31901 3
31902 2
31903 3
31904 4
31905 3
31906 0
31907 0
31908 3
31909 2
31910 3
31911 1
31912 4
31913 2
31914 0
31915 3
31916 4
31917 2
31918 2
31919 2
31920 2
31921 2
31922 1
31923 3
31924 0
31925 2
31926 2
31927 0
31928 4
31929 1
31930 0
31931 4
31932 3
31933 0
31934 1
31935 0
31936 0
31937 3
31938 0
31939 2
31940 0
31941 3
31942 2
31943 1
31944 4
31945 2
31946 2
31947 2
31948 1
31949 3
31950 5
31951 0
31952 0
31953 4
31954 3
31955 4
31956 1
31957 0
31958 1
31959 1
31960 1
31961 1
31962 3
31963 1
31964 4
31965 2
31966 0
31967 3
31968 0
31969 3
31970 1
31971 5
31972 2
31973 2
31974 4
31975 1
31976 4
31977 2
31978 4
31979 2
31980 4
31981 0
31982 4
31983 0
31984 3
31985 1
31986 3
31987 3
31988 2
31989 5
31990 1
31991 4
31992 1
31993 2
31994 3
31995 3
31996 0
31997 0
31998 2
31999 1
32000 3
32001 2
32002 4
32003 4
32004 2
32005 0
32006 3
32007 4
32008 0
32009 2
32010 3
32011 2
32012 0
32013 4
32014 4
32015 0
32016 3
32017 0
32018 3
32019 1
32020 1
32021 3
32022 4
32023 4
32024 1
32025 0
32026 1
32027 1
32028 1
32029 0
32030 1
32031 2
32032 1
32033 3
32034 0
32035 1
32036 1
32037 4
32038 3
32039 1
32040 3
32041 2
32042 3
32043 0
32044 0
32045 5
32046 0
32047 0
32048 2
32049 0
32050 2
32051 5
32052 4
32053 3
32054 2
32055 3
32056 4
32057 2
32058 2
32059 0
32060 4
32061 1
32062 0
32063 5
32064 2
32065 1
32066 3
32067 4
32068 5
32069 1
32070 0
32071 5
32072 0
32073 1
32074 4
32075 1
32076 1
32077 0
32078 2
32079 0
32080 5
32081 3
32082 4
32083 1
32084 5
32085 2
32086 0
32087 3
32088 3
32089 2
32090 3
32091 2
32092 4
32093 3
32094 0
32095 1
32096 4
32097 1
32098 2
32099 1
32100 3
32101 0
32102 3
32103 0
32104 3
32105 1
32106 2
32107 2
32108 4
32109 1
32110 3
32111 3
32112 3
32113 4
32114 1
32115 1
32116 4
32117 2
32118 0
32119 2
32120 2
32121 3
32122 1
32123 0
32124 3
32125 1
32126 0
32127 6
32128 0
32129 3
32130 2
32131 4
32132 0
32133 0
32134 4
32135 3
32136 3
32137 2
32138 4
32139 3
32140 4
32141 3
32142 3
32143 5
32144 3
32145 0
32146 3
32147 0
32148 2
32149 1
32150 2
32151 1
32152 4
32153 4
32154 1
32155 1
32156 2
32157 1
32158 1
32159 4
32160 2
32161 3
32162 0
32163 4
32164 2
32165 3
32166 1
32167 2
32168 2
32169 0
32170 2
32171 1
32172 4
32173 4
32174 4
32175 4
32176 0
32177 1
32178 1
32179 1
32180 2
32181 0
32182 3
32183 3
32184 3
32185 0
32186 1
32187 3
32188 1
32189 0
32190 1
32191 2
32192 1
32193 3
32194 4
32195 4
32196 2
32197 2
32198 1
32199 1
32200 4
32201 4
32202 2
32203 3
32204 2
32205 0
32206 5
32207 1
32208 2
32209 1
32210 4
32211 6
32212 1
32213 3
32214 4
32215 5
32216 2
32217 0
32218 3
32219 5
32220 0
32221 3
32222 1
32223 2
32224 3
32225 3
32226 4
32227 1
32228 5
32229 3
32230 4
32231 3
32232 1
32233 2
32234 1
32235 3
32236 2
32237 3
32238 0
32239 0
32240 3
32241 1
32242 4
32243 2
32244 3
32245 3
32246 3
32247 2
32248 5
32249 5
32250 1
32251 3
32252 2
32253 1
32254 1
32255 0
32256 5
32257 1
32258 1
32259 0
32260 0
32261 5
32262 1
32263 4
32264 1
32265 4
32266 1
32267 0
32268 1
32269 3
32270 4
32271 3
32272 3
32273 1
32274 2
32275 0
32276 0
32277 2
32278 0
32279 2
32280 3
32281 5
32282 0
32283 0
32284 0
32285 0
32286 2
32287 2
32288 0
32289 2
32290 1
32291 4
32292 3
32293 4
32294 2
32295 0
32296 3
32297 4
32298 4
32299 3
32300 0
32301 2
32302 3
32303 4
32304 3
32305 2
32306 1
32307 2
32308 2
32309 4
32310 5
32311 2
32312 0
32313 4
32314 2
32315 1
32316 3
32317 1
32318 3
32319 4
32320 3
32321 4
32322 3
32323 2
32324 0
32325 1
32326 3
32327 2
32328 1
32329 1
32330 0
32331 0
32332 0
32333 2
32334 5
32335 4
32336 3
32337 1
32338 0
32339 0
32340 4
32341 0
32342 2
32343 1
32344 1
32345 1
32346 1
32347 3
32348 3
32349 2
32350 5
32351 3
32352 3
32353 3
32354 4
32355 1
32356 0
32357 3
32358 3
32359 0
32360 2
32361 2
32362 3
32363 1
32364 2
32365 2
32366 1
32367 4
32368 2
32369 6
32370 3
32371 1
32372 0
32373 1
32374 3
32375 1
32376 1
32377 1
32378 2
32379 1
32380 4
32381 0
32382 1
32383 2
32384 2
32385 2
32386 3
32387 1
32388 1
32389 3
32390 3
32391 1
32392 2
32393 2
32394 1
32395 0
32396 2
32397 0
32398 3
32399 0
32400 4
32401 3
32402 5
32403 5
32404 1
32405 2
32406 3
32407 3
32408 3
32409 3
32410 0
32411 0
32412 1
32413 1
32414 0
32415 4
32416 4
32417 2
32418 1
32419 4
32420 5
32421 3
32422 0
32423 3
32424 2
32425 1
32426 2
32427 0
32428 1
32429 4
32430 0
32431 2
32432 1
32433 2
32434 0
32435 2
32436 3
32437 3
32438 2
32439 5
32440 3
32441 2
32442 3
32443 0
32444 1
32445 2
32446 4
32447 1
32448 1
32449 3
32450 3
32451 2
32452 4
32453 1
32454 0
32455 2
32456 0
32457 5
32458 5
32459 1
32460 0
32461 4
32462 5
32463 0
32464 3
32465 1
32466 5
32467 4
32468 1
32469 1
32470 1
32471 2
32472 2
32473 0
32474 1
32475 4
32476 3
32477 4
32478 2
32479 1
32480 1
32481 5
32482 4
32483 0
32484 2
32485 2
32486 3
32487 5
32488 1
32489 1
32490 3
32491 4
32492 0
32493 4
32494 0
32495 4
32496 1
32497 3
32498 1
32499 6
32500 2
32501 1
32502 2
32503 3
32504 3
32505 3
32506 2
32507 1
32508 4
32509 0
32510 3
32511 4
32512 2
32513 3
32514 0
32515 1
32516 0
32517 2
32518 3
32519 1
32520 2
32521 1
32522 2
32523 2
32524 2
32525 1
32526 0
32527 1
32528 2
32529 0
32530 2
32531 2
32532 3
32533 3
32534 0
32535 4
32536 1
32537 0
32538 1
32539 0
32540 2
32541 3
32542 1
32543 1
32544 4
32545 3
32546 1
32547 4
32548 0
32549 4
32550 5
32551 2
32552 5
32553 0
32554 0
32555 4
32556 2
32557 2
32558 3
32559 4
32560 3
32561 2
32562 0
32563 0
32564 4
32565 2
32566 4
32567 5
32568 2
32569 2
32570 0
32571 3
32572 4
32573 3
32574 4
32575 2
32576 2
32577 4
32578 1
32579 0
32580 6
32581 1
32582 1
32583 2
32584 0
32585 0
32586 0
32587 4
32588 0
32589 0
32590 1
32591 1
32592 2
32593 0
32594 5
32595 1
32596 3
32597 4
32598 3
32599 3
32600 5
32601 2
32602 0
32603 3
32604 2
32605 3
32606 2
32607 2
32608 5
32609 2
32610 1
32611 1
32612 3
32613 0
32614 2
32615 1
32616 4
32617 1
32618 5
32619 1
32620 0
32621 0
32622 3
32623 0
32624 2
32625 1
32626 0
32627 0
32628 2
32629 1
32630 0
32631 2
32632 1
32633 3
32634 3
32635 1
32636 1
32637 4
32638 1
32639 2
32640 2
32641 0
32642 1
32643 0
32644 3
32645 0
32646 1
32647 2
32648 2
32649 2
32650 2
32651 1
32652 3
32653 1
32654 4
32655 4
32656 0
32657 2
32658 3
32659 1
32660 1
32661 4
32662 2
32663 0
32664 3
32665 3
32666 1
32667 4
32668 4
32669 3
32670 0
32671 4
32672 0
32673 4
32674 3
32675 1
32676 2
32677 1
32678 0
32679 4
32680 4
32681 1
32682 1
32683 0
32684 5
32685 3
32686 0
32687 2
32688 1
32689 0
32690 3
32691 2
32692 2
32693 4
32694 4
32695 2
32696 0
32697 3
32698 4
32699 4
32700 2
32701 0
32702 0
32703 3
32704 3
32705 6
32706 1
32707 0
32708 1
32709 5
32710 1
32711 3
32712 3
32713 4
32714 2
32715 4
32716 3
32717 4
32718 4
32719 4
32720 2
32721 2
32722 1
32723 2
32724 3
32725 1
32726 2
32727 5
32728 3
32729 1
32730 1
32731 1
32732 2
32733 1
32734 2
32735 3
32736 5
32737 1
32738 4
32739 0
32740 1
32741 2
32742 0
32743 1
32744 0
32745 4
32746 3
32747 4
32748 1
32749 3
32750 0
32751 2
32752 2
32753 3
32754 2
32755 4
32756 3
32757 0
32758 3
32759 3
32760 3
32761 0
32762 2
32763 0
32764 2
32765 3
32766 1
32767 0
32768 2
32769 1
32770 1
32771 2
32772 1
32773 2
32774 0
32775 0
32776 2
32777 1
32778 0
32779 0
32780 3
32781 0
32782 3
32783 3
32784 2
32785 2
32786 1
32787 1
32788 0
32789 1
32790 0
32791 2
32792 4
32793 2
32794 3
32795 3
32796 3
32797 1
32798 0
32799 2
32800 1
32801 1
32802 0
32803 2
32804 2
32805 2
32806 3
32807 1
32808 0
32809 4
32810 1
32811 4
32812 3
32813 1
32814 4
32815 0
32816 2
32817 6
32818 2
32819 3
32820 1
32821 4
32822 0
32823 0
32824 4
32825 0
32826 2
32827 3
32828 1
32829 1
32830 2
32831 0
32832 1
32833 0
32834 1
32835 1
32836 1
32837 3
32838 4
32839 3
32840 1
32841 2
32842 1
32843 0
32844 0
32845 5
32846 0
32847 2
32848 2
32849 0
32850 3
32851 2
32852 2
32853 1
32854 1
32855 2
32856 1
32857 3
32858 0
32859 2
32860 4
32861 1
32862 3
32863 5
32864 1
32865 3
32866 2
32867 2
32868 6
32869 1
32870 2
32871 4
32872 3
32873 3
32874 0
32875 2
32876 0
32877 3
32878 0
32879 1
32880 4
32881 3
32882 1
32883 2
32884 2
32885 3
32886 2
32887 4
32888 4
32889 1
32890 1
32891 1
32892 3
32893 2
32894 1
32895 2
32896 1
32897 3
32898 2
32899 0
32900 2
32901 1
32902 0
32903 2
32904 4
32905 1
32906 4
32907 2
32908 3
32909 0
32910 3
32911 2
32912 1
32913 1
32914 2
32915 1
32916 5
32917 1
32918 1
32919 1
32920 2
32921 0
32922 0
32923 1
32924 3
32925 4
32926 3
32927 2
32928 3
32929 2
32930 1
32931 0
32932 4
32933 4
32934 4
32935 5
32936 2
32937 1
32938 2
32939 0
32940 3
32941 5
32942 4
32943 1
32944 1
32945 4
32946 3
32947 1
32948 0
32949 2
32950 3
32951 0
32952 1
32953 0
32954 5
32955 0
32956 2
32957 4
32958 3
32959 0
32960 2
32961 3
32962 1
32963 0
32964 0
32965 2
32966 3
32967 5
32968 2
32969 1
32970 0
32971 1
32972 3
32973 0
32974 1
32975 4
32976 1
32977 1
32978 4
32979 3
32980 2
32981 2
32982 3
32983 3
32984 4
32985 3
32986 5
32987 5
32988 1
32989 3
32990 2
32991 4
32992 2
32993 4
32994 0
32995 1
32996 0
32997 3
32998 4
32999 4
33000 4
33001 2
33002 3
33003 4
33004 1
33005 3
33006 5
33007 2
33008 2
33009 0
33010 1
33011 3
33012 1
33013 0
33014 1
33015 4
33016 0
33017 3
33018 1
33019 2
33020 5
33021 5
33022 5
33023 4
33024 1
33025 1
33026 4
33027 2
33028 2
33029 1
33030 3
33031 0
33032 4
33033 2
33034 1
33035 2
33036 2
33037 0
33038 0
33039 0
33040 0
33041 2
33042 2
33043 1
33044 0
33045 3
33046 1
33047 3
33048 2
33049 2
33050 3
33051 0
33052 1
33053 3
33054 2
33055 1
33056 1
33057 3
33058 4
33059 2
33060 3
33061 1
33062 0
33063 2
33064 1
33065 4
33066 1
33067 0
33068 1
33069 1
33070 2
33071 1
33072 0
33073 1
33074 3
33075 3
33076 0
33077 1
33078 2
33079 0
33080 1
33081 1
33082 3
33083 4
33084 0
33085 2
33086 0
33087 2
33088 4
33089 1
33090 1
33091 2
33092 1
33093 1
33094 1
33095 5
33096 3
33097 1
33098 0
33099 3
33100 0
33101 3
33102 0
33103 5
33104 3
33105 2
33106 1
33107 0
33108 0
33109 0
33110 0
33111 5
33112 2
33113 0
33114 5
33115 1
33116 2
33117 0
33118 2
33119 1
33120 1
33121 2
33122 2
33123 0
33124 1
33125 4
33126 1
33127 1
33128 3
33129 1
33130 3
33131 3
33132 3
33133 2
33134 4
33135 2
33136 1
33137 1
33138 0
33139 1
33140 4
33141 0
33142 2
33143 0
33144 3
33145 4
33146 1
33147 4
33148 4
33149 1
33150 1
33151 2
33152 3
33153 3
33154 2
33155 0
33156 1
33157 4
33158 3
33159 5
33160 3
33161 1
33162 4
33163 3
33164 1
33165 2
33166 3
33167 0
33168 2
33169 4
33170 4
33171 2
33172 4
33173 4
33174 0
33175 5
33176 3
33177 2
33178 0
33179 4
33180 1
33181 4
33182 0
33183 0
33184 0
33185 2
33186 3
33187 1
33188 2
33189 3
33190 5
33191 3
33192 4
33193 2
33194 0
33195 0
33196 0
33197 5
33198 2
33199 2
33200 3
33201 2
33202 4
33203 1
33204 3
33205 2
33206 4
33207 0
33208 1
33209 2
33210 2
33211 4
33212 3
33213 3
33214 0
33215 2
33216 1
33217 2
33218 4
33219 1
33220 3
33221 2
33222 1
33223 3
33224 5
33225 1
33226 2
33227 3
33228 3
33229 2
33230 4
33231 4
33232 4
33233 1
33234 4
33235 4
33236 4
33237 2
33238 1
33239 1
33240 2
33241 3
33242 1
33243 2
33244 3
33245 2
33246 1
33247 3
33248 0
33249 2
33250 4
33251 5
33252 1
33253 1
33254 1
33255 0
33256 2
33257 3
33258 2
33259 1
33260 3
33261 1
33262 0
33263 3
33264 1
33265 2
33266 2
33267 3
33268 1
33269 0
33270 1
33271 1
33272 3
33273 2
33274 5
33275 2
33276 2
33277 0
33278 0
33279 3
33280 4
33281 2
33282 3
33283 1
33284 1
33285 1
33286 1
33287 4
33288 1
33289 3
33290 3
33291 3
33292 2
33293 4
33294 1
33295 0
33296 0
33297 2
33298 4
33299 3
33300 0
33301 3
33302 2
33303 4
33304 1
33305 0
33306 1
33307 3
33308 0
33309 0
33310 2
33311 2
33312 0
33313 5
33314 2
33315 1
33316 3
33317 4
33318 0
33319 0
33320 4
33321 4
33322 0
33323 0
33324 0
33325 2
33326 2
33327 2
33328 4
33329 3
33330 3
33331 4
33332 1
33333 3
33334 2
33335 4
33336 1
33337 3
33338 0
33339 1
33340 1
33341 0
33342 3
33343 3
33344 0
33345 2
33346 4
33347 0
33348 3
33349 0
33350 1
33351 4
33352 2
33353 4
33354 4
33355 1
33356 3
33357 0
33358 0
33359 0
33360 1
33361 0
33362 3
33363 1
33364 1
33365 3
33366 0
33367 4
33368 2
33369 3
33370 3
33371 4
33372 3
33373 3
33374 1
33375 3
33376 1
33377 0
33378 4
33379 2
33380 5
33381 1
33382 2
33383 2
33384 3
33385 0
33386 2
33387 6
33388 3
33389 2
33390 0
33391 2
33392 2
33393 4
33394 2
33395 4
33396 3
33397 2
33398 0
33399 4
33400 1
33401 2
33402 5
33403 0
33404 4
33405 1
33406 2
33407 2
33408 1
33409 0
33410 4
33411 3
33412 5
33413 0
33414 1
33415 1
33416 5
33417 0
33418 1
33419 1
33420 1
33421 2
33422 2
33423 1
33424 4
33425 1
33426 1
33427 0
33428 0
33429 4
33430 2
33431 0
33432 0
33433 4
33434 0
33435 2
33436 0
33437 0
33438 2
33439 3
33440 4
33441 1
33442 0
33443 4
33444 2
33445 2
33446 1
33447 5
33448 4
33449 0
33450 2
33451 5
33452 0
33453 1
33454 1
33455 1
33456 3
33457 0
33458 1
33459 4
33460 3
33461 0
33462 2
33463 4
33464 2
33465 3
33466 3
33467 0
33468 1
33469 1
33470 1
33471 3
33472 2
33473 3
33474 2
33475 4
33476 5
33477 3
33478 3
33479 2
33480 3
33481 2
33482 2
33483 6
33484 5
33485 3
33486 2
33487 0
33488 2
33489 4
33490 2
33491 2
33492 0
33493 4
33494 5
33495 1
33496 0
33497 0
33498 0
33499 4
33500 1
33501 2
33502 3
33503 4
33504 4
33505 3
33506 2
33507 4
33508 0
33509 3
33510 0
33511 5
33512 5
33513 3
33514 4
33515 4
33516 0
33517 4
33518 4
33519 1
33520 4
33521 4
33522 0
33523 1
33524 0
33525 3
33526 4
33527 1
33528 0
33529 0
33530 5
33531 2
33532 4
33533 0
33534 3
33535 1
33536 3
33537 1
33538 4
33539 1
33540 0
33541 3
33542 1
33543 2
33544 0
33545 0
33546 3
33547 1
33548 4
33549 2
33550 3
33551 0
33552 4
33553 3
33554 0
33555 5
33556 3
33557 0
33558 0
33559 1
33560 2
33561 0
33562 2
33563 4
33564 4
33565 4
33566 2
33567 0
33568 2
33569 1
33570 5
33571 5
33572 4
33573 0
33574 3
33575 3
33576 5
33577 3
33578 2
33579 2
33580 3
33581 5
33582 0
33583 1
33584 0
33585 2
33586 1
33587 1
33588 4
33589 1
33590 3
33591 2
33592 2
33593 5
33594 2
33595 2
33596 3
33597 3
33598 0
33599 1
33600 1
33601 1
33602 3
33603 1
33604 3
33605 3
33606 1
33607 3
33608 2
33609 0
33610 1
33611 3
33612 4
33613 2
33614 2
33615 1
33616 3
33617 3
33618 0
33619 1
33620 3
33621 1
33622 2
33623 4
33624 1
33625 1
33626 1
33627 1
33628 4
33629 4
33630 5
33631 1
33632 2
33633 3
33634 5
33635 0
33636 2
33637 0
33638 1
33639 3
33640 2
33641 2
33642 2
33643 2
33644 0
33645 4
33646 0
33647 2
33648 2
33649 3
33650 3
33651 2
33652 2
33653 3
33654 0
33655 4
33656 1
33657 2
33658 5
33659 0
33660 3
33661 0
33662 1
33663 4
33664 1
33665 1
33666 0
33667 3
33668 5
33669 2
33670 3
33671 3
33672 3
33673 3
33674 5
33675 2
33676 4
33677 5
33678 1
33679 1
33680 0
33681 5
33682 3
33683 0
33684 1
33685 3
33686 0
33687 0
33688 5
33689 0
33690 5
33691 4
33692 4
33693 4
33694 3
33695 1
33696 3
33697 4
33698 0
33699 4
33700 3
33701 0
33702 3
33703 3
33704 4
33705 2
33706 3
33707 0
33708 3
33709 3
33710 0
33711 2
33712 0
33713 0
33714 3
33715 1
33716 2
33717 4
33718 5
33719 4
33720 2
33721 3
33722 4
33723 5
33724 5
33725 0
33726 2
33727 1
33728 0
33729 2
33730 1
33731 3
33732 0
33733 4
33734 0
33735 1
33736 3
33737 2
33738 0
33739 5
33740 0
33741 3
33742 1
33743 4
33744 1
33745 4
33746 0
33747 0
33748 2
33749 5
33750 1
33751 0
33752 3
33753 0
33754 4
33755 1
33756 4
33757 1
33758 3
33759 4
33760 3
33761 2
33762 0
33763 2
33764 5
33765 2
33766 1
33767 2
33768 0
33769 2
33770 1
33771 3
33772 5
33773 4
33774 3
33775 1
33776 3
33777 3
33778 1
33779 1
33780 1
33781 2
33782 0
33783 0
33784 1
33785 4
33786 3
33787 0
33788 1
33789 4
33790 2
33791 2
33792 1
33793 2
33794 1
33795 5
33796 0
33797 1
33798 3
33799 0
33800 1
33801 1
33802 0
33803 1
33804 2
33805 0
33806 1
33807 2
33808 3
33809 3
33810 2
33811 0
33812 2
33813 3
33814 5
33815 2
33816 1
33817 0
33818 0
33819 3
33820 3
33821 4
33822 3
33823 4
33824 2
33825 5
33826 1
33827 3
33828 0
33829 4
33830 0
33831 2
33832 1
33833 2
33834 0
33835 1
33836 0
33837 1
33838 3
33839 3
33840 2
33841 1
33842 1
33843 4
33844 0
33845 2
33846 3
33847 4
33848 5
33849 1
33850 2
33851 2
33852 2
33853 3
33854 1
33855 0
33856 4
33857 4
33858 5
33859 1
33860 3
33861 3
33862 3
33863 4
33864 2
33865 3
33866 3
33867 2
33868 2
33869 0
33870 3
33871 4
33872 0
33873 2
33874 1
33875 1
33876 4
33877 4
33878 1
33879 3
33880 1
33881 4
33882 3
33883 3
33884 3
33885 2
33886 0
33887 2
33888 2
33889 1
33890 3
33891 2
33892 2
33893 1
33894 3
33895 2
33896 0
33897 2
33898 0
33899 2
33900 3
33901 0
33902 1
33903 1
33904 0
33905 4
33906 2
33907 3
33908 3
33909 4
33910 3
33911 1
33912 0
33913 1
33914 3
33915 1
33916 3
33917 2
33918 2
33919 4
33920 1
33921 1
33922 3
33923 1
33924 2
33925 1
33926 1
33927 2
33928 2
33929 4
33930 0
33931 4
33932 3
33933 3
33934 1
33935 4
33936 0
33937 3
33938 4
33939 1
33940 0
33941 2
33942 3
33943 5
33944 1
33945 1
33946 5
33947 1
33948 3
33949 0
33950 2
33951 0
33952 5
33953 1
33954 3
33955 3
33956 1
33957 0
33958 0
33959 3
33960 3
33961 2
33962 1
33963 2
33964 1
33965 3
33966 0
33967 4
33968 0
33969 3
33970 1
33971 3
33972 1
33973 0
33974 3
33975 1
33976 4
33977 2
33978 3
33979 3
33980 3
33981 4
33982 5
33983 1
33984 1
33985 0
33986 3
33987 4
33988 1
33989 0
33990 0
33991 1
33992 1
33993 0
33994 2
33995 2
33996 4
33997 3
33998 1
33999 1
34000 1
34001 3
34002 2
34003 3
34004 3
34005 4
34006 5
34007 3
34008 2
34009 1
34010 2
34011 5
34012 1
34013 0
34014 0
34015 1
34016 4
34017 4
34018 1
34019 3
34020 0
34021 0
34022 1
34023 2
34024 0
34025 0
34026 1
34027 0
34028 1
34029 3
34030 0
34031 4
34032 5
34033 3
34034 1
34035 3
34036 1
34037 4
34038 1
34039 1
34040 1
34041 1
34042 1
34043 4
34044 2
34045 3
34046 4
34047 5
34048 2
34049 1
34050 1
34051 4
34052 1
34053 0
34054 2
34055 0
34056 3
34057 4
34058 0
34059 2
34060 0
34061 5
34062 3
34063 1
34064 3
34065 0
34066 2
34067 4
34068 1
34069 3
34070 1
34071 1
34072 2
34073 4
34074 0
34075 4
34076 3
34077 4
34078 2
34079 2
34080 4
34081 2
34082 4
34083 1
34084 5
34085 0
34086 0
34087 2
34088 0
34089 3
34090 1
34091 2
34092 5
34093 3
34094 4
34095 5
34096 0
34097 4
34098 1
34099 4
34100 0
34101 0
34102 3
34103 3
34104 4
34105 2
34106 1
34107 2
34108 3
34109 1
34110 2
34111 3
34112 0
34113 1
34114 5
34115 3
34116 1
34117 3
34118 0
34119 2
34120 4
34121 2
34122 2
34123 1
34124 1
34125 1
34126 1
34127 1
34128 6
34129 1
34130 1
34131 4
34132 3
34133 0
34134 0
34135 0
34136 2
34137 2
34138 3
34139 5
34140 3
34141 3
34142 1
34143 0
34144 4
34145 0
34146 1
34147 3
34148 2
34149 1
34150 3
34151 0
34152 1
34153 0
34154 4
34155 0
34156 2
34157 2
34158 2
34159 1
34160 0
34161 3
34162 1
34163 4
34164 5
34165 1
34166 2
34167 5
34168 3
34169 4
34170 0
34171 3
34172 4
34173 0
34174 2
34175 5
34176 1
34177 3
34178 2
34179 4
34180 1
34181 4
34182 0
34183 2
34184 1
34185 1
34186 1
34187 4
34188 4
34189 0
34190 5
34191 3
34192 0
34193 1
34194 4
34195 1
34196 2
34197 0
34198 3
34199 2
34200 2
34201 2
34202 3
34203 3
34204 1
34205 0
34206 0
34207 0
34208 1
34209 3
34210 2
34211 2
34212 0
34213 0
34214 0
34215 1
34216 3
34217 2
34218 4
34219 0
34220 1
34221 1
34222 1
34223 1
34224 2
34225 2
34226 6
34227 0
34228 1
34229 1
34230 3
34231 2
34232 1
34233 2
34234 5
34235 5
34236 3
34237 4
34238 5
34239 3
34240 5
34241 0
34242 1
34243 3
34244 3
34245 2
34246 2
34247 1
34248 3
34249 0
34250 5
34251 3
34252 3
34253 0
34254 2
34255 0
34256 3
34257 3
34258 2
34259 1
34260 0
34261 1
34262 5
34263 1
34264 2
34265 4
34266 5
34267 4
34268 4
34269 4
34270 0
34271 0
34272 2
34273 4
34274 2
34275 0
34276 3
34277 4
34278 2
34279 0
34280 1
34281 2
34282 3
34283 4
34284 5
34285 1
34286 3
34287 0
34288 4
34289 2
34290 2
34291 0
34292 3
34293 0
34294 2
34295 4
34296 1
34297 0
34298 4
34299 1
34300 1
34301 2
34302 2
34303 4
34304 3
34305 2
34306 3
34307 3
34308 0
34309 2
34310 4
34311 3
34312 1
34313 1
34314 2
34315 2
34316 1
34317 1
34318 2
34319 0
34320 3
34321 2
34322 1
34323 2
34324 2
34325 0
34326 1
34327 2
34328 0
34329 2
34330 0
34331 4
34332 0
34333 5
34334 2
34335 2
34336 0
34337 3
34338 4
34339 2
34340 3
34341 3
34342 2
34343 1
34344 0
34345 1
34346 3
34347 2
34348 3
34349 4
34350 2
34351 0
34352 0
34353 1
34354 3
34355 2
34356 4
34357 0
34358 2
34359 0
34360 1
34361 0
34362 1
34363 1
34364 3
34365 4
34366 2
34367 4
34368 2
34369 4
34370 3
34371 2
34372 0
34373 1
34374 5
34375 1
34376 2
34377 1
34378 4
34379 0
34380 1
34381 1
34382 0
34383 1
34384 3
34385 1
34386 2
34387 4
34388 0
34389 2
34390 3
34391 3
34392 0
34393 3
34394 4
34395 0
34396 3
34397 1
34398 4
34399 3
34400 0
34401 1
34402 2
34403 1
34404 2
34405 2
34406 1
34407 5
34408 1
34409 0
34410 0
34411 0
34412 0
34413 4
34414 5
34415 2
34416 2
34417 1
34418 0
34419 4
34420 0
34421 4
34422 2
34423 3
34424 1
34425 5
34426 3
34427 5
34428 5
34429 2
34430 0
34431 4
34432 5
34433 0
34434 0
34435 0
34436 3
34437 3
34438 4
34439 1
34440 1
34441 0
34442 0
34443 3
34444 3
34445 1
34446 0
34447 3
34448 2
34449 4
34450 4
34451 1
34452 2
34453 5
34454 1
34455 0
34456 5
34457 1
34458 4
34459 1
34460 3
34461 3
34462 4
34463 3
34464 3
34465 0
34466 1
34467 4
34468 4
34469 3
34470 4
34471 3
34472 2
34473 1
34474 2
34475 4
34476 1
34477 3
34478 4
34479 1
34480 2
34481 1
34482 5
34483 5
34484 2
34485 4
34486 1
34487 2
34488 1
34489 2
34490 3
34491 0
34492 3
34493 0
34494 5
34495 1
34496 1
34497 2
34498 3
34499 2
34500 5
34501 0
34502 1
34503 2
34504 2
34505 3
34506 0
34507 2
34508 4
34509 2
34510 1
34511 2
34512 0
34513 2
34514 2
34515 1
34516 3
34517 5
34518 2
34519 0
34520 2
34521 4
34522 2
34523 0
34524 4
34525 2
34526 4
34527 4
34528 1
34529 3
34530 2
34531 1
34532 2
34533 5
34534 5
34535 1
34536 2
34537 1
34538 2
34539 4
34540 6
34541 2
34542 2
34543 2
34544 1
34545 2
34546 3
34547 2
34548 1
34549 2
34550 0
34551 4
34552 2
34553 2
34554 4
34555 0
34556 4
34557 2
34558 1
34559 1
34560 4
34561 0
34562 1
34563 2
34564 2
34565 4
34566 1
34567 4
34568 0
34569 0
34570 2
34571 3
34572 3
34573 2
34574 0
34575 0
34576 2
34577 1
34578 1
34579 0
34580 3
34581 3
34582 1
34583 3
34584 2
34585 1
34586 1
34587 0
34588 1
34589 1
34590 1
34591 1
34592 2
34593 4
34594 1
34595 3
34596 4
34597 0
34598 2
34599 0
34600 3
34601 2
34602 1
34603 5
34604 1
34605 2
34606 1
34607 2
34608 2
34609 0
34610 5
34611 1
34612 2
34613 2
34614 4
34615 1
34616 2
34617 0
34618 0
34619 5
34620 2
34621 3
34622 1
34623 2
34624 0
34625 3
34626 4
34627 4
34628 2
34629 0
34630 1
34631 2
34632 5
34633 3
34634 3
34635 5
34636 1
34637 0
34638 4
34639 2
34640 1
34641 0
34642 1
34643 4
34644 4
34645 4
34646 2
34647 0
34648 3
34649 0
34650 3
34651 3
34652 0
34653 2
34654 5
34655 1
34656 1
34657 4
34658 0
34659 3
34660 3
34661 1
34662 0
34663 0
34664 0
34665 1
34666 2
34667 0
34668 0
34669 2
34670 0
34671 2
34672 0
34673 3
34674 0
34675 1
34676 1
34677 1
34678 0
34679 1
34680 3
34681 4
34682 2
34683 3
34684 1
34685 0
34686 2
34687 3
34688 2
34689 0
34690 0
34691 2
34692 2
34693 2
34694 4
34695 3
34696 1
34697 3
34698 2
34699 3
34700 3
34701 1
34702 0
34703 1
34704 1
34705 5
34706 4
34707 3
34708 3
34709 4
34710 2
34711 3
34712 2
34713 3
34714 4
34715 3
34716 1
34717 0
34718 2
34719 3
34720 0
34721 2
34722 5
34723 3
34724 0
34725 2
34726 0
34727 6
34728 1
34729 2
34730 5
34731 2
34732 3
34733 1
34734 4
34735 0
34736 0
34737 0
34738 1
34739 0
34740 5
34741 0
34742 1
34743 5
34744 3
34745 3
34746 2
34747 0
34748 1
34749 1
34750 1
34751 0
34752 1
34753 0
34754 0
34755 3
34756 1
34757 3
34758 3
34759 1
34760 1
34761 2
34762 4
34763 1
34764 1
34765 1
34766 2
34767 1
34768 2
34769 0
34770 3
34771 3
34772 2
34773 2
34774 1
34775 2
34776 2
34777 4
34778 0
34779 1
34780 3
34781 1
34782 2
34783 1
34784 2
34785 5
34786 0
34787 0
34788 2
34789 3
34790 4
34791 4
34792 2
34793 3
34794 0
34795 0
34796 1
34797 3
34798 3
34799 1
34800 2
34801 1
34802 3
34803 3
34804 2
34805 0
34806 3
34807 0
34808 0
34809 2
34810 1
34811 3
34812 2
34813 4
34814 2
34815 0
34816 1
34817 2
34818 0
34819 1
34820 1
34821 2
34822 2
34823 0
34824 4
34825 4
34826 4
34827 0
34828 1
34829 4
34830 3
34831 3
34832 2
34833 1
34834 3
34835 5
34836 0
34837 0
34838 0
34839 1
34840 2
34841 0
34842 2
34843 1
34844 1
34845 2
34846 2
34847 0
34848 2
34849 0
34850 2
34851 6
34852 1
34853 3
34854 1
34855 3
34856 3
34857 1
34858 4
34859 1
34860 3
34861 2
34862 1
34863 1
34864 0
34865 0
34866 0
34867 3
34868 1
34869 2
34870 1
34871 2
34872 2
34873 2
34874 1
34875 0
34876 5
34877 3
34878 6
34879 2
34880 3
34881 2
34882 1
34883 1
34884 3
34885 3
34886 2
34887 3
34888 2
34889 5
34890 4
34891 4
34892 0
34893 0
34894 2
34895 2
34896 3
34897 3
34898 4
34899 3
34900 0
34901 2
34902 2
34903 1
34904 1
34905 1
34906 3
34907 5
34908 2
34909 2
34910 0
34911 4
34912 4
34913 3
34914 1
34915 2
34916 5
34917 3
34918 1
34919 3
34920 2
34921 0
34922 2
34923 3
34924 2
34925 1
34926 3
34927 2
34928 0
34929 2
34930 3
34931 4
34932 4
34933 3
34934 2
34935 3
34936 0
34937 0
34938 3
34939 4
34940 3
34941 3
34942 2
34943 4
34944 3
34945 0
34946 6
34947 3
34948 1
34949 4
34950 5
34951 2
34952 3
34953 1
34954 1
34955 4
34956 2
34957 3
34958 3
34959 1
34960 2
34961 2
34962 3
34963 2
34964 3
34965 0
34966 0
34967 2
34968 4
34969 0
34970 3
34971 1
34972 2
34973 4
34974 2
34975 6
34976 0
34977 5
34978 3
34979 4
34980 3
34981 2
34982 3
34983 2
34984 2
34985 3
34986 0
34987 0
34988 3
34989 2
34990 0
34991 3
34992 2
34993 0
34994 5
34995 0
34996 2
34997 3
34998 0
34999 4
35000 4
35001 0
35002 3
35003 0
35004 1
35005 3
35006 2
35007 4
35008 3
35009 2
35010 1
35011 4
35012 4
35013 5
35014 1
35015 3
35016 0
35017 4
35018 4
35019 2
35020 1
35021 0
35022 0
35023 3
35024 0
35025 0
35026 2
35027 0
35028 0
35029 0
35030 3
35031 3
35032 2
35033 4
35034 2
35035 0
35036 5
35037 1
35038 1
35039 3
35040 0
35041 5
35042 2
35043 3
35044 2
35045 4
35046 1
35047 5
35048 1
35049 0
35050 3
35051 4
35052 5
35053 2
35054 1
35055 4
35056 0
35057 1
35058 5
35059 4
35060 2
35061 3
35062 2
35063 3
35064 0
35065 2
35066 0
35067 1
35068 0
35069 1
35070 2
35071 1
35072 1
35073 0
35074 4
35075 4
35076 1
35077 2
35078 2
35079 2
35080 3
35081 4
35082 3
35083 1
35084 3
35085 3
35086 0
35087 0
35088 0
35089 3
35090 2
35091 3
35092 0
35093 2
35094 3
35095 5
35096 2
35097 0
35098 0
35099 0
35100 4
35101 1
35102 3
35103 3
35104 3
35105 0
35106 1
35107 2
35108 2
35109 3
35110 0
35111 1
35112 1
35113 2
35114 1
35115 3
35116 2
35117 5
35118 4
35119 2
35120 2
35121 4
35122 1
35123 0
35124 3
35125 3
35126 2
35127 4
35128 0
35129 5
35130 5
35131 3
35132 5
35133 0
35134 0
35135 0
35136 2
35137 4
35138 3
35139 3
35140 2
35141 4
35142 3
35143 4
35144 3
35145 1
35146 5
35147 2
35148 1
35149 3
35150 0
35151 0
35152 3
35153 2
35154 1
35155 0
35156 1
35157 4
35158 5
35159 3
35160 2
35161 1
35162 4
35163 1
35164 1
35165 0
35166 0
35167 1
35168 3
35169 0
35170 5
35171 0
35172 1
35173 1
35174 0
35175 3
35176 1
35177 3
35178 2
35179 3
35180 4
35181 2
35182 5
35183 0
35184 0
35185 1
35186 3
35187 3
35188 2
35189 1
35190 4
35191 1
35192 3
35193 2
35194 2
35195 4
35196 0
35197 0
35198 3
35199 0
35200 3
35201 0
35202 2
35203 3
35204 3
35205 1
35206 2
35207 1
35208 1
35209 2
35210 1
35211 2
35212 4
35213 3
35214 0
35215 2
35216 0
35217 2
35218 3
35219 4
35220 2
35221 2
35222 0
35223 1
35224 1
35225 1
35226 4
35227 2
35228 2
35229 1
35230 1
35231 0
35232 1
35233 2
35234 3
35235 1
35236 3
35237 4
35238 0
35239 3
35240 3
35241 1
35242 4
35243 5
35244 0
35245 0
35246 0
35247 1
35248 1
35249 1
35250 5
35251 3
35252 3
35253 0
35254 2
35255 2
35256 1
35257 4
35258 3
35259 0
35260 1
35261 3
35262 0
35263 0
35264 4
35265 2
35266 2
35267 3
35268 1
35269 0
35270 4
35271 0
35272 1
35273 4
35274 4
35275 1
35276 2
35277 0
35278 3
35279 2
35280 1
35281 1
35282 4
35283 5
35284 2
35285 2
35286 2
35287 4
35288 1
35289 1
35290 0
35291 1
35292 2
35293 1
35294 4
35295 0
35296 3
35297 3
35298 2
35299 4
35300 3
35301 4
35302 0
35303 1
35304 1
35305 1
35306 3
35307 0
35308 5
35309 1
35310 1
35311 6
35312 5
35313 2
35314 0
35315 3
35316 1
35317 3
35318 4
35319 1
35320 0
35321 5
35322 4
35323 2
35324 3
35325 1
35326 3
35327 3
35328 4
35329 4
35330 0
35331 1
35332 3
35333 0
35334 3
35335 1
35336 3
35337 4
35338 4
35339 2
35340 0
35341 3
35342 2
35343 3
35344 2
35345 4
35346 0
35347 4
35348 4
35349 0
35350 4
35351 1
35352 2
35353 4
35354 2
35355 3
35356 3
35357 0
35358 0
35359 4
35360 5
35361 3
35362 2
35363 2
35364 3
35365 2
35366 2
35367 1
35368 1
35369 2
35370 5
35371 0
35372 3
35373 0
35374 1
35375 5
35376 1
35377 4
35378 2
35379 4
35380 3
35381 1
35382 0
35383 5
35384 2
35385 0
35386 2
35387 3
35388 0
35389 1
35390 2
35391 1
35392 1
35393 0
35394 2
35395 5
35396 2
35397 3
35398 3
35399 3
35400 1
35401 2
35402 3
35403 1
35404 2
35405 1
35406 5
35407 0
35408 3
35409 2
35410 0
35411 0
35412 1
35413 0
35414 4
35415 4
35416 0
35417 4
35418 1
35419 2
35420 4
35421 2
35422 1
35423 2
35424 0
35425 2
35426 4
35427 2
35428 1
35429 0
35430 2
35431 1
35432 3
35433 3
35434 0
35435 2
35436 0
35437 5
35438 0
35439 2
35440 4
35441 0
35442 4
35443 5
35444 0
35445 0
35446 2
35447 1
35448 3
35449 0
35450 0
35451 2
35452 2
35453 5
35454 1
35455 2
35456 5
35457 0
35458 1
35459 5
35460 4
35461 3
35462 0
35463 1
35464 4
35465 4
35466 4
35467 3
35468 0
35469 5
35470 2
35471 5
35472 3
35473 3
35474 3
35475 3
35476 1
35477 1
35478 1
35479 3
35480 0
35481 2
35482 1
35483 0
35484 0
35485 1
35486 0
35487 4
35488 0
35489 0
35490 2
35491 0
35492 2
35493 3
35494 2
35495 5
35496 2
35497 3
35498 1
35499 2
35500 4
35501 2
35502 3
35503 2
35504 3
35505 1
35506 4
35507 3
35508 1
35509 3
35510 1
35511 2
35512 4
35513 1
35514 3
35515 2
35516 0
35517 2
35518 4
35519 2
35520 3
35521 0
35522 2
35523 2
35524 1
35525 3
35526 0
35527 1
35528 5
35529 0
35530 3
35531 4
35532 2
35533 0
35534 2
35535 0
35536 0
35537 0
35538 2
35539 2
35540 0
35541 1
35542 1
35543 4
35544 1
35545 3
35546 4
35547 0
35548 0
35549 1
35550 2
35551 1
35552 1
35553 2
35554 1
35555 4
35556 4
35557 4
35558 2
35559 1
35560 2
35561 5
35562 4
35563 3
35564 0
35565 3
35566 4
35567 0
35568 2
35569 1
35570 3
35571 5
35572 1
35573 2
35574 2
35575 1
35576 0
35577 0
35578 1
35579 2
35580 3
35581 1
35582 2
35583 1
35584 2
35585 2
35586 1
35587 1
35588 2
35589 0
35590 4
35591 1
35592 2
35593 4
35594 2
35595 3
35596 4
35597 3
35598 4
35599 3
35600 4
35601 4
35602 0
35603 5
35604 0
35605 2
35606 5
35607 1
35608 2
35609 0
35610 5
35611 1
35612 4
35613 2
35614 3
35615 3
35616 3
35617 0
35618 2
35619 4
35620 2
35621 0
35622 0
35623 0
35624 0
35625 3
35626 2
35627 3
35628 2
35629 0
35630 3
35631 0
35632 1
35633 4
35634 0
35635 3
35636 0
35637 2
35638 0
35639 3
35640 2
35641 5
35642 1
35643 3
35644 2
35645 1
35646 3
35647 4
35648 4
35649 3
35650 2
35651 4
35652 1
35653 1
35654 0
35655 1
35656 2
35657 5
35658 2
35659 2
35660 0
35661 3
35662 0
35663 3
35664 1
35665 3
35666 2
35667 5
35668 0
35669 0
35670 4
35671 0
35672 1
35673 2
35674 2
35675 3
35676 3
35677 0
35678 0
35679 4
35680 4
35681 0
35682 2
35683 2
35684 1
35685 3
35686 1
35687 0
35688 0
35689 1
35690 4
35691 3
35692 1
35693 0
35694 4
35695 3
35696 1
35697 2
35698 4
35699 0
35700 1
35701 1
35702 2
35703 3
35704 1
35705 0
35706 2
35707 1
35708 0
35709 0
35710 2
35711 0
35712 0
35713 4
35714 0
35715 0
35716 1
35717 5
35718 3
35719 3
35720 3
35721 2
35722 3
35723 0
35724 4
35725 4
35726 0
35727 1
35728 3
35729 2
35730 4
35731 4
35732 2
35733 4
35734 1
35735 0
35736 1
35737 0
35738 2
35739 1
35740 5
35741 0
35742 1
35743 2
35744 3
35745 4
35746 0
35747 4
35748 1
35749 2
35750 2
35751 3
35752 0
35753 3
35754 1
35755 3
35756 4
35757 3
35758 4
35759 2
35760 1
35761 3
35762 3
35763 2
35764 0
35765 0
35766 2
35767 0
35768 2
35769 1
35770 2
35771 4
35772 4
35773 3
35774 4
35775 4
35776 1
35777 2
35778 4
35779 0
35780 3
35781 4
35782 3
35783 4
35784 0
35785 3
35786 3
35787 4
35788 0
35789 3
35790 1
35791 4
35792 2
35793 4
35794 5
35795 3
35796 0
35797 0
35798 3
35799 2
35800 1
35801 4
35802 3
35803 3
35804 3
35805 0
35806 1
35807 1
35808 4
35809 2
35810 0
35811 1
35812 2
35813 0
35814 4
35815 2
35816 2
35817 4
35818 0
35819 4
35820 0
35821 4
35822 3
35823 5
35824 4
35825 4
35826 4
35827 1
35828 2
35829 3
35830 1
35831 3
35832 4
35833 0
35834 5
35835 0
35836 4
35837 5
35838 1
35839 3
35840 3
35841 3
35842 0
35843 5
35844 0
35845 4
35846 3
35847 1
35848 4
35849 3
35850 4
35851 1
35852 1
35853 5
35854 1
35855 2
35856 6
35857 2
35858 1
35859 3
35860 2
35861 2
35862 3
35863 2
35864 5
35865 2
35866 4
35867 3
35868 3
35869 5
35870 2
35871 2
35872 5
35873 2
35874 5
35875 2
35876 2
35877 3
35878 2
35879 3
35880 2
35881 2
35882 3
35883 2
35884 2
35885 0
35886 1
35887 3
35888 4
35889 2
35890 2
35891 3
35892 5
35893 3
35894 4
35895 1
35896 1
35897 0
35898 4
35899 4
35900 1
35901 0
35902 4
35903 4
35904 2
35905 3
35906 4
35907 4
35908 4
35909 1
35910 1
35911 1
35912 5
35913 0
35914 2
35915 1
35916 2
35917 2
35918 4
35919 2
35920 3
35921 4
35922 1
35923 4
35924 2
35925 4
35926 1
35927 1
35928 1
35929 4
35930 0
35931 0
35932 3
35933 0
35934 1
35935 2
35936 4
35937 1
35938 2
35939 0
35940 5
35941 3
35942 4
35943 0
35944 3
35945 1
35946 1
35947 1
35948 3
35949 0
35950 0
35951 2
35952 1
35953 2
35954 5
35955 2
35956 3
35957 4
35958 1
35959 2
35960 2
35961 3
35962 3
35963 4
35964 1
35965 1
35966 2
35967 4
35968 5
35969 3
35970 1
35971 1
35972 1
35973 2
35974 4
35975 0
35976 0
35977 2
35978 0
35979 2
35980 0
35981 1
35982 3
35983 0
35984 1
35985 0
35986 0
35987 3
35988 0
35989 0
35990 3
35991 0
35992 1
35993 2
35994 0
35995 2
35996 5
35997 0
35998 1
35999 2
36000 1
36001 1
36002 3
36003 3
36004 4
36005 2
36006 1
36007 3
36008 4
36009 2
36010 2
36011 2
36012 4
36013 1
36014 1
36015 3
36016 2
36017 1
36018 1
36019 4
36020 4
36021 0
36022 3
36023 1
36024 1
36025 2
36026 4
36027 4
36028 0
36029 2
36030 4
36031 3
36032 4
36033 1
36034 3
36035 1
36036 4
36037 0
36038 2
36039 3
36040 1
36041 1
36042 2
36043 0
36044 4
36045 1
36046 1
36047 3
36048 4
36049 4
36050 5
36051 1
36052 4
36053 5
36054 2
36055 2
36056 1
36057 5
36058 1
36059 5
36060 3
36061 4
36062 4
36063 3
36064 3
36065 1
36066 5
36067 1
36068 3
36069 3
36070 0
36071 3
36072 0
36073 4
36074 3
36075 4
36076 4
36077 3
36078 3
36079 1
36080 2
36081 3
36082 0
36083 0
36084 4
36085 1
36086 5
36087 2
36088 1
36089 1
36090 3
36091 1
36092 2
36093 0
36094 2
36095 1
36096 5
36097 1
36098 5
36099 3
36100 3
36101 1
36102 1
36103 1
36104 1
36105 3
36106 1
36107 0
36108 0
36109 0
36110 0
36111 6
36112 0
36113 2
36114 4
36115 0
36116 0
36117 3
36118 3
36119 3
36120 1
36121 0
36122 2
36123 1
36124 1
36125 1
36126 4
36127 0
36128 0
36129 2
36130 1
36131 4
36132 3
36133 1
36134 4
36135 3
36136 5
36137 3
36138 2
36139 2
36140 3
36141 3
36142 4
36143 1
36144 3
36145 3
36146 0
36147 2
36148 2
36149 3
36150 2
36151 4
36152 1
36153 0
36154 0
36155 0
36156 1
36157 2
36158 2
36159 4
36160 1
36161 0
36162 3
36163 1
36164 4
36165 0
36166 1
36167 3
36168 0
36169 3
36170 0
36171 0
36172 0
36173 3
36174 4
36175 2
36176 0
36177 3
36178 3
36179 3
36180 0
36181 1
36182 2
36183 0
36184 4
36185 3
36186 1
36187 5
36188 0
36189 1
36190 3
36191 1
36192 3
36193 5
36194 4
36195 1
36196 2
36197 3
36198 2
36199 3
36200 2
36201 5
36202 0
36203 0
36204 2
36205 2
36206 2
36207 1
36208 1
36209 4
36210 1
36211 4
36212 0
36213 1
36214 1
36215 1
36216 2
36217 0
36218 0
36219 1
36220 2
36221 0
36222 2
36223 3
36224 0
36225 3
36226 2
36227 4
36228 0
36229 3
36230 3
36231 0
36232 1
36233 0
36234 4
36235 0
36236 3
36237 0
36238 2
36239 1
36240 4
36241 3
36242 1
36243 2
36244 4
36245 4
36246 4
36247 2
36248 2
36249 3
36250 2
36251 3
36252 1
36253 0
36254 4
36255 1
36256 1
36257 1
36258 1
36259 4
36260 2
36261 4
36262 0
36263 0
36264 3
36265 1
36266 3
36267 0
36268 0
36269 0
36270 2
36271 1
36272 4
36273 3
36274 2
36275 3
36276 1
36277 2
36278 2
36279 2
36280 3
36281 2
36282 4
36283 1
36284 4
36285 2
36286 5
36287 0
36288 1
36289 3
36290 3
36291 3
36292 0
36293 4
36294 3
36295 5
36296 2
36297 0
36298 5
36299 3
36300 0
36301 4
36302 3
36303 1
36304 3
36305 0
36306 3
36307 0
36308 4
36309 3
36310 2
36311 1
36312 5
36313 3
36314 3
36315 1
36316 1
36317 0
36318 2
36319 0
36320 3
36321 4
36322 0
36323 1
36324 0
36325 3
36326 3
36327 3
36328 3
36329 3
36330 0
36331 3
36332 4
36333 6
36334 3
36335 2
36336 0
36337 0
36338 0
36339 2
36340 2
36341 3
36342 2
36343 5
36344 3
36345 1
36346 2
36347 1
36348 0
36349 1
36350 2
36351 1
36352 4
36353 3
36354 0
36355 4
36356 2
36357 0
36358 1
36359 0
36360 0
36361 3
36362 3
36363 3
36364 0
36365 0
36366 0
36367 4
36368 3
36369 3
36370 4
36371 1
36372 0
36373 4
36374 1
36375 2
36376 2
36377 3
36378 5
36379 4
36380 0
36381 2
36382 5
36383 3
36384 2
36385 0
36386 1
36387 2
36388 2
36389 2
36390 3
36391 2
36392 4
36393 3
36394 3
36395 0
36396 0
36397 4
36398 0
36399 5
36400 1
36401 1
36402 2
36403 4
36404 0
36405 0
36406 3
36407 3
36408 4
36409 3
36410 2
36411 0
36412 2
36413 1
36414 0
36415 2
36416 1
36417 1
36418 4
36419 1
36420 2
36421 1
36422 4
36423 0
36424 1
36425 2
36426 5
36427 3
36428 0
36429 3
36430 3
36431 1
36432 4
36433 0
36434 2
36435 2
36436 4
36437 4
36438 2
36439 0
36440 2
36441 1
36442 2
36443 1
36444 2
36445 3
36446 2
36447 0
36448 2
36449 2
36450 4
36451 2
36452 4
36453 0
36454 3
36455 3
36456 2
36457 2
36458 4
36459 0
36460 2
36461 1
36462 4
36463 2
36464 0
36465 2
36466 2
36467 2
36468 2
36469 5
36470 1
36471 4
36472 4
36473 3
36474 1
36475 1
36476 3
36477 4
36478 1
36479 3
36480 3
36481 4
36482 5
36483 3
36484 5
36485 2
36486 0
36487 4
36488 0
36489 1
36490 4
36491 3
36492 3
36493 3
36494 4
36495 3
36496 0
36497 2
36498 4
36499 2
36500 0
36501 2
36502 3
36503 4
36504 0
36505 0
36506 3
36507 0
36508 1
36509 0
36510 1
36511 1
36512 1
36513 3
36514 1
36515 0
36516 2
36517 3
36518 3
36519 1
36520 2
36521 3
36522 0
36523 1
36524 4
36525 2
36526 1
36527 1
36528 3
36529 1
36530 0
36531 1
36532 2
36533 0
36534 1
36535 2
36536 3
36537 3
36538 1
36539 2
36540 1
36541 3
36542 4
36543 2
36544 2
36545 4
36546 0
36547 4
36548 0
36549 2
36550 2
36551 4
36552 2
36553 4
36554 0
36555 1
36556 3
36557 1
36558 0
36559 4
36560 0
36561 1
36562 2
36563 2
36564 3
36565 1
36566 1
36567 2
36568 4
36569 0
36570 4
36571 3
36572 5
36573 2
36574 4
36575 1
36576 2
36577 0
36578 0
36579 2
36580 3
36581 3
36582 4
36583 1
36584 3
36585 3
36586 0
36587 3
36588 4
36589 1
36590 0
36591 1
36592 4
36593 1
36594 1
36595 1
36596 5
36597 3
36598 3
36599 4
36600 1
36601 4
36602 1
36603 1
36604 2
36605 0
36606 0
36607 3
36608 1
36609 5
36610 1
36611 2
36612 0
36613 4
36614 2
36615 0
36616 1
36617 3
36618 3
36619 2
36620 3
36621 2
36622 2
36623 0
36624 3
36625 1
36626 3
36627 0
36628 1
36629 2
36630 2
36631 2
36632 3
36633 2
36634 4
36635 2
36636 0
36637 0
36638 0
36639 1
36640 4
36641 0
36642 5
36643 5
36644 4
36645 2
36646 0
36647 4
36648 3
36649 4
36650 1
36651 0
36652 0
36653 0
36654 2
36655 1
36656 2
36657 1
36658 4
36659 1
36660 4
36661 0
36662 2
36663 1
36664 1
36665 5
36666 2
36667 0
36668 3
36669 4
36670 4
36671 3
36672 1
36673 0
36674 1
36675 2
36676 0
36677 2
36678 4
36679 3
36680 5
36681 1
36682 0
36683 4
36684 3
36685 3
36686 3
36687 3
36688 1
36689 1
36690 4
36691 0
36692 2
36693 2
36694 0
36695 5
36696 4
36697 2
36698 2
36699 1
36700 1
36701 1
36702 3
36703 0
36704 2
36705 4
36706 2
36707 3
36708 3
36709 0
36710 4
36711 1
36712 2
36713 1
36714 0
36715 2
36716 2
36717 4
36718 1
36719 4
36720 0
36721 0
36722 3
36723 2
36724 3
36725 2
36726 1
36727 2
36728 2
36729 1
36730 2
36731 3
36732 0
36733 0
36734 4
36735 3
36736 1
36737 2
36738 1
36739 2
36740 4
36741 0
36742 5
36743 2
36744 2
36745 0
36746 3
36747 2
36748 4
36749 3
36750 1
36751 2
36752 2
36753 2
36754 2
36755 5
36756 5
36757 2
36758 3
36759 3
36760 1
36761 3
36762 2
36763 1
36764 4
36765 2
36766 5
36767 0
36768 4
36769 3
36770 5
36771 1
36772 2
36773 3
36774 5
36775 0
36776 3
36777 3
36778 3
36779 1
36780 1
36781 2
36782 1
36783 0
36784 3
36785 2
36786 0
36787 4
36788 2
36789 1
36790 0
36791 3
36792 4
36793 3
36794 2
36795 0
36796 0
36797 3
36798 0
36799 0
36800 3
36801 2
36802 2
36803 3
36804 3
36805 0
36806 1
36807 1
36808 0
36809 5
36810 1
36811 2
36812 3
36813 2
36814 0
36815 0
36816 4
36817 1
36818 5
36819 2
36820 0
36821 0
36822 0
36823 4
36824 3
36825 2
36826 4
36827 1
36828 2
36829 0
36830 1
36831 1
36832 3
36833 2
36834 2
36835 0
36836 2
36837 2
36838 0
36839 4
36840 1
36841 1
36842 1
36843 3
36844 2
36845 2
36846 1
36847 3
36848 4
36849 3
36850 1
36851 3
36852 1
36853 3
36854 1
36855 0
36856 0
36857 1
36858 0
36859 4
36860 5
36861 1
36862 1
36863 4
36864 3
36865 3
36866 0
36867 3
36868 0
36869 2
36870 3
36871 1
36872 0
36873 4
36874 4
36875 2
36876 0
36877 2
36878 4
36879 0
36880 1
36881 3
36882 3
36883 0
36884 2
36885 6
36886 2
36887 0
36888 0
36889 3
36890 4
36891 4
36892 4
36893 3
36894 0
36895 0
36896 0
36897 3
36898 0
36899 1
36900 1
36901 3
36902 1
36903 2
36904 1
36905 2
36906 4
36907 2
36908 3
36909 4
36910 2
36911 5
36912 1
36913 3
36914 1
36915 0
36916 1
36917 3
36918 1
36919 1
36920 2
36921 4
36922 1
36923 0
36924 1
36925 1
36926 3
36927 2
36928 5
36929 0
36930 3
36931 2
36932 3
36933 1
36934 0
36935 4
36936 0
36937 1
36938 3
36939 1
36940 1
36941 0
36942 5
36943 2
36944 3
36945 3
36946 3
36947 4
36948 4
36949 1
36950 1
36951 2
36952 2
36953 0
36954 0
36955 0
36956 4
36957 3
36958 2
36959 5
36960 0
36961 3
36962 2
36963 5
36964 0
36965 2
36966 4
36967 3
36968 1
36969 2
36970 5
36971 2
36972 4
36973 5
36974 1
36975 3
36976 0
36977 0
36978 2
36979 4
36980 1
36981 0
36982 1
36983 0
36984 1
36985 2
36986 0
36987 1
36988 4
36989 4
36990 2
36991 1
36992 4
36993 1
36994 2
36995 3
36996 4
36997 0
36998 3
36999 1
37000 4
37001 4
37002 5
37003 3
37004 2
37005 0
37006 0
37007 3
37008 2
37009 0
37010 2
37011 4
37012 1
37013 3
37014 4
37015 0
37016 0
37017 5
37018 4
37019 3
37020 1
37021 4
37022 3
37023 0
37024 1
37025 5
37026 3
37027 1
37028 3
37029 1
37030 2
37031 1
37032 1
37033 3
37034 5
37035 3
37036 3
37037 4
37038 4
37039 4
37040 0
37041 2
37042 6
37043 1
37044 0
37045 1
37046 3
37047 3
37048 1
37049 5
37050 0
37051 0
37052 0
37053 5
37054 1
37055 0
37056 1
37057 0
37058 2
37059 1
37060 0
37061 3
37062 3
37063 5
37064 2
37065 1
37066 5
37067 1
37068 3
37069 3
37070 4
37071 2
37072 0
37073 1
37074 3
37075 0
37076 1
37077 1
37078 3
37079 3
37080 2
37081 2
37082 2
37083 2
37084 4
37085 5
37086 0
37087 0
37088 3
37089 1
37090 3
37091 0
37092 0
37093 0
37094 0
37095 5
37096 3
37097 2
37098 4
37099 4
37100 1
37101 4
37102 2
37103 2
37104 4
37105 0
37106 5
37107 1
37108 5
37109 1
37110 2
37111 0
37112 3
37113 5
37114 4
37115 1
37116 1
37117 0
37118 0
37119 2
37120 5
37121 1
37122 0
37123 3
37124 0
37125 0
37126 1
37127 3
37128 4
37129 3
37130 1
37131 2
37132 3
37133 1
37134 0
37135 2
37136 3
37137 2
37138 0
37139 1
37140 3
37141 4
37142 3
37143 0
37144 4
37145 2
37146 3
37147 3
37148 3
37149 1
37150 0
37151 3
37152 0
37153 2
37154 0
37155 4
37156 3
37157 4
37158 0
37159 2
37160 5
37161 5
37162 0
37163 2
37164 1
37165 0
37166 3
37167 4
37168 4
37169 1
37170 2
37171 1
37172 1
37173 0
37174 3
37175 1
37176 4
37177 1
37178 2
37179 3
37180 1
37181 3
37182 3
37183 1
37184 1
37185 5
37186 1
37187 5
37188 4
37189 0
37190 3
37191 2
37192 3
37193 4
37194 3
37195 4
37196 2
37197 0
37198 1
37199 1
37200 4
37201 2
37202 1
37203 2
37204 5
37205 3
37206 1
37207 3
37208 3
37209 2
37210 2
37211 1
37212 0
37213 5
37214 3
37215 3
37216 0
37217 1
37218 0
37219 1
37220 4
37221 3
37222 3
37223 1
37224 2
37225 1
37226 5
37227 5
37228 4
37229 3
37230 1
37231 1
37232 4
37233 2
37234 3
37235 4
37236 3
37237 5
37238 4
37239 4
37240 2
37241 4
37242 1
37243 5
37244 4
37245 4
37246 0
37247 2
37248 1
37249 4
37250 0
37251 4
37252 0
37253 4
37254 2
37255 3
37256 0
37257 1
37258 0
37259 3
37260 1
37261 1
37262 4
37263 3
37264 1
37265 2
37266 3
37267 1
37268 1
37269 1
37270 1
37271 4
37272 3
37273 3
37274 4
37275 2
37276 1
37277 3
37278 0
37279 3
37280 3
37281 1
37282 0
37283 3
37284 2
37285 4
37286 2
37287 3
37288 1
37289 3
37290 3
37291 0
37292 3
37293 2
37294 1
37295 4
37296 1
37297 4
37298 3
37299 0
37300 1
37301 3
37302 3
37303 0
37304 2
37305 3
37306 2
37307 1
37308 0
37309 0
37310 1
37311 4
37312 1
37313 0
37314 2
37315 4
37316 0
37317 4
37318 3
37319 0
37320 5
37321 4
37322 5
37323 0
37324 1
37325 3
37326 3
37327 0
37328 4
37329 5
37330 1
37331 5
37332 1
37333 4
37334 1
37335 0
37336 3
37337 2
37338 1
37339 1
37340 1
37341 1
37342 4
37343 3
37344 0
37345 3
37346 1
37347 2
37348 3
37349 5
37350 5
37351 4
37352 1
37353 0
37354 0
37355 0
37356 0
37357 0
37358 1
37359 4
37360 0
37361 3
37362 3
37363 1
37364 2
37365 4
37366 0
37367 2
37368 1
37369 4
37370 1
37371 1
37372 4
37373 3
37374 3
37375 3
37376 2
37377 0
37378 2
37379 3
37380 4
37381 2
37382 1
37383 3
37384 4
37385 5
37386 2
37387 2
37388 2
37389 0
37390 2
37391 0
37392 0
37393 0
37394 4
37395 1
37396 0
37397 3
37398 1
37399 2
37400 4
37401 2
37402 2
37403 3
37404 4
37405 0
37406 3
37407 4
37408 4
37409 3
37410 2
37411 1
37412 0
37413 4
37414 0
37415 1
37416 3
37417 1
37418 4
37419 3
37420 3
37421 1
37422 4
37423 1
37424 3
37425 1
37426 2
37427 3
37428 2
37429 0
37430 1
37431 0
37432 4
37433 1
37434 2
37435 2
37436 3
37437 0
37438 3
37439 3
37440 3
37441 3
37442 1
37443 0
37444 2
37445 0
37446 5
37447 4
37448 1
37449 0
37450 1
37451 5
37452 4
37453 1
37454 1
37455 1
37456 4
37457 3
37458 4
37459 2
37460 0
37461 5
37462 3
37463 2
37464 3
37465 4
37466 0
37467 1
37468 4
37469 2
37470 0
37471 6
37472 3
37473 1
37474 1
37475 2
37476 0
37477 0
37478 1
37479 3
37480 3
37481 1
37482 1
37483 3
37484 0
37485 0
37486 1
37487 3
37488 3
37489 3
37490 0
37491 1
37492 0
37493 2
37494 0
37495 4
37496 0
37497 1
37498 3
37499 4
37500 2
37501 2
37502 3
37503 1
37504 1
37505 4
37506 1
37507 0
37508 0
37509 1
37510 3
37511 3
37512 0
37513 0
37514 3
37515 0
37516 4
37517 1
37518 0
37519 2
37520 3
37521 5
37522 0
37523 3
37524 2
37525 1
37526 2
37527 3
37528 1
37529 5
37530 3
37531 0
37532 4
37533 2
37534 6
37535 4
37536 5
37537 0
37538 2
37539 1
37540 0
37541 0
37542 2
37543 1
37544 0
37545 3
37546 0
37547 1
37548 0
37549 3
37550 4
37551 1
37552 3
37553 4
37554 4
37555 2
37556 2
37557 0
37558 5
37559 4
37560 3
37561 1
37562 3
37563 0
37564 2
37565 2
37566 2
37567 2
37568 2
37569 1
37570 1
37571 1
37572 2
37573 0
37574 0
37575 4
37576 0
37577 0
37578 2
37579 3
37580 2
37581 2
37582 4
37583 3
37584 3
37585 0
37586 2
37587 0
37588 2
37589 1
37590 4
37591 5
37592 3
37593 5
37594 0
37595 0
37596 0
37597 1
37598 1
37599 5
37600 4
37601 3
37602 4
37603 4
37604 2
37605 1
37606 1
37607 0
37608 3
37609 0
37610 0
37611 6
37612 4
37613 2
37614 4
37615 1
37616 1
37617 0
37618 1
37619 1
37620 1
37621 1
37622 2
37623 4
37624 1
37625 4
37626 3
37627 3
37628 2
37629 2
37630 3
37631 3
37632 2
37633 4
37634 5
37635 2
37636 4
37637 2
37638 2
37639 5
37640 1
37641 4
37642 4
37643 0
37644 3
37645 5
37646 2
37647 4
37648 0
37649 1
37650 4
37651 2
37652 1
37653 1
37654 2
37655 4
37656 2
37657 3
37658 4
37659 2
37660 3
37661 5
37662 0
37663 2
37664 5
37665 4
37666 2
37667 3
37668 0
37669 1
37670 4
37671 1
37672 4
37673 5
37674 4
37675 0
37676 0
37677 1
37678 1
37679 4
37680 4
37681 3
37682 2
37683 3
37684 0
37685 3
37686 0
37687 4
37688 3
37689 3
37690 2
37691 2
37692 3
37693 0
37694 2
37695 1
37696 3
37697 2
37698 2
37699 4
37700 0
37701 3
37702 0
37703 4
37704 1
37705 0
37706 2
37707 2
37708 1
37709 2
37710 1
37711 4
37712 0
37713 3
37714 3
37715 0
37716 2
37717 2
37718 3
37719 2
37720 4
37721 0
37722 4
37723 4
37724 0
37725 2
37726 2
37727 3
37728 3
37729 3
37730 6
37731 4
37732 0
37733 4
37734 3
37735 3
37736 2
37737 1
37738 2
37739 1
37740 1
37741 2
37742 5
37743 0
37744 0
37745 2
37746 2
37747 1
37748 3
37749 3
37750 3
37751 1
37752 4
37753 0
37754 2
37755 0
37756 3
37757 3
37758 3
37759 4
37760 1
37761 2
37762 0
37763 2
37764 4
37765 3
37766 4
37767 1
37768 3
37769 1
37770 3
37771 0
37772 3
37773 0
37774 3
37775 4
37776 3
37777 1
37778 0
37779 3
37780 2
37781 4
37782 0
37783 0
37784 3
37785 3
37786 4
37787 2
37788 2
37789 3
37790 2
37791 4
37792 0
37793 4
37794 2
37795 5
37796 1
37797 1
37798 3
37799 2
37800 4
37801 0
37802 1
37803 2
37804 0
37805 1
37806 2
37807 0
37808 3
37809 0
37810 3
37811 1
37812 1
37813 4
37814 0
37815 0
37816 5
37817 0
37818 1
37819 0
37820 2
37821 0
37822 3
37823 0
37824 1
37825 2
37826 0
37827 1
37828 4
37829 2
37830 0
37831 5
37832 1
37833 0
37834 2
37835 3
37836 3
37837 2
37838 0
37839 2
37840 0
37841 5
37842 4
37843 2
37844 4
37845 3
37846 3
37847 5
37848 4
37849 3
37850 0
37851 1
37852 2
37853 1
37854 1
37855 3
37856 0
37857 0
37858 4
37859 4
37860 0
37861 3
37862 0
37863 3
37864 4
37865 2
37866 3
37867 6
37868 2
37869 0
37870 3
37871 3
37872 4
37873 0
37874 0
37875 4
37876 1
37877 0
37878 0
37879 2
37880 0
37881 2
37882 0
37883 2
37884 1
37885 0
37886 2
37887 4
37888 3
37889 3
37890 2
37891 5
37892 3
37893 4
37894 3
37895 0
37896 1
37897 0
37898 4
37899 3
37900 2
37901 4
37902 3
37903 2
37904 2
37905 3
37906 2
37907 0
37908 3
37909 5
37910 4
37911 4
37912 2
37913 2
37914 4
37915 2
37916 1
37917 3
37918 2
37919 1
37920 3
37921 1
37922 4
37923 3
37924 5
37925 4
37926 0
37927 2
37928 3
37929 4
37930 0
37931 0
37932 0
37933 4
37934 1
37935 0
37936 1
37937 1
37938 0
37939 1
37940 0
37941 3
37942 3
37943 3
37944 2
37945 1
37946 3
37947 0
37948 4
37949 2
37950 4
37951 1
37952 1
37953 3
37954 3
37955 2
37956 3
37957 4
37958 3
37959 0
37960 1
37961 3
37962 4
37963 0
37964 4
37965 3
37966 5
37967 4
37968 3
37969 0
37970 1
37971 1
37972 2
37973 5
37974 0
37975 4
37976 0
37977 0
37978 2
37979 4
37980 4
37981 1
37982 2
37983 0
37984 2
37985 3
37986 1
37987 3
37988 2
37989 0
37990 0
37991 2
37992 3
37993 0
37994 3
37995 2
37996 2
37997 1
37998 2
37999 4
38000 4
38001 5
38002 3
38003 0
38004 0
38005 3
38006 3
38007 5
38008 3
38009 1
38010 1
38011 1
38012 5
38013 3
38014 5
38015 0
38016 0
38017 2
38018 1
38019 4
38020 1
38021 4
38022 2
38023 2
38024 4
38025 2
38026 4
38027 0
38028 2
38029 0
38030 4
38031 2
38032 3
38033 1
38034 1
38035 3
38036 4
38037 2
38038 4
38039 3
38040 4
38041 2
38042 3
38043 1
38044 2
38045 1
38046 3
38047 4
38048 1
38049 5
38050 3
38051 4
38052 4
38053 4
38054 3
38055 3
38056 0
38057 5
38058 0
38059 1
38060 4
38061 0
38062 0
38063 2
38064 4
38065 0
38066 3
38067 5
38068 1
38069 0
38070 2
38071 1
38072 3
38073 0
38074 2
38075 3
38076 3
38077 0
38078 0
38079 0
38080 5
38081 2
38082 0
38083 4
38084 3
38085 4
38086 3
38087 5
38088 4
38089 2
38090 0
38091 4
38092 1
38093 4
38094 2
38095 1
38096 2
38097 4
38098 0
38099 1
38100 4
38101 3
38102 4
38103 3
38104 4
38105 5
38106 3
38107 2
38108 0
38109 3
38110 4
38111 5
38112 2
38113 5
38114 1
38115 1
38116 0
38117 1
38118 3
38119 4
38120 4
38121 4
38122 5
38123 2
38124 2
38125 4
38126 0
38127 4
38128 4
38129 0
38130 3
38131 3
38132 0
38133 1
38134 0
38135 4
38136 4
38137 0
38138 4
38139 5
38140 0
38141 2
38142 4
38143 4
38144 1
38145 0
38146 1
38147 1
38148 2
38149 1
38150 2
38151 1
38152 2
38153 3
38154 0
38155 0
38156 0
38157 3
38158 1
38159 3
38160 0
38161 1
38162 0
38163 3
38164 1
38165 3
38166 4
38167 3
38168 3
38169 0
38170 3
38171 2
38172 2
38173 3
38174 1
38175 2
38176 3
38177 4
38178 3
38179 1
38180 0
38181 4
38182 4
38183 0
38184 2
38185 4
38186 4
38187 2
38188 1
38189 1
38190 0
38191 4
38192 4
38193 3
38194 2
38195 0
38196 1
38197 4
38198 5
38199 0
38200 2
38201 1
38202 3
38203 3
38204 3
38205 2
38206 3
38207 1
38208 3
38209 3
38210 0
38211 3
38212 4
38213 1
38214 2
38215 0
38216 5
38217 1
38218 2
38219 1
38220 0
38221 4
38222 2
38223 1
38224 2
38225 4
38226 4
38227 0
38228 2
38229 1
38230 1
38231 4
38232 1
38233 3
38234 2
38235 2
38236 1
38237 0
38238 5
38239 0
38240 4
38241 3
38242 0
38243 3
38244 4
38245 1
38246 3
38247 3
38248 1
38249 3
38250 2
38251 0
38252 3
38253 0
38254 1
38255 1
38256 3
38257 0
38258 4
38259 3
38260 1
38261 2
38262 5
38263 0
38264 4
38265 1
38266 4
38267 3
38268 3
38269 3
38270 2
38271 0
38272 1
38273 2
38274 3
38275 2
38276 2
38277 1
38278 0
38279 4
38280 3
38281 2
38282 5
38283 2
38284 1
38285 4
38286 0
38287 5
38288 0
38289 2
38290 5
38291 3
38292 5
38293 1
38294 4
38295 3
38296 3
38297 3
38298 0
38299 3
38300 0
38301 4
38302 1
38303 2
38304 2
38305 2
38306 4
38307 0
38308 2
38309 2
38310 2
38311 0
38312 2
38313 5
38314 1
38315 2
38316 3
38317 2
38318 3
38319 0
38320 1
38321 2
38322 4
38323 3
38324 3
38325 4
38326 1
38327 3
38328 0
38329 1
38330 1
38331 1
38332 1
38333 3
38334 1
38335 4
38336 3
38337 3
38338 3
38339 4
38340 5
38341 2
38342 2
38343 3
38344 4
38345 2
38346 1
38347 0
38348 2
38349 2
38350 2
38351 2
38352 2
38353 4
38354 4
38355 0
38356 2
38357 5
38358 1
38359 4
38360 4
38361 1
38362 4
38363 4
38364 1
38365 1
38366 2
38367 3
38368 0
38369 1
38370 0
38371 0
38372 2
38373 4
38374 3
38375 2
38376 4
38377 1
38378 2
38379 2
38380 1
38381 0
38382 0
38383 2
38384 1
38385 1
38386 2
38387 3
38388 0
38389 6
38390 1
38391 4
38392 4
38393 1
38394 2
38395 0
38396 0
38397 4
38398 0
38399 1
38400 1
38401 0
38402 2
38403 1
38404 3
38405 2
38406 4
38407 3
38408 2
38409 0
38410 4
38411 2
38412 3
38413 4
38414 1
38415 2
38416 5
38417 2
38418 5
38419 0
38420 1
38421 1
38422 1
38423 0
38424 1
38425 3
38426 4
38427 1
38428 0
38429 2
38430 0
38431 3
38432 1
38433 1
38434 0
38435 0
38436 2
38437 4
38438 1
38439 3
38440 2
38441 1
38442 1
38443 1
38444 4
38445 2
38446 4
38447 0
38448 1
38449 0
38450 4
38451 1
38452 1
38453 3
38454 3
38455 3
38456 5
38457 0
38458 2
38459 1
38460 0
38461 5
38462 4
38463 0
38464 2
38465 3
38466 4
38467 3
38468 4
38469 0
38470 2
38471 1
38472 4
38473 3
38474 0
38475 1
38476 0
38477 3
38478 0
38479 2
38480 3
38481 2
38482 2
38483 3
38484 4
38485 0
38486 1
38487 3
38488 1
38489 3
38490 5
38491 1
38492 3
38493 1
38494 2
38495 3
38496 2
38497 2
38498 2
38499 0
38500 2
38501 0
38502 2
38503 5
38504 3
38505 2
38506 4
38507 3
38508 0
38509 4
38510 0
38511 1
38512 3
38513 3
38514 4
38515 2
38516 0
38517 0
38518 3
38519 1
38520 2
38521 1
38522 1
38523 1
38524 2
38525 3
38526 0
38527 2
38528 3
38529 4
38530 5
38531 5
38532 3
38533 2
38534 0
38535 1
38536 1
38537 1
38538 1
38539 4
38540 3
38541 2
38542 0
38543 2
38544 4
38545 0
38546 1
38547 1
38548 1
38549 4
38550 1
38551 3
38552 2
38553 4
38554 4
38555 0
38556 2
38557 2
38558 0
38559 2
38560 0
38561 1
38562 6
38563 0
38564 4
38565 1
38566 4
38567 3
38568 0
38569 2
38570 0
38571 2
38572 0
38573 2
38574 2
38575 2
38576 4
38577 1
38578 4
38579 0
38580 0
38581 2
38582 1
38583 2
38584 3
38585 0
38586 1
38587 0
38588 4
38589 0
38590 0
38591 3
38592 1
38593 3
38594 2
38595 3
38596 4
38597 1
38598 1
38599 5
38600 3
38601 3
38602 1
38603 3
38604 0
38605 0
38606 0
38607 2
38608 5
38609 0
38610 2
38611 1
38612 4
38613 4
38614 2
38615 3
38616 0
38617 1
38618 0
38619 1
38620 4
38621 1
38622 1
38623 3
38624 4
38625 0
38626 3
38627 3
38628 0
38629 2
38630 2
38631 3
38632 4
38633 0
38634 3
38635 0
38636 2
38637 1
38638 2
38639 1
38640 4
38641 3
38642 0
38643 4
38644 4
38645 2
38646 1
38647 2
38648 4
38649 4
38650 3
38651 3
38652 0
38653 3
38654 2
38655 2
38656 5
38657 2
38658 2
38659 3
38660 1
38661 4
38662 5
38663 2
38664 1
38665 4
38666 3
38667 4
38668 0
38669 1
38670 2
38671 1
38672 0
38673 0
38674 0
38675 1
38676 5
38677 2
38678 4
38679 2
38680 2
38681 0
38682 0
38683 5
38684 5
38685 2
38686 3
38687 3
38688 2
38689 0
38690 4
38691 2
38692 3
38693 1
38694 0
38695 4
38696 2
38697 1
38698 1
38699 2
38700 2
38701 1
38702 2
38703 0
38704 4
38705 1
38706 0
38707 3
38708 5
38709 0
38710 3
38711 2
38712 3
38713 1
38714 2
38715 3
38716 1
38717 2
38718 3
38719 2
38720 4
38721 2
38722 3
38723 3
38724 1
38725 1
38726 3
38727 2
38728 0
38729 4
38730 5
38731 3
38732 0
38733 0
38734 3
38735 5
38736 4
38737 1
38738 2
38739 3
38740 1
38741 5
38742 0
38743 3
38744 2
38745 3
38746 1
38747 2
38748 1
38749 5
38750 5
38751 3
38752 2
38753 1
38754 4
38755 2
38756 5
38757 5
38758 5
38759 3
38760 1
38761 1
38762 1
38763 2
38764 3
38765 3
38766 2
38767 4
38768 1
38769 5
38770 3
38771 5
38772 3
38773 1
38774 4
38775 4
38776 0
38777 1
38778 0
38779 0
38780 5
38781 4
38782 0
38783 3
38784 4
38785 1
38786 2
38787 2
38788 0
38789 4
38790 3
38791 1
38792 1
38793 5
38794 2
38795 2
38796 3
38797 4
38798 1
38799 0
38800 2
38801 4
38802 1
38803 3
38804 4
38805 5
38806 2
38807 0
38808 4
38809 5
38810 1
38811 0
38812 4
38813 0
38814 5
38815 2
38816 1
38817 1
38818 3
38819 3
38820 5
38821 0
38822 1
38823 4
38824 4
38825 0
38826 2
38827 4
38828 1
38829 3
38830 4
38831 4
38832 3
38833 1
38834 1
38835 4
38836 2
38837 3
38838 0
38839 4
38840 3
38841 0
38842 4
38843 0
38844 2
38845 6
38846 0
38847 0
38848 0
38849 5
38850 5
38851 3
38852 3
38853 0
38854 3
38855 2
38856 3
38857 4
38858 4
38859 0
38860 0
38861 5
38862 0
38863 0
38864 0
38865 3
38866 3
38867 1
38868 1
38869 3
38870 0
38871 3
38872 0
38873 3
38874 3
38875 1
38876 2
38877 4
38878 2
38879 2
38880 2
38881 2
38882 2
38883 2
38884 2
38885 4
38886 5
38887 4
38888 2
38889 0
38890 3
38891 3
38892 1
38893 3
38894 1
38895 1
38896 1
38897 2
38898 4
38899 1
38900 1
38901 4
38902 1
38903 1
38904 3
38905 4
38906 2
38907 0
38908 4
38909 5
38910 5
38911 3
38912 3
38913 1
38914 0
38915 0
38916 2
38917 3
38918 2
38919 3
38920 5
38921 0
38922 4
38923 0
38924 3
38925 3
38926 3
38927 2
38928 0
38929 2
38930 1
38931 5
38932 0
38933 4
38934 4
38935 2
38936 4
38937 3
38938 1
38939 3
38940 1
38941 4
38942 3
38943 5
38944 6
38945 2
38946 1
38947 1
38948 1
38949 4
38950 2
38951 5
38952 2
38953 4
38954 1
38955 5
38956 0
38957 3
38958 3
38959 0
38960 2
38961 4
38962 2
38963 1
38964 0
38965 0
38966 2
38967 0
38968 3
38969 5
38970 0
38971 1
38972 3
38973 1
38974 0
38975 2
38976 0
38977 1
38978 3
38979 2
38980 4
38981 2
38982 3
38983 0
38984 4
38985 2
38986 0
38987 0
38988 4
38989 2
38990 1
38991 2
38992 0
38993 4
38994 4
38995 4
38996 3
38997 1
38998 1
38999 2
39000 0
39001 3
39002 0
39003 2
39004 3
39005 3
39006 2
39007 1
39008 0
39009 1
39010 5
39011 1
39012 3
39013 0
39014 4
39015 0
39016 0
39017 2
39018 5
39019 3
39020 2
39021 2
39022 3
39023 3
39024 1
39025 1
39026 3
39027 1
39028 1
39029 1
39030 0
39031 3
39032 4
39033 3
39034 2
39035 2
39036 3
39037 0
39038 0
39039 4
39040 0
39041 2
39042 1
39043 2
39044 3
39045 0
39046 0
39047 0
39048 4
39049 4
39050 3
39051 3
39052 1
39053 0
39054 1
39055 0
39056 0
39057 3
39058 2
39059 2
39060 3
39061 2
39062 2
39063 2
39064 2
39065 2
39066 3
39067 0
39068 0
39069 1
39070 1
39071 4
39072 1
39073 2
39074 5
39075 2
39076 2
39077 3
39078 2
39079 1
39080 3
39081 3
39082 1
39083 4
39084 3
39085 3
39086 2
39087 4
39088 2
39089 0
39090 3
39091 3
39092 1
39093 1
39094 4
39095 4
39096 2
39097 0
39098 4
39099 3
39100 3
39101 0
39102 2
39103 5
39104 3
39105 4
39106 0
39107 1
39108 0
39109 3
39110 2
39111 1
39112 0
39113 2
39114 5
39115 3
39116 3
39117 0
39118 2
39119 1
39120 1
39121 4
39122 0
39123 2
39124 3
39125 2
39126 0
39127 0
39128 3
39129 5
39130 1
39131 3
39132 1
39133 5
39134 4
39135 5
39136 1
39137 0
39138 0
39139 3
39140 0
39141 2
39142 1
39143 0
39144 3
39145 1
39146 4
39147 4
39148 4
39149 4
39150 2
39151 4
39152 0
39153 5
39154 2
39155 1
39156 4
39157 0
39158 1
39159 4
39160 2
39161 2
39162 2
39163 2
39164 1
39165 3
39166 3
39167 3
39168 3
39169 0
39170 0
39171 3
39172 1
39173 2
39174 0
39175 0
39176 1
39177 4
39178 3
39179 2
39180 2
39181 2
39182 4
39183 0
39184 3
39185 0
39186 1
39187 3
39188 1
39189 0
39190 2
39191 1
39192 3
39193 0
39194 0
39195 3
39196 2
39197 4
39198 0
39199 0
39200 2
39201 4
39202 4
39203 0
39204 0
39205 2
39206 2
39207 1
39208 0
39209 2
39210 1
39211 1
39212 0
39213 0
39214 2
39215 3
39216 1
39217 1
39218 2
39219 2
39220 3
39221 0
39222 2
39223 1
39224 0
39225 5
39226 0
39227 1
39228 4
39229 5
39230 1
39231 1
39232 4
39233 2
39234 0
39235 0
39236 2
39237 2
39238 4
39239 5
39240 1
39241 3
39242 3
39243 2
39244 2
39245 4
39246 3
39247 0
39248 4
39249 1
39250 3
39251 5
39252 2
39253 5
39254 5
39255 2
39256 0
39257 4
39258 5
39259 0
39260 0
39261 4
39262 4
39263 4
39264 2
39265 4
39266 3
39267 5
39268 4
39269 4
39270 2
39271 4
39272 5
39273 0
39274 2
39275 3
39276 0
39277 1
39278 3
39279 3
39280 1
39281 2
39282 3
39283 4
39284 1
39285 0
39286 3
39287 1
39288 0
39289 4
39290 1
39291 3
39292 3
39293 0
39294 1
39295 3
39296 1
39297 3
39298 1
39299 4
39300 0
39301 5
39302 4
39303 0
39304 2
39305 3
39306 2
39307 4
39308 0
39309 1
39310 0
39311 5
39312 0
39313 5
39314 1
39315 2
39316 3
39317 3
39318 3
39319 2
39320 2
39321 0
39322 2
39323 2
39324 2
39325 0
39326 5
39327 4
39328 4
39329 0
39330 0
39331 4
39332 1
39333 4
39334 4
39335 2
39336 2
39337 4
39338 5
39339 0
39340 4
39341 1
39342 4
39343 4
39344 2
39345 5
39346 2
39347 1
39348 4
39349 3
39350 0
39351 3
39352 4
39353 4
39354 0
39355 1
39356 3
39357 0
39358 5
39359 1
39360 4
39361 4
39362 4
39363 0
39364 4
39365 3
39366 4
39367 0
39368 1
39369 4
39370 3
39371 4
39372 0
39373 0
39374 0
39375 1
39376 2
39377 0
39378 1
39379 1
39380 4
39381 3
39382 3
39383 2
39384 0
39385 3
39386 2
39387 3
39388 3
39389 2
39390 1
39391 0
39392 0
39393 5
39394 1
39395 3
39396 2
39397 4
39398 1
39399 3
39400 2
39401 0
39402 1
39403 3
39404 6
39405 3
39406 5
39407 0
39408 4
39409 5
39410 2
39411 1
39412 2
39413 3
39414 4
39415 1
39416 2
39417 4
39418 4
39419 2
39420 3
39421 4
39422 4
39423 0
39424 2
39425 2
39426 2
39427 2
39428 5
39429 5
39430 1
39431 3
39432 2
39433 4
39434 3
39435 4
39436 1
39437 3
39438 1
39439 4
39440 5
39441 0
39442 2
39443 5
39444 4
39445 4
39446 2
39447 1
39448 3
39449 3
39450 4
39451 1
39452 3
39453 1
39454 3
39455 2
39456 2
39457 0
39458 4
39459 2
39460 2
39461 1
39462 4
39463 1
39464 4
39465 0
39466 5
39467 3
39468 0
39469 2
39470 4
39471 1
39472 2
39473 2
39474 2
39475 4
39476 4
39477 4
39478 3
39479 4
39480 0
39481 4
39482 1
39483 3
39484 2
39485 1
39486 2
39487 0
39488 1
39489 1
39490 5
39491 3
39492 1
39493 1
39494 1
39495 3
39496 4
39497 3
39498 1
39499 4
39500 3
39501 1
39502 1
39503 3
39504 3
39505 4
39506 1
39507 0
39508 2
39509 4
39510 2
39511 1
39512 2
39513 0
39514 4
39515 3
39516 2
39517 4
39518 4
39519 1
39520 4
39521 2
39522 1
39523 2
39524 3
39525 0
39526 2
39527 2
39528 3
39529 0
39530 4
39531 4
39532 0
39533 1
39534 3
39535 2
39536 1
39537 3
39538 0
39539 3
39540 1
39541 4
39542 1
39543 3
39544 1
39545 3
39546 3
39547 0
39548 1
39549 3
39550 0
39551 1
39552 1
39553 4
39554 3
39555 2
39556 4
39557 2
39558 0
39559 2
39560 2
39561 1
39562 1
39563 5
39564 3
39565 4
39566 2
39567 4
39568 4
39569 3
39570 2
39571 3
39572 2
39573 3
39574 3
39575 2
39576 1
39577 4
39578 3
39579 0
39580 1
39581 5
39582 3
39583 4
39584 3
39585 0
39586 1
39587 1
39588 2
39589 2
39590 0
39591 3
39592 0
39593 0
39594 2
39595 4
39596 1
39597 0
39598 4
39599 2
39600 0
39601 1
39602 4
39603 4
39604 4
39605 4
39606 3
39607 3
39608 1
39609 2
39610 3
39611 1
39612 1
39613 2
39614 0
39615 0
39616 2
39617 1
39618 4
39619 3
39620 0
39621 2
39622 1
39623 3
39624 2
39625 2
39626 1
39627 2
39628 5
39629 3
39630 4
39631 0
39632 0
39633 0
39634 2
39635 4
39636 4
39637 3
39638 5
39639 0
39640 2
39641 3
39642 1
39643 2
39644 0
39645 3
39646 2
39647 4
39648 1
39649 0
39650 2
39651 4
39652 3
39653 2
39654 0
39655 4
39656 3
39657 3
39658 4
39659 2
39660 3
39661 3
39662 1
39663 0
39664 3
39665 2
39666 1
39667 3
39668 1
39669 1
39670 2
39671 3
39672 3
39673 2
39674 1
39675 1
39676 1
39677 2
39678 0
39679 3
39680 0
39681 1
39682 2
39683 0
39684 0
39685 3
39686 0
39687 5
39688 2
39689 3
39690 0
39691 1
39692 1
39693 4
39694 2
39695 0
39696 4
39697 4
39698 4
39699 1
39700 3
39701 1
39702 1
39703 2
39704 2
39705 2
39706 2
39707 1
39708 4
39709 0
39710 3
39711 3
39712 4
39713 2
39714 2
39715 2
39716 2
39717 2
39718 1
39719 0
39720 2
39721 1
39722 3
39723 1
39724 3
39725 3
39726 2
39727 3
39728 4
39729 0
39730 2
39731 4
39732 5
39733 0
39734 2
39735 4
39736 0
39737 4
39738 0
39739 2
39740 0
39741 3
39742 1
39743 1
39744 0
39745 1
39746 2
39747 0
39748 0
39749 4
39750 3
39751 4
39752 2
39753 3
39754 4
39755 4
39756 3
39757 3
39758 5
39759 2
39760 2
39761 2
39762 0
39763 4
39764 2
39765 1
39766 3
39767 3
39768 4
39769 0
39770 2
39771 3
39772 4
39773 3
39774 3
39775 1
39776 3
39777 0
39778 2
39779 1
39780 1
39781 4
39782 0
39783 3
39784 0
39785 2
39786 0
39787 4
39788 1
39789 1
39790 3
39791 2
39792 1
39793 1
39794 6
39795 4
39796 1
39797 0
39798 4
39799 5
39800 5
39801 2
39802 0
39803 4
39804 4
39805 1
39806 3
39807 2
39808 3
39809 3
39810 4
39811 4
39812 2
39813 3
39814 4
39815 0
39816 1
39817 0
39818 2
39819 4
39820 2
39821 2
39822 4
39823 3
39824 4
39825 4
39826 3
39827 3
39828 2
39829 3
39830 6
39831 1
39832 3
39833 3
39834 3
39835 4
39836 2
39837 4
39838 2
39839 4
39840 0
39841 3
39842 5
39843 3
39844 1
39845 2
39846 5
39847 1
39848 4
39849 2
39850 4
39851 1
39852 2
39853 4
39854 3
39855 1
39856 1
39857 0
39858 5
39859 4
39860 2
39861 3
39862 0
39863 0
39864 3
39865 1
39866 1
39867 4
39868 4
39869 2
39870 6
39871 0
39872 2
39873 4
39874 4
39875 3
39876 0
39877 3
39878 1
39879 2
39880 2
39881 1
39882 3
39883 1
39884 0
39885 0
39886 3
39887 2
39888 1
39889 2
39890 3
39891 1
39892 1
39893 2
39894 2
39895 1
39896 0
39897 0
39898 1
39899 2
39900 4
39901 2
39902 3
39903 1
39904 4
39905 3
39906 3
39907 3
39908 0
39909 0
39910 2
39911 0
39912 3
39913 2
39914 4
39915 2
39916 1
39917 4
39918 3
39919 0
39920 3
39921 0
39922 4
39923 1
39924 0
39925 1
39926 3
39927 1
39928 4
39929 5
39930 2
39931 0
39932 4
39933 1
39934 2
39935 5
39936 1
39937 0
39938 2
39939 0
39940 2
39941 3
39942 0
39943 3
39944 4
39945 0
39946 2
39947 0
39948 0
39949 0
39950 1
39951 2
39952 2
39953 2
39954 0
39955 1
39956 3
39957 2
39958 3
39959 4
39960 4
39961 0
39962 4
39963 1
39964 5
39965 0
39966 0
39967 3
39968 2
39969 5
39970 4
39971 1
39972 1
39973 1
39974 2
39975 4
39976 2
39977 4
39978 2
39979 0
39980 4
39981 0
39982 2
39983 3
39984 1
39985 2
39986 5
39987 1
39988 5
39989 1
39990 2
39991 2
39992 0
39993 0
39994 3
39995 2
39996 2
39997 2
39998 3
39999 2
40000 3
40001 1
40002 2
40003 5
40004 2
40005 0
40006 1
40007 2
40008 4
40009 2
40010 2
40011 2
40012 4
40013 5
40014 3
40015 2
40016 3
40017 4
40018 1
40019 4
40020 2
40021 0
40022 4
40023 5
40024 0
40025 4
40026 0
40027 2
40028 0
40029 0
40030 3
40031 0
40032 2
40033 5
40034 2
40035 5
40036 4
40037 1
40038 2
40039 3
40040 3
40041 3
40042 0
40043 2
40044 1
40045 2
40046 5
40047 5
40048 0
40049 1
40050 1
40051 4
40052 4
40053 5
40054 1
40055 1
40056 2
40057 4
40058 3
40059 2
40060 3
40061 1
40062 0
40063 2
40064 3
40065 0
40066 3
40067 4
40068 3
40069 2
40070 2
40071 2
40072 3
40073 4
40074 1
40075 3
40076 2
40077 2
40078 6
40079 1
40080 1
40081 0
40082 5
40083 1
40084 0
40085 5
40086 1
40087 3
40088 1
40089 6
40090 0
40091 1
40092 2
40093 5
40094 0
40095 5
40096 1
40097 1
40098 3
40099 1
40100 0
40101 3
40102 1
40103 4
40104 4
40105 0
40106 0
40107 1
40108 3
40109 5
40110 0
40111 0
40112 1
40113 1
40114 3
40115 3
40116 0
40117 4
40118 0
40119 3
40120 2
40121 1
40122 0
40123 1
40124 2
40125 0
40126 1
40127 1
40128 4
40129 0
40130 3
40131 5
40132 1
40133 2
40134 0
40135 2
40136 0
40137 3
40138 2
40139 0
40140 1
40141 1
40142 4
40143 4
40144 0
40145 2
40146 4
40147 3
40148 2
40149 1
40150 4
40151 1
40152 5
40153 2
40154 2
40155 2
40156 2
40157 2
40158 0
40159 4
40160 5
40161 0
40162 1
40163 2
40164 5
40165 0
40166 3
40167 3
40168 1
40169 2
40170 0
40171 3
40172 3
40173 1
40174 4
40175 3
40176 1
40177 3
40178 2
40179 4
40180 3
40181 1
40182 1
40183 3
40184 0
40185 2
40186 4
40187 3
40188 0
40189 2
40190 0
40191 5
40192 1
40193 4
40194 3
40195 5
40196 1
40197 0
40198 0
40199 3
40200 1
40201 0
40202 1
40203 1
40204 3
40205 4
40206 0
40207 1
40208 4
40209 5
40210 1
40211 1
40212 4
40213 4
40214 0
40215 3
40216 0
40217 3
40218 0
40219 0
40220 0
40221 3
40222 2
40223 1
40224 2
40225 1
40226 1
40227 0
40228 5
40229 5
40230 0
40231 4
40232 2
40233 3
40234 5
40235 2
40236 2
40237 0
40238 4
40239 1
40240 3
40241 1
40242 2
40243 3
40244 3
40245 2
40246 0
40247 0
40248 5
40249 1
40250 3
40251 0
40252 5
40253 3
40254 2
40255 3
40256 2
40257 2
40258 4
40259 3
40260 3
40261 3
40262 5
40263 4
40264 0
40265 0
40266 3
40267 0
40268 1
40269 3
40270 5
40271 0
40272 1
40273 2
40274 2
40275 4
40276 2
40277 1
40278 1
40279 1
40280 0
40281 2
40282 1
40283 3
40284 3
40285 4
40286 4
40287 4
40288 0
40289 5
40290 2
40291 1
40292 1
40293 5
40294 1
40295 1
40296 4
40297 2
40298 3
40299 6
40300 4
40301 5
40302 1
40303 1
40304 1
40305 3
40306 3
40307 4
40308 0
40309 3
40310 1
40311 5
40312 2
40313 1
40314 4
40315 3
40316 4
40317 4
40318 4
40319 4
40320 3
40321 2
40322 4
40323 3
40324 0
40325 5
40326 0
40327 2
40328 2
40329 1
40330 0
40331 1
40332 3
40333 1
40334 2
40335 3
40336 3
40337 4
40338 2
40339 0
40340 0
40341 2
40342 0
40343 1
40344 0
40345 2
40346 2
40347 1
40348 4
40349 3
40350 3
40351 1
40352 1
40353 4
40354 5
40355 1
40356 2
40357 4
40358 4
40359 3
40360 3
40361 3
40362 2
40363 5
40364 4
40365 0
40366 3
40367 0
40368 1
40369 1
40370 3
40371 5
40372 3
40373 3
40374 5
40375 4
40376 2
40377 2
40378 2
40379 0
40380 2
40381 1
40382 0
40383 0
40384 2
40385 4
40386 0
40387 2
40388 4
40389 1
40390 1
40391 4
40392 0
40393 1
40394 1
40395 4
40396 1
40397 1
40398 0
40399 2
40400 3
40401 3
40402 2
40403 1
40404 4
40405 3
40406 0
40407 1
40408 1
40409 2
40410 3
40411 0
40412 3
40413 0
40414 2
40415 2
40416 0
40417 1
40418 3
40419 3
40420 2
40421 1
40422 3
40423 2
40424 1
40425 4
40426 1
40427 0
40428 2
40429 4
40430 0
40431 2
40432 4
40433 4
40434 5
40435 4
40436 1
40437 4
40438 0
40439 4
40440 3
40441 0
40442 4
40443 2
40444 3
40445 4
40446 0
40447 3
40448 0
40449 1
40450 4
40451 5
40452 1
40453 0
40454 4
40455 1
40456 4
40457 2
40458 3
40459 3
40460 4
40461 4
40462 1
40463 3
40464 2
40465 1
40466 3
40467 1
40468 3
40469 3
40470 4
40471 3
40472 3
40473 1
40474 1
40475 0
40476 0
40477 2
40478 0
40479 3
40480 0
40481 4
40482 4
40483 3
40484 2
40485 1
40486 3
40487 0
40488 2
40489 2
40490 3
40491 5
40492 2
40493 2
40494 3
40495 6
40496 1
40497 1
40498 3
40499 4
40500 2
40501 4
40502 4
40503 2
40504 4
40505 1
40506 0
40507 5
40508 3
40509 1
40510 3
40511 3
40512 2
40513 5
40514 4
40515 1
40516 3
40517 3
40518 1
40519 2
40520 2
40521 1
40522 0
40523 0
40524 0
40525 2
40526 1
40527 0
40528 2
40529 2
40530 1
40531 4
40532 1
40533 3
40534 0
40535 0
40536 4
40537 3
40538 0
40539 3
40540 0
40541 0
40542 5
40543 0
40544 2
40545 2
40546 0
40547 2
40548 1
40549 1
40550 4
40551 4
40552 0
40553 3
40554 0
40555 2
40556 2
40557 3
40558 1
40559 3
40560 0
40561 5
40562 1
40563 1
40564 4
40565 0
40566 1
40567 0
40568 2
40569 2
40570 4
40571 3
40572 0
40573 2
40574 5
40575 0
40576 5
40577 3
40578 3
40579 1
40580 2
40581 3
40582 2
40583 2
40584 4
40585 3
40586 0
40587 1
40588 0
40589 0
40590 3
40591 2
40592 1
40593 0
40594 3
40595 3
40596 0
40597 2
40598 0
40599 2
40600 3
40601 0
40602 3
40603 2
40604 1
40605 3
40606 4
40607 0
40608 2
40609 0
40610 0
40611 3
40612 4
40613 2
40614 1
40615 3
40616 3
40617 2
40618 2
40619 1
40620 2
40621 0
40622 3
40623 2
40624 0
40625 1
40626 3
40627 1
40628 3
40629 6
40630 4
40631 1
40632 0
40633 4
40634 0
40635 1
40636 3
40637 3
40638 0
40639 5
40640 1
40641 2
40642 3
40643 2
40644 1
40645 2
40646 4
40647 2
40648 1
40649 4
40650 1
40651 3
40652 1
40653 0
40654 5
40655 4
40656 3
40657 2
40658 2
40659 4
40660 3
40661 3
40662 2
40663 2
40664 0
40665 4
40666 0
40667 3
40668 2
40669 2
40670 1
40671 0
40672 4
40673 2
40674 2
40675 4
40676 3
40677 0
40678 1
40679 2
40680 0
40681 1
40682 4
40683 2
40684 2
40685 5
40686 3
40687 3
40688 2
40689 0
40690 2
40691 4
40692 4
40693 2
40694 0
40695 2
40696 1
40697 3
40698 0
40699 1
40700 4
40701 1
40702 1
40703 2
40704 1
40705 4
40706 3
40707 1
40708 0
40709 5
40710 1
40711 2
40712 0
40713 3
40714 2
40715 3
40716 3
40717 1
40718 0
40719 2
40720 4
40721 4
40722 3
40723 2
40724 2
40725 4
40726 0
40727 3
40728 4
40729 0
40730 5
40731 4
40732 1
40733 1
40734 1
40735 2
40736 2
40737 4
40738 2
40739 3
40740 1
40741 1
40742 4
40743 1
40744 0
40745 0
40746 0
40747 3
40748 0
40749 3
40750 3
40751 5
40752 1
40753 4
40754 1
40755 0
40756 0
40757 0
40758 2
40759 3
40760 1
40761 1
40762 0
40763 2
40764 0
40765 0
40766 1
40767 2
40768 4
40769 5
40770 1
40771 5
40772 0
40773 2
40774 2
40775 1
40776 0
40777 3
40778 1
40779 2
40780 2
40781 1
40782 2
40783 5
40784 2
40785 0
40786 0
40787 4
40788 3
40789 1
40790 1
40791 1
40792 1
40793 3
40794 3
40795 1
40796 3
40797 2
40798 3
40799 1
40800 4
40801 5
40802 2
40803 2
40804 4
40805 1
40806 2
40807 2
40808 2
40809 1
40810 4
40811 3
40812 4
40813 0
40814 2
40815 3
40816 0
40817 0
40818 1
40819 5
40820 0
40821 2
40822 1
40823 3
40824 1
40825 5
40826 1
40827 1
40828 3
40829 0
40830 3
40831 2
40832 0
40833 3
40834 0
40835 1
40836 2
40837 5
40838 3
40839 3
40840 2
40841 4
40842 3
40843 3
40844 2
40845 0
40846 3
40847 3
40848 4
40849 1
40850 3
40851 3
40852 0
40853 4
40854 4
40855 1
40856 2
40857 1
40858 3
40859 3
40860 3
40861 0
40862 0
40863 2
40864 0
40865 6
40866 1
40867 1
40868 3
40869 5
40870 2
40871 2
40872 2
40873 2
40874 0
40875 2
40876 4
40877 1
40878 0
40879 3
40880 0
40881 4
40882 1
40883 3
40884 1
40885 3
40886 3
40887 0
40888 1
40889 2
40890 1
40891 4
40892 1
40893 4
40894 4
40895 1
40896 1
40897 3
40898 2
40899 2
40900 3
40901 0
40902 4
40903 4
40904 4
40905 4
40906 4
40907 0
40908 2
40909 2
40910 0
40911 2
40912 3
40913 4
40914 1
40915 5
40916 0
40917 4
40918 1
40919 1
40920 0
40921 0
40922 1
40923 4
40924 2
40925 2
40926 3
40927 0
40928 3
40929 1
40930 5
40931 1
40932 2
40933 0
40934 4
40935 3
40936 4
40937 0
40938 3
40939 0
40940 0
40941 1
40942 2
40943 0
40944 2
40945 1
40946 2
40947 2
40948 3
40949 4
40950 2
40951 4
40952 5
40953 1
40954 3
40955 2
40956 4
40957 5
40958 2
40959 3
40960 4
40961 2
40962 3
40963 4
40964 2
40965 1
40966 4
40967 2
40968 2
40969 2
40970 1
40971 2
40972 3
40973 0
40974 1
40975 4
40976 2
40977 4
40978 1
40979 2
40980 2
40981 3
40982 2
40983 0
40984 1
40985 3
40986 3
40987 1
40988 4
40989 0
40990 2
40991 0
40992 2
40993 2
40994 0
40995 0
40996 4
40997 3
40998 0
40999 2
41000 2
41001 2
41002 4
41003 3
41004 1
41005 0
41006 3
41007 4
41008 3
41009 5
41010 0
41011 3
41012 2
41013 4
41014 0
41015 4
41016 0
41017 3
41018 5
41019 0
41020 3
41021 1
41022 4
41023 3
41024 1
41025 0
41026 1
41027 1
41028 1
41029 0
41030 1
41031 0
41032 1
41033 4
41034 3
41035 0
41036 2
41037 4
41038 0
41039 3
41040 4
41041 1
41042 3
41043 2
41044 0
41045 2
41046 3
41047 1
41048 0
41049 2
41050 1
41051 1
41052 2
41053 4
41054 1
41055 1
41056 1
41057 3
41058 3
41059 3
41060 0
41061 5
41062 0
41063 0
41064 2
41065 0
41066 1
41067 5
41068 2
41069 5
41070 3
41071 2
41072 0
41073 4
41074 2
41075 0
41076 1
41077 4
41078 4
41079 2
41080 3
41081 0
41082 2
41083 0
41084 2
41085 1
41086 1
41087 0
41088 0
41089 0
41090 2
41091 3
41092 6
41093 0
41094 2
41095 2
41096 5
41097 2
41098 4
41099 2
41100 4
41101 4
41102 0
41103 4
41104 2
41105 1
41106 2
41107 0
41108 1
41109 2
41110 2
41111 3
41112 2
41113 3
41114 4
41115 2
41116 3
41117 0
41118 3
41119 0
41120 3
41121 3
41122 2
41123 4
41124 1
41125 0
41126 0
41127 3
41128 5
41129 5
41130 1
41131 0
41132 2
41133 2
41134 0
41135 5
41136 0
41137 1
41138 3
41139 3
41140 1
41141 2
41142 4
41143 0
41144 1
41145 1
41146 3
41147 1
41148 0
41149 2
41150 3
41151 4
41152 1
41153 0
41154 1
41155 3
41156 3
41157 3
41158 1
41159 2
41160 1
41161 2
41162 1
41163 4
41164 1
41165 2
41166 0
41167 3
41168 4
41169 3
41170 0
41171 1
41172 2
41173 0
41174 0
41175 3
41176 3
41177 0
41178 3
41179 3
41180 1
41181 0
41182 3
41183 0
41184 1
41185 2
41186 4
41187 1
41188 0
41189 0
41190 0
41191 3
41192 4
41193 4
41194 3
41195 4
41196 1
41197 4
41198 2
41199 5
41200 2
41201 3
41202 3
41203 4
41204 0
41205 5
41206 4
41207 0
41208 0
41209 0
41210 4
41211 1
41212 4
41213 0
41214 3
41215 2
41216 4
41217 3
41218 3
41219 2
41220 4
41221 3
41222 2
41223 4
41224 4
41225 1
41226 4
41227 0
41228 2
41229 4
41230 3
41231 0
41232 2
41233 0
41234 2
41235 3
41236 0
41237 2
41238 3
41239 4
41240 3
41241 3
41242 3
41243 0
41244 4
41245 2
41246 1
41247 4
41248 2
41249 4
41250 2
41251 4
41252 1
41253 3
41254 3
41255 0
41256 1
41257 2
41258 5
41259 1
41260 4
41261 4
41262 1
41263 2
41264 3
41265 5
41266 4
41267 0
41268 0
41269 3
41270 1
41271 5
41272 3
41273 0
41274 1
41275 0
41276 2
41277 3
41278 2
41279 2
41280 6
41281 0
41282 2
41283 2
41284 2
41285 5
41286 4
41287 5
41288 0
41289 3
41290 4
41291 1
41292 0
41293 5
41294 2
41295 1
41296 0
41297 4
41298 2
41299 0
41300 0
41301 1
41302 3
41303 2
41304 1
41305 4
41306 1
41307 2
41308 3
41309 0
41310 2
41311 1
41312 2
41313 3
41314 1
41315 3
41316 1
41317 2
41318 1
41319 2
41320 1
41321 1
41322 2
41323 2
41324 1
41325 2
41326 3
41327 4
41328 0
41329 3
41330 0
41331 4
41332 2
41333 3
41334 0
41335 0
41336 2
41337 5
41338 0
41339 0
41340 1
41341 1
41342 2
41343 3
41344 4
41345 3
41346 4
41347 1
41348 3
41349 1
41350 1
41351 2
41352 0
41353 3
41354 2
41355 0
41356 0
41357 3
41358 5
41359 1
41360 2
41361 2
41362 3
41363 3
41364 0
41365 1
41366 1
41367 4
41368 2
41369 4
41370 1
41371 0
41372 4
41373 0
41374 6
41375 0
41376 4
41377 0
41378 3
41379 4
41380 2
41381 0
41382 2
41383 1
41384 2
41385 0
41386 1
41387 1
41388 3
41389 0
41390 5
41391 2
41392 1
41393 4
41394 0
41395 0
41396 1
41397 3
41398 0
41399 0
41400 2
41401 2
41402 5
41403 4
41404 2
41405 5
41406 2
41407 4
41408 4
41409 0
41410 2
41411 4
41412 0
41413 4
41414 3
41415 2
41416 2
41417 1
41418 4
41419 0
41420 0
41421 3
41422 4
41423 1
41424 0
41425 4
41426 4
41427 4
41428 4
41429 1
41430 3
41431 0
41432 1
41433 2
41434 5
41435 4
41436 1
41437 1
41438 0
41439 3
41440 3
41441 3
41442 0
41443 4
41444 1
41445 1
41446 3
41447 0
41448 5
41449 4
41450 1
41451 2
41452 2
41453 2
41454 3
41455 1
41456 1
41457 4
41458 0
41459 2
41460 3
41461 2
41462 4
41463 1
41464 2
41465 3
41466 1
41467 3
41468 1
41469 0
41470 3
41471 2
41472 1
41473 0
41474 2
41475 0
41476 4
41477 0
41478 3
41479 4
41480 3
41481 4
41482 0
41483 0
41484 1
41485 4
41486 5
41487 3
41488 0
41489 1
41490 4
41491 1
41492 5
41493 5
41494 1
41495 4
41496 4
41497 2
41498 3
41499 0
41500 1
41501 0
41502 1
41503 3
41504 1
41505 3
41506 2
41507 3
41508 1
41509 1
41510 0
41511 4
41512 5
41513 4
41514 0
41515 0
41516 0
41517 3
41518 1
41519 2
41520 1
41521 5
41522 4
41523 1
41524 1
41525 3
41526 1
41527 1
41528 3
41529 1
41530 6
41531 2
41532 1
41533 3
41534 0
41535 0
41536 0
41537 2
41538 4
41539 2
41540 2
41541 2
41542 2
41543 0
41544 2
41545 4
41546 0
41547 0
41548 3
41549 0
41550 3
41551 2
41552 2
41553 4
41554 0
41555 1
41556 1
41557 0
41558 3
41559 0
41560 4
41561 3
41562 0
41563 5
41564 3
41565 1
41566 5
41567 3
41568 3
41569 4
41570 3
41571 5
41572 1
41573 1
41574 4
41575 4
41576 4
41577 1
41578 1
41579 1
41580 4
41581 2
41582 1
41583 2
41584 0
41585 2
41586 1
41587 3
41588 1
41589 3
41590 3
41591 0
41592 0
41593 3
41594 2
41595 2
41596 1
41597 4
41598 3
41599 5
41600 4
41601 3
41602 0
41603 0
41604 0
41605 2
41606 2
41607 1
41608 3
41609 4
41610 2
41611 0
41612 2
41613 2
41614 1
41615 0
41616 0
41617 0
41618 2
41619 2
41620 3
41621 2
41622 3
41623 3
41624 4
41625 3
41626 3
41627 3
41628 1
41629 3
41630 4
41631 4
41632 0
41633 1
41634 0
41635 3
41636 0
41637 0
41638 3
41639 1
41640 0
41641 6
41642 1
41643 1
41644 1
41645 2
41646 2
41647 0
41648 3
41649 5
41650 1
41651 4
41652 0
41653 4
41654 3
41655 0
41656 4
41657 0
41658 0
41659 1
41660 1
41661 2
41662 3
41663 4
41664 3
41665 1
41666 2
41667 1
41668 2
41669 0
41670 1
41671 0
41672 0
41673 2
41674 3
41675 4
41676 1
41677 2
41678 4
41679 1
41680 1
41681 1
41682 2
41683 2
41684 2
41685 2
41686 5
41687 4
41688 3
41689 2
41690 1
41691 4
41692 1
41693 3
41694 3
41695 4
41696 0
41697 1
41698 3
41699 1
41700 3
41701 1
41702 4
41703 1
41704 2
41705 2
41706 0
41707 2
41708 3
41709 0
41710 3
41711 4
41712 4
41713 1
41714 0
41715 2
41716 3
41717 4
41718 5
41719 3
41720 4
41721 0
41722 0
41723 0
41724 4
41725 4
41726 2
41727 0
41728 3
41729 3
41730 2
41731 0
41732 5
41733 0
41734 1
41735 4
41736 3
41737 3
41738 4
41739 1
41740 2
41741 5
41742 3
41743 1
41744 1
41745 2
41746 1
41747 4
41748 5
41749 2
41750 5
41751 2
41752 3
41753 0
41754 4
41755 1
41756 2
41757 1
41758 4
41759 0
41760 2
41761 1
41762 3
41763 4
41764 0
41765 0
41766 2
41767 0
41768 4
41769 2
41770 3
41771 5
41772 0
41773 2
41774 4
41775 2
41776 2
41777 4
41778 2
41779 4
41780 4
41781 2
41782 1
41783 3
41784 2
41785 3
41786 3
41787 2
41788 5
41789 3
41790 3
41791 1
41792 0
41793 4
41794 0
41795 5
41796 0
41797 2
41798 1
41799 3
41800 2
41801 3
41802 0
41803 3
41804 5
41805 5
41806 4
41807 4
41808 1
41809 0
41810 1
41811 4
41812 1
41813 2
41814 3
41815 3
41816 5
41817 1
41818 3
41819 4
41820 1
41821 2
41822 3
41823 3
41824 3
41825 5
41826 4
41827 1
41828 5
41829 5
41830 0
41831 3
41832 3
41833 2
41834 1
41835 3
41836 5
41837 0
41838 2
41839 2
41840 3
41841 3
41842 3
41843 0
41844 4
41845 5
41846 2
41847 2
41848 3
41849 3
41850 4
41851 3
41852 3
41853 0
41854 0
41855 1
41856 5
41857 1
41858 1
41859 2
41860 2
41861 4
41862 3
41863 2
41864 2
41865 5
41866 1
41867 4
41868 4
41869 4
41870 5
41871 0
41872 3
41873 2
41874 1
41875 2
41876 2
41877 0
41878 2
41879 1
41880 1
41881 5
41882 0
41883 1
41884 5
41885 2
41886 3
41887 1
41888 3
41889 2
41890 4
41891 2
41892 2
41893 3
41894 5
41895 2
41896 5
41897 4
41898 2
41899 4
41900 5
41901 3
41902 2
41903 3
41904 0
41905 2
41906 1
41907 3
41908 5
41909 0
41910 2
41911 1
41912 1
41913 2
41914 4
41915 3
41916 4
41917 1
41918 0
41919 0
41920 4
41921 2
41922 4
41923 0
41924 2
41925 4
41926 2
41927 2
41928 3
41929 2
41930 0
41931 4
41932 3
41933 0
41934 1
41935 3
41936 2
41937 3
41938 2
41939 3
41940 0
41941 5
41942 0
41943 1
41944 5
41945 3
41946 4
41947 3
41948 2
41949 3
41950 2
41951 2
41952 3
41953 1
41954 5
41955 3
41956 5
41957 2
41958 1
41959 2
41960 0
41961 4
41962 1
41963 4
41964 4
41965 3
41966 1
41967 0
41968 2
41969 1
41970 0
41971 2
41972 1
41973 2
41974 4
41975 2
41976 3
41977 4
41978 1
41979 0
41980 4
41981 1
41982 4
41983 2
41984 1
41985 3
41986 5
41987 2
41988 2
41989 1
41990 2
41991 4
41992 1
41993 0
41994 2
41995 0
41996 0
41997 4
41998 3
41999 5
42000 1
42001 0
42002 4
42003 4
42004 0
42005 3
42006 2
42007 1
42008 4
42009 1
42010 1
42011 3
42012 4
42013 0
42014 0
42015 4
42016 3
42017 2
42018 3
42019 0
42020 3
42021 4
42022 2
42023 2
42024 1
42025 2
42026 2
42027 2
42028 5
42029 1
42030 0
42031 4
42032 1
42033 0
42034 0
42035 0
42036 5
42037 1
42038 4
42039 4
42040 0
42041 1
42042 4
42043 3
42044 1
42045 2
42046 4
42047 1
42048 4
42049 0
42050 0
42051 0
42052 2
42053 1
42054 1
42055 5
42056 1
42057 4
42058 2
42059 3
42060 3
42061 1
42062 1
42063 1
42064 2
42065 4
42066 3
42067 2
42068 3
42069 4
42070 0
42071 2
42072 3
42073 1
42074 3
42075 6
42076 0
42077 1
42078 5
42079 0
42080 3
42081 0
42082 4
42083 0
42084 2
42085 3
42086 1
42087 1
42088 4
42089 2
42090 1
42091 3
42092 3
42093 0
42094 4
42095 1
42096 3
42097 3
42098 2
42099 3
42100 2
42101 0
42102 0
42103 0
42104 2
42105 3
42106 5
42107 1
42108 5
42109 5
42110 0
42111 4
42112 2
42113 3
42114 2
42115 5
42116 0
42117 1
42118 2
42119 4
42120 3
42121 3
42122 2
42123 2
42124 3
42125 2
42126 3
42127 2
42128 0
42129 1
42130 2
42131 3
42132 3
42133 1
42134 1
42135 4
42136 2
42137 1
42138 2
42139 2
42140 4
42141 3
42142 0
42143 0
42144 2
42145 2
42146 4
42147 3
42148 4
42149 1
42150 0
42151 2
42152 3
42153 0
42154 0
42155 3
42156 3
42157 3
42158 2
42159 3
42160 1
42161 1
42162 3
42163 2
42164 3
42165 2
42166 1
42167 2
42168 0
42169 0
42170 5
42171 0
42172 4
42173 1
42174 2
42175 2
42176 1
42177 0
42178 4
42179 3
42180 2
42181 2
42182 4
42183 5
42184 2
42185 3
42186 0
42187 2
42188 0
42189 4
42190 1
42191 4
42192 3
42193 0
42194 0
42195 1
42196 4
42197 4
42198 3
42199 3
42200 0
42201 0
42202 1
42203 1
42204 2
42205 3
42206 0
42207 2
42208 4
42209 3
42210 4
42211 3
42212 3
42213 0
42214 4
42215 1
42216 2
42217 4
42218 4
42219 3
42220 0
42221 3
42222 3
42223 3
42224 5
42225 5
42226 5
42227 0
42228 0
42229 1
42230 0
42231 0
42232 3
42233 1
42234 0
42235 0
42236 4
42237 4
42238 2
42239 2
42240 1
42241 1
42242 2
42243 3
42244 3
42245 3
42246 1
42247 2
42248 4
42249 2
42250 0
42251 2
42252 1
42253 0
42254 3
42255 5
42256 1
42257 5
42258 2
42259 2
42260 0
42261 3
42262 2
42263 1
42264 3
42265 2
42266 0
42267 3
42268 0
42269 5
42270 1
42271 1
42272 0
42273 0
42274 1
42275 4
42276 4
42277 4
42278 0
42279 1
42280 1
42281 3
42282 2
42283 0
42284 2
42285 4
42286 4
42287 2
42288 1
42289 1
42290 5
42291 0
42292 3
42293 3
42294 4
42295 4
42296 4
42297 0
42298 1
42299 1
42300 2
42301 0
42302 3
42303 0
42304 4
42305 1
42306 3
42307 2
42308 2
42309 2
42310 5
42311 2
42312 3
42313 3
42314 4
42315 1
42316 3
42317 2
42318 1
42319 0
42320 0
42321 5
42322 1
42323 0
42324 0
42325 0
42326 2
42327 4
42328 0
42329 3
42330 2
42331 2
42332 2
42333 0
42334 4
42335 2
42336 4
42337 4
42338 2
42339 1
42340 2
42341 3
42342 3
42343 3
42344 2
42345 1
42346 2
42347 4
42348 1
42349 0
42350 0
42351 3
42352 3
42353 3
42354 1
42355 4
42356 4
42357 1
42358 2
42359 1
42360 1
42361 3
42362 1
42363 5
42364 3
42365 1
42366 5
42367 0
42368 2
42369 1
42370 0
42371 3
42372 4
42373 1
42374 1
42375 1
42376 0
42377 2
42378 4
42379 3
42380 2
42381 1
42382 0
42383 4
42384 2
42385 3
42386 2
42387 1
42388 1
42389 3
42390 3
42391 4
42392 3
42393 1
42394 4
42395 1
42396 5
42397 1
42398 2
42399 4
42400 3
42401 0
42402 4
42403 5
42404 1
42405 3
42406 2
42407 0
42408 6
42409 5
42410 2
42411 4
42412 2
42413 0
42414 2
42415 4
42416 3
42417 2
42418 2
42419 5
42420 3
42421 0
42422 4
42423 3
42424 0
42425 2
42426 4
42427 3
42428 3
42429 2
42430 4
42431 2
42432 2
42433 2
42434 3
42435 1
42436 0
42437 3
42438 0
42439 3
42440 2
42441 2
42442 4
42443 2
42444 1
42445 0
42446 5
42447 3
42448 3
42449 3
42450 2
42451 1
42452 2
42453 2
42454 2
42455 2
42456 3
42457 1
42458 4
42459 1
42460 0
42461 1
42462 5
42463 2
42464 0
42465 3
42466 3
42467 3
42468 3
42469 0
42470 0
42471 2
42472 1
42473 3
42474 3
42475 4
42476 1
42477 4
42478 1
42479 1
42480 2
42481 1
42482 3
42483 5
42484 0
42485 4
42486 4
42487 2
42488 2
42489 3
42490 2
42491 3
42492 0
42493 1
42494 1
42495 2
42496 1
42497 4
42498 1
42499 4
42500 4
42501 3
42502 1
42503 2
42504 4
42505 0
42506 2
42507 3
42508 3
42509 1
42510 2
42511 1
42512 4
42513 4
42514 2
42515 3
42516 2
42517 4
42518 1
42519 1
42520 5
42521 3
42522 1
42523 2
42524 0
42525 3
42526 3
42527 3
42528 2
42529 1
42530 4
42531 3
42532 1
42533 2
42534 2
42535 3
42536 4
42537 1
42538 1
42539 2
42540 4
42541 3
42542 0
42543 3
42544 0
42545 5
42546 1
42547 3
42548 5
42549 4
42550 5
42551 3
42552 4
42553 5
42554 1
42555 4
42556 0
42557 1
42558 0
42559 5
42560 0
42561 1
42562 1
42563 1
42564 4
42565 5
42566 2
42567 0
42568 0
42569 1
42570 1
42571 5
42572 1
42573 3
42574 1
42575 3
42576 5
42577 3
42578 1
42579 1
42580 0
42581 0
42582 1
42583 1
42584 4
42585 0
42586 4
42587 2
42588 1
42589 3
42590 1
42591 1
42592 2
42593 1
42594 2
42595 4
42596 2
42597 0
42598 4
42599 4
42600 3
42601 3
42602 4
42603 1
42604 4
42605 2
42606 4
42607 0
42608 0
42609 5
42610 4
42611 4
42612 0
42613 2
42614 3
42615 2
42616 0
42617 2
42618 0
42619 3
42620 0
42621 1
42622 1
42623 0
42624 1
42625 0
42626 0
42627 5
42628 1
42629 5
42630 1
42631 0
42632 3
42633 3
42634 4
42635 1
42636 0
42637 1
42638 0
42639 1
42640 0
42641 2
42642 0
42643 4
42644 3
42645 5
42646 3
42647 0
42648 1
42649 1
42650 4
42651 2
42652 4
42653 3
42654 3
42655 0
42656 1
42657 4
42658 2
42659 5
42660 2
42661 1
42662 1
42663 2
42664 4
42665 3
42666 1
42667 1
42668 5
42669 0
42670 5
42671 1
42672 2
42673 5
42674 1
42675 2
42676 2
42677 4
42678 1
42679 2
42680 4
42681 3
42682 4
42683 5
42684 5
42685 4
42686 2
42687 3
42688 4
42689 3
42690 3
42691 0
42692 0
42693 3
42694 0
42695 2
42696 4
42697 0
42698 3
42699 3
42700 2
42701 3
42702 5
42703 5
42704 1
42705 3
42706 1
42707 0
42708 2
42709 5
42710 1
42711 3
42712 3
42713 4
42714 1
42715 4
42716 4
42717 4
42718 2
42719 4
42720 1
42721 3
42722 4
42723 1
42724 2
42725 3
42726 3
42727 5
42728 1
42729 5
42730 0
42731 5
42732 3
42733 6
42734 1
42735 1
42736 1
42737 0
42738 2
42739 2
42740 5
42741 4
42742 0
42743 2
42744 4
42745 4
42746 1
42747 1
42748 1
42749 4
42750 2
42751 0
42752 0
42753 5
42754 0
42755 4
42756 4
42757 3
42758 3
42759 5
42760 3
42761 2
42762 4
42763 4
42764 1
42765 2
42766 1
42767 4
42768 4
42769 4
42770 1
42771 1
42772 5
42773 2
42774 2
42775 1
42776 3
42777 0
42778 3
42779 3
42780 1
42781 1
42782 2
42783 0
42784 0
42785 4
42786 1
42787 4
42788 4
42789 2
42790 3
42791 0
42792 4
42793 0
42794 2
42795 4
42796 1
42797 4
42798 3
42799 2
42800 0
42801 3
42802 0
42803 1
42804 3
42805 2
42806 0
42807 3
42808 3
42809 4
42810 1
42811 3
42812 1
42813 4
42814 3
42815 2
42816 4
42817 0
42818 1
42819 2
42820 4
42821 2
42822 1
42823 2
42824 2
42825 4
42826 0
42827 4
42828 3
42829 3
42830 3
42831 5
42832 4
42833 4
42834 3
42835 3
42836 0
42837 0
42838 4
42839 0
42840 1
42841 1
42842 1
42843 0
42844 1
42845 1
42846 3
42847 0
42848 3
42849 3
42850 2
42851 2
42852 2
42853 0
42854 3
42855 5
42856 4
42857 0
42858 4
42859 3
42860 1
42861 5
42862 1
42863 0
42864 5
42865 0
42866 4
42867 4
42868 2
42869 4
42870 1
42871 4
42872 4
42873 3
42874 5
42875 3
42876 0
42877 3
42878 0
42879 3
42880 6
42881 0
42882 3
42883 4
42884 6
42885 2
42886 2
42887 3
42888 2
42889 1
42890 3
42891 2
42892 3
42893 0
42894 3
42895 3
42896 4
42897 2
42898 1
42899 0
42900 3
42901 3
42902 0
42903 3
42904 0
42905 1
42906 0
42907 3
42908 3
42909 2
42910 2
42911 4
42912 2
42913 4
42914 1
42915 1
42916 5
42917 5
42918 3
42919 2
42920 4
42921 0
42922 3
42923 3
42924 4
42925 0
42926 4
42927 3
42928 0
42929 1
42930 0
42931 2
42932 4
42933 3
42934 1
42935 4
42936 1
42937 3
42938 3
42939 2
42940 3
42941 4
42942 2
42943 4
42944 2
42945 5
42946 3
42947 5
42948 1
42949 0
42950 1
42951 2
42952 0
42953 2
42954 3
42955 0
42956 0
42957 0
42958 2
42959 3
42960 3
42961 1
42962 1
42963 4
42964 0
42965 1
42966 0
42967 2
42968 3
42969 3
42970 4
42971 0
42972 4
42973 2
42974 3
42975 4
42976 3
42977 4
42978 1
42979 4
42980 4
42981 3
42982 4
42983 2
42984 2
42985 1
42986 3
42987 2
42988 1
42989 2
42990 1
42991 4
42992 3
42993 2
42994 2
42995 2
42996 3
42997 0
42998 0
42999 0
43000 0
43001 4
43002 1
43003 0
43004 2
43005 3
43006 2
43007 0
43008 1
43009 0
43010 1
43011 2
43012 3
43013 1
43014 2
43015 2
43016 4
43017 4
43018 2
43019 1
43020 0
43021 3
43022 4
43023 2
43024 5
43025 3
43026 2
43027 0
43028 0
43029 1
43030 4
43031 1
43032 3
43033 3
43034 4
43035 5
43036 0
43037 2
43038 0
43039 2
43040 2
43041 4
43042 1
43043 1
43044 0
43045 5
43046 0
43047 1
43048 2
43049 3
43050 2
43051 2
43052 3
43053 3
43054 0
43055 3
43056 2
43057 1
43058 3
43059 0
43060 5
43061 0
43062 1
43063 0
43064 2
43065 5
43066 1
43067 1
43068 2
43069 5
43070 4
43071 0
43072 3
43073 1
43074 2
43075 4
43076 2
43077 1
43078 3
43079 1
43080 1
43081 2
43082 2
43083 0
43084 1
43085 3
43086 1
43087 4
43088 3
43089 4
43090 1
43091 3
43092 2
43093 0
43094 1
43095 2
43096 3
43097 1
43098 4
43099 3
43100 4
43101 5
43102 0
43103 0
43104 1
43105 2
43106 2
43107 3
43108 1
43109 1
43110 3
43111 3
43112 2
43113 1
43114 0
43115 2
43116 0
43117 2
43118 1
43119 1
43120 4
43121 0
43122 4
43123 0
43124 2
43125 1
43126 2
43127 3
43128 1
43129 2
43130 3
43131 2
43132 0
43133 6
43134 3
43135 5
43136 0
43137 5
43138 0
43139 0
43140 4
43141 2
43142 5
43143 1
43144 2
43145 3
43146 3
43147 0
43148 4
43149 1
43150 3
43151 0
43152 3
43153 4
43154 2
43155 5
43156 3
43157 6
43158 4
43159 4
43160 2
43161 0
43162 1
43163 2
43164 2
43165 3
43166 3
43167 4
43168 2
43169 2
43170 4
43171 1
43172 2
43173 3
43174 0
43175 3
43176 1
43177 3
43178 0
43179 5
43180 3
43181 2
43182 1
43183 0
43184 3
43185 3
43186 3
43187 3
43188 3
43189 2
43190 0
43191 2
43192 1
43193 2
43194 0
43195 3
43196 1
43197 3
43198 1
43199 1
43200 0
43201 0
43202 3
43203 3
43204 0
43205 0
43206 4
43207 3
43208 2
43209 2
43210 0
43211 1
43212 3
43213 1
43214 3
43215 4
43216 1
43217 1
43218 1
43219 4
43220 3
43221 1
43222 3
43223 5
43224 0
43225 1
43226 0
43227 2
43228 4
43229 3
43230 3
43231 2
43232 4
43233 0
43234 1
43235 2
43236 3
43237 4
43238 3
43239 0
43240 2
43241 2
43242 3
43243 1
43244 2
43245 3
43246 0
43247 2
43248 0
43249 0
43250 4
43251 2
43252 1
43253 1
43254 4
43255 2
43256 0
43257 2
43258 0
43259 1
43260 4
43261 2
43262 5
43263 2
43264 2
43265 0
43266 4
43267 0
43268 2
43269 1
43270 1
43271 4
43272 1
43273 1
43274 3
43275 2
43276 1
43277 0
43278 1
43279 5
43280 2
43281 3
43282 3
43283 3
43284 4
43285 4
43286 3
43287 0
43288 0
43289 0
43290 0
43291 3
43292 5
43293 1
43294 0
43295 3
43296 1
43297 3
43298 5
43299 2
43300 1
43301 1
43302 1
43303 3
43304 5
43305 1
43306 4
43307 0
43308 6
43309 2
43310 1
43311 1
43312 3
43313 1
43314 2
43315 1
43316 0
43317 4
43318 3
43319 2
43320 0
43321 0
43322 0
43323 2
43324 2
43325 3
43326 3
43327 0
43328 0
43329 2
43330 3
43331 2
43332 2
43333 4
43334 2
43335 2
43336 5
43337 3
43338 0
43339 1
43340 2
43341 0
43342 3
43343 2
43344 0
43345 3
43346 0
43347 5
43348 0
43349 1
43350 0
43351 3
43352 3
43353 2
43354 1
43355 2
43356 3
43357 4
43358 4
43359 2
43360 3
43361 5
43362 4
43363 2
43364 3
43365 4
43366 2
43367 4
43368 1
43369 0
43370 5
43371 2
43372 0
43373 3
43374 5
43375 1
43376 2
43377 1
43378 1
43379 3
43380 2
43381 3
43382 2
43383 1
43384 3
43385 4
43386 1
43387 0
43388 4
43389 0
43390 1
43391 3
43392 2
43393 0
43394 3
43395 3
43396 4
43397 4
43398 4
43399 0
43400 5
43401 0
43402 3
43403 3
43404 2
43405 5
43406 4
43407 2
43408 1
43409 3
43410 1
43411 4
43412 5
43413 0
43414 0
43415 1
43416 2
43417 4
43418 5
43419 3
43420 0
43421 4
43422 0
43423 1
43424 2
43425 2
43426 2
43427 0
43428 4
43429 3
43430 1
43431 1
43432 1
43433 3
43434 3
43435 1
43436 5
43437 0
43438 1
43439 3
43440 1
43441 5
43442 5
43443 1
43444 4
43445 0
43446 2
43447 0
43448 1
43449 0
43450 3
43451 0
43452 0
43453 2
43454 1
43455 6
43456 2
43457 2
43458 0
43459 3
43460 3
43461 4
43462 0
43463 0
43464 0
43465 2
43466 4
43467 4
43468 3
43469 4
43470 5
43471 4
43472 4
43473 0
43474 3
43475 2
43476 0
43477 0
43478 2
43479 0
43480 4
43481 0
43482 1
43483 2
43484 5
43485 2
43486 4
43487 5
43488 1
43489 5
43490 3
43491 2
43492 0
43493 2
43494 3
43495 1
43496 0
43497 0
43498 4
43499 1
43500 3
43501 4
43502 4
43503 3
43504 5
43505 1
43506 4
43507 0
43508 1
43509 5
43510 1
43511 2
43512 4
43513 3
43514 1
43515 4
43516 1
43517 1
43518 0
43519 5
43520 1
43521 4
43522 3
43523 2
43524 0
43525 4
43526 3
43527 1
43528 4
43529 2
43530 2
43531 5
43532 4
43533 4
43534 4
43535 3
43536 4
43537 1
43538 0
43539 1
43540 1
43541 2
43542 3
43543 0
43544 0
43545 2
43546 2
43547 3
43548 2
43549 0
43550 3
43551 2
43552 2
43553 2
43554 1
43555 1
43556 2
43557 1
43558 2
43559 1
43560 4
43561 5
43562 1
43563 4
43564 5
43565 3
43566 1
43567 3
43568 1
43569 3
43570 3
43571 4
43572 0
43573 2
43574 1
43575 2
43576 3
43577 2
43578 1
43579 0
43580 3
43581 3
43582 3
43583 5
43584 4
43585 2
43586 0
43587 3
43588 4
43589 0
43590 3
43591 0
43592 3
43593 3
43594 3
43595 4
43596 5
43597 0
43598 0
43599 2
43600 2
43601 4
43602 4
43603 1
43604 3
43605 0
43606 2
43607 3
43608 4
43609 1
43610 3
43611 2
43612 5
43613 2
43614 2
43615 1
43616 1
43617 4
43618 4
43619 0
43620 3
43621 3
43622 3
43623 2
43624 0
43625 2
43626 4
43627 2
43628 0
43629 4
43630 0
43631 2
43632 0
43633 3
43634 1
43635 2
43636 4
43637 3
43638 0
43639 3
43640 2
43641 0
43642 2
43643 2
43644 0
43645 1
43646 1
43647 3
43648 3
43649 1
43650 3
43651 4
43652 4
43653 0
43654 1
43655 4
43656 4
43657 3
43658 2
43659 4
43660 5
43661 5
43662 3
43663 2
43664 1
43665 5
43666 2
43667 5
43668 3
43669 1
43670 1
43671 0
43672 0
43673 1
43674 1
43675 3
43676 1
43677 0
43678 1
43679 0
43680 0
43681 0
43682 4
43683 3
43684 1
43685 5
43686 2
43687 2
43688 3
43689 0
43690 5
43691 0
43692 2
43693 2
43694 2
43695 0
43696 4
43697 1
43698 3
43699 2
43700 4
43701 3
43702 4
43703 4
43704 0
43705 0
43706 1
43707 1
43708 1
43709 1
43710 1
43711 3
43712 3
43713 0
43714 4
43715 4
43716 2
43717 2
43718 3
43719 5
43720 3
43721 3
43722 2
43723 0
43724 0
43725 2
43726 1
43727 1
43728 2
43729 0
43730 3
43731 4
43732 6
43733 0
43734 4
43735 3
43736 3
43737 0
43738 1
43739 4
43740 1
43741 2
43742 3
43743 1
43744 1
43745 3
43746 4
43747 0
43748 0
43749 4
43750 2
43751 2
43752 3
43753 2
43754 0
43755 4
43756 1
43757 0
43758 1
43759 0
43760 3
43761 2
43762 3
43763 1
43764 2
43765 3
43766 1
43767 3
43768 3
43769 4
43770 3
43771 1
43772 3
43773 2
43774 0
43775 0
43776 2
43777 3
43778 1
43779 2
43780 4
43781 0
43782 5
43783 0
43784 0
43785 4
43786 2
43787 3
43788 4
43789 1
43790 2
43791 2
43792 1
43793 5
43794 4
43795 1
43796 3
43797 5
43798 1
43799 5
43800 5
43801 2
43802 1
43803 1
43804 5
43805 1
43806 5
43807 1
43808 4
43809 2
43810 2
43811 3
43812 1
43813 2
43814 3
43815 0
43816 2
43817 2
43818 5
43819 0
43820 3
43821 2
43822 1
43823 2
43824 3
43825 3
43826 2
43827 4
43828 4
43829 4
43830 4
43831 5
43832 5
43833 0
43834 1
43835 6
43836 3
43837 3
43838 0
43839 2
43840 4
43841 0
43842 0
43843 3
43844 3
43845 2
43846 3
43847 0
43848 3
43849 2
43850 3
43851 1
43852 5
43853 2
43854 0
43855 0
43856 3
43857 0
43858 4
43859 1
43860 2
43861 1
43862 0
43863 1
43864 2
43865 0
43866 0
43867 0
43868 2
43869 2
43870 1
43871 1
43872 5
43873 3
43874 1
43875 3
43876 2
43877 0
43878 0
43879 2
43880 6
43881 2
43882 4
43883 4
43884 1
43885 2
43886 1
43887 5
43888 3
43889 1
43890 2
43891 4
43892 0
43893 0
43894 0
43895 2
43896 0
43897 0
43898 5
43899 4
43900 0
43901 2
43902 0
43903 4
43904 1
43905 2
43906 3
43907 0
43908 2
43909 3
43910 4
43911 0
43912 0
43913 3
43914 2
43915 1
43916 0
43917 3
43918 4
43919 1
43920 5
43921 3
43922 3
43923 4
43924 2
43925 0
43926 1
43927 2
43928 5
43929 2
43930 3
43931 1
43932 4
43933 0
43934 1
43935 3
43936 3
43937 2
43938 3
43939 5
43940 3
43941 3
43942 4
43943 2
43944 0
43945 1
43946 3
43947 1
43948 2
43949 0
43950 3
43951 2
43952 1
43953 1
43954 3
43955 3
43956 0
43957 5
43958 0
43959 0
43960 1
43961 3
43962 4
43963 2
43964 0
43965 3
43966 1
43967 4
43968 2
43969 3
43970 4
43971 4
43972 1
43973 0
43974 2
43975 4
43976 0
43977 2
43978 1
43979 3
43980 0
43981 3
43982 2
43983 3
43984 3
43985 3
43986 1
43987 4
43988 1
43989 1
43990 0
43991 1
43992 4
43993 4
43994 0
43995 3
43996 2
43997 0
43998 1
43999 1
44000 4
44001 4
44002 0
44003 2
44004 4
44005 3
44006 1
44007 3
44008 3
44009 0
44010 0
44011 2
44012 5
44013 4
44014 2
44015 2
44016 2
44017 4
44018 2
44019 1
44020 3
44021 3
44022 1
44023 1
44024 3
44025 1
44026 2
44027 2
44028 5
44029 0
44030 2
44031 2
44032 3
44033 2
44034 1
44035 0
44036 0
44037 0
44038 0
44039 4
44040 3
44041 5
44042 5
44043 0
44044 1
44045 3
44046 2
44047 0
44048 0
44049 5
44050 3
44051 5
44052 2
44053 2
44054 4
44055 1
44056 1
44057 1
44058 2
44059 4
44060 2
44061 3
44062 3
44063 3
44064 2
44065 0
44066 3
44067 4
44068 0
44069 4
44070 5
44071 0
44072 1
44073 0
44074 3
44075 0
44076 1
44077 4
44078 3
44079 3
44080 2
44081 0
44082 1
44083 0
44084 2
44085 1
44086 0
44087 3
44088 2
44089 5
44090 0
44091 1
44092 0
44093 5
44094 1
44095 4
44096 2
44097 1
44098 0
44099 0
44100 5
44101 0
44102 3
44103 3
44104 3
44105 4
44106 3
44107 1
44108 3
44109 0
44110 5
44111 3
44112 2
44113 3
44114 4
44115 2
44116 3
44117 1
44118 2
44119 3
44120 2
44121 1
44122 3
44123 0
44124 2
44125 2
44126 3
44127 4
44128 1
44129 5
44130 1
44131 3
44132 1
44133 2
44134 4
44135 3
44136 1
44137 3
44138 3
44139 3
44140 1
44141 5
44142 1
44143 4
44144 2
44145 1
44146 1
44147 0
44148 3
44149 1
44150 0
44151 0
44152 2
44153 3
44154 3
44155 2
44156 4
44157 4
44158 1
44159 3
44160 1
44161 1
44162 0
44163 1
44164 5
44165 0
44166 4
44167 0
44168 3
44169 2
44170 3
44171 4
44172 5
44173 3
44174 2
44175 2
44176 0
44177 4
44178 5
44179 1
44180 1
44181 2
44182 3
44183 4
44184 0
44185 5
44186 2
44187 3
44188 1
44189 3
44190 4
44191 2
44192 4
44193 2
44194 0
44195 2
44196 0
44197 1
44198 0
44199 0
44200 2
44201 0
44202 1
44203 3
44204 3
44205 4
44206 4
44207 2
44208 1
44209 0
44210 4
44211 0
44212 2
44213 1
44214 2
44215 4
44216 4
44217 0
44218 3
44219 1
44220 0
44221 3
44222 3
44223 0
44224 3
44225 3
44226 0
44227 3
44228 0
44229 3
44230 5
44231 1
44232 3
44233 0
44234 0
44235 5
44236 3
44237 2
44238 3
44239 5
44240 2
44241 0
44242 4
44243 5
44244 2
44245 4
44246 3
44247 1
44248 0
44249 5
44250 2
44251 4
44252 4
44253 5
44254 2
44255 3
44256 2
44257 1
44258 3
44259 3
44260 4
44261 0
44262 5
44263 4
44264 2
44265 2
44266 3
44267 1
44268 1
44269 2
44270 4
44271 0
44272 2
44273 0
44274 3
44275 2
44276 2
44277 4
44278 4
44279 3
44280 2
44281 0
44282 1
44283 1
44284 1
44285 2
44286 3
44287 2
44288 3
44289 4
44290 1
44291 2
44292 3
44293 0
44294 3
44295 1
44296 0
44297 2
44298 0
44299 0
44300 0
44301 2
44302 1
44303 2
44304 4
44305 1
44306 0
44307 2
44308 5
44309 2
44310 4
44311 5
44312 5
44313 5
44314 2
44315 1
44316 0
44317 1
44318 0
44319 0
44320 4
44321 0
44322 3
44323 1
44324 1
44325 1
44326 1
44327 4
44328 0
44329 4
44330 4
44331 3
44332 2
44333 1
44334 0
44335 0
44336 0
44337 2
44338 2
44339 4
44340 2
44341 1
44342 1
44343 1
44344 3
44345 1
44346 0
44347 3
44348 3
44349 0
44350 0
44351 4
44352 1
44353 0
44354 1
44355 1
44356 1
44357 2
44358 3
44359 4
44360 2
44361 4
44362 4
44363 3
44364 4
44365 2
44366 0
44367 0
44368 2
44369 3
44370 4
44371 2
44372 3
44373 3
44374 2
44375 0
44376 3
44377 5
44378 3
44379 0
44380 1
44381 0
44382 0
44383 0
44384 0
44385 2
44386 2
44387 1
44388 0
44389 2
44390 0
44391 3
44392 2
44393 3
44394 1
44395 1
44396 2
44397 0
44398 0
44399 5
44400 0
44401 2
44402 2
44403 2
44404 2
44405 1
44406 0
44407 6
44408 3
44409 3
44410 2
44411 1
44412 5
44413 0
44414 0
44415 5
44416 0
44417 1
44418 3
44419 4
44420 4
44421 0
44422 3
44423 0
44424 0
44425 0
44426 4
44427 1
44428 3
44429 4
44430 4
44431 2
44432 4
44433 3
44434 4
44435 0
44436 2
44437 2
44438 1
44439 1
44440 2
44441 3
44442 0
44443 3
44444 2
44445 5
44446 1
44447 2
44448 1
44449 0
44450 2
44451 3
44452 4
44453 0
44454 4
44455 5
44456 5
44457 0
44458 3
44459 4
44460 4
44461 2
44462 1
44463 3
44464 1
44465 6
44466 3
44467 3
44468 1
44469 0
44470 1
44471 4
44472 3
44473 2
44474 0
44475 0
44476 4
44477 2
44478 4
44479 3
44480 2
44481 2
44482 2
44483 1
44484 2
44485 3
44486 5
44487 2
44488 0
44489 2
44490 2
44491 0
44492 1
44493 3
44494 3
44495 2
44496 1
44497 4
44498 2
44499 3
44500 5
44501 1
44502 2
44503 3
44504 1
44505 4
44506 2
44507 3
44508 3
44509 2
44510 0
44511 1
44512 2
44513 4
44514 4
44515 1
44516 1
44517 0
44518 0
44519 1
44520 0
44521 0
44522 1
44523 4
44524 5
44525 0
44526 4
44527 5
44528 5
44529 3
44530 3
44531 3
44532 5
44533 0
44534 1
44535 3
44536 0
44537 4
44538 0
44539 5
44540 1
44541 5
44542 3
44543 3
44544 4
44545 1
44546 1
44547 2
44548 4
44549 4
44550 3
44551 1
44552 5
44553 0
44554 0
44555 0
44556 3
44557 2
44558 1
44559 0
44560 2
44561 2
44562 1
44563 3
44564 5
44565 2
44566 5
44567 5
44568 0
44569 2
44570 1
44571 3
44572 0
44573 1
44574 5
44575 0
44576 1
44577 1
44578 3
44579 0
44580 0
44581 0
44582 5
44583 3
44584 0
44585 0
44586 2
44587 5
44588 1
44589 1
44590 5
44591 5
44592 3
44593 5
44594 1
44595 0
44596 1
44597 4
44598 4
44599 3
44600 1
44601 3
44602 2
44603 3
44604 3
44605 0
44606 4
44607 3
44608 0
44609 1
44610 0
44611 4
44612 3
44613 0
44614 1
44615 1
44616 3
44617 3
44618 1
44619 2
44620 2
44621 1
44622 2
44623 2
44624 5
44625 5
44626 4
44627 3
44628 2
44629 2
44630 5
44631 1
44632 0
44633 1
44634 2
44635 0
44636 5
44637 0
44638 1
44639 4
44640 2
44641 3
44642 3
44643 0
44644 2
44645 0
44646 2
44647 0
44648 2
44649 0
44650 3
44651 1
44652 3
44653 2
44654 3
44655 1
44656 2
44657 1
44658 3
44659 3
44660 3
44661 2
44662 5
44663 0
44664 1
44665 4
44666 4
44667 1
44668 3
44669 4
44670 1
44671 2
44672 2
44673 5
44674 1
44675 1
44676 0
44677 2
44678 0
44679 3
44680 0
44681 1
44682 1
44683 2
44684 2
44685 5
44686 2
44687 1
44688 3
44689 1
44690 2
44691 0
44692 1
44693 0
44694 3
44695 3
44696 1
44697 1
44698 4
44699 2
44700 4
44701 2
44702 2
44703 0
44704 2
44705 2
44706 0
44707 3
44708 0
44709 0
44710 1
44711 2
44712 2
44713 0
44714 1
44715 0
44716 0
44717 2
44718 1
44719 3
44720 0
44721 3
44722 0
44723 4
44724 4
44725 0
44726 2
44727 4
44728 0
44729 0
44730 3
44731 4
44732 0
44733 3
44734 0
44735 5
44736 1
44737 2
44738 3
44739 4
44740 1
44741 3
44742 3
44743 1
44744 2
44745 1
44746 4
44747 3
44748 0
44749 3
44750 1
44751 2
44752 3
44753 4
44754 5
44755 5
44756 0
44757 4
44758 1
44759 5
44760 0
44761 0
44762 4
44763 1
44764 2
44765 3
44766 5
44767 4
44768 3
44769 1
44770 4
44771 2
44772 5
44773 1
44774 1
44775 0
44776 4
44777 4
44778 2
44779 3
44780 1
44781 4
44782 2
44783 2
44784 0
44785 1
44786 4
44787 0
44788 1
44789 0
44790 1
44791 2
44792 3
44793 4
44794 3
44795 2
44796 2
44797 2
44798 6
44799 1
44800 0
44801 0
44802 0
44803 0
44804 4
44805 0
44806 1
44807 1
44808 2
44809 1
44810 1
44811 2
44812 3
44813 3
44814 0
44815 2
44816 4
44817 4
44818 1
44819 2
44820 1
44821 4
44822 5
44823 0
44824 3
44825 1
44826 4
44827 2
44828 0
44829 1
44830 1
44831 1
44832 4
44833 1
44834 3
44835 4
44836 0
44837 2
44838 1
44839 0
44840 2
44841 2
44842 1
44843 3
44844 2
44845 3
44846 4
44847 1
44848 1
44849 5
44850 0
44851 1
44852 5
44853 3
44854 6
44855 1
44856 0
44857 0
44858 5
44859 1
44860 1
44861 0
44862 1
44863 1
44864 4
44865 3
44866 3
44867 1
44868 2
44869 4
44870 1
44871 0
44872 2
44873 2
44874 2
44875 1
44876 4
44877 0
44878 1
44879 2
44880 4
44881 4
44882 1
44883 2
44884 0
44885 2
44886 1
44887 0
44888 4
44889 3
44890 3
44891 3
44892 0
44893 1
44894 2
44895 3
44896 1
44897 1
44898 2
44899 4
44900 3
44901 2
44902 2
44903 2
44904 4
44905 1
44906 3
44907 1
44908 1
44909 2
44910 3
44911 2
44912 0
44913 3
44914 3
44915 2
44916 1
44917 3
44918 2
44919 0
44920 2
44921 3
44922 4
44923 3
44924 2
44925 0
44926 4
44927 4
44928 3
44929 5
44930 1
44931 3
44932 0
44933 2
44934 4
44935 5
44936 0
44937 1
44938 4
44939 3
44940 0
44941 2
44942 2
44943 2
44944 5
44945 1
44946 1
44947 2
44948 0
44949 2
44950 0
44951 3
44952 4
44953 0
44954 2
44955 4
44956 2
44957 4
44958 2
44959 1
44960 4
44961 3
44962 1
44963 2
44964 1
44965 4
44966 3
44967 1
44968 5
44969 0
44970 0
44971 2
44972 2
44973 3
44974 0
44975 4
44976 2
44977 2
44978 0
44979 2
44980 3
44981 2
44982 4
44983 3
44984 4
44985 2
44986 4
44987 2
44988 4
44989 4
44990 3
44991 3
44992 0
44993 0
44994 3
44995 2
44996 3
44997 5
44998 4
44999 5
45000 3
45001 1
45002 0
45003 2
45004 4
45005 2
45006 1
45007 2
45008 0
45009 5
45010 0
45011 2
45012 3
45013 5
45014 4
45015 2
45016 2
45017 1
45018 1
45019 1
45020 2
45021 5
45022 2
45023 2
45024 1
45025 0
45026 4
45027 0
45028 1
45029 2
45030 2
45031 1
45032 0
45033 5
45034 2
45035 2
45036 1
45037 6
45038 4
45039 1
45040 0
45041 4
45042 3
45043 5
45044 0
45045 1
45046 0
45047 0
45048 0
45049 5
45050 2
45051 4
45052 1
45053 1
45054 2
45055 2
45056 4
45057 3
45058 0
45059 4
45060 0
45061 2
45062 1
45063 3
45064 3
45065 0
45066 1
45067 2
45068 2
45069 3
45070 0
45071 2
45072 0
45073 4
45074 2
45075 5
45076 4
45077 3
45078 3
45079 5
45080 4
45081 5
45082 1
45083 0
45084 5
45085 4
45086 1
45087 0
45088 0
45089 1
45090 0
45091 5
45092 2
45093 1
45094 4
45095 4
45096 3
45097 3
45098 2
45099 0
45100 1
45101 4
45102 1
45103 4
45104 2
45105 3
45106 2
45107 1
45108 4
45109 2
45110 3
45111 2
45112 1
45113 2
45114 3
45115 2
45116 5
45117 2
45118 0
45119 0
45120 0
45121 1
45122 1
45123 3
45124 1
45125 3
45126 3
45127 0
45128 3
45129 2
45130 2
45131 1
45132 0
45133 2
45134 2
45135 0
45136 3
45137 3
45138 2
45139 0
45140 1
45141 2
45142 3
45143 3
45144 0
45145 2
45146 4
45147 1
45148 2
45149 1
45150 0
45151 2
45152 2
45153 4
45154 4
45155 0
45156 1
45157 1
45158 3
45159 3
45160 3
45161 2
45162 3
45163 1
45164 4
45165 0
45166 2
45167 0
45168 2
45169 2
45170 3
45171 2
45172 1
45173 5
45174 5
45175 3
45176 3
45177 0
45178 2
45179 0
45180 2
45181 3
45182 1
45183 1
45184 4
45185 5
45186 2
45187 1
45188 6
45189 3
45190 2
45191 0
45192 1
45193 4
45194 2
45195 1
45196 0
45197 2
45198 0
45199 1
45200 4
45201 0
45202 3
45203 0
45204 3
45205 1
45206 2
45207 0
45208 0
45209 3
45210 2
45211 1
45212 3
45213 3
45214 1
45215 3
45216 0
45217 2
45218 3
45219 4
45220 0
45221 4
45222 0
45223 2
45224 2
45225 1
45226 4
45227 1
45228 2
45229 2
45230 3
45231 5
45232 0
45233 0
45234 1
45235 3
45236 4
45237 1
45238 0
45239 2
45240 4
45241 3
45242 2
45243 3
45244 2
45245 5
45246 0
45247 4
45248 2
45249 0
45250 2
45251 1
45252 2
45253 1
45254 5
45255 5
45256 2
45257 3
45258 4
45259 4
45260 5
45261 1
45262 1
45263 4
45264 2
45265 0
45266 3
45267 1
45268 0
45269 3
45270 5
45271 4
45272 0
45273 4
45274 4
45275 3
45276 4
45277 4
45278 1
45279 1
45280 4
45281 2
45282 3
45283 5
45284 1
45285 4
45286 5
45287 2
45288 2
45289 1
45290 5
45291 3
45292 3
45293 0
45294 4
45295 5
45296 5
45297 0
45298 4
45299 0
45300 1
45301 1
45302 4
45303 1
45304 3
45305 3
45306 1
45307 2
45308 2
45309 6
45310 5
45311 4
45312 5
45313 2
45314 5
45315 1
45316 0
45317 2
45318 0
45319 4
45320 4
45321 3
45322 2
45323 3
45324 4
45325 4
45326 2
45327 0
45328 4
45329 1
45330 2
45331 1
45332 3
45333 4
45334 4
45335 4
45336 1
45337 1
45338 3
45339 2
45340 3
45341 0
45342 4
45343 5
45344 3
45345 3
45346 3
45347 1
45348 3
45349 0
45350 3
45351 3
45352 2
45353 1
45354 0
45355 1
45356 4
45357 3
45358 2
45359 4
45360 4
45361 4
45362 2
45363 2
45364 1
45365 2
45366 4
45367 2
45368 1
45369 1
45370 2
45371 2
45372 4
45373 3
45374 4
45375 1
45376 1
45377 4
45378 2
45379 3
45380 4
45381 1
45382 3
45383 3
45384 0
45385 2
45386 1
45387 4
45388 3
45389 3
45390 1
45391 6
45392 5
45393 2
45394 3
45395 4
45396 3
45397 0
45398 0
45399 1
45400 4
45401 0
45402 0
45403 2
45404 1
45405 0
45406 3
45407 2
45408 0
45409 4
45410 4
45411 4
45412 2
45413 4
45414 3
45415 4
45416 1
45417 2
45418 2
45419 4
45420 1
45421 2
45422 5
45423 0
45424 5
45425 1
45426 2
45427 2
45428 3
45429 3
45430 3
45431 3
45432 2
45433 4
45434 2
45435 1
45436 2
45437 0
45438 4
45439 5
45440 4
45441 0
45442 3
45443 2
45444 4
45445 3
45446 1
45447 0
45448 4
45449 5
45450 1
45451 0
45452 2
45453 4
45454 3
45455 0
45456 3
45457 3
45458 3
45459 3
45460 0
45461 4
45462 3
45463 1
45464 3
45465 3
45466 4
45467 3
45468 0
45469 3
45470 0
45471 2
45472 1
45473 3
45474 5
45475 0
45476 4
45477 3
45478 0
45479 2
45480 0
45481 4
45482 0
45483 4
45484 1
45485 0
45486 0
45487 0
45488 2
45489 1
45490 3
45491 1
45492 2
45493 2
45494 0
45495 2
45496 3
45497 1
45498 2
45499 3
45500 1
45501 5
45502 3
45503 1
45504 1
45505 1
45506 4
45507 2
45508 1
45509 4
45510 3
45511 1
45512 2
45513 2
45514 0
45515 0
45516 3
45517 4
45518 4
45519 1
45520 3
45521 5
45522 0
45523 4
45524 5
45525 0
45526 1
45527 0
45528 3
45529 3
45530 3
45531 0
45532 0
45533 1
45534 0
45535 1
45536 1
45537 2
45538 0
45539 4
45540 3
45541 4
45542 0
45543 2
45544 3
45545 1
45546 1
45547 0
45548 4
45549 2
45550 0
45551 2
45552 0
45553 3
45554 3
45555 3
45556 2
45557 4
45558 3
45559 4
45560 0
45561 0
45562 4
45563 1
45564 3
45565 3
45566 4
45567 4
45568 3
45569 2
45570 3
45571 2
45572 1
45573 1
45574 2
45575 2
45576 1
45577 0
45578 1
45579 0
45580 1
45581 2
45582 3
45583 2
45584 0
45585 2
45586 3
45587 0
45588 1
45589 1
45590 3
45591 1
45592 0
45593 0
45594 2
45595 1
45596 3
45597 0
45598 4
45599 4
45600 3
45601 5
45602 2
45603 1
45604 0
45605 3
45606 5
45607 3
45608 0
45609 3
45610 4
45611 4
45612 0
45613 2
45614 5
45615 2
45616 3
45617 4
45618 0
45619 1
45620 0
45621 0
45622 3
45623 1
45624 0
45625 2
45626 4
45627 1
45628 1
45629 3
45630 3
45631 4
45632 2
45633 0
45634 5
45635 1
45636 2
45637 0
45638 2
45639 1
45640 3
45641 3
45642 1
45643 2
45644 2
45645 1
45646 0
45647 3
45648 6
45649 4
45650 4
45651 1
45652 4
45653 4
45654 3
45655 2
45656 0
45657 2
45658 1
45659 2
45660 3
45661 5
45662 1
45663 0
45664 5
45665 2
45666 4
45667 4
45668 0
45669 2
45670 1
45671 2
45672 3
45673 3
45674 4
45675 3
45676 4
45677 3
45678 1
45679 1
45680 0
45681 0
45682 3
45683 4
45684 5
45685 0
45686 2
45687 2
45688 0
45689 4
45690 2
45691 4
45692 1
45693 4
45694 0
45695 3
45696 4
45697 5
45698 1
45699 0
45700 3
45701 5
45702 0
45703 1
45704 3
45705 3
45706 0
45707 1
45708 1
45709 2
45710 4
45711 3
45712 5
45713 6
45714 3
45715 1
45716 2
45717 0
45718 1
45719 2
45720 3
45721 1
45722 1
45723 1
45724 1
45725 0
45726 4
45727 1
45728 2
45729 3
45730 0
45731 4
45732 0
45733 2
45734 0
45735 1
45736 2
45737 2
45738 3
45739 3
45740 1
45741 0
45742 4
45743 1
45744 3
45745 5
45746 4
45747 4
45748 3
45749 1
45750 4
45751 2
45752 2
45753 1
45754 2
45755 3
45756 3
45757 3
45758 0
45759 1
45760 4
45761 2
45762 0
45763 3
45764 4
45765 4
45766 2
45767 0
45768 1
45769 0
45770 1
45771 4
45772 0
45773 1
45774 3
45775 3
45776 2
45777 4
45778 2
45779 3
45780 3
45781 4
45782 2
45783 3
45784 2
45785 1
45786 5
45787 2
45788 0
45789 2
45790 0
45791 2
45792 2
45793 0
45794 4
45795 0
45796 5
45797 5
45798 0
45799 5
45800 2
45801 3
45802 5
45803 2
45804 3
45805 3
45806 2
45807 1
45808 3
45809 0
45810 3
45811 2
45812 0
45813 1
45814 1
45815 5
45816 3
45817 5
45818 3
45819 1
45820 3
45821 5
45822 0
45823 3
45824 3
45825 4
45826 4
45827 5
45828 1
45829 3
45830 3
45831 1
45832 2
45833 1
45834 2
45835 1
45836 0
45837 3
45838 2
45839 5
45840 0
45841 0
45842 1
45843 0
45844 0
45845 1
45846 0
45847 4
45848 2
45849 2
45850 3
45851 1
45852 0
45853 0
45854 0
45855 4
45856 4
45857 0
45858 0
45859 0
45860 1
45861 4
45862 0
45863 4
45864 5
45865 4
45866 0
45867 1
45868 0
45869 4
45870 0
45871 0
45872 2
45873 1
45874 1
45875 1
45876 0
45877 4
45878 3
45879 3
45880 1
45881 0
45882 3
45883 5
45884 4
45885 4
45886 2
45887 2
45888 0
45889 0
45890 2
45891 1
45892 1
45893 4
45894 5
45895 5
45896 0
45897 0
45898 2
45899 4
45900 0
45901 4
45902 5
45903 2
45904 4
45905 2
45906 5
45907 2
45908 3
45909 2
45910 2
45911 2
45912 3
45913 1
45914 3
45915 1
45916 4
45917 1
45918 2
45919 1
45920 0
45921 4
45922 0
45923 3
45924 3
45925 3
45926 3
45927 4
45928 0
45929 2
45930 4
45931 3
45932 0
45933 1
45934 2
45935 4
45936 2
45937 1
45938 4
45939 1
45940 4
45941 4
45942 0
45943 3
45944 3
45945 1
45946 5
45947 5
45948 0
45949 3
45950 3
45951 3
45952 1
45953 3
45954 0
45955 5
45956 0
45957 1
45958 2
45959 2
45960 4
45961 2
45962 4
45963 3
45964 1
45965 3
45966 4
45967 4
45968 5
45969 2
45970 4
45971 0
45972 2
45973 4
45974 0
45975 4
45976 1
45977 1
45978 4
45979 1
45980 0
45981 1
45982 0
45983 1
45984 0
45985 3
45986 5
45987 0
45988 3
45989 2
45990 0
45991 5
45992 4
45993 3
45994 2
45995 0
45996 1
45997 1
45998 4
45999 3
46000 1
46001 3
46002 0
46003 2
46004 5
46005 4
46006 4
46007 0
46008 1
46009 2
46010 4
46011 2
46012 1
46013 6
46014 3
46015 3
46016 2
46017 3
46018 3
46019 4
46020 5
46021 1
46022 2
46023 1
46024 1
46025 2
46026 0
46027 0
46028 4
46029 0
46030 4
46031 1
46032 2
46033 0
46034 1
46035 0
46036 3
46037 3
46038 3
46039 3
46040 0
46041 1
46042 1
46043 2
46044 2
46045 1
46046 3
46047 3
46048 1
46049 3
46050 0
46051 1
46052 5
46053 2
46054 2
46055 0
46056 4
46057 4
46058 0
46059 0
46060 4
46061 4
46062 0
46063 2
46064 0
46065 4
46066 5
46067 1
46068 4
46069 4
46070 0
46071 0
46072 3
46073 4
46074 5
46075 4
46076 0
46077 1
46078 4
46079 1
46080 0
46081 1
46082 4
46083 3
46084 3
46085 5
46086 0
46087 2
46088 0
46089 4
46090 1
46091 0
46092 1
46093 4
46094 0
46095 3
46096 3
46097 1
46098 0
46099 2
46100 3
46101 4
46102 1
46103 2
46104 0
46105 0
46106 1
46107 2
46108 4
46109 4
46110 3
46111 2
46112 3
46113 1
46114 2
46115 5
46116 0
46117 1
46118 0
46119 5
46120 2
46121 3
46122 1
46123 1
46124 3
46125 4
46126 2
46127 4
46128 1
46129 0
46130 4
46131 2
46132 4
46133 0
46134 1
46135 0
46136 3
46137 2
46138 2
46139 1
46140 3
46141 3
46142 2
46143 0
46144 5
46145 0
46146 2
46147 0
46148 4
46149 3
46150 0
46151 0
46152 3
46153 0
46154 3
46155 1
46156 0
46157 3
46158 0
46159 2
46160 1
46161 2
46162 1
46163 0
46164 1
46165 3
46166 3
46167 3
46168 3
46169 0
46170 0
46171 1
46172 2
46173 1
46174 3
46175 3
46176 4
46177 1
46178 2
46179 4
46180 3
46181 1
46182 4
46183 0
46184 3
46185 1
46186 2
46187 1
46188 0
46189 1
46190 0
46191 2
46192 0
46193 5
46194 2
46195 2
46196 3
46197 0
46198 4
46199 1
46200 2
46201 3
46202 2
46203 2
46204 0
46205 0
46206 5
46207 1
46208 2
46209 2
46210 1
46211 3
46212 6
46213 3
46214 2
46215 0
46216 3
46217 4
46218 3
46219 2
46220 0
46221 0
46222 3
46223 2
46224 2
46225 1
46226 0
46227 5
46228 1
46229 3
46230 1
46231 4
46232 4
46233 3
46234 3
46235 1
46236 3
46237 4
46238 0
46239 0
46240 2
46241 2
46242 2
46243 3
46244 3
46245 0
46246 4
46247 2
46248 1
46249 5
46250 5
46251 1
46252 1
46253 2
46254 0
46255 0
46256 2
46257 2
46258 2
46259 4
46260 0
46261 2
46262 4
46263 4
46264 0
46265 2
46266 1
46267 1
46268 0
46269 1
46270 1
46271 0
46272 4
46273 3
46274 2
46275 1
46276 4
46277 0
46278 1
46279 2
46280 2
46281 3
46282 2
46283 4
46284 3
46285 1
46286 0
46287 2
46288 2
46289 3
46290 5
46291 1
46292 3
46293 6
46294 4
46295 1
46296 2
46297 2
46298 3
46299 3
46300 4
46301 4
46302 4
46303 6
46304 2
46305 2
46306 2
46307 0
46308 4
46309 1
46310 2
46311 2
46312 1
46313 2
46314 3
46315 1
46316 5
46317 2
46318 0
46319 4
46320 2
46321 0
46322 1
46323 3
46324 2
46325 3
46326 0
46327 0
46328 3
46329 3
46330 4
46331 4
46332 2
46333 4
46334 0
46335 4
46336 4
46337 2
46338 0
46339 1
46340 2
46341 4
46342 4
46343 3
46344 1
46345 2
46346 2
46347 0
46348 3
46349 2
46350 3
46351 0
46352 5
46353 0
46354 0
46355 0
46356 3
46357 4
46358 2
46359 0
46360 2
46361 0
46362 0
46363 0
46364 2
46365 0
46366 3
46367 3
46368 3
46369 3
46370 0
46371 0
46372 1
46373 2
46374 4
46375 0
46376 3
46377 3
46378 0
46379 0
46380 4
46381 1
46382 0
46383 0
46384 3
46385 4
46386 1
46387 2
46388 0
46389 2
46390 1
46391 1
46392 4
46393 3
46394 1
46395 1
46396 1
46397 3
46398 0
46399 4
46400 4
46401 5
46402 4
46403 1
46404 1
46405 1
46406 1
46407 4
46408 4
46409 4
46410 1
46411 4
46412 1
46413 1
46414 4
46415 1
46416 3
46417 1
46418 1
46419 2
46420 3
46421 3
46422 4
46423 0
46424 2
46425 1
46426 2
46427 0
46428 2
46429 1
46430 4
46431 0
46432 2
46433 5
46434 5
46435 0
46436 2
46437 4
46438 1
46439 1
46440 0
46441 4
46442 4
46443 5
46444 2
46445 2
46446 4
46447 1
46448 2
46449 0
46450 3
46451 2
46452 3
46453 2
46454 1
46455 1
46456 2
46457 2
46458 1
46459 0
46460 3
46461 1
46462 1
46463 4
46464 4
46465 1
46466 0
46467 6
46468 0
46469 1
46470 1
46471 1
46472 0
46473 2
46474 3
46475 4
46476 3
46477 0
46478 2
46479 4
46480 1
46481 2
46482 4
46483 0
46484 5
46485 4
46486 6
46487 3
46488 1
46489 3
46490 1
46491 0
46492 2
46493 4
46494 3
46495 1
46496 3
46497 5
46498 1
46499 0
46500 5
46501 0
46502 1
46503 5
46504 2
46505 3
46506 4
46507 0
46508 3
46509 3
46510 3
46511 2
46512 0
46513 1
46514 5
46515 5
46516 3
46517 3
46518 3
46519 3
46520 1
46521 2
46522 2
46523 6
46524 3
46525 4
46526 4
46527 1
46528 3
46529 2
46530 1
46531 3
46532 1
46533 0
46534 2
46535 2
46536 5
46537 0
46538 1
46539 2
46540 4
46541 0
46542 5
46543 0
46544 3
46545 2
46546 4
46547 2
46548 0
46549 4
46550 0
46551 2
46552 0
46553 1
46554 5
46555 1
46556 2
46557 0
46558 2
46559 2
46560 4
46561 3
46562 2
46563 3
46564 4
46565 0
46566 2
46567 5
46568 3
46569 4
46570 1
46571 3
46572 0
46573 3
46574 0
46575 0
46576 1
46577 0
46578 2
46579 4
46580 5
46581 1
46582 2
46583 2
46584 4
46585 1
46586 5
46587 3
46588 0
46589 3
46590 2
46591 3
46592 2
46593 0
46594 4
46595 2
46596 1
46597 2
46598 4
46599 1
46600 2
46601 1
46602 5
46603 4
46604 1
46605 3
46606 2
46607 1
46608 2
46609 5
46610 1
46611 3
46612 4
46613 4
46614 5
46615 2
46616 0
46617 0
46618 2
46619 0
46620 2
46621 5
46622 2
46623 4
46624 4
46625 3
46626 2
46627 0
46628 3
46629 2
46630 3
46631 4
46632 1
46633 4
46634 3
46635 0
46636 3
46637 3
46638 3
46639 4
46640 4
46641 4
46642 3
46643 3
46644 3
46645 2
46646 4
46647 1
46648 2
46649 0
46650 2
46651 5
46652 1
46653 1
46654 5
46655 2
46656 4
46657 0
46658 2
46659 3
46660 4
46661 0
46662 1
46663 4
46664 4
46665 2
46666 1
46667 2
46668 3
46669 0
46670 4
46671 4
46672 2
46673 1
46674 1
46675 0
46676 3
46677 1
46678 1
46679 1
46680 2
46681 1
46682 3
46683 3
46684 1
46685 0
46686 1
46687 1
46688 4
46689 1
46690 4
46691 1
46692 1
46693 2
46694 3
46695 3
46696 5
46697 3
46698 4
46699 2
46700 2
46701 0
46702 3
46703 2
46704 1
46705 0
46706 0
46707 1
46708 1
46709 2
46710 0
46711 2
46712 2
46713 2
46714 2
46715 2
46716 1
46717 2
46718 5
46719 0
46720 3
46721 3
46722 1
46723 5
46724 3
46725 0
46726 0
46727 2
46728 3
46729 5
46730 2
46731 4
46732 4
46733 0
46734 2
46735 5
46736 2
46737 3
46738 0
46739 4
46740 3
46741 3
46742 3
46743 3
46744 5
46745 1
46746 1
46747 2
46748 1
46749 4
46750 5
46751 3
46752 3
46753 3
46754 1
46755 5
46756 5
46757 2
46758 2
46759 1
46760 1
46761 4
46762 3
46763 0
46764 0
46765 0
46766 2
46767 3
46768 4
46769 2
46770 3
46771 1
46772 3
46773 0
46774 4
46775 2
46776 2
46777 5
46778 5
46779 4
46780 0
46781 3
46782 4
46783 3
46784 2
46785 3
46786 1
46787 4
46788 3
46789 3
46790 1
46791 4
46792 3
46793 1
46794 2
46795 1
46796 2
46797 2
46798 2
46799 4
46800 5
46801 4
46802 0
46803 4
46804 4
46805 0
46806 2
46807 1
46808 2
46809 0
46810 3
46811 4
46812 1
46813 3
46814 0
46815 1
46816 3
46817 2
46818 1
46819 3
46820 3
46821 2
46822 1
46823 2
46824 1
46825 0
46826 2
46827 3
46828 3
46829 1
46830 2
46831 2
46832 2
46833 1
46834 4
46835 3
46836 1
46837 3
46838 4
46839 4
46840 3
46841 1
46842 2
46843 4
46844 2
46845 0
46846 4
46847 3
46848 4
46849 3
46850 5
46851 3
46852 1
46853 3
46854 1
46855 2
46856 4
46857 4
46858 2
46859 3
46860 2
46861 3
46862 2
46863 4
46864 1
46865 2
46866 0
46867 2
46868 2
46869 2
46870 3
46871 0
46872 3
46873 4
46874 4
46875 1
46876 1
46877 3
46878 5
46879 0
46880 3
46881 0
46882 3
46883 3
46884 5
46885 1
46886 5
46887 0
46888 1
46889 1
46890 3
46891 0
46892 4
46893 1
46894 4
46895 0
46896 0
46897 5
46898 3
46899 5
46900 0
46901 1
46902 0
46903 4
46904 1
46905 3
46906 2
46907 3
46908 4
46909 1
46910 2
46911 1
46912 4
46913 2
46914 3
46915 3
46916 2
46917 0
46918 2
46919 3
46920 3
46921 1
46922 2
46923 0
46924 1
46925 0
46926 0
46927 4
46928 3
46929 0
46930 3
46931 3
46932 2
46933 1
46934 2
46935 2
46936 3
46937 3
46938 4
46939 3
46940 3
46941 4
46942 0
46943 4
46944 0
46945 4
46946 3
46947 3
46948 3
46949 4
46950 0
46951 1
46952 2
46953 4
46954 0
46955 0
46956 4
46957 3
46958 2
46959 3
46960 4
46961 1
46962 0
46963 0
46964 1
46965 2
46966 5
46967 2
46968 0
46969 1
46970 3
46971 3
46972 2
46973 2
46974 3
46975 2
46976 3
46977 3
46978 3
46979 4
46980 5
46981 1
46982 0
46983 4
46984 2
46985 2
46986 2
46987 3
46988 0
46989 3
46990 2
46991 2
46992 0
46993 4
46994 3
46995 2
46996 1
46997 1
46998 5
46999 1
47000 1
47001 0
47002 1
47003 3
47004 0
47005 4
47006 5
47007 3
47008 2
47009 3
47010 0
47011 3
47012 1
47013 0
47014 1
47015 4
47016 0
47017 0
47018 0
47019 4
47020 2
47021 2
47022 4
47023 3
47024 2
47025 2
47026 3
47027 4
47028 4
47029 3
47030 4
47031 1
47032 2
47033 3
47034 4
47035 4
47036 2
47037 2
47038 1
47039 1
47040 0
47041 4
47042 2
47043 2
47044 4
47045 3
47046 2
47047 2
47048 1
47049 1
47050 3
47051 5
47052 5
47053 4
47054 0
47055 1
47056 5
47057 1
47058 2
47059 4
47060 2
47061 1
47062 3
47063 0
47064 1
47065 1
47066 1
47067 0
47068 3
47069 1
47070 2
47071 0
47072 2
47073 0
47074 1
47075 3
47076 1
47077 3
47078 2
47079 3
47080 1
47081 3
47082 3
47083 4
47084 2
47085 2
47086 3
47087 5
47088 2
47089 0
47090 3
47091 0
47092 4
47093 1
47094 3
47095 0
47096 3
47097 2
47098 5
47099 1
47100 4
47101 5
47102 2
47103 0
47104 4
47105 0
47106 3
47107 2
47108 4
47109 4
47110 0
47111 0
47112 1
47113 1
47114 1
47115 0
47116 2
47117 1
47118 0
47119 0
47120 4
47121 4
47122 5
47123 2
47124 2
47125 0
47126 3
47127 2
47128 3
47129 0
47130 5
47131 4
47132 0
47133 0
47134 0
47135 4
47136 0
47137 1
47138 4
47139 1
47140 0
47141 5
47142 1
47143 1
47144 1
47145 2
47146 4
47147 3
47148 0
47149 2
47150 5
47151 4
47152 2
47153 5
47154 0
47155 3
47156 3
47157 1
47158 6
47159 2
47160 0
47161 1
47162 3
47163 5
47164 2
47165 1
47166 3
47167 1
47168 4
47169 3
47170 2
47171 1
47172 5
47173 3
47174 1
47175 1
47176 3
47177 1
47178 2
47179 3
47180 3
47181 2
47182 4
47183 2
47184 2
47185 5
47186 0
47187 2
47188 3
47189 4
47190 3
47191 3
47192 4
47193 1
47194 5
47195 1
47196 1
47197 3
47198 1
47199 0
47200 4
47201 1
47202 3
47203 4
47204 0
47205 0
47206 2
47207 4
47208 0
47209 2
47210 2
47211 2
47212 2
47213 3
47214 4
47215 4
47216 0
47217 0
47218 0
47219 1
47220 1
47221 2
47222 0
47223 0
47224 3
47225 4
47226 0
47227 1
47228 2
47229 0
47230 3
47231 1
47232 4
47233 0
47234 5
47235 0
47236 5
47237 2
47238 3
47239 5
47240 3
47241 0
47242 0
47243 2
47244 2
47245 3
47246 1
47247 0
47248 2
47249 1
47250 5
47251 1
47252 2
47253 2
47254 3
47255 3
47256 1
47257 0
47258 4
47259 2
47260 0
47261 2
47262 1
47263 2
47264 0
47265 3
47266 3
47267 2
47268 4
47269 0
47270 2
47271 3
47272 3
47273 3
47274 1
47275 0
47276 5
47277 0
47278 3
47279 1
47280 2
47281 3
47282 3
47283 0
47284 1
47285 1
47286 3
47287 4
47288 0
47289 5
47290 0
47291 2
47292 3
47293 2
47294 3
47295 0
47296 5
47297 2
47298 0
47299 4
47300 0
47301 3
47302 0
47303 1
47304 1
47305 2
47306 4
47307 2
47308 1
47309 4
47310 0
47311 1
47312 2
47313 0
47314 2
47315 3
47316 3
47317 2
47318 0
47319 3
47320 3
47321 2
47322 5
47323 3
47324 0
47325 0
47326 3
47327 2
47328 3
47329 0
47330 3
47331 0
47332 1
47333 2
47334 2
47335 1
47336 1
47337 2
47338 0
47339 4
47340 4
47341 2
47342 3
47343 2
47344 1
47345 1
47346 3
47347 2
47348 4
47349 3
47350 2
47351 2
47352 4
47353 1
47354 2
47355 2
47356 0
47357 3
47358 2
47359 0
47360 1
47361 3
47362 3
47363 0
47364 1
47365 1
47366 0
47367 2
47368 0
47369 0
47370 2
47371 1
47372 4
47373 4
47374 3
47375 1
47376 3
47377 0
47378 1
47379 1
47380 4
47381 0
47382 4
47383 1
47384 0
47385 3
47386 2
47387 4
47388 2
47389 4
47390 5
47391 1
47392 2
47393 1
47394 0
47395 1
47396 2
47397 3
47398 2
47399 1
47400 0
47401 1
47402 2
47403 1
47404 1
47405 4
47406 1
47407 4
47408 1
47409 1
47410 0
47411 2
47412 2
47413 3
47414 0
47415 0
47416 1
47417 1
47418 0
47419 0
47420 2
47421 1
47422 1
47423 1
47424 4
47425 0
47426 1
47427 1
47428 0
47429 4
47430 1
47431 3
47432 3
47433 1
47434 4
47435 4
47436 2
47437 2
47438 5
47439 4
47440 1
47441 0
47442 1
47443 6
47444 0
47445 1
47446 1
47447 2
47448 3
47449 2
47450 0
47451 4
47452 4
47453 0
47454 4
47455 3
47456 4
47457 6
47458 4
47459 1
47460 4
47461 1
47462 1
47463 1
47464 3
47465 6
47466 1
47467 3
47468 3
47469 4
47470 0
47471 4
47472 0
47473 0
47474 2
47475 0
47476 3
47477 1
47478 2
47479 3
47480 3
47481 2
47482 1
47483 0
47484 4
47485 5
47486 3
47487 2
47488 6
47489 3
47490 4
47491 5
47492 1
47493 1
47494 0
47495 0
47496 4
47497 0
47498 2
47499 5
47500 1
47501 3
47502 3
47503 5
47504 3
47505 2
47506 2
47507 4
47508 0
47509 0
47510 3
47511 2
47512 2
47513 0
47514 1
47515 0
47516 0
47517 1
47518 2
47519 2
47520 3
47521 2
47522 5
47523 0
47524 0
47525 1
47526 1
47527 3
47528 3
47529 1
47530 3
47531 5
47532 3
47533 1
47534 0
47535 4
47536 1
47537 5
47538 2
47539 4
47540 4
47541 0
47542 1
47543 3
47544 2
47545 4
47546 5
47547 3
47548 5
47549 1
47550 5
47551 1
47552 4
47553 2
47554 5
47555 3
47556 1
47557 5
47558 2
47559 5
47560 3
47561 1
47562 4
47563 1
47564 3
47565 0
47566 2
47567 4
47568 1
47569 4
47570 3
47571 2
47572 3
47573 1
47574 2
47575 3
47576 3
47577 5
47578 6
47579 3
47580 0
47581 1
47582 1
47583 3
47584 3
47585 4
47586 3
47587 0
47588 1
47589 0
47590 2
47591 1
47592 1
47593 4
47594 3
47595 3
47596 3
47597 4
47598 2
47599 4
47600 0
47601 5
47602 0
47603 0
47604 0
47605 3
47606 4
47607 0
47608 3
47609 2
47610 0
47611 2
47612 0
47613 2
47614 3
47615 0
47616 5
47617 0
47618 4
47619 0
47620 3
47621 0
47622 2
47623 5
47624 4
47625 2
47626 3
47627 4
47628 0
47629 3
47630 5
47631 2
47632 3
47633 2
47634 2
47635 3
47636 4
47637 0
47638 4
47639 1
47640 2
47641 2
47642 5
47643 3
47644 0
47645 2
47646 4
47647 2
47648 0
47649 4
47650 0
47651 4
47652 0
47653 2
47654 3
47655 2
47656 1
47657 0
47658 0
47659 2
47660 4
47661 1
47662 1
47663 0
47664 3
47665 2
47666 3
47667 3
47668 3
47669 0
47670 3
47671 2
47672 4
47673 3
47674 4
47675 2
47676 2
47677 4
47678 3
47679 2
47680 1
47681 0
47682 1
47683 5
47684 3
47685 5
47686 1
47687 3
47688 1
47689 3
47690 0
47691 0
47692 3
47693 4
47694 1
47695 4
47696 1
47697 3
47698 0
47699 0
47700 4
47701 2
47702 0
47703 2
47704 2
47705 1
47706 1
47707 3
47708 4
47709 0
47710 0
47711 4
47712 3
47713 0
47714 2
47715 3
47716 0
47717 4
47718 4
47719 4
47720 4
47721 2
47722 0
47723 4
47724 3
47725 4
47726 0
47727 1
47728 4
47729 0
47730 3
47731 4
47732 3
47733 0
47734 1
47735 2
47736 1
47737 6
47738 2
47739 0
47740 4
47741 2
47742 2
47743 2
47744 0
47745 4
47746 1
47747 0
47748 4
47749 2
47750 4
47751 1
47752 2
47753 4
47754 1
47755 2
47756 2
47757 2
47758 4
47759 2
47760 2
47761 3
47762 5
47763 0
47764 0
47765 1
47766 1
47767 4
47768 2
47769 2
47770 5
47771 0
47772 3
47773 0
47774 3
47775 3
47776 1
47777 4
47778 4
47779 3
47780 3
47781 1
47782 0
47783 3
47784 0
47785 3
47786 2
47787 1
47788 3
47789 1
47790 3
47791 4
47792 4
47793 3
47794 0
47795 1
47796 2
47797 5
47798 3
47799 2
47800 0
47801 0
47802 0
47803 1
47804 3
47805 0
47806 4
47807 1
47808 5
47809 0
47810 4
47811 1
47812 1
47813 2
47814 4
47815 4
47816 2
47817 2
47818 2
47819 2
47820 4
47821 2
47822 0
47823 3
47824 3
47825 4
47826 2
47827 2
47828 1
47829 1
47830 5
47831 0
47832 4
47833 3
47834 0
47835 0
47836 4
47837 0
47838 2
47839 2
47840 3
47841 1
47842 3
47843 3
47844 3
47845 2
47846 3
47847 2
47848 3
47849 0
47850 0
47851 0
47852 3
47853 4
47854 4
47855 5
47856 2
47857 2
47858 5
47859 4
47860 0
47861 4
47862 5
47863 4
47864 1
47865 4
47866 3
47867 1
47868 3
47869 2
47870 2
47871 2
47872 4
47873 4
47874 5
47875 0
47876 2
47877 3
47878 5
47879 1
47880 1
47881 1
47882 0
47883 2
47884 1
47885 0
47886 4
47887 2
47888 4
47889 5
47890 1
47891 0
47892 2
47893 2
47894 2
47895 1
47896 1
47897 3
47898 5
47899 0
47900 4
47901 0
47902 2
47903 2
47904 5
47905 1
47906 0
47907 0
47908 2
47909 4
47910 2
47911 2
47912 1
47913 1
47914 0
47915 3
47916 3
47917 1
47918 2
47919 2
47920 1
47921 2
47922 2
47923 4
47924 4
47925 5
47926 2
47927 5
47928 2
47929 1
47930 3
47931 3
47932 1
47933 0
47934 4
47935 0
47936 2
47937 2
47938 4
47939 2
47940 3
47941 2
47942 3
47943 4
47944 3
47945 2
47946 3
47947 3
47948 3
47949 4
47950 1
47951 3
47952 4
47953 2
47954 0
47955 4
47956 2
47957 5
47958 1
47959 2
47960 3
47961 3
47962 0
47963 0
47964 3
47965 2
47966 0
47967 1
47968 2
47969 1
47970 3
47971 1
47972 3
47973 2
47974 3
47975 1
47976 1
47977 3
47978 1
47979 3
47980 2
47981 1
47982 1
47983 3
47984 3
47985 3
47986 1
47987 2
47988 2
47989 0
47990 0
47991 1
47992 4
47993 0
47994 0
47995 2
47996 1
47997 4
47998 2
47999 3
48000 4
48001 0
48002 3
48003 3
48004 3
48005 0
48006 2
48007 4
48008 2
48009 2
48010 0
48011 3
48012 0
48013 0
48014 0
48015 2
48016 3
48017 0
48018 2
48019 2
48020 0
48021 0
48022 4
48023 0
48024 4
48025 2
48026 1
48027 2
48028 1
48029 4
48030 4
48031 3
48032 3
48033 2
48034 3
48035 4
48036 3
48037 4
48038 2
48039 4
48040 2
48041 4
48042 5
48043 2
48044 3
48045 3
48046 3
48047 4
48048 2
48049 1
48050 2
48051 0
48052 1
48053 4
48054 1
48055 4
48056 4
48057 1
48058 3
48059 5
48060 2
48061 4
48062 3
48063 4
48064 3
48065 1
48066 1
48067 1
48068 3
48069 3
48070 4
48071 4
48072 3
48073 5
48074 1
48075 3
48076 0
48077 2
48078 1
48079 0
48080 2
48081 2
48082 4
48083 1
48084 4
48085 4
48086 0
48087 3
48088 3
48089 3
48090 4
48091 2
48092 2
48093 5
48094 4
48095 2
48096 2
48097 1
48098 3
48099 2
48100 0
48101 4
48102 4
48103 0
48104 2
48105 2
48106 3
48107 2
48108 2
48109 2
48110 1
48111 1
48112 2
48113 3
48114 4
48115 5
48116 2
48117 3
48118 3
48119 3
48120 1
48121 3
48122 1
48123 4
48124 3
48125 1
48126 4
48127 2
48128 4
48129 2
48130 2
48131 0
48132 2
48133 3
48134 0
48135 2
48136 0
48137 0
48138 0
48139 1
48140 1
48141 0
48142 1
48143 3
48144 2
48145 5
48146 0
48147 3
48148 5
48149 0
48150 4
48151 1
48152 0
48153 0
48154 0
48155 1
48156 2
48157 1
48158 0
48159 1
48160 5
48161 1
48162 2
48163 2
48164 3
48165 2
48166 4
48167 2
48168 0
48169 1
48170 4
48171 3
48172 1
48173 2
48174 4
48175 2
48176 2
48177 1
48178 0
48179 4
48180 3
48181 1
48182 1
48183 2
48184 2
48185 0
48186 3
48187 1
48188 0
48189 4
48190 3
48191 5
48192 1
48193 5
48194 5
48195 0
48196 2
48197 1
48198 5
48199 2
48200 4
48201 3
48202 1
48203 0
48204 2
48205 2
48206 0
48207 0
48208 0
48209 2
48210 5
48211 1
48212 3
48213 2
48214 5
48215 0
48216 2
48217 4
48218 2
48219 4
48220 1
48221 0
48222 1
48223 0
48224 0
48225 2
48226 4
48227 4
48228 0
48229 1
48230 5
48231 0
48232 2
48233 6
48234 2
48235 3
48236 4
48237 3
48238 2
48239 0
48240 2
48241 1
48242 3
48243 5
48244 4
48245 1
48246 3
48247 0
48248 1
48249 2
48250 5
48251 2
48252 2
48253 5
48254 2
48255 4
48256 3
48257 0
48258 1
48259 2
48260 0
48261 3
48262 1
48263 0
48264 2
48265 1
48266 0
48267 5
48268 5
48269 0
48270 0
48271 0
48272 4
48273 3
48274 4
48275 4
48276 4
48277 2
48278 0
48279 1
48280 1
48281 5
48282 4
48283 2
48284 1
48285 0
48286 0
48287 5
48288 0
48289 4
48290 3
48291 3
48292 0
48293 1
48294 3
48295 2
48296 4
48297 0
48298 0
48299 5
48300 0
48301 4
48302 1
48303 0
48304 2
48305 1
48306 4
48307 0
48308 3
48309 3
48310 2
48311 4
48312 1
48313 4
48314 3
48315 0
48316 3
48317 3
48318 2
48319 0
48320 2
48321 1
48322 3
48323 0
48324 2
48325 4
48326 2
48327 5
48328 2
48329 1
48330 0
48331 5
48332 5
48333 3
48334 4
48335 4
48336 0
48337 4
48338 4
48339 5
48340 2
48341 4
48342 1
48343 1
48344 2
48345 0
48346 3
48347 6
48348 0
48349 1
48350 4
48351 3
48352 3
48353 3
48354 0
48355 4
48356 0
48357 4
48358 0
48359 2
48360 0
48361 0
48362 3
48363 1
48364 4
48365 3
48366 1
48367 3
48368 3
48369 4
48370 1
48371 3
48372 1
48373 0
48374 3
48375 0
48376 3
48377 1
48378 3
48379 3
48380 2
48381 5
48382 0
48383 3
48384 3
48385 1
48386 3
48387 3
48388 3
48389 1
48390 5
48391 2
48392 4
48393 3
48394 4
48395 3
48396 3
48397 4
48398 3
48399 0
48400 4
48401 1
48402 2
48403 3
48404 2
48405 2
48406 2
48407 4
48408 2
48409 0
48410 3
48411 2
48412 4
48413 3
48414 3
48415 4
48416 4
48417 4
48418 3
48419 5
48420 1
48421 2
48422 0
48423 2
48424 3
48425 2
48426 4
48427 1
48428 3
48429 2
48430 1
48431 2
48432 1
48433 6
48434 4
48435 0
48436 1
48437 0
48438 2
48439 3
48440 4
48441 5
48442 2
48443 5
48444 2
48445 2
48446 4
48447 1
48448 4
48449 4
48450 0
48451 2
48452 4
48453 0
48454 1
48455 5
48456 0
48457 0
48458 3
48459 1
48460 3
48461 2
48462 3
48463 0
48464 0
48465 0
48466 0
48467 0
48468 1
48469 2
48470 3
48471 1
48472 0
48473 4
48474 1
48475 3
48476 4
48477 4
48478 2
48479 0
48480 3
48481 2
48482 0
48483 5
48484 3
48485 2
48486 4
48487 1
48488 2
48489 1
48490 5
48491 3
48492 0
48493 1
48494 2
48495 1
48496 2
48497 2
48498 5
48499 3
48500 4
48501 4
48502 1
48503 0
48504 4
48505 2
48506 4
48507 2
48508 0
48509 1
48510 4
48511 4
48512 4
48513 6
48514 4
48515 2
48516 4
48517 1
48518 0
48519 0
48520 4
48521 0
48522 4
48523 3
48524 1
48525 3
48526 4
48527 2
48528 0
48529 2
48530 2
48531 2
48532 2
48533 3
48534 3
48535 4
48536 1
48537 3
48538 5
48539 0
48540 3
48541 0
48542 0
48543 3
48544 0
48545 3
48546 1
48547 3
48548 2
48549 0
48550 1
48551 4
48552 1
48553 5
48554 2
48555 2
48556 4
48557 3
48558 2
48559 0
48560 2
48561 4
48562 1
48563 4
48564 2
48565 2
48566 4
48567 4
48568 5
48569 2
48570 2
48571 4
48572 0
48573 6
48574 4
48575 1
48576 3
48577 0
48578 2
48579 2
48580 0
48581 2
48582 2
48583 4
48584 0
48585 4
48586 0
48587 4
48588 2
48589 3
48590 3
48591 5
48592 4
48593 5
48594 0
48595 5
48596 2
48597 2
48598 3
48599 3
48600 4
48601 3
48602 1
48603 4
48604 6
48605 2
48606 2
48607 3
48608 3
48609 4
48610 2
48611 0
48612 4
48613 2
48614 3
48615 1
48616 2
48617 3
48618 1
48619 1
48620 5
48621 4
48622 2
48623 3
48624 1
48625 2
48626 4
48627 5
48628 1
48629 5
48630 3
48631 1
48632 1
48633 0
48634 0
48635 1
48636 0
48637 1
48638 2
48639 2
48640 1
48641 0
48642 1
48643 0
48644 3
48645 0
48646 0
48647 4
48648 4
48649 0
48650 1
48651 3
48652 3
48653 4
48654 4
48655 4
48656 3
48657 1
48658 4
48659 4
48660 4
48661 3
48662 4
48663 4
48664 3
48665 0
48666 0
48667 1
48668 4
48669 5
48670 3
48671 2
48672 0
48673 2
48674 3
48675 1
48676 4
48677 5
48678 1
48679 1
48680 4
48681 5
48682 2
48683 0
48684 3
48685 2
48686 5
48687 3
48688 1
48689 1
48690 0
48691 1
48692 0
48693 0
48694 1
48695 1
48696 2
48697 5
48698 3
48699 3
48700 0
48701 3
48702 3
48703 4
48704 1
48705 3
48706 3
48707 4
48708 0
48709 0
48710 3
48711 0
48712 0
48713 3
48714 2
48715 0
48716 0
48717 5
48718 2
48719 0
48720 2
48721 0
48722 4
48723 4
48724 3
48725 0
48726 0
48727 2
48728 3
48729 2
48730 5
48731 0
48732 3
48733 5
48734 0
48735 3
48736 1
48737 1
48738 3
48739 3
48740 2
48741 5
48742 6
48743 3
48744 0
48745 4
48746 1
48747 0
48748 1
48749 3
48750 5
48751 1
48752 2
48753 3
48754 0
48755 1
48756 3
48757 1
48758 1
48759 2
48760 1
48761 4
48762 3
48763 2
48764 1
48765 2
48766 2
48767 4
48768 4
48769 3
48770 3
48771 4
48772 2
48773 5
48774 3
48775 6
48776 4
48777 1
48778 0
48779 4
48780 4
48781 1
48782 0
48783 2
48784 5
48785 2
48786 4
48787 1
48788 0
48789 2
48790 1
48791 1
48792 4
48793 2
48794 2
48795 1
48796 2
48797 2
48798 3
48799 3
48800 0
48801 3
48802 0
48803 2
48804 0
48805 2
48806 4
48807 2
48808 3
48809 0
48810 0
48811 1
48812 3
48813 4
48814 2
48815 2
48816 2
48817 3
48818 3
48819 2
48820 4
48821 2
48822 1
48823 1
48824 0
48825 4
48826 2
48827 0
48828 4
48829 3
48830 0
48831 2
48832 2
48833 1
48834 1
48835 0
48836 3
48837 2
48838 4
48839 2
48840 2
48841 2
48842 5
48843 1
48844 2
48845 1
48846 4
48847 2
48848 1
48849 0
48850 4
48851 2
48852 3
48853 5
48854 0
48855 0
48856 4
48857 0
48858 3
48859 5
48860 4
48861 2
48862 0
48863 4
48864 0
48865 1
48866 1
48867 1
48868 5
48869 3
48870 1
48871 4
48872 3
48873 1
48874 5
48875 2
48876 0
48877 1
48878 3
48879 2
48880 0
48881 3
48882 1
48883 5
48884 1
48885 5
48886 0
48887 0
48888 2
48889 3
48890 2
48891 0
48892 4
48893 1
48894 3
48895 4
48896 2
48897 1
48898 4
48899 0
48900 3
48901 0
48902 1
48903 0
48904 2
48905 2
48906 1
48907 4
48908 0
48909 4
48910 1
48911 1
48912 3
48913 1
48914 1
48915 5
48916 2
48917 3
48918 5
48919 4
48920 2
48921 0
48922 0
48923 3
48924 4
48925 2
48926 2
48927 0
48928 0
48929 3
48930 0
48931 2
48932 4
48933 4
48934 2
48935 5
48936 1
48937 3
48938 0
48939 2
48940 2
48941 3
48942 3
48943 3
48944 0
48945 5
48946 0
48947 2
48948 0
48949 2
48950 3
48951 3
48952 4
48953 2
48954 1
48955 4
48956 0
48957 1
48958 4
48959 3
48960 2
48961 2
48962 3
48963 3
48964 3
48965 2
48966 3
48967 3
48968 3
48969 2
48970 3
48971 1
48972 4
48973 0
48974 4
48975 1
48976 3
48977 2
48978 0
48979 3
48980 1
48981 0
48982 4
48983 3
48984 5
48985 1
48986 4
48987 0
48988 3
48989 3
48990 2
48991 5
48992 4
48993 1
48994 1
48995 2
48996 3
48997 0
48998 1
48999 3
49000 0
49001 0
49002 2
49003 3
49004 3
49005 2
49006 3
49007 1
49008 0
49009 4
49010 3
49011 0
49012 5
49013 0
49014 0
49015 0
49016 3
49017 0
49018 4
49019 3
49020 2
49021 3
49022 1
49023 3
49024 1
49025 3
49026 2
49027 4
49028 0
49029 0
49030 4
49031 3
49032 1
49033 4
49034 3
49035 4
49036 3
49037 1
49038 4
49039 4
49040 3
49041 0
49042 2
49043 1
49044 3
49045 2
49046 0
49047 1
49048 3
49049 2
49050 3
49051 4
49052 5
49053 4
49054 3
49055 4
49056 5
49057 3
49058 5
49059 1
49060 1
49061 2
49062 1
49063 2
49064 3
49065 2
49066 2
49067 2
49068 5
49069 4
49070 1
49071 0
49072 5
49073 1
49074 0
49075 0
49076 4
49077 2
49078 2
49079 4
49080 2
49081 0
49082 2
49083 2
49084 2
49085 4
49086 0
49087 0
49088 4
49089 2
49090 2
49091 1
49092 1
49093 2
49094 1
49095 4
49096 3
49097 0
49098 1
49099 0
49100 0
49101 1
49102 1
49103 1
49104 5
49105 5
49106 3
49107 0
49108 5
49109 2
49110 2
49111 0
49112 1
49113 4
49114 1
49115 0
49116 4
49117 4
49118 1
49119 2
49120 2
49121 0
49122 3
49123 0
49124 2
49125 1
49126 2
49127 2
49128 1
49129 2
49130 3
49131 0
49132 4
49133 1
49134 2
49135 2
49136 2
49137 1
49138 3
49139 5
49140 0
49141 3
49142 2
49143 0
49144 3
49145 0
49146 3
49147 3
49148 3
49149 3
49150 1
49151 0
49152 2
49153 2
49154 3
49155 4
49156 1
49157 3
49158 0
49159 1
49160 4
49161 4
49162 1
49163 5
49164 3
49165 0
49166 0
49167 1
49168 0
49169 3
49170 3
49171 1
49172 1
49173 3
49174 1
49175 1
49176 3
49177 4
49178 1
49179 0
49180 4
49181 1
49182 2
49183 1
49184 3
49185 4
49186 3
49187 5
49188 1
49189 3
49190 0
49191 0
49192 2
49193 0
49194 1
49195 0
49196 3
49197 0
49198 1
49199 3
49200 4
49201 1
49202 4
49203 1
49204 1
49205 1
49206 4
49207 0
49208 4
49209 2
49210 1
49211 1
49212 4
49213 1
49214 3
49215 2
49216 1
49217 0
49218 1
49219 2
49220 1
49221 2
49222 0
49223 4
49224 3
49225 4
49226 4
49227 2
49228 1
49229 4
49230 3
49231 3
49232 1
49233 2
49234 4
49235 3
49236 3
49237 3
49238 1
49239 1
49240 3
49241 5
49242 4
49243 1
49244 4
49245 3
49246 4
49247 0
49248 3
49249 0
49250 3
49251 5
49252 3
49253 1
49254 4
49255 0
49256 1
49257 2
49258 2
49259 0
49260 2
49261 0
49262 2
49263 1
49264 4
49265 0
49266 0
49267 0
49268 3
49269 2
49270 4
49271 1
49272 0
49273 4
49274 4
49275 0
49276 4
49277 0
49278 2
49279 3
49280 3
49281 4
49282 2
49283 1
49284 1
49285 4
49286 2
49287 2
49288 3
49289 3
49290 2
49291 1
49292 1
49293 3
49294 2
49295 2
49296 1
49297 4
49298 4
49299 2
49300 1
49301 1
49302 3
49303 0
49304 4
49305 1
49306 0
49307 1
49308 0
49309 0
49310 2
49311 1
49312 5
49313 2
49314 4
49315 2
49316 1
49317 3
49318 3
49319 1
49320 5
49321 0
49322 4
49323 2
49324 2
49325 4
49326 2
49327 5
49328 3
49329 2
49330 3
49331 3
49332 4
49333 4
49334 3
49335 4
49336 0
49337 1
49338 1
49339 1
49340 3
49341 5
49342 1
49343 5
49344 3
49345 0
49346 3
49347 1
49348 0
49349 2
49350 1
49351 3
49352 3
49353 3
49354 4
49355 1
49356 1
49357 1
49358 2
49359 3
49360 3
49361 2
49362 3
49363 2
49364 2
49365 0
49366 0
49367 1
49368 1
49369 0
49370 0
49371 5
49372 4
49373 3
49374 5
49375 2
49376 0
49377 2
49378 0
49379 2
49380 0
49381 1
49382 3
49383 2
49384 0
49385 1
49386 2
49387 4
49388 2
49389 2
49390 2
49391 0
49392 2
49393 1
49394 5
49395 4
49396 3
49397 2
49398 0
49399 4
49400 5
49401 2
49402 2
49403 3
49404 0
49405 1
49406 2
49407 2
49408 1
49409 2
49410 2
49411 3
49412 3
49413 2
49414 3
49415 3
49416 2
49417 2
49418 4
49419 0
49420 1
49421 2
49422 5
49423 4
49424 2
49425 3
49426 4
49427 1
49428 3
49429 0
49430 3
49431 2
49432 0
49433 1
49434 5
49435 0
49436 3
49437 2
49438 0
49439 3
49440 0
49441 1
49442 4
49443 1
49444 2
49445 4
49446 0
49447 3
49448 3
49449 1
49450 5
49451 3
49452 5
49453 2
49454 0
49455 1
49456 1
49457 0
49458 1
49459 5
49460 1
49461 2
49462 0
49463 0
49464 2
49465 4
49466 0
49467 4
49468 3
49469 2
49470 3
49471 1
49472 4
49473 5
49474 0
49475 4
49476 2
49477 0
49478 4
49479 0
49480 1
49481 4
49482 3
49483 4
49484 3
49485 1
49486 4
49487 5
49488 4
49489 4
49490 0
49491 3
49492 2
49493 3
49494 4
49495 1
49496 5
49497 0
49498 1
49499 5
49500 0
49501 0
49502 4
49503 4
49504 3
49505 2
49506 5
49507 4
49508 5
49509 2
49510 2
49511 4
49512 1
49513 1
49514 2
49515 0
49516 3
49517 1
49518 3
49519 4
49520 1
49521 4
49522 1
49523 0
49524 5
49525 3
49526 3
49527 4
49528 2
49529 4
49530 1
49531 2
49532 3
49533 0
49534 1
49535 0
49536 0
49537 3
49538 2
49539 3
49540 1
49541 5
49542 0
49543 4
49544 1
49545 1
49546 3
49547 1
49548 4
49549 4
49550 2
49551 4
49552 0
49553 0
49554 5
49555 4
49556 0
49557 2
49558 1
49559 2
49560 1
49561 3
49562 5
49563 4
49564 4
49565 5
49566 1
49567 4
49568 4
49569 5
49570 3
49571 4
49572 0
49573 3
49574 3
49575 4
49576 0
49577 3
49578 0
49579 0
49580 1
49581 4
49582 1
49583 4
49584 2
49585 0
49586 1
49587 1
49588 1
49589 1
49590 3
49591 6
49592 0
49593 2
49594 5
49595 1
49596 5
49597 1
49598 4
49599 3
49600 4
49601 1
49602 1
49603 2
49604 2
49605 2
49606 0
49607 3
49608 3
49609 2
49610 4
49611 3
49612 5
49613 1
49614 0
49615 1
49616 2
49617 0
49618 1
49619 2
49620 2
49621 2
49622 4
49623 3
49624 2
49625 4
49626 3
49627 0
49628 3
49629 0
49630 0
49631 0
49632 0
49633 2
49634 6
49635 4
49636 2
49637 3
49638 2
49639 2
49640 0
49641 0
49642 1
49643 1
49644 3
49645 2
49646 1
49647 1
49648 3
49649 5
49650 0
49651 1
49652 1
49653 1
49654 1
49655 0
49656 3
49657 3
49658 0
49659 2
49660 4
49661 1
49662 3
49663 1
49664 3
49665 4
49666 1
49667 0
49668 2
49669 0
49670 2
49671 2
49672 3
49673 3
49674 4
49675 0
49676 1
49677 2
49678 3
49679 1
49680 1
49681 3
49682 3
49683 3
49684 1
49685 2
49686 2
49687 3
49688 1
49689 4
49690 3
49691 5
49692 6
49693 4
49694 2
49695 4
49696 4
49697 1
49698 4
49699 0
49700 2
49701 3
49702 4
49703 0
49704 5
49705 2
49706 3
49707 3
49708 4
49709 3
49710 2
49711 0
49712 4
49713 0
49714 2
49715 1
49716 2
49717 3
49718 0
49719 2
49720 2
49721 1
49722 3
49723 5
49724 1
49725 1
49726 2
49727 4
49728 0
49729 3
49730 1
49731 3
49732 1
49733 0
49734 2
49735 0
49736 4
49737 1
49738 3
49739 0
49740 4
49741 4
49742 1
49743 2
49744 2
49745 5
49746 0
49747 1
49748 0
49749 2
49750 0
49751 4
49752 4
49753 2
49754 2
49755 2
49756 2
49757 0
49758 2
49759 4
49760 1
49761 4
49762 4
49763 4
49764 2
49765 1
49766 4
49767 3
49768 4
49769 2
49770 0
49771 1
49772 1
49773 4
49774 1
49775 1
49776 2
49777 5
49778 3
49779 2
49780 2
49781 0
49782 2
49783 1
49784 4
49785 1
49786 1
49787 3
49788 4
49789 5
49790 4
49791 4
49792 4
49793 3
49794 3
49795 2
49796 2
49797 3
49798 4
49799 2
49800 4
49801 4
49802 4
49803 3
49804 1
49805 0
49806 0
49807 2
49808 2
49809 0
49810 2
49811 2
49812 2
49813 4
49814 3
49815 1
49816 2
49817 0
49818 1
49819 3
49820 1
49821 2
49822 1
49823 1
49824 2
49825 0
49826 3
49827 5
49828 4
49829 1
49830 0
49831 3
49832 0
49833 1
49834 3
49835 3
49836 3
49837 1
49838 0
49839 1
49840 4
49841 2
49842 2
49843 0
49844 1
49845 3
49846 4
49847 4
49848 1
49849 2
49850 3
49851 2
49852 0
49853 3
49854 3
49855 3
49856 4
49857 1
49858 3
49859 0
49860 3
49861 2
49862 2
49863 0
49864 1
49865 1
49866 2
49867 2
49868 3
49869 2
49870 0
49871 1
49872 3
49873 4
49874 2
49875 4
49876 5
49877 1
49878 0
49879 4
49880 2
49881 3
49882 0
49883 0
49884 3
49885 1
49886 0
49887 1
49888 1
49889 1
49890 4
49891 2
49892 2
49893 3
49894 1
49895 1
49896 3
49897 0
49898 3
49899 1
49900 0
49901 2
49902 0
49903 2
49904 3
49905 1
49906 2
49907 2
49908 3
49909 3
49910 0
49911 5
49912 3
49913 4
49914 3
49915 0
49916 2
49917 5
49918 0
49919 5
49920 1
49921 5
49922 0
49923 1
49924 0
49925 3
49926 1
49927 0
49928 1
49929 3
49930 3
49931 2
49932 1
49933 3
49934 1
49935 3
49936 3
49937 0
49938 3
49939 4
49940 0
49941 0
49942 4
49943 0
49944 5
49945 2
49946 3
49947 3
49948 3
49949 3
49950 4
49951 4
49952 2
49953 2
49954 3
49955 1
49956 1
49957 3
49958 3
49959 1
49960 5
49961 3
49962 2
49963 1
49964 0
49965 3
49966 0
49967 0
49968 5
49969 0
49970 1
49971 2
49972 0
49973 1
49974 2
49975 4
49976 3
49977 4
49978 0
49979 3
49980 3
49981 4
49982 1
49983 1
49984 3
49985 5
49986 4
49987 0
49988 5
49989 3
49990 1
49991 1
49992 1
49993 3
49994 3
49995 2
49996 3
49997 1
49998 1
49999 5
Colors used: 7
Execution time: 5919.13 ms
