Algorithm: Greedy Vertex Coloring
Vertex colors:
0 3
1 3
2 0
3 1
4 3
5 2
6 4
7 2
8 2
9 1
10 0
11 2
12 3
13 0
14 2
15 0
16 5
17 1
18 1
19 0
20 2
21 2
22 0
23 1
24 4
25 1
26 3
27 3
28 1
29 3
30 2
31 1
32 3
33 0
34 1
35 2
36 1
37 0
38 5
39 0
40 3
41 4
42 4
43 2
44 3
45 2
46 4
47 2
48 4
49 0
50 4
51 3
52 3
53 0
54 3
55 2
56 1
57 1
58 3
59 2
60 1
61 3
62 3
63 3
64 5
65 1
66 3
67 0
68 4
69 0
70 4
71 4
72 0
73 1
74 4
75 2
76 1
77 2
78 5
79 3
80 3
81 1
82 2
83 1
84 0
85 2
86 2
87 3
88 3
89 2
90 2
91 3
92 4
93 3
94 3
95 2
96 5
97 0
98 2
99 1
100 1
101 0
102 1
103 0
104 2
105 3
106 2
107 1
108 3
109 2
110 1
111 2
112 3
113 1
114 1
115 3
116 4
117 0
118 1
119 0
120 2
121 4
122 0
123 2
124 4
125 1
126 3
127 3
128 2
129 2
130 4
131 0
132 0
133 0
134 3
135 1
136 0
137 1
138 2
139 0
140 0
141 2
142 4
143 3
144 2
145 3
146 3
147 1
148 2
149 0
150 4
151 3
152 4
153 4
154 3
155 3
156 0
157 4
158 3
159 3
160 4
161 1
162 1
163 1
164 3
165 4
166 2
167 0
168 0
169 2
170 1
171 0
172 1
173 0
174 0
175 0
176 1
177 1
178 2
179 0
180 0
181 3
182 4
183 2
184 1
185 4
186 5
187 0
188 0
189 2
190 0
191 3
192 2
193 4
194 0
195 0
196 0
197 4
198 3
199 4
200 5
201 4
202 0
203 4
204 5
205 0
206 1
207 0
208 2
209 4
210 5
211 4
212 1
213 3
214 0
215 1
216 0
217 1
218 4
219 0
220 0
221 4
222 4
223 2
224 3
225 2
226 4
227 2
228 0
229 2
230 2
231 4
232 2
233 2
234 2
235 1
236 2
237 3
238 1
239 2
240 3
241 3
242 4
243 0
244 2
245 2
246 1
247 2
248 5
249 3
250 2
251 4
252 2
253 1
254 3
255 0
256 3
257 0
258 5
259 2
260 1
261 2
262 3
263 2
264 4
265 0
266 4
267 5
268 2
269 3
270 3
271 5
272 4
273 3
274 0
275 1
276 3
277 1
278 1
279 0
280 2
281 3
282 1
283 1
284 0
285 4
286 1
287 0
288 4
289 2
290 1
291 0
292 2
293 3
294 4
295 4
296 2
297 2
298 5
299 1
300 4
301 1
302 1
303 3
304 1
305 4
306 2
307 0
308 1
309 2
310 4
311 0
312 0
313 2
314 4
315 0
316 2
317 3
318 1
319 4
320 5
321 2
322 0
323 3
324 2
325 1
326 3
327 1
328 2
329 2
330 3
331 2
332 2
333 4
334 0
335 0
336 1
337 2
338 0
339 0
340 0
341 4
342 4
343 3
344 0
345 5
346 3
347 0
348 3
349 0
350 2
351 1
352 1
353 0
354 1
355 3
356 3
357 3
358 3
359 0
360 0
361 1
362 0
363 1
364 0
365 0
366 0
367 4
368 3
369 3
370 5
371 5
372 2
373 4
374 2
375 3
376 1
377 0
378 4
379 2
380 2
381 3
382 0
383 2
384 4
385 1
386 2
387 1
388 2
389 1
390 3
391 1
392 3
393 3
394 1
395 2
396 5
397 4
398 2
399 2
400 2
401 4
402 1
403 3
404 3
405 1
406 0
407 0
408 3
409 0
410 2
411 2
412 1
413 2
414 2
415 0
416 2
417 1
418 0
419 1
420 2
421 3
422 3
423 0
424 0
425 5
426 1
427 1
428 3
429 1
430 5
431 0
432 3
433 0
434 2
435 0
436 4
437 2
438 3
439 0
440 1
441 1
442 3
443 2
444 0
445 1
446 4
447 1
448 0
449 0
450 0
451 1
452 2
453 4
454 2
455 4
456 1
457 0
458 1
459 4
460 3
461 1
462 2
463 5
464 1
465 2
466 1
467 1
468 3
469 0
470 2
471 4
472 1
473 3
474 2
475 3
476 2
477 3
478 1
479 1
480 1
481 1
482 0
483 3
484 0
485 3
486 2
487 3
488 0
489 0
490 0
491 0
492 0
493 0
494 4
495 1
496 2
497 0
498 5
499 2
500 0
501 4
502 1
503 4
504 2
505 4
506 4
507 2
508 1
509 1
510 2
511 1
512 2
513 4
514 0
515 4
516 1
517 3
518 0
519 2
520 2
521 5
522 0
523 1
524 4
525 3
526 4
527 4
528 2
529 3
530 3
531 2
532 3
533 0
534 2
535 3
536 4
537 0
538 2
539 1
540 0
541 2
542 4
543 0
544 1
545 2
546 1
547 0
548 2
549 2
550 4
551 2
552 1
553 5
554 0
555 3
556 2
557 3
558 1
559 3
560 1
561 4
562 3
563 2
564 0
565 3
566 3
567 3
568 1
569 5
570 0
571 1
572 2
573 3
574 3
575 4
576 0
577 2
578 3
579 4
580 2
581 4
582 3
583 1
584 2
585 3
586 2
587 3
588 4
589 0
590 1
591 1
592 1
593 4
594 2
595 2
596 5
597 4
598 0
599 3
600 4
601 4
602 0
603 2
604 3
605 4
606 3
607 5
608 3
609 0
610 0
611 0
612 5
613 0
614 3
615 3
616 0
617 5
618 2
619 1
620 1
621 2
622 4
623 3
624 3
625 4
626 3
627 0
628 3
629 5
630 2
631 1
632 2
633 3
634 1
635 2
636 1
637 2
638 0
639 2
640 4
641 0
642 4
643 2
644 1
645 2
646 3
647 0
648 4
649 2
650 5
651 2
652 3
653 2
654 0
655 5
656 0
657 0
658 5
659 3
660 2
661 2
662 4
663 1
664 4
665 1
666 4
667 0
668 0
669 3
670 1
671 0
672 3
673 3
674 4
675 4
676 1
677 3
678 1
679 3
680 1
681 4
682 2
683 0
684 1
685 2
686 2
687 0
688 1
689 1
690 2
691 5
692 4
693 3
694 3
695 4
696 0
697 0
698 3
699 3
700 2
701 0
702 4
703 0
704 1
705 3
706 2
707 1
708 2
709 3
710 2
711 2
712 0
713 1
714 4
715 3
716 1
717 0
718 0
719 0
720 0
721 1
722 0
723 2
724 3
725 3
726 0
727 0
728 1
729 2
730 3
731 5
732 1
733 1
734 3
735 4
736 0
737 4
738 3
739 0
740 4
741 1
742 2
743 4
744 0
745 4
746 1
747 1
748 2
749 3
750 0
751 3
752 5
753 4
754 5
755 2
756 1
757 3
758 1
759 3
760 3
761 1
762 2
763 1
764 2
765 5
766 3
767 1
768 1
769 3
770 0
771 1
772 0
773 0
774 3
775 0
776 3
777 1
778 0
779 4
780 2
781 4
782 0
783 5
784 3
785 0
786 0
787 1
788 1
789 0
790 4
791 3
792 1
793 1
794 0
795 0
796 0
797 0
798 0
799 2
800 2
801 0
802 3
803 2
804 3
805 0
806 0
807 0
808 3
809 3
810 4
811 4
812 0
813 2
814 3
815 0
816 5
817 1
818 4
819 3
820 3
821 1
822 4
823 0
824 2
825 0
826 0
827 0
828 1
829 1
830 4
831 1
832 4
833 4
834 1
835 0
836 0
837 4
838 0
839 2
840 3
841 3
842 1
843 0
844 1
845 0
846 1
847 2
848 1
849 2
850 1
851 1
852 2
853 0
854 0
855 1
856 1
857 1
858 3
859 2
860 4
861 3
862 2
863 3
864 1
865 0
866 4
867 3
868 1
869 2
870 0
871 0
872 4
873 0
874 4
875 3
876 1
877 1
878 2
879 1
880 1
881 2
882 5
883 5
884 2
885 2
886 3
887 3
888 1
889 4
890 5
891 4
892 2
893 2
894 0
895 1
896 5
897 0
898 2
899 2
900 4
901 3
902 4
903 2
904 4
905 2
906 0
907 1
908 0
909 2
910 2
911 2
912 4
913 2
914 2
915 3
916 1
917 0
918 1
919 2
920 4
921 2
922 4
923 0
924 3
925 1
926 3
927 2
928 1
929 4
930 1
931 5
932 5
933 4
934 0
935 1
936 2
937 3
938 0
939 5
940 1
941 0
942 1
943 0
944 2
945 3
946 2
947 3
948 1
949 5
950 1
951 1
952 4
953 1
954 0
955 4
956 1
957 2
958 1
959 2
960 0
961 1
962 4
963 2
964 1
965 4
966 3
967 2
968 0
969 0
970 6
971 0
972 0
973 4
974 0
975 1
976 0
977 1
978 3
979 5
980 2
981 1
982 5
983 1
984 4
985 0
986 2
987 2
988 0
989 1
990 0
991 1
992 4
993 3
994 4
995 2
996 2
997 0
998 1
999 5
1000 0
1001 2
1002 4
1003 0
1004 0
1005 3
1006 3
1007 3
1008 0
1009 2
1010 0
1011 1
1012 1
1013 3
1014 1
1015 0
1016 3
1017 4
1018 2
1019 0
1020 1
1021 2
1022 3
1023 0
1024 5
1025 0
1026 3
1027 1
1028 2
1029 3
1030 3
1031 1
1032 4
1033 2
1034 0
1035 4
1036 3
1037 1
1038 0
1039 3
1040 4
1041 3
1042 3
1043 0
1044 2
1045 4
1046 0
1047 2
1048 3
1049 0
1050 3
1051 1
1052 3
1053 0
1054 2
1055 0
1056 0
1057 1
1058 3
1059 0
1060 4
1061 1
1062 3
1063 4
1064 4
1065 2
1066 0
1067 0
1068 2
1069 3
1070 1
1071 1
1072 1
1073 0
1074 3
1075 2
1076 1
1077 0
1078 3
1079 1
1080 4
1081 4
1082 1
1083 1
1084 1
1085 0
1086 0
1087 2
1088 0
1089 0
1090 2
1091 0
1092 1
1093 0
1094 3
1095 3
1096 3
1097 3
1098 2
1099 4
1100 3
1101 3
1102 4
1103 4
1104 1
1105 1
1106 3
1107 0
1108 2
1109 1
1110 2
1111 1
1112 1
1113 0
1114 2
1115 5
1116 3
1117 1
1118 4
1119 2
1120 1
1121 3
1122 4
1123 1
1124 3
1125 2
1126 2
1127 3
1128 2
1129 3
1130 0
1131 4
1132 2
1133 4
1134 0
1135 3
1136 3
1137 0
1138 0
1139 6
1140 2
1141 1
1142 4
1143 2
1144 3
1145 4
1146 4
1147 1
1148 2
1149 1
1150 0
1151 1
1152 3
1153 3
1154 2
1155 5
1156 4
1157 2
1158 2
1159 0
1160 4
1161 1
1162 1
1163 3
1164 0
1165 2
1166 4
1167 0
1168 3
1169 4
1170 2
1171 0
1172 2
1173 2
1174 0
1175 4
1176 1
1177 5
1178 0
1179 4
1180 0
1181 1
1182 1
1183 1
1184 0
1185 0
1186 1
1187 2
1188 3
1189 2
1190 2
1191 1
1192 3
1193 1
1194 0
1195 1
1196 0
1197 4
1198 3
1199 0
1200 0
1201 3
1202 4
1203 1
1204 0
1205 1
1206 1
1207 4
1208 0
1209 1
1210 3
1211 1
1212 2
1213 0
1214 1
1215 0
1216 1
1217 3
1218 2
1219 3
1220 2
1221 5
1222 0
1223 3
1224 3
1225 1
1226 4
1227 2
1228 1
1229 1
1230 4
1231 0
1232 1
1233 0
1234 0
1235 6
1236 1
1237 5
1238 4
1239 1
1240 5
1241 3
1242 2
1243 4
1244 1
1245 4
1246 1
1247 3
1248 4
1249 0
1250 2
1251 1
1252 0
1253 1
1254 2
1255 1
1256 2
1257 1
1258 2
1259 1
1260 1
1261 1
1262 0
1263 2
1264 1
1265 3
1266 1
1267 1
1268 3
1269 3
1270 0
1271 2
1272 3
1273 2
1274 0
1275 3
1276 0
1277 4
1278 0
1279 4
1280 2
1281 1
1282 3
1283 4
1284 1
1285 3
1286 4
1287 5
1288 2
1289 1
1290 0
1291 0
1292 0
1293 1
1294 3
1295 1
1296 1
1297 0
1298 1
1299 1
1300 2
1301 2
1302 1
1303 2
1304 4
1305 0
1306 3
1307 1
1308 2
1309 0
1310 1
1311 1
1312 2
1313 0
1314 1
1315 0
1316 1
1317 1
1318 1
1319 4
1320 4
1321 2
1322 3
1323 3
1324 4
1325 2
1326 2
1327 4
1328 2
1329 1
1330 2
1331 0
1332 1
1333 0
1334 1
1335 4
1336 0
1337 2
1338 1
1339 1
1340 0
1341 0
1342 1
1343 0
1344 0
1345 1
1346 0
1347 0
1348 3
1349 0
1350 0
1351 0
1352 0
1353 2
1354 1
1355 1
1356 5
1357 0
1358 3
1359 0
1360 0
1361 0
1362 2
1363 3
1364 2
1365 4
1366 0
1367 0
1368 0
1369 0
1370 4
1371 3
1372 4
1373 3
1374 1
1375 3
1376 1
1377 0
1378 3
1379 1
1380 1
1381 2
1382 2
1383 3
1384 0
1385 0
1386 3
1387 3
1388 3
1389 0
1390 1
1391 0
1392 0
1393 4
1394 0
1395 2
1396 3
1397 1
1398 2
1399 2
1400 4
1401 4
1402 3
1403 0
1404 3
1405 3
1406 2
1407 0
1408 2
1409 0
1410 1
1411 1
1412 3
1413 1
1414 4
1415 2
1416 1
1417 4
1418 2
1419 1
1420 4
1421 1
1422 0
1423 1
1424 1
1425 0
1426 0
1427 0
1428 2
1429 1
1430 3
1431 3
1432 2
1433 5
1434 4
1435 1
1436 2
1437 1
1438 0
1439 2
1440 3
1441 4
1442 2
1443 1
1444 0
1445 3
1446 2
1447 4
1448 0
1449 5
1450 1
1451 2
1452 1
1453 0
1454 4
1455 0
1456 0
1457 1
1458 2
1459 0
1460 5
1461 0
1462 3
1463 1
1464 0
1465 1
1466 4
1467 2
1468 4
1469 2
1470 0
1471 1
1472 1
1473 0
1474 0
1475 3
1476 3
1477 1
1478 3
1479 4
1480 0
1481 0
1482 5
1483 1
1484 4
1485 0
1486 0
1487 3
1488 2
1489 1
1490 0
1491 0
1492 1
1493 1
1494 3
1495 0
1496 1
1497 0
1498 3
1499 1
1500 1
1501 2
1502 2
1503 2
1504 1
1505 4
1506 1
1507 4
1508 0
1509 3
1510 5
1511 2
1512 3
1513 5
1514 4
1515 3
1516 2
1517 2
1518 2
1519 1
1520 3
1521 3
1522 2
1523 0
1524 2
1525 0
1526 3
1527 2
1528 2
1529 1
1530 0
1531 3
1532 3
1533 2
1534 2
1535 3
1536 1
1537 2
1538 1
1539 2
1540 4
1541 3
1542 4
1543 2
1544 1
1545 2
1546 3
1547 5
1548 3
1549 4
1550 1
1551 4
1552 3
1553 5
1554 2
1555 3
1556 2
1557 0
1558 3
1559 4
1560 3
1561 2
1562 0
1563 0
1564 2
1565 3
1566 3
1567 0
1568 1
1569 2
1570 2
1571 3
1572 3
1573 0
1574 2
1575 3
1576 4
1577 0
1578 1
1579 3
1580 3
1581 5
1582 4
1583 4
1584 1
1585 4
1586 2
1587 1
1588 2
1589 0
1590 0
1591 4
1592 4
1593 1
1594 5
1595 1
1596 5
1597 2
1598 3
1599 0
1600 0
1601 0
1602 1
1603 0
1604 4
1605 1
1606 0
1607 1
1608 0
1609 2
1610 2
1611 0
1612 2
1613 3
1614 0
1615 5
1616 1
1617 2
1618 0
1619 1
1620 4
1621 1
1622 4
1623 0
1624 2
1625 2
1626 4
1627 1
1628 1
1629 2
1630 1
1631 0
1632 4
1633 1
1634 0
1635 4
1636 1
1637 1
1638 1
1639 1
1640 1
1641 2
1642 5
1643 2
1644 1
1645 2
1646 1
1647 1
1648 0
1649 0
1650 4
1651 4
1652 1
1653 1
1654 4
1655 2
1656 0
1657 3
1658 2
1659 1
1660 0
1661 0
1662 1
1663 2
1664 3
1665 0
1666 3
1667 2
1668 0
1669 1
1670 3
1671 3
1672 2
1673 2
1674 1
1675 0
1676 2
1677 3
1678 3
1679 2
1680 3
1681 0
1682 1
1683 4
1684 4
1685 4
1686 3
1687 0
1688 2
1689 3
1690 2
1691 3
1692 1
1693 5
1694 4
1695 4
1696 0
1697 3
1698 1
1699 4
1700 3
1701 2
1702 2
1703 1
1704 1
1705 1
1706 2
1707 1
1708 3
1709 1
1710 2
1711 0
1712 4
1713 1
1714 5
1715 0
1716 2
1717 2
1718 4
1719 3
1720 0
1721 1
1722 5
1723 3
1724 1
1725 2
1726 0
1727 3
1728 1
1729 0
1730 2
1731 4
1732 2
1733 1
1734 2
1735 1
1736 4
1737 0
1738 0
1739 5
1740 3
1741 5
1742 5
1743 3
1744 2
1745 4
1746 1
1747 3
1748 3
1749 2
1750 3
1751 0
1752 3
1753 3
1754 4
1755 5
1756 4
1757 3
1758 1
1759 3
1760 0
1761 0
1762 1
1763 4
1764 5
1765 1
1766 0
1767 0
1768 0
1769 2
1770 0
1771 0
1772 0
1773 3
1774 2
1775 3
1776 2
1777 2
1778 2
1779 5
1780 1
1781 4
1782 3
1783 2
1784 2
1785 0
1786 5
1787 2
1788 3
1789 3
1790 3
1791 3
1792 2
1793 2
1794 1
1795 0
1796 3
1797 1
1798 3
1799 0
1800 1
1801 1
1802 0
1803 4
1804 0
1805 0
1806 0
1807 1
1808 4
1809 3
1810 3
1811 0
1812 3
1813 3
1814 2
1815 1
1816 1
1817 2
1818 0
1819 3
1820 3
1821 4
1822 0
1823 1
1824 2
1825 3
1826 1
1827 2
1828 0
1829 0
1830 1
1831 1
1832 2
1833 0
1834 1
1835 2
1836 0
1837 3
1838 3
1839 0
1840 2
1841 2
1842 3
1843 5
1844 3
1845 1
1846 1
1847 0
1848 2
1849 4
1850 4
1851 0
1852 4
1853 1
1854 2
1855 0
1856 2
1857 0
1858 4
1859 1
1860 3
1861 0
1862 2
1863 0
1864 3
1865 0
1866 4
1867 2
1868 1
1869 0
1870 4
1871 1
1872 4
1873 2
1874 4
1875 3
1876 1
1877 3
1878 3
1879 0
1880 2
1881 3
1882 1
1883 0
1884 4
1885 1
1886 1
1887 3
1888 2
1889 2
1890 3
1891 0
1892 1
1893 0
1894 1
1895 0
1896 3
1897 3
1898 3
1899 2
1900 0
1901 4
1902 0
1903 0
1904 5
1905 0
1906 3
1907 0
1908 2
1909 4
1910 0
1911 1
1912 2
1913 1
1914 5
1915 3
1916 1
1917 5
1918 0
1919 2
1920 3
1921 0
1922 3
1923 2
1924 2
1925 2
1926 3
1927 2
1928 3
1929 3
1930 4
1931 4
1932 2
1933 2
1934 2
1935 2
1936 2
1937 0
1938 0
1939 2
1940 0
1941 0
1942 1
1943 1
1944 1
1945 1
1946 2
1947 3
1948 1
1949 0
1950 3
1951 2
1952 4
1953 0
1954 3
1955 0
1956 1
1957 0
1958 0
1959 1
1960 2
1961 4
1962 1
1963 3
1964 2
1965 0
1966 3
1967 4
1968 4
1969 0
1970 5
1971 3
1972 2
1973 2
1974 0
1975 0
1976 1
1977 4
1978 1
1979 2
1980 3
1981 1
1982 3
1983 0
1984 1
1985 3
1986 3
1987 1
1988 0
1989 3
1990 2
1991 0
1992 2
1993 3
1994 0
1995 0
1996 0
1997 2
1998 0
1999 4
2000 2
2001 1
2002 3
2003 2
2004 3
2005 2
2006 1
2007 4
2008 2
2009 4
2010 5
2011 4
2012 4
2013 3
2014 1
2015 4
2016 2
2017 4
2018 0
2019 5
2020 0
2021 4
2022 3
2023 5
2024 0
2025 3
2026 1
2027 1
2028 3
2029 0
2030 2
2031 0
2032 0
2033 0
2034 4
2035 1
2036 4
2037 0
2038 2
2039 0
2040 1
2041 1
2042 0
2043 4
2044 2
2045 0
2046 2
2047 3
2048 1
2049 2
2050 0
2051 2
2052 4
2053 3
2054 3
2055 3
2056 3
2057 1
2058 0
2059 2
2060 0
2061 1
2062 0
2063 3
2064 0
2065 1
2066 0
2067 0
2068 1
2069 2
2070 1
2071 2
2072 2
2073 0
2074 4
2075 2
2076 0
2077 2
2078 0
2079 5
2080 3
2081 4
2082 1
2083 5
2084 3
2085 0
2086 1
2087 0
2088 1
2089 2
2090 3
2091 3
2092 0
2093 5
2094 0
2095 1
2096 0
2097 0
2098 3
2099 5
2100 2
2101 1
2102 0
2103 0
2104 3
2105 2
2106 3
2107 4
2108 3
2109 4
2110 2
2111 3
2112 2
2113 2
2114 4
2115 3
2116 2
2117 0
2118 0
2119 4
2120 4
2121 1
2122 1
2123 4
2124 3
2125 0
2126 1
2127 4
2128 4
2129 2
2130 1
2131 3
2132 2
2133 5
2134 2
2135 4
2136 2
2137 3
2138 3
2139 0
2140 3
2141 4
2142 1
2143 0
2144 3
2145 4
2146 3
2147 0
2148 1
2149 2
2150 1
2151 4
2152 1
2153 2
2154 3
2155 4
2156 0
2157 0
2158 0
2159 2
2160 3
2161 0
2162 1
2163 0
2164 0
2165 3
2166 2
2167 0
2168 1
2169 1
2170 4
2171 1
2172 4
2173 2
2174 0
2175 2
2176 1
2177 2
2178 3
2179 3
2180 3
2181 3
2182 1
2183 3
2184 0
2185 4
2186 1
2187 0
2188 1
2189 3
2190 2
2191 0
2192 1
2193 2
2194 2
2195 0
2196 0
2197 1
2198 2
2199 1
2200 0
2201 4
2202 2
2203 4
2204 2
2205 2
2206 0
2207 4
2208 5
2209 1
2210 2
2211 4
2212 3
2213 2
2214 5
2215 0
2216 4
2217 1
2218 2
2219 0
2220 1
2221 2
2222 0
2223 1
2224 2
2225 0
2226 1
2227 0
2228 0
2229 3
2230 2
2231 1
2232 1
2233 1
2234 2
2235 2
2236 0
2237 1
2238 4
2239 1
2240 2
2241 0
2242 2
2243 3
2244 4
2245 0
2246 0
2247 3
2248 3
2249 4
2250 1
2251 4
2252 2
2253 0
2254 0
2255 2
2256 1
2257 3
2258 6
2259 3
2260 2
2261 0
2262 0
2263 4
2264 0
2265 0
2266 4
2267 5
2268 2
2269 1
2270 2
2271 2
2272 4
2273 2
2274 2
2275 2
2276 1
2277 0
2278 4
2279 4
2280 1
2281 2
2282 1
2283 1
2284 3
2285 3
2286 3
2287 4
2288 2
2289 1
2290 2
2291 0
2292 4
2293 2
2294 3
2295 4
2296 0
2297 4
2298 2
2299 0
2300 2
2301 0
2302 2
2303 2
2304 4
2305 1
2306 2
2307 0
2308 5
2309 0
2310 3
2311 2
2312 2
2313 0
2314 0
2315 3
2316 4
2317 4
2318 5
2319 3
2320 0
2321 2
2322 2
2323 2
2324 5
2325 2
2326 3
2327 2
2328 1
2329 1
2330 2
2331 2
2332 3
2333 3
2334 1
2335 3
2336 1
2337 4
2338 3
2339 2
2340 0
2341 2
2342 0
2343 3
2344 0
2345 0
2346 3
2347 3
2348 3
2349 0
2350 1
2351 1
2352 3
2353 1
2354 4
2355 0
2356 4
2357 3
2358 1
2359 3
2360 1
2361 0
2362 1
2363 0
2364 1
2365 1
2366 2
2367 1
2368 0
2369 3
2370 2
2371 5
2372 3
2373 2
2374 2
2375 2
2376 1
2377 4
2378 1
2379 0
2380 3
2381 1
2382 3
2383 3
2384 3
2385 3
2386 2
2387 0
2388 0
2389 1
2390 1
2391 1
2392 2
2393 1
2394 1
2395 0
2396 3
2397 4
2398 3
2399 3
2400 3
2401 4
2402 0
2403 4
2404 1
2405 0
2406 2
2407 1
2408 3
2409 0
2410 0
2411 0
2412 0
2413 4
2414 2
2415 1
2416 0
2417 1
2418 2
2419 3
2420 3
2421 4
2422 2
2423 3
2424 2
2425 3
2426 2
2427 0
2428 1
2429 3
2430 0
2431 0
2432 3
2433 1
2434 1
2435 1
2436 0
2437 1
2438 0
2439 3
2440 1
2441 3
2442 1
2443 2
2444 0
2445 2
2446 0
2447 3
2448 1
2449 4
2450 1
2451 2
2452 4
2453 3
2454 3
2455 1
2456 3
2457 3
2458 3
2459 0
2460 1
2461 1
2462 0
2463 1
2464 3
2465 0
2466 3
2467 2
2468 3
2469 3
2470 4
2471 1
2472 0
2473 3
2474 0
2475 3
2476 4
2477 0
2478 2
2479 1
2480 2
2481 2
2482 1
2483 2
2484 5
2485 3
2486 3
2487 2
2488 2
2489 3
2490 1
2491 1
2492 1
2493 4
2494 0
2495 2
2496 0
2497 1
2498 1
2499 1
2500 2
2501 1
2502 3
2503 2
2504 4
2505 3
2506 0
2507 0
2508 0
2509 4
2510 2
2511 5
2512 0
2513 3
2514 1
2515 2
2516 2
2517 2
2518 1
2519 2
2520 4
2521 1
2522 2
2523 1
2524 1
2525 2
2526 4
2527 2
2528 2
2529 1
2530 2
2531 2
2532 4
2533 3
2534 3
2535 1
2536 2
2537 2
2538 2
2539 3
2540 5
2541 4
2542 1
2543 0
2544 1
2545 3
2546 0
2547 3
2548 0
2549 4
2550 4
2551 1
2552 0
2553 0
2554 3
2555 3
2556 0
2557 3
2558 4
2559 1
2560 0
2561 0
2562 2
2563 0
2564 4
2565 2
2566 3
2567 3
2568 1
2569 1
2570 2
2571 3
2572 0
2573 2
2574 3
2575 2
2576 0
2577 5
2578 2
2579 0
2580 0
2581 0
2582 4
2583 1
2584 1
2585 0
2586 0
2587 2
2588 1
2589 0
2590 1
2591 4
2592 1
2593 2
2594 3
2595 3
2596 3
2597 2
2598 2
2599 3
2600 3
2601 1
2602 1
2603 3
2604 2
2605 0
2606 0
2607 3
2608 1
2609 1
2610 2
2611 4
2612 4
2613 2
2614 4
2615 2
2616 3
2617 2
2618 0
2619 2
2620 3
2621 3
2622 2
2623 1
2624 0
2625 0
2626 4
2627 2
2628 3
2629 0
2630 1
2631 0
2632 0
2633 3
2634 1
2635 5
2636 1
2637 0
2638 4
2639 1
2640 3
2641 1
2642 4
2643 1
2644 3
2645 0
2646 0
2647 0
2648 4
2649 2
2650 3
2651 1
2652 2
2653 3
2654 0
2655 3
2656 0
2657 4
2658 3
2659 2
2660 3
2661 2
2662 1
2663 1
2664 0
2665 0
2666 1
2667 3
2668 2
2669 4
2670 2
2671 3
2672 2
2673 3
2674 4
2675 1
2676 1
2677 3
2678 0
2679 2
2680 2
2681 1
2682 2
2683 2
2684 2
2685 5
2686 4
2687 2
2688 2
2689 0
2690 0
2691 3
2692 3
2693 1
2694 1
2695 1
2696 3
2697 1
2698 0
2699 0
2700 1
2701 2
2702 4
2703 0
2704 1
2705 3
2706 4
2707 0
2708 2
2709 1
2710 4
2711 2
2712 0
2713 2
2714 2
2715 1
2716 0
2717 0
2718 5
2719 3
2720 2
2721 2
2722 0
2723 0
2724 0
2725 1
2726 1
2727 2
2728 0
2729 0
2730 0
2731 2
2732 0
2733 3
2734 0
2735 0
2736 4
2737 2
2738 1
2739 2
2740 0
2741 1
2742 0
2743 3
2744 6
2745 1
2746 1
2747 2
2748 2
2749 0
2750 2
2751 2
2752 0
2753 0
2754 0
2755 1
2756 0
2757 1
2758 2
2759 0
2760 0
2761 4
2762 4
2763 3
2764 4
2765 3
2766 0
2767 4
2768 3
2769 4
2770 3
2771 5
2772 0
2773 3
2774 1
2775 1
2776 1
2777 0
2778 4
2779 4
2780 1
2781 0
2782 2
2783 0
2784 0
2785 0
2786 0
2787 3
2788 1
2789 4
2790 2
2791 0
2792 1
2793 0
2794 1
2795 2
2796 2
2797 3
2798 0
2799 4
2800 3
2801 0
2802 5
2803 2
2804 1
2805 2
2806 4
2807 4
2808 0
2809 4
2810 1
2811 0
2812 1
2813 1
2814 1
2815 2
2816 1
2817 3
2818 0
2819 3
2820 0
2821 5
2822 2
2823 2
2824 2
2825 2
2826 4
2827 0
2828 2
2829 0
2830 4
2831 4
2832 0
2833 1
2834 4
2835 5
2836 2
2837 0
2838 1
2839 2
2840 2
2841 5
2842 1
2843 4
2844 2
2845 0
2846 0
2847 5
2848 2
2849 4
2850 2
2851 0
2852 1
2853 1
2854 2
2855 0
2856 5
2857 1
2858 2
2859 0
2860 1
2861 5
2862 0
2863 1
2864 3
2865 2
2866 1
2867 3
2868 4
2869 2
2870 2
2871 2
2872 2
2873 0
2874 2
2875 0
2876 4
2877 4
2878 1
2879 0
2880 0
2881 0
2882 2
2883 0
2884 3
2885 3
2886 3
2887 0
2888 1
2889 3
2890 4
2891 0
2892 1
2893 4
2894 3
2895 1
2896 2
2897 3
2898 1
2899 3
2900 2
2901 5
2902 1
2903 5
2904 0
2905 1
2906 3
2907 1
2908 4
2909 3
2910 3
2911 0
2912 0
2913 3
2914 2
2915 3
2916 1
2917 0
2918 0
2919 1
2920 3
2921 0
2922 0
2923 6
2924 4
2925 4
2926 3
2927 4
2928 2
2929 4
2930 0
2931 0
2932 0
2933 0
2934 1
2935 3
2936 3
2937 3
2938 0
2939 1
2940 4
2941 0
2942 0
2943 5
2944 0
2945 0
2946 0
2947 2
2948 4
2949 0
2950 6
2951 1
2952 2
2953 0
2954 0
2955 0
2956 1
2957 3
2958 0
2959 1
2960 2
2961 2
2962 1
2963 1
2964 2
2965 2
2966 0
2967 2
2968 4
2969 4
2970 0
2971 1
2972 3
2973 3
2974 3
2975 3
2976 1
2977 4
2978 0
2979 0
2980 2
2981 4
2982 1
2983 4
2984 2
2985 0
2986 2
2987 4
2988 3
2989 5
2990 2
2991 3
2992 1
2993 0
2994 3
2995 3
2996 3
2997 1
2998 5
2999 2
3000 4
3001 4
3002 2
3003 1
3004 3
3005 1
3006 3
3007 3
3008 1
3009 1
3010 4
3011 3
3012 3
3013 0
3014 0
3015 3
3016 0
3017 4
3018 0
3019 1
3020 4
3021 0
3022 2
3023 3
3024 1
3025 1
3026 0
3027 1
3028 3
3029 1
3030 0
3031 3
3032 1
3033 4
3034 3
3035 1
3036 0
3037 2
3038 1
3039 5
3040 1
3041 0
3042 4
3043 0
3044 3
3045 3
3046 1
3047 1
3048 0
3049 3
3050 3
3051 3
3052 0
3053 2
3054 0
3055 0
3056 2
3057 4
3058 5
3059 1
3060 4
3061 3
3062 0
3063 0
3064 3
3065 3
3066 4
3067 4
3068 2
3069 0
3070 4
3071 2
3072 1
3073 1
3074 1
3075 4
3076 2
3077 4
3078 5
3079 2
3080 2
3081 4
3082 0
3083 3
3084 3
3085 2
3086 0
3087 5
3088 2
3089 1
3090 2
3091 3
3092 4
3093 1
3094 0
3095 1
3096 1
3097 2
3098 3
3099 4
3100 0
3101 4
3102 3
3103 0
3104 0
3105 2
3106 5
3107 2
3108 0
3109 3
3110 0
3111 0
3112 1
3113 2
3114 4
3115 1
3116 1
3117 0
3118 3
3119 1
3120 1
3121 4
3122 3
3123 2
3124 0
3125 4
3126 2
3127 3
3128 2
3129 1
3130 1
3131 1
3132 4
3133 4
3134 0
3135 2
3136 1
3137 4
3138 1
3139 2
3140 1
3141 0
3142 0
3143 0
3144 2
3145 4
3146 4
3147 2
3148 0
3149 3
3150 1
3151 3
3152 3
3153 0
3154 1
3155 3
3156 1
3157 5
3158 4
3159 0
3160 4
3161 3
3162 4
3163 1
3164 0
3165 2
3166 0
3167 2
3168 2
3169 3
3170 1
3171 4
3172 1
3173 0
3174 0
3175 2
3176 3
3177 5
3178 4
3179 1
3180 0
3181 5
3182 2
3183 3
3184 2
3185 1
3186 4
3187 1
3188 2
3189 2
3190 5
3191 1
3192 1
3193 0
3194 3
3195 2
3196 3
3197 3
3198 0
3199 1
3200 0
3201 1
3202 3
3203 2
3204 3
3205 1
3206 4
3207 4
3208 2
3209 1
3210 0
3211 0
3212 3
3213 0
3214 0
3215 1
3216 5
3217 0
3218 0
3219 0
3220 2
3221 0
3222 3
3223 0
3224 3
3225 0
3226 4
3227 3
3228 3
3229 4
3230 1
3231 3
3232 2
3233 3
3234 1
3235 3
3236 1
3237 4
3238 1
3239 3
3240 2
3241 1
3242 1
3243 3
3244 0
3245 1
3246 2
3247 2
3248 5
3249 0
3250 0
3251 0
3252 5
3253 3
3254 2
3255 0
3256 4
3257 3
3258 2
3259 3
3260 3
3261 4
3262 1
3263 2
3264 3
3265 2
3266 1
3267 2
3268 2
3269 0
3270 2
3271 2
3272 1
3273 1
3274 1
3275 3
3276 3
3277 0
3278 0
3279 0
3280 0
3281 1
3282 2
3283 3
3284 1
3285 0
3286 2
3287 1
3288 1
3289 1
3290 3
3291 4
3292 1
3293 0
3294 0
3295 2
3296 4
3297 2
3298 4
3299 0
3300 4
3301 4
3302 2
3303 3
3304 1
3305 1
3306 0
3307 2
3308 1
3309 0
3310 4
3311 4
3312 4
3313 4
3314 2
3315 5
3316 3
3317 0
3318 4
3319 4
3320 2
3321 1
3322 3
3323 0
3324 0
3325 2
3326 2
3327 0
3328 2
3329 1
3330 2
3331 1
3332 2
3333 2
3334 1
3335 1
3336 4
3337 2
3338 4
3339 1
3340 3
3341 5
3342 2
3343 0
3344 0
3345 0
3346 2
3347 3
3348 0
3349 2
3350 4
3351 1
3352 1
3353 3
3354 3
3355 1
3356 1
3357 2
3358 1
3359 1
3360 0
3361 3
3362 0
3363 0
3364 3
3365 2
3366 0
3367 2
3368 3
3369 1
3370 0
3371 1
3372 1
3373 0
3374 0
3375 1
3376 0
3377 4
3378 1
3379 5
3380 1
3381 3
3382 3
3383 2
3384 4
3385 1
3386 2
3387 2
3388 0
3389 0
3390 0
3391 1
3392 1
3393 0
3394 1
3395 1
3396 0
3397 1
3398 2
3399 1
3400 2
3401 1
3402 1
3403 2
3404 0
3405 0
3406 1
3407 1
3408 3
3409 3
3410 3
3411 4
3412 3
3413 2
3414 3
3415 1
3416 2
3417 4
3418 0
3419 0
3420 2
3421 0
3422 0
3423 2
3424 1
3425 2
3426 4
3427 0
3428 0
3429 3
3430 3
3431 3
3432 0
3433 3
3434 0
3435 0
3436 1
3437 0
3438 0
3439 3
3440 0
3441 2
3442 0
3443 0
3444 1
3445 0
3446 1
3447 2
3448 1
3449 0
3450 3
3451 4
3452 4
3453 0
3454 2
3455 0
3456 0
3457 0
3458 2
3459 0
3460 6
3461 1
3462 3
3463 3
3464 2
3465 3
3466 2
3467 0
3468 4
3469 2
3470 2
3471 4
3472 1
3473 4
3474 1
3475 0
3476 6
3477 2
3478 1
3479 2
3480 3
3481 0
3482 3
3483 0
3484 3
3485 0
3486 3
3487 2
3488 2
3489 4
3490 2
3491 0
3492 3
3493 2
3494 4
3495 1
3496 0
3497 1
3498 1
3499 3
3500 3
3501 2
3502 0
3503 2
3504 5
3505 1
3506 1
3507 0
3508 1
3509 3
3510 0
3511 0
3512 1
3513 0
3514 1
3515 1
3516 1
3517 2
3518 3
3519 2
3520 1
3521 0
3522 0
3523 3
3524 4
3525 3
3526 3
3527 0
3528 3
3529 2
3530 2
3531 2
3532 3
3533 1
3534 1
3535 0
3536 3
3537 0
3538 4
3539 2
3540 3
3541 3
3542 0
3543 2
3544 2
3545 3
3546 3
3547 3
3548 0
3549 3
3550 0
3551 4
3552 2
3553 2
3554 0
3555 1
3556 1
3557 2
3558 2
3559 2
3560 2
3561 0
3562 1
3563 3
3564 1
3565 4
3566 5
3567 1
3568 1
3569 1
3570 2
3571 0
3572 1
3573 0
3574 2
3575 0
3576 4
3577 0
3578 3
3579 1
3580 3
3581 4
3582 6
3583 2
3584 3
3585 3
3586 1
3587 1
3588 3
3589 1
3590 0
3591 1
3592 4
3593 0
3594 1
3595 0
3596 0
3597 2
3598 5
3599 5
3600 2
3601 0
3602 2
3603 1
3604 2
3605 0
3606 3
3607 4
3608 3
3609 0
3610 2
3611 2
3612 5
3613 0
3614 3
3615 3
3616 1
3617 3
3618 3
3619 2
3620 0
3621 2
3622 2
3623 5
3624 3
3625 1
3626 5
3627 1
3628 3
3629 0
3630 0
3631 3
3632 1
3633 1
3634 2
3635 3
3636 1
3637 0
3638 3
3639 2
3640 1
3641 3
3642 2
3643 3
3644 0
3645 1
3646 3
3647 0
3648 3
3649 1
3650 4
3651 5
3652 1
3653 0
3654 3
3655 2
3656 3
3657 5
3658 4
3659 0
3660 3
3661 3
3662 1
3663 1
3664 2
3665 0
3666 3
3667 0
3668 1
3669 4
3670 0
3671 0
3672 3
3673 0
3674 4
3675 3
3676 1
3677 0
3678 5
3679 3
3680 1
3681 1
3682 0
3683 0
3684 2
3685 2
3686 5
3687 2
3688 0
3689 1
3690 2
3691 2
3692 5
3693 3
3694 3
3695 0
3696 0
3697 2
3698 2
3699 2
3700 0
3701 4
3702 0
3703 0
3704 4
3705 4
3706 1
3707 0
3708 1
3709 3
3710 5
3711 0
3712 1
3713 3
3714 3
3715 1
3716 5
3717 0
3718 4
3719 0
3720 2
3721 0
3722 4
3723 2
3724 2
3725 0
3726 0
3727 2
3728 2
3729 3
3730 2
3731 1
3732 0
3733 2
3734 3
3735 0
3736 1
3737 1
3738 0
3739 0
3740 0
3741 3
3742 2
3743 1
3744 0
3745 4
3746 2
3747 0
3748 4
3749 3
3750 4
3751 4
3752 3
3753 4
3754 2
3755 4
3756 5
3757 1
3758 1
3759 0
3760 3
3761 1
3762 2
3763 0
3764 3
3765 4
3766 3
3767 3
3768 1
3769 1
3770 1
3771 2
3772 2
3773 1
3774 0
3775 3
3776 3
3777 2
3778 2
3779 2
3780 3
3781 2
3782 4
3783 0
3784 2
3785 1
3786 4
3787 3
3788 4
3789 0
3790 2
3791 4
3792 3
3793 4
3794 1
3795 4
3796 0
3797 2
3798 3
3799 3
3800 2
3801 2
3802 2
3803 3
3804 0
3805 4
3806 2
3807 1
3808 3
3809 0
3810 4
3811 2
3812 0
3813 2
3814 4
3815 1
3816 0
3817 1
3818 2
3819 2
3820 4
3821 1
3822 0
3823 0
3824 1
3825 2
3826 3
3827 0
3828 1
3829 3
3830 6
3831 3
3832 1
3833 0
3834 1
3835 2
3836 1
3837 1
3838 1
3839 1
3840 3
3841 2
3842 0
3843 0
3844 1
3845 2
3846 5
3847 3
3848 1
3849 3
3850 0
3851 4
3852 0
3853 0
3854 3
3855 1
3856 4
3857 3
3858 3
3859 2
3860 0
3861 4
3862 0
3863 3
3864 1
3865 2
3866 4
3867 2
3868 2
3869 0
3870 0
3871 0
3872 3
3873 1
3874 4
3875 2
3876 1
3877 3
3878 0
3879 1
3880 3
3881 3
3882 0
3883 1
3884 2
3885 1
3886 4
3887 0
3888 0
3889 3
3890 0
3891 3
3892 0
3893 2
3894 3
3895 5
3896 2
3897 1
3898 0
3899 2
3900 1
3901 0
3902 0
3903 0
3904 3
3905 3
3906 0
3907 4
3908 2
3909 4
3910 2
3911 2
3912 1
3913 0
3914 1
3915 2
3916 0
3917 0
3918 1
3919 3
3920 0
3921 0
3922 3
3923 2
3924 2
3925 5
3926 1
3927 1
3928 3
3929 2
3930 2
3931 4
3932 3
3933 3
3934 3
3935 4
3936 4
3937 0
3938 3
3939 1
3940 1
3941 2
3942 2
3943 0
3944 0
3945 2
3946 0
3947 0
3948 1
3949 1
3950 3
3951 0
3952 3
3953 0
3954 1
3955 1
3956 4
3957 2
3958 1
3959 2
3960 4
3961 1
3962 1
3963 1
3964 1
3965 0
3966 2
3967 0
3968 1
3969 1
3970 0
3971 0
3972 2
3973 3
3974 1
3975 3
3976 4
3977 3
3978 0
3979 4
3980 1
3981 1
3982 3
3983 4
3984 3
3985 0
3986 2
3987 3
3988 0
3989 1
3990 0
3991 2
3992 1
3993 1
3994 4
3995 4
3996 1
3997 1
3998 5
3999 0
4000 4
4001 2
4002 3
4003 2
4004 3
4005 2
4006 2
4007 0
4008 3
4009 2
4010 2
4011 4
4012 2
4013 0
4014 2
4015 4
4016 4
4017 2
4018 0
4019 0
4020 2
4021 1
4022 1
4023 2
4024 0
4025 3
4026 2
4027 0
4028 4
4029 0
4030 2
4031 1
4032 0
4033 3
4034 0
4035 1
4036 0
4037 2
4038 2
4039 3
4040 2
4041 3
4042 1
4043 3
4044 3
4045 0
4046 1
4047 2
4048 3
4049 1
4050 0
4051 3
4052 3
4053 3
4054 2
4055 4
4056 1
4057 3
4058 4
4059 1
4060 1
4061 2
4062 2
4063 0
4064 0
4065 1
4066 0
4067 2
4068 4
4069 3
4070 3
4071 1
4072 1
4073 1
4074 4
4075 2
4076 3
4077 1
4078 3
4079 3
4080 4
4081 0
4082 0
4083 5
4084 1
4085 1
4086 2
4087 0
4088 1
4089 2
4090 3
4091 0
4092 4
4093 4
4094 0
4095 1
4096 4
4097 1
4098 2
4099 4
4100 0
4101 0
4102 0
4103 2
4104 2
4105 0
4106 1
4107 0
4108 3
4109 2
4110 4
4111 0
4112 3
4113 1
4114 2
4115 0
4116 0
4117 2
4118 2
4119 4
4120 0
4121 4
4122 1
4123 1
4124 5
4125 4
4126 3
4127 2
4128 1
4129 2
4130 2
4131 1
4132 0
4133 1
4134 1
4135 3
4136 4
4137 1
4138 1
4139 1
4140 2
4141 1
4142 3
4143 3
4144 4
4145 3
4146 1
4147 6
4148 3
4149 5
4150 3
4151 0
4152 3
4153 0
4154 4
4155 2
4156 2
4157 0
4158 3
4159 2
4160 2
4161 4
4162 1
4163 0
4164 2
4165 1
4166 3
4167 5
4168 3
4169 1
4170 3
4171 1
4172 3
4173 1
4174 2
4175 0
4176 0
4177 3
4178 0
4179 3
4180 2
4181 1
4182 3
4183 3
4184 0
4185 4
4186 2
4187 4
4188 0
4189 3
4190 1
4191 0
4192 3
4193 4
4194 2
4195 1
4196 1
4197 0
4198 3
4199 3
4200 4
4201 2
4202 4
4203 0
4204 0
4205 0
4206 0
4207 1
4208 2
4209 2
4210 4
4211 1
4212 1
4213 4
4214 2
4215 1
4216 2
4217 1
4218 0
4219 1
4220 1
4221 1
4222 1
4223 2
4224 2
4225 1
4226 1
4227 2
4228 0
4229 1
4230 3
4231 5
4232 3
4233 3
4234 3
4235 0
4236 1
4237 2
4238 1
4239 3
4240 3
4241 1
4242 1
4243 4
4244 1
4245 4
4246 0
4247 1
4248 1
4249 2
4250 2
4251 3
4252 3
4253 1
4254 1
4255 2
4256 3
4257 1
4258 1
4259 1
4260 1
4261 0
4262 0
4263 0
4264 0
4265 4
4266 0
4267 2
4268 1
4269 0
4270 5
4271 5
4272 1
4273 1
4274 2
4275 3
4276 4
4277 3
4278 0
4279 3
4280 3
4281 0
4282 0
4283 0
4284 2
4285 3
4286 1
4287 1
4288 0
4289 3
4290 2
4291 2
4292 0
4293 0
4294 1
4295 0
4296 1
4297 0
4298 1
4299 1
4300 0
4301 4
4302 1
4303 0
4304 0
4305 1
4306 1
4307 4
4308 3
4309 1
4310 2
4311 2
4312 2
4313 2
4314 4
4315 3
4316 0
4317 2
4318 1
4319 1
4320 2
4321 4
4322 0
4323 0
4324 4
4325 1
4326 4
4327 2
4328 1
4329 5
4330 1
4331 2
4332 0
4333 0
4334 5
4335 2
4336 3
4337 2
4338 4
4339 2
4340 2
4341 4
4342 1
4343 1
4344 2
4345 4
4346 0
4347 2
4348 0
4349 6
4350 1
4351 1
4352 2
4353 0
4354 0
4355 1
4356 1
4357 2
4358 0
4359 2
4360 3
4361 0
4362 4
4363 3
4364 0
4365 0
4366 0
4367 4
4368 1
4369 1
4370 2
4371 3
4372 1
4373 3
4374 1
4375 2
4376 1
4377 0
4378 2
4379 4
4380 1
4381 4
4382 3
4383 2
4384 1
4385 4
4386 0
4387 1
4388 0
4389 1
4390 1
4391 1
4392 1
4393 3
4394 1
4395 3
4396 3
4397 2
4398 0
4399 4
4400 0
4401 3
4402 2
4403 2
4404 2
4405 5
4406 4
4407 1
4408 3
4409 1
4410 2
4411 4
4412 0
4413 3
4414 2
4415 0
4416 2
4417 1
4418 0
4419 2
4420 1
4421 1
4422 1
4423 2
4424 1
4425 2
4426 3
4427 0
4428 0
4429 4
4430 2
4431 3
4432 2
4433 4
4434 3
4435 2
4436 1
4437 2
4438 3
4439 0
4440 2
4441 1
4442 0
4443 3
4444 1
4445 4
4446 1
4447 2
4448 2
4449 2
4450 2
4451 5
4452 0
4453 2
4454 4
4455 2
4456 0
4457 4
4458 1
4459 2
4460 3
4461 3
4462 0
4463 0
4464 5
4465 4
4466 0
4467 0
4468 0
4469 2
4470 0
4471 4
4472 3
4473 1
4474 0
4475 0
4476 1
4477 0
4478 0
4479 0
4480 4
4481 2
4482 4
4483 2
4484 0
4485 4
4486 2
4487 1
4488 5
4489 3
4490 0
4491 3
4492 3
4493 1
4494 4
4495 5
4496 2
4497 3
4498 3
4499 0
4500 3
4501 1
4502 4
4503 5
4504 2
4505 2
4506 2
4507 0
4508 0
4509 1
4510 0
4511 5
4512 3
4513 0
4514 1
4515 0
4516 1
4517 2
4518 3
4519 5
4520 0
4521 0
4522 2
4523 3
4524 2
4525 0
4526 0
4527 4
4528 3
4529 4
4530 3
4531 0
4532 3
4533 1
4534 1
4535 4
4536 3
4537 4
4538 2
4539 0
4540 0
4541 3
4542 2
4543 3
4544 2
4545 4
4546 4
4547 0
4548 4
4549 4
4550 1
4551 3
4552 3
4553 1
4554 3
4555 0
4556 3
4557 3
4558 0
4559 3
4560 0
4561 5
4562 3
4563 0
4564 4
4565 0
4566 0
4567 1
4568 0
4569 1
4570 0
4571 0
4572 1
4573 1
4574 2
4575 0
4576 1
4577 0
4578 0
4579 1
4580 1
4581 0
4582 4
4583 0
4584 0
4585 0
4586 0
4587 1
4588 4
4589 2
4590 0
4591 1
4592 2
4593 1
4594 1
4595 4
4596 4
4597 1
4598 1
4599 3
4600 4
4601 3
4602 0
4603 2
4604 3
4605 1
4606 1
4607 1
4608 5
4609 0
4610 0
4611 4
4612 4
4613 1
4614 1
4615 1
4616 2
4617 4
4618 1
4619 0
4620 1
4621 0
4622 3
4623 0
4624 2
4625 0
4626 2
4627 2
4628 1
4629 0
4630 2
4631 0
4632 3
4633 2
4634 1
4635 1
4636 1
4637 4
4638 4
4639 2
4640 1
4641 2
4642 1
4643 1
4644 0
4645 1
4646 1
4647 2
4648 0
4649 0
4650 0
4651 0
4652 3
4653 4
4654 5
4655 2
4656 1
4657 0
4658 1
4659 2
4660 1
4661 0
4662 5
4663 5
4664 3
4665 1
4666 0
4667 0
4668 3
4669 4
4670 1
4671 1
4672 3
4673 2
4674 0
4675 4
4676 1
4677 3
4678 3
4679 2
4680 1
4681 0
4682 2
4683 1
4684 2
4685 0
4686 3
4687 1
4688 4
4689 2
4690 0
4691 1
4692 0
4693 4
4694 4
4695 0
4696 5
4697 4
4698 3
4699 3
4700 1
4701 3
4702 2
4703 3
4704 4
4705 0
4706 1
4707 2
4708 3
4709 1
4710 1
4711 3
4712 1
4713 1
4714 2
4715 2
4716 3
4717 0
4718 1
4719 3
4720 1
4721 2
4722 1
4723 1
4724 1
4725 3
4726 4
4727 3
4728 3
4729 3
4730 4
4731 4
4732 1
4733 2
4734 3
4735 2
4736 1
4737 3
4738 5
4739 0
4740 1
4741 4
4742 1
4743 1
4744 5
4745 3
4746 2
4747 1
4748 1
4749 2
4750 0
4751 2
4752 1
4753 3
4754 2
4755 0
4756 2
4757 3
4758 0
4759 0
4760 0
4761 4
4762 3
4763 2
4764 1
4765 0
4766 0
4767 1
4768 0
4769 4
4770 2
4771 1
4772 2
4773 3
4774 1
4775 3
4776 2
4777 0
4778 1
4779 0
4780 2
4781 2
4782 0
4783 1
4784 1
4785 5
4786 4
4787 4
4788 3
4789 3
4790 2
4791 0
4792 2
4793 0
4794 0
4795 1
4796 3
4797 3
4798 3
4799 4
4800 1
4801 0
4802 1
4803 0
4804 3
4805 1
4806 1
4807 1
4808 1
4809 0
4810 3
4811 3
4812 0
4813 2
4814 0
4815 0
4816 0
4817 0
4818 3
4819 0
4820 0
4821 1
4822 0
4823 3
4824 0
4825 4
4826 0
4827 2
4828 2
4829 0
4830 0
4831 4
4832 4
4833 4
4834 3
4835 3
4836 4
4837 2
4838 1
4839 4
4840 3
4841 3
4842 3
4843 4
4844 1
4845 3
4846 1
4847 0
4848 2
4849 1
4850 3
4851 0
4852 1
4853 0
4854 1
4855 2
4856 1
4857 2
4858 5
4859 4
4860 0
4861 3
4862 2
4863 2
4864 1
4865 3
4866 5
4867 1
4868 2
4869 3
4870 0
4871 2
4872 3
4873 1
4874 4
4875 0
4876 1
4877 0
4878 2
4879 0
4880 1
4881 5
4882 1
4883 0
4884 2
4885 0
4886 2
4887 0
4888 0
4889 3
4890 0
4891 4
4892 2
4893 2
4894 0
4895 3
4896 0
4897 6
4898 3
4899 0
4900 4
4901 3
4902 3
4903 2
4904 1
4905 5
4906 4
4907 0
4908 3
4909 2
4910 1
4911 0
4912 3
4913 0
4914 1
4915 1
4916 1
4917 1
4918 0
4919 1
4920 2
4921 0
4922 0
4923 0
4924 3
4925 3
4926 2
4927 3
4928 0
4929 3
4930 4
4931 2
4932 2
4933 1
4934 3
4935 2
4936 2
4937 4
4938 1
4939 2
4940 3
4941 0
4942 2
4943 4
4944 1
4945 1
4946 1
4947 1
4948 2
4949 0
4950 2
4951 0
4952 5
4953 1
4954 1
4955 3
4956 0
4957 1
4958 0
4959 0
4960 2
4961 4
4962 2
4963 0
4964 3
4965 3
4966 1
4967 2
4968 2
4969 3
4970 0
4971 5
4972 2
4973 3
4974 1
4975 0
4976 4
4977 0
4978 4
4979 0
4980 3
4981 0
4982 4
4983 4
4984 2
4985 0
4986 1
4987 1
4988 2
4989 5
4990 0
4991 0
4992 2
4993 3
4994 3
4995 2
4996 2
4997 1
4998 1
4999 0
5000 0
5001 0
5002 1
5003 1
5004 1
5005 3
5006 0
5007 1
5008 2
5009 4
5010 3
5011 1
5012 0
5013 2
5014 3
5015 0
5016 1
5017 4
5018 2
5019 3
5020 4
5021 2
5022 2
5023 2
5024 4
5025 2
5026 2
5027 2
5028 3
5029 1
5030 0
5031 0
5032 4
5033 2
5034 1
5035 4
5036 0
5037 0
5038 0
5039 1
5040 2
5041 4
5042 2
5043 4
5044 2
5045 2
5046 3
5047 0
5048 2
5049 1
5050 0
5051 2
5052 2
5053 1
5054 4
5055 4
5056 1
5057 0
5058 4
5059 0
5060 1
5061 4
5062 1
5063 4
5064 0
5065 2
5066 3
5067 2
5068 1
5069 0
5070 5
5071 2
5072 2
5073 1
5074 3
5075 0
5076 3
5077 4
5078 3
5079 2
5080 2
5081 4
5082 1
5083 4
5084 5
5085 3
5086 0
5087 5
5088 2
5089 5
5090 1
5091 4
5092 1
5093 2
5094 0
5095 3
5096 4
5097 4
5098 0
5099 3
5100 1
5101 2
5102 4
5103 0
5104 1
5105 2
5106 2
5107 0
5108 2
5109 1
5110 1
5111 2
5112 0
5113 1
5114 2
5115 5
5116 1
5117 4
5118 3
5119 1
5120 3
5121 2
5122 3
5123 2
5124 1
5125 3
5126 0
5127 4
5128 0
5129 2
5130 1
5131 0
5132 4
5133 3
5134 3
5135 1
5136 5
5137 1
5138 2
5139 0
5140 1
5141 1
5142 5
5143 0
5144 4
5145 5
5146 2
5147 2
5148 2
5149 0
5150 3
5151 0
5152 4
5153 5
5154 1
5155 3
5156 1
5157 2
5158 3
5159 0
5160 2
5161 0
5162 1
5163 1
5164 3
5165 1
5166 1
5167 5
5168 0
5169 1
5170 2
5171 0
5172 1
5173 0
5174 1
5175 0
5176 0
5177 1
5178 2
5179 0
5180 3
5181 3
5182 2
5183 1
5184 0
5185 4
5186 5
5187 2
5188 2
5189 0
5190 3
5191 2
5192 3
5193 0
5194 3
5195 1
5196 1
5197 0
5198 0
5199 2
5200 3
5201 4
5202 1
5203 1
5204 2
5205 2
5206 2
5207 4
5208 5
5209 0
5210 5
5211 1
5212 4
5213 1
5214 0
5215 2
5216 1
5217 5
5218 2
5219 0
5220 2
5221 1
5222 4
5223 5
5224 2
5225 6
5226 5
5227 1
5228 1
5229 2
5230 1
5231 2
5232 3
5233 2
5234 5
5235 1
5236 2
5237 0
5238 2
5239 3
5240 2
5241 3
5242 2
5243 0
5244 4
5245 1
5246 2
5247 2
5248 0
5249 1
5250 1
5251 4
5252 1
5253 0
5254 1
5255 2
5256 0
5257 2
5258 3
5259 0
5260 0
5261 0
5262 2
5263 1
5264 0
5265 0
5266 0
5267 3
5268 2
5269 4
5270 4
5271 4
5272 0
5273 0
5274 2
5275 0
5276 4
5277 0
5278 3
5279 5
5280 3
5281 0
5282 5
5283 2
5284 3
5285 1
5286 0
5287 0
5288 2
5289 4
5290 2
5291 1
5292 5
5293 4
5294 1
5295 0
5296 3
5297 4
5298 2
5299 0
5300 2
5301 1
5302 1
5303 1
5304 2
5305 3
5306 0
5307 3
5308 2
5309 5
5310 1
5311 4
5312 1
5313 1
5314 2
5315 2
5316 3
5317 0
5318 1
5319 0
5320 2
5321 2
5322 1
5323 1
5324 2
5325 0
5326 2
5327 3
5328 2
5329 5
5330 3
5331 1
5332 3
5333 4
5334 0
5335 5
5336 5
5337 0
5338 1
5339 0
5340 4
5341 1
5342 1
5343 1
5344 5
5345 1
5346 5
5347 0
5348 1
5349 1
5350 4
5351 1
5352 1
5353 3
5354 0
5355 5
5356 2
5357 3
5358 0
5359 2
5360 4
5361 0
5362 1
5363 4
5364 0
5365 3
5366 1
5367 0
5368 3
5369 0
5370 4
5371 0
5372 3
5373 3
5374 1
5375 1
5376 3
5377 3
5378 0
5379 4
5380 2
5381 1
5382 1
5383 2
5384 1
5385 1
5386 0
5387 3
5388 3
5389 4
5390 2
5391 3
5392 2
5393 0
5394 2
5395 0
5396 0
5397 1
5398 2
5399 0
5400 3
5401 1
5402 5
5403 4
5404 0
5405 4
5406 0
5407 1
5408 1
5409 1
5410 3
5411 1
5412 0
5413 5
5414 1
5415 0
5416 0
5417 1
5418 1
5419 4
5420 0
5421 4
5422 1
5423 3
5424 2
5425 2
5426 1
5427 3
5428 0
5429 0
5430 0
5431 3
5432 5
5433 2
5434 2
5435 1
5436 0
5437 2
5438 1
5439 0
5440 0
5441 3
5442 0
5443 2
5444 5
5445 3
5446 5
5447 4
5448 1
5449 1
5450 3
5451 1
5452 4
5453 5
5454 2
5455 1
5456 0
5457 3
5458 0
5459 0
5460 1
5461 0
5462 4
5463 3
5464 1
5465 2
5466 0
5467 3
5468 1
5469 0
5470 5
5471 0
5472 0
5473 6
5474 0
5475 0
5476 1
5477 2
5478 2
5479 1
5480 3
5481 1
5482 2
5483 0
5484 3
5485 1
5486 0
5487 2
5488 4
5489 2
5490 4
5491 1
5492 1
5493 2
5494 0
5495 0
5496 0
5497 0
5498 5
5499 1
5500 5
5501 2
5502 3
5503 0
5504 1
5505 5
5506 0
5507 3
5508 1
5509 0
5510 2
5511 3
5512 0
5513 0
5514 1
5515 1
5516 2
5517 3
5518 4
5519 3
5520 0
5521 0
5522 0
5523 3
5524 0
5525 1
5526 2
5527 0
5528 3
5529 3
5530 2
5531 2
5532 3
5533 1
5534 3
5535 2
5536 3
5537 3
5538 2
5539 3
5540 0
5541 2
5542 0
5543 1
5544 1
5545 3
5546 1
5547 2
5548 1
5549 3
5550 1
5551 1
5552 1
5553 4
5554 2
5555 0
5556 4
5557 0
5558 1
5559 0
5560 3
5561 0
5562 0
5563 3
5564 2
5565 1
5566 2
5567 1
5568 0
5569 2
5570 2
5571 2
5572 3
5573 1
5574 5
5575 1
5576 4
5577 0
5578 2
5579 2
5580 2
5581 2
5582 0
5583 5
5584 0
5585 3
5586 3
5587 2
5588 2
5589 0
5590 1
5591 1
5592 1
5593 0
5594 0
5595 1
5596 3
5597 0
5598 0
5599 3
5600 2
5601 3
5602 0
5603 0
5604 1
5605 1
5606 4
5607 0
5608 1
5609 2
5610 5
5611 5
5612 2
5613 1
5614 4
5615 1
5616 2
5617 1
5618 1
5619 1
5620 0
5621 4
5622 4
5623 1
5624 1
5625 4
5626 1
5627 3
5628 2
5629 1
5630 4
5631 1
5632 4
5633 4
5634 2
5635 2
5636 0
5637 3
5638 2
5639 0
5640 0
5641 0
5642 0
5643 2
5644 3
5645 1
5646 3
5647 1
5648 1
5649 1
5650 0
5651 2
5652 0
5653 1
5654 4
5655 2
5656 3
5657 4
5658 1
5659 2
5660 1
5661 0
5662 0
5663 3
5664 2
5665 2
5666 2
5667 0
5668 4
5669 0
5670 2
5671 1
5672 4
5673 1
5674 3
5675 1
5676 4
5677 3
5678 3
5679 2
5680 1
5681 0
5682 4
5683 2
5684 3
5685 1
5686 3
5687 0
5688 4
5689 3
5690 0
5691 1
5692 4
5693 5
5694 4
5695 1
5696 0
5697 1
5698 1
5699 2
5700 0
5701 5
5702 0
5703 0
5704 1
5705 0
5706 0
5707 1
5708 2
5709 2
5710 3
5711 1
5712 1
5713 1
5714 1
5715 1
5716 3
5717 0
5718 2
5719 1
5720 2
5721 2
5722 4
5723 1
5724 0
5725 3
5726 0
5727 3
5728 0
5729 1
5730 1
5731 1
5732 0
5733 4
5734 4
5735 4
5736 1
5737 0
5738 3
5739 0
5740 0
5741 2
5742 1
5743 0
5744 1
5745 0
5746 1
5747 3
5748 4
5749 0
5750 1
5751 1
5752 2
5753 2
5754 4
5755 5
5756 0
5757 4
5758 1
5759 5
5760 0
5761 0
5762 1
5763 1
5764 1
5765 0
5766 1
5767 2
5768 3
5769 4
5770 1
5771 4
5772 2
5773 1
5774 2
5775 1
5776 3
5777 0
5778 3
5779 0
5780 4
5781 0
5782 4
5783 0
5784 0
5785 2
5786 0
5787 2
5788 4
5789 1
5790 0
5791 0
5792 2
5793 2
5794 5
5795 4
5796 3
5797 4
5798 1
5799 2
5800 1
5801 1
5802 0
5803 0
5804 2
5805 1
5806 2
5807 2
5808 1
5809 1
5810 1
5811 2
5812 3
5813 2
5814 0
5815 3
5816 2
5817 3
5818 0
5819 3
5820 1
5821 2
5822 0
5823 4
5824 0
5825 0
5826 1
5827 4
5828 2
5829 4
5830 1
5831 1
5832 0
5833 1
5834 2
5835 5
5836 0
5837 2
5838 0
5839 1
5840 4
5841 1
5842 5
5843 0
5844 0
5845 2
5846 5
5847 1
5848 3
5849 0
5850 3
5851 4
5852 2
5853 3
5854 0
5855 3
5856 2
5857 0
5858 2
5859 3
5860 4
5861 4
5862 5
5863 1
5864 0
5865 2
5866 1
5867 3
5868 2
5869 0
5870 1
5871 2
5872 0
5873 0
5874 0
5875 1
5876 3
5877 4
5878 0
5879 1
5880 3
5881 2
5882 1
5883 4
5884 5
5885 2
5886 3
5887 0
5888 4
5889 1
5890 4
5891 1
5892 1
5893 0
5894 4
5895 0
5896 1
5897 1
5898 0
5899 3
5900 2
5901 3
5902 5
5903 1
5904 3
5905 2
5906 1
5907 3
5908 0
5909 1
5910 1
5911 2
5912 4
5913 4
5914 1
5915 1
5916 2
5917 3
5918 1
5919 0
5920 1
5921 0
5922 0
5923 3
5924 4
5925 3
5926 0
5927 3
5928 4
5929 2
5930 0
5931 2
5932 1
5933 1
5934 4
5935 2
5936 1
5937 0
5938 2
5939 2
5940 3
5941 1
5942 0
5943 1
5944 2
5945 0
5946 2
5947 0
5948 3
5949 5
5950 2
5951 1
5952 2
5953 4
5954 2
5955 0
5956 4
5957 1
5958 4
5959 0
5960 3
5961 3
5962 0
5963 1
5964 1
5965 3
5966 3
5967 2
5968 1
5969 0
5970 4
5971 3
5972 0
5973 3
5974 2
5975 2
5976 0
5977 3
5978 2
5979 3
5980 1
5981 0
5982 3
5983 4
5984 1
5985 1
5986 3
5987 1
5988 0
5989 4
5990 2
5991 3
5992 6
5993 0
5994 1
5995 4
5996 5
5997 2
5998 1
5999 1
6000 2
6001 4
6002 0
6003 0
6004 2
6005 0
6006 6
6007 4
6008 0
6009 3
6010 2
6011 0
6012 3
6013 4
6014 4
6015 2
6016 1
6017 3
6018 1
6019 4
6020 3
6021 4
6022 5
6023 3
6024 3
6025 0
6026 3
6027 0
6028 3
6029 0
6030 0
6031 1
6032 1
6033 3
6034 0
6035 3
6036 2
6037 4
6038 0
6039 2
6040 0
6041 2
6042 2
6043 3
6044 3
6045 2
6046 2
6047 0
6048 1
6049 3
6050 0
6051 2
6052 1
6053 0
6054 2
6055 0
6056 0
6057 0
6058 2
6059 2
6060 0
6061 2
6062 3
6063 0
6064 4
6065 0
6066 0
6067 4
6068 1
6069 0
6070 3
6071 1
6072 4
6073 3
6074 4
6075 1
6076 1
6077 0
6078 1
6079 3
6080 4
6081 2
6082 0
6083 2
6084 2
6085 0
6086 3
6087 1
6088 4
6089 3
6090 2
6091 0
6092 3
6093 3
6094 4
6095 3
6096 2
6097 1
6098 0
6099 0
6100 3
6101 2
6102 4
6103 2
6104 3
6105 0
6106 2
6107 1
6108 3
6109 1
6110 1
6111 4
6112 3
6113 2
6114 2
6115 3
6116 0
6117 2
6118 3
6119 1
6120 0
6121 0
6122 4
6123 2
6124 4
6125 1
6126 0
6127 2
6128 1
6129 1
6130 3
6131 1
6132 2
6133 0
6134 1
6135 4
6136 1
6137 1
6138 1
6139 4
6140 2
6141 2
6142 4
6143 0
6144 1
6145 3
6146 2
6147 3
6148 0
6149 4
6150 0
6151 3
6152 2
6153 4
6154 2
6155 1
6156 4
6157 0
6158 2
6159 0
6160 3
6161 2
6162 1
6163 2
6164 2
6165 1
6166 2
6167 5
6168 3
6169 4
6170 1
6171 3
6172 1
6173 2
6174 4
6175 1
6176 3
6177 1
6178 1
6179 4
6180 1
6181 2
6182 0
6183 1
6184 3
6185 3
6186 2
6187 3
6188 2
6189 2
6190 1
6191 0
6192 5
6193 2
6194 1
6195 2
6196 1
6197 4
6198 1
6199 5
6200 2
6201 2
6202 3
6203 4
6204 4
6205 3
6206 1
6207 1
6208 1
6209 3
6210 0
6211 3
6212 1
6213 2
6214 1
6215 3
6216 0
6217 1
6218 1
6219 2
6220 0
6221 1
6222 1
6223 1
6224 5
6225 3
6226 4
6227 2
6228 0
6229 0
6230 3
6231 2
6232 1
6233 0
6234 2
6235 1
6236 2
6237 2
6238 4
6239 5
6240 2
6241 2
6242 2
6243 0
6244 1
6245 0
6246 2
6247 5
6248 3
6249 2
6250 5
6251 3
6252 2
6253 4
6254 4
6255 1
6256 1
6257 3
6258 5
6259 2
6260 2
6261 2
6262 6
6263 4
6264 1
6265 1
6266 3
6267 5
6268 1
6269 1
6270 2
6271 1
6272 1
6273 0
6274 1
6275 0
6276 2
6277 2
6278 1
6279 2
6280 3
6281 0
6282 0
6283 1
6284 4
6285 4
6286 2
6287 1
6288 4
6289 1
6290 1
6291 4
6292 1
6293 1
6294 0
6295 1
6296 1
6297 0
6298 3
6299 1
6300 2
6301 0
6302 1
6303 1
6304 1
6305 0
6306 1
6307 1
6308 3
6309 2
6310 2
6311 1
6312 1
6313 4
6314 3
6315 3
6316 3
6317 5
6318 3
6319 5
6320 1
6321 0
6322 0
6323 4
6324 0
6325 3
6326 0
6327 3
6328 1
6329 3
6330 3
6331 2
6332 2
6333 4
6334 3
6335 4
6336 1
6337 2
6338 1
6339 0
6340 4
6341 1
6342 1
6343 2
6344 0
6345 2
6346 4
6347 0
6348 4
6349 1
6350 2
6351 4
6352 1
6353 2
6354 2
6355 0
6356 2
6357 2
6358 5
6359 3
6360 4
6361 0
6362 1
6363 4
6364 4
6365 0
6366 1
6367 0
6368 1
6369 1
6370 3
6371 2
6372 4
6373 2
6374 4
6375 4
6376 1
6377 0
6378 3
6379 4
6380 1
6381 0
6382 3
6383 3
6384 1
6385 2
6386 4
6387 4
6388 2
6389 0
6390 2
6391 1
6392 0
6393 0
6394 3
6395 1
6396 3
6397 3
6398 1
6399 2
6400 2
6401 1
6402 3
6403 1
6404 0
6405 0
6406 4
6407 3
6408 3
6409 1
6410 3
6411 1
6412 1
6413 4
6414 1
6415 1
6416 2
6417 2
6418 0
6419 1
6420 2
6421 5
6422 1
6423 4
6424 3
6425 1
6426 0
6427 0
6428 1
6429 5
6430 0
6431 2
6432 1
6433 3
6434 5
6435 3
6436 3
6437 2
6438 2
6439 1
6440 4
6441 0
6442 2
6443 4
6444 3
6445 1
6446 4
6447 0
6448 2
6449 4
6450 5
6451 3
6452 0
6453 4
6454 1
6455 3
6456 3
6457 1
6458 2
6459 2
6460 2
6461 2
6462 2
6463 2
6464 1
6465 3
6466 2
6467 3
6468 0
6469 1
6470 4
6471 0
6472 0
6473 2
6474 5
6475 2
6476 4
6477 2
6478 1
6479 1
6480 2
6481 4
6482 5
6483 1
6484 2
6485 3
6486 3
6487 0
6488 4
6489 4
6490 0
6491 2
6492 2
6493 3
6494 4
6495 1
6496 1
6497 2
6498 1
6499 1
6500 4
6501 0
6502 4
6503 5
6504 2
6505 3
6506 3
6507 2
6508 3
6509 4
6510 1
6511 4
6512 3
6513 3
6514 1
6515 0
6516 0
6517 1
6518 0
6519 0
6520 3
6521 1
6522 0
6523 3
6524 0
6525 1
6526 0
6527 0
6528 1
6529 0
6530 2
6531 0
6532 1
6533 2
6534 3
6535 3
6536 1
6537 1
6538 0
6539 4
6540 2
6541 3
6542 2
6543 3
6544 0
6545 1
6546 4
6547 0
6548 3
6549 2
6550 4
6551 0
6552 4
6553 0
6554 3
6555 2
6556 3
6557 3
6558 1
6559 1
6560 1
6561 3
6562 4
6563 0
6564 1
6565 3
6566 1
6567 3
6568 2
6569 5
6570 0
6571 0
6572 0
6573 4
6574 4
6575 5
6576 1
6577 2
6578 2
6579 4
6580 1
6581 1
6582 4
6583 1
6584 3
6585 2
6586 1
6587 0
6588 2
6589 0
6590 1
6591 5
6592 0
6593 2
6594 2
6595 4
6596 1
6597 0
6598 0
6599 0
6600 3
6601 5
6602 0
6603 4
6604 3
6605 0
6606 1
6607 5
6608 0
6609 4
6610 0
6611 1
6612 0
6613 2
6614 0
6615 0
6616 4
6617 2
6618 4
6619 1
6620 2
6621 2
6622 3
6623 3
6624 1
6625 1
6626 2
6627 2
6628 2
6629 4
6630 0
6631 4
6632 5
6633 0
6634 2
6635 1
6636 3
6637 0
6638 1
6639 1
6640 0
6641 3
6642 1
6643 4
6644 0
6645 3
6646 4
6647 3
6648 2
6649 4
6650 0
6651 2
6652 1
6653 2
6654 3
6655 0
6656 3
6657 3
6658 0
6659 0
6660 5
6661 0
6662 0
6663 4
6664 0
6665 1
6666 0
6667 0
6668 4
6669 5
6670 1
6671 0
6672 4
6673 0
6674 3
6675 2
6676 2
6677 4
6678 0
6679 0
6680 1
6681 3
6682 1
6683 0
6684 3
6685 2
6686 5
6687 3
6688 2
6689 4
6690 0
6691 1
6692 0
6693 0
6694 0
6695 2
6696 2
6697 4
6698 0
6699 2
6700 2
6701 5
6702 2
6703 0
6704 0
6705 0
6706 3
6707 3
6708 0
6709 0
6710 4
6711 4
6712 1
6713 3
6714 2
6715 2
6716 1
6717 2
6718 0
6719 4
6720 1
6721 3
6722 2
6723 0
6724 2
6725 0
6726 3
6727 1
6728 1
6729 1
6730 3
6731 0
6732 4
6733 5
6734 2
6735 2
6736 1
6737 1
6738 0
6739 1
6740 2
6741 3
6742 2
6743 1
6744 0
6745 0
6746 0
6747 1
6748 1
6749 1
6750 3
6751 2
6752 0
6753 2
6754 5
6755 4
6756 2
6757 3
6758 2
6759 0
6760 5
6761 1
6762 2
6763 4
6764 2
6765 5
6766 0
6767 4
6768 4
6769 2
6770 1
6771 3
6772 0
6773 4
6774 4
6775 2
6776 3
6777 2
6778 1
6779 0
6780 2
6781 2
6782 1
6783 3
6784 0
6785 3
6786 3
6787 4
6788 0
6789 3
6790 2
6791 1
6792 3
6793 0
6794 3
6795 4
6796 2
6797 0
6798 1
6799 6
6800 3
6801 0
6802 1
6803 2
6804 1
6805 3
6806 4
6807 3
6808 1
6809 0
6810 0
6811 1
6812 0
6813 0
6814 4
6815 1
6816 3
6817 2
6818 1
6819 4
6820 3
6821 1
6822 3
6823 4
6824 0
6825 1
6826 1
6827 4
6828 3
6829 2
6830 1
6831 3
6832 0
6833 3
6834 1
6835 5
6836 3
6837 0
6838 0
6839 2
6840 3
6841 4
6842 0
6843 0
6844 2
6845 0
6846 1
6847 1
6848 2
6849 2
6850 0
6851 1
6852 0
6853 2
6854 3
6855 0
6856 0
6857 3
6858 4
6859 1
6860 0
6861 2
6862 2
6863 2
6864 2
6865 4
6866 1
6867 1
6868 5
6869 2
6870 0
6871 2
6872 2
6873 1
6874 4
6875 3
6876 1
6877 5
6878 4
6879 2
6880 3
6881 0
6882 6
6883 1
6884 0
6885 3
6886 1
6887 4
6888 0
6889 5
6890 1
6891 0
6892 2
6893 5
6894 3
6895 4
6896 2
6897 0
6898 3
6899 1
6900 1
6901 0
6902 4
6903 2
6904 0
6905 0
6906 4
6907 0
6908 4
6909 0
6910 0
6911 3
6912 0
6913 1
6914 1
6915 0
6916 1
6917 1
6918 3
6919 0
6920 5
6921 1
6922 3
6923 5
6924 1
6925 0
6926 1
6927 1
6928 1
6929 2
6930 1
6931 4
6932 5
6933 2
6934 4
6935 3
6936 1
6937 1
6938 3
6939 1
6940 4
6941 3
6942 1
6943 2
6944 1
6945 0
6946 1
6947 4
6948 2
6949 2
6950 3
6951 2
6952 2
6953 2
6954 2
6955 5
6956 3
6957 3
6958 2
6959 3
6960 1
6961 4
6962 3
6963 1
6964 3
6965 2
6966 1
6967 4
6968 0
6969 1
6970 0
6971 3
6972 2
6973 1
6974 2
6975 2
6976 4
6977 0
6978 1
6979 1
6980 4
6981 0
6982 3
6983 1
6984 1
6985 1
6986 4
6987 0
6988 3
6989 2
6990 5
6991 4
6992 4
6993 4
6994 3
6995 2
6996 2
6997 0
6998 1
6999 2
7000 1
7001 4
7002 2
7003 3
7004 4
7005 2
7006 0
7007 4
7008 3
7009 1
7010 4
7011 1
7012 0
7013 2
7014 4
7015 2
7016 0
7017 0
7018 5
7019 0
7020 2
7021 3
7022 0
7023 0
7024 3
7025 3
7026 1
7027 3
7028 0
7029 0
7030 2
7031 3
7032 3
7033 4
7034 4
7035 3
7036 4
7037 4
7038 0
7039 1
7040 5
7041 3
7042 3
7043 3
7044 3
7045 1
7046 1
7047 4
7048 0
7049 4
7050 1
7051 2
7052 1
7053 1
7054 0
7055 2
7056 2
7057 1
7058 2
7059 1
7060 4
7061 1
7062 0
7063 0
7064 4
7065 0
7066 0
7067 1
7068 1
7069 5
7070 1
7071 4
7072 0
7073 1
7074 0
7075 2
7076 0
7077 1
7078 0
7079 0
7080 4
7081 0
7082 2
7083 5
7084 4
7085 1
7086 4
7087 0
7088 1
7089 3
7090 1
7091 2
7092 3
7093 0
7094 1
7095 4
7096 3
7097 2
7098 0
7099 0
7100 1
7101 2
7102 3
7103 1
7104 0
7105 2
7106 4
7107 5
7108 0
7109 1
7110 1
7111 4
7112 0
7113 3
7114 1
7115 1
7116 4
7117 1
7118 0
7119 2
7120 1
7121 1
7122 3
7123 0
7124 2
7125 1
7126 3
7127 1
7128 0
7129 0
7130 2
7131 2
7132 5
7133 0
7134 1
7135 1
7136 0
7137 2
7138 1
7139 1
7140 2
7141 3
7142 4
7143 3
7144 0
7145 0
7146 1
7147 0
7148 2
7149 0
7150 2
7151 3
7152 3
7153 4
7154 2
7155 1
7156 1
7157 4
7158 0
7159 0
7160 5
7161 1
7162 3
7163 3
7164 0
7165 2
7166 4
7167 3
7168 1
7169 2
7170 2
7171 2
7172 2
7173 2
7174 0
7175 1
7176 2
7177 4
7178 0
7179 3
7180 2
7181 0
7182 0
7183 2
7184 1
7185 0
7186 2
7187 1
7188 1
7189 1
7190 2
7191 1
7192 3
7193 3
7194 2
7195 0
7196 2
7197 1
7198 2
7199 4
7200 1
7201 2
7202 2
7203 3
7204 0
7205 0
7206 0
7207 3
7208 3
7209 1
7210 3
7211 4
7212 0
7213 2
7214 2
7215 3
7216 0
7217 2
7218 0
7219 4
7220 3
7221 0
7222 4
7223 0
7224 3
7225 3
7226 1
7227 2
7228 0
7229 2
7230 4
7231 2
7232 2
7233 1
7234 4
7235 1
7236 4
7237 3
7238 2
7239 0
7240 1
7241 3
7242 1
7243 2
7244 0
7245 0
7246 0
7247 2
7248 4
7249 2
7250 1
7251 0
7252 4
7253 4
7254 3
7255 4
7256 4
7257 4
7258 0
7259 0
7260 5
7261 1
7262 1
7263 0
7264 3
7265 4
7266 0
7267 3
7268 2
7269 1
7270 2
7271 4
7272 2
7273 4
7274 1
7275 1
7276 3
7277 5
7278 4
7279 1
7280 1
7281 2
7282 2
7283 3
7284 4
7285 0
7286 4
7287 3
7288 3
7289 4
7290 3
7291 2
7292 0
7293 0
7294 1
7295 2
7296 0
7297 3
7298 4
7299 4
7300 1
7301 3
7302 0
7303 4
7304 0
7305 4
7306 3
7307 3
7308 5
7309 1
7310 2
7311 1
7312 2
7313 3
7314 1
7315 3
7316 0
7317 0
7318 0
7319 1
7320 1
7321 1
7322 0
7323 0
7324 4
7325 3
7326 4
7327 0
7328 2
7329 3
7330 2
7331 0
7332 0
7333 3
7334 1
7335 3
7336 2
7337 2
7338 1
7339 2
7340 4
7341 0
7342 5
7343 4
7344 1
7345 2
7346 1
7347 1
7348 0
7349 0
7350 3
7351 1
7352 1
7353 2
7354 2
7355 3
7356 4
7357 1
7358 2
7359 1
7360 3
7361 0
7362 0
7363 0
7364 0
7365 1
7366 1
7367 2
7368 0
7369 0
7370 1
7371 2
7372 2
7373 3
7374 2
7375 3
7376 4
7377 1
7378 2
7379 0
7380 3
7381 2
7382 1
7383 3
7384 2
7385 0
7386 2
7387 3
7388 4
7389 5
7390 2
7391 0
7392 0
7393 4
7394 0
7395 1
7396 0
7397 2
7398 0
7399 4
7400 1
7401 5
7402 4
7403 2
7404 2
7405 1
7406 1
7407 1
7408 4
7409 0
7410 0
7411 2
7412 0
7413 0
7414 4
7415 2
7416 1
7417 0
7418 2
7419 1
7420 1
7421 4
7422 2
7423 0
7424 2
7425 5
7426 1
7427 0
7428 4
7429 2
7430 1
7431 2
7432 0
7433 0
7434 2
7435 0
7436 0
7437 0
7438 1
7439 1
7440 1
7441 1
7442 0
7443 2
7444 2
7445 1
7446 0
7447 0
7448 4
7449 1
7450 2
7451 4
7452 1
7453 3
7454 0
7455 1
7456 5
7457 5
7458 0
7459 2
7460 1
7461 0
7462 3
7463 4
7464 5
7465 0
7466 2
7467 1
7468 2
7469 3
7470 0
7471 4
7472 3
7473 0
7474 3
7475 1
7476 2
7477 2
7478 1
7479 0
7480 1
7481 2
7482 1
7483 2
7484 0
7485 4
7486 3
7487 2
7488 3
7489 3
7490 4
7491 1
7492 3
7493 3
7494 0
7495 1
7496 3
7497 3
7498 4
7499 3
7500 2
7501 0
7502 5
7503 0
7504 2
7505 0
7506 2
7507 4
7508 4
7509 2
7510 3
7511 1
7512 0
7513 4
7514 3
7515 3
7516 2
7517 0
7518 3
7519 3
7520 0
7521 3
7522 2
7523 1
7524 2
7525 0
7526 2
7527 1
7528 0
7529 0
7530 4
7531 2
7532 0
7533 1
7534 1
7535 2
7536 1
7537 1
7538 1
7539 3
7540 0
7541 2
7542 2
7543 0
7544 3
7545 2
7546 1
7547 4
7548 0
7549 2
7550 3
7551 5
7552 1
7553 0
7554 1
7555 0
7556 4
7557 4
7558 3
7559 0
7560 4
7561 2
7562 1
7563 2
7564 1
7565 0
7566 2
7567 3
7568 0
7569 1
7570 4
7571 2
7572 3
7573 3
7574 0
7575 3
7576 3
7577 1
7578 1
7579 3
7580 2
7581 4
7582 3
7583 2
7584 2
7585 0
7586 4
7587 4
7588 4
7589 1
7590 0
7591 0
7592 4
7593 0
7594 2
7595 2
7596 2
7597 1
7598 3
7599 2
7600 3
7601 1
7602 1
7603 2
7604 2
7605 2
7606 1
7607 3
7608 2
7609 2
7610 3
7611 2
7612 2
7613 4
7614 2
7615 4
7616 3
7617 2
7618 0
7619 4
7620 1
7621 1
7622 0
7623 1
7624 1
7625 1
7626 0
7627 1
7628 2
7629 2
7630 1
7631 1
7632 0
7633 3
7634 2
7635 2
7636 4
7637 0
7638 3
7639 2
7640 3
7641 0
7642 1
7643 2
7644 2
7645 2
7646 2
7647 2
7648 1
7649 1
7650 3
7651 0
7652 2
7653 1
7654 1
7655 0
7656 2
7657 1
7658 4
7659 2
7660 0
7661 0
7662 2
7663 1
7664 3
7665 2
7666 1
7667 0
7668 1
7669 1
7670 0
7671 1
7672 2
7673 1
7674 5
7675 2
7676 4
7677 3
7678 4
7679 1
7680 4
7681 3
7682 3
7683 1
7684 2
7685 3
7686 1
7687 3
7688 0
7689 3
7690 1
7691 3
7692 2
7693 0
7694 3
7695 1
7696 1
7697 5
7698 3
7699 0
7700 4
7701 3
7702 0
7703 2
7704 0
7705 4
7706 3
7707 0
7708 4
7709 3
7710 0
7711 3
7712 3
7713 0
7714 2
7715 1
7716 3
7717 3
7718 2
7719 1
7720 2
7721 1
7722 3
7723 2
7724 3
7725 2
7726 0
7727 2
7728 2
7729 1
7730 1
7731 3
7732 5
7733 0
7734 4
7735 2
7736 1
7737 3
7738 3
7739 0
7740 1
7741 2
7742 1
7743 3
7744 3
7745 2
7746 4
7747 1
7748 0
7749 3
7750 2
7751 1
7752 3
7753 4
7754 2
7755 0
7756 4
7757 0
7758 2
7759 1
7760 4
7761 0
7762 3
7763 4
7764 0
7765 2
7766 3
7767 3
7768 3
7769 1
7770 3
7771 4
7772 0
7773 3
7774 2
7775 4
7776 2
7777 5
7778 4
7779 0
7780 2
7781 3
7782 1
7783 1
7784 2
7785 0
7786 3
7787 3
7788 4
7789 0
7790 0
7791 1
7792 4
7793 3
7794 5
7795 3
7796 6
7797 2
7798 2
7799 3
7800 3
7801 2
7802 3
7803 1
7804 4
7805 1
7806 5
7807 3
7808 1
7809 2
7810 0
7811 4
7812 1
7813 4
7814 0
7815 3
7816 1
7817 1
7818 5
7819 1
7820 1
7821 2
7822 1
7823 0
7824 3
7825 2
7826 4
7827 3
7828 1
7829 0
7830 1
7831 5
7832 5
7833 0
7834 1
7835 1
7836 0
7837 0
7838 3
7839 2
7840 1
7841 2
7842 2
7843 4
7844 5
7845 3
7846 1
7847 1
7848 0
7849 3
7850 4
7851 0
7852 4
7853 0
7854 2
7855 2
7856 5
7857 3
7858 0
7859 0
7860 1
7861 3
7862 3
7863 0
7864 1
7865 2
7866 2
7867 2
7868 3
7869 3
7870 2
7871 4
7872 0
7873 1
7874 3
7875 0
7876 1
7877 3
7878 1
7879 0
7880 0
7881 1
7882 2
7883 3
7884 0
7885 3
7886 5
7887 2
7888 4
7889 1
7890 0
7891 1
7892 0
7893 2
7894 4
7895 1
7896 4
7897 4
7898 1
7899 0
7900 0
7901 2
7902 0
7903 1
7904 2
7905 0
7906 3
7907 0
7908 5
7909 5
7910 4
7911 5
7912 3
7913 0
7914 3
7915 3
7916 1
7917 2
7918 0
7919 0
7920 1
7921 3
7922 3
7923 2
7924 1
7925 0
7926 2
7927 3
7928 0
7929 5
7930 0
7931 1
7932 1
7933 2
7934 0
7935 1
7936 3
7937 4
7938 1
7939 3
7940 0
7941 1
7942 1
7943 0
7944 3
7945 0
7946 1
7947 1
7948 2
7949 0
7950 0
7951 2
7952 3
7953 5
7954 1
7955 5
7956 0
7957 3
7958 2
7959 1
7960 0
7961 2
7962 3
7963 5
7964 0
7965 1
7966 2
7967 2
7968 0
7969 0
7970 2
7971 3
7972 0
7973 2
7974 0
7975 1
7976 1
7977 2
7978 3
7979 4
7980 5
7981 0
7982 2
7983 3
7984 0
7985 1
7986 2
7987 1
7988 0
7989 0
7990 4
7991 1
7992 3
7993 3
7994 4
7995 0
7996 1
7997 0
7998 0
7999 1
8000 5
8001 1
8002 1
8003 0
8004 4
8005 3
8006 3
8007 4
8008 0
8009 2
8010 3
8011 0
8012 2
8013 3
8014 4
8015 1
8016 2
8017 4
8018 1
8019 4
8020 3
8021 3
8022 5
8023 0
8024 3
8025 3
8026 3
8027 4
8028 1
8029 2
8030 1
8031 1
8032 4
8033 0
8034 2
8035 1
8036 3
8037 0
8038 1
8039 3
8040 2
8041 1
8042 4
8043 4
8044 4
8045 0
8046 1
8047 5
8048 0
8049 3
8050 1
8051 1
8052 2
8053 3
8054 4
8055 2
8056 4
8057 3
8058 2
8059 3
8060 0
8061 2
8062 2
8063 2
8064 5
8065 3
8066 1
8067 1
8068 2
8069 0
8070 1
8071 1
8072 0
8073 0
8074 2
8075 0
8076 3
8077 2
8078 3
8079 2
8080 2
8081 3
8082 1
8083 5
8084 3
8085 0
8086 4
8087 0
8088 4
8089 3
8090 2
8091 2
8092 1
8093 1
8094 4
8095 2
8096 3
8097 2
8098 0
8099 3
8100 1
8101 0
8102 2
8103 2
8104 1
8105 0
8106 0
8107 5
8108 0
8109 3
8110 2
8111 0
8112 1
8113 0
8114 0
8115 1
8116 0
8117 0
8118 1
8119 1
8120 4
8121 4
8122 3
8123 0
8124 0
8125 0
8126 4
8127 3
8128 4
8129 0
8130 3
8131 4
8132 4
8133 0
8134 0
8135 0
8136 5
8137 0
8138 4
8139 1
8140 5
8141 5
8142 4
8143 4
8144 4
8145 0
8146 2
8147 2
8148 2
8149 3
8150 2
8151 2
8152 1
8153 3
8154 1
8155 1
8156 0
8157 1
8158 2
8159 3
8160 3
8161 4
8162 1
8163 2
8164 1
8165 2
8166 0
8167 2
8168 1
8169 1
8170 4
8171 1
8172 0
8173 1
8174 0
8175 0
8176 1
8177 1
8178 2
8179 0
8180 2
8181 0
8182 1
8183 4
8184 1
8185 0
8186 5
8187 2
8188 4
8189 0
8190 4
8191 0
8192 4
8193 3
8194 2
8195 0
8196 4
8197 4
8198 0
8199 2
8200 3
8201 0
8202 1
8203 0
8204 3
8205 2
8206 2
8207 1
8208 2
8209 5
8210 0
8211 0
8212 0
8213 1
8214 1
8215 2
8216 3
8217 5
8218 2
8219 2
8220 1
8221 2
8222 4
8223 1
8224 3
8225 4
8226 0
8227 2
8228 3
8229 4
8230 1
8231 1
8232 4
8233 0
8234 4
8235 2
8236 2
8237 3
8238 0
8239 4
8240 0
8241 5
8242 3
8243 6
8244 1
8245 2
8246 2
8247 4
8248 0
8249 2
8250 3
8251 0
8252 2
8253 3
8254 0
8255 0
8256 2
8257 0
8258 1
8259 2
8260 4
8261 1
8262 0
8263 4
8264 1
8265 0
8266 3
8267 4
8268 1
8269 1
8270 0
8271 0
8272 0
8273 3
8274 0
8275 4
8276 4
8277 2
8278 2
8279 0
8280 5
8281 2
8282 1
8283 5
8284 0
8285 1
8286 3
8287 2
8288 3
8289 0
8290 0
8291 2
8292 1
8293 2
8294 3
8295 3
8296 0
8297 1
8298 5
8299 1
8300 4
8301 2
8302 3
8303 0
8304 4
8305 1
8306 2
8307 2
8308 0
8309 4
8310 3
8311 3
8312 2
8313 4
8314 5
8315 2
8316 0
8317 3
8318 4
8319 1
8320 3
8321 3
8322 0
8323 0
8324 4
8325 2
8326 1
8327 5
8328 1
8329 3
8330 1
8331 0
8332 3
8333 0
8334 5
8335 0
8336 0
8337 5
8338 1
8339 2
8340 1
8341 3
8342 2
8343 4
8344 2
8345 5
8346 2
8347 3
8348 3
8349 0
8350 2
8351 2
8352 1
8353 0
8354 6
8355 4
8356 4
8357 4
8358 3
8359 3
8360 2
8361 1
8362 0
8363 2
8364 2
8365 0
8366 1
8367 4
8368 2
8369 1
8370 1
8371 3
8372 1
8373 0
8374 1
8375 4
8376 5
8377 0
8378 5
8379 5
8380 1
8381 1
8382 4
8383 2
8384 1
8385 3
8386 1
8387 3
8388 3
8389 2
8390 4
8391 4
8392 3
8393 1
8394 1
8395 2
8396 4
8397 1
8398 0
8399 3
8400 0
8401 1
8402 0
8403 2
8404 1
8405 0
8406 3
8407 2
8408 2
8409 1
8410 4
8411 0
8412 2
8413 3
8414 3
8415 5
8416 2
8417 3
8418 4
8419 1
8420 0
8421 0
8422 3
8423 1
8424 2
8425 1
8426 3
8427 2
8428 4
8429 2
8430 2
8431 1
8432 4
8433 3
8434 2
8435 0
8436 3
8437 1
8438 1
8439 0
8440 1
8441 0
8442 0
8443 0
8444 5
8445 3
8446 1
8447 1
8448 0
8449 1
8450 2
8451 2
8452 2
8453 2
8454 4
8455 2
8456 3
8457 5
8458 1
8459 2
8460 3
8461 0
8462 0
8463 4
8464 4
8465 0
8466 4
8467 4
8468 3
8469 3
8470 4
8471 4
8472 3
8473 1
8474 3
8475 3
8476 0
8477 1
8478 1
8479 2
8480 1
8481 1
8482 5
8483 3
8484 2
8485 3
8486 0
8487 4
8488 3
8489 4
8490 2
8491 0
8492 0
8493 5
8494 4
8495 0
8496 0
8497 2
8498 4
8499 4
8500 2
8501 1
8502 2
8503 4
8504 2
8505 4
8506 3
8507 5
8508 1
8509 3
8510 2
8511 1
8512 4
8513 0
8514 2
8515 3
8516 0
8517 0
8518 0
8519 0
8520 0
8521 1
8522 1
8523 0
8524 3
8525 1
8526 4
8527 1
8528 1
8529 1
8530 1
8531 1
8532 0
8533 5
8534 2
8535 0
8536 3
8537 2
8538 1
8539 1
8540 0
8541 3
8542 5
8543 4
8544 0
8545 4
8546 1
8547 1
8548 1
8549 4
8550 4
8551 0
8552 2
8553 2
8554 2
8555 2
8556 1
8557 3
8558 1
8559 5
8560 4
8561 0
8562 2
8563 0
8564 3
8565 0
8566 2
8567 2
8568 3
8569 0
8570 0
8571 3
8572 1
8573 1
8574 0
8575 3
8576 2
8577 1
8578 1
8579 2
8580 1
8581 2
8582 0
8583 1
8584 2
8585 0
8586 1
8587 1
8588 1
8589 1
8590 1
8591 0
8592 0
8593 3
8594 2
8595 5
8596 1
8597 0
8598 3
8599 0
8600 1
8601 2
8602 4
8603 0
8604 2
8605 0
8606 2
8607 1
8608 3
8609 4
8610 1
8611 3
8612 3
8613 1
8614 0
8615 0
8616 2
8617 2
8618 4
8619 2
8620 4
8621 1
8622 1
8623 2
8624 0
8625 2
8626 1
8627 2
8628 5
8629 0
8630 2
8631 2
8632 2
8633 1
8634 2
8635 1
8636 3
8637 5
8638 3
8639 0
8640 4
8641 3
8642 0
8643 4
8644 3
8645 1
8646 5
8647 3
8648 0
8649 0
8650 4
8651 1
8652 4
8653 3
8654 1
8655 4
8656 1
8657 0
8658 4
8659 1
8660 3
8661 2
8662 3
8663 5
8664 4
8665 1
8666 4
8667 0
8668 0
8669 1
8670 1
8671 0
8672 0
8673 3
8674 2
8675 2
8676 3
8677 3
8678 4
8679 2
8680 2
8681 0
8682 2
8683 4
8684 1
8685 3
8686 2
8687 4
8688 4
8689 0
8690 1
8691 2
8692 5
8693 4
8694 2
8695 4
8696 1
8697 3
8698 1
8699 1
8700 2
8701 5
8702 1
8703 2
8704 2
8705 1
8706 2
8707 3
8708 5
8709 0
8710 0
8711 1
8712 0
8713 1
8714 2
8715 0
8716 3
8717 1
8718 0
8719 0
8720 1
8721 0
8722 1
8723 0
8724 0
8725 3
8726 0
8727 4
8728 2
8729 1
8730 3
8731 3
8732 3
8733 2
8734 2
8735 1
8736 5
8737 1
8738 0
8739 1
8740 3
8741 3
8742 0
8743 2
8744 1
8745 4
8746 4
8747 2
8748 5
8749 1
8750 1
8751 1
8752 4
8753 0
8754 5
8755 0
8756 2
8757 1
8758 3
8759 2
8760 1
8761 3
8762 1
8763 1
8764 5
8765 1
8766 4
8767 0
8768 0
8769 4
8770 0
8771 2
8772 5
8773 2
8774 4
8775 5
8776 4
8777 5
8778 4
8779 0
8780 3
8781 2
8782 2
8783 0
8784 0
8785 0
8786 0
8787 2
8788 2
8789 4
8790 1
8791 4
8792 2
8793 1
8794 2
8795 0
8796 0
8797 0
8798 1
8799 4
8800 3
8801 2
8802 1
8803 2
8804 0
8805 1
8806 4
8807 0
8808 2
8809 2
8810 3
8811 0
8812 3
8813 1
8814 2
8815 0
8816 0
8817 4
8818 1
8819 2
8820 1
8821 2
8822 0
8823 3
8824 3
8825 2
8826 0
8827 2
8828 2
8829 3
8830 2
8831 4
8832 1
8833 4
8834 5
8835 0
8836 4
8837 0
8838 0
8839 4
8840 2
8841 1
8842 1
8843 2
8844 4
8845 2
8846 1
8847 2
8848 5
8849 1
8850 3
8851 2
8852 3
8853 0
8854 2
8855 2
8856 1
8857 2
8858 4
8859 5
8860 1
8861 5
8862 1
8863 3
8864 3
8865 5
8866 3
8867 0
8868 0
8869 3
8870 2
8871 5
8872 3
8873 3
8874 2
8875 4
8876 3
8877 4
8878 1
8879 2
8880 3
8881 3
8882 2
8883 3
8884 0
8885 3
8886 2
8887 2
8888 3
8889 5
8890 3
8891 0
8892 0
8893 2
8894 2
8895 0
8896 3
8897 0
8898 0
8899 3
8900 3
8901 0
8902 3
8903 2
8904 2
8905 1
8906 4
8907 0
8908 3
8909 2
8910 2
8911 1
8912 4
8913 1
8914 0
8915 0
8916 3
8917 2
8918 1
8919 0
8920 2
8921 2
8922 4
8923 4
8924 1
8925 0
8926 1
8927 0
8928 5
8929 1
8930 1
8931 2
8932 4
8933 5
8934 1
8935 3
8936 0
8937 4
8938 0
8939 3
8940 0
8941 3
8942 3
8943 0
8944 1
8945 4
8946 3
8947 0
8948 3
8949 2
8950 3
8951 1
8952 1
8953 0
8954 5
8955 5
8956 1
8957 1
8958 3
8959 2
8960 0
8961 5
8962 3
8963 1
8964 3
8965 3
8966 1
8967 5
8968 2
8969 4
8970 4
8971 1
8972 0
8973 0
8974 1
8975 2
8976 1
8977 0
8978 3
8979 1
8980 1
8981 3
8982 1
8983 3
8984 2
8985 2
8986 0
8987 4
8988 3
8989 2
8990 0
8991 2
8992 5
8993 3
8994 1
8995 3
8996 1
8997 1
8998 0
8999 4
9000 2
9001 1
9002 1
9003 5
9004 2
9005 1
9006 2
9007 3
9008 4
9009 2
9010 0
9011 2
9012 1
9013 2
9014 0
9015 3
9016 0
9017 1
9018 2
9019 1
9020 0
9021 4
9022 3
9023 2
9024 0
9025 2
9026 1
9027 3
9028 4
9029 3
9030 4
9031 1
9032 4
9033 2
9034 1
9035 1
9036 0
9037 1
9038 5
9039 1
9040 1
9041 0
9042 0
9043 5
9044 5
9045 4
9046 2
9047 0
9048 1
9049 1
9050 3
9051 0
9052 2
9053 0
9054 3
9055 2
9056 2
9057 1
9058 3
9059 3
9060 3
9061 3
9062 0
9063 2
9064 0
9065 2
9066 1
9067 1
9068 1
9069 1
9070 4
9071 0
9072 2
9073 0
9074 2
9075 2
9076 0
9077 2
9078 1
9079 1
9080 0
9081 0
9082 4
9083 5
9084 1
9085 0
9086 1
9087 2
9088 2
9089 1
9090 0
9091 4
9092 3
9093 0
9094 1
9095 2
9096 2
9097 5
9098 0
9099 3
9100 1
9101 3
9102 1
9103 4
9104 3
9105 2
9106 1
9107 4
9108 0
9109 2
9110 4
9111 0
9112 2
9113 4
9114 2
9115 5
9116 2
9117 0
9118 3
9119 0
9120 4
9121 1
9122 3
9123 1
9124 0
9125 2
9126 1
9127 3
9128 0
9129 2
9130 2
9131 4
9132 1
9133 1
9134 4
9135 4
9136 3
9137 2
9138 4
9139 0
9140 5
9141 0
9142 4
9143 5
9144 3
9145 1
9146 4
9147 4
9148 1
9149 0
9150 1
9151 0
9152 1
9153 1
9154 0
9155 1
9156 0
9157 1
9158 4
9159 1
9160 1
9161 3
9162 0
9163 3
9164 1
9165 0
9166 4
9167 0
9168 4
9169 5
9170 0
9171 2
9172 2
9173 3
9174 0
9175 0
9176 1
9177 2
9178 2
9179 3
9180 1
9181 0
9182 1
9183 3
9184 1
9185 4
9186 3
9187 1
9188 0
9189 1
9190 0
9191 0
9192 1
9193 4
9194 1
9195 5
9196 4
9197 1
9198 2
9199 0
9200 3
9201 1
9202 3
9203 1
9204 0
9205 1
9206 1
9207 1
9208 3
9209 5
9210 1
9211 4
9212 4
9213 3
9214 1
9215 3
9216 2
9217 2
9218 0
9219 2
9220 1
9221 0
9222 1
9223 1
9224 4
9225 4
9226 1
9227 4
9228 1
9229 6
9230 3
9231 1
9232 1
9233 0
9234 2
9235 4
9236 3
9237 3
9238 2
9239 1
9240 0
9241 3
9242 0
9243 2
9244 5
9245 2
9246 2
9247 2
9248 3
9249 2
9250 5
9251 5
9252 2
9253 4
9254 2
9255 1
9256 3
9257 2
9258 4
9259 2
9260 3
9261 2
9262 3
9263 0
9264 1
9265 4
9266 3
9267 1
9268 2
9269 1
9270 4
9271 1
9272 1
9273 5
9274 2
9275 2
9276 0
9277 0
9278 5
9279 3
9280 0
9281 1
9282 3
9283 2
9284 2
9285 4
9286 3
9287 3
9288 3
9289 5
9290 1
9291 1
9292 4
9293 0
9294 0
9295 0
9296 1
9297 0
9298 1
9299 3
9300 3
9301 0
9302 3
9303 0
9304 1
9305 4
9306 2
9307 0
9308 3
9309 2
9310 2
9311 3
9312 3
9313 0
9314 5
9315 0
9316 0
9317 0
9318 0
9319 2
9320 2
9321 0
9322 1
9323 0
9324 0
9325 2
9326 3
9327 1
9328 2
9329 2
9330 1
9331 3
9332 0
9333 2
9334 0
9335 4
9336 2
9337 3
9338 4
9339 1
9340 0
9341 3
9342 2
9343 4
9344 0
9345 1
9346 0
9347 1
9348 2
9349 0
9350 0
9351 1
9352 0
9353 2
9354 0
9355 2
9356 1
9357 1
9358 1
9359 3
9360 2
9361 1
9362 2
9363 0
9364 4
9365 2
9366 1
9367 1
9368 3
9369 3
9370 3
9371 3
9372 3
9373 0
9374 3
9375 2
9376 2
9377 2
9378 4
9379 0
9380 2
9381 2
9382 4
9383 1
9384 0
9385 3
9386 2
9387 1
9388 1
9389 0
9390 1
9391 3
9392 5
9393 1
9394 1
9395 0
9396 5
9397 3
9398 0
9399 3
9400 2
9401 3
9402 4
9403 3
9404 1
9405 3
9406 0
9407 0
9408 0
9409 1
9410 0
9411 0
9412 2
9413 4
9414 2
9415 3
9416 2
9417 2
9418 0
9419 1
9420 0
9421 1
9422 3
9423 1
9424 1
9425 2
9426 3
9427 0
9428 1
9429 2
9430 1
9431 3
9432 1
9433 1
9434 2
9435 0
9436 0
9437 3
9438 2
9439 1
9440 0
9441 2
9442 2
9443 3
9444 1
9445 0
9446 2
9447 2
9448 0
9449 3
9450 3
9451 2
9452 3
9453 4
9454 2
9455 2
9456 2
9457 2
9458 1
9459 2
9460 3
9461 0
9462 1
9463 1
9464 0
9465 0
9466 3
9467 3
9468 1
9469 4
9470 2
9471 3
9472 2
9473 0
9474 2
9475 0
9476 3
9477 1
9478 2
9479 4
9480 1
9481 2
9482 4
9483 2
9484 0
9485 2
9486 3
9487 2
9488 0
9489 0
9490 1
9491 2
9492 2
9493 1
9494 1
9495 3
9496 3
9497 1
9498 2
9499 3
9500 2
9501 2
9502 3
9503 2
9504 5
9505 3
9506 3
9507 3
9508 1
9509 3
9510 2
9511 0
9512 1
9513 3
9514 3
9515 3
9516 4
9517 2
9518 4
9519 0
9520 4
9521 3
9522 2
9523 2
9524 0
9525 2
9526 0
9527 4
9528 3
9529 3
9530 3
9531 4
9532 0
9533 0
9534 0
9535 5
9536 2
9537 2
9538 1
9539 3
9540 3
9541 2
9542 1
9543 3
9544 1
9545 3
9546 0
9547 2
9548 2
9549 2
9550 1
9551 1
9552 1
9553 0
9554 0
9555 1
9556 3
9557 0
9558 1
9559 2
9560 0
9561 5
9562 3
9563 3
9564 5
9565 2
9566 2
9567 3
9568 0
9569 3
9570 3
9571 1
9572 2
9573 3
9574 1
9575 0
9576 2
9577 1
9578 0
9579 0
9580 3
9581 1
9582 0
9583 2
9584 2
9585 1
9586 0
9587 3
9588 1
9589 1
9590 0
9591 0
9592 3
9593 2
9594 1
9595 0
9596 1
9597 4
9598 2
9599 0
9600 2
9601 5
9602 1
9603 2
9604 2
9605 4
9606 5
9607 0
9608 0
9609 5
9610 1
9611 1
9612 1
9613 3
9614 3
9615 2
9616 3
9617 1
9618 1
9619 4
9620 3
9621 4
9622 1
9623 4
9624 2
9625 2
9626 1
9627 3
9628 1
9629 3
9630 4
9631 0
9632 0
9633 1
9634 4
9635 2
9636 2
9637 2
9638 4
9639 3
9640 4
9641 2
9642 0
9643 4
9644 2
9645 2
9646 0
9647 0
9648 2
9649 2
9650 2
9651 1
9652 0
9653 2
9654 1
9655 4
9656 4
9657 0
9658 4
9659 0
9660 4
9661 3
9662 0
9663 1
9664 1
9665 3
9666 4
9667 2
9668 5
9669 5
9670 2
9671 0
9672 5
9673 1
9674 3
9675 1
9676 2
9677 5
9678 3
9679 3
9680 4
9681 2
9682 3
9683 4
9684 0
9685 5
9686 5
9687 1
9688 2
9689 1
9690 2
9691 3
9692 0
9693 4
9694 3
9695 3
9696 0
9697 2
9698 3
9699 0
9700 1
9701 1
9702 2
9703 1
9704 3
9705 1
9706 0
9707 0
9708 1
9709 3
9710 2
9711 2
9712 3
9713 2
9714 3
9715 1
9716 1
9717 1
9718 3
9719 2
9720 1
9721 1
9722 3
9723 2
9724 1
9725 2
9726 2
9727 0
9728 0
9729 0
9730 4
9731 4
9732 0
9733 1
9734 3
9735 0
9736 4
9737 0
9738 2
9739 2
9740 2
9741 2
9742 0
9743 2
9744 1
9745 5
9746 5
9747 1
9748 2
9749 2
9750 2
9751 3
9752 3
9753 2
9754 0
9755 3
9756 2
9757 2
9758 2
9759 2
9760 2
9761 4
9762 3
9763 2
9764 0
9765 3
9766 2
9767 4
9768 3
9769 0
9770 2
9771 1
9772 4
9773 0
9774 3
9775 0
9776 3
9777 4
9778 3
9779 1
9780 3
9781 0
9782 3
9783 0
9784 0
9785 3
9786 0
9787 1
9788 1
9789 2
9790 2
9791 1
9792 3
9793 3
9794 0
9795 3
9796 1
9797 1
9798 0
9799 1
9800 4
9801 0
9802 1
9803 2
9804 3
9805 1
9806 2
9807 5
9808 2
9809 2
9810 1
9811 4
9812 0
9813 4
9814 2
9815 4
9816 3
9817 2
9818 0
9819 5
9820 0
9821 0
9822 0
9823 0
9824 0
9825 3
9826 3
9827 2
9828 2
9829 0
9830 4
9831 1
9832 0
9833 0
9834 4
9835 0
9836 2
9837 1
9838 0
9839 4
9840 2
9841 3
9842 1
9843 1
9844 4
9845 0
9846 4
9847 0
9848 0
9849 3
9850 1
9851 2
9852 4
9853 4
9854 2
9855 2
9856 3
9857 0
9858 2
9859 1
9860 0
9861 1
9862 3
9863 4
9864 4
9865 1
9866 0
9867 2
9868 2
9869 1
9870 0
9871 4
9872 1
9873 4
9874 1
9875 2
9876 3
9877 3
9878 0
9879 2
9880 1
9881 3
9882 4
9883 1
9884 4
9885 0
9886 1
9887 2
9888 1
9889 1
9890 2
9891 1
9892 3
9893 3
9894 1
9895 4
9896 2
9897 0
9898 1
9899 5
9900 0
9901 2
9902 0
9903 1
9904 0
9905 3
9906 3
9907 0
9908 0
9909 4
9910 4
9911 4
9912 1
9913 1
9914 1
9915 1
9916 0
9917 4
9918 4
9919 0
9920 3
9921 1
9922 0
9923 0
9924 0
9925 4
9926 2
9927 0
9928 2
9929 1
9930 0
9931 1
9932 0
9933 3
9934 3
9935 1
9936 5
9937 1
9938 0
9939 2
9940 1
9941 3
9942 0
9943 2
9944 5
9945 4
9946 4
9947 1
9948 3
9949 5
9950 4
9951 2
9952 4
9953 1
9954 0
9955 2
9956 1
9957 0
9958 5
9959 3
9960 2
9961 4
9962 2
9963 3
9964 0
9965 1
9966 2
9967 4
9968 3
9969 0
9970 1
9971 3
9972 0
9973 1
9974 2
9975 3
9976 2
9977 1
9978 4
9979 0
9980 1
9981 4
9982 0
9983 1
9984 2
9985 3
9986 0
9987 2
9988 2
9989 2
9990 2
9991 4
9992 1
9993 1
9994 3
9995 1
9996 2
9997 1
9998 0
9999 0
10000 0
10001 0
10002 0
10003 3
10004 0
10005 1
10006 1
10007 3
10008 0
10009 2
10010 5
10011 2
10012 0
10013 2
10014 3
10015 3
10016 2
10017 0
10018 3
10019 4
10020 0
10021 1
10022 1
10023 3
10024 5
10025 0
10026 2
10027 0
10028 0
10029 4
10030 3
10031 3
10032 1
10033 2
10034 2
10035 4
10036 3
10037 5
10038 4
10039 4
10040 2
10041 2
10042 3
10043 2
10044 1
10045 1
10046 3
10047 0
10048 0
10049 4
10050 2
10051 1
10052 0
10053 2
10054 0
10055 3
10056 0
10057 1
10058 1
10059 0
10060 2
10061 1
10062 2
10063 1
10064 1
10065 1
10066 4
10067 3
10068 4
10069 0
10070 1
10071 1
10072 3
10073 1
10074 2
10075 3
10076 1
10077 0
10078 1
10079 4
10080 3
10081 0
10082 1
10083 1
10084 5
10085 4
10086 0
10087 3
10088 3
10089 1
10090 0
10091 2
10092 2
10093 0
10094 0
10095 1
10096 3
10097 1
10098 4
10099 0
10100 1
10101 3
10102 0
10103 1
10104 2
10105 2
10106 5
10107 5
10108 0
10109 0
10110 3
10111 1
10112 3
10113 3
10114 0
10115 2
10116 2
10117 4
10118 2
10119 1
10120 0
10121 0
10122 2
10123 0
10124 3
10125 3
10126 0
10127 2
10128 3
10129 0
10130 5
10131 1
10132 0
10133 1
10134 4
10135 1
10136 4
10137 1
10138 1
10139 1
10140 2
10141 4
10142 1
10143 5
10144 2
10145 2
10146 0
10147 2
10148 3
10149 0
10150 4
10151 1
10152 3
10153 0
10154 2
10155 4
10156 3
10157 5
10158 1
10159 0
10160 0
10161 1
10162 2
10163 2
10164 0
10165 4
10166 0
10167 3
10168 0
10169 4
10170 2
10171 0
10172 2
10173 2
10174 4
10175 0
10176 1
10177 3
10178 3
10179 2
10180 2
10181 2
10182 0
10183 2
10184 0
10185 0
10186 0
10187 0
10188 2
10189 3
10190 1
10191 0
10192 1
10193 2
10194 2
10195 0
10196 1
10197 3
10198 2
10199 3
10200 1
10201 1
10202 3
10203 1
10204 2
10205 4
10206 4
10207 0
10208 1
10209 2
10210 2
10211 3
10212 0
10213 1
10214 4
10215 1
10216 2
10217 2
10218 3
10219 2
10220 0
10221 3
10222 2
10223 1
10224 5
10225 3
10226 3
10227 3
10228 0
10229 1
10230 2
10231 2
10232 1
10233 0
10234 0
10235 3
10236 1
10237 0
10238 2
10239 2
10240 4
10241 1
10242 3
10243 1
10244 0
10245 0
10246 1
10247 4
10248 0
10249 1
10250 0
10251 5
10252 0
10253 4
10254 3
10255 4
10256 0
10257 2
10258 0
10259 0
10260 1
10261 2
10262 1
10263 2
10264 2
10265 3
10266 1
10267 1
10268 2
10269 1
10270 1
10271 0
10272 1
10273 4
10274 4
10275 0
10276 3
10277 4
10278 0
10279 0
10280 1
10281 4
10282 3
10283 3
10284 1
10285 1
10286 0
10287 2
10288 0
10289 2
10290 1
10291 3
10292 1
10293 0
10294 0
10295 2
10296 4
10297 1
10298 2
10299 0
10300 3
10301 1
10302 5
10303 1
10304 2
10305 3
10306 1
10307 0
10308 1
10309 0
10310 0
10311 1
10312 0
10313 3
10314 1
10315 3
10316 0
10317 1
10318 0
10319 4
10320 2
10321 1
10322 2
10323 0
10324 0
10325 1
10326 3
10327 1
10328 3
10329 1
10330 3
10331 2
10332 0
10333 3
10334 5
10335 2
10336 1
10337 1
10338 3
10339 1
10340 2
10341 0
10342 1
10343 3
10344 1
10345 0
10346 1
10347 4
10348 5
10349 5
10350 0
10351 1
10352 0
10353 3
10354 1
10355 0
10356 2
10357 0
10358 4
10359 3
10360 1
10361 1
10362 1
10363 2
10364 1
10365 3
10366 3
10367 3
10368 2
10369 3
10370 4
10371 0
10372 2
10373 0
10374 3
10375 4
10376 2
10377 2
10378 2
10379 0
10380 1
10381 1
10382 4
10383 2
10384 4
10385 1
10386 4
10387 1
10388 3
10389 1
10390 2
10391 0
10392 2
10393 5
10394 2
10395 1
10396 3
10397 4
10398 4
10399 1
10400 2
10401 1
10402 0
10403 1
10404 5
10405 1
10406 4
10407 1
10408 0
10409 1
10410 3
10411 2
10412 1
10413 2
10414 0
10415 2
10416 2
10417 4
10418 4
10419 3
10420 0
10421 2
10422 1
10423 0
10424 3
10425 2
10426 2
10427 0
10428 0
10429 0
10430 0
10431 4
10432 3
10433 0
10434 4
10435 4
10436 2
10437 1
10438 2
10439 1
10440 1
10441 4
10442 2
10443 1
10444 1
10445 1
10446 0
10447 2
10448 1
10449 3
10450 3
10451 2
10452 2
10453 1
10454 0
10455 1
10456 1
10457 3
10458 0
10459 0
10460 2
10461 1
10462 0
10463 2
10464 4
10465 3
10466 2
10467 2
10468 3
10469 0
10470 0
10471 3
10472 3
10473 1
10474 2
10475 2
10476 1
10477 0
10478 3
10479 1
10480 3
10481 2
10482 2
10483 4
10484 3
10485 0
10486 0
10487 2
10488 0
10489 4
10490 1
10491 1
10492 2
10493 3
10494 4
10495 2
10496 4
10497 4
10498 0
10499 2
10500 2
10501 4
10502 3
10503 0
10504 1
10505 2
10506 2
10507 4
10508 1
10509 3
10510 3
10511 0
10512 1
10513 2
10514 2
10515 1
10516 3
10517 1
10518 3
10519 0
10520 4
10521 1
10522 4
10523 1
10524 0
10525 1
10526 1
10527 0
10528 1
10529 0
10530 4
10531 0
10532 3
10533 2
10534 4
10535 1
10536 5
10537 5
10538 3
10539 2
10540 0
10541 1
10542 0
10543 3
10544 3
10545 3
10546 1
10547 4
10548 4
10549 5
10550 0
10551 4
10552 5
10553 0
10554 4
10555 1
10556 3
10557 2
10558 0
10559 1
10560 0
10561 3
10562 4
10563 0
10564 0
10565 3
10566 1
10567 1
10568 4
10569 3
10570 3
10571 5
10572 0
10573 4
10574 1
10575 0
10576 0
10577 2
10578 0
10579 1
10580 2
10581 4
10582 2
10583 1
10584 1
10585 3
10586 0
10587 3
10588 2
10589 3
10590 3
10591 2
10592 3
10593 0
10594 2
10595 0
10596 0
10597 0
10598 0
10599 4
10600 3
10601 3
10602 4
10603 2
10604 0
10605 2
10606 1
10607 3
10608 0
10609 1
10610 2
10611 0
10612 2
10613 4
10614 5
10615 4
10616 1
10617 2
10618 4
10619 3
10620 2
10621 0
10622 0
10623 0
10624 1
10625 5
10626 1
10627 2
10628 2
10629 0
10630 4
10631 1
10632 4
10633 0
10634 0
10635 3
10636 0
10637 5
10638 4
10639 5
10640 1
10641 0
10642 3
10643 0
10644 3
10645 1
10646 2
10647 4
10648 0
10649 3
10650 0
10651 0
10652 1
10653 3
10654 2
10655 2
10656 0
10657 4
10658 0
10659 1
10660 4
10661 2
10662 0
10663 5
10664 1
10665 2
10666 1
10667 2
10668 2
10669 1
10670 3
10671 3
10672 4
10673 2
10674 2
10675 2
10676 1
10677 2
10678 3
10679 1
10680 2
10681 2
10682 2
10683 4
10684 1
10685 1
10686 1
10687 5
10688 1
10689 3
10690 0
10691 3
10692 2
10693 4
10694 0
10695 0
10696 2
10697 5
10698 1
10699 2
10700 0
10701 1
10702 4
10703 1
10704 1
10705 0
10706 3
10707 4
10708 1
10709 2
10710 3
10711 3
10712 4
10713 1
10714 1
10715 2
10716 1
10717 0
10718 2
10719 3
10720 3
10721 3
10722 3
10723 3
10724 2
10725 1
10726 2
10727 3
10728 4
10729 3
10730 1
10731 2
10732 0
10733 2
10734 0
10735 4
10736 0
10737 0
10738 1
10739 1
10740 0
10741 0
10742 1
10743 4
10744 2
10745 4
10746 1
10747 2
10748 2
10749 3
10750 0
10751 2
10752 0
10753 1
10754 4
10755 2
10756 4
10757 3
10758 3
10759 1
10760 4
10761 0
10762 0
10763 0
10764 1
10765 4
10766 1
10767 0
10768 2
10769 4
10770 1
10771 0
10772 1
10773 1
10774 1
10775 0
10776 2
10777 1
10778 2
10779 3
10780 3
10781 2
10782 4
10783 2
10784 0
10785 0
10786 0
10787 1
10788 0
10789 0
10790 4
10791 0
10792 3
10793 0
10794 0
10795 3
10796 2
10797 1
10798 0
10799 1
10800 2
10801 3
10802 1
10803 0
10804 3
10805 0
10806 2
10807 1
10808 2
10809 3
10810 1
10811 3
10812 2
10813 2
10814 0
10815 1
10816 2
10817 0
10818 3
10819 2
10820 3
10821 0
10822 2
10823 0
10824 4
10825 2
10826 2
10827 2
10828 1
10829 2
10830 4
10831 2
10832 2
10833 2
10834 0
10835 2
10836 0
10837 4
10838 0
10839 0
10840 4
10841 2
10842 4
10843 1
10844 4
10845 0
10846 1
10847 2
10848 4
10849 1
10850 3
10851 5
10852 1
10853 1
10854 3
10855 0
10856 3
10857 2
10858 2
10859 1
10860 1
10861 3
10862 4
10863 2
10864 0
10865 1
10866 4
10867 0
10868 1
10869 0
10870 0
10871 3
10872 2
10873 4
10874 1
10875 0
10876 2
10877 3
10878 3
10879 3
10880 1
10881 3
10882 0
10883 3
10884 2
10885 3
10886 0
10887 3
10888 0
10889 0
10890 0
10891 2
10892 0
10893 0
10894 1
10895 1
10896 1
10897 0
10898 4
10899 3
10900 4
10901 3
10902 1
10903 0
10904 3
10905 1
10906 0
10907 1
10908 3
10909 3
10910 2
10911 3
10912 5
10913 0
10914 3
10915 4
10916 1
10917 4
10918 3
10919 0
10920 0
10921 0
10922 1
10923 1
10924 3
10925 5
10926 2
10927 0
10928 1
10929 2
10930 1
10931 1
10932 1
10933 1
10934 5
10935 4
10936 2
10937 5
10938 5
10939 0
10940 1
10941 0
10942 2
10943 2
10944 1
10945 2
10946 2
10947 4
10948 2
10949 1
10950 0
10951 3
10952 3
10953 2
10954 1
10955 2
10956 0
10957 2
10958 2
10959 5
10960 0
10961 2
10962 1
10963 1
10964 4
10965 1
10966 0
10967 4
10968 1
10969 0
10970 0
10971 4
10972 2
10973 1
10974 3
10975 2
10976 5
10977 0
10978 1
10979 2
10980 4
10981 4
10982 1
10983 3
10984 2
10985 2
10986 1
10987 3
10988 2
10989 4
10990 2
10991 2
10992 2
10993 0
10994 3
10995 1
10996 3
10997 3
10998 2
10999 4
11000 3
11001 1
11002 2
11003 0
11004 0
11005 1
11006 0
11007 2
11008 2
11009 2
11010 2
11011 3
11012 1
11013 3
11014 3
11015 0
11016 4
11017 3
11018 0
11019 1
11020 2
11021 1
11022 0
11023 0
11024 1
11025 2
11026 2
11027 1
11028 1
11029 0
11030 1
11031 4
11032 2
11033 0
11034 2
11035 0
11036 4
11037 0
11038 3
11039 2
11040 3
11041 1
11042 1
11043 1
11044 2
11045 1
11046 1
11047 4
11048 0
11049 1
11050 1
11051 5
11052 1
11053 2
11054 5
11055 0
11056 2
11057 1
11058 1
11059 2
11060 2
11061 3
11062 0
11063 3
11064 0
11065 2
11066 0
11067 1
11068 2
11069 0
11070 2
11071 0
11072 3
11073 1
11074 0
11075 4
11076 2
11077 2
11078 4
11079 4
11080 2
11081 3
11082 5
11083 2
11084 1
11085 3
11086 4
11087 0
11088 1
11089 0
11090 0
11091 3
11092 0
11093 1
11094 3
11095 0
11096 2
11097 2
11098 0
11099 0
11100 2
11101 1
11102 3
11103 3
11104 3
11105 4
11106 5
11107 3
11108 5
11109 3
11110 1
11111 0
11112 1
11113 0
11114 2
11115 0
11116 3
11117 2
11118 4
11119 0
11120 3
11121 4
11122 2
11123 2
11124 4
11125 3
11126 3
11127 2
11128 0
11129 4
11130 3
11131 0
11132 2
11133 1
11134 2
11135 4
11136 0
11137 5
11138 1
11139 3
11140 0
11141 3
11142 3
11143 0
11144 1
11145 0
11146 3
11147 0
11148 0
11149 4
11150 4
11151 2
11152 4
11153 3
11154 3
11155 0
11156 1
11157 0
11158 0
11159 4
11160 2
11161 1
11162 3
11163 0
11164 1
11165 1
11166 0
11167 2
11168 0
11169 0
11170 3
11171 2
11172 1
11173 5
11174 3
11175 4
11176 4
11177 1
11178 1
11179 0
11180 1
11181 1
11182 4
11183 0
11184 3
11185 2
11186 2
11187 1
11188 2
11189 4
11190 3
11191 0
11192 3
11193 3
11194 0
11195 0
11196 2
11197 1
11198 3
11199 3
11200 0
11201 1
11202 4
11203 0
11204 1
11205 0
11206 2
11207 2
11208 2
11209 0
11210 3
11211 2
11212 4
11213 1
11214 3
11215 3
11216 1
11217 3
11218 0
11219 3
11220 2
11221 0
11222 4
11223 1
11224 2
11225 1
11226 2
11227 1
11228 3
11229 1
11230 3
11231 0
11232 4
11233 2
11234 3
11235 2
11236 1
11237 2
11238 2
11239 2
11240 4
11241 3
11242 1
11243 3
11244 4
11245 2
11246 3
11247 2
11248 3
11249 2
11250 2
11251 4
11252 5
11253 3
11254 1
11255 3
11256 3
11257 1
11258 2
11259 3
11260 5
11261 1
11262 5
11263 3
11264 2
11265 2
11266 5
11267 2
11268 4
11269 2
11270 4
11271 1
11272 1
11273 5
11274 2
11275 4
11276 1
11277 3
11278 2
11279 0
11280 2
11281 1
11282 2
11283 1
11284 1
11285 2
11286 0
11287 1
11288 2
11289 2
11290 1
11291 1
11292 1
11293 3
11294 0
11295 0
11296 0
11297 3
11298 0
11299 5
11300 1
11301 0
11302 5
11303 4
11304 2
11305 0
11306 2
11307 2
11308 1
11309 1
11310 0
11311 1
11312 2
11313 2
11314 0
11315 4
11316 0
11317 2
11318 0
11319 3
11320 0
11321 3
11322 0
11323 2
11324 4
11325 2
11326 1
11327 0
11328 0
11329 2
11330 0
11331 2
11332 2
11333 2
11334 1
11335 0
11336 3
11337 3
11338 1
11339 1
11340 2
11341 1
11342 0
11343 0
11344 4
11345 2
11346 1
11347 5
11348 5
11349 3
11350 0
11351 5
11352 5
11353 3
11354 0
11355 1
11356 0
11357 2
11358 1
11359 3
11360 1
11361 0
11362 1
11363 0
11364 0
11365 3
11366 1
11367 1
11368 5
11369 2
11370 0
11371 5
11372 0
11373 2
11374 3
11375 3
11376 0
11377 2
11378 1
11379 2
11380 0
11381 3
11382 3
11383 1
11384 1
11385 1
11386 2
11387 2
11388 3
11389 4
11390 4
11391 2
11392 1
11393 4
11394 3
11395 5
11396 2
11397 2
11398 2
11399 4
11400 3
11401 3
11402 4
11403 1
11404 3
11405 0
11406 2
11407 3
11408 2
11409 4
11410 2
11411 0
11412 2
11413 1
11414 5
11415 0
11416 0
11417 2
11418 3
11419 3
11420 3
11421 2
11422 5
11423 3
11424 3
11425 4
11426 3
11427 0
11428 0
11429 0
11430 2
11431 1
11432 1
11433 2
11434 0
11435 0
11436 1
11437 4
11438 2
11439 4
11440 0
11441 3
11442 2
11443 4
11444 3
11445 2
11446 2
11447 4
11448 2
11449 4
11450 0
11451 2
11452 2
11453 3
11454 0
11455 0
11456 0
11457 4
11458 1
11459 3
11460 2
11461 2
11462 4
11463 0
11464 3
11465 0
11466 1
11467 2
11468 3
11469 3
11470 3
11471 1
11472 2
11473 0
11474 3
11475 1
11476 2
11477 3
11478 3
11479 3
11480 1
11481 3
11482 1
11483 4
11484 2
11485 2
11486 0
11487 4
11488 1
11489 1
11490 2
11491 0
11492 2
11493 2
11494 2
11495 2
11496 2
11497 2
11498 1
11499 3
11500 4
11501 1
11502 1
11503 2
11504 1
11505 0
11506 1
11507 1
11508 0
11509 3
11510 1
11511 3
11512 3
11513 1
11514 1
11515 2
11516 2
11517 0
11518 2
11519 0
11520 4
11521 0
11522 1
11523 4
11524 3
11525 0
11526 2
11527 1
11528 2
11529 2
11530 2
11531 1
11532 2
11533 0
11534 0
11535 0
11536 2
11537 1
11538 2
11539 0
11540 3
11541 5
11542 2
11543 3
11544 0
11545 0
11546 4
11547 4
11548 0
11549 0
11550 0
11551 5
11552 3
11553 2
11554 2
11555 1
11556 3
11557 3
11558 3
11559 0
11560 4
11561 0
11562 4
11563 4
11564 2
11565 2
11566 2
11567 3
11568 2
11569 2
11570 0
11571 1
11572 3
11573 1
11574 1
11575 1
11576 1
11577 3
11578 0
11579 3
11580 4
11581 0
11582 0
11583 2
11584 3
11585 1
11586 3
11587 0
11588 0
11589 0
11590 4
11591 1
11592 0
11593 3
11594 0
11595 2
11596 3
11597 2
11598 0
11599 2
11600 5
11601 2
11602 5
11603 0
11604 3
11605 4
11606 2
11607 5
11608 0
11609 2
11610 2
11611 1
11612 0
11613 0
11614 1
11615 3
11616 5
11617 0
11618 0
11619 4
11620 5
11621 3
11622 4
11623 3
11624 2
11625 2
11626 0
11627 0
11628 3
11629 3
11630 3
11631 3
11632 0
11633 0
11634 1
11635 0
11636 1
11637 3
11638 0
11639 1
11640 2
11641 4
11642 3
11643 3
11644 2
11645 2
11646 1
11647 5
11648 2
11649 0
11650 0
11651 4
11652 0
11653 5
11654 2
11655 1
11656 0
11657 0
11658 5
11659 3
11660 1
11661 3
11662 4
11663 2
11664 4
11665 0
11666 1
11667 3
11668 2
11669 0
11670 0
11671 0
11672 3
11673 3
11674 1
11675 1
11676 1
11677 0
11678 4
11679 4
11680 0
11681 1
11682 0
11683 0
11684 0
11685 3
11686 2
11687 2
11688 0
11689 1
11690 4
11691 1
11692 1
11693 0
11694 4
11695 4
11696 2
11697 0
11698 2
11699 3
11700 1
11701 2
11702 2
11703 0
11704 2
11705 3
11706 2
11707 2
11708 3
11709 0
11710 1
11711 0
11712 0
11713 2
11714 4
11715 4
11716 0
11717 0
11718 3
11719 3
11720 0
11721 4
11722 1
11723 2
11724 3
11725 3
11726 2
11727 1
11728 3
11729 3
11730 2
11731 4
11732 0
11733 0
11734 2
11735 3
11736 1
11737 0
11738 0
11739 0
11740 2
11741 0
11742 2
11743 3
11744 3
11745 1
11746 1
11747 1
11748 2
11749 1
11750 3
11751 4
11752 0
11753 2
11754 5
11755 1
11756 1
11757 2
11758 0
11759 5
11760 4
11761 0
11762 4
11763 3
11764 0
11765 3
11766 0
11767 0
11768 0
11769 0
11770 1
11771 5
11772 3
11773 2
11774 1
11775 2
11776 0
11777 4
11778 2
11779 0
11780 1
11781 0
11782 0
11783 3
11784 0
11785 2
11786 1
11787 1
11788 2
11789 3
11790 3
11791 3
11792 3
11793 4
11794 1
11795 1
11796 4
11797 6
11798 2
11799 2
11800 1
11801 3
11802 1
11803 0
11804 0
11805 2
11806 3
11807 0
11808 2
11809 0
11810 0
11811 4
11812 5
11813 4
11814 2
11815 2
11816 4
11817 2
11818 0
11819 3
11820 1
11821 4
11822 2
11823 0
11824 0
11825 0
11826 4
11827 0
11828 3
11829 1
11830 5
11831 3
11832 3
11833 3
11834 2
11835 1
11836 0
11837 3
11838 4
11839 0
11840 2
11841 1
11842 2
11843 2
11844 2
11845 0
11846 1
11847 4
11848 2
11849 0
11850 2
11851 3
11852 5
11853 4
11854 0
11855 0
11856 3
11857 3
11858 3
11859 1
11860 1
11861 0
11862 1
11863 3
11864 3
11865 2
11866 3
11867 4
11868 4
11869 0
11870 0
11871 2
11872 3
11873 1
11874 5
11875 0
11876 4
11877 0
11878 3
11879 4
11880 2
11881 0
11882 2
11883 5
11884 1
11885 1
11886 3
11887 0
11888 2
11889 1
11890 2
11891 3
11892 5
11893 3
11894 4
11895 4
11896 2
11897 3
11898 5
11899 3
11900 0
11901 0
11902 2
11903 0
11904 2
11905 0
11906 1
11907 0
11908 3
11909 4
11910 2
11911 2
11912 0
11913 2
11914 3
11915 0
11916 1
11917 2
11918 4
11919 3
11920 3
11921 4
11922 2
11923 0
11924 3
11925 3
11926 3
11927 1
11928 0
11929 3
11930 0
11931 1
11932 3
11933 2
11934 2
11935 3
11936 2
11937 0
11938 4
11939 4
11940 2
11941 5
11942 4
11943 2
11944 0
11945 1
11946 1
11947 2
11948 1
11949 0
11950 1
11951 2
11952 3
11953 3
11954 4
11955 3
11956 2
11957 0
11958 1
11959 0
11960 1
11961 0
11962 3
11963 0
11964 4
11965 2
11966 1
11967 0
11968 2
11969 1
11970 3
11971 1
11972 1
11973 0
11974 2
11975 2
11976 1
11977 0
11978 2
11979 0
11980 5
11981 2
11982 0
11983 2
11984 3
11985 3
11986 1
11987 2
11988 3
11989 3
11990 5
11991 0
11992 0
11993 0
11994 3
11995 4
11996 3
11997 4
11998 4
11999 3
12000 0
12001 0
12002 0
12003 1
12004 1
12005 1
12006 2
12007 1
12008 1
12009 2
12010 1
12011 1
12012 0
12013 2
12014 2
12015 3
12016 3
12017 4
12018 0
12019 2
12020 3
12021 0
12022 1
12023 0
12024 0
12025 5
12026 3
12027 1
12028 1
12029 2
12030 5
12031 2
12032 2
12033 4
12034 0
12035 1
12036 2
12037 1
12038 3
12039 0
12040 1
12041 4
12042 4
12043 4
12044 3
12045 4
12046 0
12047 2
12048 2
12049 0
12050 1
12051 0
12052 3
12053 0
12054 4
12055 0
12056 4
12057 1
12058 2
12059 0
12060 4
12061 0
12062 2
12063 0
12064 1
12065 2
12066 0
12067 4
12068 0
12069 0
12070 2
12071 0
12072 3
12073 0
12074 5
12075 2
12076 0
12077 3
12078 2
12079 2
12080 2
12081 1
12082 5
12083 2
12084 2
12085 2
12086 2
12087 5
12088 2
12089 1
12090 0
12091 4
12092 0
12093 4
12094 2
12095 2
12096 3
12097 5
12098 2
12099 1
12100 3
12101 1
12102 2
12103 3
12104 3
12105 1
12106 0
12107 2
12108 0
12109 2
12110 2
12111 3
12112 1
12113 0
12114 3
12115 3
12116 0
12117 1
12118 1
12119 4
12120 0
12121 1
12122 1
12123 0
12124 5
12125 2
12126 3
12127 0
12128 0
12129 3
12130 1
12131 3
12132 3
12133 1
12134 1
12135 0
12136 1
12137 3
12138 0
12139 1
12140 3
12141 1
12142 4
12143 1
12144 1
12145 1
12146 0
12147 5
12148 2
12149 4
12150 2
12151 2
12152 3
12153 2
12154 0
12155 4
12156 2
12157 3
12158 2
12159 0
12160 1
12161 2
12162 3
12163 0
12164 1
12165 4
12166 3
12167 3
12168 2
12169 2
12170 3
12171 1
12172 2
12173 1
12174 2
12175 2
12176 0
12177 0
12178 2
12179 0
12180 0
12181 2
12182 2
12183 1
12184 3
12185 3
12186 3
12187 2
12188 3
12189 2
12190 0
12191 3
12192 4
12193 0
12194 4
12195 4
12196 0
12197 3
12198 1
12199 4
12200 1
12201 2
12202 0
12203 2
12204 0
12205 0
12206 0
12207 4
12208 3
12209 1
12210 4
12211 3
12212 0
12213 0
12214 4
12215 3
12216 0
12217 0
12218 2
12219 1
12220 1
12221 0
12222 3
12223 0
12224 4
12225 1
12226 0
12227 0
12228 4
12229 0
12230 1
12231 1
12232 2
12233 0
12234 2
12235 2
12236 0
12237 0
12238 1
12239 2
12240 0
12241 4
12242 2
12243 3
12244 5
12245 5
12246 4
12247 3
12248 3
12249 4
12250 3
12251 3
12252 5
12253 0
12254 0
12255 3
12256 3
12257 1
12258 3
12259 0
12260 1
12261 2
12262 1
12263 3
12264 3
12265 1
12266 2
12267 2
12268 0
12269 1
12270 2
12271 0
12272 3
12273 4
12274 1
12275 4
12276 2
12277 3
12278 2
12279 3
12280 3
12281 2
12282 0
12283 0
12284 3
12285 1
12286 1
12287 0
12288 0
12289 1
12290 0
12291 4
12292 0
12293 1
12294 1
12295 0
12296 0
12297 3
12298 3
12299 1
12300 0
12301 3
12302 1
12303 1
12304 2
12305 3
12306 3
12307 4
12308 2
12309 2
12310 3
12311 5
12312 3
12313 3
12314 0
12315 0
12316 0
12317 1
12318 5
12319 5
12320 1
12321 4
12322 0
12323 4
12324 1
12325 3
12326 3
12327 2
12328 3
12329 2
12330 3
12331 1
12332 5
12333 0
12334 4
12335 0
12336 2
12337 2
12338 1
12339 0
12340 1
12341 0
12342 1
12343 0
12344 2
12345 1
12346 1
12347 2
12348 1
12349 0
12350 4
12351 1
12352 1
12353 0
12354 1
12355 2
12356 0
12357 0
12358 0
12359 0
12360 2
12361 0
12362 0
12363 0
12364 3
12365 1
12366 3
12367 2
12368 2
12369 0
12370 1
12371 0
12372 0
12373 0
12374 3
12375 2
12376 2
12377 4
12378 3
12379 2
12380 3
12381 1
12382 2
12383 2
12384 3
12385 5
12386 1
12387 4
12388 2
12389 1
12390 4
12391 3
12392 1
12393 3
12394 0
12395 2
12396 3
12397 0
12398 4
12399 5
12400 2
12401 5
12402 2
12403 0
12404 0
12405 3
12406 0
12407 4
12408 5
12409 0
12410 0
12411 2
12412 0
12413 0
12414 1
12415 1
12416 1
12417 2
12418 4
12419 5
12420 2
12421 1
12422 3
12423 1
12424 4
12425 2
12426 0
12427 4
12428 0
12429 0
12430 2
12431 3
12432 0
12433 0
12434 1
12435 4
12436 2
12437 4
12438 2
12439 0
12440 0
12441 3
12442 5
12443 3
12444 2
12445 1
12446 0
12447 2
12448 2
12449 2
12450 0
12451 1
12452 1
12453 2
12454 1
12455 2
12456 1
12457 2
12458 4
12459 3
12460 0
12461 2
12462 2
12463 2
12464 2
12465 3
12466 0
12467 1
12468 3
12469 4
12470 1
12471 1
12472 1
12473 0
12474 4
12475 0
12476 0
12477 3
12478 2
12479 4
12480 4
12481 3
12482 1
12483 3
12484 0
12485 2
12486 3
12487 0
12488 0
12489 1
12490 1
12491 3
12492 3
12493 1
12494 3
12495 0
12496 0
12497 2
12498 1
12499 0
12500 3
12501 3
12502 2
12503 4
12504 5
12505 2
12506 0
12507 3
12508 1
12509 3
12510 1
12511 0
12512 0
12513 3
12514 2
12515 0
12516 1
12517 3
12518 1
12519 1
12520 2
12521 2
12522 1
12523 2
12524 3
12525 1
12526 2
12527 1
12528 1
12529 2
12530 1
12531 1
12532 0
12533 3
12534 3
12535 1
12536 4
12537 4
12538 1
12539 4
12540 1
12541 0
12542 1
12543 3
12544 3
12545 3
12546 3
12547 3
12548 2
12549 1
12550 2
12551 1
12552 3
12553 0
12554 3
12555 0
12556 2
12557 4
12558 2
12559 0
12560 1
12561 4
12562 2
12563 1
12564 0
12565 0
12566 1
12567 3
12568 0
12569 0
12570 1
12571 2
12572 1
12573 4
12574 1
12575 3
12576 3
12577 1
12578 2
12579 1
12580 2
12581 3
12582 3
12583 1
12584 4
12585 4
12586 5
12587 3
12588 0
12589 2
12590 0
12591 4
12592 0
12593 4
12594 1
12595 2
12596 0
12597 4
12598 1
12599 1
12600 0
12601 1
12602 3
12603 3
12604 2
12605 0
12606 2
12607 3
12608 4
12609 0
12610 1
12611 1
12612 2
12613 0
12614 3
12615 0
12616 1
12617 2
12618 2
12619 3
12620 0
12621 3
12622 1
12623 0
12624 0
12625 0
12626 1
12627 2
12628 2
12629 4
12630 2
12631 4
12632 1
12633 2
12634 4
12635 4
12636 1
12637 0
12638 1
12639 1
12640 3
12641 4
12642 0
12643 1
12644 3
12645 3
12646 3
12647 1
12648 1
12649 2
12650 2
12651 2
12652 1
12653 0
12654 0
12655 4
12656 1
12657 0
12658 1
12659 3
12660 4
12661 2
12662 4
12663 1
12664 4
12665 3
12666 0
12667 0
12668 0
12669 1
12670 1
12671 5
12672 1
12673 5
12674 2
12675 1
12676 1
12677 3
12678 1
12679 4
12680 2
12681 1
12682 0
12683 3
12684 0
12685 0
12686 5
12687 2
12688 2
12689 0
12690 0
12691 1
12692 1
12693 1
12694 2
12695 1
12696 1
12697 1
12698 0
12699 4
12700 3
12701 4
12702 3
12703 2
12704 0
12705 3
12706 0
12707 0
12708 5
12709 0
12710 3
12711 1
12712 3
12713 1
12714 3
12715 1
12716 2
12717 3
12718 1
12719 2
12720 1
12721 1
12722 1
12723 3
12724 2
12725 4
12726 0
12727 4
12728 1
12729 0
12730 4
12731 4
12732 0
12733 0
12734 3
12735 1
12736 4
12737 3
12738 0
12739 1
12740 0
12741 1
12742 3
12743 1
12744 0
12745 0
12746 1
12747 3
12748 1
12749 0
12750 1
12751 0
12752 1
12753 3
12754 4
12755 1
12756 3
12757 1
12758 0
12759 2
12760 2
12761 1
12762 3
12763 2
12764 2
12765 0
12766 4
12767 2
12768 2
12769 4
12770 4
12771 1
12772 1
12773 5
12774 3
12775 2
12776 2
12777 5
12778 2
12779 3
12780 1
12781 5
12782 2
12783 2
12784 1
12785 2
12786 2
12787 3
12788 4
12789 0
12790 2
12791 0
12792 2
12793 4
12794 1
12795 3
12796 1
12797 0
12798 3
12799 0
12800 0
12801 0
12802 2
12803 3
12804 2
12805 4
12806 0
12807 4
12808 0
12809 1
12810 1
12811 4
12812 1
12813 4
12814 1
12815 1
12816 1
12817 4
12818 1
12819 3
12820 2
12821 0
12822 2
12823 2
12824 2
12825 1
12826 0
12827 3
12828 3
12829 0
12830 1
12831 2
12832 3
12833 4
12834 1
12835 4
12836 3
12837 1
12838 2
12839 2
12840 0
12841 4
12842 0
12843 2
12844 3
12845 2
12846 0
12847 1
12848 1
12849 0
12850 1
12851 2
12852 3
12853 4
12854 2
12855 3
12856 3
12857 4
12858 3
12859 2
12860 1
12861 0
12862 0
12863 2
12864 0
12865 1
12866 5
12867 1
12868 0
12869 3
12870 0
12871 3
12872 0
12873 0
12874 2
12875 4
12876 3
12877 1
12878 1
12879 1
12880 3
12881 3
12882 3
12883 1
12884 2
12885 4
12886 1
12887 2
12888 2
12889 0
12890 0
12891 1
12892 4
12893 0
12894 4
12895 2
12896 3
12897 1
12898 0
12899 4
12900 1
12901 2
12902 0
12903 4
12904 3
12905 0
12906 5
12907 0
12908 1
12909 4
12910 2
12911 4
12912 1
12913 4
12914 4
12915 0
12916 1
12917 0
12918 2
12919 2
12920 0
12921 1
12922 1
12923 0
12924 1
12925 1
12926 1
12927 5
12928 1
12929 1
12930 6
12931 3
12932 0
12933 2
12934 1
12935 0
12936 3
12937 0
12938 0
12939 0
12940 2
12941 0
12942 1
12943 0
12944 3
12945 3
12946 0
12947 3
12948 2
12949 1
12950 1
12951 0
12952 2
12953 3
12954 0
12955 3
12956 3
12957 4
12958 3
12959 2
12960 2
12961 1
12962 4
12963 0
12964 2
12965 2
12966 3
12967 2
12968 2
12969 2
12970 0
12971 1
12972 4
12973 0
12974 0
12975 1
12976 2
12977 3
12978 4
12979 3
12980 2
12981 1
12982 1
12983 3
12984 5
12985 2
12986 0
12987 0
12988 0
12989 4
12990 2
12991 1
12992 0
12993 1
12994 2
12995 1
12996 0
12997 0
12998 4
12999 3
13000 3
13001 3
13002 3
13003 0
13004 2
13005 3
13006 4
13007 3
13008 3
13009 2
13010 2
13011 4
13012 2
13013 1
13014 5
13015 1
13016 3
13017 0
13018 2
13019 1
13020 4
13021 3
13022 1
13023 1
13024 0
13025 1
13026 0
13027 2
13028 1
13029 0
13030 1
13031 4
13032 1
13033 1
13034 0
13035 2
13036 2
13037 3
13038 0
13039 2
13040 1
13041 1
13042 5
13043 2
13044 3
13045 0
13046 6
13047 5
13048 2
13049 1
13050 4
13051 3
13052 3
13053 5
13054 1
13055 4
13056 1
13057 2
13058 0
13059 3
13060 1
13061 0
13062 2
13063 4
13064 3
13065 3
13066 2
13067 1
13068 0
13069 1
13070 1
13071 1
13072 0
13073 2
13074 2
13075 0
13076 4
13077 2
13078 1
13079 0
13080 3
13081 3
13082 4
13083 0
13084 0
13085 0
13086 2
13087 2
13088 4
13089 5
13090 0
13091 1
13092 1
13093 3
13094 2
13095 0
13096 2
13097 5
13098 3
13099 0
13100 4
13101 2
13102 0
13103 4
13104 3
13105 1
13106 2
13107 0
13108 1
13109 1
13110 1
13111 1
13112 1
13113 0
13114 1
13115 3
13116 1
13117 2
13118 2
13119 3
13120 1
13121 5
13122 5
13123 2
13124 0
13125 1
13126 2
13127 1
13128 0
13129 5
13130 3
13131 4
13132 2
13133 0
13134 0
13135 0
13136 1
13137 0
13138 3
13139 3
13140 3
13141 2
13142 1
13143 4
13144 3
13145 0
13146 0
13147 1
13148 2
13149 3
13150 0
13151 5
13152 4
13153 1
13154 2
13155 0
13156 1
13157 4
13158 2
13159 3
13160 1
13161 0
13162 1
13163 1
13164 2
13165 4
13166 1
13167 0
13168 1
13169 3
13170 5
13171 2
13172 3
13173 1
13174 3
13175 0
13176 3
13177 3
13178 0
13179 2
13180 2
13181 5
13182 3
13183 2
13184 1
13185 1
13186 1
13187 4
13188 1
13189 3
13190 2
13191 0
13192 0
13193 3
13194 2
13195 0
13196 4
13197 3
13198 3
13199 3
13200 1
13201 0
13202 4
13203 3
13204 4
13205 2
13206 1
13207 2
13208 1
13209 4
13210 3
13211 2
13212 2
13213 3
13214 2
13215 0
13216 5
13217 3
13218 1
13219 5
13220 2
13221 1
13222 5
13223 1
13224 2
13225 0
13226 0
13227 4
13228 4
13229 0
13230 0
13231 3
13232 0
13233 0
13234 2
13235 3
13236 2
13237 0
13238 2
13239 3
13240 2
13241 0
13242 0
13243 0
13244 1
13245 4
13246 0
13247 2
13248 2
13249 1
13250 1
13251 4
13252 0
13253 4
13254 1
13255 3
13256 2
13257 2
13258 1
13259 3
13260 3
13261 0
13262 2
13263 3
13264 0
13265 2
13266 3
13267 1
13268 5
13269 1
13270 0
13271 1
13272 2
13273 2
13274 1
13275 2
13276 1
13277 2
13278 5
13279 1
13280 0
13281 3
13282 1
13283 0
13284 1
13285 1
13286 0
13287 1
13288 3
13289 0
13290 0
13291 3
13292 1
13293 2
13294 1
13295 0
13296 3
13297 4
13298 0
13299 1
13300 4
13301 0
13302 3
13303 4
13304 2
13305 3
13306 1
13307 3
13308 3
13309 0
13310 2
13311 1
13312 2
13313 0
13314 1
13315 2
13316 0
13317 4
13318 3
13319 2
13320 1
13321 2
13322 1
13323 4
13324 2
13325 4
13326 3
13327 5
13328 0
13329 2
13330 1
13331 4
13332 2
13333 4
13334 3
13335 4
13336 6
13337 2
13338 2
13339 0
13340 0
13341 0
13342 4
13343 1
13344 2
13345 2
13346 3
13347 0
13348 1
13349 1
13350 0
13351 0
13352 0
13353 0
13354 2
13355 1
13356 4
13357 3
13358 0
13359 3
13360 1
13361 3
13362 2
13363 0
13364 2
13365 2
13366 2
13367 4
13368 0
13369 0
13370 2
13371 2
13372 0
13373 2
13374 4
13375 2
13376 1
13377 3
13378 3
13379 5
13380 1
13381 2
13382 0
13383 2
13384 3
13385 4
13386 3
13387 3
13388 3
13389 2
13390 0
13391 3
13392 1
13393 4
13394 0
13395 0
13396 0
13397 0
13398 0
13399 0
13400 1
13401 2
13402 5
13403 4
13404 2
13405 5
13406 1
13407 4
13408 0
13409 3
13410 2
13411 1
13412 2
13413 2
13414 2
13415 5
13416 1
13417 0
13418 4
13419 0
13420 3
13421 1
13422 2
13423 0
13424 4
13425 5
13426 0
13427 1
13428 3
13429 0
13430 2
13431 0
13432 3
13433 3
13434 0
13435 0
13436 4
13437 3
13438 0
13439 0
13440 0
13441 4
13442 3
13443 4
13444 4
13445 2
13446 6
13447 1
13448 0
13449 1
13450 2
13451 1
13452 1
13453 4
13454 0
13455 0
13456 1
13457 3
13458 1
13459 1
13460 4
13461 4
13462 0
13463 2
13464 1
13465 5
13466 4
13467 4
13468 3
13469 2
13470 2
13471 1
13472 0
13473 0
13474 1
13475 1
13476 0
13477 3
13478 1
13479 0
13480 4
13481 1
13482 2
13483 1
13484 1
13485 0
13486 2
13487 2
13488 1
13489 1
13490 3
13491 1
13492 0
13493 2
13494 0
13495 3
13496 1
13497 4
13498 5
13499 0
13500 4
13501 1
13502 2
13503 0
13504 1
13505 2
13506 2
13507 1
13508 1
13509 3
13510 1
13511 2
13512 5
13513 3
13514 0
13515 1
13516 3
13517 1
13518 3
13519 2
13520 1
13521 5
13522 5
13523 2
13524 1
13525 4
13526 0
13527 4
13528 3
13529 5
13530 0
13531 2
13532 4
13533 1
13534 0
13535 3
13536 2
13537 1
13538 3
13539 1
13540 1
13541 3
13542 2
13543 3
13544 2
13545 0
13546 0
13547 0
13548 0
13549 4
13550 1
13551 2
13552 1
13553 0
13554 0
13555 2
13556 3
13557 0
13558 3
13559 1
13560 1
13561 2
13562 3
13563 4
13564 1
13565 2
13566 2
13567 1
13568 0
13569 1
13570 4
13571 3
13572 4
13573 4
13574 0
13575 2
13576 1
13577 1
13578 0
13579 4
13580 3
13581 1
13582 0
13583 1
13584 3
13585 4
13586 2
13587 3
13588 1
13589 2
13590 3
13591 3
13592 0
13593 4
13594 0
13595 3
13596 0
13597 1
13598 2
13599 4
13600 2
13601 0
13602 0
13603 4
13604 2
13605 2
13606 0
13607 4
13608 1
13609 0
13610 4
13611 2
13612 2
13613 0
13614 1
13615 4
13616 0
13617 3
13618 2
13619 0
13620 1
13621 4
13622 4
13623 2
13624 2
13625 3
13626 1
13627 5
13628 1
13629 1
13630 3
13631 0
13632 2
13633 2
13634 2
13635 3
13636 3
13637 1
13638 2
13639 2
13640 1
13641 1
13642 0
13643 1
13644 4
13645 1
13646 0
13647 1
13648 3
13649 0
13650 1
13651 4
13652 3
13653 3
13654 2
13655 1
13656 0
13657 4
13658 0
13659 1
13660 0
13661 0
13662 3
13663 3
13664 2
13665 3
13666 2
13667 5
13668 3
13669 2
13670 2
13671 2
13672 3
13673 1
13674 0
13675 3
13676 2
13677 1
13678 1
13679 1
13680 2
13681 1
13682 4
13683 0
13684 2
13685 3
13686 3
13687 0
13688 1
13689 1
13690 4
13691 4
13692 0
13693 1
13694 1
13695 0
13696 0
13697 2
13698 1
13699 3
13700 1
13701 2
13702 5
13703 1
13704 3
13705 2
13706 2
13707 1
13708 3
13709 1
13710 4
13711 0
13712 5
13713 1
13714 2
13715 3
13716 1
13717 3
13718 2
13719 3
13720 1
13721 4
13722 3
13723 4
13724 5
13725 5
13726 3
13727 1
13728 4
13729 2
13730 0
13731 0
13732 0
13733 2
13734 2
13735 5
13736 1
13737 3
13738 2
13739 0
13740 1
13741 0
13742 1
13743 1
13744 2
13745 3
13746 0
13747 1
13748 2
13749 2
13750 4
13751 4
13752 1
13753 3
13754 1
13755 2
13756 5
13757 3
13758 5
13759 3
13760 2
13761 4
13762 3
13763 3
13764 3
13765 4
13766 4
13767 0
13768 5
13769 2
13770 1
13771 1
13772 1
13773 2
13774 1
13775 2
13776 0
13777 1
13778 4
13779 1
13780 2
13781 4
13782 3
13783 2
13784 3
13785 0
13786 1
13787 3
13788 4
13789 1
13790 3
13791 3
13792 2
13793 4
13794 1
13795 3
13796 4
13797 3
13798 4
13799 0
13800 4
13801 0
13802 1
13803 0
13804 4
13805 4
13806 0
13807 0
13808 0
13809 3
13810 0
13811 2
13812 2
13813 2
13814 0
13815 4
13816 1
13817 0
13818 2
13819 2
13820 0
13821 0
13822 3
13823 0
13824 2
13825 4
13826 4
13827 4
13828 3
13829 0
13830 3
13831 1
13832 4
13833 0
13834 4
13835 3
13836 2
13837 4
13838 4
13839 3
13840 1
13841 0
13842 1
13843 3
13844 0
13845 3
13846 2
13847 4
13848 4
13849 1
13850 4
13851 3
13852 2
13853 1
13854 3
13855 1
13856 1
13857 2
13858 3
13859 4
13860 2
13861 1
13862 3
13863 3
13864 3
13865 1
13866 1
13867 4
13868 1
13869 2
13870 3
13871 0
13872 0
13873 1
13874 5
13875 3
13876 0
13877 2
13878 4
13879 2
13880 1
13881 4
13882 1
13883 0
13884 3
13885 0
13886 2
13887 0
13888 1
13889 4
13890 5
13891 3
13892 0
13893 2
13894 1
13895 2
13896 2
13897 0
13898 1
13899 2
13900 2
13901 4
13902 5
13903 0
13904 2
13905 0
13906 5
13907 3
13908 0
13909 3
13910 3
13911 2
13912 1
13913 4
13914 1
13915 3
13916 3
13917 0
13918 3
13919 1
13920 5
13921 3
13922 4
13923 3
13924 2
13925 3
13926 0
13927 1
13928 2
13929 1
13930 1
13931 0
13932 1
13933 3
13934 1
13935 3
13936 1
13937 1
13938 2
13939 2
13940 2
13941 2
13942 3
13943 2
13944 0
13945 2
13946 2
13947 3
13948 1
13949 0
13950 0
13951 4
13952 1
13953 0
13954 0
13955 1
13956 3
13957 3
13958 0
13959 2
13960 1
13961 0
13962 0
13963 1
13964 3
13965 3
13966 3
13967 2
13968 4
13969 5
13970 1
13971 2
13972 3
13973 2
13974 0
13975 3
13976 0
13977 1
13978 3
13979 1
13980 1
13981 3
13982 0
13983 2
13984 1
13985 4
13986 2
13987 0
13988 2
13989 3
13990 1
13991 2
13992 0
13993 3
13994 4
13995 2
13996 3
13997 2
13998 4
13999 3
14000 2
14001 0
14002 4
14003 2
14004 0
14005 3
14006 3
14007 2
14008 1
14009 2
14010 1
14011 2
14012 3
14013 3
14014 1
14015 2
14016 0
14017 0
14018 1
14019 1
14020 5
14021 3
14022 1
14023 0
14024 1
14025 5
14026 4
14027 3
14028 2
14029 1
14030 0
14031 3
14032 4
14033 1
14034 0
14035 0
14036 1
14037 3
14038 4
14039 4
14040 2
14041 4
14042 2
14043 0
14044 1
14045 1
14046 3
14047 3
14048 3
14049 1
14050 2
14051 4
14052 0
14053 3
14054 2
14055 3
14056 2
14057 4
14058 3
14059 1
14060 0
14061 3
14062 5
14063 2
14064 2
14065 2
14066 0
14067 0
14068 2
14069 0
14070 0
14071 3
14072 2
14073 0
14074 3
14075 0
14076 0
14077 1
14078 2
14079 2
14080 1
14081 2
14082 1
14083 0
14084 5
14085 0
14086 4
14087 0
14088 2
14089 1
14090 2
14091 2
14092 0
14093 2
14094 4
14095 0
14096 3
14097 2
14098 1
14099 2
14100 1
14101 1
14102 3
14103 2
14104 5
14105 3
14106 3
14107 2
14108 0
14109 0
14110 3
14111 2
14112 2
14113 2
14114 0
14115 0
14116 4
14117 0
14118 1
14119 1
14120 2
14121 2
14122 3
14123 3
14124 2
14125 2
14126 1
14127 1
14128 5
14129 0
14130 3
14131 3
14132 0
14133 4
14134 1
14135 1
14136 2
14137 1
14138 2
14139 5
14140 1
14141 0
14142 0
14143 3
14144 1
14145 4
14146 2
14147 0
14148 2
14149 3
14150 2
14151 1
14152 5
14153 0
14154 2
14155 0
14156 3
14157 4
14158 4
14159 3
14160 1
14161 4
14162 2
14163 4
14164 5
14165 0
14166 1
14167 5
14168 2
14169 0
14170 2
14171 1
14172 5
14173 1
14174 2
14175 2
14176 4
14177 0
14178 0
14179 3
14180 2
14181 2
14182 3
14183 1
14184 3
14185 4
14186 2
14187 4
14188 3
14189 3
14190 2
14191 4
14192 2
14193 0
14194 0
14195 3
14196 0
14197 4
14198 4
14199 2
14200 2
14201 0
14202 5
14203 3
14204 1
14205 1
14206 4
14207 0
14208 4
14209 3
14210 1
14211 2
14212 1
14213 3
14214 1
14215 2
14216 1
14217 1
14218 5
14219 4
14220 3
14221 4
14222 0
14223 2
14224 3
14225 0
14226 1
14227 3
14228 2
14229 1
14230 1
14231 3
14232 4
14233 2
14234 2
14235 3
14236 4
14237 6
14238 0
14239 0
14240 0
14241 4
14242 1
14243 2
14244 4
14245 0
14246 3
14247 5
14248 3
14249 1
14250 2
14251 1
14252 3
14253 0
14254 2
14255 4
14256 2
14257 4
14258 1
14259 0
14260 1
14261 0
14262 0
14263 3
14264 3
14265 2
14266 0
14267 0
14268 1
14269 1
14270 5
14271 1
14272 3
14273 3
14274 4
14275 0
14276 0
14277 2
14278 4
14279 0
14280 1
14281 1
14282 3
14283 0
14284 0
14285 5
14286 3
14287 4
14288 4
14289 1
14290 4
14291 3
14292 1
14293 1
14294 0
14295 4
14296 1
14297 0
14298 1
14299 2
14300 2
14301 0
14302 1
14303 1
14304 0
14305 0
14306 1
14307 1
14308 0
14309 4
14310 3
14311 3
14312 0
14313 4
14314 5
14315 0
14316 0
14317 2
14318 2
14319 1
14320 4
14321 3
14322 3
14323 2
14324 5
14325 1
14326 3
14327 0
14328 2
14329 2
14330 0
14331 5
14332 0
14333 1
14334 0
14335 0
14336 0
14337 1
14338 3
14339 1
14340 2
14341 1
14342 0
14343 4
14344 2
14345 1
14346 4
14347 3
14348 4
14349 2
14350 4
14351 4
14352 1
14353 0
14354 1
14355 3
14356 0
14357 0
14358 0
14359 3
14360 1
14361 0
14362 5
14363 1
14364 2
14365 0
14366 2
14367 4
14368 0
14369 0
14370 3
14371 1
14372 2
14373 3
14374 3
14375 5
14376 3
14377 3
14378 0
14379 1
14380 3
14381 1
14382 2
14383 0
14384 1
14385 1
14386 3
14387 3
14388 4
14389 0
14390 4
14391 0
14392 1
14393 1
14394 4
14395 3
14396 0
14397 5
14398 4
14399 1
14400 3
14401 0
14402 1
14403 2
14404 2
14405 1
14406 3
14407 0
14408 1
14409 2
14410 1
14411 3
14412 0
14413 1
14414 1
14415 0
14416 4
14417 3
14418 3
14419 4
14420 4
14421 0
14422 0
14423 2
14424 0
14425 1
14426 3
14427 2
14428 0
14429 3
14430 3
14431 3
14432 3
14433 2
14434 0
14435 0
14436 0
14437 2
14438 0
14439 5
14440 1
14441 4
14442 1
14443 0
14444 2
14445 1
14446 0
14447 1
14448 1
14449 0
14450 1
14451 3
14452 0
14453 1
14454 1
14455 1
14456 3
14457 2
14458 0
14459 0
14460 4
14461 4
14462 1
14463 4
14464 4
14465 3
14466 3
14467 2
14468 1
14469 3
14470 2
14471 1
14472 0
14473 1
14474 3
14475 1
14476 1
14477 0
14478 1
14479 0
14480 3
14481 2
14482 4
14483 0
14484 3
14485 1
14486 0
14487 3
14488 3
14489 5
14490 0
14491 0
14492 2
14493 1
14494 2
14495 1
14496 0
14497 2
14498 2
14499 1
14500 3
14501 0
14502 2
14503 4
14504 1
14505 1
14506 2
14507 5
14508 4
14509 5
14510 1
14511 3
14512 3
14513 0
14514 2
14515 0
14516 3
14517 0
14518 0
14519 3
14520 3
14521 1
14522 0
14523 0
14524 0
14525 0
14526 0
14527 2
14528 0
14529 4
14530 4
14531 3
14532 0
14533 3
14534 2
14535 2
14536 3
14537 2
14538 0
14539 2
14540 2
14541 2
14542 0
14543 0
14544 3
14545 4
14546 0
14547 2
14548 3
14549 2
14550 1
14551 3
14552 0
14553 4
14554 0
14555 2
14556 1
14557 0
14558 3
14559 2
14560 5
14561 1
14562 0
14563 3
14564 0
14565 0
14566 0
14567 3
14568 0
14569 1
14570 4
14571 0
14572 3
14573 2
14574 0
14575 3
14576 3
14577 0
14578 4
14579 3
14580 3
14581 3
14582 4
14583 0
14584 1
14585 0
14586 0
14587 0
14588 0
14589 3
14590 0
14591 3
14592 1
14593 1
14594 0
14595 3
14596 2
14597 4
14598 3
14599 2
14600 0
14601 1
14602 3
14603 2
14604 5
14605 1
14606 0
14607 2
14608 2
14609 5
14610 0
14611 1
14612 2
14613 0
14614 1
14615 0
14616 3
14617 0
14618 0
14619 4
14620 1
14621 1
14622 2
14623 2
14624 0
14625 1
14626 3
14627 2
14628 0
14629 1
14630 1
14631 3
14632 3
14633 0
14634 2
14635 3
14636 5
14637 4
14638 2
14639 3
14640 5
14641 2
14642 3
14643 3
14644 4
14645 1
14646 3
14647 3
14648 2
14649 1
14650 3
14651 5
14652 2
14653 3
14654 1
14655 3
14656 0
14657 1
14658 0
14659 1
14660 0
14661 4
14662 4
14663 0
14664 3
14665 2
14666 2
14667 3
14668 0
14669 4
14670 1
14671 0
14672 4
14673 2
14674 4
14675 4
14676 4
14677 4
14678 2
14679 2
14680 2
14681 3
14682 1
14683 3
14684 1
14685 1
14686 2
14687 0
14688 2
14689 0
14690 1
14691 3
14692 4
14693 2
14694 0
14695 1
14696 3
14697 1
14698 3
14699 0
14700 2
14701 0
14702 3
14703 2
14704 3
14705 4
14706 0
14707 3
14708 1
14709 5
14710 0
14711 1
14712 3
14713 4
14714 3
14715 4
14716 3
14717 0
14718 0
14719 0
14720 2
14721 3
14722 2
14723 2
14724 0
14725 1
14726 0
14727 4
14728 2
14729 6
14730 4
14731 4
14732 0
14733 0
14734 4
14735 2
14736 0
14737 4
14738 3
14739 2
14740 3
14741 0
14742 1
14743 3
14744 2
14745 3
14746 2
14747 1
14748 1
14749 3
14750 1
14751 2
14752 1
14753 5
14754 3
14755 4
14756 3
14757 0
14758 5
14759 2
14760 4
14761 2
14762 2
14763 0
14764 1
14765 3
14766 4
14767 0
14768 0
14769 1
14770 2
14771 1
14772 4
14773 2
14774 4
14775 1
14776 1
14777 1
14778 4
14779 3
14780 0
14781 3
14782 0
14783 2
14784 3
14785 1
14786 2
14787 1
14788 0
14789 3
14790 4
14791 1
14792 4
14793 3
14794 1
14795 3
14796 2
14797 2
14798 3
14799 2
14800 0
14801 3
14802 2
14803 2
14804 0
14805 3
14806 1
14807 4
14808 3
14809 0
14810 2
14811 0
14812 2
14813 3
14814 1
14815 4
14816 2
14817 2
14818 3
14819 1
14820 2
14821 2
14822 3
14823 3
14824 5
14825 2
14826 0
14827 4
14828 1
14829 3
14830 0
14831 2
14832 3
14833 2
14834 2
14835 4
14836 3
14837 3
14838 0
14839 4
14840 2
14841 3
14842 1
14843 3
14844 1
14845 5
14846 5
14847 4
14848 2
14849 2
14850 0
14851 3
14852 3
14853 1
14854 4
14855 1
14856 3
14857 0
14858 0
14859 0
14860 1
14861 3
14862 3
14863 2
14864 2
14865 3
14866 0
14867 5
14868 1
14869 2
14870 1
14871 3
14872 2
14873 0
14874 2
14875 0
14876 2
14877 5
14878 4
14879 0
14880 1
14881 0
14882 1
14883 4
14884 2
14885 0
14886 2
14887 2
14888 1
14889 2
14890 0
14891 5
14892 1
14893 0
14894 3
14895 3
14896 0
14897 0
14898 4
14899 1
14900 3
14901 2
14902 3
14903 1
14904 0
14905 0
14906 3
14907 4
14908 3
14909 0
14910 3
14911 4
14912 0
14913 0
14914 2
14915 0
14916 3
14917 3
14918 1
14919 1
14920 4
14921 3
14922 2
14923 1
14924 2
14925 2
14926 2
14927 2
14928 1
14929 2
14930 1
14931 3
14932 1
14933 0
14934 6
14935 0
14936 3
14937 2
14938 0
14939 1
14940 3
14941 0
14942 0
14943 2
14944 1
14945 1
14946 3
14947 0
14948 0
14949 2
14950 1
14951 2
14952 4
14953 3
14954 2
14955 2
14956 1
14957 2
14958 5
14959 2
14960 0
14961 1
14962 1
14963 4
14964 4
14965 0
14966 1
14967 2
14968 1
14969 0
14970 1
14971 0
14972 1
14973 0
14974 3
14975 3
14976 1
14977 4
14978 2
14979 0
14980 1
14981 4
14982 5
14983 2
14984 3
14985 4
14986 0
14987 3
14988 0
14989 4
14990 4
14991 5
14992 4
14993 0
14994 2
14995 2
14996 5
14997 1
14998 2
14999 1
15000 3
15001 3
15002 0
15003 3
15004 0
15005 0
15006 0
15007 0
15008 2
15009 3
15010 2
15011 3
15012 0
15013 1
15014 1
15015 0
15016 4
15017 2
15018 3
15019 0
15020 2
15021 4
15022 2
15023 0
15024 0
15025 3
15026 1
15027 4
15028 2
15029 3
15030 4
15031 2
15032 2
15033 0
15034 1
15035 3
15036 1
15037 3
15038 4
15039 1
15040 0
15041 2
15042 0
15043 0
15044 3
15045 2
15046 4
15047 2
15048 0
15049 1
15050 0
15051 1
15052 2
15053 3
15054 1
15055 0
15056 1
15057 2
15058 3
15059 2
15060 0
15061 0
15062 1
15063 0
15064 3
15065 4
15066 2
15067 0
15068 0
15069 3
15070 3
15071 2
15072 1
15073 4
15074 3
15075 4
15076 1
15077 3
15078 4
15079 0
15080 6
15081 0
15082 0
15083 2
15084 0
15085 1
15086 4
15087 1
15088 3
15089 2
15090 1
15091 0
15092 4
15093 3
15094 2
15095 0
15096 3
15097 3
15098 3
15099 3
15100 2
15101 0
15102 0
15103 3
15104 3
15105 1
15106 0
15107 2
15108 2
15109 4
15110 2
15111 4
15112 4
15113 1
15114 3
15115 0
15116 2
15117 1
15118 2
15119 3
15120 0
15121 1
15122 0
15123 3
15124 1
15125 3
15126 4
15127 0
15128 2
15129 0
15130 5
15131 1
15132 2
15133 3
15134 1
15135 0
15136 0
15137 1
15138 0
15139 1
15140 0
15141 1
15142 5
15143 2
15144 0
15145 3
15146 3
15147 0
15148 0
15149 2
15150 3
15151 4
15152 2
15153 5
15154 5
15155 0
15156 5
15157 2
15158 0
15159 4
15160 0
15161 2
15162 2
15163 2
15164 3
15165 2
15166 1
15167 5
15168 0
15169 0
15170 1
15171 3
15172 2
15173 0
15174 4
15175 0
15176 0
15177 4
15178 3
15179 3
15180 0
15181 5
15182 0
15183 2
15184 0
15185 0
15186 3
15187 2
15188 1
15189 1
15190 5
15191 5
15192 2
15193 3
15194 0
15195 0
15196 1
15197 4
15198 0
15199 1
15200 2
15201 1
15202 0
15203 2
15204 2
15205 3
15206 4
15207 1
15208 2
15209 0
15210 0
15211 5
15212 0
15213 2
15214 2
15215 1
15216 0
15217 1
15218 1
15219 2
15220 0
15221 3
15222 1
15223 1
15224 3
15225 3
15226 0
15227 4
15228 2
15229 0
15230 2
15231 3
15232 5
15233 4
15234 2
15235 2
15236 1
15237 0
15238 5
15239 0
15240 2
15241 4
15242 0
15243 2
15244 2
15245 0
15246 2
15247 4
15248 2
15249 0
15250 2
15251 1
15252 0
15253 4
15254 4
15255 2
15256 1
15257 0
15258 0
15259 3
15260 2
15261 2
15262 1
15263 3
15264 0
15265 4
15266 0
15267 3
15268 0
15269 5
15270 0
15271 1
15272 1
15273 4
15274 2
15275 2
15276 2
15277 3
15278 1
15279 2
15280 4
15281 0
15282 4
15283 2
15284 4
15285 2
15286 5
15287 3
15288 2
15289 0
15290 0
15291 3
15292 1
15293 2
15294 3
15295 1
15296 2
15297 4
15298 0
15299 2
15300 2
15301 2
15302 3
15303 1
15304 3
15305 3
15306 1
15307 3
15308 0
15309 2
15310 3
15311 2
15312 3
15313 3
15314 2
15315 5
15316 0
15317 1
15318 4
15319 2
15320 3
15321 2
15322 4
15323 2
15324 2
15325 1
15326 0
15327 1
15328 1
15329 0
15330 4
15331 1
15332 4
15333 3
15334 1
15335 2
15336 5
15337 1
15338 2
15339 5
15340 0
15341 0
15342 3
15343 1
15344 4
15345 5
15346 3
15347 5
15348 4
15349 0
15350 2
15351 0
15352 2
15353 4
15354 0
15355 2
15356 1
15357 0
15358 3
15359 4
15360 2
15361 4
15362 2
15363 2
15364 3
15365 1
15366 4
15367 1
15368 1
15369 0
15370 4
15371 1
15372 4
15373 1
15374 4
15375 2
15376 2
15377 3
15378 5
15379 1
15380 3
15381 2
15382 0
15383 3
15384 0
15385 0
15386 4
15387 1
15388 2
15389 2
15390 2
15391 3
15392 0
15393 5
15394 2
15395 4
15396 0
15397 3
15398 1
15399 5
15400 2
15401 2
15402 3
15403 2
15404 4
15405 4
15406 4
15407 2
15408 0
15409 3
15410 2
15411 3
15412 5
15413 3
15414 0
15415 3
15416 0
15417 4
15418 0
15419 2
15420 1
15421 2
15422 5
15423 5
15424 0
15425 1
15426 3
15427 1
15428 2
15429 3
15430 1
15431 2
15432 1
15433 0
15434 1
15435 4
15436 0
15437 1
15438 1
15439 3
15440 4
15441 5
15442 2
15443 5
15444 4
15445 0
15446 3
15447 3
15448 1
15449 1
15450 0
15451 2
15452 2
15453 1
15454 3
15455 0
15456 3
15457 0
15458 1
15459 0
15460 1
15461 1
15462 2
15463 0
15464 2
15465 2
15466 1
15467 5
15468 1
15469 2
15470 3
15471 2
15472 0
15473 3
15474 2
15475 5
15476 3
15477 4
15478 4
15479 3
15480 0
15481 5
15482 0
15483 3
15484 2
15485 0
15486 2
15487 4
15488 1
15489 4
15490 5
15491 0
15492 1
15493 2
15494 1
15495 1
15496 0
15497 0
15498 1
15499 1
15500 3
15501 0
15502 3
15503 1
15504 0
15505 0
15506 0
15507 0
15508 0
15509 1
15510 5
15511 3
15512 4
15513 0
15514 5
15515 0
15516 1
15517 2
15518 2
15519 2
15520 0
15521 5
15522 2
15523 0
15524 3
15525 2
15526 1
15527 0
15528 2
15529 3
15530 0
15531 0
15532 1
15533 2
15534 1
15535 1
15536 0
15537 1
15538 3
15539 0
15540 1
15541 0
15542 4
15543 1
15544 4
15545 1
15546 2
15547 5
15548 2
15549 5
15550 0
15551 1
15552 3
15553 1
15554 0
15555 5
15556 3
15557 2
15558 0
15559 2
15560 4
15561 1
15562 1
15563 3
15564 1
15565 0
15566 5
15567 4
15568 2
15569 0
15570 3
15571 5
15572 0
15573 1
15574 0
15575 2
15576 3
15577 2
15578 0
15579 2
15580 1
15581 0
15582 3
15583 3
15584 4
15585 0
15586 3
15587 1
15588 3
15589 0
15590 4
15591 1
15592 1
15593 3
15594 0
15595 3
15596 4
15597 0
15598 3
15599 2
15600 3
15601 5
15602 2
15603 1
15604 0
15605 1
15606 3
15607 0
15608 1
15609 1
15610 3
15611 5
15612 5
15613 1
15614 2
15615 1
15616 0
15617 1
15618 2
15619 2
15620 1
15621 0
15622 0
15623 3
15624 2
15625 1
15626 0
15627 2
15628 4
15629 0
15630 3
15631 2
15632 4
15633 0
15634 2
15635 2
15636 0
15637 5
15638 0
15639 3
15640 1
15641 1
15642 4
15643 3
15644 5
15645 0
15646 4
15647 3
15648 4
15649 0
15650 5
15651 0
15652 2
15653 0
15654 2
15655 2
15656 0
15657 1
15658 2
15659 0
15660 2
15661 1
15662 1
15663 1
15664 2
15665 2
15666 0
15667 0
15668 4
15669 2
15670 2
15671 1
15672 5
15673 4
15674 4
15675 2
15676 4
15677 4
15678 2
15679 2
15680 1
15681 1
15682 1
15683 4
15684 0
15685 2
15686 3
15687 1
15688 2
15689 0
15690 1
15691 1
15692 0
15693 1
15694 4
15695 4
15696 2
15697 1
15698 5
15699 4
15700 4
15701 1
15702 1
15703 3
15704 1
15705 2
15706 0
15707 2
15708 1
15709 2
15710 0
15711 2
15712 1
15713 3
15714 0
15715 3
15716 0
15717 1
15718 3
15719 2
15720 2
15721 1
15722 1
15723 1
15724 3
15725 1
15726 1
15727 0
15728 2
15729 3
15730 4
15731 3
15732 2
15733 3
15734 1
15735 0
15736 5
15737 5
15738 1
15739 1
15740 3
15741 2
15742 4
15743 3
15744 2
15745 0
15746 4
15747 3
15748 2
15749 3
15750 5
15751 2
15752 3
15753 1
15754 0
15755 2
15756 0
15757 4
15758 2
15759 4
15760 4
15761 1
15762 1
15763 4
15764 3
15765 0
15766 5
15767 0
15768 1
15769 0
15770 0
15771 2
15772 2
15773 2
15774 3
15775 3
15776 1
15777 0
15778 0
15779 0
15780 2
15781 2
15782 1
15783 3
15784 0
15785 3
15786 2
15787 1
15788 0
15789 2
15790 3
15791 2
15792 3
15793 1
15794 3
15795 3
15796 3
15797 0
15798 3
15799 0
15800 4
15801 2
15802 2
15803 1
15804 0
15805 5
15806 5
15807 0
15808 0
15809 4
15810 1
15811 3
15812 0
15813 4
15814 5
15815 1
15816 0
15817 0
15818 0
15819 3
15820 1
15821 1
15822 1
15823 1
15824 2
15825 2
15826 4
15827 1
15828 2
15829 1
15830 2
15831 1
15832 3
15833 0
15834 3
15835 2
15836 4
15837 0
15838 2
15839 4
15840 3
15841 3
15842 2
15843 0
15844 1
15845 3
15846 2
15847 2
15848 1
15849 1
15850 0
15851 3
15852 0
15853 2
15854 1
15855 1
15856 4
15857 6
15858 2
15859 2
15860 4
15861 1
15862 2
15863 1
15864 3
15865 1
15866 4
15867 2
15868 1
15869 2
15870 2
15871 0
15872 2
15873 2
15874 1
15875 3
15876 4
15877 2
15878 1
15879 0
15880 1
15881 2
15882 0
15883 4
15884 3
15885 1
15886 0
15887 4
15888 1
15889 4
15890 3
15891 4
15892 3
15893 3
15894 4
15895 4
15896 4
15897 1
15898 3
15899 3
15900 1
15901 0
15902 5
15903 0
15904 1
15905 3
15906 2
15907 1
15908 3
15909 0
15910 1
15911 3
15912 4
15913 0
15914 6
15915 1
15916 3
15917 0
15918 1
15919 2
15920 5
15921 5
15922 3
15923 1
15924 0
15925 0
15926 3
15927 4
15928 0
15929 3
15930 2
15931 2
15932 1
15933 1
15934 3
15935 3
15936 4
15937 0
15938 4
15939 3
15940 2
15941 0
15942 3
15943 4
15944 1
15945 0
15946 0
15947 2
15948 2
15949 1
15950 4
15951 1
15952 3
15953 4
15954 4
15955 0
15956 5
15957 3
15958 1
15959 2
15960 0
15961 3
15962 0
15963 1
15964 5
15965 0
15966 0
15967 4
15968 2
15969 3
15970 0
15971 1
15972 0
15973 1
15974 3
15975 0
15976 0
15977 1
15978 0
15979 4
15980 2
15981 2
15982 3
15983 3
15984 4
15985 4
15986 2
15987 0
15988 0
15989 1
15990 1
15991 1
15992 1
15993 0
15994 2
15995 1
15996 0
15997 2
15998 4
15999 5
16000 1
16001 4
16002 0
16003 3
16004 0
16005 3
16006 4
16007 1
16008 6
16009 1
16010 3
16011 3
16012 0
16013 5
16014 3
16015 1
16016 2
16017 0
16018 4
16019 4
16020 3
16021 0
16022 3
16023 1
16024 2
16025 1
16026 0
16027 1
16028 4
16029 3
16030 0
16031 2
16032 0
16033 2
16034 5
16035 0
16036 3
16037 1
16038 3
16039 2
16040 3
16041 4
16042 2
16043 3
16044 3
16045 2
16046 1
16047 2
16048 2
16049 3
16050 0
16051 1
16052 1
16053 3
16054 3
16055 2
16056 1
16057 3
16058 1
16059 2
16060 1
16061 1
16062 3
16063 0
16064 2
16065 1
16066 3
16067 1
16068 2
16069 2
16070 1
16071 3
16072 1
16073 0
16074 3
16075 0
16076 2
16077 2
16078 3
16079 1
16080 5
16081 3
16082 2
16083 0
16084 0
16085 0
16086 2
16087 4
16088 3
16089 4
16090 2
16091 2
16092 3
16093 3
16094 2
16095 2
16096 3
16097 4
16098 1
16099 1
16100 3
16101 1
16102 5
16103 3
16104 0
16105 4
16106 0
16107 1
16108 3
16109 1
16110 1
16111 1
16112 4
16113 2
16114 3
16115 5
16116 1
16117 0
16118 0
16119 5
16120 5
16121 3
16122 0
16123 0
16124 1
16125 3
16126 4
16127 0
16128 3
16129 0
16130 3
16131 1
16132 5
16133 0
16134 1
16135 0
16136 1
16137 4
16138 0
16139 3
16140 0
16141 1
16142 0
16143 4
16144 2
16145 0
16146 1
16147 2
16148 1
16149 2
16150 3
16151 0
16152 1
16153 0
16154 0
16155 3
16156 2
16157 3
16158 2
16159 1
16160 4
16161 3
16162 1
16163 0
16164 0
16165 1
16166 3
16167 4
16168 0
16169 1
16170 4
16171 0
16172 4
16173 3
16174 1
16175 1
16176 3
16177 3
16178 5
16179 4
16180 1
16181 2
16182 2
16183 3
16184 1
16185 2
16186 0
16187 4
16188 2
16189 0
16190 3
16191 0
16192 1
16193 0
16194 3
16195 3
16196 3
16197 3
16198 0
16199 2
16200 1
16201 1
16202 0
16203 3
16204 3
16205 0
16206 1
16207 3
16208 2
16209 0
16210 0
16211 1
16212 4
16213 6
16214 0
16215 2
16216 0
16217 1
16218 2
16219 1
16220 4
16221 2
16222 0
16223 0
16224 2
16225 1
16226 0
16227 0
16228 3
16229 2
16230 1
16231 0
16232 1
16233 2
16234 3
16235 0
16236 5
16237 0
16238 0
16239 0
16240 2
16241 2
16242 1
16243 3
16244 4
16245 0
16246 1
16247 1
16248 0
16249 4
16250 2
16251 0
16252 1
16253 0
16254 4
16255 1
16256 0
16257 2
16258 1
16259 2
16260 3
16261 1
16262 2
16263 1
16264 3
16265 2
16266 2
16267 1
16268 5
16269 0
16270 2
16271 1
16272 1
16273 1
16274 4
16275 2
16276 4
16277 2
16278 1
16279 2
16280 1
16281 1
16282 0
16283 3
16284 0
16285 4
16286 2
16287 0
16288 1
16289 5
16290 5
16291 2
16292 4
16293 3
16294 0
16295 2
16296 0
16297 1
16298 1
16299 4
16300 2
16301 0
16302 0
16303 3
16304 3
16305 0
16306 4
16307 3
16308 1
16309 2
16310 0
16311 1
16312 1
16313 0
16314 1
16315 4
16316 0
16317 3
16318 1
16319 1
16320 0
16321 3
16322 4
16323 0
16324 2
16325 4
16326 1
16327 1
16328 2
16329 2
16330 0
16331 4
16332 2
16333 1
16334 4
16335 0
16336 3
16337 2
16338 3
16339 0
16340 5
16341 2
16342 3
16343 3
16344 1
16345 4
16346 1
16347 2
16348 4
16349 3
16350 3
16351 2
16352 2
16353 2
16354 3
16355 3
16356 2
16357 3
16358 2
16359 2
16360 0
16361 2
16362 1
16363 4
16364 2
16365 4
16366 2
16367 1
16368 1
16369 3
16370 2
16371 3
16372 1
16373 5
16374 1
16375 2
16376 2
16377 2
16378 0
16379 0
16380 1
16381 2
16382 2
16383 0
16384 1
16385 4
16386 1
16387 4
16388 4
16389 0
16390 2
16391 1
16392 4
16393 1
16394 2
16395 3
16396 1
16397 2
16398 2
16399 3
16400 2
16401 3
16402 0
16403 1
16404 3
16405 3
16406 0
16407 0
16408 0
16409 2
16410 3
16411 0
16412 3
16413 4
16414 1
16415 0
16416 1
16417 2
16418 4
16419 0
16420 0
16421 4
16422 1
16423 3
16424 1
16425 2
16426 2
16427 2
16428 2
16429 2
16430 1
16431 0
16432 3
16433 2
16434 4
16435 3
16436 1
16437 0
16438 3
16439 5
16440 4
16441 1
16442 2
16443 1
16444 1
16445 4
16446 3
16447 1
16448 0
16449 0
16450 2
16451 0
16452 4
16453 5
16454 1
16455 2
16456 0
16457 2
16458 5
16459 4
16460 0
16461 3
16462 2
16463 2
16464 3
16465 2
16466 4
16467 0
16468 3
16469 2
16470 0
16471 3
16472 2
16473 2
16474 2
16475 4
16476 0
16477 0
16478 2
16479 5
16480 3
16481 1
16482 2
16483 0
16484 0
16485 4
16486 0
16487 0
16488 1
16489 3
16490 4
16491 0
16492 1
16493 1
16494 4
16495 3
16496 2
16497 2
16498 4
16499 0
16500 1
16501 2
16502 0
16503 1
16504 3
16505 2
16506 1
16507 2
16508 0
16509 0
16510 0
16511 1
16512 2
16513 5
16514 1
16515 5
16516 2
16517 2
16518 4
16519 0
16520 0
16521 0
16522 4
16523 0
16524 2
16525 0
16526 3
16527 0
16528 1
16529 4
16530 0
16531 4
16532 2
16533 1
16534 4
16535 4
16536 1
16537 0
16538 1
16539 2
16540 0
16541 1
16542 2
16543 0
16544 0
16545 1
16546 0
16547 2
16548 2
16549 2
16550 5
16551 0
16552 0
16553 4
16554 3
16555 1
16556 1
16557 3
16558 2
16559 3
16560 4
16561 2
16562 2
16563 1
16564 2
16565 2
16566 1
16567 1
16568 4
16569 4
16570 1
16571 5
16572 3
16573 0
16574 2
16575 1
16576 0
16577 1
16578 4
16579 0
16580 5
16581 0
16582 3
16583 1
16584 0
16585 4
16586 5
16587 1
16588 3
16589 0
16590 1
16591 4
16592 0
16593 0
16594 1
16595 0
16596 4
16597 0
16598 3
16599 2
16600 0
16601 2
16602 0
16603 2
16604 3
16605 0
16606 1
16607 1
16608 3
16609 1
16610 1
16611 1
16612 2
16613 2
16614 2
16615 1
16616 0
16617 4
16618 1
16619 3
16620 3
16621 2
16622 3
16623 4
16624 4
16625 1
16626 0
16627 1
16628 2
16629 0
16630 3
16631 3
16632 1
16633 4
16634 1
16635 3
16636 1
16637 4
16638 3
16639 4
16640 4
16641 0
16642 2
16643 0
16644 2
16645 1
16646 1
16647 2
16648 1
16649 0
16650 0
16651 0
16652 4
16653 0
16654 1
16655 2
16656 4
16657 3
16658 5
16659 5
16660 2
16661 2
16662 5
16663 3
16664 1
16665 2
16666 0
16667 3
16668 1
16669 3
16670 2
16671 5
16672 1
16673 3
16674 2
16675 0
16676 4
16677 0
16678 2
16679 2
16680 3
16681 2
16682 3
16683 1
16684 1
16685 2
16686 0
16687 2
16688 1
16689 4
16690 3
16691 1
16692 3
16693 4
16694 3
16695 3
16696 2
16697 0
16698 1
16699 0
16700 3
16701 4
16702 3
16703 2
16704 2
16705 2
16706 0
16707 3
16708 0
16709 1
16710 3
16711 2
16712 3
16713 2
16714 1
16715 3
16716 1
16717 5
16718 0
16719 3
16720 0
16721 0
16722 3
16723 5
16724 1
16725 1
16726 0
16727 2
16728 0
16729 0
16730 0
16731 2
16732 5
16733 0
16734 2
16735 4
16736 5
16737 2
16738 2
16739 0
16740 2
16741 1
16742 2
16743 2
16744 2
16745 2
16746 3
16747 2
16748 3
16749 3
16750 4
16751 3
16752 1
16753 4
16754 2
16755 0
16756 1
16757 2
16758 1
16759 3
16760 2
16761 3
16762 2
16763 3
16764 5
16765 1
16766 0
16767 1
16768 3
16769 1
16770 1
16771 4
16772 3
16773 1
16774 2
16775 1
16776 0
16777 4
16778 1
16779 0
16780 2
16781 4
16782 2
16783 1
16784 1
16785 0
16786 2
16787 1
16788 4
16789 1
16790 3
16791 0
16792 2
16793 5
16794 1
16795 3
16796 2
16797 1
16798 2
16799 0
16800 0
16801 0
16802 4
16803 0
16804 2
16805 0
16806 2
16807 4
16808 1
16809 2
16810 0
16811 2
16812 0
16813 2
16814 2
16815 2
16816 0
16817 1
16818 3
16819 4
16820 1
16821 2
16822 0
16823 4
16824 3
16825 3
16826 0
16827 3
16828 0
16829 1
16830 2
16831 1
16832 3
16833 1
16834 3
16835 1
16836 4
16837 0
16838 2
16839 0
16840 2
16841 2
16842 4
16843 4
16844 3
16845 3
16846 2
16847 2
16848 0
16849 0
16850 2
16851 2
16852 5
16853 2
16854 4
16855 1
16856 1
16857 0
16858 5
16859 2
16860 2
16861 2
16862 1
16863 4
16864 2
16865 2
16866 1
16867 1
16868 3
16869 0
16870 3
16871 3
16872 3
16873 2
16874 2
16875 1
16876 0
16877 0
16878 1
16879 3
16880 0
16881 1
16882 0
16883 4
16884 2
16885 3
16886 2
16887 5
16888 2
16889 3
16890 0
16891 1
16892 3
16893 1
16894 0
16895 1
16896 0
16897 4
16898 0
16899 1
16900 3
16901 3
16902 3
16903 2
16904 0
16905 4
16906 2
16907 4
16908 5
16909 2
16910 0
16911 4
16912 1
16913 5
16914 2
16915 0
16916 5
16917 1
16918 3
16919 2
16920 4
16921 2
16922 5
16923 4
16924 3
16925 4
16926 1
16927 3
16928 3
16929 4
16930 1
16931 3
16932 2
16933 0
16934 2
16935 0
16936 5
16937 0
16938 1
16939 2
16940 1
16941 3
16942 0
16943 3
16944 3
16945 3
16946 3
16947 4
16948 3
16949 1
16950 2
16951 0
16952 0
16953 3
16954 1
16955 1
16956 5
16957 5
16958 2
16959 4
16960 1
16961 0
16962 4
16963 4
16964 1
16965 1
16966 1
16967 3
16968 1
16969 3
16970 3
16971 0
16972 0
16973 4
16974 1
16975 1
16976 2
16977 5
16978 3
16979 1
16980 3
16981 4
16982 1
16983 1
16984 5
16985 1
16986 1
16987 3
16988 2
16989 2
16990 4
16991 1
16992 2
16993 1
16994 3
16995 3
16996 0
16997 1
16998 4
16999 0
17000 0
17001 0
17002 0
17003 1
17004 0
17005 4
17006 2
17007 1
17008 0
17009 1
17010 2
17011 2
17012 3
17013 2
17014 6
17015 3
17016 5
17017 2
17018 1
17019 0
17020 0
17021 3
17022 3
17023 0
17024 0
17025 0
17026 5
17027 1
17028 1
17029 2
17030 0
17031 2
17032 0
17033 3
17034 4
17035 0
17036 0
17037 1
17038 3
17039 1
17040 0
17041 1
17042 0
17043 0
17044 1
17045 5
17046 0
17047 2
17048 3
17049 2
17050 2
17051 2
17052 3
17053 0
17054 1
17055 1
17056 3
17057 5
17058 5
17059 1
17060 2
17061 0
17062 1
17063 1
17064 1
17065 1
17066 5
17067 2
17068 3
17069 2
17070 0
17071 3
17072 2
17073 3
17074 0
17075 4
17076 4
17077 3
17078 1
17079 2
17080 4
17081 2
17082 1
17083 3
17084 2
17085 2
17086 2
17087 2
17088 1
17089 0
17090 2
17091 2
17092 1
17093 1
17094 1
17095 2
17096 4
17097 1
17098 1
17099 0
17100 4
17101 4
17102 2
17103 2
17104 1
17105 5
17106 3
17107 5
17108 1
17109 4
17110 2
17111 4
17112 3
17113 4
17114 2
17115 1
17116 1
17117 3
17118 2
17119 2
17120 1
17121 4
17122 1
17123 1
17124 2
17125 0
17126 2
17127 3
17128 0
17129 2
17130 0
17131 1
17132 2
17133 1
17134 5
17135 0
17136 2
17137 2
17138 0
17139 2
17140 0
17141 0
17142 0
17143 1
17144 2
17145 3
17146 3
17147 0
17148 5
17149 3
17150 4
17151 1
17152 0
17153 0
17154 5
17155 3
17156 5
17157 3
17158 1
17159 3
17160 4
17161 3
17162 2
17163 4
17164 2
17165 3
17166 2
17167 0
17168 0
17169 3
17170 2
17171 1
17172 3
17173 6
17174 0
17175 4
17176 4
17177 4
17178 1
17179 1
17180 4
17181 4
17182 3
17183 3
17184 2
17185 3
17186 2
17187 4
17188 1
17189 2
17190 3
17191 1
17192 2
17193 4
17194 0
17195 3
17196 4
17197 0
17198 0
17199 1
17200 0
17201 2
17202 0
17203 1
17204 1
17205 1
17206 2
17207 5
17208 1
17209 0
17210 2
17211 1
17212 2
17213 4
17214 0
17215 1
17216 3
17217 4
17218 2
17219 2
17220 2
17221 0
17222 4
17223 1
17224 2
17225 0
17226 4
17227 3
17228 0
17229 2
17230 3
17231 1
17232 3
17233 0
17234 2
17235 1
17236 1
17237 3
17238 0
17239 3
17240 1
17241 1
17242 0
17243 2
17244 3
17245 0
17246 1
17247 5
17248 0
17249 2
17250 2
17251 2
17252 2
17253 0
17254 1
17255 0
17256 1
17257 3
17258 2
17259 2
17260 2
17261 1
17262 2
17263 4
17264 0
17265 4
17266 3
17267 2
17268 1
17269 3
17270 1
17271 3
17272 1
17273 2
17274 2
17275 3
17276 0
17277 2
17278 4
17279 1
17280 1
17281 2
17282 5
17283 0
17284 4
17285 4
17286 0
17287 5
17288 2
17289 2
17290 3
17291 4
17292 2
17293 1
17294 1
17295 1
17296 3
17297 2
17298 4
17299 4
17300 3
17301 1
17302 1
17303 1
17304 1
17305 0
17306 0
17307 2
17308 2
17309 1
17310 3
17311 1
17312 2
17313 2
17314 2
17315 4
17316 1
17317 3
17318 2
17319 2
17320 2
17321 1
17322 3
17323 0
17324 4
17325 1
17326 2
17327 4
17328 1
17329 1
17330 0
17331 0
17332 1
17333 0
17334 2
17335 1
17336 2
17337 2
17338 2
17339 1
17340 3
17341 5
17342 0
17343 0
17344 4
17345 1
17346 1
17347 3
17348 1
17349 0
17350 2
17351 2
17352 0
17353 3
17354 1
17355 0
17356 1
17357 0
17358 4
17359 4
17360 0
17361 2
17362 4
17363 3
17364 2
17365 1
17366 3
17367 5
17368 2
17369 3
17370 0
17371 1
17372 4
17373 1
17374 3
17375 1
17376 2
17377 4
17378 2
17379 2
17380 2
17381 3
17382 3
17383 3
17384 2
17385 0
17386 1
17387 3
17388 0
17389 3
17390 1
17391 4
17392 2
17393 2
17394 2
17395 1
17396 2
17397 5
17398 1
17399 2
17400 4
17401 0
17402 2
17403 2
17404 4
17405 1
17406 4
17407 1
17408 2
17409 1
17410 5
17411 4
17412 3
17413 1
17414 2
17415 1
17416 2
17417 2
17418 3
17419 5
17420 0
17421 5
17422 2
17423 1
17424 2
17425 0
17426 1
17427 1
17428 4
17429 2
17430 2
17431 1
17432 1
17433 0
17434 0
17435 0
17436 0
17437 3
17438 2
17439 3
17440 3
17441 1
17442 2
17443 0
17444 2
17445 0
17446 3
17447 5
17448 3
17449 1
17450 3
17451 4
17452 4
17453 1
17454 5
17455 4
17456 2
17457 1
17458 0
17459 1
17460 2
17461 1
17462 2
17463 1
17464 0
17465 3
17466 1
17467 2
17468 1
17469 4
17470 2
17471 3
17472 1
17473 1
17474 0
17475 2
17476 5
17477 5
17478 1
17479 1
17480 2
17481 1
17482 3
17483 1
17484 1
17485 4
17486 1
17487 2
17488 1
17489 2
17490 3
17491 1
17492 4
17493 1
17494 5
17495 0
17496 2
17497 2
17498 0
17499 0
17500 1
17501 3
17502 3
17503 2
17504 1
17505 4
17506 5
17507 1
17508 4
17509 4
17510 3
17511 2
17512 5
17513 1
17514 5
17515 2
17516 4
17517 1
17518 0
17519 0
17520 3
17521 0
17522 4
17523 4
17524 4
17525 2
17526 2
17527 0
17528 4
17529 3
17530 3
17531 4
17532 4
17533 3
17534 5
17535 2
17536 2
17537 2
17538 0
17539 4
17540 4
17541 4
17542 2
17543 0
17544 0
17545 0
17546 1
17547 0
17548 4
17549 4
17550 3
17551 4
17552 1
17553 3
17554 2
17555 0
17556 2
17557 2
17558 2
17559 1
17560 3
17561 4
17562 0
17563 0
17564 4
17565 2
17566 3
17567 2
17568 4
17569 3
17570 4
17571 3
17572 2
17573 1
17574 0
17575 2
17576 2
17577 2
17578 4
17579 0
17580 2
17581 2
17582 1
17583 0
17584 2
17585 2
17586 1
17587 4
17588 3
17589 0
17590 2
17591 2
17592 3
17593 0
17594 0
17595 2
17596 4
17597 0
17598 3
17599 3
17600 1
17601 0
17602 2
17603 0
17604 1
17605 0
17606 3
17607 3
17608 4
17609 0
17610 2
17611 1
17612 4
17613 3
17614 1
17615 2
17616 0
17617 1
17618 2
17619 1
17620 2
17621 1
17622 4
17623 0
17624 4
17625 0
17626 3
17627 0
17628 1
17629 4
17630 3
17631 0
17632 0
17633 2
17634 1
17635 3
17636 1
17637 0
17638 3
17639 0
17640 0
17641 4
17642 3
17643 1
17644 2
17645 2
17646 1
17647 5
17648 2
17649 1
17650 4
17651 0
17652 2
17653 1
17654 0
17655 0
17656 2
17657 3
17658 0
17659 3
17660 1
17661 0
17662 3
17663 1
17664 0
17665 0
17666 0
17667 1
17668 1
17669 0
17670 3
17671 5
17672 4
17673 5
17674 4
17675 0
17676 1
17677 3
17678 1
17679 3
17680 1
17681 1
17682 1
17683 0
17684 5
17685 2
17686 2
17687 1
17688 4
17689 1
17690 1
17691 5
17692 2
17693 2
17694 2
17695 0
17696 4
17697 3
17698 4
17699 0
17700 3
17701 3
17702 0
17703 3
17704 0
17705 0
17706 2
17707 3
17708 1
17709 2
17710 2
17711 2
17712 2
17713 3
17714 3
17715 3
17716 4
17717 3
17718 3
17719 0
17720 3
17721 2
17722 3
17723 2
17724 5
17725 1
17726 5
17727 0
17728 0
17729 5
17730 3
17731 1
17732 4
17733 4
17734 1
17735 0
17736 0
17737 2
17738 2
17739 4
17740 0
17741 3
17742 4
17743 2
17744 1
17745 2
17746 1
17747 2
17748 1
17749 2
17750 0
17751 0
17752 2
17753 0
17754 3
17755 1
17756 1
17757 2
17758 1
17759 2
17760 4
17761 4
17762 1
17763 1
17764 0
17765 3
17766 3
17767 3
17768 0
17769 3
17770 4
17771 2
17772 0
17773 1
17774 3
17775 0
17776 3
17777 2
17778 0
17779 3
17780 0
17781 4
17782 2
17783 4
17784 0
17785 0
17786 1
17787 3
17788 1
17789 3
17790 3
17791 4
17792 3
17793 2
17794 4
17795 1
17796 1
17797 3
17798 3
17799 1
17800 1
17801 1
17802 0
17803 2
17804 1
17805 3
17806 1
17807 5
17808 2
17809 3
17810 0
17811 0
17812 0
17813 0
17814 5
17815 2
17816 5
17817 2
17818 1
17819 2
17820 3
17821 1
17822 4
17823 1
17824 2
17825 3
17826 4
17827 4
17828 2
17829 1
17830 3
17831 3
17832 3
17833 3
17834 2
17835 1
17836 1
17837 0
17838 0
17839 0
17840 3
17841 0
17842 1
17843 2
17844 0
17845 4
17846 2
17847 2
17848 2
17849 1
17850 0
17851 1
17852 1
17853 4
17854 2
17855 2
17856 1
17857 0
17858 0
17859 0
17860 2
17861 2
17862 3
17863 1
17864 2
17865 0
17866 3
17867 0
17868 0
17869 3
17870 1
17871 1
17872 1
17873 4
17874 1
17875 5
17876 3
17877 0
17878 2
17879 0
17880 0
17881 4
17882 0
17883 4
17884 1
17885 2
17886 1
17887 3
17888 5
17889 1
17890 1
17891 1
17892 1
17893 2
17894 1
17895 1
17896 1
17897 1
17898 3
17899 3
17900 6
17901 4
17902 2
17903 3
17904 0
17905 1
17906 1
17907 0
17908 3
17909 4
17910 3
17911 1
17912 2
17913 4
17914 0
17915 0
17916 0
17917 3
17918 3
17919 0
17920 1
17921 1
17922 2
17923 3
17924 2
17925 1
17926 2
17927 3
17928 0
17929 0
17930 0
17931 0
17932 2
17933 3
17934 1
17935 2
17936 0
17937 4
17938 4
17939 4
17940 1
17941 0
17942 0
17943 1
17944 2
17945 4
17946 2
17947 5
17948 0
17949 0
17950 2
17951 1
17952 2
17953 1
17954 3
17955 1
17956 1
17957 0
17958 1
17959 1
17960 2
17961 2
17962 1
17963 1
17964 4
17965 4
17966 6
17967 3
17968 4
17969 2
17970 4
17971 4
17972 1
17973 0
17974 1
17975 1
17976 3
17977 1
17978 0
17979 1
17980 3
17981 4
17982 0
17983 2
17984 1
17985 2
17986 2
17987 1
17988 2
17989 1
17990 1
17991 1
17992 1
17993 2
17994 0
17995 5
17996 1
17997 2
17998 3
17999 1
18000 0
18001 0
18002 0
18003 2
18004 2
18005 2
18006 4
18007 0
18008 2
18009 1
18010 5
18011 0
18012 0
18013 1
18014 1
18015 5
18016 5
18017 0
18018 2
18019 4
18020 1
18021 0
18022 4
18023 5
18024 1
18025 4
18026 2
18027 4
18028 1
18029 4
18030 1
18031 1
18032 0
18033 0
18034 5
18035 3
18036 2
18037 3
18038 0
18039 3
18040 4
18041 0
18042 5
18043 3
18044 3
18045 2
18046 2
18047 0
18048 4
18049 1
18050 3
18051 1
18052 2
18053 2
18054 1
18055 0
18056 0
18057 4
18058 2
18059 2
18060 0
18061 2
18062 3
18063 0
18064 0
18065 5
18066 2
18067 4
18068 2
18069 2
18070 4
18071 5
18072 3
18073 1
18074 2
18075 1
18076 4
18077 2
18078 2
18079 2
18080 1
18081 0
18082 3
18083 0
18084 2
18085 3
18086 0
18087 5
18088 0
18089 2
18090 3
18091 0
18092 2
18093 4
18094 1
18095 0
18096 0
18097 5
18098 0
18099 2
18100 3
18101 1
18102 1
18103 4
18104 4
18105 2
18106 4
18107 1
18108 0
18109 0
18110 4
18111 3
18112 5
18113 5
18114 2
18115 3
18116 0
18117 1
18118 1
18119 4
18120 0
18121 3
18122 1
18123 4
18124 1
18125 4
18126 2
18127 3
18128 4
18129 0
18130 3
18131 4
18132 1
18133 3
18134 4
18135 1
18136 2
18137 2
18138 0
18139 2
18140 2
18141 3
18142 2
18143 2
18144 2
18145 0
18146 2
18147 2
18148 2
18149 4
18150 2
18151 4
18152 2
18153 0
18154 1
18155 1
18156 0
18157 4
18158 3
18159 1
18160 0
18161 0
18162 0
18163 1
18164 1
18165 2
18166 2
18167 0
18168 3
18169 2
18170 1
18171 0
18172 1
18173 2
18174 2
18175 4
18176 3
18177 2
18178 4
18179 2
18180 3
18181 0
18182 1
18183 2
18184 2
18185 1
18186 1
18187 0
18188 3
18189 1
18190 3
18191 4
18192 3
18193 2
18194 2
18195 0
18196 0
18197 0
18198 4
18199 3
18200 2
18201 2
18202 4
18203 1
18204 3
18205 2
18206 0
18207 4
18208 0
18209 1
18210 2
18211 0
18212 2
18213 3
18214 2
18215 4
18216 4
18217 0
18218 2
18219 1
18220 0
18221 0
18222 1
18223 4
18224 0
18225 0
18226 2
18227 4
18228 4
18229 1
18230 1
18231 1
18232 3
18233 3
18234 4
18235 1
18236 0
18237 1
18238 1
18239 2
18240 0
18241 0
18242 0
18243 3
18244 4
18245 4
18246 3
18247 2
18248 4
18249 2
18250 4
18251 2
18252 0
18253 2
18254 4
18255 4
18256 5
18257 4
18258 0
18259 0
18260 0
18261 2
18262 4
18263 1
18264 5
18265 1
18266 2
18267 1
18268 1
18269 1
18270 0
18271 1
18272 3
18273 5
18274 3
18275 1
18276 3
18277 3
18278 3
18279 1
18280 3
18281 1
18282 2
18283 1
18284 2
18285 0
18286 5
18287 1
18288 2
18289 1
18290 3
18291 2
18292 3
18293 1
18294 0
18295 0
18296 3
18297 2
18298 0
18299 0
18300 4
18301 4
18302 4
18303 0
18304 4
18305 3
18306 3
18307 2
18308 0
18309 2
18310 1
18311 1
18312 3
18313 0
18314 2
18315 0
18316 1
18317 1
18318 1
18319 4
18320 3
18321 0
18322 1
18323 0
18324 4
18325 3
18326 5
18327 3
18328 4
18329 4
18330 3
18331 3
18332 5
18333 0
18334 3
18335 1
18336 3
18337 5
18338 1
18339 2
18340 3
18341 5
18342 2
18343 3
18344 1
18345 2
18346 2
18347 2
18348 3
18349 4
18350 1
18351 2
18352 2
18353 2
18354 2
18355 0
18356 4
18357 4
18358 3
18359 0
18360 0
18361 3
18362 2
18363 0
18364 1
18365 0
18366 0
18367 2
18368 3
18369 5
18370 4
18371 0
18372 5
18373 1
18374 0
18375 2
18376 1
18377 3
18378 5
18379 3
18380 2
18381 3
18382 3
18383 3
18384 4
18385 4
18386 1
18387 3
18388 1
18389 2
18390 3
18391 0
18392 4
18393 3
18394 3
18395 2
18396 4
18397 3
18398 0
18399 1
18400 0
18401 0
18402 2
18403 0
18404 3
18405 2
18406 1
18407 1
18408 3
18409 0
18410 1
18411 4
18412 1
18413 4
18414 4
18415 0
18416 5
18417 0
18418 3
18419 0
18420 1
18421 2
18422 1
18423 1
18424 4
18425 1
18426 1
18427 0
18428 2
18429 1
18430 0
18431 2
18432 2
18433 1
18434 1
18435 3
18436 3
18437 3
18438 4
18439 2
18440 0
18441 0
18442 3
18443 1
18444 1
18445 0
18446 2
18447 3
18448 5
18449 5
18450 0
18451 4
18452 4
18453 1
18454 1
18455 2
18456 2
18457 2
18458 2
18459 2
18460 3
18461 0
18462 1
18463 0
18464 0
18465 4
18466 2
18467 3
18468 2
18469 3
18470 2
18471 0
18472 1
18473 5
18474 3
18475 3
18476 0
18477 3
18478 4
18479 3
18480 4
18481 3
18482 3
18483 3
18484 0
18485 0
18486 3
18487 1
18488 3
18489 2
18490 1
18491 1
18492 3
18493 2
18494 0
18495 4
18496 3
18497 2
18498 2
18499 0
18500 0
18501 1
18502 0
18503 0
18504 1
18505 0
18506 2
18507 3
18508 1
18509 1
18510 1
18511 0
18512 0
18513 2
18514 4
18515 1
18516 1
18517 3
18518 1
18519 2
18520 1
18521 1
18522 0
18523 1
18524 3
18525 4
18526 1
18527 3
18528 1
18529 2
18530 1
18531 1
18532 1
18533 0
18534 0
18535 0
18536 3
18537 4
18538 4
18539 1
18540 1
18541 0
18542 3
18543 1
18544 1
18545 1
18546 2
18547 0
18548 5
18549 1
18550 2
18551 5
18552 1
18553 5
18554 4
18555 3
18556 1
18557 0
18558 1
18559 4
18560 0
18561 1
18562 0
18563 2
18564 3
18565 2
18566 1
18567 5
18568 1
18569 1
18570 0
18571 4
18572 4
18573 0
18574 1
18575 0
18576 3
18577 5
18578 1
18579 1
18580 0
18581 3
18582 3
18583 2
18584 2
18585 2
18586 2
18587 1
18588 1
18589 4
18590 5
18591 3
18592 3
18593 2
18594 2
18595 1
18596 3
18597 0
18598 2
18599 1
18600 2
18601 1
18602 0
18603 0
18604 3
18605 2
18606 0
18607 5
18608 1
18609 3
18610 1
18611 4
18612 2
18613 3
18614 1
18615 2
18616 1
18617 0
18618 0
18619 3
18620 2
18621 3
18622 2
18623 1
18624 2
18625 2
18626 2
18627 0
18628 2
18629 0
18630 2
18631 1
18632 4
18633 0
18634 3
18635 1
18636 0
18637 3
18638 1
18639 3
18640 4
18641 3
18642 0
18643 1
18644 3
18645 0
18646 0
18647 1
18648 4
18649 1
18650 4
18651 5
18652 5
18653 1
18654 0
18655 1
18656 6
18657 0
18658 3
18659 0
18660 3
18661 0
18662 2
18663 0
18664 2
18665 0
18666 2
18667 3
18668 0
18669 0
18670 2
18671 0
18672 4
18673 4
18674 0
18675 0
18676 1
18677 3
18678 0
18679 1
18680 2
18681 4
18682 5
18683 4
18684 3
18685 1
18686 3
18687 3
18688 4
18689 0
18690 1
18691 5
18692 2
18693 1
18694 1
18695 3
18696 0
18697 4
18698 0
18699 1
18700 0
18701 0
18702 3
18703 1
18704 2
18705 5
18706 3
18707 2
18708 0
18709 0
18710 1
18711 3
18712 2
18713 2
18714 2
18715 4
18716 0
18717 3
18718 3
18719 2
18720 5
18721 1
18722 4
18723 0
18724 0
18725 2
18726 0
18727 3
18728 2
18729 1
18730 1
18731 0
18732 2
18733 4
18734 2
18735 0
18736 1
18737 0
18738 4
18739 2
18740 0
18741 3
18742 2
18743 2
18744 0
18745 3
18746 1
18747 0
18748 4
18749 2
18750 1
18751 5
18752 0
18753 3
18754 2
18755 1
18756 3
18757 1
18758 4
18759 3
18760 0
18761 0
18762 4
18763 1
18764 1
18765 2
18766 0
18767 1
18768 2
18769 0
18770 2
18771 1
18772 1
18773 2
18774 3
18775 1
18776 2
18777 1
18778 4
18779 1
18780 2
18781 5
18782 0
18783 4
18784 2
18785 4
18786 1
18787 4
18788 1
18789 4
18790 0
18791 4
18792 0
18793 1
18794 0
18795 0
18796 3
18797 3
18798 1
18799 3
18800 1
18801 1
18802 2
18803 0
18804 1
18805 2
18806 5
18807 3
18808 4
18809 0
18810 3
18811 4
18812 1
18813 2
18814 3
18815 2
18816 4
18817 3
18818 1
18819 0
18820 4
18821 2
18822 0
18823 2
18824 1
18825 3
18826 3
18827 1
18828 2
18829 3
18830 3
18831 4
18832 0
18833 3
18834 4
18835 1
18836 0
18837 1
18838 3
18839 1
18840 1
18841 0
18842 0
18843 2
18844 4
18845 2
18846 4
18847 5
18848 2
18849 3
18850 2
18851 0
18852 1
18853 4
18854 4
18855 2
18856 1
18857 3
18858 3
18859 3
18860 2
18861 1
18862 1
18863 0
18864 0
18865 1
18866 0
18867 4
18868 2
18869 4
18870 3
18871 1
18872 3
18873 2
18874 0
18875 1
18876 2
18877 0
18878 3
18879 0
18880 2
18881 2
18882 4
18883 0
18884 3
18885 0
18886 2
18887 0
18888 1
18889 2
18890 2
18891 0
18892 4
18893 1
18894 4
18895 0
18896 2
18897 0
18898 1
18899 0
18900 3
18901 2
18902 1
18903 0
18904 5
18905 5
18906 1
18907 1
18908 1
18909 0
18910 0
18911 2
18912 4
18913 0
18914 3
18915 4
18916 4
18917 1
18918 4
18919 3
18920 0
18921 3
18922 4
18923 3
18924 0
18925 0
18926 3
18927 1
18928 2
18929 4
18930 2
18931 0
18932 2
18933 1
18934 4
18935 1
18936 1
18937 2
18938 0
18939 4
18940 2
18941 2
18942 0
18943 4
18944 0
18945 5
18946 2
18947 4
18948 2
18949 1
18950 1
18951 2
18952 4
18953 4
18954 1
18955 1
18956 6
18957 0
18958 3
18959 0
18960 4
18961 0
18962 1
18963 2
18964 0
18965 1
18966 2
18967 0
18968 0
18969 4
18970 1
18971 2
18972 2
18973 3
18974 2
18975 1
18976 2
18977 4
18978 1
18979 3
18980 2
18981 2
18982 2
18983 1
18984 0
18985 1
18986 4
18987 4
18988 0
18989 2
18990 3
18991 2
18992 3
18993 2
18994 2
18995 0
18996 3
18997 4
18998 0
18999 0
19000 3
19001 4
19002 1
19003 5
19004 1
19005 3
19006 3
19007 2
19008 0
19009 0
19010 4
19011 0
19012 2
19013 1
19014 0
19015 1
19016 1
19017 4
19018 0
19019 4
19020 3
19021 0
19022 0
19023 2
19024 4
19025 3
19026 0
19027 3
19028 2
19029 2
19030 3
19031 1
19032 4
19033 2
19034 3
19035 1
19036 4
19037 4
19038 4
19039 0
19040 1
19041 0
19042 1
19043 0
19044 1
19045 2
19046 1
19047 2
19048 0
19049 3
19050 0
19051 1
19052 3
19053 2
19054 5
19055 1
19056 1
19057 3
19058 1
19059 3
19060 5
19061 2
19062 1
19063 0
19064 1
19065 2
19066 3
19067 4
19068 3
19069 4
19070 0
19071 4
19072 0
19073 3
19074 2
19075 1
19076 2
19077 4
19078 5
19079 4
19080 4
19081 1
19082 1
19083 4
19084 3
19085 5
19086 1
19087 3
19088 3
19089 3
19090 4
19091 1
19092 4
19093 3
19094 3
19095 3
19096 1
19097 4
19098 1
19099 1
19100 3
19101 1
19102 3
19103 0
19104 3
19105 2
19106 0
19107 2
19108 2
19109 2
19110 2
19111 4
19112 2
19113 3
19114 3
19115 1
19116 1
19117 3
19118 1
19119 4
19120 1
19121 1
19122 2
19123 2
19124 0
19125 3
19126 1
19127 1
19128 3
19129 3
19130 2
19131 0
19132 2
19133 1
19134 0
19135 0
19136 3
19137 3
19138 3
19139 1
19140 0
19141 1
19142 2
19143 4
19144 2
19145 2
19146 0
19147 4
19148 4
19149 0
19150 4
19151 2
19152 0
19153 1
19154 0
19155 0
19156 2
19157 3
19158 4
19159 1
19160 1
19161 2
19162 1
19163 4
19164 2
19165 0
19166 0
19167 4
19168 1
19169 2
19170 4
19171 2
19172 2
19173 2
19174 1
19175 3
19176 2
19177 1
19178 4
19179 0
19180 1
19181 3
19182 1
19183 3
19184 3
19185 3
19186 2
19187 2
19188 3
19189 0
19190 0
19191 0
19192 2
19193 3
19194 3
19195 3
19196 2
19197 0
19198 3
19199 2
19200 4
19201 2
19202 5
19203 3
19204 3
19205 4
19206 0
19207 3
19208 2
19209 4
19210 4
19211 4
19212 4
19213 4
19214 2
19215 1
19216 0
19217 1
19218 5
19219 0
19220 0
19221 2
19222 2
19223 5
19224 1
19225 3
19226 4
19227 2
19228 3
19229 3
19230 0
19231 3
19232 4
19233 5
19234 0
19235 4
19236 1
19237 2
19238 1
19239 1
19240 2
19241 1
19242 5
19243 0
19244 6
19245 0
19246 1
19247 5
19248 3
19249 1
19250 0
19251 2
19252 1
19253 0
19254 0
19255 2
19256 3
19257 0
19258 2
19259 3
19260 3
19261 0
19262 1
19263 0
19264 5
19265 3
19266 4
19267 0
19268 5
19269 2
19270 2
19271 2
19272 3
19273 1
19274 0
19275 2
19276 3
19277 1
19278 5
19279 4
19280 3
19281 4
19282 1
19283 1
19284 3
19285 4
19286 4
19287 4
19288 4
19289 3
19290 1
19291 1
19292 1
19293 4
19294 2
19295 2
19296 2
19297 2
19298 4
19299 0
19300 3
19301 0
19302 3
19303 3
19304 3
19305 3
19306 3
19307 2
19308 3
19309 2
19310 2
19311 2
19312 0
19313 4
19314 0
19315 1
19316 1
19317 4
19318 4
19319 2
19320 4
19321 1
19322 0
19323 2
19324 2
19325 4
19326 0
19327 0
19328 1
19329 1
19330 2
19331 4
19332 1
19333 2
19334 4
19335 1
19336 1
19337 1
19338 0
19339 1
19340 1
19341 2
19342 1
19343 3
19344 0
19345 0
19346 2
19347 3
19348 2
19349 3
19350 3
19351 3
19352 0
19353 5
19354 1
19355 0
19356 0
19357 0
19358 4
19359 2
19360 1
19361 3
19362 1
19363 4
19364 3
19365 1
19366 1
19367 1
19368 0
19369 0
19370 2
19371 1
19372 2
19373 2
19374 1
19375 0
19376 1
19377 0
19378 3
19379 0
19380 1
19381 1
19382 2
19383 3
19384 3
19385 0
19386 3
19387 3
19388 3
19389 4
19390 4
19391 2
19392 0
19393 3
19394 3
19395 0
19396 0
19397 0
19398 2
19399 2
19400 0
19401 1
19402 3
19403 4
19404 0
19405 0
19406 2
19407 4
19408 0
19409 4
19410 1
19411 5
19412 1
19413 0
19414 1
19415 2
19416 4
19417 0
19418 3
19419 1
19420 0
19421 2
19422 0
19423 1
19424 0
19425 2
19426 3
19427 4
19428 4
19429 0
19430 1
19431 0
19432 1
19433 2
19434 0
19435 3
19436 1
19437 0
19438 4
19439 0
19440 0
19441 2
19442 3
19443 1
19444 4
19445 1
19446 2
19447 4
19448 1
19449 2
19450 1
19451 1
19452 1
19453 0
19454 4
19455 0
19456 3
19457 1
19458 2
19459 2
19460 0
19461 1
19462 0
19463 3
19464 1
19465 3
19466 3
19467 2
19468 1
19469 1
19470 0
19471 0
19472 0
19473 1
19474 1
19475 3
19476 4
19477 2
19478 4
19479 1
19480 3
19481 1
19482 4
19483 2
19484 1
19485 2
19486 3
19487 1
19488 1
19489 2
19490 0
19491 1
19492 3
19493 2
19494 1
19495 5
19496 2
19497 1
19498 3
19499 1
19500 0
19501 2
19502 3
19503 0
19504 5
19505 0
19506 0
19507 4
19508 2
19509 0
19510 1
19511 0
19512 2
19513 3
19514 1
19515 0
19516 3
19517 5
19518 4
19519 0
19520 0
19521 1
19522 1
19523 3
19524 1
19525 1
19526 2
19527 1
19528 3
19529 1
19530 0
19531 4
19532 2
19533 2
19534 3
19535 0
19536 2
19537 4
19538 2
19539 0
19540 2
19541 2
19542 0
19543 0
19544 3
19545 1
19546 2
19547 1
19548 4
19549 2
19550 5
19551 1
19552 3
19553 2
19554 3
19555 1
19556 3
19557 6
19558 0
19559 3
19560 2
19561 1
19562 1
19563 3
19564 1
19565 2
19566 3
19567 1
19568 2
19569 2
19570 3
19571 0
19572 0
19573 3
19574 1
19575 3
19576 3
19577 0
19578 0
19579 3
19580 3
19581 3
19582 0
19583 0
19584 4
19585 3
19586 1
19587 0
19588 4
19589 4
19590 1
19591 0
19592 3
19593 3
19594 1
19595 2
19596 4
19597 0
19598 3
19599 3
19600 1
19601 3
19602 3
19603 2
19604 3
19605 1
19606 1
19607 2
19608 3
19609 2
19610 5
19611 2
19612 3
19613 2
19614 0
19615 3
19616 3
19617 2
19618 2
19619 0
19620 3
19621 3
19622 2
19623 2
19624 2
19625 2
19626 2
19627 2
19628 1
19629 4
19630 1
19631 1
19632 0
19633 0
19634 2
19635 2
19636 0
19637 4
19638 4
19639 1
19640 2
19641 3
19642 1
19643 3
19644 2
19645 2
19646 3
19647 2
19648 3
19649 2
19650 0
19651 4
19652 4
19653 2
19654 3
19655 2
19656 4
19657 2
19658 2
19659 0
19660 2
19661 1
19662 1
19663 1
19664 4
19665 2
19666 4
19667 3
19668 4
19669 3
19670 0
19671 1
19672 2
19673 4
19674 2
19675 5
19676 3
19677 0
19678 0
19679 0
19680 2
19681 3
19682 0
19683 4
19684 3
19685 3
19686 0
19687 1
19688 0
19689 4
19690 3
19691 1
19692 1
19693 3
19694 0
19695 4
19696 0
19697 2
19698 2
19699 1
19700 0
19701 4
19702 3
19703 3
19704 0
19705 0
19706 3
19707 3
19708 3
19709 3
19710 3
19711 2
19712 1
19713 1
19714 0
19715 4
19716 0
19717 3
19718 5
19719 2
19720 2
19721 5
19722 0
19723 2
19724 1
19725 0
19726 2
19727 2
19728 1
19729 1
19730 2
19731 4
19732 2
19733 1
19734 2
19735 3
19736 3
19737 3
19738 1
19739 1
19740 0
19741 3
19742 0
19743 1
19744 0
19745 1
19746 3
19747 2
19748 2
19749 0
19750 4
19751 2
19752 5
19753 3
19754 0
19755 2
19756 1
19757 5
19758 2
19759 2
19760 4
19761 0
19762 4
19763 2
19764 3
19765 1
19766 2
19767 3
19768 0
19769 2
19770 1
19771 0
19772 0
19773 4
19774 1
19775 3
19776 4
19777 3
19778 4
19779 0
19780 3
19781 3
19782 2
19783 1
19784 0
19785 5
19786 2
19787 3
19788 3
19789 0
19790 2
19791 3
19792 0
19793 1
19794 3
19795 1
19796 2
19797 5
19798 0
19799 3
19800 2
19801 1
19802 2
19803 1
19804 0
19805 1
19806 3
19807 2
19808 5
19809 5
19810 1
19811 1
19812 1
19813 2
19814 2
19815 2
19816 0
19817 0
19818 1
19819 1
19820 3
19821 1
19822 2
19823 1
19824 0
19825 3
19826 1
19827 4
19828 2
19829 2
19830 5
19831 4
19832 3
19833 0
19834 2
19835 2
19836 2
19837 4
19838 1
19839 3
19840 1
19841 1
19842 1
19843 1
19844 0
19845 5
19846 1
19847 3
19848 0
19849 0
19850 0
19851 4
19852 0
19853 1
19854 0
19855 3
19856 3
19857 0
19858 0
19859 4
19860 3
19861 3
19862 2
19863 3
19864 3
19865 4
19866 0
19867 2
19868 1
19869 0
19870 0
19871 4
19872 1
19873 3
19874 4
19875 0
19876 1
19877 3
19878 1
19879 4
19880 2
19881 2
19882 2
19883 4
19884 3
19885 2
19886 4
19887 0
19888 0
19889 1
19890 4
19891 0
19892 0
19893 0
19894 2
19895 4
19896 1
19897 3
19898 4
19899 4
19900 3
19901 2
19902 1
19903 1
19904 1
19905 3
19906 3
19907 2
19908 0
19909 3
19910 1
19911 1
19912 0
19913 1
19914 1
19915 1
19916 2
19917 0
19918 2
19919 3
19920 2
19921 4
19922 3
19923 4
19924 3
19925 1
19926 2
19927 2
19928 1
19929 0
19930 2
19931 1
19932 0
19933 3
19934 2
19935 2
19936 3
19937 0
19938 2
19939 0
19940 1
19941 0
19942 1
19943 3
19944 1
19945 3
19946 5
19947 4
19948 0
19949 2
19950 2
19951 1
19952 3
19953 0
19954 0
19955 0
19956 2
19957 1
19958 3
19959 1
19960 0
19961 0
19962 2
19963 2
19964 1
19965 4
19966 4
19967 1
19968 0
19969 2
19970 4
19971 2
19972 1
19973 0
19974 1
19975 3
19976 4
19977 0
19978 2
19979 4
19980 4
19981 2
19982 4
19983 0
19984 0
19985 3
19986 1
19987 3
19988 1
19989 1
19990 2
19991 2
19992 4
19993 4
19994 3
19995 3
19996 3
19997 4
19998 3
19999 5
20000 2
20001 3
20002 1
20003 2
20004 2
20005 0
20006 3
20007 3
20008 5
20009 0
20010 2
20011 1
20012 0
20013 4
20014 3
20015 2
20016 2
20017 1
20018 0
20019 2
20020 1
20021 1
20022 0
20023 0
20024 3
20025 3
20026 0
20027 1
20028 0
20029 1
20030 2
20031 1
20032 1
20033 3
20034 3
20035 2
20036 2
20037 0
20038 2
20039 2
20040 2
20041 4
20042 3
20043 5
20044 1
20045 3
20046 3
20047 2
20048 3
20049 4
20050 0
20051 1
20052 5
20053 0
20054 0
20055 3
20056 1
20057 0
20058 5
20059 3
20060 2
20061 2
20062 4
20063 1
20064 0
20065 0
20066 0
20067 3
20068 2
20069 1
20070 0
20071 1
20072 0
20073 3
20074 3
20075 1
20076 1
20077 0
20078 2
20079 2
20080 1
20081 2
20082 0
20083 0
20084 1
20085 0
20086 2
20087 3
20088 4
20089 0
20090 3
20091 1
20092 0
20093 0
20094 4
20095 5
20096 2
20097 1
20098 0
20099 3
20100 1
20101 3
20102 1
20103 3
20104 1
20105 1
20106 4
20107 0
20108 4
20109 2
20110 0
20111 6
20112 3
20113 2
20114 2
20115 2
20116 3
20117 1
20118 3
20119 1
20120 0
20121 0
20122 0
20123 0
20124 3
20125 1
20126 3
20127 3
20128 3
20129 1
20130 3
20131 0
20132 0
20133 3
20134 0
20135 0
20136 0
20137 1
20138 2
20139 2
20140 1
20141 4
20142 4
20143 3
20144 0
20145 1
20146 4
20147 0
20148 1
20149 0
20150 0
20151 2
20152 1
20153 5
20154 2
20155 4
20156 3
20157 4
20158 0
20159 2
20160 1
20161 1
20162 2
20163 2
20164 1
20165 3
20166 0
20167 2
20168 0
20169 3
20170 2
20171 5
20172 3
20173 1
20174 4
20175 2
20176 4
20177 2
20178 1
20179 2
20180 1
20181 0
20182 2
20183 1
20184 1
20185 1
20186 2
20187 1
20188 3
20189 2
20190 2
20191 0
20192 4
20193 1
20194 0
20195 1
20196 2
20197 0
20198 4
20199 1
20200 3
20201 2
20202 2
20203 0
20204 1
20205 0
20206 4
20207 2
20208 0
20209 3
20210 0
20211 2
20212 3
20213 1
20214 2
20215 1
20216 1
20217 3
20218 3
20219 3
20220 0
20221 0
20222 0
20223 0
20224 3
20225 0
20226 4
20227 3
20228 0
20229 1
20230 2
20231 2
20232 2
20233 3
20234 1
20235 2
20236 2
20237 0
20238 3
20239 3
20240 3
20241 0
20242 0
20243 3
20244 0
20245 3
20246 0
20247 2
20248 4
20249 4
20250 1
20251 1
20252 0
20253 1
20254 4
20255 2
20256 0
20257 3
20258 1
20259 5
20260 3
20261 1
20262 1
20263 2
20264 2
20265 4
20266 3
20267 1
20268 3
20269 2
20270 0
20271 0
20272 5
20273 2
20274 2
20275 2
20276 1
20277 3
20278 4
20279 3
20280 0
20281 0
20282 2
20283 2
20284 1
20285 4
20286 0
20287 1
20288 3
20289 4
20290 1
20291 3
20292 3
20293 4
20294 1
20295 4
20296 4
20297 2
20298 2
20299 2
20300 1
20301 2
20302 1
20303 4
20304 2
20305 1
20306 4
20307 3
20308 3
20309 2
20310 1
20311 3
20312 2
20313 3
20314 4
20315 0
20316 4
20317 4
20318 0
20319 0
20320 1
20321 3
20322 3
20323 1
20324 3
20325 3
20326 0
20327 0
20328 5
20329 2
20330 2
20331 4
20332 3
20333 0
20334 3
20335 0
20336 0
20337 2
20338 4
20339 2
20340 4
20341 3
20342 4
20343 1
20344 2
20345 1
20346 2
20347 3
20348 1
20349 0
20350 5
20351 2
20352 2
20353 2
20354 0
20355 1
20356 1
20357 0
20358 3
20359 6
20360 1
20361 2
20362 0
20363 3
20364 4
20365 0
20366 2
20367 1
20368 2
20369 2
20370 0
20371 2
20372 1
20373 0
20374 1
20375 4
20376 4
20377 1
20378 4
20379 2
20380 2
20381 1
20382 3
20383 2
20384 3
20385 4
20386 1
20387 2
20388 3
20389 0
20390 1
20391 4
20392 1
20393 0
20394 1
20395 0
20396 4
20397 2
20398 0
20399 3
20400 0
20401 1
20402 2
20403 3
20404 3
20405 0
20406 2
20407 3
20408 3
20409 0
20410 0
20411 3
20412 4
20413 0
20414 1
20415 0
20416 4
20417 0
20418 2
20419 2
20420 3
20421 4
20422 3
20423 2
20424 4
20425 0
20426 0
20427 1
20428 0
20429 2
20430 2
20431 1
20432 0
20433 1
20434 4
20435 3
20436 1
20437 2
20438 0
20439 4
20440 2
20441 0
20442 4
20443 1
20444 0
20445 2
20446 5
20447 4
20448 2
20449 5
20450 3
20451 0
20452 2
20453 3
20454 1
20455 4
20456 2
20457 0
20458 5
20459 3
20460 0
20461 2
20462 1
20463 5
20464 0
20465 3
20466 4
20467 2
20468 1
20469 1
20470 0
20471 2
20472 1
20473 0
20474 3
20475 3
20476 0
20477 0
20478 3
20479 2
20480 0
20481 3
20482 3
20483 3
20484 3
20485 4
20486 0
20487 1
20488 3
20489 2
20490 0
20491 0
20492 4
20493 3
20494 2
20495 2
20496 0
20497 4
20498 5
20499 4
20500 1
20501 2
20502 1
20503 1
20504 5
20505 1
20506 3
20507 2
20508 1
20509 0
20510 1
20511 0
20512 0
20513 2
20514 1
20515 4
20516 1
20517 3
20518 2
20519 1
20520 4
20521 3
20522 5
20523 2
20524 4
20525 2
20526 0
20527 0
20528 2
20529 4
20530 0
20531 3
20532 1
20533 2
20534 3
20535 3
20536 2
20537 2
20538 2
20539 0
20540 1
20541 0
20542 3
20543 4
20544 0
20545 3
20546 2
20547 5
20548 3
20549 5
20550 1
20551 3
20552 3
20553 1
20554 5
20555 4
20556 2
20557 3
20558 0
20559 1
20560 0
20561 0
20562 1
20563 0
20564 5
20565 3
20566 2
20567 1
20568 5
20569 4
20570 1
20571 0
20572 0
20573 1
20574 4
20575 0
20576 3
20577 3
20578 0
20579 1
20580 1
20581 0
20582 1
20583 4
20584 1
20585 6
20586 4
20587 1
20588 4
20589 0
20590 1
20591 5
20592 0
20593 4
20594 2
20595 4
20596 2
20597 4
20598 1
20599 4
20600 4
20601 0
20602 5
20603 2
20604 1
20605 0
20606 3
20607 2
20608 2
20609 2
20610 5
20611 2
20612 2
20613 4
20614 2
20615 2
20616 1
20617 3
20618 3
20619 4
20620 1
20621 4
20622 3
20623 1
20624 1
20625 4
20626 1
20627 3
20628 0
20629 5
20630 3
20631 1
20632 1
20633 3
20634 3
20635 0
20636 1
20637 0
20638 1
20639 2
20640 4
20641 0
20642 1
20643 5
20644 0
20645 1
20646 0
20647 2
20648 1
20649 2
20650 3
20651 0
20652 1
20653 3
20654 2
20655 1
20656 1
20657 2
20658 0
20659 2
20660 1
20661 2
20662 0
20663 3
20664 1
20665 2
20666 1
20667 4
20668 1
20669 1
20670 1
20671 4
20672 1
20673 2
20674 2
20675 2
20676 1
20677 2
20678 3
20679 2
20680 3
20681 4
20682 3
20683 0
20684 0
20685 2
20686 2
20687 0
20688 2
20689 1
20690 1
20691 1
20692 1
20693 1
20694 1
20695 3
20696 4
20697 1
20698 2
20699 4
20700 1
20701 0
20702 2
20703 1
20704 2
20705 2
20706 1
20707 0
20708 0
20709 4
20710 1
20711 0
20712 3
20713 3
20714 1
20715 3
20716 4
20717 3
20718 2
20719 2
20720 0
20721 4
20722 0
20723 2
20724 4
20725 3
20726 4
20727 1
20728 3
20729 1
20730 2
20731 3
20732 0
20733 1
20734 3
20735 3
20736 0
20737 2
20738 4
20739 2
20740 2
20741 1
20742 1
20743 1
20744 2
20745 3
20746 0
20747 0
20748 1
20749 3
20750 2
20751 3
20752 1
20753 1
20754 2
20755 3
20756 4
20757 1
20758 3
20759 2
20760 3
20761 2
20762 4
20763 2
20764 5
20765 2
20766 2
20767 3
20768 2
20769 0
20770 3
20771 2
20772 3
20773 1
20774 0
20775 4
20776 4
20777 5
20778 0
20779 2
20780 3
20781 0
20782 0
20783 3
20784 2
20785 3
20786 3
20787 3
20788 0
20789 1
20790 3
20791 3
20792 1
20793 4
20794 2
20795 0
20796 4
20797 1
20798 3
20799 1
20800 3
20801 5
20802 3
20803 4
20804 0
20805 3
20806 3
20807 0
20808 4
20809 0
20810 1
20811 4
20812 1
20813 5
20814 0
20815 0
20816 2
20817 3
20818 2
20819 3
20820 0
20821 1
20822 2
20823 4
20824 4
20825 3
20826 2
20827 1
20828 1
20829 5
20830 0
20831 2
20832 4
20833 0
20834 0
20835 0
20836 0
20837 0
20838 2
20839 2
20840 0
20841 0
20842 1
20843 0
20844 1
20845 4
20846 0
20847 1
20848 4
20849 2
20850 1
20851 2
20852 2
20853 1
20854 1
20855 0
20856 3
20857 4
20858 1
20859 4
20860 0
20861 5
20862 2
20863 4
20864 4
20865 0
20866 3
20867 0
20868 0
20869 1
20870 1
20871 4
20872 3
20873 1
20874 4
20875 3
20876 0
20877 1
20878 1
20879 2
20880 3
20881 0
20882 1
20883 2
20884 1
20885 3
20886 5
20887 0
20888 1
20889 1
20890 3
20891 5
20892 0
20893 0
20894 2
20895 3
20896 1
20897 1
20898 2
20899 3
20900 4
20901 0
20902 2
20903 0
20904 1
20905 2
20906 1
20907 2
20908 2
20909 1
20910 3
20911 3
20912 2
20913 1
20914 1
20915 1
20916 1
20917 0
20918 2
20919 0
20920 2
20921 1
20922 1
20923 3
20924 0
20925 4
20926 4
20927 2
20928 4
20929 2
20930 1
20931 4
20932 4
20933 3
20934 4
20935 3
20936 1
20937 2
20938 0
20939 1
20940 1
20941 4
20942 1
20943 4
20944 1
20945 3
20946 1
20947 1
20948 1
20949 4
20950 1
20951 0
20952 2
20953 0
20954 3
20955 0
20956 3
20957 3
20958 3
20959 4
20960 0
20961 1
20962 2
20963 0
20964 2
20965 2
20966 3
20967 2
20968 1
20969 6
20970 2
20971 1
20972 2
20973 4
20974 4
20975 0
20976 5
20977 2
20978 0
20979 2
20980 0
20981 1
20982 2
20983 2
20984 1
20985 2
20986 1
20987 4
20988 2
20989 2
20990 1
20991 2
20992 2
20993 2
20994 0
20995 4
20996 1
20997 4
20998 2
20999 2
21000 2
21001 2
21002 0
21003 1
21004 3
21005 0
21006 5
21007 0
21008 4
21009 1
21010 5
21011 0
21012 3
21013 0
21014 2
21015 3
21016 0
21017 2
21018 3
21019 2
21020 1
21021 1
21022 2
21023 3
21024 3
21025 4
21026 0
21027 4
21028 4
21029 1
21030 2
21031 2
21032 5
21033 4
21034 0
21035 4
21036 3
21037 2
21038 3
21039 1
21040 4
21041 2
21042 1
21043 2
21044 5
21045 4
21046 4
21047 0
21048 2
21049 0
21050 3
21051 3
21052 2
21053 4
21054 1
21055 5
21056 2
21057 1
21058 3
21059 0
21060 2
21061 3
21062 3
21063 1
21064 0
21065 0
21066 0
21067 1
21068 0
21069 4
21070 2
21071 0
21072 3
21073 0
21074 4
21075 1
21076 1
21077 0
21078 1
21079 0
21080 1
21081 1
21082 2
21083 4
21084 2
21085 1
21086 4
21087 4
21088 2
21089 4
21090 3
21091 0
21092 0
21093 3
21094 1
21095 2
21096 4
21097 2
21098 0
21099 0
21100 2
21101 1
21102 2
21103 3
21104 3
21105 0
21106 1
21107 3
21108 0
21109 1
21110 0
21111 1
21112 4
21113 4
21114 3
21115 2
21116 0
21117 3
21118 1
21119 3
21120 2
21121 1
21122 4
21123 3
21124 3
21125 2
21126 0
21127 2
21128 1
21129 0
21130 3
21131 1
21132 1
21133 3
21134 0
21135 0
21136 3
21137 3
21138 4
21139 2
21140 2
21141 1
21142 2
21143 0
21144 2
21145 0
21146 2
21147 2
21148 0
21149 2
21150 1
21151 1
21152 0
21153 4
21154 1
21155 3
21156 1
21157 4
21158 2
21159 3
21160 3
21161 3
21162 0
21163 1
21164 1
21165 0
21166 2
21167 0
21168 4
21169 5
21170 4
21171 3
21172 5
21173 0
21174 3
21175 2
21176 0
21177 0
21178 0
21179 2
21180 3
21181 0
21182 2
21183 5
21184 5
21185 4
21186 1
21187 2
21188 4
21189 0
21190 0
21191 1
21192 2
21193 2
21194 3
21195 4
21196 2
21197 1
21198 2
21199 4
21200 1
21201 3
21202 4
21203 0
21204 2
21205 1
21206 0
21207 3
21208 4
21209 0
21210 3
21211 4
21212 2
21213 0
21214 4
21215 1
21216 2
21217 1
21218 3
21219 4
21220 2
21221 1
21222 3
21223 2
21224 3
21225 2
21226 4
21227 3
21228 0
21229 1
21230 3
21231 5
21232 2
21233 4
21234 0
21235 0
21236 1
21237 2
21238 1
21239 3
21240 5
21241 3
21242 1
21243 2
21244 1
21245 5
21246 0
21247 2
21248 3
21249 0
21250 3
21251 2
21252 1
21253 4
21254 3
21255 3
21256 0
21257 0
21258 0
21259 5
21260 1
21261 2
21262 2
21263 4
21264 1
21265 3
21266 3
21267 0
21268 0
21269 1
21270 0
21271 4
21272 3
21273 3
21274 2
21275 3
21276 3
21277 1
21278 3
21279 2
21280 2
21281 5
21282 0
21283 2
21284 0
21285 0
21286 1
21287 1
21288 5
21289 0
21290 1
21291 3
21292 0
21293 1
21294 2
21295 4
21296 2
21297 0
21298 3
21299 3
21300 4
21301 1
21302 3
21303 2
21304 3
21305 4
21306 3
21307 0
21308 3
21309 1
21310 1
21311 1
21312 2
21313 1
21314 1
21315 2
21316 2
21317 1
21318 4
21319 4
21320 2
21321 4
21322 2
21323 4
21324 1
21325 1
21326 5
21327 0
21328 3
21329 1
21330 4
21331 4
21332 2
21333 1
21334 2
21335 5
21336 2
21337 4
21338 3
21339 0
21340 3
21341 1
21342 3
21343 4
21344 2
21345 1
21346 3
21347 5
21348 1
21349 2
21350 2
21351 2
21352 0
21353 3
21354 2
21355 3
21356 2
21357 1
21358 3
21359 4
21360 3
21361 1
21362 1
21363 2
21364 2
21365 4
21366 0
21367 3
21368 2
21369 3
21370 1
21371 1
21372 1
21373 4
21374 3
21375 3
21376 0
21377 4
21378 0
21379 0
21380 1
21381 2
21382 2
21383 2
21384 5
21385 4
21386 1
21387 0
21388 3
21389 5
21390 3
21391 2
21392 3
21393 2
21394 0
21395 1
21396 4
21397 0
21398 0
21399 2
21400 4
21401 0
21402 3
21403 4
21404 1
21405 2
21406 3
21407 3
21408 3
21409 0
21410 0
21411 2
21412 2
21413 4
21414 3
21415 0
21416 0
21417 0
21418 1
21419 1
21420 3
21421 1
21422 1
21423 3
21424 1
21425 6
21426 1
21427 0
21428 0
21429 2
21430 3
21431 0
21432 4
21433 0
21434 0
21435 2
21436 3
21437 0
21438 0
21439 3
21440 1
21441 3
21442 3
21443 0
21444 3
21445 1
21446 1
21447 0
21448 1
21449 2
21450 0
21451 3
21452 4
21453 3
21454 2
21455 1
21456 1
21457 2
21458 0
21459 0
21460 0
21461 3
21462 2
21463 5
21464 1
21465 1
21466 0
21467 2
21468 0
21469 4
21470 3
21471 0
21472 0
21473 0
21474 0
21475 4
21476 0
21477 3
21478 2
21479 0
21480 0
21481 3
21482 4
21483 1
21484 1
21485 4
21486 1
21487 3
21488 0
21489 2
21490 1
21491 2
21492 2
21493 0
21494 0
21495 3
21496 0
21497 4
21498 1
21499 4
21500 5
21501 0
21502 0
21503 3
21504 0
21505 1
21506 1
21507 4
21508 5
21509 2
21510 2
21511 0
21512 3
21513 2
21514 3
21515 5
21516 4
21517 0
21518 1
21519 5
21520 2
21521 2
21522 3
21523 3
21524 3
21525 4
21526 1
21527 2
21528 2
21529 1
21530 4
21531 1
21532 3
21533 4
21534 3
21535 0
21536 3
21537 1
21538 2
21539 2
21540 0
21541 2
21542 3
21543 3
21544 0
21545 0
21546 4
21547 4
21548 2
21549 4
21550 4
21551 0
21552 1
21553 2
21554 1
21555 2
21556 2
21557 0
21558 1
21559 1
21560 1
21561 4
21562 0
21563 1
21564 0
21565 2
21566 0
21567 3
21568 2
21569 1
21570 0
21571 3
21572 2
21573 1
21574 4
21575 2
21576 1
21577 1
21578 0
21579 2
21580 0
21581 0
21582 5
21583 1
21584 2
21585 3
21586 5
21587 2
21588 3
21589 1
21590 1
21591 1
21592 1
21593 0
21594 3
21595 1
21596 0
21597 1
21598 4
21599 0
21600 1
21601 0
21602 1
21603 0
21604 3
21605 0
21606 1
21607 5
21608 4
21609 0
21610 1
21611 1
21612 0
21613 2
21614 1
21615 0
21616 2
21617 3
21618 4
21619 1
21620 0
21621 1
21622 4
21623 1
21624 0
21625 2
21626 2
21627 2
21628 4
21629 0
21630 0
21631 0
21632 2
21633 1
21634 1
21635 3
21636 4
21637 2
21638 4
21639 2
21640 4
21641 2
21642 4
21643 1
21644 2
21645 2
21646 2
21647 4
21648 2
21649 4
21650 0
21651 5
21652 1
21653 1
21654 3
21655 0
21656 3
21657 3
21658 2
21659 2
21660 2
21661 5
21662 3
21663 4
21664 0
21665 3
21666 3
21667 2
21668 2
21669 0
21670 1
21671 2
21672 2
21673 5
21674 1
21675 1
21676 4
21677 1
21678 2
21679 1
21680 5
21681 3
21682 3
21683 1
21684 1
21685 2
21686 2
21687 3
21688 1
21689 3
21690 0
21691 0
21692 2
21693 1
21694 2
21695 1
21696 0
21697 0
21698 0
21699 0
21700 3
21701 0
21702 0
21703 0
21704 2
21705 1
21706 2
21707 3
21708 3
21709 0
21710 1
21711 1
21712 1
21713 2
21714 1
21715 2
21716 1
21717 4
21718 0
21719 1
21720 1
21721 4
21722 2
21723 3
21724 2
21725 0
21726 3
21727 4
21728 4
21729 2
21730 3
21731 2
21732 2
21733 1
21734 3
21735 3
21736 4
21737 4
21738 1
21739 3
21740 4
21741 3
21742 2
21743 2
21744 4
21745 1
21746 1
21747 3
21748 3
21749 3
21750 2
21751 1
21752 2
21753 5
21754 2
21755 0
21756 2
21757 0
21758 5
21759 1
21760 3
21761 3
21762 4
21763 1
21764 3
21765 1
21766 2
21767 1
21768 1
21769 4
21770 3
21771 3
21772 3
21773 1
21774 3
21775 0
21776 0
21777 5
21778 0
21779 2
21780 3
21781 1
21782 3
21783 4
21784 2
21785 1
21786 1
21787 4
21788 1
21789 1
21790 1
21791 3
21792 0
21793 4
21794 1
21795 3
21796 4
21797 3
21798 1
21799 1
21800 2
21801 5
21802 3
21803 0
21804 0
21805 3
21806 2
21807 0
21808 4
21809 3
21810 2
21811 1
21812 0
21813 0
21814 1
21815 0
21816 4
21817 4
21818 0
21819 0
21820 0
21821 2
21822 4
21823 0
21824 1
21825 3
21826 3
21827 3
21828 1
21829 2
21830 2
21831 3
21832 1
21833 2
21834 1
21835 3
21836 4
21837 3
21838 5
21839 0
21840 2
21841 2
21842 1
21843 2
21844 0
21845 3
21846 1
21847 4
21848 1
21849 2
21850 0
21851 4
21852 1
21853 2
21854 3
21855 3
21856 4
21857 2
21858 0
21859 4
21860 3
21861 3
21862 3
21863 4
21864 2
21865 3
21866 0
21867 0
21868 2
21869 2
21870 0
21871 1
21872 2
21873 3
21874 3
21875 4
21876 3
21877 3
21878 1
21879 3
21880 2
21881 1
21882 2
21883 4
21884 0
21885 1
21886 2
21887 2
21888 0
21889 4
21890 1
21891 4
21892 3
21893 3
21894 1
21895 3
21896 2
21897 4
21898 1
21899 0
21900 1
21901 4
21902 0
21903 0
21904 1
21905 2
21906 1
21907 3
21908 1
21909 1
21910 2
21911 5
21912 2
21913 2
21914 2
21915 0
21916 3
21917 2
21918 0
21919 4
21920 0
21921 3
21922 2
21923 5
21924 3
21925 1
21926 0
21927 0
21928 1
21929 4
21930 4
21931 3
21932 5
21933 1
21934 2
21935 1
21936 2
21937 1
21938 3
21939 2
21940 4
21941 2
21942 0
21943 3
21944 1
21945 2
21946 2
21947 2
21948 4
21949 0
21950 0
21951 1
21952 3
21953 0
21954 5
21955 3
21956 3
21957 2
21958 2
21959 3
21960 4
21961 0
21962 2
21963 2
21964 1
21965 2
21966 4
21967 5
21968 5
21969 0
21970 0
21971 2
21972 1
21973 2
21974 1
21975 2
21976 2
21977 3
21978 0
21979 0
21980 1
21981 0
21982 2
21983 3
21984 0
21985 4
21986 1
21987 3
21988 2
21989 1
21990 3
21991 2
21992 1
21993 5
21994 2
21995 5
21996 3
21997 0
21998 2
21999 3
22000 2
22001 4
22002 3
22003 4
22004 4
22005 0
22006 3
22007 1
22008 1
22009 2
22010 1
22011 0
22012 0
22013 1
22014 3
22015 1
22016 1
22017 1
22018 0
22019 5
22020 0
22021 2
22022 3
22023 2
22024 1
22025 3
22026 1
22027 2
22028 3
22029 6
22030 5
22031 3
22032 0
22033 0
22034 0
22035 3
22036 4
22037 4
22038 3
22039 1
22040 2
22041 4
22042 4
22043 1
22044 0
22045 3
22046 2
22047 2
22048 2
22049 5
22050 4
22051 4
22052 3
22053 3
22054 1
22055 1
22056 0
22057 0
22058 3
22059 3
22060 3
22061 0
22062 0
22063 2
22064 1
22065 3
22066 1
22067 4
22068 2
22069 0
22070 0
22071 3
22072 0
22073 0
22074 5
22075 0
22076 4
22077 2
22078 2
22079 3
22080 1
22081 0
22082 0
22083 4
22084 2
22085 0
22086 0
22087 1
22088 5
22089 2
22090 1
22091 0
22092 4
22093 3
22094 3
22095 1
22096 2
22097 0
22098 5
22099 1
22100 4
22101 1
22102 1
22103 2
22104 0
22105 0
22106 4
22107 0
22108 2
22109 4
22110 1
22111 1
22112 1
22113 0
22114 3
22115 0
22116 3
22117 2
22118 4
22119 2
22120 1
22121 2
22122 0
22123 1
22124 5
22125 3
22126 4
22127 0
22128 0
22129 4
22130 3
22131 4
22132 0
22133 1
22134 3
22135 1
22136 4
22137 0
22138 3
22139 3
22140 2
22141 4
22142 2
22143 2
22144 2
22145 2
22146 0
22147 2
22148 4
22149 3
22150 0
22151 4
22152 3
22153 0
22154 0
22155 2
22156 1
22157 0
22158 2
22159 0
22160 0
22161 3
22162 4
22163 1
22164 1
22165 2
22166 0
22167 2
22168 1
22169 0
22170 2
22171 0
22172 1
22173 1
22174 2
22175 1
22176 1
22177 3
22178 3
22179 2
22180 3
22181 4
22182 0
22183 3
22184 0
22185 2
22186 1
22187 3
22188 5
22189 3
22190 4
22191 4
22192 2
22193 2
22194 0
22195 0
22196 3
22197 2
22198 2
22199 2
22200 2
22201 1
22202 2
22203 3
22204 3
22205 1
22206 0
22207 1
22208 3
22209 3
22210 1
22211 0
22212 4
22213 2
22214 4
22215 3
22216 2
22217 0
22218 0
22219 0
22220 3
22221 3
22222 4
22223 5
22224 4
22225 1
22226 2
22227 3
22228 0
22229 3
22230 3
22231 2
22232 3
22233 1
22234 3
22235 4
22236 1
22237 2
22238 3
22239 0
22240 0
22241 0
22242 4
22243 0
22244 0
22245 3
22246 1
22247 0
22248 2
22249 3
22250 2
22251 4
22252 2
22253 2
22254 1
22255 0
22256 4
22257 3
22258 2
22259 4
22260 0
22261 1
22262 3
22263 1
22264 1
22265 2
22266 0
22267 2
22268 1
22269 2
22270 0
22271 4
22272 3
22273 2
22274 1
22275 1
22276 3
22277 0
22278 0
22279 1
22280 1
22281 3
22282 1
22283 4
22284 4
22285 1
22286 3
22287 3
22288 0
22289 2
22290 1
22291 3
22292 0
22293 2
22294 4
22295 4
22296 2
22297 2
22298 3
22299 0
22300 1
22301 5
22302 0
22303 0
22304 4
22305 3
22306 4
22307 1
22308 4
22309 2
22310 3
22311 1
22312 3
22313 2
22314 1
22315 0
22316 2
22317 0
22318 3
22319 0
22320 3
22321 1
22322 2
22323 1
22324 3
22325 2
22326 2
22327 1
22328 1
22329 3
22330 1
22331 3
22332 4
22333 5
22334 2
22335 0
22336 1
22337 1
22338 1
22339 2
22340 4
22341 2
22342 3
22343 1
22344 0
22345 1
22346 2
22347 0
22348 3
22349 0
22350 0
22351 3
22352 2
22353 2
22354 5
22355 1
22356 1
22357 1
22358 0
22359 0
22360 0
22361 0
22362 3
22363 5
22364 3
22365 0
22366 2
22367 2
22368 3
22369 4
22370 2
22371 5
22372 2
22373 4
22374 2
22375 0
22376 0
22377 0
22378 2
22379 2
22380 3
22381 2
22382 4
22383 1
22384 5
22385 2
22386 0
22387 0
22388 2
22389 2
22390 0
22391 0
22392 1
22393 1
22394 2
22395 0
22396 0
22397 0
22398 4
22399 0
22400 1
22401 4
22402 1
22403 3
22404 1
22405 0
22406 3
22407 1
22408 1
22409 2
22410 2
22411 2
22412 0
22413 2
22414 4
22415 4
22416 2
22417 2
22418 1
22419 4
22420 3
22421 3
22422 1
22423 1
22424 3
22425 4
22426 3
22427 3
22428 3
22429 5
22430 4
22431 3
22432 3
22433 2
22434 3
22435 0
22436 2
22437 0
22438 1
22439 1
22440 0
22441 0
22442 4
22443 4
22444 0
22445 3
22446 3
22447 1
22448 1
22449 1
22450 4
22451 0
22452 2
22453 0
22454 0
22455 1
22456 1
22457 4
22458 2
22459 2
22460 3
22461 3
22462 3
22463 2
22464 3
22465 0
22466 1
22467 0
22468 0
22469 3
22470 2
22471 1
22472 3
22473 2
22474 4
22475 4
22476 5
22477 2
22478 4
22479 1
22480 5
22481 1
22482 0
22483 2
22484 2
22485 1
22486 2
22487 2
22488 1
22489 3
22490 0
22491 2
22492 1
22493 0
22494 1
22495 3
22496 1
22497 1
22498 1
22499 1
22500 3
22501 2
22502 4
22503 4
22504 1
22505 0
22506 5
22507 0
22508 2
22509 2
22510 1
22511 2
22512 4
22513 1
22514 1
22515 2
22516 1
22517 2
22518 0
22519 5
22520 1
22521 4
22522 5
22523 1
22524 1
22525 1
22526 5
22527 2
22528 4
22529 4
22530 3
22531 2
22532 3
22533 4
22534 0
22535 2
22536 3
22537 2
22538 3
22539 3
22540 0
22541 2
22542 2
22543 4
22544 3
22545 3
22546 1
22547 3
22548 2
22549 3
22550 1
22551 3
22552 1
22553 2
22554 1
22555 5
22556 3
22557 0
22558 1
22559 3
22560 1
22561 0
22562 4
22563 1
22564 2
22565 3
22566 3
22567 3
22568 1
22569 4
22570 4
22571 1
22572 0
22573 1
22574 0
22575 4
22576 2
22577 0
22578 0
22579 4
22580 2
22581 4
22582 3
22583 4
22584 2
22585 1
22586 2
22587 1
22588 1
22589 5
22590 4
22591 3
22592 3
22593 1
22594 2
22595 4
22596 1
22597 1
22598 1
22599 1
22600 1
22601 0
22602 2
22603 5
22604 2
22605 2
22606 0
22607 0
22608 3
22609 3
22610 1
22611 5
22612 0
22613 2
22614 0
22615 1
22616 3
22617 1
22618 0
22619 2
22620 0
22621 4
22622 3
22623 2
22624 1
22625 0
22626 0
22627 1
22628 0
22629 1
22630 3
22631 0
22632 3
22633 2
22634 3
22635 4
22636 3
22637 0
22638 1
22639 2
22640 3
22641 5
22642 3
22643 3
22644 0
22645 0
22646 0
22647 1
22648 1
22649 0
22650 4
22651 3
22652 0
22653 3
22654 0
22655 2
22656 0
22657 1
22658 0
22659 4
22660 4
22661 3
22662 4
22663 1
22664 1
22665 3
22666 3
22667 2
22668 2
22669 2
22670 2
22671 3
22672 1
22673 0
22674 0
22675 0
22676 0
22677 3
22678 3
22679 1
22680 4
22681 3
22682 0
22683 3
22684 2
22685 3
22686 2
22687 2
22688 0
22689 0
22690 2
22691 4
22692 3
22693 3
22694 6
22695 0
22696 3
22697 4
22698 3
22699 2
22700 3
22701 1
22702 4
22703 3
22704 1
22705 2
22706 4
22707 1
22708 1
22709 0
22710 0
22711 2
22712 3
22713 0
22714 1
22715 1
22716 3
22717 5
22718 2
22719 1
22720 2
22721 5
22722 4
22723 2
22724 1
22725 1
22726 2
22727 0
22728 3
22729 4
22730 0
22731 0
22732 5
22733 2
22734 1
22735 2
22736 0
22737 4
22738 2
22739 2
22740 1
22741 1
22742 0
22743 1
22744 1
22745 3
22746 2
22747 2
22748 1
22749 3
22750 1
22751 0
22752 3
22753 2
22754 2
22755 0
22756 2
22757 3
22758 1
22759 1
22760 3
22761 3
22762 1
22763 1
22764 4
22765 0
22766 0
22767 3
22768 3
22769 3
22770 3
22771 0
22772 1
22773 4
22774 2
22775 1
22776 2
22777 3
22778 0
22779 4
22780 0
22781 5
22782 0
22783 1
22784 4
22785 2
22786 4
22787 3
22788 3
22789 0
22790 3
22791 3
22792 4
22793 1
22794 5
22795 0
22796 5
22797 3
22798 0
22799 2
22800 2
22801 2
22802 4
22803 3
22804 0
22805 0
22806 3
22807 4
22808 2
22809 3
22810 2
22811 3
22812 3
22813 4
22814 4
22815 2
22816 0
22817 2
22818 0
22819 2
22820 2
22821 0
22822 4
22823 4
22824 3
22825 5
22826 4
22827 5
22828 0
22829 4
22830 0
22831 1
22832 3
22833 1
22834 4
22835 0
22836 1
22837 4
22838 4
22839 3
22840 4
22841 3
22842 1
22843 2
22844 2
22845 5
22846 3
22847 0
22848 2
22849 2
22850 1
22851 0
22852 4
22853 2
22854 1
22855 3
22856 2
22857 1
22858 4
22859 1
22860 1
22861 4
22862 3
22863 4
22864 0
22865 3
22866 2
22867 0
22868 1
22869 1
22870 0
22871 0
22872 0
22873 3
22874 3
22875 4
22876 2
22877 0
22878 0
22879 0
22880 3
22881 0
22882 3
22883 3
22884 4
22885 1
22886 0
22887 0
22888 3
22889 2
22890 2
22891 4
22892 4
22893 1
22894 1
22895 4
22896 1
22897 0
22898 0
22899 3
22900 2
22901 3
22902 0
22903 2
22904 1
22905 2
22906 1
22907 4
22908 4
22909 2
22910 1
22911 3
22912 1
22913 2
22914 4
22915 2
22916 3
22917 0
22918 4
22919 0
22920 1
22921 4
22922 1
22923 5
22924 2
22925 4
22926 4
22927 3
22928 2
22929 1
22930 0
22931 4
22932 1
22933 1
22934 0
22935 2
22936 0
22937 3
22938 0
22939 0
22940 1
22941 2
22942 0
22943 4
22944 2
22945 1
22946 2
22947 2
22948 1
22949 3
22950 4
22951 2
22952 2
22953 1
22954 3
22955 0
22956 4
22957 4
22958 1
22959 0
22960 2
22961 3
22962 0
22963 3
22964 2
22965 1
22966 3
22967 2
22968 4
22969 2
22970 0
22971 5
22972 2
22973 3
22974 1
22975 0
22976 5
22977 3
22978 4
22979 1
22980 1
22981 4
22982 2
22983 5
22984 3
22985 1
22986 5
22987 3
22988 2
22989 1
22990 0
22991 3
22992 0
22993 0
22994 2
22995 4
22996 2
22997 3
22998 0
22999 1
23000 4
23001 4
23002 1
23003 4
23004 0
23005 2
23006 1
23007 2
23008 3
23009 1
23010 1
23011 2
23012 1
23013 3
23014 2
23015 3
23016 4
23017 3
23018 1
23019 2
23020 3
23021 2
23022 3
23023 1
23024 0
23025 2
23026 2
23027 0
23028 1
23029 2
23030 2
23031 2
23032 2
23033 1
23034 3
23035 4
23036 2
23037 4
23038 3
23039 2
23040 1
23041 3
23042 0
23043 0
23044 4
23045 3
23046 0
23047 4
23048 2
23049 1
23050 0
23051 3
23052 2
23053 1
23054 0
23055 0
23056 1
23057 1
23058 2
23059 3
23060 3
23061 2
23062 0
23063 0
23064 0
23065 2
23066 2
23067 2
23068 2
23069 1
23070 3
23071 0
23072 1
23073 0
23074 1
23075 1
23076 4
23077 2
23078 1
23079 4
23080 2
23081 1
23082 0
23083 4
23084 2
23085 1
23086 0
23087 4
23088 1
23089 0
23090 3
23091 1
23092 2
23093 1
23094 2
23095 2
23096 1
23097 2
23098 2
23099 1
23100 5
23101 0
23102 3
23103 5
23104 1
23105 0
23106 4
23107 1
23108 2
23109 5
23110 2
23111 4
23112 0
23113 3
23114 3
23115 1
23116 5
23117 4
23118 2
23119 1
23120 0
23121 4
23122 2
23123 0
23124 0
23125 0
23126 3
23127 2
23128 3
23129 2
23130 2
23131 0
23132 2
23133 1
23134 4
23135 3
23136 3
23137 2
23138 3
23139 2
23140 0
23141 4
23142 0
23143 2
23144 0
23145 1
23146 0
23147 2
23148 3
23149 0
23150 3
23151 0
23152 2
23153 3
23154 4
23155 1
23156 1
23157 2
23158 1
23159 0
23160 1
23161 1
23162 2
23163 1
23164 3
23165 0
23166 0
23167 2
23168 4
23169 2
23170 1
23171 1
23172 3
23173 2
23174 1
23175 0
23176 3
23177 2
23178 5
23179 1
23180 3
23181 3
23182 0
23183 4
23184 0
23185 5
23186 1
23187 0
23188 4
23189 0
23190 2
23191 4
23192 4
23193 2
23194 3
23195 3
23196 6
23197 2
23198 2
23199 0
23200 2
23201 1
23202 0
23203 1
23204 4
23205 3
23206 2
23207 1
23208 2
23209 3
23210 1
23211 1
23212 4
23213 4
23214 1
23215 0
23216 3
23217 2
23218 4
23219 2
23220 4
23221 0
23222 2
23223 2
23224 4
23225 2
23226 2
23227 0
23228 3
23229 5
23230 3
23231 0
23232 0
23233 1
23234 2
23235 1
23236 1
23237 5
23238 3
23239 0
23240 0
23241 1
23242 4
23243 2
23244 3
23245 0
23246 1
23247 3
23248 4
23249 0
23250 5
23251 1
23252 0
23253 4
23254 3
23255 1
23256 3
23257 5
23258 0
23259 0
23260 0
23261 4
23262 2
23263 4
23264 0
23265 3
23266 5
23267 3
23268 3
23269 2
23270 0
23271 0
23272 3
23273 2
23274 2
23275 0
23276 0
23277 1
23278 1
23279 3
23280 2
23281 0
23282 1
23283 3
23284 3
23285 5
23286 2
23287 1
23288 0
23289 3
23290 2
23291 1
23292 2
23293 2
23294 3
23295 1
23296 0
23297 3
23298 2
23299 1
23300 1
23301 3
23302 1
23303 3
23304 1
23305 1
23306 0
23307 5
23308 1
23309 1
23310 0
23311 2
23312 3
23313 0
23314 3
23315 2
23316 1
23317 3
23318 3
23319 1
23320 2
23321 1
23322 3
23323 2
23324 1
23325 0
23326 2
23327 1
23328 2
23329 0
23330 2
23331 0
23332 4
23333 0
23334 1
23335 2
23336 1
23337 5
23338 1
23339 3
23340 0
23341 0
23342 1
23343 2
23344 2
23345 2
23346 3
23347 3
23348 0
23349 2
23350 4
23351 2
23352 5
23353 3
23354 4
23355 2
23356 2
23357 2
23358 0
23359 1
23360 0
23361 2
23362 1
23363 0
23364 2
23365 2
23366 4
23367 0
23368 1
23369 4
23370 0
23371 1
23372 2
23373 0
23374 2
23375 3
23376 4
23377 1
23378 3
23379 3
23380 3
23381 1
23382 2
23383 3
23384 0
23385 0
23386 2
23387 1
23388 0
23389 2
23390 1
23391 3
23392 4
23393 2
23394 5
23395 1
23396 0
23397 4
23398 0
23399 2
23400 0
23401 1
23402 4
23403 0
23404 0
23405 1
23406 1
23407 0
23408 1
23409 5
23410 5
23411 3
23412 1
23413 0
23414 0
23415 1
23416 1
23417 0
23418 0
23419 5
23420 3
23421 1
23422 2
23423 1
23424 1
23425 1
23426 1
23427 2
23428 2
23429 2
23430 3
23431 4
23432 2
23433 0
23434 3
23435 3
23436 0
23437 0
23438 0
23439 0
23440 2
23441 0
23442 3
23443 3
23444 2
23445 1
23446 3
23447 4
23448 1
23449 1
23450 4
23451 4
23452 1
23453 0
23454 4
23455 3
23456 0
23457 0
23458 5
23459 0
23460 3
23461 2
23462 3
23463 1
23464 3
23465 3
23466 2
23467 2
23468 1
23469 2
23470 0
23471 3
23472 1
23473 3
23474 2
23475 3
23476 2
23477 1
23478 2
23479 2
23480 3
23481 1
23482 2
23483 0
23484 2
23485 0
23486 0
23487 0
23488 6
23489 0
23490 0
23491 1
23492 0
23493 1
23494 5
23495 1
23496 1
23497 2
23498 2
23499 4
23500 4
23501 0
23502 3
23503 3
23504 2
23505 0
23506 2
23507 2
23508 0
23509 1
23510 2
23511 2
23512 1
23513 1
23514 3
23515 2
23516 2
23517 1
23518 1
23519 2
23520 1
23521 1
23522 3
23523 0
23524 0
23525 2
23526 2
23527 1
23528 2
23529 4
23530 4
23531 0
23532 3
23533 3
23534 2
23535 2
23536 3
23537 0
23538 4
23539 3
23540 0
23541 1
23542 2
23543 0
23544 3
23545 2
23546 1
23547 4
23548 5
23549 4
23550 2
23551 3
23552 3
23553 2
23554 0
23555 4
23556 3
23557 1
23558 3
23559 1
23560 5
23561 0
23562 4
23563 1
23564 0
23565 3
23566 5
23567 4
23568 2
23569 1
23570 0
23571 4
23572 5
23573 0
23574 1
23575 5
23576 5
23577 2
23578 3
23579 0
23580 0
23581 3
23582 4
23583 4
23584 2
23585 0
23586 3
23587 2
23588 4
23589 5
23590 4
23591 0
23592 1
23593 4
23594 3
23595 3
23596 2
23597 1
23598 2
23599 0
23600 4
23601 3
23602 0
23603 3
23604 1
23605 3
23606 4
23607 3
23608 1
23609 1
23610 0
23611 1
23612 1
23613 0
23614 2
23615 0
23616 4
23617 0
23618 3
23619 1
23620 2
23621 0
23622 0
23623 1
23624 1
23625 0
23626 0
23627 3
23628 3
23629 3
23630 2
23631 2
23632 0
23633 1
23634 4
23635 4
23636 2
23637 5
23638 0
23639 0
23640 0
23641 1
23642 0
23643 3
23644 1
23645 0
23646 4
23647 2
23648 3
23649 3
23650 2
23651 4
23652 1
23653 1
23654 2
23655 0
23656 2
23657 0
23658 1
23659 5
23660 1
23661 4
23662 1
23663 0
23664 2
23665 1
23666 4
23667 4
23668 4
23669 2
23670 4
23671 1
23672 5
23673 0
23674 2
23675 0
23676 2
23677 0
23678 0
23679 1
23680 1
23681 0
23682 0
23683 0
23684 3
23685 2
23686 1
23687 0
23688 4
23689 2
23690 3
23691 2
23692 5
23693 1
23694 3
23695 1
23696 2
23697 0
23698 2
23699 0
23700 0
23701 1
23702 2
23703 5
23704 0
23705 0
23706 5
23707 0
23708 1
23709 4
23710 4
23711 1
23712 3
23713 3
23714 4
23715 3
23716 5
23717 1
23718 2
23719 4
23720 2
23721 3
23722 1
23723 1
23724 4
23725 3
23726 3
23727 0
23728 1
23729 2
23730 1
23731 2
23732 3
23733 2
23734 2
23735 4
23736 3
23737 2
23738 2
23739 2
23740 1
23741 0
23742 2
23743 3
23744 0
23745 2
23746 4
23747 3
23748 0
23749 2
23750 3
23751 1
23752 1
23753 1
23754 1
23755 3
23756 0
23757 0
23758 3
23759 3
23760 4
23761 2
23762 0
23763 0
23764 2
23765 3
23766 0
23767 0
23768 0
23769 3
23770 3
23771 0
23772 3
23773 0
23774 3
23775 0
23776 1
23777 1
23778 4
23779 4
23780 4
23781 0
23782 3
23783 0
23784 0
23785 2
23786 2
23787 1
23788 1
23789 0
23790 0
23791 0
23792 5
23793 1
23794 1
23795 1
23796 1
23797 3
23798 3
23799 2
23800 0
23801 1
23802 2
23803 3
23804 0
23805 3
23806 4
23807 4
23808 0
23809 1
23810 2
23811 1
23812 1
23813 2
23814 4
23815 0
23816 1
23817 0
23818 3
23819 3
23820 4
23821 5
23822 2
23823 2
23824 1
23825 2
23826 2
23827 1
23828 3
23829 0
23830 1
23831 1
23832 1
23833 2
23834 4
23835 1
23836 2
23837 0
23838 3
23839 0
23840 3
23841 2
23842 2
23843 4
23844 0
23845 4
23846 0
23847 2
23848 3
23849 0
23850 3
23851 3
23852 4
23853 3
23854 1
23855 0
23856 4
23857 2
23858 2
23859 0
23860 0
23861 2
23862 3
23863 1
23864 2
23865 3
23866 4
23867 2
23868 3
23869 2
23870 1
23871 0
23872 4
23873 0
23874 2
23875 3
23876 1
23877 4
23878 1
23879 3
23880 3
23881 2
23882 2
23883 3
23884 2
23885 1
23886 3
23887 0
23888 4
23889 3
23890 1
23891 0
23892 1
23893 3
23894 2
23895 4
23896 0
23897 0
23898 0
23899 3
23900 2
23901 2
23902 3
23903 2
23904 3
23905 0
23906 2
23907 0
23908 0
23909 3
23910 1
23911 0
23912 0
23913 2
23914 2
23915 2
23916 4
23917 1
23918 3
23919 6
23920 3
23921 0
23922 2
23923 2
23924 2
23925 1
23926 4
23927 2
23928 1
23929 4
23930 4
23931 4
23932 3
23933 2
23934 0
23935 0
23936 0
23937 4
23938 2
23939 3
23940 2
23941 1
23942 1
23943 1
23944 0
23945 2
23946 0
23947 4
23948 3
23949 3
23950 3
23951 2
23952 0
23953 1
23954 4
23955 3
23956 1
23957 6
23958 4
23959 0
23960 4
23961 2
23962 3
23963 2
23964 2
23965 0
23966 3
23967 1
23968 3
23969 0
23970 1
23971 0
23972 4
23973 0
23974 1
23975 3
23976 0
23977 5
23978 0
23979 3
23980 1
23981 4
23982 4
23983 2
23984 1
23985 0
23986 1
23987 0
23988 3
23989 3
23990 0
23991 2
23992 0
23993 0
23994 0
23995 0
23996 5
23997 0
23998 0
23999 1
24000 3
24001 2
24002 2
24003 2
24004 4
24005 3
24006 4
24007 1
24008 4
24009 3
24010 1
24011 4
24012 2
24013 3
24014 2
24015 3
24016 3
24017 0
24018 2
24019 0
24020 5
24021 0
24022 1
24023 2
24024 2
24025 1
24026 2
24027 1
24028 5
24029 5
24030 2
24031 0
24032 4
24033 0
24034 3
24035 1
24036 3
24037 2
24038 1
24039 0
24040 0
24041 3
24042 2
24043 5
24044 2
24045 2
24046 5
24047 1
24048 0
24049 5
24050 3
24051 0
24052 4
24053 2
24054 0
24055 4
24056 0
24057 0
24058 2
24059 0
24060 0
24061 3
24062 0
24063 1
24064 3
24065 2
24066 4
24067 0
24068 4
24069 1
24070 0
24071 1
24072 0
24073 0
24074 4
24075 2
24076 0
24077 1
24078 3
24079 4
24080 2
24081 3
24082 1
24083 4
24084 3
24085 1
24086 2
24087 1
24088 0
24089 1
24090 2
24091 3
24092 0
24093 4
24094 1
24095 0
24096 3
24097 3
24098 5
24099 3
24100 3
24101 1
24102 0
24103 1
24104 0
24105 5
24106 1
24107 4
24108 4
24109 5
24110 4
24111 0
24112 3
24113 1
24114 2
24115 2
24116 0
24117 2
24118 2
24119 2
24120 2
24121 2
24122 1
24123 3
24124 3
24125 1
24126 2
24127 3
24128 2
24129 3
24130 2
24131 4
24132 0
24133 1
24134 4
24135 1
24136 5
24137 0
24138 2
24139 3
24140 2
24141 5
24142 0
24143 1
24144 1
24145 1
24146 5
24147 2
24148 3
24149 1
24150 5
24151 1
24152 0
24153 0
24154 1
24155 3
24156 3
24157 1
24158 1
24159 3
24160 3
24161 0
24162 2
24163 1
24164 0
24165 0
24166 4
24167 1
24168 3
24169 2
24170 3
24171 1
24172 1
24173 0
24174 4
24175 1
24176 2
24177 0
24178 1
24179 4
24180 0
24181 3
24182 1
24183 2
24184 2
24185 5
24186 3
24187 3
24188 0
24189 1
24190 3
24191 0
24192 4
24193 0
24194 2
24195 3
24196 2
24197 0
24198 4
24199 2
24200 0
24201 0
24202 0
24203 0
24204 2
24205 4
24206 3
24207 2
24208 2
24209 0
24210 0
24211 4
24212 3
24213 2
24214 5
24215 4
24216 1
24217 0
24218 1
24219 2
24220 1
24221 2
24222 1
24223 2
24224 0
24225 2
24226 1
24227 1
24228 1
24229 1
24230 0
24231 4
24232 3
24233 2
24234 4
24235 4
24236 2
24237 1
24238 0
24239 4
24240 1
24241 3
24242 3
24243 0
24244 3
24245 0
24246 0
24247 4
24248 1
24249 0
24250 2
24251 0
24252 1
24253 3
24254 2
24255 3
24256 1
24257 0
24258 0
24259 0
24260 0
24261 2
24262 2
24263 3
24264 0
24265 0
24266 2
24267 1
24268 0
24269 4
24270 4
24271 0
24272 0
24273 1
24274 4
24275 2
24276 4
24277 4
24278 0
24279 1
24280 1
24281 3
24282 3
24283 1
24284 3
24285 2
24286 3
24287 0
24288 0
24289 3
24290 2
24291 2
24292 2
24293 1
24294 4
24295 3
24296 0
24297 4
24298 4
24299 1
24300 3
24301 0
24302 2
24303 2
24304 2
24305 5
24306 4
24307 4
24308 0
24309 4
24310 0
24311 3
24312 3
24313 1
24314 2
24315 4
24316 3
24317 3
24318 0
24319 1
24320 4
24321 0
24322 1
24323 0
24324 1
24325 3
24326 2
24327 2
24328 1
24329 2
24330 1
24331 1
24332 1
24333 1
24334 1
24335 2
24336 3
24337 3
24338 4
24339 4
24340 1
24341 3
24342 1
24343 0
24344 1
24345 3
24346 4
24347 2
24348 4
24349 3
24350 3
24351 4
24352 2
24353 0
24354 3
24355 4
24356 3
24357 1
24358 3
24359 2
24360 3
24361 3
24362 0
24363 3
24364 1
24365 1
24366 0
24367 1
24368 0
24369 1
24370 0
24371 2
24372 4
24373 3
24374 2
24375 4
24376 0
24377 4
24378 4
24379 4
24380 1
24381 1
24382 3
24383 0
24384 1
24385 1
24386 1
24387 2
24388 0
24389 3
24390 4
24391 0
24392 1
24393 3
24394 5
24395 0
24396 0
24397 1
24398 0
24399 4
24400 2
24401 2
24402 3
24403 2
24404 2
24405 1
24406 3
24407 0
24408 4
24409 1
24410 5
24411 0
24412 4
24413 2
24414 3
24415 3
24416 2
24417 3
24418 4
24419 2
24420 2
24421 4
24422 0
24423 0
24424 0
24425 4
24426 1
24427 2
24428 2
24429 1
24430 1
24431 3
24432 0
24433 2
24434 3
24435 0
24436 0
24437 3
24438 4
24439 4
24440 3
24441 2
24442 1
24443 1
24444 0
24445 2
24446 1
24447 3
24448 3
24449 3
24450 2
24451 4
24452 3
24453 2
24454 1
24455 0
24456 2
24457 3
24458 0
24459 3
24460 2
24461 1
24462 0
24463 1
24464 0
24465 1
24466 1
24467 1
24468 5
24469 0
24470 2
24471 0
24472 0
24473 5
24474 0
24475 3
24476 2
24477 5
24478 2
24479 3
24480 2
24481 4
24482 0
24483 3
24484 0
24485 0
24486 2
24487 1
24488 0
24489 2
24490 0
24491 4
24492 0
24493 4
24494 2
24495 0
24496 0
24497 2
24498 0
24499 3
24500 4
24501 0
24502 2
24503 3
24504 3
24505 1
24506 3
24507 0
24508 2
24509 0
24510 1
24511 2
24512 1
24513 1
24514 0
24515 2
24516 0
24517 1
24518 3
24519 1
24520 1
24521 0
24522 3
24523 2
24524 1
24525 1
24526 0
24527 0
24528 3
24529 5
24530 1
24531 5
24532 5
24533 4
24534 2
24535 4
24536 3
24537 2
24538 2
24539 3
24540 3
24541 1
24542 1
24543 2
24544 0
24545 3
24546 4
24547 4
24548 0
24549 3
24550 2
24551 3
24552 3
24553 1
24554 2
24555 2
24556 1
24557 4
24558 1
24559 3
24560 2
24561 3
24562 5
24563 0
24564 2
24565 0
24566 2
24567 3
24568 2
24569 0
24570 0
24571 1
24572 0
24573 3
24574 0
24575 0
24576 1
24577 3
24578 4
24579 4
24580 3
24581 1
24582 3
24583 1
24584 0
24585 2
24586 2
24587 1
24588 2
24589 2
24590 4
24591 0
24592 3
24593 0
24594 0
24595 3
24596 1
24597 1
24598 3
24599 2
24600 5
24601 0
24602 3
24603 2
24604 1
24605 5
24606 0
24607 4
24608 1
24609 2
24610 4
24611 0
24612 4
24613 4
24614 2
24615 1
24616 2
24617 1
24618 2
24619 1
24620 3
24621 5
24622 0
24623 4
24624 2
24625 0
24626 0
24627 4
24628 3
24629 3
24630 1
24631 0
24632 3
24633 0
24634 1
24635 2
24636 3
24637 3
24638 4
24639 5
24640 2
24641 2
24642 2
24643 2
24644 0
24645 2
24646 0
24647 2
24648 3
24649 3
24650 4
24651 4
24652 0
24653 1
24654 1
24655 1
24656 3
24657 1
24658 1
24659 3
24660 2
24661 0
24662 3
24663 2
24664 2
24665 1
24666 2
24667 4
24668 3
24669 4
24670 4
24671 4
24672 2
24673 2
24674 1
24675 3
24676 1
24677 4
24678 0
24679 3
24680 0
24681 4
24682 0
24683 3
24684 3
24685 0
24686 1
24687 3
24688 2
24689 1
24690 4
24691 3
24692 1
24693 1
24694 1
24695 4
24696 2
24697 3
24698 4
24699 3
24700 1
24701 3
24702 0
24703 1
24704 1
24705 2
24706 4
24707 0
24708 0
24709 2
24710 2
24711 2
24712 4
24713 3
24714 0
24715 0
24716 3
24717 2
24718 3
24719 2
24720 1
24721 2
24722 4
24723 1
24724 2
24725 0
24726 3
24727 3
24728 3
24729 4
24730 1
24731 4
24732 3
24733 3
24734 2
24735 1
24736 1
24737 0
24738 0
24739 4
24740 0
24741 3
24742 1
24743 0
24744 4
24745 3
24746 3
24747 0
24748 1
24749 2
24750 1
24751 1
24752 4
24753 1
24754 0
24755 4
24756 1
24757 1
24758 0
24759 3
24760 2
24761 2
24762 3
24763 6
24764 3
24765 1
24766 4
24767 3
24768 0
24769 1
24770 2
24771 1
24772 1
24773 2
24774 0
24775 1
24776 4
24777 2
24778 0
24779 1
24780 1
24781 4
24782 2
24783 1
24784 5
24785 0
24786 3
24787 1
24788 3
24789 2
24790 0
24791 3
24792 3
24793 3
24794 0
24795 2
24796 2
24797 2
24798 3
24799 3
24800 4
24801 1
24802 4
24803 3
24804 3
24805 3
24806 0
24807 4
24808 4
24809 6
24810 0
24811 3
24812 2
24813 1
24814 4
24815 0
24816 4
24817 4
24818 4
24819 1
24820 4
24821 1
24822 3
24823 0
24824 3
24825 2
24826 1
24827 1
24828 3
24829 3
24830 0
24831 2
24832 3
24833 4
24834 1
24835 1
24836 2
24837 0
24838 5
24839 0
24840 0
24841 3
24842 4
24843 2
24844 4
24845 0
24846 4
24847 0
24848 1
24849 1
24850 0
24851 1
24852 1
24853 3
24854 2
24855 5
24856 5
24857 2
24858 0
24859 2
24860 0
24861 0
24862 4
24863 1
24864 2
24865 0
24866 3
24867 1
24868 2
24869 0
24870 3
24871 2
24872 3
24873 0
24874 0
24875 4
24876 0
24877 4
24878 4
24879 0
24880 2
24881 0
24882 0
24883 5
24884 1
24885 2
24886 2
24887 2
24888 1
24889 1
24890 5
24891 2
24892 2
24893 3
24894 3
24895 1
24896 2
24897 0
24898 4
24899 2
24900 1
24901 1
24902 2
24903 3
24904 2
24905 0
24906 0
24907 1
24908 0
24909 2
24910 2
24911 3
24912 1
24913 2
24914 0
24915 5
24916 4
24917 0
24918 0
24919 1
24920 1
24921 3
24922 0
24923 0
24924 1
24925 0
24926 0
24927 3
24928 4
24929 4
24930 1
24931 2
24932 2
24933 1
24934 4
24935 3
24936 2
24937 2
24938 0
24939 1
24940 0
24941 1
24942 0
24943 4
24944 1
24945 5
24946 2
24947 5
24948 1
24949 3
24950 3
24951 0
24952 0
24953 4
24954 0
24955 5
24956 0
24957 0
24958 2
24959 2
24960 2
24961 3
24962 1
24963 1
24964 3
24965 2
24966 0
24967 3
24968 2
24969 4
24970 3
24971 3
24972 2
24973 0
24974 2
24975 2
24976 0
24977 5
24978 2
24979 1
24980 3
24981 2
24982 2
24983 4
24984 3
24985 2
24986 3
24987 0
24988 4
24989 0
24990 0
24991 1
24992 2
24993 1
24994 1
24995 1
24996 4
24997 2
24998 5
24999 3
25000 1
25001 4
25002 1
25003 1
25004 1
25005 0
25006 5
25007 1
25008 3
25009 0
25010 2
25011 4
25012 2
25013 3
25014 4
25015 1
25016 0
25017 2
25018 0
25019 3
25020 0
25021 2
25022 1
25023 3
25024 4
25025 4
25026 2
25027 4
25028 3
25029 3
25030 2
25031 2
25032 0
25033 0
25034 3
25035 0
25036 1
25037 4
25038 0
25039 5
25040 3
25041 2
25042 0
25043 2
25044 0
25045 3
25046 0
25047 0
25048 4
25049 0
25050 2
25051 0
25052 2
25053 1
25054 0
25055 0
25056 2
25057 1
25058 3
25059 2
25060 3
25061 2
25062 5
25063 4
25064 3
25065 3
25066 1
25067 0
25068 4
25069 3
25070 3
25071 0
25072 2
25073 0
25074 5
25075 2
25076 4
25077 0
25078 2
25079 2
25080 0
25081 0
25082 2
25083 0
25084 1
25085 0
25086 3
25087 4
25088 0
25089 0
25090 0
25091 2
25092 3
25093 2
25094 4
25095 2
25096 3
25097 1
25098 1
25099 4
25100 2
25101 4
25102 2
25103 1
25104 4
25105 3
25106 1
25107 0
25108 0
25109 2
25110 3
25111 1
25112 0
25113 1
25114 4
25115 5
25116 0
25117 1
25118 3
25119 2
25120 1
25121 4
25122 4
25123 0
25124 2
25125 2
25126 1
25127 4
25128 4
25129 3
25130 1
25131 2
25132 0
25133 1
25134 3
25135 3
25136 3
25137 4
25138 0
25139 3
25140 5
25141 4
25142 5
25143 0
25144 2
25145 1
25146 2
25147 4
25148 0
25149 4
25150 0
25151 0
25152 1
25153 2
25154 5
25155 1
25156 2
25157 2
25158 1
25159 0
25160 4
25161 1
25162 3
25163 1
25164 3
25165 2
25166 0
25167 0
25168 2
25169 0
25170 1
25171 1
25172 0
25173 4
25174 0
25175 0
25176 2
25177 1
25178 2
25179 2
25180 0
25181 3
25182 3
25183 1
25184 2
25185 2
25186 0
25187 3
25188 0
25189 1
25190 0
25191 2
25192 4
25193 0
25194 2
25195 0
25196 5
25197 0
25198 1
25199 3
25200 1
25201 4
25202 1
25203 0
25204 0
25205 3
25206 2
25207 5
25208 0
25209 0
25210 3
25211 4
25212 2
25213 2
25214 0
25215 3
25216 3
25217 5
25218 2
25219 0
25220 4
25221 2
25222 2
25223 0
25224 1
25225 1
25226 1
25227 1
25228 0
25229 2
25230 1
25231 2
25232 4
25233 1
25234 3
25235 2
25236 0
25237 0
25238 4
25239 3
25240 5
25241 1
25242 3
25243 2
25244 3
25245 2
25246 0
25247 1
25248 4
25249 1
25250 0
25251 3
25252 3
25253 0
25254 2
25255 0
25256 1
25257 3
25258 4
25259 2
25260 0
25261 3
25262 3
25263 3
25264 1
25265 4
25266 1
25267 0
25268 5
25269 0
25270 2
25271 4
25272 1
25273 2
25274 0
25275 0
25276 3
25277 2
25278 3
25279 1
25280 2
25281 2
25282 3
25283 2
25284 3
25285 5
25286 2
25287 2
25288 4
25289 1
25290 3
25291 0
25292 1
25293 5
25294 3
25295 5
25296 1
25297 3
25298 2
25299 3
25300 0
25301 2
25302 2
25303 0
25304 3
25305 1
25306 0
25307 2
25308 0
25309 0
25310 1
25311 0
25312 3
25313 0
25314 1
25315 5
25316 2
25317 3
25318 3
25319 1
25320 2
25321 2
25322 2
25323 4
25324 3
25325 2
25326 2
25327 0
25328 3
25329 3
25330 3
25331 4
25332 1
25333 4
25334 1
25335 0
25336 3
25337 0
25338 1
25339 3
25340 0
25341 1
25342 1
25343 0
25344 3
25345 1
25346 3
25347 4
25348 1
25349 3
25350 0
25351 1
25352 1
25353 1
25354 2
25355 1
25356 3
25357 2
25358 3
25359 3
25360 0
25361 3
25362 2
25363 0
25364 0
25365 0
25366 0
25367 1
25368 1
25369 3
25370 2
25371 0
25372 1
25373 0
25374 1
25375 3
25376 0
25377 3
25378 1
25379 3
25380 5
25381 2
25382 3
25383 3
25384 4
25385 3
25386 3
25387 3
25388 1
25389 0
25390 0
25391 5
25392 3
25393 5
25394 0
25395 3
25396 4
25397 1
25398 1
25399 3
25400 5
25401 0
25402 0
25403 1
25404 2
25405 0
25406 2
25407 0
25408 0
25409 3
25410 0
25411 4
25412 0
25413 5
25414 2
25415 1
25416 3
25417 1
25418 2
25419 1
25420 0
25421 0
25422 0
25423 0
25424 1
25425 1
25426 2
25427 2
25428 1
25429 1
25430 2
25431 2
25432 1
25433 3
25434 1
25435 4
25436 2
25437 2
25438 0
25439 3
25440 0
25441 3
25442 2
25443 3
25444 0
25445 5
25446 3
25447 0
25448 0
25449 1
25450 2
25451 3
25452 2
25453 1
25454 1
25455 1
25456 4
25457 4
25458 4
25459 1
25460 1
25461 2
25462 4
25463 0
25464 3
25465 0
25466 3
25467 3
25468 1
25469 0
25470 4
25471 0
25472 0
25473 3
25474 0
25475 3
25476 2
25477 0
25478 2
25479 0
25480 3
25481 3
25482 0
25483 1
25484 3
25485 0
25486 0
25487 3
25488 3
25489 1
25490 1
25491 0
25492 3
25493 0
25494 0
25495 2
25496 3
25497 2
25498 2
25499 1
25500 2
25501 2
25502 1
25503 0
25504 2
25505 2
25506 3
25507 2
25508 4
25509 0
25510 1
25511 2
25512 3
25513 5
25514 0
25515 3
25516 2
25517 4
25518 2
25519 2
25520 3
25521 0
25522 1
25523 2
25524 0
25525 4
25526 3
25527 1
25528 3
25529 0
25530 0
25531 1
25532 2
25533 2
25534 2
25535 4
25536 2
25537 1
25538 0
25539 0
25540 3
25541 5
25542 5
25543 3
25544 3
25545 4
25546 0
25547 0
25548 5
25549 2
25550 0
25551 1
25552 2
25553 1
25554 0
25555 0
25556 2
25557 2
25558 3
25559 3
25560 0
25561 1
25562 0
25563 2
25564 1
25565 2
25566 5
25567 0
25568 3
25569 1
25570 1
25571 3
25572 0
25573 0
25574 0
25575 3
25576 3
25577 3
25578 2
25579 2
25580 3
25581 3
25582 2
25583 2
25584 2
25585 2
25586 0
25587 0
25588 4
25589 1
25590 5
25591 2
25592 0
25593 4
25594 4
25595 2
25596 2
25597 1
25598 1
25599 1
25600 3
25601 1
25602 3
25603 3
25604 1
25605 1
25606 2
25607 1
25608 4
25609 1
25610 2
25611 2
25612 3
25613 3
25614 0
25615 4
25616 0
25617 4
25618 4
25619 4
25620 2
25621 4
25622 4
25623 2
25624 2
25625 0
25626 3
25627 1
25628 3
25629 1
25630 2
25631 2
25632 1
25633 0
25634 1
25635 0
25636 3
25637 3
25638 2
25639 2
25640 1
25641 3
25642 2
25643 4
25644 1
25645 4
25646 4
25647 0
25648 1
25649 1
25650 1
25651 0
25652 2
25653 6
25654 4
25655 2
25656 2
25657 1
25658 0
25659 1
25660 4
25661 1
25662 4
25663 3
25664 1
25665 3
25666 0
25667 0
25668 4
25669 1
25670 2
25671 1
25672 0
25673 2
25674 0
25675 2
25676 2
25677 3
25678 4
25679 2
25680 4
25681 1
25682 1
25683 4
25684 1
25685 0
25686 5
25687 1
25688 1
25689 4
25690 1
25691 2
25692 0
25693 2
25694 3
25695 5
25696 4
25697 2
25698 0
25699 0
25700 3
25701 1
25702 1
25703 1
25704 4
25705 0
25706 2
25707 0
25708 4
25709 6
25710 3
25711 2
25712 3
25713 3
25714 0
25715 2
25716 4
25717 5
25718 1
25719 3
25720 2
25721 0
25722 2
25723 3
25724 2
25725 2
25726 3
25727 5
25728 2
25729 4
25730 3
25731 3
25732 2
25733 4
25734 4
25735 2
25736 0
25737 1
25738 3
25739 0
25740 5
25741 0
25742 0
25743 1
25744 2
25745 0
25746 5
25747 3
25748 1
25749 1
25750 2
25751 4
25752 3
25753 0
25754 2
25755 2
25756 4
25757 3
25758 0
25759 1
25760 2
25761 4
25762 3
25763 3
25764 3
25765 1
25766 2
25767 1
25768 5
25769 2
25770 2
25771 4
25772 3
25773 3
25774 6
25775 1
25776 4
25777 4
25778 3
25779 2
25780 3
25781 4
25782 2
25783 2
25784 4
25785 0
25786 0
25787 0
25788 1
25789 0
25790 0
25791 2
25792 1
25793 1
25794 3
25795 1
25796 3
25797 0
25798 0
25799 1
25800 3
25801 2
25802 1
25803 3
25804 5
25805 1
25806 2
25807 1
25808 1
25809 4
25810 4
25811 2
25812 1
25813 5
25814 2
25815 3
25816 2
25817 1
25818 0
25819 5
25820 5
25821 0
25822 1
25823 3
25824 3
25825 0
25826 1
25827 0
25828 3
25829 0
25830 3
25831 5
25832 0
25833 0
25834 2
25835 0
25836 1
25837 0
25838 5
25839 1
25840 2
25841 2
25842 5
25843 0
25844 1
25845 2
25846 2
25847 1
25848 1
25849 2
25850 1
25851 0
25852 2
25853 3
25854 1
25855 1
25856 0
25857 1
25858 3
25859 0
25860 0
25861 4
25862 0
25863 1
25864 3
25865 0
25866 0
25867 0
25868 2
25869 0
25870 1
25871 0
25872 2
25873 3
25874 0
25875 1
25876 2
25877 1
25878 0
25879 2
25880 0
25881 2
25882 2
25883 0
25884 2
25885 3
25886 4
25887 0
25888 1
25889 0
25890 2
25891 3
25892 1
25893 3
25894 1
25895 3
25896 2
25897 3
25898 5
25899 1
25900 1
25901 2
25902 0
25903 5
25904 0
25905 2
25906 1
25907 3
25908 3
25909 0
25910 2
25911 1
25912 1
25913 1
25914 2
25915 3
25916 2
25917 1
25918 1
25919 2
25920 1
25921 3
25922 1
25923 0
25924 4
25925 2
25926 1
25927 1
25928 0
25929 1
25930 3
25931 2
25932 0
25933 0
25934 1
25935 2
25936 0
25937 3
25938 2
25939 3
25940 1
25941 1
25942 1
25943 1
25944 3
25945 1
25946 1
25947 0
25948 0
25949 0
25950 4
25951 4
25952 4
25953 1
25954 4
25955 3
25956 3
25957 0
25958 2
25959 0
25960 0
25961 3
25962 2
25963 3
25964 3
25965 0
25966 4
25967 2
25968 1
25969 4
25970 0
25971 0
25972 1
25973 1
25974 3
25975 1
25976 1
25977 3
25978 0
25979 2
25980 1
25981 0
25982 3
25983 0
25984 3
25985 2
25986 1
25987 1
25988 0
25989 2
25990 3
25991 4
25992 1
25993 2
25994 4
25995 1
25996 2
25997 5
25998 0
25999 1
26000 4
26001 2
26002 2
26003 4
26004 5
26005 2
26006 2
26007 1
26008 1
26009 2
26010 1
26011 3
26012 2
26013 0
26014 0
26015 3
26016 3
26017 0
26018 2
26019 3
26020 1
26021 3
26022 4
26023 1
26024 2
26025 2
26026 3
26027 0
26028 0
26029 2
26030 4
26031 2
26032 3
26033 4
26034 3
26035 4
26036 3
26037 4
26038 4
26039 2
26040 0
26041 1
26042 1
26043 3
26044 2
26045 5
26046 4
26047 0
26048 1
26049 0
26050 5
26051 1
26052 0
26053 3
26054 1
26055 4
26056 3
26057 3
26058 5
26059 0
26060 2
26061 1
26062 0
26063 3
26064 2
26065 1
26066 2
26067 4
26068 1
26069 0
26070 4
26071 2
26072 3
26073 1
26074 5
26075 2
26076 3
26077 3
26078 4
26079 0
26080 1
26081 2
26082 3
26083 1
26084 2
26085 1
26086 4
26087 4
26088 2
26089 0
26090 1
26091 3
26092 1
26093 0
26094 5
26095 1
26096 3
26097 1
26098 1
26099 0
26100 1
26101 1
26102 0
26103 0
26104 0
26105 0
26106 2
26107 2
26108 1
26109 2
26110 2
26111 3
26112 3
26113 2
26114 3
26115 2
26116 3
26117 0
26118 2
26119 1
26120 4
26121 3
26122 4
26123 0
26124 3
26125 0
26126 1
26127 5
26128 1
26129 1
26130 2
26131 4
26132 4
26133 0
26134 0
26135 4
26136 1
26137 2
26138 4
26139 3
26140 4
26141 4
26142 0
26143 5
26144 4
26145 2
26146 4
26147 2
26148 1
26149 2
26150 4
26151 2
26152 2
26153 0
26154 3
26155 3
26156 1
26157 2
26158 3
26159 3
26160 1
26161 2
26162 3
26163 2
26164 0
26165 5
26166 3
26167 2
26168 1
26169 4
26170 0
26171 3
26172 1
26173 1
26174 3
26175 0
26176 2
26177 0
26178 2
26179 1
26180 0
26181 5
26182 2
26183 3
26184 2
26185 0
26186 1
26187 1
26188 1
26189 3
26190 3
26191 0
26192 4
26193 2
26194 2
26195 0
26196 0
26197 1
26198 4
26199 0
26200 0
26201 3
26202 1
26203 0
26204 3
26205 1
26206 1
26207 4
26208 2
26209 4
26210 2
26211 3
26212 1
26213 1
26214 3
26215 0
26216 0
26217 2
26218 2
26219 4
26220 0
26221 5
26222 3
26223 3
26224 3
26225 2
26226 2
26227 2
26228 4
26229 3
26230 3
26231 3
26232 0
26233 4
26234 0
26235 1
26236 1
26237 0
26238 2
26239 3
26240 5
26241 0
26242 0
26243 1
26244 5
26245 5
26246 3
26247 1
26248 1
26249 2
26250 0
26251 3
26252 3
26253 4
26254 1
26255 3
26256 1
26257 1
26258 3
26259 0
26260 3
26261 4
26262 0
26263 1
26264 0
26265 0
26266 2
26267 1
26268 2
26269 2
26270 0
26271 0
26272 5
26273 0
26274 1
26275 2
26276 3
26277 1
26278 5
26279 6
26280 0
26281 1
26282 1
26283 5
26284 1
26285 1
26286 0
26287 4
26288 0
26289 0
26290 3
26291 4
26292 3
26293 1
26294 4
26295 2
26296 3
26297 0
26298 1
26299 2
26300 1
26301 1
26302 0
26303 0
26304 2
26305 3
26306 4
26307 4
26308 2
26309 1
26310 2
26311 1
26312 0
26313 3
26314 4
26315 0
26316 5
26317 2
26318 2
26319 3
26320 1
26321 1
26322 3
26323 5
26324 0
26325 1
26326 0
26327 2
26328 1
26329 1
26330 0
26331 5
26332 2
26333 0
26334 2
26335 4
26336 3
26337 1
26338 3
26339 5
26340 1
26341 2
26342 1
26343 5
26344 2
26345 5
26346 1
26347 3
26348 0
26349 4
26350 2
26351 1
26352 3
26353 1
26354 2
26355 3
26356 3
26357 1
26358 4
26359 0
26360 1
26361 4
26362 5
26363 0
26364 0
26365 3
26366 2
26367 2
26368 3
26369 0
26370 0
26371 0
26372 1
26373 5
26374 4
26375 1
26376 2
26377 2
26378 0
26379 0
26380 0
26381 2
26382 1
26383 1
26384 0
26385 4
26386 2
26387 0
26388 1
26389 0
26390 4
26391 2
26392 2
26393 2
26394 0
26395 2
26396 4
26397 2
26398 3
26399 2
26400 2
26401 1
26402 3
26403 0
26404 5
26405 0
26406 1
26407 0
26408 0
26409 1
26410 4
26411 0
26412 4
26413 0
26414 1
26415 3
26416 2
26417 2
26418 2
26419 3
26420 4
26421 0
26422 2
26423 2
26424 5
26425 0
26426 3
26427 0
26428 1
26429 0
26430 2
26431 0
26432 3
26433 3
26434 1
26435 2
26436 2
26437 4
26438 2
26439 4
26440 1
26441 1
26442 2
26443 1
26444 1
26445 3
26446 0
26447 2
26448 2
26449 3
26450 0
26451 1
26452 2
26453 0
26454 2
26455 4
26456 2
26457 2
26458 0
26459 4
26460 2
26461 1
26462 3
26463 3
26464 1
26465 2
26466 4
26467 4
26468 0
26469 0
26470 0
26471 0
26472 2
26473 4
26474 5
26475 5
26476 2
26477 2
26478 2
26479 1
26480 4
26481 3
26482 5
26483 4
26484 3
26485 4
26486 3
26487 4
26488 2
26489 0
26490 3
26491 1
26492 1
26493 3
26494 1
26495 4
26496 3
26497 5
26498 5
26499 1
26500 2
26501 0
26502 0
26503 1
26504 0
26505 2
26506 1
26507 5
26508 1
26509 2
26510 3
26511 0
26512 1
26513 2
26514 0
26515 4
26516 2
26517 1
26518 1
26519 2
26520 3
26521 3
26522 1
26523 4
26524 2
26525 2
26526 4
26527 0
26528 2
26529 4
26530 5
26531 3
26532 2
26533 1
26534 2
26535 3
26536 4
26537 3
26538 3
26539 0
26540 5
26541 1
26542 0
26543 3
26544 3
26545 4
26546 1
26547 4
26548 1
26549 2
26550 1
26551 3
26552 3
26553 1
26554 3
26555 4
26556 2
26557 3
26558 2
26559 1
26560 1
26561 3
26562 4
26563 2
26564 0
26565 2
26566 1
26567 2
26568 2
26569 4
26570 0
26571 2
26572 2
26573 4
26574 2
26575 0
26576 4
26577 2
26578 3
26579 2
26580 1
26581 0
26582 1
26583 2
26584 2
26585 4
26586 4
26587 1
26588 3
26589 4
26590 3
26591 2
26592 5
26593 3
26594 2
26595 1
26596 5
26597 1
26598 2
26599 2
26600 3
26601 4
26602 2
26603 2
26604 2
26605 2
26606 2
26607 1
26608 5
26609 3
26610 3
26611 2
26612 3
26613 1
26614 2
26615 2
26616 2
26617 4
26618 4
26619 0
26620 4
26621 1
26622 2
26623 0
26624 3
26625 3
26626 0
26627 4
26628 3
26629 2
26630 4
26631 1
26632 3
26633 1
26634 0
26635 1
26636 2
26637 2
26638 0
26639 2
26640 1
26641 4
26642 0
26643 0
26644 2
26645 3
26646 2
26647 2
26648 4
26649 2
26650 2
26651 2
26652 4
26653 5
26654 4
26655 4
26656 0
26657 3
26658 3
26659 3
26660 0
26661 4
26662 2
26663 5
26664 3
26665 3
26666 0
26667 0
26668 4
26669 2
26670 4
26671 4
26672 1
26673 3
26674 2
26675 0
26676 0
26677 0
26678 1
26679 2
26680 1
26681 4
26682 5
26683 1
26684 0
26685 3
26686 0
26687 4
26688 3
26689 1
26690 3
26691 3
26692 3
26693 2
26694 4
26695 1
26696 0
26697 1
26698 0
26699 0
26700 0
26701 4
26702 3
26703 3
26704 3
26705 1
26706 4
26707 1
26708 2
26709 0
26710 0
26711 4
26712 3
26713 4
26714 2
26715 1
26716 4
26717 4
26718 2
26719 1
26720 3
26721 4
26722 4
26723 4
26724 0
26725 3
26726 1
26727 2
26728 1
26729 3
26730 2
26731 0
26732 4
26733 3
26734 1
26735 2
26736 2
26737 1
26738 2
26739 2
26740 0
26741 0
26742 2
26743 3
26744 0
26745 1
26746 3
26747 0
26748 2
26749 0
26750 3
26751 0
26752 3
26753 3
26754 3
26755 4
26756 2
26757 5
26758 2
26759 2
26760 5
26761 0
26762 2
26763 0
26764 1
26765 3
26766 1
26767 2
26768 1
26769 0
26770 2
26771 0
26772 2
26773 0
26774 1
26775 2
26776 2
26777 3
26778 1
26779 2
26780 3
26781 0
26782 0
26783 0
26784 3
26785 3
26786 4
26787 5
26788 4
26789 3
26790 1
26791 2
26792 1
26793 0
26794 3
26795 4
26796 2
26797 2
26798 0
26799 4
26800 2
26801 4
26802 1
26803 0
26804 0
26805 3
26806 0
26807 1
26808 2
26809 3
26810 2
26811 3
26812 0
26813 3
26814 2
26815 2
26816 0
26817 2
26818 3
26819 0
26820 0
26821 0
26822 1
26823 0
26824 5
26825 1
26826 3
26827 2
26828 4
26829 3
26830 0
26831 4
26832 4
26833 5
26834 4
26835 0
26836 4
26837 1
26838 0
26839 2
26840 2
26841 2
26842 4
26843 1
26844 1
26845 1
26846 1
26847 1
26848 0
26849 4
26850 0
26851 2
26852 0
26853 0
26854 2
26855 1
26856 2
26857 0
26858 1
26859 4
26860 2
26861 0
26862 1
26863 0
26864 0
26865 2
26866 2
26867 0
26868 1
26869 3
26870 3
26871 2
26872 0
26873 2
26874 3
26875 0
26876 0
26877 3
26878 2
26879 1
26880 1
26881 1
26882 5
26883 1
26884 2
26885 0
26886 0
26887 1
26888 2
26889 3
26890 0
26891 1
26892 0
26893 3
26894 3
26895 4
26896 1
26897 2
26898 5
26899 6
26900 1
26901 2
26902 3
26903 3
26904 1
26905 1
26906 0
26907 1
26908 2
26909 3
26910 5
26911 2
26912 2
26913 1
26914 1
26915 2
26916 3
26917 1
26918 2
26919 5
26920 1
26921 0
26922 3
26923 0
26924 1
26925 4
26926 2
26927 4
26928 0
26929 4
26930 1
26931 2
26932 0
26933 2
26934 1
26935 1
26936 3
26937 1
26938 4
26939 5
26940 1
26941 3
26942 0
26943 3
26944 2
26945 0
26946 1
26947 1
26948 0
26949 4
26950 1
26951 3
26952 3
26953 2
26954 3
26955 3
26956 2
26957 2
26958 2
26959 1
26960 1
26961 2
26962 2
26963 4
26964 4
26965 2
26966 0
26967 1
26968 4
26969 3
26970 1
26971 4
26972 3
26973 3
26974 3
26975 1
26976 0
26977 4
26978 1
26979 2
26980 3
26981 0
26982 1
26983 4
26984 1
26985 2
26986 4
26987 2
26988 2
26989 0
26990 2
26991 2
26992 0
26993 2
26994 3
26995 0
26996 3
26997 1
26998 1
26999 3
27000 2
27001 6
27002 2
27003 1
27004 4
27005 2
27006 0
27007 4
27008 4
27009 2
27010 1
27011 2
27012 2
27013 2
27014 0
27015 2
27016 5
27017 3
27018 5
27019 1
27020 4
27021 2
27022 1
27023 1
27024 1
27025 5
27026 0
27027 1
27028 1
27029 1
27030 1
27031 2
27032 3
27033 2
27034 1
27035 5
27036 1
27037 3
27038 2
27039 0
27040 4
27041 4
27042 4
27043 2
27044 2
27045 3
27046 2
27047 3
27048 3
27049 4
27050 1
27051 3
27052 1
27053 2
27054 3
27055 0
27056 1
27057 1
27058 3
27059 2
27060 1
27061 2
27062 1
27063 2
27064 2
27065 3
27066 0
27067 4
27068 0
27069 3
27070 3
27071 1
27072 4
27073 0
27074 0
27075 6
27076 0
27077 1
27078 5
27079 0
27080 3
27081 2
27082 2
27083 3
27084 1
27085 3
27086 4
27087 0
27088 1
27089 2
27090 0
27091 3
27092 2
27093 4
27094 1
27095 1
27096 4
27097 1
27098 2
27099 1
27100 2
27101 1
27102 4
27103 4
27104 0
27105 2
27106 3
27107 3
27108 4
27109 3
27110 5
27111 1
27112 1
27113 1
27114 1
27115 1
27116 2
27117 3
27118 5
27119 3
27120 3
27121 3
27122 1
27123 2
27124 4
27125 1
27126 2
27127 3
27128 2
27129 0
27130 0
27131 2
27132 2
27133 2
27134 2
27135 0
27136 3
27137 2
27138 0
27139 3
27140 4
27141 3
27142 3
27143 2
27144 4
27145 3
27146 1
27147 0
27148 3
27149 1
27150 2
27151 0
27152 2
27153 2
27154 1
27155 0
27156 2
27157 0
27158 1
27159 1
27160 1
27161 4
27162 2
27163 5
27164 3
27165 4
27166 0
27167 4
27168 0
27169 2
27170 4
27171 0
27172 0
27173 2
27174 2
27175 1
27176 4
27177 3
27178 2
27179 2
27180 0
27181 4
27182 3
27183 0
27184 2
27185 1
27186 3
27187 2
27188 0
27189 4
27190 2
27191 2
27192 1
27193 4
27194 3
27195 2
27196 1
27197 2
27198 4
27199 4
27200 4
27201 0
27202 0
27203 0
27204 3
27205 3
27206 2
27207 0
27208 1
27209 2
27210 3
27211 2
27212 3
27213 3
27214 2
27215 2
27216 4
27217 0
27218 2
27219 5
27220 2
27221 5
27222 4
27223 2
27224 2
27225 3
27226 2
27227 3
27228 0
27229 0
27230 0
27231 2
27232 1
27233 3
27234 0
27235 0
27236 2
27237 0
27238 6
27239 1
27240 3
27241 3
27242 1
27243 3
27244 0
27245 1
27246 4
27247 3
27248 2
27249 2
27250 2
27251 1
27252 1
27253 2
27254 1
27255 2
27256 5
27257 4
27258 1
27259 0
27260 1
27261 0
27262 3
27263 5
27264 1
27265 4
27266 1
27267 3
27268 3
27269 3
27270 2
27271 0
27272 1
27273 1
27274 3
27275 0
27276 2
27277 1
27278 1
27279 4
27280 3
27281 1
27282 0
27283 1
27284 5
27285 1
27286 0
27287 0
27288 1
27289 0
27290 1
27291 0
27292 4
27293 3
27294 4
27295 0
27296 0
27297 2
27298 2
27299 0
27300 2
27301 0
27302 4
27303 1
27304 2
27305 1
27306 5
27307 2
27308 4
27309 4
27310 3
27311 0
27312 1
27313 4
27314 5
27315 0
27316 3
27317 0
27318 1
27319 3
27320 0
27321 5
27322 2
27323 0
27324 3
27325 2
27326 2
27327 0
27328 5
27329 0
27330 1
27331 1
27332 0
27333 2
27334 0
27335 0
27336 0
27337 3
27338 2
27339 0
27340 0
27341 6
27342 1
27343 2
27344 3
27345 1
27346 2
27347 1
27348 2
27349 2
27350 4
27351 2
27352 3
27353 4
27354 3
27355 1
27356 3
27357 2
27358 1
27359 0
27360 1
27361 3
27362 4
27363 3
27364 0
27365 2
27366 0
27367 3
27368 0
27369 0
27370 4
27371 3
27372 2
27373 1
27374 2
27375 1
27376 3
27377 3
27378 2
27379 1
27380 1
27381 1
27382 4
27383 0
27384 2
27385 0
27386 2
27387 4
27388 2
27389 3
27390 2
27391 5
27392 4
27393 0
27394 3
27395 5
27396 4
27397 0
27398 3
27399 0
27400 2
27401 3
27402 2
27403 1
27404 4
27405 2
27406 1
27407 4
27408 1
27409 2
27410 5
27411 3
27412 2
27413 0
27414 2
27415 2
27416 2
27417 1
27418 2
27419 1
27420 3
27421 3
27422 3
27423 0
27424 2
27425 1
27426 0
27427 1
27428 3
27429 0
27430 3
27431 3
27432 2
27433 3
27434 1
27435 1
27436 1
27437 1
27438 3
27439 0
27440 0
27441 0
27442 4
27443 1
27444 1
27445 3
27446 0
27447 3
27448 3
27449 0
27450 3
27451 1
27452 0
27453 0
27454 4
27455 2
27456 2
27457 4
27458 3
27459 2
27460 4
27461 1
27462 3
27463 3
27464 1
27465 0
27466 3
27467 0
27468 2
27469 1
27470 0
27471 2
27472 4
27473 0
27474 3
27475 4
27476 3
27477 3
27478 2
27479 1
27480 2
27481 6
27482 4
27483 3
27484 2
27485 1
27486 2
27487 1
27488 4
27489 1
27490 1
27491 5
27492 1
27493 2
27494 3
27495 1
27496 1
27497 1
27498 0
27499 2
27500 1
27501 4
27502 5
27503 1
27504 3
27505 5
27506 0
27507 0
27508 0
27509 3
27510 4
27511 2
27512 3
27513 2
27514 1
27515 2
27516 4
27517 0
27518 3
27519 1
27520 4
27521 0
27522 1
27523 4
27524 1
27525 4
27526 3
27527 2
27528 1
27529 4
27530 1
27531 0
27532 4
27533 1
27534 3
27535 4
27536 4
27537 2
27538 3
27539 2
27540 2
27541 2
27542 1
27543 4
27544 0
27545 4
27546 0
27547 3
27548 4
27549 1
27550 1
27551 1
27552 0
27553 0
27554 3
27555 3
27556 0
27557 3
27558 0
27559 1
27560 0
27561 4
27562 5
27563 1
27564 1
27565 5
27566 2
27567 4
27568 2
27569 2
27570 4
27571 3
27572 5
27573 0
27574 4
27575 0
27576 3
27577 4
27578 0
27579 1
27580 5
27581 2
27582 0
27583 0
27584 2
27585 0
27586 1
27587 1
27588 1
27589 1
27590 1
27591 6
27592 0
27593 0
27594 1
27595 3
27596 2
27597 2
27598 0
27599 3
27600 2
27601 4
27602 2
27603 3
27604 4
27605 1
27606 1
27607 2
27608 3
27609 0
27610 4
27611 4
27612 4
27613 3
27614 1
27615 3
27616 3
27617 1
27618 3
27619 2
27620 1
27621 2
27622 4
27623 0
27624 0
27625 3
27626 0
27627 0
27628 0
27629 2
27630 4
27631 6
27632 4
27633 3
27634 0
27635 2
27636 1
27637 4
27638 2
27639 3
27640 1
27641 4
27642 3
27643 3
27644 3
27645 4
27646 4
27647 3
27648 5
27649 1
27650 1
27651 0
27652 4
27653 3
27654 1
27655 2
27656 4
27657 4
27658 3
27659 1
27660 3
27661 3
27662 2
27663 0
27664 1
27665 0
27666 0
27667 2
27668 5
27669 1
27670 2
27671 0
27672 5
27673 0
27674 1
27675 0
27676 4
27677 3
27678 1
27679 0
27680 4
27681 2
27682 1
27683 2
27684 0
27685 3
27686 1
27687 1
27688 2
27689 3
27690 2
27691 2
27692 2
27693 0
27694 4
27695 2
27696 3
27697 0
27698 2
27699 0
27700 2
27701 3
27702 2
27703 0
27704 1
27705 2
27706 1
27707 1
27708 4
27709 3
27710 2
27711 0
27712 3
27713 0
27714 0
27715 1
27716 1
27717 4
27718 0
27719 2
27720 4
27721 1
27722 2
27723 5
27724 4
27725 3
27726 4
27727 0
27728 1
27729 2
27730 1
27731 5
27732 3
27733 3
27734 1
27735 4
27736 1
27737 2
27738 5
27739 2
27740 2
27741 1
27742 4
27743 1
27744 1
27745 3
27746 0
27747 4
27748 3
27749 0
27750 2
27751 0
27752 5
27753 1
27754 3
27755 3
27756 2
27757 2
27758 5
27759 3
27760 6
27761 1
27762 2
27763 4
27764 0
27765 2
27766 2
27767 0
27768 1
27769 0
27770 3
27771 2
27772 2
27773 4
27774 1
27775 5
27776 4
27777 2
27778 1
27779 2
27780 0
27781 3
27782 1
27783 1
27784 1
27785 0
27786 1
27787 4
27788 4
27789 3
27790 1
27791 2
27792 1
27793 1
27794 1
27795 0
27796 4
27797 4
27798 1
27799 2
27800 2
27801 0
27802 0
27803 3
27804 4
27805 3
27806 2
27807 2
27808 4
27809 3
27810 0
27811 3
27812 3
27813 2
27814 0
27815 3
27816 3
27817 4
27818 5
27819 0
27820 2
27821 2
27822 3
27823 4
27824 1
27825 1
27826 5
27827 4
27828 0
27829 2
27830 4
27831 3
27832 4
27833 0
27834 2
27835 2
27836 1
27837 2
27838 2
27839 4
27840 2
27841 1
27842 3
27843 1
27844 3
27845 3
27846 1
27847 1
27848 0
27849 3
27850 3
27851 1
27852 1
27853 1
27854 1
27855 2
27856 2
27857 4
27858 0
27859 4
27860 3
27861 0
27862 2
27863 2
27864 4
27865 1
27866 2
27867 2
27868 1
27869 4
27870 1
27871 0
27872 1
27873 3
27874 0
27875 1
27876 3
27877 4
27878 3
27879 0
27880 1
27881 1
27882 3
27883 0
27884 5
27885 4
27886 4
27887 0
27888 0
27889 4
27890 2
27891 2
27892 1
27893 4
27894 0
27895 1
27896 3
27897 0
27898 0
27899 0
27900 4
27901 1
27902 4
27903 0
27904 2
27905 2
27906 0
27907 0
27908 4
27909 2
27910 0
27911 1
27912 0
27913 0
27914 4
27915 0
27916 0
27917 5
27918 3
27919 3
27920 1
27921 4
27922 3
27923 0
27924 1
27925 1
27926 0
27927 1
27928 1
27929 0
27930 2
27931 2
27932 1
27933 2
27934 3
27935 0
27936 0
27937 1
27938 0
27939 3
27940 0
27941 3
27942 5
27943 1
27944 2
27945 4
27946 0
27947 2
27948 0
27949 5
27950 2
27951 3
27952 2
27953 4
27954 1
27955 0
27956 1
27957 1
27958 2
27959 1
27960 0
27961 4
27962 0
27963 0
27964 0
27965 0
27966 0
27967 1
27968 1
27969 6
27970 0
27971 3
27972 3
27973 0
27974 5
27975 3
27976 0
27977 2
27978 3
27979 2
27980 1
27981 3
27982 4
27983 0
27984 3
27985 0
27986 1
27987 1
27988 3
27989 0
27990 3
27991 1
27992 0
27993 1
27994 3
27995 3
27996 1
27997 0
27998 3
27999 0
28000 0
28001 0
28002 0
28003 2
28004 4
28005 0
28006 4
28007 0
28008 3
28009 1
28010 3
28011 5
28012 2
28013 0
28014 1
28015 1
28016 1
28017 2
28018 4
28019 4
28020 4
28021 3
28022 5
28023 3
28024 0
28025 1
28026 2
28027 1
28028 3
28029 5
28030 3
28031 1
28032 2
28033 4
28034 4
28035 4
28036 1
28037 3
28038 0
28039 1
28040 0
28041 3
28042 1
28043 0
28044 1
28045 3
28046 0
28047 3
28048 3
28049 1
28050 0
28051 2
28052 3
28053 0
28054 0
28055 2
28056 2
28057 0
28058 5
28059 0
28060 0
28061 0
28062 0
28063 1
28064 0
28065 0
28066 0
28067 0
28068 4
28069 2
28070 5
28071 3
28072 2
28073 3
28074 1
28075 1
28076 3
28077 0
28078 2
28079 1
28080 1
28081 0
28082 2
28083 0
28084 3
28085 2
28086 1
28087 1
28088 2
28089 0
28090 1
28091 3
28092 0
28093 3
28094 4
28095 0
28096 2
28097 1
28098 3
28099 1
28100 3
28101 2
28102 0
28103 1
28104 1
28105 0
28106 0
28107 2
28108 4
28109 1
28110 1
28111 0
28112 0
28113 1
28114 4
28115 2
28116 0
28117 3
28118 4
28119 3
28120 0
28121 2
28122 2
28123 0
28124 4
28125 4
28126 2
28127 2
28128 0
28129 4
28130 3
28131 3
28132 0
28133 2
28134 3
28135 0
28136 4
28137 1
28138 1
28139 2
28140 3
28141 1
28142 0
28143 2
28144 0
28145 1
28146 4
28147 2
28148 1
28149 0
28150 4
28151 1
28152 4
28153 3
28154 2
28155 4
28156 1
28157 4
28158 1
28159 3
28160 1
28161 0
28162 1
28163 4
28164 2
28165 1
28166 2
28167 3
28168 1
28169 2
28170 2
28171 0
28172 2
28173 0
28174 1
28175 0
28176 1
28177 0
28178 2
28179 3
28180 4
28181 2
28182 1
28183 3
28184 5
28185 0
28186 2
28187 1
28188 0
28189 3
28190 1
28191 3
28192 2
28193 5
28194 0
28195 2
28196 5
28197 1
28198 2
28199 3
28200 2
28201 2
28202 1
28203 0
28204 1
28205 0
28206 0
28207 0
28208 2
28209 3
28210 1
28211 2
28212 3
28213 1
28214 0
28215 3
28216 1
28217 1
28218 1
28219 1
28220 2
28221 4
28222 3
28223 1
28224 2
28225 3
28226 2
28227 0
28228 3
28229 3
28230 0
28231 2
28232 0
28233 2
28234 0
28235 0
28236 3
28237 3
28238 0
28239 3
28240 2
28241 1
28242 0
28243 4
28244 0
28245 1
28246 0
28247 2
28248 4
28249 0
28250 1
28251 1
28252 0
28253 0
28254 1
28255 1
28256 4
28257 3
28258 4
28259 1
28260 5
28261 3
28262 3
28263 1
28264 3
28265 0
28266 4
28267 3
28268 5
28269 1
28270 3
28271 4
28272 3
28273 4
28274 3
28275 3
28276 0
28277 5
28278 3
28279 5
28280 5
28281 1
28282 2
28283 0
28284 1
28285 0
28286 0
28287 1
28288 0
28289 3
28290 0
28291 0
28292 3
28293 1
28294 0
28295 3
28296 4
28297 2
28298 2
28299 3
28300 4
28301 1
28302 4
28303 1
28304 4
28305 1
28306 0
28307 4
28308 2
28309 3
28310 3
28311 0
28312 0
28313 4
28314 0
28315 0
28316 3
28317 3
28318 2
28319 1
28320 1
28321 1
28322 0
28323 0
28324 0
28325 4
28326 1
28327 5
28328 2
28329 1
28330 2
28331 4
28332 4
28333 3
28334 4
28335 3
28336 0
28337 2
28338 0
28339 2
28340 2
28341 3
28342 4
28343 0
28344 3
28345 1
28346 0
28347 0
28348 0
28349 1
28350 0
28351 0
28352 5
28353 4
28354 5
28355 5
28356 1
28357 3
28358 3
28359 2
28360 1
28361 2
28362 3
28363 1
28364 3
28365 3
28366 4
28367 2
28368 5
28369 0
28370 2
28371 4
28372 2
28373 2
28374 4
28375 2
28376 2
28377 3
28378 2
28379 2
28380 0
28381 1
28382 2
28383 0
28384 0
28385 2
28386 0
28387 2
28388 2
28389 2
28390 3
28391 1
28392 0
28393 3
28394 3
28395 2
28396 0
28397 1
28398 1
28399 0
28400 4
28401 4
28402 0
28403 1
28404 6
28405 5
28406 4
28407 2
28408 1
28409 3
28410 1
28411 2
28412 2
28413 1
28414 0
28415 2
28416 0
28417 2
28418 4
28419 1
28420 4
28421 4
28422 3
28423 1
28424 3
28425 0
28426 1
28427 3
28428 4
28429 0
28430 3
28431 0
28432 0
28433 3
28434 1
28435 0
28436 1
28437 1
28438 0
28439 2
28440 1
28441 0
28442 4
28443 1
28444 4
28445 0
28446 1
28447 1
28448 0
28449 3
28450 4
28451 0
28452 1
28453 2
28454 2
28455 3
28456 5
28457 1
28458 3
28459 0
28460 2
28461 2
28462 3
28463 3
28464 3
28465 4
28466 3
28467 4
28468 4
28469 5
28470 3
28471 4
28472 3
28473 1
28474 1
28475 2
28476 3
28477 4
28478 1
28479 0
28480 0
28481 4
28482 3
28483 0
28484 0
28485 2
28486 3
28487 1
28488 1
28489 4
28490 1
28491 2
28492 1
28493 2
28494 2
28495 4
28496 4
28497 0
28498 3
28499 1
28500 5
28501 3
28502 2
28503 2
28504 2
28505 1
28506 1
28507 2
28508 2
28509 4
28510 0
28511 2
28512 5
28513 0
28514 5
28515 0
28516 4
28517 4
28518 1
28519 1
28520 3
28521 1
28522 1
28523 1
28524 3
28525 3
28526 3
28527 0
28528 4
28529 0
28530 2
28531 3
28532 0
28533 0
28534 4
28535 1
28536 1
28537 3
28538 2
28539 2
28540 2
28541 1
28542 2
28543 0
28544 1
28545 0
28546 3
28547 2
28548 4
28549 4
28550 2
28551 2
28552 2
28553 1
28554 1
28555 3
28556 2
28557 3
28558 2
28559 1
28560 2
28561 2
28562 1
28563 1
28564 2
28565 6
28566 1
28567 3
28568 3
28569 1
28570 2
28571 1
28572 0
28573 3
28574 3
28575 0
28576 2
28577 2
28578 1
28579 5
28580 0
28581 3
28582 3
28583 4
28584 2
28585 3
28586 5
28587 2
28588 0
28589 1
28590 0
28591 3
28592 1
28593 1
28594 2
28595 5
28596 2
28597 0
28598 0
28599 3
28600 3
28601 2
28602 4
28603 3
28604 1
28605 4
28606 5
28607 2
28608 2
28609 1
28610 0
28611 0
28612 1
28613 1
28614 2
28615 4
28616 1
28617 3
28618 4
28619 1
28620 0
28621 4
28622 2
28623 1
28624 5
28625 0
28626 4
28627 4
28628 2
28629 1
28630 2
28631 0
28632 4
28633 1
28634 4
28635 3
28636 2
28637 1
28638 1
28639 2
28640 1
28641 0
28642 3
28643 0
28644 1
28645 1
28646 3
28647 3
28648 2
28649 0
28650 4
28651 4
28652 0
28653 3
28654 3
28655 0
28656 0
28657 0
28658 1
28659 3
28660 3
28661 3
28662 4
28663 2
28664 4
28665 3
28666 2
28667 2
28668 3
28669 0
28670 2
28671 1
28672 5
28673 1
28674 0
28675 0
28676 2
28677 3
28678 1
28679 2
28680 0
28681 1
28682 2
28683 0
28684 0
28685 4
28686 2
28687 0
28688 5
28689 1
28690 0
28691 1
28692 1
28693 2
28694 0
28695 2
28696 1
28697 3
28698 2
28699 0
28700 5
28701 3
28702 2
28703 5
28704 1
28705 4
28706 0
28707 1
28708 2
28709 3
28710 0
28711 4
28712 4
28713 1
28714 4
28715 2
28716 2
28717 4
28718 1
28719 1
28720 0
28721 4
28722 2
28723 1
28724 2
28725 1
28726 1
28727 3
28728 0
28729 2
28730 1
28731 0
28732 4
28733 2
28734 2
28735 2
28736 4
28737 3
28738 5
28739 3
28740 0
28741 1
28742 2
28743 3
28744 2
28745 4
28746 3
28747 2
28748 0
28749 3
28750 5
28751 0
28752 2
28753 3
28754 1
28755 4
28756 0
28757 0
28758 3
28759 2
28760 2
28761 0
28762 0
28763 2
28764 2
28765 2
28766 0
28767 1
28768 4
28769 0
28770 4
28771 1
28772 1
28773 3
28774 4
28775 2
28776 1
28777 1
28778 5
28779 3
28780 3
28781 3
28782 5
28783 3
28784 2
28785 4
28786 1
28787 0
28788 0
28789 1
28790 1
28791 0
28792 2
28793 2
28794 1
28795 0
28796 3
28797 2
28798 3
28799 0
28800 1
28801 3
28802 2
28803 2
28804 1
28805 0
28806 1
28807 3
28808 1
28809 3
28810 2
28811 4
28812 4
28813 4
28814 4
28815 0
28816 3
28817 1
28818 3
28819 2
28820 4
28821 2
28822 1
28823 4
28824 1
28825 1
28826 0
28827 1
28828 4
28829 3
28830 2
28831 3
28832 1
28833 2
28834 2
28835 5
28836 1
28837 1
28838 1
28839 2
28840 5
28841 4
28842 1
28843 4
28844 2
28845 1
28846 1
28847 3
28848 2
28849 0
28850 4
28851 3
28852 0
28853 0
28854 3
28855 0
28856 0
28857 3
28858 1
28859 1
28860 2
28861 1
28862 2
28863 3
28864 4
28865 1
28866 3
28867 3
28868 2
28869 3
28870 0
28871 0
28872 4
28873 1
28874 2
28875 1
28876 3
28877 4
28878 0
28879 0
28880 0
28881 2
28882 3
28883 0
28884 3
28885 2
28886 0
28887 2
28888 2
28889 2
28890 0
28891 4
28892 4
28893 2
28894 2
28895 1
28896 5
28897 0
28898 3
28899 2
28900 0
28901 0
28902 3
28903 0
28904 4
28905 4
28906 0
28907 2
28908 0
28909 0
28910 1
28911 5
28912 0
28913 2
28914 0
28915 2
28916 2
28917 3
28918 0
28919 3
28920 4
28921 1
28922 2
28923 0
28924 4
28925 2
28926 4
28927 4
28928 0
28929 3
28930 6
28931 4
28932 1
28933 1
28934 0
28935 1
28936 2
28937 0
28938 4
28939 4
28940 4
28941 3
28942 3
28943 4
28944 4
28945 0
28946 1
28947 5
28948 3
28949 0
28950 2
28951 0
28952 2
28953 1
28954 2
28955 4
28956 2
28957 3
28958 0
28959 3
28960 0
28961 0
28962 3
28963 3
28964 1
28965 1
28966 2
28967 1
28968 4
28969 2
28970 2
28971 4
28972 2
28973 2
28974 2
28975 1
28976 3
28977 4
28978 4
28979 1
28980 3
28981 2
28982 0
28983 2
28984 0
28985 4
28986 1
28987 3
28988 1
28989 2
28990 0
28991 0
28992 3
28993 0
28994 1
28995 0
28996 4
28997 0
28998 1
28999 3
29000 4
29001 3
29002 1
29003 1
29004 0
29005 5
29006 3
29007 1
29008 0
29009 0
29010 0
29011 3
29012 1
29013 0
29014 5
29015 0
29016 2
29017 4
29018 1
29019 4
29020 2
29021 0
29022 2
29023 2
29024 4
29025 2
29026 1
29027 2
29028 0
29029 1
29030 2
29031 1
29032 1
29033 0
29034 0
29035 4
29036 1
29037 4
29038 5
29039 2
29040 3
29041 1
29042 3
29043 2
29044 4
29045 5
29046 2
29047 4
29048 0
29049 2
29050 0
29051 4
29052 0
29053 0
29054 1
29055 4
29056 3
29057 0
29058 0
29059 0
29060 2
29061 3
29062 1
29063 0
29064 4
29065 4
29066 1
29067 3
29068 0
29069 0
29070 3
29071 2
29072 3
29073 3
29074 4
29075 0
29076 4
29077 3
29078 1
29079 0
29080 4
29081 0
29082 4
29083 1
29084 3
29085 4
29086 4
29087 0
29088 1
29089 1
29090 1
29091 4
29092 1
29093 0
29094 1
29095 5
29096 1
29097 3
29098 2
29099 3
29100 3
29101 3
29102 3
29103 0
29104 0
29105 0
29106 3
29107 2
29108 2
29109 1
29110 3
29111 3
29112 2
29113 5
29114 0
29115 0
29116 0
29117 3
29118 5
29119 0
29120 1
29121 3
29122 3
29123 1
29124 0
29125 0
29126 2
29127 1
29128 2
29129 1
29130 0
29131 0
29132 1
29133 4
29134 2
29135 1
29136 0
29137 5
29138 3
29139 0
29140 4
29141 1
29142 4
29143 3
29144 0
29145 1
29146 4
29147 2
29148 1
29149 3
29150 4
29151 3
29152 1
29153 1
29154 0
29155 2
29156 4
29157 1
29158 3
29159 0
29160 0
29161 2
29162 1
29163 4
29164 2
29165 2
29166 0
29167 3
29168 0
29169 2
29170 4
29171 4
29172 1
29173 4
29174 2
29175 4
29176 4
29177 4
29178 1
29179 3
29180 3
29181 0
29182 0
29183 3
29184 3
29185 1
29186 0
29187 2
29188 3
29189 0
29190 2
29191 1
29192 3
29193 0
29194 1
29195 0
29196 0
29197 3
29198 2
29199 1
29200 3
29201 4
29202 4
29203 0
29204 0
29205 2
29206 2
29207 3
29208 0
29209 1
29210 3
29211 0
29212 2
29213 4
29214 1
29215 0
29216 1
29217 1
29218 2
29219 3
29220 4
29221 3
29222 3
29223 1
29224 2
29225 2
29226 5
29227 1
29228 3
29229 3
29230 4
29231 1
29232 4
29233 4
29234 2
29235 0
29236 3
29237 1
29238 2
29239 3
29240 4
29241 2
29242 4
29243 1
29244 2
29245 0
29246 5
29247 4
29248 2
29249 2
29250 3
29251 4
29252 2
29253 0
29254 3
29255 0
29256 4
29257 1
29258 2
29259 3
29260 3
29261 2
29262 4
29263 0
29264 3
29265 1
29266 0
29267 2
29268 4
29269 3
29270 2
29271 1
29272 5
29273 3
29274 1
29275 4
29276 4
29277 0
29278 3
29279 3
29280 2
29281 3
29282 2
29283 3
29284 3
29285 1
29286 2
29287 5
29288 3
29289 0
29290 0
29291 2
29292 2
29293 0
29294 1
29295 4
29296 1
29297 4
29298 0
29299 1
29300 1
29301 5
29302 0
29303 0
29304 3
29305 3
29306 0
29307 2
29308 1
29309 4
29310 1
29311 1
29312 4
29313 2
29314 4
29315 2
29316 0
29317 1
29318 4
29319 4
29320 2
29321 2
29322 2
29323 1
29324 3
29325 4
29326 4
29327 3
29328 3
29329 2
29330 2
29331 3
29332 3
29333 3
29334 2
29335 3
29336 2
29337 2
29338 4
29339 0
29340 1
29341 1
29342 5
29343 2
29344 4
29345 5
29346 3
29347 4
29348 4
29349 3
29350 2
29351 3
29352 2
29353 1
29354 2
29355 4
29356 0
29357 0
29358 0
29359 4
29360 0
29361 4
29362 2
29363 0
29364 2
29365 3
29366 0
29367 0
29368 0
29369 1
29370 0
29371 5
29372 4
29373 3
29374 1
29375 2
29376 3
29377 3
29378 1
29379 0
29380 2
29381 4
29382 3
29383 4
29384 2
29385 0
29386 3
29387 2
29388 2
29389 4
29390 2
29391 1
29392 4
29393 1
29394 1
29395 3
29396 5
29397 0
29398 2
29399 0
29400 2
29401 3
29402 0
29403 3
29404 4
29405 2
29406 1
29407 4
29408 2
29409 0
29410 2
29411 3
29412 1
29413 2
29414 2
29415 2
29416 1
29417 3
29418 4
29419 3
29420 0
29421 1
29422 3
29423 3
29424 1
29425 3
29426 1
29427 0
29428 1
29429 1
29430 1
29431 4
29432 5
29433 2
29434 1
29435 4
29436 1
29437 4
29438 0
29439 1
29440 1
29441 1
29442 2
29443 2
29444 3
29445 5
29446 4
29447 3
29448 2
29449 0
29450 1
29451 3
29452 3
29453 0
29454 0
29455 3
29456 1
29457 0
29458 2
29459 3
29460 2
29461 4
29462 1
29463 1
29464 2
29465 1
29466 4
29467 0
29468 0
29469 2
29470 1
29471 4
29472 0
29473 1
29474 4
29475 2
29476 2
29477 0
29478 3
29479 0
29480 1
29481 1
29482 4
29483 2
29484 2
29485 0
29486 2
29487 4
29488 3
29489 2
29490 0
29491 1
29492 0
29493 2
29494 0
29495 2
29496 0
29497 3
29498 3
29499 1
29500 4
29501 2
29502 1
29503 2
29504 1
29505 0
29506 2
29507 1
29508 3
29509 3
29510 1
29511 5
29512 1
29513 1
29514 2
29515 2
29516 0
29517 0
29518 1
29519 4
29520 4
29521 2
29522 2
29523 3
29524 3
29525 1
29526 1
29527 4
29528 1
29529 5
29530 0
29531 3
29532 1
29533 4
29534 0
29535 1
29536 2
29537 0
29538 3
29539 2
29540 0
29541 3
29542 2
29543 0
29544 2
29545 0
29546 2
29547 3
29548 3
29549 2
29550 3
29551 3
29552 4
29553 1
29554 0
29555 3
29556 5
29557 5
29558 4
29559 4
29560 3
29561 1
29562 1
29563 2
29564 1
29565 3
29566 1
29567 2
29568 3
29569 2
29570 0
29571 0
29572 5
29573 2
29574 1
29575 0
29576 0
29577 0
29578 5
29579 4
29580 0
29581 0
29582 1
29583 1
29584 4
29585 1
29586 2
29587 5
29588 0
29589 1
29590 3
29591 1
29592 1
29593 2
29594 3
29595 4
29596 4
29597 1
29598 2
29599 0
29600 4
29601 1
29602 1
29603 4
29604 2
29605 2
29606 3
29607 3
29608 0
29609 2
29610 0
29611 2
29612 0
29613 0
29614 1
29615 2
29616 2
29617 0
29618 2
29619 2
29620 1
29621 0
29622 4
29623 0
29624 1
29625 4
29626 4
29627 1
29628 3
29629 4
29630 0
29631 3
29632 5
29633 5
29634 3
29635 2
29636 3
29637 2
29638 1
29639 4
29640 0
29641 1
29642 1
29643 2
29644 2
29645 0
29646 0
29647 5
29648 2
29649 2
29650 1
29651 3
29652 2
29653 4
29654 0
29655 0
29656 2
29657 2
29658 1
29659 1
29660 2
29661 1
29662 0
29663 1
29664 5
29665 0
29666 0
29667 2
29668 1
29669 1
29670 5
29671 0
29672 1
29673 1
29674 2
29675 2
29676 4
29677 2
29678 2
29679 4
29680 5
29681 2
29682 5
29683 0
29684 1
29685 0
29686 2
29687 2
29688 0
29689 0
29690 1
29691 5
29692 0
29693 0
29694 1
29695 0
29696 0
29697 4
29698 2
29699 4
29700 0
29701 2
29702 0
29703 2
29704 2
29705 1
29706 3
29707 5
29708 5
29709 4
29710 2
29711 1
29712 3
29713 0
29714 1
29715 3
29716 0
29717 1
29718 2
29719 0
29720 0
29721 1
29722 3
29723 1
29724 3
29725 3
29726 2
29727 3
29728 2
29729 0
29730 3
29731 4
29732 1
29733 0
29734 1
29735 0
29736 3
29737 5
29738 3
29739 1
29740 1
29741 2
29742 0
29743 2
29744 1
29745 2
29746 2
29747 1
29748 2
29749 1
29750 2
29751 3
29752 4
29753 0
29754 4
29755 2
29756 0
29757 0
29758 0
29759 4
29760 3
29761 3
29762 3
29763 1
29764 4
29765 0
29766 2
29767 1
29768 2
29769 4
29770 3
29771 1
29772 3
29773 1
29774 4
29775 4
29776 0
29777 2
29778 1
29779 2
29780 2
29781 1
29782 2
29783 0
29784 1
29785 3
29786 1
29787 3
29788 3
29789 1
29790 3
29791 4
29792 2
29793 0
29794 3
29795 4
29796 4
29797 0
29798 1
29799 5
29800 1
29801 3
29802 2
29803 3
29804 0
29805 4
29806 5
29807 4
29808 3
29809 1
29810 2
29811 4
29812 1
29813 0
29814 3
29815 0
29816 5
29817 2
29818 3
29819 1
29820 5
29821 3
29822 1
29823 0
29824 4
29825 2
29826 1
29827 3
29828 0
29829 1
29830 2
29831 2
29832 1
29833 4
29834 2
29835 1
29836 1
29837 0
29838 3
29839 0
29840 0
29841 5
29842 1
29843 2
29844 3
29845 4
29846 2
29847 0
29848 1
29849 1
29850 3
29851 1
29852 2
29853 3
29854 0
29855 3
29856 1
29857 3
29858 1
29859 5
29860 2
29861 0
29862 3
29863 5
29864 4
29865 2
29866 0
29867 0
29868 3
29869 2
29870 2
29871 1
29872 0
29873 2
29874 2
29875 2
29876 2
29877 3
29878 1
29879 2
29880 5
29881 2
29882 2
29883 0
29884 3
29885 1
29886 1
29887 0
29888 0
29889 3
29890 4
29891 3
29892 0
29893 1
29894 4
29895 4
29896 1
29897 2
29898 3
29899 0
29900 3
29901 1
29902 1
29903 3
29904 1
29905 2
29906 4
29907 2
29908 2
29909 0
29910 0
29911 4
29912 3
29913 0
29914 3
29915 5
29916 3
29917 1
29918 3
29919 0
29920 3
29921 2
29922 0
29923 4
29924 0
29925 1
29926 2
29927 3
29928 2
29929 1
29930 4
29931 0
29932 1
29933 2
29934 4
29935 3
29936 3
29937 3
29938 4
29939 0
29940 3
29941 3
29942 4
29943 2
29944 4
29945 3
29946 4
29947 0
29948 2
29949 0
29950 0
29951 3
29952 1
29953 5
29954 2
29955 4
29956 1
29957 3
29958 1
29959 3
29960 0
29961 3
29962 0
29963 0
29964 0
29965 0
29966 4
29967 2
29968 4
29969 4
29970 0
29971 2
29972 0
29973 0
29974 2
29975 3
29976 1
29977 1
29978 4
29979 3
29980 0
29981 3
29982 1
29983 5
29984 4
29985 3
29986 3
29987 2
29988 1
29989 1
29990 2
29991 0
29992 3
29993 4
29994 2
29995 3
29996 2
29997 0
29998 1
29999 2
30000 2
30001 4
30002 1
30003 5
30004 1
30005 0
30006 1
30007 0
30008 0
30009 3
30010 2
30011 2
30012 0
30013 1
30014 3
30015 2
30016 1
30017 4
30018 4
30019 0
30020 2
30021 4
30022 0
30023 1
30024 2
30025 3
30026 2
30027 0
30028 4
30029 2
30030 2
30031 3
30032 3
30033 3
30034 0
30035 0
30036 2
30037 0
30038 4
30039 4
30040 0
30041 0
30042 0
30043 0
30044 1
30045 3
30046 5
30047 3
30048 4
30049 2
30050 3
30051 3
30052 4
30053 3
30054 2
30055 0
30056 4
30057 2
30058 1
30059 2
30060 4
30061 3
30062 3
30063 1
30064 0
30065 3
30066 4
30067 0
30068 2
30069 1
30070 1
30071 0
30072 0
30073 2
30074 3
30075 3
30076 1
30077 1
30078 2
30079 0
30080 0
30081 3
30082 0
30083 4
30084 1
30085 0
30086 3
30087 2
30088 1
30089 0
30090 4
30091 4
30092 2
30093 2
30094 4
30095 2
30096 3
30097 0
30098 1
30099 0
30100 2
30101 1
30102 1
30103 3
30104 3
30105 3
30106 0
30107 1
30108 1
30109 3
30110 0
30111 4
30112 1
30113 2
30114 0
30115 1
30116 1
30117 0
30118 0
30119 5
30120 1
30121 0
30122 2
30123 3
30124 1
30125 4
30126 1
30127 3
30128 4
30129 3
30130 3
30131 3
30132 5
30133 3
30134 4
30135 4
30136 3
30137 0
30138 1
30139 0
30140 0
30141 2
30142 0
30143 1
30144 5
30145 1
30146 5
30147 1
30148 0
30149 0
30150 1
30151 1
30152 5
30153 3
30154 2
30155 3
30156 3
30157 1
30158 3
30159 4
30160 3
30161 0
30162 3
30163 2
30164 3
30165 1
30166 2
30167 0
30168 3
30169 2
30170 0
30171 0
30172 0
30173 0
30174 1
30175 1
30176 3
30177 0
30178 5
30179 1
30180 4
30181 0
30182 3
30183 3
30184 3
30185 3
30186 0
30187 3
30188 1
30189 0
30190 1
30191 2
30192 3
30193 4
30194 1
30195 1
30196 4
30197 2
30198 1
30199 3
30200 3
30201 3
30202 3
30203 2
30204 2
30205 0
30206 1
30207 3
30208 3
30209 4
30210 0
30211 5
30212 3
30213 4
30214 0
30215 2
30216 2
30217 3
30218 2
30219 0
30220 0
30221 2
30222 0
30223 1
30224 1
30225 4
30226 2
30227 5
30228 4
30229 2
30230 2
30231 2
30232 1
30233 4
30234 4
30235 3
30236 4
30237 4
30238 2
30239 5
30240 3
30241 1
30242 3
30243 3
30244 3
30245 4
30246 1
30247 4
30248 1
30249 0
30250 4
30251 3
30252 2
30253 4
30254 3
30255 1
30256 3
30257 2
30258 0
30259 5
30260 1
30261 1
30262 1
30263 2
30264 0
30265 4
30266 3
30267 4
30268 1
30269 5
30270 1
30271 4
30272 3
30273 4
30274 3
30275 5
30276 0
30277 0
30278 2
30279 0
30280 2
30281 0
30282 0
30283 2
30284 0
30285 2
30286 1
30287 3
30288 1
30289 1
30290 2
30291 2
30292 4
30293 2
30294 2
30295 1
30296 4
30297 1
30298 3
30299 3
30300 1
30301 1
30302 4
30303 2
30304 4
30305 4
30306 2
30307 2
30308 5
30309 2
30310 4
30311 1
30312 1
30313 1
30314 1
30315 0
30316 2
30317 2
30318 0
30319 1
30320 0
30321 1
30322 3
30323 0
30324 2
30325 2
30326 5
30327 1
30328 3
30329 1
30330 4
30331 2
30332 4
30333 4
30334 4
30335 0
30336 4
30337 2
30338 5
30339 3
30340 5
30341 1
30342 4
30343 2
30344 2
30345 0
30346 2
30347 2
30348 2
30349 2
30350 1
30351 5
30352 0
30353 2
30354 2
30355 1
30356 0
30357 2
30358 1
30359 1
30360 4
30361 1
30362 0
30363 3
30364 0
30365 4
30366 1
30367 1
30368 0
30369 4
30370 2
30371 0
30372 0
30373 3
30374 1
30375 2
30376 1
30377 3
30378 2
30379 5
30380 2
30381 1
30382 0
30383 2
30384 0
30385 0
30386 4
30387 0
30388 3
30389 3
30390 3
30391 5
30392 2
30393 0
30394 4
30395 1
30396 4
30397 0
30398 0
30399 1
30400 5
30401 2
30402 1
30403 0
30404 2
30405 1
30406 3
30407 0
30408 2
30409 0
30410 1
30411 2
30412 1
30413 1
30414 2
30415 0
30416 1
30417 4
30418 3
30419 3
30420 3
30421 4
30422 2
30423 1
30424 0
30425 4
30426 0
30427 1
30428 1
30429 2
30430 2
30431 2
30432 4
30433 2
30434 1
30435 1
30436 4
30437 2
30438 2
30439 2
30440 4
30441 1
30442 0
30443 3
30444 4
30445 1
30446 0
30447 0
30448 0
30449 2
30450 6
30451 3
30452 3
30453 1
30454 4
30455 4
30456 0
30457 5
30458 4
30459 4
30460 2
30461 1
30462 0
30463 4
30464 2
30465 4
30466 4
30467 0
30468 1
30469 2
30470 3
30471 3
30472 3
30473 1
30474 1
30475 3
30476 1
30477 0
30478 4
30479 4
30480 3
30481 4
30482 2
30483 4
30484 3
30485 1
30486 1
30487 1
30488 1
30489 0
30490 4
30491 1
30492 1
30493 1
30494 0
30495 4
30496 5
30497 1
30498 4
30499 1
30500 2
30501 2
30502 0
30503 1
30504 0
30505 1
30506 0
30507 1
30508 5
30509 0
30510 0
30511 1
30512 0
30513 3
30514 0
30515 5
30516 2
30517 2
30518 3
30519 4
30520 3
30521 0
30522 3
30523 0
30524 1
30525 0
30526 2
30527 3
30528 0
30529 1
30530 4
30531 4
30532 3
30533 4
30534 2
30535 1
30536 3
30537 0
30538 3
30539 3
30540 4
30541 3
30542 3
30543 3
30544 3
30545 0
30546 0
30547 2
30548 0
30549 2
30550 0
30551 2
30552 1
30553 2
30554 3
30555 1
30556 3
30557 1
30558 3
30559 1
30560 0
30561 0
30562 3
30563 4
30564 3
30565 1
30566 1
30567 2
30568 0
30569 3
30570 2
30571 3
30572 2
30573 2
30574 3
30575 4
30576 5
30577 2
30578 3
30579 0
30580 5
30581 1
30582 3
30583 1
30584 0
30585 2
30586 2
30587 0
30588 4
30589 0
30590 1
30591 1
30592 2
30593 0
30594 0
30595 4
30596 1
30597 1
30598 3
30599 4
30600 1
30601 4
30602 0
30603 3
30604 3
30605 0
30606 0
30607 4
30608 2
30609 1
30610 0
30611 1
30612 0
30613 0
30614 3
30615 2
30616 4
30617 0
30618 3
30619 3
30620 2
30621 2
30622 1
30623 2
30624 2
30625 2
30626 3
30627 1
30628 3
30629 6
30630 2
30631 3
30632 4
30633 3
30634 0
30635 0
30636 1
30637 0
30638 1
30639 3
30640 2
30641 3
30642 4
30643 1
30644 0
30645 0
30646 0
30647 0
30648 4
30649 3
30650 3
30651 2
30652 0
30653 2
30654 2
30655 1
30656 2
30657 3
30658 4
30659 1
30660 2
30661 3
30662 4
30663 3
30664 3
30665 0
30666 0
30667 2
30668 5
30669 3
30670 2
30671 0
30672 1
30673 3
30674 3
30675 1
30676 0
30677 2
30678 1
30679 2
30680 4
30681 3
30682 0
30683 0
30684 4
30685 2
30686 4
30687 0
30688 4
30689 4
30690 0
30691 1
30692 4
30693 1
30694 2
30695 2
30696 4
30697 1
30698 2
30699 4
30700 1
30701 2
30702 1
30703 3
30704 2
30705 4
30706 0
30707 2
30708 0
30709 2
30710 4
30711 5
30712 4
30713 0
30714 2
30715 0
30716 1
30717 1
30718 1
30719 4
30720 0
30721 1
30722 0
30723 2
30724 3
30725 1
30726 3
30727 5
30728 3
30729 5
30730 1
30731 0
30732 1
30733 0
30734 0
30735 4
30736 2
30737 2
30738 1
30739 4
30740 2
30741 0
30742 1
30743 0
30744 2
30745 1
30746 1
30747 2
30748 2
30749 3
30750 2
30751 0
30752 0
30753 3
30754 5
30755 1
30756 0
30757 4
30758 1
30759 5
30760 3
30761 2
30762 3
30763 3
30764 3
30765 2
30766 4
30767 1
30768 1
30769 5
30770 0
30771 0
30772 0
30773 3
30774 1
30775 1
30776 2
30777 2
30778 0
30779 3
30780 0
30781 2
30782 4
30783 1
30784 3
30785 2
30786 1
30787 2
30788 1
30789 3
30790 3
30791 0
30792 4
30793 0
30794 1
30795 3
30796 0
30797 1
30798 0
30799 1
30800 4
30801 4
30802 1
30803 2
30804 3
30805 3
30806 0
30807 1
30808 3
30809 0
30810 0
30811 2
30812 1
30813 4
30814 1
30815 0
30816 0
30817 5
30818 1
30819 3
30820 1
30821 4
30822 1
30823 1
30824 0
30825 4
30826 0
30827 3
30828 4
30829 3
30830 3
30831 0
30832 1
30833 0
30834 1
30835 3
30836 4
30837 5
30838 0
30839 0
30840 0
30841 4
30842 1
30843 4
30844 1
30845 1
30846 0
30847 3
30848 0
30849 1
30850 3
30851 2
30852 2
30853 3
30854 0
30855 3
30856 0
30857 0
30858 4
30859 5
30860 1
30861 0
30862 3
30863 2
30864 0
30865 3
30866 0
30867 5
30868 3
30869 2
30870 0
30871 3
30872 3
30873 1
30874 1
30875 2
30876 1
30877 4
30878 4
30879 0
30880 3
30881 1
30882 4
30883 1
30884 2
30885 0
30886 4
30887 1
30888 3
30889 5
30890 3
30891 1
30892 4
30893 2
30894 3
30895 2
30896 4
30897 4
30898 0
30899 0
30900 0
30901 0
30902 1
30903 6
30904 1
30905 1
30906 3
30907 1
30908 0
30909 4
30910 4
30911 0
30912 2
30913 2
30914 0
30915 0
30916 3
30917 0
30918 3
30919 2
30920 3
30921 0
30922 1
30923 1
30924 1
30925 5
30926 4
30927 4
30928 4
30929 1
30930 0
30931 0
30932 3
30933 0
30934 2
30935 0
30936 3
30937 0
30938 0
30939 4
30940 1
30941 1
30942 4
30943 1
30944 2
30945 3
30946 1
30947 2
30948 0
30949 1
30950 2
30951 0
30952 0
30953 4
30954 5
30955 1
30956 3
30957 0
30958 1
30959 1
30960 5
30961 4
30962 0
30963 1
30964 0
30965 5
30966 2
30967 2
30968 2
30969 1
30970 2
30971 3
30972 3
30973 0
30974 0
30975 0
30976 0
30977 0
30978 0
30979 5
30980 0
30981 1
30982 0
30983 3
30984 1
30985 4
30986 5
30987 3
30988 3
30989 0
30990 1
30991 0
30992 0
30993 5
30994 1
30995 3
30996 2
30997 0
30998 3
30999 2
31000 3
31001 3
31002 1
31003 0
31004 1
31005 2
31006 0
31007 3
31008 0
31009 2
31010 2
31011 0
31012 3
31013 1
31014 1
31015 1
31016 3
31017 4
31018 4
31019 3
31020 0
31021 1
31022 5
31023 3
31024 1
31025 2
31026 1
31027 0
31028 5
31029 2
31030 0
31031 3
31032 0
31033 4
31034 3
31035 0
31036 2
31037 0
31038 3
31039 2
31040 5
31041 0
31042 2
31043 0
31044 4
31045 2
31046 4
31047 0
31048 1
31049 4
31050 2
31051 2
31052 2
31053 4
31054 3
31055 2
31056 3
31057 0
31058 2
31059 0
31060 1
31061 3
31062 1
31063 3
31064 0
31065 0
31066 0
31067 2
31068 1
31069 0
31070 3
31071 2
31072 0
31073 4
31074 2
31075 4
31076 5
31077 3
31078 0
31079 2
31080 1
31081 0
31082 1
31083 1
31084 3
31085 4
31086 4
31087 1
31088 1
31089 1
31090 1
31091 3
31092 2
31093 3
31094 4
31095 5
31096 0
31097 1
31098 3
31099 3
31100 3
31101 0
31102 3
31103 1
31104 0
31105 4
31106 3
31107 4
31108 2
31109 3
31110 1
31111 0
31112 1
31113 0
31114 3
31115 1
31116 4
31117 2
31118 2
31119 1
31120 1
31121 2
31122 0
31123 0
31124 1
31125 2
31126 3
31127 2
31128 3
31129 2
31130 0
31131 4
31132 0
31133 5
31134 1
31135 3
31136 3
31137 0
31138 4
31139 1
31140 1
31141 1
31142 0
31143 3
31144 3
31145 3
31146 1
31147 5
31148 0
31149 4
31150 1
31151 0
31152 0
31153 1
31154 2
31155 1
31156 5
31157 0
31158 0
31159 4
31160 4
31161 5
31162 3
31163 0
31164 4
31165 1
31166 0
31167 0
31168 0
31169 1
31170 3
31171 4
31172 2
31173 1
31174 3
31175 3
31176 4
31177 2
31178 3
31179 5
31180 2
31181 2
31182 2
31183 2
31184 1
31185 5
31186 0
31187 3
31188 1
31189 2
31190 2
31191 0
31192 2
31193 4
31194 1
31195 2
31196 3
31197 3
31198 2
31199 1
31200 3
31201 3
31202 0
31203 2
31204 4
31205 4
31206 0
31207 0
31208 0
31209 0
31210 0
31211 5
31212 1
31213 0
31214 0
31215 5
31216 2
31217 0
31218 2
31219 3
31220 4
31221 4
31222 1
31223 2
31224 3
31225 2
31226 0
31227 3
31228 3
31229 1
31230 2
31231 2
31232 2
31233 5
31234 3
31235 4
31236 4
31237 0
31238 2
31239 0
31240 1
31241 4
31242 2
31243 2
31244 1
31245 3
31246 3
31247 4
31248 2
31249 2
31250 1
31251 1
31252 2
31253 5
31254 1
31255 3
31256 0
31257 2
31258 0
31259 0
31260 0
31261 1
31262 2
31263 5
31264 1
31265 4
31266 1
31267 2
31268 1
31269 1
31270 3
31271 0
31272 5
31273 3
31274 3
31275 2
31276 3
31277 4
31278 0
31279 2
31280 1
31281 1
31282 3
31283 0
31284 3
31285 2
31286 4
31287 2
31288 0
31289 0
31290 4
31291 1
31292 2
31293 3
31294 2
31295 6
31296 1
31297 0
31298 1
31299 2
31300 4
31301 3
31302 3
31303 0
31304 3
31305 0
31306 2
31307 3
31308 2
31309 0
31310 2
31311 0
31312 3
31313 2
31314 0
31315 1
31316 0
31317 0
31318 1
31319 0
31320 4
31321 0
31322 2
31323 2
31324 1
31325 2
31326 1
31327 0
31328 0
31329 1
31330 0
31331 1
31332 2
31333 3
31334 2
31335 4
31336 3
31337 3
31338 2
31339 2
31340 1
31341 0
31342 0
31343 4
31344 2
31345 2
31346 0
31347 3
31348 0
31349 1
31350 3
31351 2
31352 0
31353 0
31354 2
31355 3
31356 2
31357 0
31358 0
31359 5
31360 3
31361 1
31362 4
31363 2
31364 1
31365 1
31366 3
31367 3
31368 3
31369 1
31370 0
31371 3
31372 1
31373 2
31374 4
31375 0
31376 2
31377 0
31378 0
31379 1
31380 1
31381 1
31382 1
31383 2
31384 1
31385 3
31386 2
31387 3
31388 0
31389 0
31390 4
31391 4
31392 1
31393 2
31394 2
31395 1
31396 4
31397 0
31398 1
31399 0
31400 0
31401 3
31402 2
31403 3
31404 4
31405 2
31406 4
31407 3
31408 0
31409 0
31410 1
31411 3
31412 0
31413 2
31414 1
31415 4
31416 0
31417 4
31418 3
31419 2
31420 1
31421 5
31422 2
31423 4
31424 0
31425 4
31426 1
31427 4
31428 4
31429 0
31430 5
31431 0
31432 1
31433 4
31434 0
31435 4
31436 3
31437 2
31438 1
31439 0
31440 4
31441 4
31442 4
31443 2
31444 0
31445 1
31446 0
31447 1
31448 2
31449 3
31450 1
31451 4
31452 2
31453 1
31454 3
31455 2
31456 2
31457 1
31458 1
31459 0
31460 2
31461 1
31462 3
31463 2
31464 2
31465 2
31466 2
31467 2
31468 5
31469 1
31470 0
31471 2
31472 4
31473 3
31474 4
31475 3
31476 1
31477 2
31478 2
31479 1
31480 3
31481 2
31482 4
31483 3
31484 2
31485 2
31486 1
31487 1
31488 1
31489 1
31490 0
31491 3
31492 2
31493 3
31494 1
31495 4
31496 2
31497 2
31498 0
31499 2
31500 1
31501 0
31502 0
31503 2
31504 0
31505 3
31506 0
31507 0
31508 0
31509 0
31510 3
31511 1
31512 2
31513 2
31514 1
31515 1
31516 0
31517 3
31518 1
31519 1
31520 1
31521 0
31522 0
31523 1
31524 0
31525 2
31526 2
31527 2
31528 2
31529 4
31530 0
31531 2
31532 0
31533 0
31534 0
31535 2
31536 3
31537 0
31538 3
31539 3
31540 1
31541 0
31542 2
31543 1
31544 2
31545 4
31546 2
31547 0
31548 2
31549 4
31550 1
31551 4
31552 3
31553 3
31554 3
31555 2
31556 3
31557 4
31558 3
31559 0
31560 3
31561 1
31562 5
31563 0
31564 3
31565 0
31566 4
31567 2
31568 1
31569 3
31570 2
31571 1
31572 4
31573 0
31574 0
31575 4
31576 2
31577 1
31578 1
31579 3
31580 2
31581 1
31582 3
31583 2
31584 4
31585 2
31586 0
31587 1
31588 2
31589 0
31590 1
31591 1
31592 0
31593 3
31594 2
31595 3
31596 0
31597 1
31598 2
31599 1
31600 1
31601 4
31602 4
31603 1
31604 0
31605 2
31606 3
31607 3
31608 5
31609 0
31610 2
31611 3
31612 3
31613 0
31614 1
31615 0
31616 0
31617 1
31618 1
31619 3
31620 1
31621 1
31622 0
31623 0
31624 1
31625 3
31626 0
31627 4
31628 1
31629 1
31630 0
31631 0
31632 2
31633 5
31634 4
31635 5
31636 2
31637 0
31638 1
31639 2
31640 0
31641 0
31642 0
31643 2
31644 4
31645 2
31646 1
31647 5
31648 1
31649 3
31650 0
31651 0
31652 1
31653 1
31654 4
31655 1
31656 2
31657 1
31658 2
31659 4
31660 3
31661 1
31662 1
31663 3
31664 4
31665 4
31666 1
31667 1
31668 0
31669 3
31670 3
31671 3
31672 4
31673 3
31674 0
31675 1
31676 2
31677 0
31678 4
31679 5
31680 4
31681 0
31682 4
31683 4
31684 0
31685 4
31686 2
31687 1
31688 4
31689 0
31690 3
31691 1
31692 4
31693 5
31694 0
31695 4
31696 2
31697 3
31698 0
31699 4
31700 3
31701 2
31702 2
31703 2
31704 1
31705 0
31706 2
31707 2
31708 0
31709 3
31710 1
31711 3
31712 1
31713 1
31714 0
31715 3
31716 2
31717 3
31718 3
31719 0
31720 2
31721 3
31722 2
31723 2
31724 2
31725 2
31726 0
31727 6
31728 2
31729 2
31730 3
31731 2
31732 4
31733 0
31734 2
31735 4
31736 2
31737 2
31738 1
31739 1
31740 1
31741 3
31742 2
31743 1
31744 1
31745 0
31746 3
31747 1
31748 4
31749 1
31750 3
31751 1
31752 2
31753 1
31754 1
31755 0
31756 0
31757 5
31758 0
31759 0
31760 0
31761 1
31762 2
31763 2
31764 3
31765 2
31766 0
31767 1
31768 2
31769 0
31770 1
31771 0
31772 4
31773 2
31774 1
31775 3
31776 4
31777 3
31778 4
31779 0
31780 2
31781 1
31782 0
31783 1
31784 0
31785 1
31786 1
31787 3
31788 0
31789 5
31790 3
31791 0
31792 0
31793 2
31794 1
31795 0
31796 0
31797 3
31798 0
31799 1
31800 0
31801 3
31802 0
31803 2
31804 2
31805 2
31806 0
31807 2
31808 3
31809 0
31810 3
31811 5
31812 1
31813 0
31814 1
31815 1
31816 0
31817 2
31818 2
31819 4
31820 1
31821 2
31822 4
31823 3
31824 1
31825 1
31826 1
31827 3
31828 2
31829 2
31830 4
31831 3
31832 3
31833 5
31834 2
31835 3
31836 4
31837 2
31838 3
31839 1
31840 0
31841 3
31842 0
31843 2
31844 2
31845 2
31846 2
31847 0
31848 4
31849 3
31850 2
31851 1
31852 2
31853 2
31854 0
31855 0
31856 3
31857 2
31858 3
31859 0
31860 3
31861 2
31862 2
31863 4
31864 2
31865 3
31866 2
31867 1
31868 0
31869 3
31870 1
31871 3
31872 2
31873 4
31874 2
31875 1
31876 3
31877 1
31878 2
31879 1
31880 3
31881 0
31882 5
31883 1
31884 1
31885 2
31886 2
31887 3
31888 3
31889 1
31890 5
31891 3
31892 3
31893 0
31894 3
31895 2
31896 2
31897 4
31898 3
31899 3
31900 0
31901 2
31902 4
31903 1
31904 3
31905 2
31906 2
31907 2
31908 6
31909 2
31910 5
31911 3
31912 1
31913 1
31914 1
31915 1
31916 0
31917 2
31918 1
31919 4
31920 1
31921 4
31922 0
31923 2
31924 2
31925 4
31926 2
31927 2
31928 2
31929 2
31930 2
31931 2
31932 3
31933 0
31934 4
31935 2
31936 4
31937 0
31938 2
31939 1
31940 0
31941 1
31942 4
31943 0
31944 1
31945 3
31946 5
31947 0
31948 3
31949 2
31950 0
31951 3
31952 1
31953 0
31954 0
31955 0
31956 0
31957 4
31958 4
31959 1
31960 1
31961 4
31962 5
31963 0
31964 1
31965 4
31966 3
31967 0
31968 2
31969 4
31970 0
31971 0
31972 3
31973 4
31974 2
31975 3
31976 2
31977 3
31978 4
31979 4
31980 4
31981 0
31982 2
31983 3
31984 0
31985 2
31986 2
31987 0
31988 0
31989 1
31990 3
31991 4
31992 2
31993 1
31994 2
31995 4
31996 0
31997 0
31998 1
31999 4
32000 3
32001 3
32002 2
32003 3
32004 4
32005 1
32006 0
32007 0
32008 3
32009 1
32010 3
32011 1
32012 0
32013 1
32014 1
32015 3
32016 0
32017 2
32018 4
32019 2
32020 4
32021 2
32022 0
32023 3
32024 5
32025 0
32026 4
32027 2
32028 3
32029 3
32030 0
32031 4
32032 4
32033 1
32034 3
32035 3
32036 1
32037 0
32038 2
32039 2
32040 1
32041 3
32042 3
32043 1
32044 3
32045 4
32046 1
32047 0
32048 4
32049 3
32050 5
32051 3
32052 0
32053 3
32054 2
32055 1
32056 1
32057 1
32058 4
32059 4
32060 1
32061 3
32062 0
32063 1
32064 0
32065 1
32066 0
32067 3
32068 2
32069 0
32070 3
32071 2
32072 2
32073 4
32074 3
32075 3
32076 4
32077 0
32078 1
32079 3
32080 2
32081 0
32082 3
32083 2
32084 2
32085 4
32086 5
32087 1
32088 5
32089 0
32090 2
32091 0
32092 0
32093 2
32094 1
32095 4
32096 2
32097 2
32098 1
32099 3
32100 2
32101 4
32102 1
32103 2
32104 3
32105 0
32106 4
32107 2
32108 0
32109 2
32110 4
32111 3
32112 3
32113 4
32114 0
32115 2
32116 4
32117 2
32118 3
32119 5
32120 3
32121 2
32122 2
32123 1
32124 0
32125 2
32126 5
32127 2
32128 4
32129 1
32130 5
32131 1
32132 2
32133 2
32134 1
32135 5
32136 2
32137 4
32138 1
32139 2
32140 2
32141 4
32142 2
32143 3
32144 5
32145 2
32146 4
32147 1
32148 0
32149 3
32150 4
32151 1
32152 5
32153 3
32154 1
32155 3
32156 5
32157 2
32158 3
32159 3
32160 5
32161 1
32162 3
32163 2
32164 2
32165 0
32166 0
32167 2
32168 2
32169 1
32170 4
32171 1
32172 0
32173 0
32174 2
32175 1
32176 1
32177 0
32178 3
32179 4
32180 3
32181 5
32182 2
32183 5
32184 3
32185 5
32186 0
32187 4
32188 3
32189 2
32190 0
32191 0
32192 1
32193 0
32194 0
32195 4
32196 3
32197 3
32198 4
32199 4
32200 4
32201 4
32202 4
32203 0
32204 3
32205 0
32206 4
32207 3
32208 3
32209 2
32210 0
32211 4
32212 1
32213 0
32214 4
32215 4
32216 2
32217 3
32218 2
32219 2
32220 2
32221 0
32222 2
32223 6
32224 0
32225 4
32226 0
32227 1
32228 3
32229 4
32230 1
32231 1
32232 0
32233 0
32234 2
32235 4
32236 2
32237 1
32238 2
32239 4
32240 2
32241 1
32242 2
32243 2
32244 2
32245 2
32246 4
32247 0
32248 1
32249 2
32250 2
32251 1
32252 1
32253 0
32254 1
32255 1
32256 1
32257 2
32258 1
32259 1
32260 3
32261 2
32262 1
32263 0
32264 0
32265 1
32266 0
32267 0
32268 3
32269 2
32270 6
32271 1
32272 2
32273 3
32274 3
32275 1
32276 0
32277 4
32278 4
32279 1
32280 2
32281 0
32282 3
32283 2
32284 0
32285 1
32286 3
32287 0
32288 2
32289 1
32290 2
32291 4
32292 3
32293 2
32294 4
32295 4
32296 0
32297 1
32298 1
32299 3
32300 4
32301 3
32302 3
32303 2
32304 4
32305 1
32306 4
32307 0
32308 0
32309 4
32310 1
32311 2
32312 0
32313 1
32314 4
32315 2
32316 3
32317 3
32318 2
32319 3
32320 5
32321 2
32322 3
32323 3
32324 0
32325 0
32326 3
32327 2
32328 0
32329 3
32330 1
32331 1
32332 0
32333 4
32334 1
32335 3
32336 3
32337 2
32338 3
32339 3
32340 0
32341 2
32342 0
32343 2
32344 4
32345 2
32346 3
32347 0
32348 1
32349 4
32350 4
32351 0
32352 3
32353 3
32354 1
32355 5
32356 4
32357 2
32358 0
32359 5
32360 0
32361 0
32362 2
32363 4
32364 1
32365 3
32366 4
32367 2
32368 2
32369 3
32370 1
32371 0
32372 0
32373 1
32374 4
32375 5
32376 3
32377 0
32378 1
32379 1
32380 4
32381 4
32382 1
32383 3
32384 4
32385 0
32386 2
32387 2
32388 3
32389 1
32390 5
32391 5
32392 3
32393 1
32394 3
32395 4
32396 4
32397 2
32398 1
32399 0
32400 2
32401 3
32402 1
32403 1
32404 2
32405 4
32406 2
32407 0
32408 1
32409 1
32410 4
32411 3
32412 2
32413 0
32414 4
32415 3
32416 5
32417 1
32418 3
32419 1
32420 0
32421 4
32422 1
32423 4
32424 1
32425 1
32426 4
32427 2
32428 4
32429 0
32430 4
32431 4
32432 0
32433 1
32434 3
32435 0
32436 4
32437 2
32438 5
32439 4
32440 5
32441 2
32442 3
32443 1
32444 2
32445 0
32446 3
32447 0
32448 2
32449 2
32450 2
32451 3
32452 5
32453 3
32454 2
32455 4
32456 3
32457 1
32458 3
32459 4
32460 3
32461 0
32462 1
32463 4
32464 4
32465 2
32466 3
32467 3
32468 3
32469 1
32470 3
32471 1
32472 0
32473 0
32474 0
32475 2
32476 1
32477 1
32478 1
32479 1
32480 3
32481 0
32482 2
32483 3
32484 2
32485 3
32486 3
32487 4
32488 2
32489 0
32490 0
32491 3
32492 2
32493 1
32494 1
32495 4
32496 2
32497 0
32498 2
32499 4
32500 0
32501 2
32502 1
32503 1
32504 3
32505 1
32506 2
32507 1
32508 0
32509 3
32510 3
32511 1
32512 2
32513 2
32514 2
32515 4
32516 4
32517 1
32518 2
32519 0
32520 2
32521 1
32522 4
32523 5
32524 3
32525 2
32526 0
32527 1
32528 0
32529 4
32530 4
32531 4
32532 1
32533 1
32534 2
32535 3
32536 1
32537 2
32538 2
32539 2
32540 1
32541 2
32542 2
32543 0
32544 3
32545 2
32546 0
32547 2
32548 4
32549 2
32550 3
32551 3
32552 3
32553 1
32554 0
32555 2
32556 2
32557 2
32558 2
32559 4
32560 2
32561 3
32562 0
32563 3
32564 4
32565 1
32566 1
32567 1
32568 1
32569 4
32570 2
32571 0
32572 2
32573 0
32574 3
32575 5
32576 0
32577 0
32578 2
32579 4
32580 1
32581 1
32582 6
32583 1
32584 2
32585 2
32586 1
32587 1
32588 1
32589 3
32590 0
32591 0
32592 0
32593 2
32594 2
32595 1
32596 2
32597 3
32598 2
32599 0
32600 0
32601 4
32602 1
32603 0
32604 4
32605 3
32606 3
32607 0
32608 3
32609 2
32610 2
32611 1
32612 3
32613 1
32614 0
32615 4
32616 1
32617 2
32618 4
32619 4
32620 3
32621 1
32622 4
32623 2
32624 0
32625 4
32626 0
32627 3
32628 3
32629 3
32630 2
32631 1
32632 1
32633 4
32634 3
32635 2
32636 1
32637 0
32638 3
32639 4
32640 0
32641 4
32642 3
32643 3
32644 2
32645 2
32646 4
32647 0
32648 1
32649 2
32650 0
32651 0
32652 0
32653 1
32654 2
32655 2
32656 3
32657 2
32658 1
32659 0
32660 4
32661 2
32662 0
32663 3
32664 1
32665 4
32666 1
32667 2
32668 2
32669 4
32670 1
32671 4
32672 2
32673 1
32674 0
32675 2
32676 2
32677 1
32678 3
32679 4
32680 3
32681 2
32682 4
32683 0
32684 3
32685 2
32686 2
32687 0
32688 3
32689 2
32690 2
32691 1
32692 4
32693 5
32694 4
32695 2
32696 4
32697 1
32698 0
32699 0
32700 0
32701 3
32702 3
32703 2
32704 4
32705 1
32706 4
32707 1
32708 0
32709 0
32710 0
32711 4
32712 1
32713 5
32714 1
32715 2
32716 3
32717 2
32718 2
32719 1
32720 0
32721 4
32722 4
32723 1
32724 4
32725 4
32726 2
32727 3
32728 3
32729 1
32730 4
32731 4
32732 1
32733 2
32734 4
32735 3
32736 0
32737 3
32738 4
32739 1
32740 0
32741 2
32742 2
32743 4
32744 0
32745 0
32746 1
32747 1
32748 3
32749 1
32750 2
32751 2
32752 1
32753 3
32754 3
32755 0
32756 3
32757 0
32758 3
32759 2
32760 3
32761 1
32762 0
32763 4
32764 5
32765 1
32766 2
32767 3
32768 1
32769 2
32770 2
32771 1
32772 3
32773 2
32774 2
32775 2
32776 3
32777 0
32778 3
32779 4
32780 0
32781 2
32782 3
32783 2
32784 0
32785 5
32786 1
32787 3
32788 2
32789 1
32790 2
32791 0
32792 4
32793 4
32794 1
32795 1
32796 4
32797 3
32798 3
32799 3
32800 3
32801 2
32802 0
32803 1
32804 1
32805 1
32806 0
32807 4
32808 1
32809 4
32810 2
32811 1
32812 1
32813 2
32814 0
32815 2
32816 2
32817 4
32818 0
32819 4
32820 2
32821 5
32822 5
32823 2
32824 2
32825 2
32826 0
32827 1
32828 0
32829 3
32830 5
32831 4
32832 2
32833 5
32834 4
32835 1
32836 3
32837 0
32838 3
32839 2
32840 3
32841 1
32842 1
32843 0
32844 0
32845 0
32846 4
32847 5
32848 4
32849 0
32850 3
32851 3
32852 2
32853 3
32854 2
32855 4
32856 4
32857 4
32858 2
32859 1
32860 1
32861 3
32862 3
32863 0
32864 0
32865 0
32866 3
32867 3
32868 1
32869 1
32870 0
32871 2
32872 0
32873 3
32874 0
32875 0
32876 2
32877 2
32878 0
32879 3
32880 1
32881 4
32882 2
32883 3
32884 4
32885 0
32886 0
32887 4
32888 1
32889 0
32890 3
32891 3
32892 4
32893 5
32894 4
32895 1
32896 1
32897 1
32898 0
32899 0
32900 1
32901 0
32902 0
32903 5
32904 2
32905 0
32906 4
32907 2
32908 0
32909 4
32910 2
32911 2
32912 4
32913 0
32914 0
32915 0
32916 0
32917 3
32918 3
32919 2
32920 0
32921 2
32922 2
32923 2
32924 2
32925 4
32926 0
32927 0
32928 3
32929 3
32930 0
32931 1
32932 0
32933 1
32934 2
32935 4
32936 1
32937 0
32938 2
32939 2
32940 3
32941 0
32942 0
32943 0
32944 3
32945 2
32946 2
32947 1
32948 1
32949 1
32950 1
32951 0
32952 3
32953 3
32954 4
32955 2
32956 4
32957 3
32958 4
32959 4
32960 0
32961 4
32962 2
32963 5
32964 4
32965 0
32966 1
32967 5
32968 0
32969 5
32970 1
32971 2
32972 3
32973 0
32974 0
32975 3
32976 4
32977 1
32978 3
32979 0
32980 0
32981 5
32982 3
32983 4
32984 2
32985 0
32986 2
32987 1
32988 2
32989 0
32990 2
32991 2
32992 1
32993 0
32994 3
32995 0
32996 2
32997 1
32998 4
32999 3
33000 5
33001 2
33002 4
33003 1
33004 3
33005 3
33006 2
33007 2
33008 5
33009 5
33010 4
33011 2
33012 2
33013 1
33014 1
33015 2
33016 3
33017 3
33018 3
33019 4
33020 1
33021 4
33022 2
33023 4
33024 0
33025 2
33026 4
33027 0
33028 1
33029 4
33030 3
33031 3
33032 2
33033 3
33034 1
33035 2
33036 1
33037 2
33038 3
33039 3
33040 4
33041 0
33042 3
33043 2
33044 0
33045 3
33046 5
33047 1
33048 0
33049 1
33050 5
33051 2
33052 2
33053 3
33054 0
33055 2
33056 3
33057 0
33058 4
33059 1
33060 2
33061 1
33062 4
33063 4
33064 1
33065 1
33066 1
33067 1
33068 2
33069 4
33070 1
33071 3
33072 3
33073 3
33074 1
33075 2
33076 1
33077 4
33078 3
33079 4
33080 3
33081 1
33082 1
33083 1
33084 4
33085 1
33086 2
33087 3
33088 4
33089 4
33090 2
33091 2
33092 3
33093 1
33094 0
33095 0
33096 3
33097 0
33098 2
33099 2
33100 3
33101 1
33102 2
33103 6
33104 2
33105 2
33106 4
33107 1
33108 4
33109 2
33110 0
33111 4
33112 4
33113 4
33114 0
33115 2
33116 3
33117 0
33118 4
33119 4
33120 0
33121 2
33122 0
33123 4
33124 0
33125 2
33126 1
33127 4
33128 1
33129 0
33130 0
33131 2
33132 0
33133 5
33134 4
33135 3
33136 0
33137 1
33138 0
33139 0
33140 0
33141 3
33142 3
33143 1
33144 0
33145 1
33146 4
33147 0
33148 5
33149 0
33150 1
33151 2
33152 4
33153 3
33154 0
33155 1
33156 3
33157 0
33158 0
33159 1
33160 4
33161 5
33162 4
33163 3
33164 5
33165 1
33166 0
33167 5
33168 1
33169 4
33170 2
33171 1
33172 0
33173 5
33174 1
33175 2
33176 6
33177 4
33178 1
33179 4
33180 1
33181 1
33182 2
33183 4
33184 3
33185 1
33186 1
33187 2
33188 4
33189 4
33190 0
33191 3
33192 0
33193 0
33194 4
33195 2
33196 0
33197 3
33198 0
33199 4
33200 1
33201 4
33202 2
33203 1
33204 1
33205 2
33206 2
33207 3
33208 2
33209 3
33210 1
33211 4
33212 0
33213 2
33214 1
33215 1
33216 0
33217 0
33218 0
33219 0
33220 2
33221 2
33222 3
33223 2
33224 0
33225 1
33226 4
33227 5
33228 3
33229 3
33230 1
33231 5
33232 1
33233 1
33234 0
33235 2
33236 3
33237 0
33238 5
33239 2
33240 4
33241 5
33242 2
33243 1
33244 3
33245 0
33246 3
33247 2
33248 1
33249 1
33250 4
33251 1
33252 5
33253 0
33254 2
33255 2
33256 1
33257 3
33258 1
33259 1
33260 3
33261 0
33262 3
33263 0
33264 2
33265 1
33266 0
33267 1
33268 3
33269 2
33270 4
33271 3
33272 4
33273 1
33274 4
33275 1
33276 4
33277 2
33278 1
33279 5
33280 1
33281 1
33282 1
33283 2
33284 0
33285 3
33286 3
33287 3
33288 0
33289 4
33290 2
33291 4
33292 1
33293 0
33294 0
33295 0
33296 5
33297 1
33298 1
33299 1
33300 1
33301 4
33302 4
33303 1
33304 1
33305 3
33306 4
33307 0
33308 3
33309 1
33310 3
33311 0
33312 2
33313 3
33314 1
33315 0
33316 0
33317 0
33318 2
33319 4
33320 2
33321 0
33322 2
33323 1
33324 0
33325 2
33326 4
33327 5
33328 5
33329 0
33330 2
33331 1
33332 0
33333 2
33334 0
33335 0
33336 4
33337 2
33338 1
33339 1
33340 2
33341 0
33342 2
33343 4
33344 0
33345 0
33346 0
33347 0
33348 3
33349 1
33350 0
33351 4
33352 1
33353 0
33354 1
33355 1
33356 1
33357 2
33358 6
33359 2
33360 0
33361 0
33362 2
33363 4
33364 1
33365 3
33366 0
33367 0
33368 1
33369 3
33370 0
33371 1
33372 0
33373 3
33374 0
33375 1
33376 1
33377 3
33378 4
33379 2
33380 5
33381 4
33382 1
33383 1
33384 2
33385 1
33386 2
33387 3
33388 1
33389 1
33390 2
33391 3
33392 3
33393 3
33394 2
33395 4
33396 1
33397 3
33398 2
33399 1
33400 0
33401 3
33402 4
33403 1
33404 5
33405 2
33406 3
33407 3
33408 3
33409 2
33410 2
33411 1
33412 3
33413 4
33414 0
33415 5
33416 0
33417 3
33418 4
33419 3
33420 2
33421 3
33422 0
33423 3
33424 0
33425 1
33426 3
33427 3
33428 2
33429 2
33430 2
33431 1
33432 0
33433 3
33434 0
33435 3
33436 2
33437 1
33438 1
33439 0
33440 1
33441 4
33442 3
33443 2
33444 2
33445 2
33446 2
33447 4
33448 4
33449 4
33450 2
33451 1
33452 2
33453 5
33454 0
33455 3
33456 2
33457 0
33458 0
33459 0
33460 0
33461 4
33462 1
33463 1
33464 1
33465 4
33466 2
33467 3
33468 2
33469 4
33470 1
33471 3
33472 5
33473 2
33474 3
33475 0
33476 3
33477 2
33478 1
33479 1
33480 2
33481 1
33482 3
33483 1
33484 4
33485 4
33486 1
33487 1
33488 1
33489 4
33490 3
33491 3
33492 2
33493 1
33494 1
33495 2
33496 0
33497 0
33498 1
33499 2
33500 0
33501 4
33502 2
33503 2
33504 0
33505 2
33506 1
33507 1
33508 2
33509 2
33510 4
33511 0
33512 2
33513 4
33514 4
33515 0
33516 0
33517 0
33518 3
33519 3
33520 0
33521 4
33522 4
33523 2
33524 4
33525 2
33526 0
33527 5
33528 1
33529 2
33530 2
33531 0
33532 3
33533 1
33534 4
33535 4
33536 3
33537 1
33538 5
33539 5
33540 4
33541 0
33542 2
33543 5
33544 2
33545 3
33546 2
33547 1
33548 3
33549 3
33550 3
33551 0
33552 3
33553 0
33554 4
33555 3
33556 1
33557 0
33558 0
33559 2
33560 0
33561 0
33562 3
33563 2
33564 2
33565 5
33566 2
33567 4
33568 2
33569 4
33570 0
33571 0
33572 4
33573 2
33574 2
33575 5
33576 1
33577 0
33578 1
33579 2
33580 3
33581 2
33582 1
33583 2
33584 0
33585 3
33586 0
33587 0
33588 4
33589 4
33590 1
33591 4
33592 4
33593 0
33594 0
33595 0
33596 0
33597 0
33598 3
33599 5
33600 4
33601 2
33602 1
33603 0
33604 2
33605 1
33606 1
33607 0
33608 2
33609 4
33610 2
33611 3
33612 0
33613 3
33614 3
33615 3
33616 2
33617 2
33618 4
33619 5
33620 2
33621 3
33622 1
33623 1
33624 4
33625 2
33626 2
33627 4
33628 2
33629 0
33630 3
33631 2
33632 4
33633 0
33634 3
33635 5
33636 3
33637 1
33638 0
33639 3
33640 2
33641 0
33642 1
33643 0
33644 0
33645 4
33646 3
33647 3
33648 4
33649 3
33650 5
33651 1
33652 1
33653 0
33654 4
33655 2
33656 4
33657 4
33658 5
33659 2
33660 1
33661 2
33662 1
33663 1
33664 5
33665 1
33666 4
33667 1
33668 5
33669 3
33670 1
33671 4
33672 0
33673 2
33674 0
33675 1
33676 1
33677 2
33678 1
33679 1
33680 4
33681 2
33682 5
33683 0
33684 3
33685 1
33686 3
33687 0
33688 3
33689 0
33690 1
33691 2
33692 2
33693 1
33694 3
33695 1
33696 1
33697 5
33698 3
33699 1
33700 1
33701 1
33702 1
33703 4
33704 0
33705 0
33706 0
33707 3
33708 0
33709 5
33710 2
33711 0
33712 2
33713 4
33714 3
33715 2
33716 3
33717 4
33718 4
33719 5
33720 0
33721 3
33722 2
33723 3
33724 1
33725 4
33726 5
33727 2
33728 2
33729 3
33730 2
33731 3
33732 1
33733 0
33734 1
33735 0
33736 4
33737 1
33738 1
33739 2
33740 3
33741 3
33742 0
33743 2
33744 0
33745 2
33746 2
33747 2
33748 0
33749 0
33750 0
33751 3
33752 0
33753 1
33754 3
33755 1
33756 2
33757 0
33758 3
33759 2
33760 5
33761 0
33762 3
33763 2
33764 1
33765 4
33766 0
33767 3
33768 3
33769 4
33770 4
33771 2
33772 1
33773 2
33774 1
33775 2
33776 2
33777 0
33778 2
33779 1
33780 3
33781 4
33782 0
33783 1
33784 3
33785 3
33786 3
33787 2
33788 1
33789 1
33790 5
33791 2
33792 1
33793 4
33794 3
33795 1
33796 2
33797 3
33798 6
33799 1
33800 5
33801 2
33802 3
33803 0
33804 6
33805 1
33806 3
33807 3
33808 0
33809 2
33810 4
33811 4
33812 1
33813 3
33814 3
33815 5
33816 1
33817 3
33818 3
33819 2
33820 1
33821 0
33822 3
33823 3
33824 0
33825 0
33826 3
33827 0
33828 1
33829 2
33830 3
33831 0
33832 2
33833 1
33834 1
33835 3
33836 2
33837 3
33838 2
33839 1
33840 1
33841 1
33842 3
33843 2
33844 0
33845 2
33846 1
33847 2
33848 2
33849 2
33850 1
33851 1
33852 1
33853 3
33854 4
33855 3
33856 1
33857 0
33858 2
33859 2
33860 3
33861 1
33862 1
33863 0
33864 1
33865 2
33866 1
33867 4
33868 0
33869 0
33870 3
33871 1
33872 3
33873 4
33874 0
33875 0
33876 2
33877 4
33878 2
33879 0
33880 0
33881 2
33882 0
33883 0
33884 1
33885 1
33886 2
33887 1
33888 0
33889 2
33890 0
33891 2
33892 3
33893 4
33894 1
33895 2
33896 1
33897 3
33898 0
33899 0
33900 1
33901 1
33902 1
33903 4
33904 0
33905 4
33906 3
33907 1
33908 1
33909 2
33910 3
33911 0
33912 3
33913 4
33914 4
33915 1
33916 1
33917 0
33918 5
33919 1
33920 3
33921 3
33922 0
33923 3
33924 3
33925 2
33926 4
33927 1
33928 2
33929 2
33930 0
33931 4
33932 4
33933 1
33934 3
33935 0
33936 2
33937 2
33938 3
33939 1
33940 2
33941 3
33942 2
33943 4
33944 4
33945 2
33946 0
33947 3
33948 2
33949 0
33950 0
33951 1
33952 3
33953 1
33954 1
33955 4
33956 1
33957 0
33958 0
33959 1
33960 5
33961 2
33962 1
33963 0
33964 3
33965 3
33966 2
33967 4
33968 4
33969 2
33970 4
33971 1
33972 4
33973 1
33974 0
33975 1
33976 0
33977 2
33978 1
33979 1
33980 2
33981 1
33982 2
33983 0
33984 3
33985 4
33986 1
33987 2
33988 0
33989 1
33990 0
33991 2
33992 3
33993 0
33994 3
33995 0
33996 2
33997 2
33998 3
33999 2
34000 4
34001 3
34002 2
34003 3
34004 0
34005 3
34006 3
34007 0
34008 2
34009 0
34010 0
34011 1
34012 3
34013 3
34014 4
34015 0
34016 0
34017 4
34018 0
34019 3
34020 3
34021 3
34022 4
34023 2
34024 2
34025 2
34026 1
34027 2
34028 3
34029 3
34030 2
34031 3
34032 0
34033 5
34034 0
34035 1
34036 1
34037 1
34038 0
34039 1
34040 6
34041 0
34042 2
34043 2
34044 1
34045 2
34046 2
34047 1
34048 6
34049 2
34050 1
34051 4
34052 2
34053 0
34054 3
34055 2
34056 0
34057 3
34058 0
34059 2
34060 4
34061 4
34062 2
34063 2
34064 0
34065 2
34066 1
34067 2
34068 6
34069 4
34070 3
34071 2
34072 3
34073 2
34074 4
34075 5
34076 3
34077 3
34078 3
34079 0
34080 0
34081 3
34082 3
34083 3
34084 0
34085 0
34086 0
34087 1
34088 3
34089 3
34090 4
34091 2
34092 3
34093 0
34094 0
34095 0
34096 0
34097 2
34098 4
34099 4
34100 0
34101 1
34102 1
34103 5
34104 1
34105 1
34106 3
34107 2
34108 3
34109 4
34110 4
34111 2
34112 1
34113 1
34114 0
34115 1
34116 3
34117 2
34118 0
34119 4
34120 0
34121 3
34122 3
34123 2
34124 2
34125 1
34126 3
34127 0
34128 1
34129 0
34130 6
34131 3
34132 4
34133 3
34134 3
34135 2
34136 2
34137 0
34138 1
34139 0
34140 4
34141 1
34142 1
34143 0
34144 1
34145 1
34146 1
34147 2
34148 2
34149 0
34150 5
34151 1
34152 2
34153 4
34154 5
34155 4
34156 2
34157 4
34158 0
34159 1
34160 2
34161 1
34162 1
34163 2
34164 2
34165 3
34166 2
34167 0
34168 1
34169 3
34170 5
34171 0
34172 3
34173 5
34174 2
34175 1
34176 0
34177 0
34178 1
34179 4
34180 0
34181 1
34182 0
34183 2
34184 0
34185 4
34186 0
34187 4
34188 2
34189 5
34190 3
34191 3
34192 5
34193 3
34194 0
34195 0
34196 3
34197 2
34198 5
34199 2
34200 1
34201 0
34202 4
34203 2
34204 1
34205 2
34206 1
34207 0
34208 2
34209 1
34210 0
34211 2
34212 1
34213 0
34214 1
34215 2
34216 3
34217 4
34218 3
34219 0
34220 2
34221 3
34222 4
34223 3
34224 3
34225 0
34226 3
34227 0
34228 3
34229 4
34230 2
34231 5
34232 3
34233 3
34234 3
34235 2
34236 1
34237 3
34238 2
34239 2
34240 4
34241 4
34242 0
34243 1
34244 0
34245 3
34246 3
34247 4
34248 4
34249 3
34250 0
34251 1
34252 3
34253 3
34254 2
34255 0
34256 3
34257 1
34258 5
34259 4
34260 0
34261 2
34262 2
34263 6
34264 0
34265 4
34266 5
34267 1
34268 2
34269 3
34270 0
34271 3
34272 5
34273 2
34274 2
34275 2
34276 3
34277 5
34278 2
34279 2
34280 2
34281 0
34282 5
34283 2
34284 1
34285 0
34286 3
34287 1
34288 0
34289 2
34290 3
34291 3
34292 1
34293 1
34294 2
34295 3
34296 0
34297 1
34298 0
34299 5
34300 0
34301 1
34302 3
34303 3
34304 1
34305 0
34306 4
34307 4
34308 3
34309 5
34310 0
34311 0
34312 2
34313 0
34314 5
34315 1
34316 2
34317 1
34318 3
34319 2
34320 1
34321 0
34322 5
34323 1
34324 1
34325 3
34326 0
34327 1
34328 1
34329 2
34330 2
34331 5
34332 2
34333 4
34334 2
34335 1
34336 0
34337 3
34338 0
34339 0
34340 1
34341 0
34342 3
34343 3
34344 0
34345 1
34346 4
34347 2
34348 3
34349 5
34350 3
34351 2
34352 1
34353 0
34354 1
34355 0
34356 2
34357 4
34358 2
34359 0
34360 3
34361 3
34362 3
34363 4
34364 2
34365 1
34366 0
34367 1
34368 4
34369 1
34370 3
34371 3
34372 1
34373 1
34374 1
34375 0
34376 5
34377 2
34378 3
34379 1
34380 3
34381 5
34382 2
34383 1
34384 3
34385 4
34386 4
34387 3
34388 4
34389 1
34390 1
34391 0
34392 0
34393 1
34394 3
34395 0
34396 2
34397 1
34398 2
34399 1
34400 0
34401 1
34402 0
34403 3
34404 2
34405 3
34406 0
34407 3
34408 1
34409 1
34410 0
34411 1
34412 5
34413 3
34414 2
34415 1
34416 2
34417 1
34418 5
34419 3
34420 2
34421 2
34422 2
34423 3
34424 2
34425 2
34426 2
34427 2
34428 2
34429 3
34430 3
34431 0
34432 2
34433 2
34434 4
34435 0
34436 1
34437 4
34438 2
34439 3
34440 5
34441 0
34442 0
34443 0
34444 0
34445 2
34446 3
34447 2
34448 1
34449 3
34450 2
34451 3
34452 3
34453 5
34454 4
34455 4
34456 2
34457 3
34458 1
34459 0
34460 4
34461 1
34462 4
34463 3
34464 4
34465 0
34466 2
34467 5
34468 2
34469 3
34470 3
34471 2
34472 2
34473 1
34474 4
34475 3
34476 0
34477 1
34478 1
34479 1
34480 1
34481 2
34482 1
34483 2
34484 2
34485 4
34486 1
34487 0
34488 1
34489 4
34490 1
34491 5
34492 3
34493 5
34494 1
34495 0
34496 4
34497 1
34498 1
34499 1
34500 5
34501 3
34502 1
34503 3
34504 4
34505 0
34506 0
34507 2
34508 3
34509 5
34510 0
34511 5
34512 3
34513 4
34514 3
34515 4
34516 1
34517 1
34518 1
34519 0
34520 1
34521 3
34522 2
34523 0
34524 0
34525 3
34526 1
34527 2
34528 2
34529 1
34530 2
34531 1
34532 0
34533 0
34534 0
34535 1
34536 4
34537 2
34538 1
34539 1
34540 3
34541 3
34542 1
34543 0
34544 1
34545 4
34546 2
34547 4
34548 4
34549 0
34550 3
34551 2
34552 0
34553 2
34554 2
34555 2
34556 5
34557 0
34558 2
34559 4
34560 2
34561 0
34562 1
34563 3
34564 3
34565 0
34566 4
34567 2
34568 5
34569 0
34570 4
34571 3
34572 1
34573 2
34574 0
34575 1
34576 3
34577 1
34578 3
34579 1
34580 2
34581 2
34582 0
34583 5
34584 5
34585 0
34586 4
34587 0
34588 4
34589 0
34590 1
34591 0
34592 3
34593 2
34594 1
34595 2
34596 5
34597 1
34598 0
34599 1
34600 1
34601 0
34602 1
34603 0
34604 0
34605 1
34606 2
34607 1
34608 1
34609 4
34610 4
34611 1
34612 4
34613 1
34614 1
34615 4
34616 0
34617 1
34618 1
34619 1
34620 1
34621 3
34622 2
34623 1
34624 1
34625 0
34626 1
34627 2
34628 5
34629 2
34630 1
34631 2
34632 3
34633 2
34634 1
34635 0
34636 1
34637 2
34638 2
34639 1
34640 4
34641 4
34642 3
34643 5
34644 0
34645 3
34646 2
34647 3
34648 0
34649 5
34650 4
34651 0
34652 0
34653 2
34654 1
34655 0
34656 0
34657 3
34658 1
34659 0
34660 1
34661 5
34662 2
34663 3
34664 3
34665 1
34666 2
34667 0
34668 2
34669 1
34670 0
34671 5
34672 2
34673 0
34674 0
34675 3
34676 4
34677 2
34678 1
34679 4
34680 3
34681 4
34682 5
34683 1
34684 3
34685 0
34686 1
34687 0
34688 3
34689 1
34690 4
34691 0
34692 1
34693 0
34694 0
34695 2
34696 0
34697 4
34698 3
34699 0
34700 4
34701 0
34702 3
34703 4
34704 4
34705 2
34706 0
34707 3
34708 2
34709 5
34710 3
34711 1
34712 0
34713 1
34714 4
34715 4
34716 4
34717 1
34718 0
34719 2
34720 0
34721 1
34722 1
34723 2
34724 3
34725 1
34726 3
34727 3
34728 2
34729 3
34730 4
34731 1
34732 0
34733 3
34734 3
34735 1
34736 0
34737 4
34738 2
34739 4
34740 1
34741 0
34742 2
34743 1
34744 0
34745 1
34746 2
34747 1
34748 1
34749 1
34750 1
34751 0
34752 2
34753 3
34754 0
34755 0
34756 2
34757 2
34758 1
34759 2
34760 2
34761 2
34762 1
34763 2
34764 0
34765 0
34766 0
34767 3
34768 5
34769 0
34770 2
34771 5
34772 5
34773 1
34774 3
34775 4
34776 4
34777 0
34778 0
34779 0
34780 1
34781 0
34782 2
34783 4
34784 3
34785 1
34786 4
34787 3
34788 2
34789 2
34790 1
34791 3
34792 2
34793 1
34794 4
34795 0
34796 4
34797 1
34798 5
34799 3
34800 3
34801 2
34802 0
34803 1
34804 2
34805 3
34806 0
34807 4
34808 5
34809 2
34810 5
34811 2
34812 2
34813 1
34814 4
34815 3
34816 4
34817 0
34818 2
34819 3
34820 3
34821 1
34822 2
34823 3
34824 1
34825 1
34826 4
34827 2
34828 3
34829 2
34830 1
34831 1
34832 4
34833 4
34834 1
34835 4
34836 2
34837 2
34838 0
34839 1
34840 2
34841 4
34842 3
34843 3
34844 3
34845 1
34846 0
34847 4
34848 3
34849 1
34850 2
34851 4
34852 1
34853 0
34854 1
34855 4
34856 3
34857 1
34858 4
34859 1
34860 4
34861 0
34862 0
34863 3
34864 1
34865 1
34866 3
34867 3
34868 1
34869 1
34870 5
34871 0
34872 1
34873 3
34874 2
34875 2
34876 0
34877 3
34878 2
34879 2
34880 2
34881 3
34882 4
34883 2
34884 0
34885 1
34886 2
34887 4
34888 4
34889 0
34890 3
34891 0
34892 0
34893 3
34894 0
34895 2
34896 2
34897 0
34898 0
34899 4
34900 0
34901 0
34902 1
34903 2
34904 0
34905 0
34906 0
34907 1
34908 3
34909 4
34910 0
34911 3
34912 2
34913 1
34914 1
34915 0
34916 1
34917 1
34918 2
34919 0
34920 4
34921 2
34922 4
34923 5
34924 1
34925 2
34926 1
34927 1
34928 3
34929 3
34930 1
34931 2
34932 3
34933 5
34934 0
34935 1
34936 0
34937 2
34938 2
34939 0
34940 4
34941 4
34942 0
34943 4
34944 4
34945 4
34946 0
34947 3
34948 1
34949 0
34950 1
34951 3
34952 0
34953 2
34954 1
34955 4
34956 2
34957 3
34958 2
34959 0
34960 2
34961 0
34962 4
34963 2
34964 1
34965 1
34966 4
34967 1
34968 3
34969 5
34970 4
34971 3
34972 3
34973 2
34974 3
34975 2
34976 2
34977 3
34978 0
34979 1
34980 1
34981 0
34982 1
34983 2
34984 5
34985 0
34986 0
34987 2
34988 3
34989 3
34990 3
34991 1
34992 4
34993 4
34994 1
34995 1
34996 5
34997 1
34998 1
34999 0
35000 0
35001 0
35002 0
35003 2
35004 1
35005 4
35006 0
35007 0
35008 4
35009 4
35010 3
35011 0
35012 1
35013 1
35014 2
35015 5
35016 0
35017 5
35018 1
35019 3
35020 5
35021 4
35022 0
35023 2
35024 3
35025 2
35026 0
35027 3
35028 2
35029 2
35030 1
35031 1
35032 1
35033 1
35034 1
35035 0
35036 2
35037 1
35038 5
35039 4
35040 3
35041 1
35042 0
35043 1
35044 1
35045 1
35046 3
35047 1
35048 0
35049 1
35050 3
35051 2
35052 0
35053 4
35054 0
35055 0
35056 3
35057 4
35058 2
35059 2
35060 2
35061 1
35062 1
35063 1
35064 2
35065 2
35066 3
35067 4
35068 4
35069 2
35070 2
35071 3
35072 4
35073 1
35074 2
35075 2
35076 1
35077 0
35078 1
35079 1
35080 1
35081 0
35082 3
35083 5
35084 1
35085 2
35086 3
35087 3
35088 4
35089 0
35090 1
35091 0
35092 0
35093 0
35094 0
35095 5
35096 2
35097 3
35098 1
35099 3
35100 2
35101 3
35102 0
35103 1
35104 1
35105 2
35106 1
35107 2
35108 0
35109 1
35110 0
35111 0
35112 2
35113 1
35114 2
35115 6
35116 4
35117 3
35118 4
35119 1
35120 1
35121 2
35122 0
35123 1
35124 2
35125 0
35126 4
35127 2
35128 3
35129 4
35130 3
35131 1
35132 0
35133 3
35134 3
35135 1
35136 2
35137 0
35138 2
35139 0
35140 4
35141 1
35142 3
35143 0
35144 3
35145 5
35146 2
35147 2
35148 3
35149 2
35150 4
35151 0
35152 4
35153 3
35154 1
35155 1
35156 3
35157 0
35158 1
35159 3
35160 0
35161 2
35162 1
35163 0
35164 1
35165 2
35166 1
35167 0
35168 3
35169 0
35170 3
35171 0
35172 0
35173 4
35174 0
35175 3
35176 0
35177 4
35178 0
35179 1
35180 3
35181 0
35182 2
35183 1
35184 3
35185 3
35186 4
35187 2
35188 0
35189 3
35190 3
35191 2
35192 0
35193 1
35194 0
35195 3
35196 2
35197 4
35198 3
35199 0
35200 0
35201 1
35202 1
35203 4
35204 0
35205 1
35206 4
35207 3
35208 3
35209 0
35210 0
35211 1
35212 0
35213 2
35214 5
35215 0
35216 0
35217 0
35218 2
35219 2
35220 0
35221 1
35222 5
35223 0
35224 3
35225 2
35226 1
35227 3
35228 4
35229 2
35230 4
35231 3
35232 4
35233 4
35234 1
35235 0
35236 0
35237 4
35238 4
35239 1
35240 0
35241 3
35242 2
35243 1
35244 3
35245 4
35246 2
35247 0
35248 0
35249 1
35250 5
35251 4
35252 5
35253 5
35254 1
35255 1
35256 3
35257 2
35258 4
35259 2
35260 3
35261 3
35262 2
35263 3
35264 1
35265 0
35266 4
35267 1
35268 5
35269 3
35270 1
35271 0
35272 5
35273 3
35274 2
35275 2
35276 3
35277 3
35278 3
35279 1
35280 0
35281 0
35282 2
35283 1
35284 1
35285 4
35286 3
35287 3
35288 2
35289 1
35290 2
35291 1
35292 0
35293 1
35294 0
35295 0
35296 2
35297 0
35298 2
35299 3
35300 3
35301 0
35302 2
35303 2
35304 1
35305 3
35306 5
35307 2
35308 3
35309 3
35310 2
35311 2
35312 2
35313 2
35314 0
35315 2
35316 0
35317 4
35318 3
35319 1
35320 1
35321 2
35322 3
35323 3
35324 4
35325 1
35326 0
35327 5
35328 3
35329 2
35330 4
35331 0
35332 2
35333 2
35334 2
35335 1
35336 1
35337 1
35338 2
35339 1
35340 1
35341 0
35342 5
35343 1
35344 0
35345 0
35346 2
35347 0
35348 1
35349 3
35350 2
35351 0
35352 1
35353 5
35354 2
35355 0
35356 0
35357 1
35358 3
35359 0
35360 1
35361 5
35362 1
35363 1
35364 3
35365 0
35366 5
35367 3
35368 0
35369 4
35370 3
35371 0
35372 0
35373 4
35374 1
35375 4
35376 2
35377 0
35378 3
35379 1
35380 0
35381 2
35382 3
35383 5
35384 2
35385 0
35386 1
35387 2
35388 1
35389 3
35390 1
35391 0
35392 1
35393 2
35394 3
35395 0
35396 4
35397 2
35398 5
35399 1
35400 1
35401 2
35402 2
35403 3
35404 2
35405 2
35406 2
35407 2
35408 1
35409 0
35410 3
35411 2
35412 2
35413 1
35414 4
35415 4
35416 1
35417 4
35418 1
35419 2
35420 3
35421 1
35422 2
35423 2
35424 0
35425 2
35426 0
35427 3
35428 0
35429 0
35430 1
35431 2
35432 3
35433 3
35434 2
35435 3
35436 5
35437 1
35438 5
35439 5
35440 3
35441 3
35442 4
35443 1
35444 1
35445 3
35446 3
35447 3
35448 1
35449 0
35450 0
35451 3
35452 1
35453 3
35454 3
35455 2
35456 3
35457 5
35458 1
35459 2
35460 0
35461 2
35462 4
35463 4
35464 2
35465 2
35466 4
35467 1
35468 5
35469 0
35470 2
35471 2
35472 0
35473 1
35474 2
35475 0
35476 3
35477 0
35478 1
35479 1
35480 6
35481 2
35482 5
35483 1
35484 4
35485 0
35486 2
35487 2
35488 0
35489 0
35490 0
35491 3
35492 0
35493 0
35494 2
35495 3
35496 0
35497 3
35498 3
35499 0
35500 0
35501 1
35502 3
35503 0
35504 5
35505 3
35506 4
35507 0
35508 0
35509 2
35510 5
35511 3
35512 1
35513 3
35514 1
35515 2
35516 4
35517 4
35518 4
35519 0
35520 4
35521 1
35522 0
35523 4
35524 1
35525 4
35526 0
35527 3
35528 2
35529 3
35530 4
35531 3
35532 1
35533 1
35534 2
35535 3
35536 3
35537 1
35538 5
35539 4
35540 3
35541 2
35542 3
35543 1
35544 3
35545 2
35546 3
35547 3
35548 1
35549 1
35550 1
35551 3
35552 4
35553 1
35554 1
35555 1
35556 0
35557 2
35558 0
35559 1
35560 0
35561 0
35562 0
35563 0
35564 1
35565 0
35566 3
35567 3
35568 3
35569 5
35570 3
35571 2
35572 3
35573 0
35574 4
35575 1
35576 3
35577 1
35578 1
35579 3
35580 3
35581 1
35582 2
35583 1
35584 3
35585 0
35586 0
35587 2
35588 3
35589 3
35590 3
35591 0
35592 5
35593 3
35594 1
35595 1
35596 3
35597 3
35598 5
35599 5
35600 2
35601 4
35602 2
35603 0
35604 4
35605 0
35606 0
35607 1
35608 2
35609 0
35610 3
35611 0
35612 2
35613 3
35614 4
35615 4
35616 2
35617 1
35618 1
35619 5
35620 3
35621 2
35622 4
35623 2
35624 1
35625 1
35626 3
35627 3
35628 0
35629 1
35630 3
35631 1
35632 2
35633 2
35634 2
35635 3
35636 2
35637 2
35638 1
35639 2
35640 3
35641 1
35642 2
35643 3
35644 3
35645 1
35646 1
35647 1
35648 2
35649 4
35650 2
35651 2
35652 0
35653 4
35654 2
35655 2
35656 3
35657 4
35658 3
35659 4
35660 4
35661 2
35662 2
35663 0
35664 3
35665 1
35666 5
35667 2
35668 4
35669 2
35670 0
35671 3
35672 4
35673 4
35674 1
35675 4
35676 4
35677 3
35678 4
35679 0
35680 1
35681 1
35682 4
35683 2
35684 0
35685 1
35686 0
35687 2
35688 4
35689 5
35690 0
35691 1
35692 4
35693 4
35694 3
35695 0
35696 2
35697 5
35698 4
35699 4
35700 2
35701 2
35702 3
35703 1
35704 0
35705 5
35706 1
35707 5
35708 3
35709 1
35710 2
35711 1
35712 3
35713 4
35714 4
35715 3
35716 2
35717 2
35718 1
35719 0
35720 0
35721 2
35722 2
35723 1
35724 1
35725 2
35726 0
35727 3
35728 2
35729 2
35730 0
35731 5
35732 1
35733 0
35734 1
35735 0
35736 0
35737 3
35738 3
35739 3
35740 1
35741 1
35742 0
35743 2
35744 3
35745 2
35746 0
35747 2
35748 3
35749 4
35750 4
35751 1
35752 4
35753 2
35754 1
35755 5
35756 1
35757 1
35758 2
35759 0
35760 5
35761 4
35762 2
35763 1
35764 1
35765 1
35766 1
35767 1
35768 0
35769 4
35770 1
35771 2
35772 0
35773 0
35774 2
35775 2
35776 2
35777 2
35778 2
35779 1
35780 3
35781 1
35782 1
35783 1
35784 5
35785 4
35786 1
35787 3
35788 1
35789 1
35790 0
35791 4
35792 3
35793 1
35794 3
35795 0
35796 3
35797 4
35798 2
35799 2
35800 0
35801 3
35802 2
35803 0
35804 2
35805 4
35806 3
35807 0
35808 4
35809 2
35810 3
35811 3
35812 2
35813 3
35814 0
35815 4
35816 5
35817 3
35818 3
35819 0
35820 1
35821 3
35822 1
35823 4
35824 0
35825 2
35826 4
35827 2
35828 1
35829 1
35830 2
35831 2
35832 3
35833 5
35834 4
35835 2
35836 1
35837 0
35838 3
35839 4
35840 4
35841 3
35842 2
35843 2
35844 0
35845 4
35846 0
35847 0
35848 4
35849 2
35850 3
35851 1
35852 1
35853 0
35854 3
35855 2
35856 0
35857 3
35858 1
35859 0
35860 1
35861 3
35862 3
35863 3
35864 3
35865 4
35866 0
35867 2
35868 2
35869 0
35870 1
35871 0
35872 0
35873 0
35874 3
35875 0
35876 4
35877 4
35878 3
35879 2
35880 3
35881 2
35882 4
35883 0
35884 0
35885 0
35886 0
35887 4
35888 0
35889 3
35890 4
35891 2
35892 3
35893 1
35894 1
35895 0
35896 3
35897 1
35898 2
35899 0
35900 4
35901 3
35902 2
35903 1
35904 2
35905 4
35906 3
35907 2
35908 3
35909 0
35910 4
35911 4
35912 0
35913 3
35914 2
35915 3
35916 4
35917 5
35918 4
35919 2
35920 2
35921 2
35922 2
35923 1
35924 0
35925 2
35926 3
35927 2
35928 2
35929 2
35930 0
35931 5
35932 0
35933 5
35934 1
35935 1
35936 2
35937 0
35938 1
35939 0
35940 4
35941 0
35942 5
35943 5
35944 2
35945 1
35946 4
35947 3
35948 4
35949 3
35950 0
35951 1
35952 3
35953 1
35954 1
35955 3
35956 1
35957 4
35958 3
35959 0
35960 0
35961 1
35962 2
35963 4
35964 1
35965 3
35966 3
35967 0
35968 2
35969 3
35970 3
35971 4
35972 2
35973 0
35974 4
35975 0
35976 6
35977 2
35978 0
35979 1
35980 3
35981 3
35982 0
35983 2
35984 0
35985 1
35986 1
35987 2
35988 0
35989 4
35990 3
35991 2
35992 2
35993 2
35994 3
35995 4
35996 1
35997 3
35998 3
35999 3
36000 0
36001 1
36002 2
36003 4
36004 3
36005 2
36006 3
36007 4
36008 3
36009 3
36010 2
36011 2
36012 5
36013 5
36014 0
36015 0
36016 0
36017 3
36018 3
36019 3
36020 2
36021 2
36022 0
36023 2
36024 3
36025 0
36026 3
36027 2
36028 1
36029 2
36030 5
36031 0
36032 0
36033 5
36034 5
36035 1
36036 1
36037 4
36038 4
36039 2
36040 3
36041 3
36042 2
36043 0
36044 1
36045 0
36046 0
36047 2
36048 1
36049 4
36050 1
36051 4
36052 1
36053 4
36054 3
36055 2
36056 5
36057 0
36058 1
36059 1
36060 4
36061 0
36062 5
36063 1
36064 2
36065 3
36066 1
36067 0
36068 1
36069 0
36070 0
36071 2
36072 2
36073 0
36074 3
36075 5
36076 3
36077 0
36078 0
36079 2
36080 5
36081 3
36082 3
36083 2
36084 1
36085 3
36086 0
36087 2
36088 0
36089 3
36090 1
36091 3
36092 1
36093 3
36094 0
36095 4
36096 1
36097 1
36098 2
36099 2
36100 3
36101 1
36102 1
36103 4
36104 0
36105 1
36106 0
36107 2
36108 2
36109 2
36110 4
36111 1
36112 4
36113 3
36114 1
36115 4
36116 0
36117 1
36118 4
36119 1
36120 4
36121 2
36122 0
36123 1
36124 1
36125 0
36126 4
36127 3
36128 1
36129 2
36130 0
36131 0
36132 4
36133 3
36134 0
36135 1
36136 3
36137 1
36138 4
36139 2
36140 1
36141 1
36142 2
36143 2
36144 3
36145 1
36146 3
36147 4
36148 0
36149 4
36150 3
36151 2
36152 2
36153 4
36154 3
36155 0
36156 1
36157 0
36158 0
36159 2
36160 5
36161 1
36162 4
36163 1
36164 1
36165 0
36166 1
36167 0
36168 3
36169 4
36170 1
36171 1
36172 4
36173 3
36174 2
36175 0
36176 0
36177 4
36178 3
36179 0
36180 2
36181 0
36182 4
36183 0
36184 1
36185 1
36186 4
36187 0
36188 0
36189 3
36190 3
36191 1
36192 2
36193 0
36194 1
36195 1
36196 1
36197 0
36198 1
36199 3
36200 2
36201 0
36202 1
36203 2
36204 0
36205 1
36206 1
36207 4
36208 4
36209 4
36210 4
36211 1
36212 0
36213 4
36214 1
36215 0
36216 5
36217 3
36218 2
36219 2
36220 2
36221 4
36222 1
36223 2
36224 1
36225 1
36226 1
36227 1
36228 4
36229 1
36230 3
36231 0
36232 3
36233 3
36234 2
36235 2
36236 0
36237 0
36238 0
36239 2
36240 3
36241 4
36242 1
36243 0
36244 2
36245 1
36246 2
36247 0
36248 1
36249 4
36250 2
36251 3
36252 0
36253 3
36254 0
36255 2
36256 2
36257 2
36258 3
36259 1
36260 1
36261 3
36262 0
36263 4
36264 4
36265 4
36266 3
36267 3
36268 4
36269 2
36270 2
36271 1
36272 1
36273 2
36274 0
36275 2
36276 3
36277 0
36278 0
36279 0
36280 1
36281 3
36282 1
36283 2
36284 2
36285 1
36286 2
36287 5
36288 3
36289 1
36290 1
36291 2
36292 1
36293 2
36294 2
36295 1
36296 0
36297 1
36298 3
36299 1
36300 3
36301 2
36302 1
36303 4
36304 2
36305 0
36306 2
36307 2
36308 0
36309 2
36310 1
36311 3
36312 4
36313 1
36314 1
36315 3
36316 0
36317 2
36318 3
36319 1
36320 4
36321 1
36322 3
36323 2
36324 0
36325 1
36326 4
36327 3
36328 2
36329 1
36330 3
36331 2
36332 2
36333 1
36334 5
36335 1
36336 0
36337 1
36338 5
36339 3
36340 1
36341 1
36342 2
36343 2
36344 2
36345 0
36346 3
36347 2
36348 4
36349 2
36350 3
36351 3
36352 0
36353 3
36354 2
36355 2
36356 1
36357 3
36358 0
36359 3
36360 0
36361 0
36362 3
36363 3
36364 0
36365 1
36366 1
36367 1
36368 2
36369 2
36370 5
36371 1
36372 2
36373 0
36374 4
36375 0
36376 2
36377 4
36378 2
36379 1
36380 3
36381 0
36382 3
36383 2
36384 0
36385 2
36386 2
36387 0
36388 4
36389 0
36390 0
36391 1
36392 2
36393 1
36394 3
36395 1
36396 3
36397 0
36398 1
36399 5
36400 0
36401 2
36402 3
36403 4
36404 0
36405 2
36406 4
36407 0
36408 3
36409 1
36410 0
36411 3
36412 0
36413 0
36414 4
36415 4
36416 5
36417 1
36418 4
36419 2
36420 0
36421 1
36422 3
36423 0
36424 2
36425 4
36426 2
36427 2
36428 0
36429 2
36430 0
36431 3
36432 2
36433 3
36434 2
36435 5
36436 3
36437 4
36438 0
36439 1
36440 2
36441 2
36442 0
36443 3
36444 1
36445 2
36446 3
36447 3
36448 0
36449 5
36450 0
36451 2
36452 2
36453 0
36454 1
36455 1
36456 2
36457 3
36458 3
36459 1
36460 3
36461 5
36462 1
36463 2
36464 2
36465 0
36466 0
36467 3
36468 2
36469 1
36470 1
36471 3
36472 1
36473 2
36474 2
36475 4
36476 2
36477 6
36478 0
36479 3
36480 5
36481 5
36482 1
36483 3
36484 3
36485 1
36486 1
36487 3
36488 2
36489 2
36490 4
36491 4
36492 2
36493 0
36494 1
36495 0
36496 2
36497 1
36498 3
36499 2
36500 2
36501 4
36502 1
36503 2
36504 1
36505 2
36506 2
36507 1
36508 1
36509 4
36510 4
36511 0
36512 0
36513 3
36514 2
36515 3
36516 1
36517 4
36518 0
36519 0
36520 4
36521 5
36522 1
36523 1
36524 5
36525 4
36526 0
36527 3
36528 3
36529 0
36530 2
36531 1
36532 4
36533 1
36534 1
36535 2
36536 0
36537 2
36538 4
36539 2
36540 1
36541 0
36542 2
36543 4
36544 1
36545 1
36546 3
36547 2
36548 5
36549 3
36550 1
36551 2
36552 3
36553 4
36554 3
36555 0
36556 5
36557 2
36558 2
36559 3
36560 4
36561 2
36562 5
36563 2
36564 5
36565 1
36566 0
36567 1
36568 1
36569 2
36570 4
36571 3
36572 5
36573 0
36574 4
36575 0
36576 1
36577 0
36578 3
36579 4
36580 2
36581 3
36582 2
36583 1
36584 1
36585 3
36586 0
36587 4
36588 1
36589 1
36590 3
36591 1
36592 0
36593 2
36594 4
36595 0
36596 4
36597 4
36598 3
36599 3
36600 2
36601 3
36602 4
36603 0
36604 2
36605 4
36606 4
36607 4
36608 1
36609 1
36610 0
36611 4
36612 1
36613 2
36614 0
36615 3
36616 1
36617 2
36618 1
36619 1
36620 3
36621 1
36622 4
36623 1
36624 2
36625 0
36626 4
36627 0
36628 4
36629 0
36630 1
36631 3
36632 4
36633 2
36634 1
36635 4
36636 0
36637 0
36638 3
36639 1
36640 1
36641 2
36642 0
36643 3
36644 4
36645 1
36646 0
36647 0
36648 3
36649 2
36650 0
36651 2
36652 5
36653 0
36654 3
36655 0
36656 5
36657 1
36658 1
36659 4
36660 4
36661 0
36662 1
36663 3
36664 3
36665 2
36666 3
36667 0
36668 1
36669 0
36670 2
36671 4
36672 0
36673 3
36674 3
36675 0
36676 3
36677 0
36678 1
36679 0
36680 0
36681 2
36682 3
36683 4
36684 1
36685 0
36686 4
36687 2
36688 0
36689 4
36690 3
36691 3
36692 2
36693 3
36694 1
36695 0
36696 3
36697 2
36698 3
36699 0
36700 4
36701 0
36702 4
36703 5
36704 3
36705 1
36706 2
36707 0
36708 1
36709 2
36710 2
36711 2
36712 1
36713 1
36714 5
36715 1
36716 4
36717 2
36718 1
36719 2
36720 0
36721 0
36722 0
36723 3
36724 4
36725 3
36726 2
36727 1
36728 0
36729 1
36730 1
36731 1
36732 0
36733 4
36734 4
36735 1
36736 0
36737 5
36738 3
36739 4
36740 4
36741 1
36742 4
36743 1
36744 3
36745 2
36746 3
36747 3
36748 1
36749 3
36750 1
36751 4
36752 0
36753 1
36754 3
36755 0
36756 4
36757 1
36758 1
36759 3
36760 0
36761 1
36762 3
36763 3
36764 0
36765 3
36766 1
36767 1
36768 0
36769 1
36770 3
36771 1
36772 0
36773 1
36774 3
36775 3
36776 5
36777 3
36778 0
36779 1
36780 0
36781 0
36782 0
36783 2
36784 4
36785 2
36786 1
36787 0
36788 0
36789 2
36790 1
36791 0
36792 3
36793 2
36794 0
36795 1
36796 2
36797 0
36798 0
36799 3
36800 1
36801 3
36802 0
36803 4
36804 5
36805 3
36806 0
36807 0
36808 3
36809 0
36810 5
36811 4
36812 2
36813 0
36814 2
36815 4
36816 2
36817 0
36818 4
36819 0
36820 2
36821 2
36822 4
36823 3
36824 2
36825 3
36826 3
36827 4
36828 1
36829 2
36830 1
36831 0
36832 2
36833 1
36834 0
36835 3
36836 2
36837 4
36838 2
36839 4
36840 4
36841 3
36842 1
36843 3
36844 4
36845 3
36846 3
36847 4
36848 0
36849 1
36850 4
36851 2
36852 1
36853 1
36854 1
36855 4
36856 1
36857 2
36858 2
36859 1
36860 0
36861 1
36862 4
36863 0
36864 0
36865 3
36866 0
36867 2
36868 4
36869 3
36870 1
36871 0
36872 1
36873 2
36874 2
36875 0
36876 4
36877 3
36878 4
36879 2
36880 3
36881 2
36882 1
36883 1
36884 4
36885 5
36886 3
36887 3
36888 2
36889 1
36890 4
36891 1
36892 3
36893 1
36894 2
36895 2
36896 0
36897 2
36898 1
36899 2
36900 3
36901 2
36902 1
36903 4
36904 3
36905 0
36906 1
36907 1
36908 1
36909 3
36910 3
36911 4
36912 1
36913 2
36914 5
36915 3
36916 5
36917 1
36918 5
36919 0
36920 0
36921 0
36922 5
36923 4
36924 3
36925 3
36926 4
36927 4
36928 1
36929 2
36930 1
36931 5
36932 1
36933 1
36934 0
36935 2
36936 3
36937 3
36938 2
36939 1
36940 1
36941 2
36942 3
36943 2
36944 3
36945 0
36946 0
36947 0
36948 4
36949 0
36950 3
36951 2
36952 4
36953 2
36954 5
36955 4
36956 3
36957 2
36958 5
36959 0
36960 1
36961 3
36962 3
36963 4
36964 3
36965 1
36966 5
36967 4
36968 1
36969 1
36970 2
36971 3
36972 0
36973 3
36974 2
36975 2
36976 2
36977 4
36978 1
36979 5
36980 0
36981 5
36982 0
36983 3
36984 4
36985 4
36986 3
36987 2
36988 4
36989 3
36990 4
36991 0
36992 3
36993 2
36994 5
36995 1
36996 2
36997 3
36998 4
36999 1
37000 3
37001 0
37002 3
37003 0
37004 3
37005 2
37006 1
37007 5
37008 1
37009 0
37010 4
37011 2
37012 4
37013 4
37014 2
37015 0
37016 2
37017 2
37018 3
37019 0
37020 0
37021 3
37022 1
37023 0
37024 0
37025 2
37026 0
37027 4
37028 0
37029 4
37030 4
37031 1
37032 0
37033 1
37034 4
37035 1
37036 2
37037 0
37038 2
37039 0
37040 3
37041 0
37042 2
37043 5
37044 1
37045 4
37046 2
37047 1
37048 2
37049 1
37050 4
37051 4
37052 1
37053 2
37054 3
37055 0
37056 2
37057 4
37058 3
37059 2
37060 2
37061 1
37062 5
37063 2
37064 5
37065 2
37066 3
37067 0
37068 0
37069 1
37070 3
37071 1
37072 3
37073 3
37074 4
37075 2
37076 4
37077 0
37078 0
37079 0
37080 4
37081 3
37082 2
37083 4
37084 1
37085 4
37086 4
37087 1
37088 2
37089 4
37090 2
37091 5
37092 3
37093 1
37094 1
37095 3
37096 0
37097 2
37098 1
37099 2
37100 1
37101 1
37102 3
37103 3
37104 0
37105 3
37106 2
37107 2
37108 5
37109 1
37110 4
37111 1
37112 1
37113 2
37114 0
37115 0
37116 2
37117 4
37118 1
37119 4
37120 3
37121 2
37122 2
37123 0
37124 0
37125 1
37126 0
37127 3
37128 1
37129 0
37130 0
37131 2
37132 0
37133 3
37134 1
37135 2
37136 2
37137 4
37138 4
37139 1
37140 0
37141 3
37142 0
37143 1
37144 3
37145 2
37146 3
37147 4
37148 3
37149 3
37150 4
37151 0
37152 3
37153 3
37154 2
37155 0
37156 0
37157 5
37158 2
37159 1
37160 1
37161 3
37162 0
37163 3
37164 4
37165 0
37166 3
37167 2
37168 3
37169 3
37170 3
37171 0
37172 3
37173 1
37174 1
37175 1
37176 2
37177 3
37178 2
37179 1
37180 0
37181 1
37182 0
37183 2
37184 2
37185 1
37186 1
37187 0
37188 3
37189 1
37190 3
37191 0
37192 3
37193 0
37194 0
37195 2
37196 3
37197 4
37198 1
37199 5
37200 3
37201 4
37202 1
37203 4
37204 1
37205 1
37206 1
37207 4
37208 3
37209 1
37210 0
37211 2
37212 1
37213 2
37214 2
37215 0
37216 2
37217 1
37218 4
37219 4
37220 3
37221 5
37222 5
37223 2
37224 2
37225 1
37226 2
37227 4
37228 0
37229 2
37230 0
37231 0
37232 3
37233 3
37234 1
37235 1
37236 3
37237 2
37238 0
37239 1
37240 0
37241 4
37242 1
37243 3
37244 0
37245 0
37246 3
37247 2
37248 4
37249 1
37250 0
37251 3
37252 2
37253 1
37254 1
37255 3
37256 1
37257 3
37258 1
37259 1
37260 3
37261 1
37262 1
37263 2
37264 0
37265 1
37266 2
37267 1
37268 4
37269 2
37270 3
37271 2
37272 2
37273 2
37274 3
37275 4
37276 3
37277 4
37278 0
37279 0
37280 3
37281 1
37282 4
37283 1
37284 5
37285 4
37286 2
37287 4
37288 0
37289 0
37290 3
37291 0
37292 3
37293 0
37294 2
37295 0
37296 2
37297 5
37298 3
37299 2
37300 2
37301 3
37302 5
37303 1
37304 4
37305 4
37306 3
37307 1
37308 3
37309 4
37310 5
37311 2
37312 1
37313 0
37314 4
37315 2
37316 2
37317 1
37318 3
37319 6
37320 2
37321 2
37322 3
37323 5
37324 0
37325 4
37326 2
37327 2
37328 4
37329 0
37330 3
37331 3
37332 0
37333 1
37334 5
37335 1
37336 0
37337 1
37338 2
37339 2
37340 5
37341 5
37342 2
37343 0
37344 3
37345 1
37346 2
37347 0
37348 3
37349 1
37350 2
37351 3
37352 1
37353 3
37354 2
37355 0
37356 0
37357 3
37358 0
37359 1
37360 4
37361 3
37362 2
37363 5
37364 1
37365 3
37366 0
37367 0
37368 0
37369 2
37370 5
37371 0
37372 2
37373 1
37374 5
37375 2
37376 0
37377 0
37378 1
37379 0
37380 1
37381 1
37382 4
37383 4
37384 1
37385 3
37386 1
37387 5
37388 2
37389 0
37390 1
37391 0
37392 1
37393 3
37394 2
37395 1
37396 2
37397 0
37398 1
37399 4
37400 3
37401 0
37402 3
37403 2
37404 1
37405 0
37406 0
37407 0
37408 0
37409 0
37410 0
37411 2
37412 0
37413 3
37414 2
37415 5
37416 4
37417 0
37418 2
37419 1
37420 2
37421 4
37422 3
37423 5
37424 4
37425 0
37426 5
37427 4
37428 0
37429 2
37430 2
37431 1
37432 2
37433 0
37434 2
37435 0
37436 0
37437 1
37438 4
37439 0
37440 3
37441 0
37442 1
37443 4
37444 2
37445 2
37446 0
37447 3
37448 4
37449 0
37450 2
37451 2
37452 3
37453 2
37454 3
37455 2
37456 1
37457 0
37458 5
37459 0
37460 4
37461 3
37462 0
37463 2
37464 3
37465 5
37466 4
37467 3
37468 1
37469 3
37470 2
37471 4
37472 2
37473 1
37474 2
37475 2
37476 2
37477 4
37478 2
37479 4
37480 0
37481 4
37482 1
37483 1
37484 4
37485 1
37486 2
37487 2
37488 0
37489 1
37490 1
37491 3
37492 1
37493 3
37494 4
37495 3
37496 2
37497 2
37498 1
37499 2
37500 2
37501 0
37502 1
37503 3
37504 0
37505 0
37506 1
37507 2
37508 1
37509 1
37510 4
37511 1
37512 2
37513 5
37514 4
37515 4
37516 2
37517 3
37518 1
37519 2
37520 1
37521 2
37522 4
37523 1
37524 1
37525 1
37526 1
37527 2
37528 2
37529 2
37530 4
37531 4
37532 0
37533 4
37534 5
37535 5
37536 2
37537 5
37538 2
37539 3
37540 4
37541 0
37542 3
37543 2
37544 0
37545 2
37546 0
37547 0
37548 1
37549 1
37550 0
37551 0
37552 1
37553 1
37554 0
37555 1
37556 0
37557 1
37558 3
37559 3
37560 2
37561 1
37562 4
37563 1
37564 3
37565 4
37566 4
37567 3
37568 1
37569 4
37570 2
37571 1
37572 3
37573 3
37574 2
37575 0
37576 0
37577 3
37578 3
37579 3
37580 3
37581 1
37582 1
37583 1
37584 2
37585 1
37586 5
37587 4
37588 1
37589 3
37590 1
37591 3
37592 3
37593 2
37594 1
37595 4
37596 1
37597 1
37598 4
37599 3
37600 2
37601 1
37602 1
37603 0
37604 0
37605 2
37606 3
37607 1
37608 2
37609 0
37610 3
37611 1
37612 1
37613 0
37614 4
37615 1
37616 2
37617 3
37618 0
37619 1
37620 4
37621 1
37622 2
37623 1
37624 1
37625 1
37626 3
37627 3
37628 4
37629 0
37630 0
37631 1
37632 1
37633 1
37634 1
37635 1
37636 1
37637 0
37638 1
37639 3
37640 0
37641 6
37642 1
37643 1
37644 2
37645 4
37646 5
37647 2
37648 2
37649 1
37650 4
37651 0
37652 3
37653 3
37654 4
37655 1
37656 0
37657 2
37658 3
37659 1
37660 0
37661 3
37662 4
37663 1
37664 4
37665 0
37666 1
37667 3
37668 1
37669 4
37670 4
37671 3
37672 3
37673 2
37674 2
37675 2
37676 3
37677 3
37678 2
37679 2
37680 0
37681 4
37682 3
37683 0
37684 0
37685 1
37686 1
37687 2
37688 1
37689 1
37690 1
37691 4
37692 1
37693 1
37694 5
37695 4
37696 3
37697 1
37698 0
37699 2
37700 1
37701 1
37702 2
37703 1
37704 1
37705 3
37706 2
37707 2
37708 4
37709 4
37710 1
37711 3
37712 1
37713 2
37714 0
37715 2
37716 1
37717 4
37718 0
37719 3
37720 0
37721 2
37722 3
37723 2
37724 2
37725 3
37726 4
37727 4
37728 1
37729 4
37730 5
37731 3
37732 1
37733 1
37734 3
37735 2
37736 1
37737 1
37738 2
37739 1
37740 4
37741 0
37742 1
37743 1
37744 4
37745 2
37746 3
37747 4
37748 1
37749 0
37750 0
37751 0
37752 1
37753 3
37754 3
37755 1
37756 3
37757 2
37758 1
37759 2
37760 2
37761 3
37762 1
37763 1
37764 1
37765 3
37766 3
37767 2
37768 0
37769 3
37770 2
37771 2
37772 3
37773 1
37774 5
37775 1
37776 5
37777 2
37778 1
37779 3
37780 3
37781 4
37782 5
37783 3
37784 1
37785 0
37786 2
37787 0
37788 2
37789 4
37790 4
37791 3
37792 5
37793 2
37794 1
37795 2
37796 3
37797 3
37798 3
37799 0
37800 5
37801 4
37802 4
37803 0
37804 1
37805 0
37806 0
37807 2
37808 2
37809 0
37810 4
37811 1
37812 3
37813 1
37814 4
37815 1
37816 0
37817 0
37818 5
37819 3
37820 0
37821 2
37822 1
37823 0
37824 3
37825 4
37826 1
37827 3
37828 2
37829 2
37830 4
37831 4
37832 2
37833 0
37834 0
37835 1
37836 0
37837 1
37838 2
37839 1
37840 2
37841 0
37842 2
37843 2
37844 1
37845 4
37846 2
37847 0
37848 4
37849 0
37850 4
37851 4
37852 2
37853 2
37854 1
37855 2
37856 3
37857 2
37858 2
37859 2
37860 3
37861 3
37862 0
37863 3
37864 0
37865 0
37866 0
37867 1
37868 1
37869 0
37870 4
37871 0
37872 0
37873 2
37874 4
37875 4
37876 1
37877 1
37878 2
37879 2
37880 0
37881 2
37882 1
37883 1
37884 2
37885 0
37886 0
37887 3
37888 1
37889 4
37890 0
37891 4
37892 0
37893 3
37894 5
37895 3
37896 1
37897 0
37898 5
37899 2
37900 0
37901 3
37902 5
37903 0
37904 5
37905 3
37906 2
37907 0
37908 5
37909 3
37910 0
37911 2
37912 2
37913 5
37914 0
37915 5
37916 2
37917 1
37918 2
37919 1
37920 0
37921 1
37922 0
37923 0
37924 4
37925 2
37926 2
37927 2
37928 2
37929 0
37930 3
37931 1
37932 4
37933 4
37934 2
37935 1
37936 2
37937 1
37938 4
37939 3
37940 1
37941 0
37942 3
37943 2
37944 4
37945 0
37946 0
37947 0
37948 4
37949 1
37950 5
37951 0
37952 5
37953 1
37954 0
37955 4
37956 1
37957 2
37958 4
37959 0
37960 0
37961 4
37962 1
37963 0
37964 2
37965 2
37966 0
37967 1
37968 0
37969 2
37970 2
37971 3
37972 2
37973 2
37974 3
37975 1
37976 5
37977 0
37978 0
37979 3
37980 0
37981 1
37982 1
37983 2
37984 3
37985 0
37986 2
37987 0
37988 2
37989 3
37990 1
37991 4
37992 1
37993 0
37994 2
37995 2
37996 6
37997 3
37998 1
37999 4
38000 2
38001 3
38002 4
38003 3
38004 1
38005 3
38006 3
38007 2
38008 4
38009 0
38010 0
38011 4
38012 4
38013 3
38014 0
38015 3
38016 3
38017 2
38018 4
38019 2
38020 1
38021 1
38022 1
38023 1
38024 4
38025 1
38026 2
38027 5
38028 4
38029 1
38030 0
38031 3
38032 4
38033 0
38034 3
38035 1
38036 2
38037 3
38038 4
38039 1
38040 2
38041 2
38042 0
38043 3
38044 2
38045 3
38046 0
38047 2
38048 2
38049 1
38050 2
38051 3
38052 5
38053 3
38054 5
38055 1
38056 2
38057 2
38058 2
38059 2
38060 1
38061 4
38062 1
38063 1
38064 0
38065 3
38066 2
38067 0
38068 2
38069 2
38070 1
38071 0
38072 4
38073 2
38074 2
38075 2
38076 0
38077 4
38078 2
38079 1
38080 1
38081 4
38082 1
38083 3
38084 2
38085 1
38086 1
38087 0
38088 4
38089 5
38090 4
38091 1
38092 1
38093 5
38094 2
38095 1
38096 2
38097 2
38098 0
38099 1
38100 3
38101 5
38102 2
38103 3
38104 1
38105 3
38106 1
38107 1
38108 1
38109 2
38110 0
38111 2
38112 4
38113 3
38114 0
38115 3
38116 0
38117 2
38118 2
38119 2
38120 2
38121 0
38122 4
38123 1
38124 3
38125 3
38126 1
38127 3
38128 5
38129 0
38130 4
38131 4
38132 0
38133 1
38134 5
38135 2
38136 4
38137 3
38138 4
38139 2
38140 3
38141 5
38142 3
38143 1
38144 0
38145 1
38146 0
38147 4
38148 3
38149 4
38150 2
38151 4
38152 4
38153 1
38154 4
38155 5
38156 3
38157 3
38158 5
38159 1
38160 3
38161 5
38162 0
38163 2
38164 2
38165 3
38166 4
38167 1
38168 2
38169 4
38170 5
38171 4
38172 0
38173 4
38174 2
38175 0
38176 2
38177 1
38178 3
38179 1
38180 1
38181 0
38182 1
38183 1
38184 1
38185 4
38186 5
38187 0
38188 2
38189 0
38190 1
38191 1
38192 3
38193 1
38194 3
38195 5
38196 4
38197 0
38198 4
38199 1
38200 3
38201 3
38202 2
38203 2
38204 1
38205 2
38206 0
38207 2
38208 2
38209 1
38210 5
38211 4
38212 4
38213 0
38214 2
38215 2
38216 6
38217 1
38218 1
38219 0
38220 5
38221 0
38222 0
38223 2
38224 3
38225 3
38226 1
38227 0
38228 1
38229 0
38230 0
38231 0
38232 3
38233 0
38234 3
38235 0
38236 3
38237 2
38238 5
38239 1
38240 4
38241 0
38242 3
38243 3
38244 4
38245 0
38246 2
38247 4
38248 2
38249 2
38250 3
38251 2
38252 1
38253 2
38254 3
38255 0
38256 0
38257 3
38258 3
38259 2
38260 1
38261 3
38262 1
38263 4
38264 0
38265 1
38266 2
38267 4
38268 4
38269 2
38270 4
38271 4
38272 0
38273 5
38274 1
38275 0
38276 1
38277 3
38278 2
38279 3
38280 4
38281 4
38282 2
38283 2
38284 0
38285 3
38286 0
38287 2
38288 1
38289 1
38290 0
38291 1
38292 2
38293 3
38294 0
38295 0
38296 0
38297 0
38298 1
38299 5
38300 3
38301 1
38302 3
38303 4
38304 1
38305 0
38306 4
38307 2
38308 4
38309 1
38310 2
38311 4
38312 3
38313 2
38314 5
38315 3
38316 5
38317 0
38318 1
38319 2
38320 2
38321 4
38322 2
38323 1
38324 4
38325 4
38326 3
38327 1
38328 4
38329 2
38330 4
38331 0
38332 3
38333 2
38334 4
38335 4
38336 1
38337 0
38338 3
38339 4
38340 1
38341 2
38342 1
38343 1
38344 3
38345 1
38346 1
38347 0
38348 1
38349 0
38350 0
38351 0
38352 0
38353 4
38354 2
38355 1
38356 4
38357 2
38358 5
38359 0
38360 2
38361 1
38362 1
38363 4
38364 3
38365 2
38366 3
38367 0
38368 3
38369 0
38370 0
38371 1
38372 0
38373 0
38374 1
38375 3
38376 0
38377 2
38378 1
38379 1
38380 5
38381 1
38382 1
38383 0
38384 4
38385 1
38386 0
38387 2
38388 5
38389 5
38390 3
38391 0
38392 2
38393 1
38394 3
38395 2
38396 2
38397 5
38398 2
38399 3
38400 1
38401 3
38402 4
38403 2
38404 0
38405 3
38406 2
38407 1
38408 0
38409 3
38410 3
38411 4
38412 1
38413 4
38414 0
38415 3
38416 4
38417 1
38418 2
38419 0
38420 3
38421 1
38422 1
38423 5
38424 2
38425 3
38426 5
38427 5
38428 3
38429 0
38430 2
38431 0
38432 1
38433 3
38434 2
38435 2
38436 5
38437 2
38438 4
38439 4
38440 1
38441 1
38442 3
38443 3
38444 3
38445 1
38446 0
38447 3
38448 4
38449 1
38450 3
38451 3
38452 5
38453 1
38454 3
38455 0
38456 4
38457 5
38458 2
38459 0
38460 0
38461 1
38462 0
38463 2
38464 1
38465 4
38466 1
38467 3
38468 2
38469 1
38470 3
38471 3
38472 4
38473 2
38474 2
38475 2
38476 4
38477 1
38478 4
38479 1
38480 4
38481 2
38482 2
38483 3
38484 4
38485 3
38486 1
38487 3
38488 3
38489 1
38490 2
38491 1
38492 4
38493 1
38494 3
38495 4
38496 0
38497 2
38498 2
38499 4
38500 4
38501 3
38502 4
38503 1
38504 4
38505 1
38506 4
38507 1
38508 0
38509 2
38510 1
38511 4
38512 4
38513 3
38514 4
38515 3
38516 2
38517 2
38518 0
38519 2
38520 3
38521 0
38522 3
38523 2
38524 1
38525 5
38526 0
38527 1
38528 1
38529 2
38530 4
38531 1
38532 0
38533 0
38534 1
38535 3
38536 1
38537 4
38538 3
38539 3
38540 1
38541 0
38542 4
38543 2
38544 1
38545 5
38546 3
38547 1
38548 1
38549 1
38550 0
38551 3
38552 1
38553 1
38554 1
38555 0
38556 4
38557 0
38558 3
38559 1
38560 2
38561 1
38562 2
38563 4
38564 3
38565 2
38566 1
38567 0
38568 4
38569 1
38570 2
38571 2
38572 0
38573 2
38574 2
38575 3
38576 4
38577 4
38578 2
38579 1
38580 5
38581 0
38582 0
38583 1
38584 4
38585 2
38586 4
38587 3
38588 4
38589 1
38590 4
38591 2
38592 3
38593 2
38594 3
38595 2
38596 3
38597 2
38598 0
38599 4
38600 1
38601 2
38602 1
38603 4
38604 1
38605 5
38606 0
38607 1
38608 0
38609 0
38610 4
38611 3
38612 0
38613 4
38614 2
38615 6
38616 2
38617 0
38618 0
38619 3
38620 0
38621 2
38622 1
38623 2
38624 2
38625 4
38626 0
38627 2
38628 0
38629 1
38630 0
38631 5
38632 1
38633 2
38634 0
38635 1
38636 0
38637 3
38638 3
38639 3
38640 3
38641 3
38642 0
38643 1
38644 1
38645 1
38646 0
38647 3
38648 0
38649 0
38650 0
38651 0
38652 2
38653 0
38654 4
38655 1
38656 1
38657 2
38658 2
38659 1
38660 0
38661 1
38662 4
38663 5
38664 4
38665 0
38666 3
38667 0
38668 0
38669 1
38670 0
38671 3
38672 4
38673 2
38674 0
38675 1
38676 0
38677 1
38678 2
38679 0
38680 0
38681 2
38682 3
38683 1
38684 1
38685 3
38686 2
38687 3
38688 0
38689 1
38690 0
38691 4
38692 2
38693 1
38694 0
38695 1
38696 3
38697 0
38698 1
38699 4
38700 2
38701 2
38702 1
38703 3
38704 4
38705 3
38706 0
38707 1
38708 2
38709 5
38710 3
38711 0
38712 1
38713 4
38714 1
38715 4
38716 1
38717 1
38718 1
38719 3
38720 0
38721 1
38722 2
38723 1
38724 2
38725 2
38726 1
38727 4
38728 3
38729 3
38730 0
38731 1
38732 3
38733 4
38734 4
38735 4
38736 2
38737 1
38738 0
38739 2
38740 3
38741 3
38742 1
38743 2
38744 3
38745 2
38746 3
38747 3
38748 5
38749 3
38750 0
38751 2
38752 3
38753 2
38754 1
38755 1
38756 2
38757 1
38758 4
38759 3
38760 2
38761 3
38762 3
38763 0
38764 1
38765 1
38766 2
38767 4
38768 2
38769 1
38770 4
38771 4
38772 2
38773 0
38774 2
38775 0
38776 4
38777 1
38778 0
38779 2
38780 0
38781 1
38782 2
38783 0
38784 1
38785 2
38786 2
38787 2
38788 2
38789 0
38790 2
38791 1
38792 1
38793 1
38794 3
38795 4
38796 1
38797 1
38798 3
38799 1
38800 1
38801 2
38802 4
38803 3
38804 2
38805 1
38806 2
38807 1
38808 3
38809 2
38810 2
38811 0
38812 3
38813 4
38814 1
38815 1
38816 2
38817 0
38818 3
38819 2
38820 1
38821 2
38822 0
38823 4
38824 1
38825 0
38826 2
38827 3
38828 2
38829 2
38830 2
38831 2
38832 3
38833 0
38834 1
38835 5
38836 4
38837 4
38838 2
38839 0
38840 1
38841 1
38842 4
38843 0
38844 4
38845 0
38846 5
38847 1
38848 2
38849 1
38850 0
38851 4
38852 3
38853 1
38854 1
38855 1
38856 5
38857 3
38858 1
38859 5
38860 0
38861 1
38862 2
38863 1
38864 2
38865 0
38866 3
38867 1
38868 1
38869 3
38870 1
38871 4
38872 3
38873 0
38874 2
38875 2
38876 1
38877 3
38878 1
38879 3
38880 1
38881 2
38882 2
38883 2
38884 3
38885 3
38886 2
38887 3
38888 1
38889 4
38890 1
38891 2
38892 0
38893 1
38894 3
38895 1
38896 3
38897 4
38898 3
38899 4
38900 2
38901 0
38902 4
38903 3
38904 4
38905 4
38906 2
38907 1
38908 2
38909 1
38910 2
38911 0
38912 0
38913 0
38914 3
38915 4
38916 0
38917 2
38918 3
38919 4
38920 2
38921 4
38922 0
38923 2
38924 2
38925 0
38926 2
38927 2
38928 4
38929 5
38930 0
38931 2
38932 3
38933 0
38934 0
38935 2
38936 3
38937 1
38938 5
38939 3
38940 4
38941 0
38942 4
38943 1
38944 5
38945 3
38946 4
38947 4
38948 1
38949 2
38950 0
38951 0
38952 2
38953 3
38954 5
38955 3
38956 4
38957 2
38958 2
38959 2
38960 3
38961 6
38962 1
38963 1
38964 0
38965 0
38966 2
38967 1
38968 2
38969 2
38970 4
38971 1
38972 0
38973 1
38974 0
38975 2
38976 1
38977 0
38978 3
38979 4
38980 3
38981 4
38982 0
38983 1
38984 3
38985 2
38986 3
38987 2
38988 3
38989 1
38990 4
38991 2
38992 4
38993 3
38994 2
38995 5
38996 1
38997 0
38998 0
38999 3
39000 0
39001 4
39002 5
39003 3
39004 1
39005 0
39006 0
39007 3
39008 3
39009 2
39010 1
39011 5
39012 4
39013 5
39014 2
39015 2
39016 3
39017 2
39018 4
39019 4
39020 5
39021 1
39022 3
39023 1
39024 0
39025 0
39026 3
39027 1
39028 3
39029 1
39030 2
39031 3
39032 3
39033 3
39034 1
39035 4
39036 0
39037 3
39038 3
39039 3
39040 4
39041 3
39042 2
39043 2
39044 2
39045 1
39046 5
39047 3
39048 0
39049 1
39050 4
39051 3
39052 2
39053 2
39054 4
39055 1
39056 1
39057 3
39058 5
39059 2
39060 3
39061 2
39062 5
39063 3
39064 0
39065 3
39066 4
39067 4
39068 3
39069 1
39070 5
39071 2
39072 0
39073 1
39074 0
39075 1
39076 2
39077 0
39078 5
39079 1
39080 4
39081 0
39082 5
39083 1
39084 3
39085 3
39086 2
39087 0
39088 3
39089 3
39090 4
39091 2
39092 0
39093 0
39094 1
39095 1
39096 1
39097 1
39098 2
39099 2
39100 1
39101 2
39102 0
39103 2
39104 0
39105 0
39106 0
39107 1
39108 0
39109 3
39110 0
39111 4
39112 3
39113 2
39114 0
39115 0
39116 4
39117 2
39118 1
39119 0
39120 4
39121 2
39122 5
39123 2
39124 0
39125 1
39126 1
39127 2
39128 2
39129 3
39130 5
39131 1
39132 4
39133 5
39134 0
39135 3
39136 3
39137 5
39138 0
39139 2
39140 3
39141 0
39142 0
39143 0
39144 4
39145 3
39146 3
39147 2
39148 2
39149 0
39150 1
39151 2
39152 4
39153 1
39154 1
39155 2
39156 3
39157 1
39158 0
39159 1
39160 4
39161 5
39162 3
39163 0
39164 0
39165 0
39166 0
39167 0
39168 2
39169 3
39170 2
39171 0
39172 2
39173 0
39174 3
39175 0
39176 0
39177 2
39178 2
39179 0
39180 1
39181 1
39182 0
39183 0
39184 2
39185 0
39186 0
39187 2
39188 3
39189 2
39190 4
39191 4
39192 2
39193 1
39194 0
39195 0
39196 0
39197 5
39198 4
39199 1
39200 0
39201 3
39202 2
39203 4
39204 1
39205 2
39206 4
39207 2
39208 0
39209 0
39210 1
39211 4
39212 4
39213 4
39214 2
39215 4
39216 0
39217 4
39218 2
39219 0
39220 1
39221 1
39222 4
39223 2
39224 5
39225 1
39226 3
39227 1
39228 1
39229 3
39230 4
39231 1
39232 0
39233 0
39234 4
39235 1
39236 3
39237 3
39238 1
39239 5
39240 1
39241 2
39242 4
39243 4
39244 1
39245 1
39246 0
39247 1
39248 1
39249 2
39250 2
39251 4
39252 2
39253 4
39254 3
39255 1
39256 2
39257 4
39258 1
39259 2
39260 0
39261 1
39262 5
39263 3
39264 0
39265 0
39266 0
39267 2
39268 1
39269 1
39270 5
39271 2
39272 2
39273 3
39274 1
39275 1
39276 3
39277 3
39278 0
39279 2
39280 0
39281 0
39282 4
39283 0
39284 2
39285 1
39286 4
39287 3
39288 3
39289 3
39290 0
39291 0
39292 3
39293 0
39294 3
39295 1
39296 2
39297 1
39298 0
39299 5
39300 2
39301 5
39302 1
39303 4
39304 2
39305 5
39306 0
39307 3
39308 4
39309 0
39310 2
39311 4
39312 1
39313 1
39314 1
39315 2
39316 3
39317 4
39318 3
39319 0
39320 4
39321 4
39322 0
39323 0
39324 0
39325 5
39326 4
39327 2
39328 1
39329 0
39330 2
39331 3
39332 4
39333 2
39334 4
39335 2
39336 3
39337 1
39338 2
39339 5
39340 1
39341 2
39342 1
39343 2
39344 4
39345 5
39346 5
39347 0
39348 4
39349 4
39350 2
39351 5
39352 3
39353 4
39354 1
39355 2
39356 5
39357 0
39358 3
39359 4
39360 1
39361 4
39362 3
39363 3
39364 1
39365 4
39366 4
39367 3
39368 0
39369 3
39370 0
39371 4
39372 1
39373 4
39374 1
39375 2
39376 3
39377 2
39378 4
39379 2
39380 0
39381 2
39382 1
39383 2
39384 2
39385 2
39386 3
39387 1
39388 4
39389 2
39390 1
39391 0
39392 2
39393 3
39394 4
39395 3
39396 4
39397 3
39398 0
39399 1
39400 1
39401 1
39402 3
39403 1
39404 6
39405 2
39406 1
39407 2
39408 0
39409 2
39410 5
39411 0
39412 0
39413 1
39414 0
39415 1
39416 2
39417 1
39418 1
39419 1
39420 3
39421 0
39422 0
39423 3
39424 3
39425 1
39426 2
39427 0
39428 0
39429 0
39430 4
39431 3
39432 3
39433 4
39434 1
39435 3
39436 1
39437 5
39438 0
39439 1
39440 4
39441 3
39442 0
39443 2
39444 2
39445 1
39446 0
39447 2
39448 3
39449 4
39450 3
39451 1
39452 2
39453 0
39454 2
39455 4
39456 0
39457 4
39458 2
39459 1
39460 4
39461 4
39462 4
39463 5
39464 0
39465 1
39466 1
39467 1
39468 1
39469 3
39470 1
39471 1
39472 0
39473 0
39474 3
39475 0
39476 4
39477 1
39478 1
39479 2
39480 0
39481 2
39482 0
39483 3
39484 3
39485 0
39486 5
39487 2
39488 3
39489 0
39490 4
39491 1
39492 0
39493 2
39494 3
39495 2
39496 0
39497 0
39498 2
39499 4
39500 0
39501 5
39502 3
39503 4
39504 3
39505 4
39506 4
39507 0
39508 5
39509 0
39510 0
39511 0
39512 0
39513 3
39514 4
39515 2
39516 3
39517 3
39518 2
39519 0
39520 5
39521 0
39522 4
39523 0
39524 0
39525 1
39526 2
39527 2
39528 2
39529 0
39530 2
39531 5
39532 1
39533 3
39534 2
39535 2
39536 1
39537 1
39538 2
39539 2
39540 2
39541 3
39542 3
39543 5
39544 2
39545 0
39546 3
39547 1
39548 1
39549 3
39550 1
39551 1
39552 3
39553 0
39554 2
39555 0
39556 2
39557 1
39558 4
39559 4
39560 0
39561 1
39562 3
39563 5
39564 1
39565 2
39566 4
39567 2
39568 4
39569 1
39570 3
39571 3
39572 5
39573 4
39574 0
39575 0
39576 2
39577 3
39578 5
39579 5
39580 4
39581 1
39582 1
39583 3
39584 1
39585 1
39586 0
39587 0
39588 2
39589 2
39590 3
39591 2
39592 3
39593 1
39594 3
39595 0
39596 3
39597 5
39598 1
39599 1
39600 4
39601 3
39602 3
39603 0
39604 1
39605 1
39606 2
39607 4
39608 2
39609 3
39610 2
39611 4
39612 0
39613 1
39614 3
39615 0
39616 1
39617 2
39618 3
39619 1
39620 2
39621 1
39622 2
39623 2
39624 3
39625 0
39626 4
39627 3
39628 1
39629 1
39630 1
39631 4
39632 4
39633 4
39634 2
39635 1
39636 4
39637 4
39638 1
39639 3
39640 4
39641 2
39642 2
39643 3
39644 3
39645 2
39646 3
39647 3
39648 1
39649 0
39650 2
39651 5
39652 3
39653 5
39654 0
39655 1
39656 3
39657 2
39658 5
39659 4
39660 4
39661 1
39662 0
39663 3
39664 0
39665 5
39666 0
39667 0
39668 4
39669 1
39670 0
39671 2
39672 1
39673 4
39674 0
39675 0
39676 1
39677 1
39678 2
39679 1
39680 1
39681 5
39682 4
39683 5
39684 2
39685 2
39686 2
39687 1
39688 1
39689 1
39690 3
39691 0
39692 1
39693 2
39694 1
39695 2
39696 5
39697 2
39698 1
39699 0
39700 0
39701 4
39702 3
39703 2
39704 0
39705 4
39706 1
39707 1
39708 1
39709 0
39710 1
39711 0
39712 1
39713 0
39714 3
39715 1
39716 1
39717 3
39718 2
39719 1
39720 2
39721 0
39722 1
39723 1
39724 5
39725 4
39726 3
39727 0
39728 2
39729 5
39730 0
39731 3
39732 3
39733 4
39734 1
39735 4
39736 1
39737 5
39738 2
39739 1
39740 4
39741 2
39742 3
39743 2
39744 3
39745 3
39746 4
39747 5
39748 1
39749 3
39750 1
39751 5
39752 4
39753 3
39754 0
39755 1
39756 1
39757 2
39758 1
39759 0
39760 1
39761 4
39762 0
39763 0
39764 3
39765 3
39766 1
39767 1
39768 1
39769 3
39770 3
39771 1
39772 2
39773 2
39774 2
39775 3
39776 3
39777 5
39778 1
39779 2
39780 4
39781 2
39782 4
39783 1
39784 2
39785 0
39786 0
39787 0
39788 2
39789 1
39790 2
39791 2
39792 1
39793 4
39794 2
39795 4
39796 0
39797 2
39798 2
39799 4
39800 2
39801 1
39802 3
39803 4
39804 4
39805 4
39806 2
39807 0
39808 1
39809 1
39810 1
39811 2
39812 3
39813 2
39814 0
39815 1
39816 5
39817 1
39818 0
39819 3
39820 3
39821 0
39822 3
39823 3
39824 2
39825 0
39826 1
39827 3
39828 1
39829 2
39830 3
39831 2
39832 2
39833 1
39834 1
39835 3
39836 1
39837 4
39838 1
39839 0
39840 2
39841 3
39842 2
39843 0
39844 3
39845 2
39846 2
39847 1
39848 0
39849 1
39850 3
39851 1
39852 3
39853 5
39854 1
39855 0
39856 1
39857 1
39858 0
39859 0
39860 3
39861 0
39862 2
39863 1
39864 2
39865 2
39866 4
39867 2
39868 0
39869 1
39870 2
39871 1
39872 2
39873 3
39874 0
39875 3
39876 2
39877 1
39878 0
39879 3
39880 1
39881 4
39882 2
39883 2
39884 3
39885 2
39886 0
39887 4
39888 2
39889 0
39890 1
39891 2
39892 0
39893 2
39894 2
39895 1
39896 3
39897 2
39898 2
39899 1
39900 1
39901 2
39902 4
39903 2
39904 3
39905 4
39906 3
39907 2
39908 2
39909 5
39910 4
39911 3
39912 2
39913 1
39914 4
39915 0
39916 1
39917 2
39918 1
39919 0
39920 6
39921 0
39922 2
39923 1
39924 2
39925 1
39926 3
39927 5
39928 0
39929 4
39930 0
39931 3
39932 4
39933 2
39934 5
39935 4
39936 4
39937 2
39938 2
39939 2
39940 3
39941 0
39942 1
39943 2
39944 2
39945 4
39946 2
39947 5
39948 1
39949 2
39950 1
39951 1
39952 3
39953 1
39954 0
39955 1
39956 3
39957 0
39958 3
39959 0
39960 2
39961 3
39962 1
39963 2
39964 3
39965 0
39966 2
39967 3
39968 0
39969 0
39970 5
39971 4
39972 3
39973 2
39974 3
39975 1
39976 2
39977 4
39978 4
39979 1
39980 4
39981 4
39982 3
39983 0
39984 2
39985 4
39986 4
39987 5
39988 4
39989 1
39990 2
39991 2
39992 2
39993 3
39994 0
39995 0
39996 3
39997 0
39998 4
39999 0
40000 4
40001 2
40002 0
40003 0
40004 4
40005 2
40006 0
40007 3
40008 1
40009 2
40010 5
40011 1
40012 0
40013 3
40014 4
40015 1
40016 1
40017 3
40018 1
40019 1
40020 1
40021 1
40022 3
40023 1
40024 2
40025 3
40026 2
40027 1
40028 2
40029 2
40030 4
40031 1
40032 2
40033 1
40034 4
40035 2
40036 1
40037 0
40038 1
40039 4
40040 0
40041 0
40042 4
40043 0
40044 5
40045 4
40046 2
40047 3
40048 0
40049 4
40050 1
40051 4
40052 1
40053 1
40054 4
40055 3
40056 4
40057 3
40058 0
40059 1
40060 2
40061 3
40062 2
40063 1
40064 4
40065 4
40066 0
40067 2
40068 4
40069 4
40070 3
40071 2
40072 2
40073 0
40074 3
40075 2
40076 0
40077 1
40078 2
40079 1
40080 0
40081 4
40082 3
40083 4
40084 1
40085 5
40086 4
40087 4
40088 4
40089 4
40090 3
40091 2
40092 0
40093 4
40094 1
40095 3
40096 1
40097 4
40098 1
40099 3
40100 1
40101 0
40102 0
40103 3
40104 3
40105 4
40106 4
40107 0
40108 1
40109 3
40110 0
40111 2
40112 5
40113 3
40114 2
40115 3
40116 3
40117 2
40118 1
40119 3
40120 4
40121 2
40122 0
40123 4
40124 2
40125 3
40126 0
40127 2
40128 4
40129 3
40130 0
40131 0
40132 0
40133 0
40134 3
40135 2
40136 0
40137 4
40138 2
40139 1
40140 4
40141 2
40142 3
40143 1
40144 1
40145 0
40146 0
40147 4
40148 2
40149 3
40150 4
40151 4
40152 1
40153 2
40154 0
40155 0
40156 0
40157 1
40158 1
40159 5
40160 2
40161 4
40162 1
40163 4
40164 5
40165 2
40166 2
40167 4
40168 4
40169 2
40170 0
40171 0
40172 2
40173 4
40174 0
40175 0
40176 1
40177 0
40178 2
40179 4
40180 3
40181 4
40182 4
40183 2
40184 0
40185 1
40186 5
40187 3
40188 2
40189 4
40190 1
40191 1
40192 3
40193 2
40194 1
40195 0
40196 2
40197 3
40198 0
40199 2
40200 0
40201 4
40202 0
40203 1
40204 3
40205 0
40206 1
40207 1
40208 4
40209 3
40210 3
40211 1
40212 0
40213 3
40214 2
40215 0
40216 0
40217 2
40218 2
40219 5
40220 0
40221 3
40222 1
40223 2
40224 1
40225 0
40226 0
40227 3
40228 2
40229 2
40230 2
40231 2
40232 2
40233 3
40234 2
40235 3
40236 6
40237 1
40238 2
40239 5
40240 5
40241 1
40242 2
40243 0
40244 4
40245 1
40246 1
40247 1
40248 4
40249 3
40250 1
40251 1
40252 0
40253 3
40254 4
40255 0
40256 1
40257 2
40258 0
40259 1
40260 1
40261 1
40262 0
40263 0
40264 1
40265 3
40266 2
40267 3
40268 0
40269 4
40270 0
40271 1
40272 0
40273 4
40274 0
40275 3
40276 0
40277 0
40278 0
40279 2
40280 2
40281 2
40282 0
40283 1
40284 2
40285 2
40286 3
40287 2
40288 4
40289 1
40290 1
40291 3
40292 5
40293 0
40294 1
40295 3
40296 2
40297 0
40298 3
40299 1
40300 0
40301 0
40302 2
40303 0
40304 5
40305 0
40306 3
40307 5
40308 3
40309 1
40310 0
40311 3
40312 0
40313 1
40314 0
40315 0
40316 2
40317 3
40318 5
40319 2
40320 0
40321 3
40322 0
40323 3
40324 0
40325 0
40326 1
40327 0
40328 3
40329 0
40330 0
40331 1
40332 2
40333 4
40334 0
40335 2
40336 4
40337 5
40338 0
40339 0
40340 0
40341 2
40342 3
40343 0
40344 2
40345 1
40346 0
40347 1
40348 0
40349 2
40350 4
40351 2
40352 1
40353 0
40354 3
40355 2
40356 2
40357 2
40358 1
40359 0
40360 3
40361 4
40362 0
40363 4
40364 2
40365 4
40366 1
40367 4
40368 5
40369 3
40370 2
40371 1
40372 1
40373 1
40374 4
40375 1
40376 3
40377 2
40378 1
40379 1
40380 1
40381 4
40382 0
40383 4
40384 1
40385 5
40386 1
40387 3
40388 2
40389 3
40390 4
40391 2
40392 2
40393 1
40394 0
40395 2
40396 0
40397 0
40398 4
40399 0
40400 1
40401 3
40402 2
40403 3
40404 3
40405 0
40406 5
40407 1
40408 3
40409 0
40410 2
40411 1
40412 2
40413 4
40414 2
40415 2
40416 4
40417 0
40418 2
40419 3
40420 1
40421 3
40422 1
40423 2
40424 2
40425 3
40426 4
40427 1
40428 2
40429 1
40430 0
40431 0
40432 0
40433 1
40434 3
40435 4
40436 0
40437 0
40438 2
40439 3
40440 3
40441 4
40442 3
40443 3
40444 0
40445 4
40446 0
40447 3
40448 2
40449 3
40450 1
40451 0
40452 3
40453 1
40454 3
40455 3
40456 4
40457 2
40458 4
40459 0
40460 3
40461 3
40462 1
40463 1
40464 1
40465 3
40466 2
40467 1
40468 1
40469 2
40470 2
40471 4
40472 3
40473 0
40474 2
40475 0
40476 1
40477 3
40478 0
40479 2
40480 0
40481 1
40482 1
40483 1
40484 3
40485 1
40486 5
40487 1
40488 1
40489 2
40490 3
40491 3
40492 2
40493 2
40494 0
40495 1
40496 0
40497 0
40498 4
40499 3
40500 1
40501 0
40502 1
40503 1
40504 5
40505 1
40506 5
40507 0
40508 3
40509 0
40510 3
40511 2
40512 4
40513 2
40514 1
40515 1
40516 0
40517 1
40518 0
40519 0
40520 2
40521 2
40522 1
40523 2
40524 3
40525 3
40526 0
40527 4
40528 5
40529 3
40530 1
40531 5
40532 0
40533 1
40534 3
40535 1
40536 0
40537 1
40538 1
40539 1
40540 1
40541 1
40542 3
40543 3
40544 0
40545 1
40546 3
40547 3
40548 3
40549 2
40550 3
40551 1
40552 4
40553 1
40554 2
40555 4
40556 1
40557 5
40558 1
40559 1
40560 0
40561 2
40562 2
40563 1
40564 5
40565 1
40566 3
40567 4
40568 0
40569 0
40570 1
40571 1
40572 6
40573 4
40574 3
40575 3
40576 4
40577 5
40578 4
40579 1
40580 0
40581 3
40582 2
40583 4
40584 1
40585 1
40586 1
40587 0
40588 1
40589 2
40590 1
40591 1
40592 2
40593 1
40594 3
40595 4
40596 0
40597 0
40598 0
40599 1
40600 2
40601 2
40602 2
40603 4
40604 3
40605 2
40606 4
40607 0
40608 5
40609 0
40610 3
40611 0
40612 4
40613 1
40614 2
40615 3
40616 3
40617 4
40618 4
40619 3
40620 3
40621 3
40622 4
40623 0
40624 3
40625 0
40626 1
40627 2
40628 2
40629 2
40630 0
40631 3
40632 3
40633 2
40634 1
40635 0
40636 3
40637 1
40638 1
40639 0
40640 4
40641 1
40642 3
40643 1
40644 3
40645 4
40646 1
40647 3
40648 0
40649 4
40650 0
40651 5
40652 1
40653 5
40654 1
40655 2
40656 1
40657 2
40658 0
40659 0
40660 1
40661 0
40662 1
40663 3
40664 2
40665 0
40666 0
40667 0
40668 4
40669 1
40670 1
40671 1
40672 1
40673 0
40674 4
40675 4
40676 2
40677 2
40678 3
40679 1
40680 5
40681 1
40682 0
40683 2
40684 0
40685 1
40686 3
40687 3
40688 2
40689 2
40690 1
40691 1
40692 4
40693 1
40694 0
40695 1
40696 3
40697 5
40698 0
40699 1
40700 2
40701 3
40702 2
40703 4
40704 2
40705 0
40706 0
40707 0
40708 4
40709 0
40710 2
40711 0
40712 0
40713 2
40714 5
40715 4
40716 0
40717 1
40718 0
40719 3
40720 2
40721 0
40722 2
40723 0
40724 0
40725 4
40726 4
40727 0
40728 0
40729 0
40730 5
40731 4
40732 1
40733 5
40734 0
40735 2
40736 1
40737 1
40738 0
40739 2
40740 5
40741 2
40742 2
40743 1
40744 3
40745 3
40746 0
40747 4
40748 4
40749 3
40750 5
40751 3
40752 0
40753 2
40754 3
40755 1
40756 2
40757 3
40758 0
40759 3
40760 0
40761 3
40762 4
40763 0
40764 4
40765 4
40766 2
40767 3
40768 0
40769 2
40770 1
40771 5
40772 3
40773 1
40774 1
40775 3
40776 1
40777 5
40778 0
40779 2
40780 0
40781 1
40782 0
40783 0
40784 5
40785 3
40786 1
40787 0
40788 2
40789 2
40790 4
40791 0
40792 1
40793 0
40794 1
40795 2
40796 3
40797 2
40798 3
40799 0
40800 4
40801 1
40802 4
40803 3
40804 0
40805 3
40806 2
40807 3
40808 3
40809 1
40810 2
40811 2
40812 5
40813 2
40814 5
40815 0
40816 0
40817 2
40818 2
40819 2
40820 4
40821 4
40822 3
40823 0
40824 3
40825 1
40826 3
40827 1
40828 3
40829 0
40830 0
40831 5
40832 1
40833 3
40834 0
40835 2
40836 0
40837 4
40838 1
40839 2
40840 1
40841 3
40842 3
40843 2
40844 0
40845 3
40846 2
40847 2
40848 0
40849 4
40850 0
40851 5
40852 3
40853 1
40854 1
40855 0
40856 2
40857 4
40858 5
40859 3
40860 3
40861 1
40862 4
40863 4
40864 0
40865 2
40866 4
40867 0
40868 4
40869 5
40870 3
40871 2
40872 3
40873 2
40874 0
40875 1
40876 2
40877 1
40878 0
40879 2
40880 1
40881 2
40882 1
40883 0
40884 0
40885 0
40886 3
40887 2
40888 3
40889 0
40890 3
40891 4
40892 1
40893 5
40894 5
40895 3
40896 2
40897 2
40898 4
40899 3
40900 1
40901 3
40902 0
40903 2
40904 3
40905 0
40906 4
40907 4
40908 2
40909 1
40910 3
40911 2
40912 1
40913 3
40914 3
40915 0
40916 3
40917 2
40918 1
40919 4
40920 2
40921 2
40922 0
40923 4
40924 0
40925 5
40926 2
40927 2
40928 4
40929 2
40930 2
40931 1
40932 4
40933 2
40934 3
40935 3
40936 0
40937 0
40938 3
40939 1
40940 3
40941 1
40942 1
40943 1
40944 1
40945 1
40946 1
40947 2
40948 5
40949 2
40950 5
40951 2
40952 2
40953 4
40954 1
40955 0
40956 5
40957 3
40958 3
40959 3
40960 4
40961 3
40962 1
40963 2
40964 2
40965 3
40966 1
40967 2
40968 3
40969 0
40970 3
40971 1
40972 1
40973 0
40974 2
40975 1
40976 1
40977 1
40978 5
40979 0
40980 3
40981 3
40982 1
40983 2
40984 1
40985 1
40986 0
40987 2
40988 1
40989 1
40990 1
40991 2
40992 1
40993 3
40994 0
40995 3
40996 2
40997 1
40998 2
40999 1
41000 1
41001 2
41002 3
41003 3
41004 1
41005 0
41006 1
41007 2
41008 4
41009 5
41010 4
41011 4
41012 6
41013 2
41014 3
41015 0
41016 0
41017 1
41018 0
41019 0
41020 2
41021 1
41022 2
41023 2
41024 1
41025 1
41026 3
41027 1
41028 5
41029 1
41030 0
41031 0
41032 0
41033 2
41034 1
41035 1
41036 4
41037 1
41038 2
41039 0
41040 1
41041 4
41042 2
41043 2
41044 0
41045 3
41046 1
41047 0
41048 1
41049 0
41050 3
41051 0
41052 1
41053 2
41054 2
41055 1
41056 5
41057 3
41058 1
41059 3
41060 1
41061 2
41062 4
41063 0
41064 0
41065 4
41066 1
41067 2
41068 3
41069 0
41070 4
41071 1
41072 3
41073 0
41074 3
41075 0
41076 1
41077 3
41078 0
41079 1
41080 2
41081 1
41082 4
41083 3
41084 0
41085 4
41086 3
41087 4
41088 1
41089 0
41090 0
41091 1
41092 4
41093 4
41094 3
41095 1
41096 0
41097 0
41098 2
41099 1
41100 2
41101 1
41102 1
41103 0
41104 3
41105 0
41106 1
41107 0
41108 3
41109 1
41110 3
41111 1
41112 0
41113 3
41114 2
41115 2
41116 5
41117 0
41118 2
41119 5
41120 2
41121 1
41122 3
41123 3
41124 1
41125 2
41126 2
41127 1
41128 5
41129 4
41130 0
41131 0
41132 2
41133 0
41134 0
41135 2
41136 0
41137 3
41138 0
41139 3
41140 3
41141 4
41142 4
41143 0
41144 2
41145 1
41146 2
41147 1
41148 3
41149 4
41150 0
41151 5
41152 0
41153 0
41154 3
41155 0
41156 3
41157 3
41158 0
41159 2
41160 3
41161 4
41162 1
41163 2
41164 5
41165 3
41166 1
41167 3
41168 3
41169 1
41170 3
41171 2
41172 0
41173 2
41174 3
41175 3
41176 2
41177 1
41178 1
41179 2
41180 2
41181 2
41182 0
41183 0
41184 1
41185 2
41186 2
41187 5
41188 4
41189 0
41190 1
41191 4
41192 0
41193 4
41194 3
41195 2
41196 1
41197 1
41198 1
41199 0
41200 1
41201 1
41202 5
41203 0
41204 0
41205 3
41206 2
41207 5
41208 4
41209 3
41210 0
41211 3
41212 4
41213 1
41214 0
41215 2
41216 3
41217 1
41218 4
41219 1
41220 3
41221 0
41222 2
41223 3
41224 3
41225 2
41226 4
41227 2
41228 4
41229 3
41230 0
41231 3
41232 3
41233 4
41234 0
41235 0
41236 1
41237 2
41238 0
41239 1
41240 4
41241 0
41242 1
41243 1
41244 1
41245 4
41246 2
41247 0
41248 4
41249 0
41250 2
41251 4
41252 1
41253 4
41254 4
41255 2
41256 1
41257 1
41258 0
41259 2
41260 3
41261 2
41262 4
41263 2
41264 4
41265 0
41266 3
41267 0
41268 0
41269 3
41270 0
41271 0
41272 2
41273 3
41274 2
41275 1
41276 1
41277 2
41278 2
41279 4
41280 5
41281 0
41282 3
41283 2
41284 4
41285 1
41286 3
41287 0
41288 3
41289 0
41290 1
41291 0
41292 0
41293 2
41294 4
41295 0
41296 2
41297 1
41298 3
41299 2
41300 2
41301 4
41302 2
41303 2
41304 2
41305 1
41306 0
41307 1
41308 4
41309 0
41310 0
41311 2
41312 3
41313 2
41314 0
41315 0
41316 2
41317 3
41318 4
41319 3
41320 4
41321 2
41322 2
41323 1
41324 0
41325 1
41326 5
41327 1
41328 5
41329 4
41330 0
41331 2
41332 1
41333 1
41334 2
41335 4
41336 4
41337 5
41338 2
41339 3
41340 0
41341 3
41342 1
41343 2
41344 2
41345 0
41346 1
41347 3
41348 1
41349 5
41350 4
41351 1
41352 3
41353 2
41354 1
41355 3
41356 1
41357 4
41358 2
41359 0
41360 2
41361 2
41362 0
41363 0
41364 2
41365 1
41366 1
41367 3
41368 1
41369 4
41370 0
41371 5
41372 0
41373 1
41374 4
41375 5
41376 1
41377 2
41378 1
41379 1
41380 2
41381 0
41382 2
41383 0
41384 3
41385 0
41386 2
41387 0
41388 0
41389 1
41390 0
41391 4
41392 1
41393 2
41394 2
41395 0
41396 0
41397 1
41398 3
41399 0
41400 4
41401 3
41402 2
41403 1
41404 4
41405 3
41406 0
41407 4
41408 1
41409 0
41410 0
41411 1
41412 1
41413 0
41414 2
41415 0
41416 3
41417 4
41418 1
41419 2
41420 4
41421 1
41422 1
41423 1
41424 3
41425 2
41426 1
41427 3
41428 4
41429 3
41430 2
41431 2
41432 2
41433 3
41434 2
41435 0
41436 1
41437 0
41438 2
41439 3
41440 2
41441 4
41442 1
41443 1
41444 5
41445 1
41446 0
41447 1
41448 3
41449 2
41450 0
41451 5
41452 2
41453 0
41454 0
41455 1
41456 0
41457 4
41458 4
41459 5
41460 0
41461 2
41462 1
41463 2
41464 4
41465 0
41466 2
41467 2
41468 3
41469 0
41470 2
41471 1
41472 2
41473 3
41474 1
41475 3
41476 0
41477 0
41478 2
41479 0
41480 4
41481 4
41482 1
41483 0
41484 5
41485 2
41486 3
41487 0
41488 2
41489 1
41490 3
41491 1
41492 0
41493 5
41494 4
41495 2
41496 2
41497 1
41498 4
41499 5
41500 2
41501 4
41502 3
41503 0
41504 4
41505 3
41506 4
41507 3
41508 4
41509 4
41510 3
41511 3
41512 3
41513 3
41514 1
41515 2
41516 0
41517 5
41518 2
41519 4
41520 4
41521 4
41522 3
41523 0
41524 1
41525 3
41526 4
41527 2
41528 2
41529 0
41530 3
41531 0
41532 1
41533 1
41534 0
41535 2
41536 2
41537 1
41538 0
41539 2
41540 2
41541 3
41542 3
41543 3
41544 4
41545 5
41546 0
41547 3
41548 0
41549 0
41550 3
41551 3
41552 1
41553 3
41554 4
41555 1
41556 1
41557 3
41558 0
41559 2
41560 2
41561 1
41562 2
41563 2
41564 2
41565 0
41566 1
41567 1
41568 1
41569 1
41570 0
41571 1
41572 2
41573 0
41574 1
41575 2
41576 1
41577 3
41578 1
41579 2
41580 1
41581 1
41582 2
41583 1
41584 1
41585 0
41586 3
41587 2
41588 4
41589 1
41590 0
41591 1
41592 0
41593 0
41594 3
41595 3
41596 2
41597 3
41598 2
41599 0
41600 3
41601 1
41602 5
41603 5
41604 2
41605 4
41606 2
41607 0
41608 3
41609 2
41610 5
41611 0
41612 2
41613 2
41614 0
41615 3
41616 0
41617 5
41618 0
41619 2
41620 2
41621 3
41622 5
41623 3
41624 2
41625 5
41626 2
41627 1
41628 4
41629 4
41630 3
41631 3
41632 0
41633 5
41634 2
41635 4
41636 4
41637 2
41638 2
41639 5
41640 4
41641 5
41642 2
41643 1
41644 3
41645 2
41646 3
41647 0
41648 3
41649 2
41650 3
41651 2
41652 3
41653 5
41654 3
41655 3
41656 0
41657 1
41658 3
41659 3
41660 4
41661 1
41662 3
41663 0
41664 0
41665 4
41666 0
41667 4
41668 1
41669 2
41670 4
41671 0
41672 0
41673 3
41674 1
41675 0
41676 1
41677 0
41678 1
41679 2
41680 3
41681 1
41682 1
41683 4
41684 1
41685 1
41686 0
41687 3
41688 0
41689 0
41690 5
41691 1
41692 0
41693 0
41694 3
41695 5
41696 4
41697 4
41698 4
41699 1
41700 4
41701 1
41702 3
41703 4
41704 3
41705 1
41706 4
41707 3
41708 0
41709 2
41710 1
41711 0
41712 3
41713 0
41714 2
41715 2
41716 3
41717 2
41718 6
41719 1
41720 2
41721 4
41722 0
41723 1
41724 1
41725 0
41726 2
41727 2
41728 2
41729 4
41730 0
41731 2
41732 1
41733 0
41734 2
41735 2
41736 5
41737 2
41738 1
41739 3
41740 3
41741 0
41742 3
41743 1
41744 1
41745 1
41746 0
41747 2
41748 2
41749 0
41750 1
41751 0
41752 2
41753 0
41754 2
41755 2
41756 4
41757 1
41758 3
41759 2
41760 2
41761 0
41762 0
41763 0
41764 4
41765 4
41766 3
41767 1
41768 3
41769 0
41770 3
41771 1
41772 0
41773 0
41774 1
41775 1
41776 0
41777 0
41778 2
41779 2
41780 3
41781 3
41782 1
41783 2
41784 0
41785 0
41786 2
41787 0
41788 0
41789 3
41790 0
41791 3
41792 1
41793 5
41794 3
41795 0
41796 1
41797 3
41798 1
41799 4
41800 3
41801 0
41802 1
41803 1
41804 0
41805 1
41806 0
41807 3
41808 3
41809 5
41810 3
41811 0
41812 1
41813 3
41814 4
41815 0
41816 1
41817 5
41818 3
41819 2
41820 0
41821 0
41822 2
41823 1
41824 2
41825 3
41826 5
41827 3
41828 2
41829 2
41830 2
41831 2
41832 1
41833 0
41834 2
41835 2
41836 4
41837 5
41838 1
41839 3
41840 2
41841 5
41842 3
41843 1
41844 2
41845 3
41846 5
41847 0
41848 1
41849 5
41850 2
41851 1
41852 0
41853 4
41854 1
41855 0
41856 4
41857 2
41858 4
41859 2
41860 4
41861 2
41862 1
41863 0
41864 1
41865 1
41866 0
41867 2
41868 2
41869 4
41870 0
41871 5
41872 3
41873 1
41874 3
41875 1
41876 2
41877 1
41878 4
41879 0
41880 2
41881 3
41882 0
41883 4
41884 0
41885 3
41886 1
41887 4
41888 4
41889 1
41890 3
41891 1
41892 0
41893 0
41894 1
41895 0
41896 3
41897 6
41898 4
41899 2
41900 0
41901 3
41902 2
41903 4
41904 5
41905 1
41906 5
41907 2
41908 3
41909 0
41910 2
41911 4
41912 1
41913 1
41914 4
41915 2
41916 2
41917 0
41918 1
41919 1
41920 1
41921 2
41922 5
41923 2
41924 3
41925 1
41926 1
41927 3
41928 2
41929 1
41930 3
41931 2
41932 1
41933 0
41934 3
41935 3
41936 0
41937 4
41938 1
41939 4
41940 2
41941 3
41942 1
41943 2
41944 0
41945 1
41946 0
41947 3
41948 2
41949 1
41950 4
41951 4
41952 4
41953 0
41954 3
41955 0
41956 2
41957 0
41958 4
41959 1
41960 3
41961 5
41962 1
41963 0
41964 4
41965 2
41966 3
41967 4
41968 5
41969 5
41970 3
41971 3
41972 1
41973 0
41974 0
41975 3
41976 1
41977 2
41978 1
41979 3
41980 1
41981 2
41982 2
41983 2
41984 1
41985 3
41986 0
41987 3
41988 3
41989 1
41990 0
41991 4
41992 3
41993 2
41994 2
41995 4
41996 0
41997 4
41998 2
41999 2
42000 0
42001 0
42002 0
42003 4
42004 1
42005 3
42006 0
42007 4
42008 1
42009 4
42010 0
42011 0
42012 1
42013 4
42014 0
42015 0
42016 1
42017 4
42018 1
42019 3
42020 0
42021 0
42022 0
42023 0
42024 1
42025 3
42026 4
42027 2
42028 0
42029 4
42030 2
42031 0
42032 4
42033 0
42034 2
42035 4
42036 2
42037 1
42038 0
42039 2
42040 3
42041 0
42042 1
42043 3
42044 2
42045 2
42046 2
42047 4
42048 1
42049 4
42050 2
42051 2
42052 2
42053 2
42054 1
42055 3
42056 1
42057 3
42058 0
42059 1
42060 0
42061 0
42062 2
42063 3
42064 3
42065 1
42066 3
42067 0
42068 3
42069 0
42070 5
42071 1
42072 4
42073 3
42074 1
42075 0
42076 1
42077 3
42078 3
42079 0
42080 0
42081 1
42082 1
42083 3
42084 0
42085 2
42086 0
42087 4
42088 2
42089 3
42090 4
42091 3
42092 5
42093 0
42094 1
42095 0
42096 3
42097 2
42098 0
42099 2
42100 5
42101 0
42102 2
42103 3
42104 4
42105 3
42106 1
42107 1
42108 4
42109 2
42110 5
42111 2
42112 0
42113 3
42114 1
42115 3
42116 4
42117 1
42118 0
42119 0
42120 3
42121 2
42122 3
42123 0
42124 0
42125 3
42126 0
42127 2
42128 2
42129 4
42130 2
42131 1
42132 3
42133 2
42134 1
42135 1
42136 2
42137 3
42138 4
42139 5
42140 1
42141 1
42142 2
42143 0
42144 3
42145 1
42146 3
42147 2
42148 1
42149 0
42150 1
42151 1
42152 3
42153 3
42154 2
42155 5
42156 2
42157 3
42158 2
42159 2
42160 0
42161 1
42162 0
42163 2
42164 3
42165 3
42166 3
42167 2
42168 4
42169 0
42170 2
42171 4
42172 2
42173 1
42174 0
42175 2
42176 1
42177 4
42178 3
42179 1
42180 4
42181 2
42182 0
42183 2
42184 4
42185 3
42186 0
42187 0
42188 0
42189 0
42190 0
42191 2
42192 0
42193 3
42194 2
42195 2
42196 0
42197 4
42198 1
42199 0
42200 3
42201 4
42202 3
42203 1
42204 4
42205 3
42206 0
42207 3
42208 4
42209 2
42210 0
42211 2
42212 1
42213 3
42214 4
42215 4
42216 4
42217 0
42218 0
42219 1
42220 0
42221 4
42222 1
42223 4
42224 4
42225 0
42226 2
42227 3
42228 3
42229 0
42230 2
42231 3
42232 2
42233 1
42234 4
42235 2
42236 4
42237 0
42238 3
42239 2
42240 4
42241 4
42242 3
42243 4
42244 0
42245 0
42246 0
42247 1
42248 3
42249 3
42250 0
42251 0
42252 0
42253 2
42254 2
42255 5
42256 2
42257 4
42258 2
42259 3
42260 0
42261 1
42262 4
42263 3
42264 3
42265 4
42266 5
42267 3
42268 4
42269 2
42270 3
42271 3
42272 2
42273 1
42274 0
42275 1
42276 1
42277 2
42278 2
42279 2
42280 2
42281 2
42282 3
42283 2
42284 5
42285 2
42286 0
42287 2
42288 2
42289 1
42290 1
42291 0
42292 3
42293 5
42294 0
42295 2
42296 0
42297 3
42298 1
42299 2
42300 2
42301 0
42302 2
42303 1
42304 1
42305 4
42306 2
42307 3
42308 2
42309 2
42310 5
42311 2
42312 2
42313 3
42314 0
42315 1
42316 4
42317 1
42318 3
42319 3
42320 3
42321 3
42322 4
42323 0
42324 2
42325 3
42326 2
42327 5
42328 0
42329 0
42330 1
42331 2
42332 3
42333 1
42334 1
42335 1
42336 3
42337 2
42338 2
42339 5
42340 0
42341 1
42342 3
42343 0
42344 3
42345 0
42346 2
42347 3
42348 2
42349 1
42350 4
42351 4
42352 2
42353 2
42354 2
42355 3
42356 4
42357 0
42358 2
42359 2
42360 0
42361 2
42362 1
42363 4
42364 3
42365 4
42366 1
42367 1
42368 2
42369 1
42370 0
42371 0
42372 4
42373 0
42374 4
42375 3
42376 1
42377 3
42378 1
42379 1
42380 1
42381 3
42382 3
42383 1
42384 0
42385 3
42386 0
42387 3
42388 3
42389 1
42390 4
42391 0
42392 1
42393 3
42394 0
42395 2
42396 1
42397 0
42398 4
42399 2
42400 0
42401 0
42402 0
42403 3
42404 0
42405 2
42406 2
42407 0
42408 0
42409 1
42410 3
42411 4
42412 3
42413 3
42414 2
42415 2
42416 4
42417 2
42418 2
42419 4
42420 1
42421 4
42422 2
42423 4
42424 0
42425 1
42426 0
42427 4
42428 3
42429 4
42430 0
42431 2
42432 2
42433 3
42434 0
42435 2
42436 1
42437 1
42438 5
42439 2
42440 1
42441 3
42442 5
42443 1
42444 1
42445 3
42446 0
42447 2
42448 1
42449 3
42450 3
42451 1
42452 3
42453 3
42454 0
42455 0
42456 2
42457 1
42458 4
42459 3
42460 1
42461 0
42462 3
42463 2
42464 3
42465 0
42466 4
42467 0
42468 3
42469 1
42470 4
42471 4
42472 2
42473 4
42474 0
42475 2
42476 1
42477 1
42478 0
42479 0
42480 2
42481 0
42482 1
42483 0
42484 0
42485 2
42486 0
42487 1
42488 4
42489 1
42490 2
42491 5
42492 1
42493 5
42494 4
42495 1
42496 5
42497 0
42498 4
42499 2
42500 4
42501 4
42502 3
42503 4
42504 5
42505 2
42506 3
42507 5
42508 4
42509 1
42510 0
42511 5
42512 0
42513 1
42514 1
42515 0
42516 0
42517 1
42518 4
42519 4
42520 1
42521 4
42522 2
42523 2
42524 4
42525 0
42526 2
42527 0
42528 2
42529 1
42530 3
42531 2
42532 1
42533 3
42534 2
42535 0
42536 3
42537 3
42538 1
42539 3
42540 2
42541 5
42542 4
42543 0
42544 0
42545 3
42546 3
42547 3
42548 4
42549 4
42550 3
42551 2
42552 4
42553 4
42554 4
42555 2
42556 1
42557 1
42558 1
42559 0
42560 4
42561 0
42562 4
42563 3
42564 4
42565 2
42566 2
42567 0
42568 2
42569 4
42570 4
42571 3
42572 4
42573 2
42574 2
42575 3
42576 3
42577 1
42578 0
42579 0
42580 1
42581 2
42582 4
42583 2
42584 4
42585 3
42586 3
42587 1
42588 2
42589 1
42590 2
42591 4
42592 5
42593 4
42594 2
42595 1
42596 1
42597 3
42598 2
42599 4
42600 1
42601 0
42602 2
42603 1
42604 5
42605 3
42606 0
42607 2
42608 0
42609 1
42610 2
42611 0
42612 2
42613 2
42614 3
42615 0
42616 2
42617 2
42618 2
42619 2
42620 3
42621 3
42622 0
42623 1
42624 1
42625 0
42626 4
42627 3
42628 2
42629 0
42630 1
42631 4
42632 3
42633 3
42634 2
42635 2
42636 1
42637 2
42638 1
42639 1
42640 4
42641 3
42642 3
42643 0
42644 3
42645 3
42646 4
42647 3
42648 2
42649 2
42650 0
42651 5
42652 1
42653 2
42654 3
42655 2
42656 3
42657 4
42658 0
42659 1
42660 3
42661 0
42662 2
42663 3
42664 3
42665 4
42666 5
42667 2
42668 4
42669 2
42670 2
42671 2
42672 2
42673 0
42674 1
42675 2
42676 0
42677 0
42678 0
42679 1
42680 1
42681 1
42682 1
42683 2
42684 1
42685 3
42686 1
42687 4
42688 2
42689 2
42690 4
42691 0
42692 2
42693 2
42694 3
42695 0
42696 0
42697 5
42698 1
42699 3
42700 0
42701 3
42702 3
42703 2
42704 0
42705 1
42706 1
42707 5
42708 2
42709 3
42710 1
42711 0
42712 2
42713 1
42714 1
42715 2
42716 3
42717 3
42718 3
42719 2
42720 1
42721 4
42722 2
42723 4
42724 3
42725 1
42726 2
42727 0
42728 5
42729 1
42730 3
42731 2
42732 3
42733 0
42734 2
42735 0
42736 3
42737 2
42738 3
42739 0
42740 0
42741 3
42742 0
42743 1
42744 1
42745 1
42746 1
42747 0
42748 1
42749 1
42750 0
42751 4
42752 1
42753 0
42754 3
42755 3
42756 2
42757 5
42758 2
42759 4
42760 3
42761 1
42762 1
42763 4
42764 2
42765 2
42766 2
42767 1
42768 0
42769 0
42770 0
42771 3
42772 1
42773 2
42774 1
42775 4
42776 1
42777 3
42778 2
42779 2
42780 5
42781 0
42782 0
42783 2
42784 5
42785 5
42786 0
42787 3
42788 4
42789 1
42790 2
42791 2
42792 0
42793 0
42794 3
42795 2
42796 4
42797 2
42798 4
42799 1
42800 2
42801 3
42802 1
42803 4
42804 2
42805 1
42806 4
42807 3
42808 3
42809 1
42810 0
42811 3
42812 1
42813 4
42814 4
42815 1
42816 3
42817 0
42818 2
42819 1
42820 1
42821 3
42822 4
42823 1
42824 2
42825 4
42826 0
42827 0
42828 1
42829 0
42830 0
42831 0
42832 4
42833 1
42834 3
42835 3
42836 0
42837 0
42838 1
42839 3
42840 2
42841 0
42842 3
42843 1
42844 2
42845 3
42846 3
42847 2
42848 4
42849 2
42850 0
42851 1
42852 3
42853 1
42854 2
42855 2
42856 0
42857 0
42858 3
42859 2
42860 2
42861 2
42862 3
42863 4
42864 2
42865 0
42866 0
42867 4
42868 1
42869 4
42870 1
42871 1
42872 1
42873 2
42874 0
42875 1
42876 2
42877 0
42878 1
42879 1
42880 0
42881 3
42882 2
42883 2
42884 0
42885 1
42886 1
42887 2
42888 2
42889 2
42890 2
42891 1
42892 0
42893 5
42894 3
42895 0
42896 1
42897 5
42898 1
42899 0
42900 1
42901 3
42902 1
42903 0
42904 4
42905 1
42906 0
42907 0
42908 0
42909 2
42910 1
42911 3
42912 0
42913 0
42914 1
42915 2
42916 3
42917 3
42918 0
42919 0
42920 2
42921 1
42922 3
42923 4
42924 3
42925 3
42926 2
42927 2
42928 3
42929 4
42930 4
42931 3
42932 2
42933 0
42934 2
42935 2
42936 3
42937 0
42938 4
42939 5
42940 2
42941 5
42942 0
42943 4
42944 4
42945 4
42946 0
42947 1
42948 1
42949 0
42950 0
42951 1
42952 0
42953 0
42954 3
42955 0
42956 0
42957 3
42958 0
42959 2
42960 2
42961 4
42962 2
42963 4
42964 4
42965 3
42966 3
42967 2
42968 0
42969 3
42970 1
42971 4
42972 3
42973 0
42974 0
42975 4
42976 2
42977 2
42978 0
42979 2
42980 4
42981 2
42982 4
42983 0
42984 1
42985 3
42986 2
42987 4
42988 2
42989 3
42990 4
42991 4
42992 2
42993 4
42994 1
42995 0
42996 3
42997 3
42998 2
42999 0
43000 0
43001 3
43002 0
43003 2
43004 1
43005 1
43006 0
43007 0
43008 2
43009 0
43010 3
43011 4
43012 0
43013 0
43014 0
43015 2
43016 4
43017 0
43018 0
43019 3
43020 1
43021 1
43022 1
43023 4
43024 3
43025 1
43026 1
43027 0
43028 2
43029 3
43030 2
43031 0
43032 0
43033 1
43034 4
43035 0
43036 2
43037 2
43038 2
43039 0
43040 2
43041 2
43042 0
43043 2
43044 5
43045 1
43046 2
43047 5
43048 4
43049 3
43050 2
43051 2
43052 0
43053 3
43054 3
43055 2
43056 5
43057 2
43058 0
43059 5
43060 0
43061 1
43062 4
43063 0
43064 1
43065 1
43066 3
43067 2
43068 0
43069 2
43070 2
43071 0
43072 5
43073 0
43074 4
43075 0
43076 0
43077 1
43078 0
43079 1
43080 2
43081 1
43082 4
43083 2
43084 3
43085 2
43086 3
43087 2
43088 4
43089 4
43090 0
43091 0
43092 3
43093 0
43094 2
43095 1
43096 0
43097 0
43098 2
43099 3
43100 2
43101 2
43102 0
43103 2
43104 0
43105 4
43106 1
43107 2
43108 2
43109 0
43110 3
43111 5
43112 0
43113 5
43114 3
43115 1
43116 5
43117 3
43118 4
43119 4
43120 1
43121 2
43122 0
43123 2
43124 4
43125 1
43126 0
43127 1
43128 0
43129 2
43130 1
43131 1
43132 2
43133 3
43134 3
43135 4
43136 0
43137 2
43138 2
43139 5
43140 2
43141 0
43142 1
43143 2
43144 1
43145 0
43146 0
43147 0
43148 3
43149 3
43150 2
43151 4
43152 5
43153 2
43154 2
43155 2
43156 1
43157 1
43158 0
43159 0
43160 3
43161 4
43162 5
43163 2
43164 0
43165 5
43166 1
43167 2
43168 4
43169 1
43170 1
43171 2
43172 4
43173 1
43174 0
43175 3
43176 3
43177 2
43178 3
43179 1
43180 1
43181 5
43182 4
43183 1
43184 0
43185 0
43186 4
43187 2
43188 0
43189 1
43190 3
43191 3
43192 1
43193 0
43194 4
43195 0
43196 2
43197 4
43198 3
43199 0
43200 1
43201 3
43202 3
43203 1
43204 0
43205 5
43206 0
43207 2
43208 2
43209 2
43210 1
43211 2
43212 2
43213 3
43214 0
43215 2
43216 1
43217 2
43218 0
43219 4
43220 4
43221 3
43222 3
43223 0
43224 1
43225 2
43226 0
43227 0
43228 5
43229 4
43230 1
43231 1
43232 2
43233 0
43234 2
43235 4
43236 2
43237 5
43238 1
43239 4
43240 1
43241 2
43242 3
43243 1
43244 4
43245 1
43246 0
43247 3
43248 1
43249 5
43250 4
43251 4
43252 2
43253 0
43254 4
43255 4
43256 5
43257 1
43258 1
43259 0
43260 1
43261 4
43262 0
43263 2
43264 3
43265 4
43266 3
43267 1
43268 0
43269 2
43270 0
43271 0
43272 4
43273 1
43274 1
43275 2
43276 2
43277 4
43278 1
43279 0
43280 1
43281 2
43282 1
43283 3
43284 1
43285 3
43286 4
43287 0
43288 2
43289 2
43290 1
43291 0
43292 0
43293 3
43294 1
43295 1
43296 1
43297 1
43298 1
43299 1
43300 0
43301 3
43302 0
43303 1
43304 3
43305 5
43306 3
43307 4
43308 1
43309 1
43310 0
43311 0
43312 4
43313 0
43314 2
43315 0
43316 3
43317 1
43318 0
43319 0
43320 1
43321 2
43322 1
43323 4
43324 2
43325 3
43326 5
43327 0
43328 1
43329 4
43330 2
43331 3
43332 0
43333 5
43334 2
43335 1
43336 1
43337 3
43338 0
43339 2
43340 2
43341 4
43342 1
43343 0
43344 4
43345 2
43346 0
43347 3
43348 2
43349 1
43350 3
43351 3
43352 0
43353 0
43354 0
43355 1
43356 0
43357 1
43358 0
43359 0
43360 0
43361 4
43362 4
43363 4
43364 4
43365 1
43366 3
43367 2
43368 2
43369 1
43370 3
43371 3
43372 1
43373 4
43374 0
43375 1
43376 1
43377 3
43378 3
43379 4
43380 0
43381 0
43382 3
43383 2
43384 4
43385 0
43386 0
43387 4
43388 5
43389 0
43390 0
43391 1
43392 3
43393 2
43394 3
43395 3
43396 0
43397 3
43398 4
43399 3
43400 4
43401 0
43402 5
43403 1
43404 5
43405 4
43406 3
43407 3
43408 2
43409 0
43410 4
43411 0
43412 0
43413 2
43414 3
43415 0
43416 4
43417 3
43418 3
43419 3
43420 1
43421 0
43422 2
43423 1
43424 5
43425 2
43426 2
43427 2
43428 4
43429 3
43430 3
43431 0
43432 0
43433 3
43434 0
43435 2
43436 4
43437 6
43438 2
43439 4
43440 2
43441 1
43442 5
43443 4
43444 3
43445 1
43446 1
43447 2
43448 3
43449 0
43450 2
43451 2
43452 3
43453 5
43454 1
43455 3
43456 1
43457 3
43458 2
43459 2
43460 0
43461 3
43462 3
43463 4
43464 4
43465 1
43466 3
43467 0
43468 4
43469 2
43470 1
43471 4
43472 2
43473 3
43474 0
43475 0
43476 1
43477 0
43478 0
43479 2
43480 2
43481 5
43482 3
43483 4
43484 0
43485 0
43486 3
43487 1
43488 1
43489 4
43490 3
43491 1
43492 4
43493 2
43494 1
43495 0
43496 3
43497 0
43498 1
43499 4
43500 0
43501 0
43502 2
43503 5
43504 2
43505 5
43506 3
43507 1
43508 4
43509 0
43510 2
43511 3
43512 1
43513 0
43514 3
43515 5
43516 1
43517 5
43518 0
43519 1
43520 1
43521 3
43522 4
43523 0
43524 4
43525 3
43526 1
43527 1
43528 1
43529 0
43530 3
43531 3
43532 0
43533 4
43534 2
43535 2
43536 2
43537 4
43538 4
43539 2
43540 3
43541 2
43542 3
43543 1
43544 1
43545 0
43546 2
43547 0
43548 3
43549 0
43550 0
43551 3
43552 5
43553 3
43554 0
43555 2
43556 1
43557 4
43558 0
43559 3
43560 0
43561 0
43562 1
43563 0
43564 1
43565 1
43566 1
43567 2
43568 3
43569 2
43570 3
43571 0
43572 4
43573 3
43574 2
43575 0
43576 1
43577 4
43578 2
43579 3
43580 1
43581 4
43582 0
43583 2
43584 1
43585 2
43586 4
43587 1
43588 1
43589 0
43590 3
43591 0
43592 1
43593 2
43594 4
43595 1
43596 1
43597 0
43598 1
43599 4
43600 4
43601 2
43602 5
43603 4
43604 2
43605 5
43606 2
43607 1
43608 2
43609 0
43610 4
43611 5
43612 3
43613 0
43614 1
43615 0
43616 1
43617 4
43618 4
43619 4
43620 4
43621 0
43622 5
43623 2
43624 2
43625 0
43626 3
43627 0
43628 0
43629 4
43630 0
43631 4
43632 3
43633 3
43634 0
43635 3
43636 4
43637 1
43638 1
43639 3
43640 3
43641 0
43642 2
43643 3
43644 0
43645 5
43646 0
43647 1
43648 0
43649 1
43650 1
43651 4
43652 3
43653 2
43654 3
43655 1
43656 4
43657 4
43658 0
43659 2
43660 3
43661 0
43662 0
43663 0
43664 1
43665 0
43666 1
43667 1
43668 0
43669 0
43670 3
43671 0
43672 3
43673 4
43674 0
43675 2
43676 3
43677 3
43678 1
43679 0
43680 1
43681 4
43682 3
43683 0
43684 2
43685 1
43686 4
43687 1
43688 4
43689 3
43690 0
43691 0
43692 2
43693 4
43694 0
43695 2
43696 2
43697 3
43698 3
43699 1
43700 2
43701 4
43702 4
43703 0
43704 2
43705 4
43706 3
43707 4
43708 1
43709 2
43710 1
43711 4
43712 0
43713 5
43714 2
43715 0
43716 5
43717 1
43718 2
43719 4
43720 5
43721 5
43722 4
43723 2
43724 3
43725 1
43726 2
43727 2
43728 4
43729 0
43730 2
43731 2
43732 0
43733 3
43734 1
43735 0
43736 4
43737 1
43738 0
43739 1
43740 1
43741 5
43742 2
43743 0
43744 0
43745 0
43746 0
43747 2
43748 1
43749 1
43750 2
43751 2
43752 2
43753 0
43754 2
43755 0
43756 0
43757 1
43758 1
43759 4
43760 0
43761 1
43762 2
43763 1
43764 4
43765 1
43766 2
43767 2
43768 3
43769 2
43770 1
43771 3
43772 2
43773 2
43774 2
43775 2
43776 0
43777 0
43778 2
43779 1
43780 2
43781 0
43782 2
43783 3
43784 1
43785 3
43786 0
43787 4
43788 4
43789 1
43790 1
43791 0
43792 0
43793 0
43794 0
43795 3
43796 0
43797 1
43798 3
43799 3
43800 0
43801 0
43802 0
43803 1
43804 0
43805 3
43806 2
43807 3
43808 4
43809 0
43810 2
43811 1
43812 4
43813 4
43814 0
43815 3
43816 1
43817 3
43818 2
43819 5
43820 3
43821 2
43822 4
43823 3
43824 1
43825 3
43826 0
43827 1
43828 2
43829 4
43830 1
43831 2
43832 1
43833 1
43834 5
43835 3
43836 3
43837 0
43838 2
43839 0
43840 2
43841 1
43842 3
43843 4
43844 1
43845 2
43846 0
43847 5
43848 2
43849 4
43850 3
43851 1
43852 2
43853 3
43854 2
43855 0
43856 4
43857 0
43858 1
43859 2
43860 4
43861 1
43862 1
43863 2
43864 2
43865 2
43866 0
43867 1
43868 2
43869 4
43870 5
43871 2
43872 3
43873 2
43874 3
43875 2
43876 2
43877 1
43878 1
43879 2
43880 4
43881 2
43882 0
43883 0
43884 1
43885 4
43886 2
43887 2
43888 1
43889 1
43890 2
43891 3
43892 2
43893 2
43894 4
43895 4
43896 1
43897 2
43898 3
43899 4
43900 4
43901 2
43902 1
43903 0
43904 5
43905 2
43906 1
43907 1
43908 4
43909 2
43910 2
43911 4
43912 0
43913 3
43914 1
43915 0
43916 0
43917 5
43918 0
43919 2
43920 1
43921 2
43922 3
43923 4
43924 5
43925 2
43926 4
43927 1
43928 0
43929 4
43930 2
43931 2
43932 3
43933 0
43934 0
43935 0
43936 6
43937 3
43938 4
43939 1
43940 1
43941 3
43942 1
43943 1
43944 1
43945 4
43946 2
43947 3
43948 3
43949 1
43950 3
43951 2
43952 1
43953 1
43954 4
43955 2
43956 1
43957 1
43958 2
43959 4
43960 2
43961 0
43962 1
43963 5
43964 3
43965 3
43966 2
43967 1
43968 2
43969 4
43970 4
43971 1
43972 0
43973 4
43974 2
43975 3
43976 2
43977 1
43978 3
43979 0
43980 5
43981 3
43982 2
43983 2
43984 2
43985 0
43986 2
43987 1
43988 3
43989 3
43990 0
43991 0
43992 2
43993 2
43994 3
43995 3
43996 2
43997 2
43998 3
43999 3
44000 1
44001 3
44002 2
44003 1
44004 4
44005 3
44006 0
44007 2
44008 0
44009 2
44010 3
44011 3
44012 1
44013 3
44014 0
44015 4
44016 0
44017 3
44018 2
44019 1
44020 5
44021 1
44022 0
44023 1
44024 1
44025 4
44026 2
44027 1
44028 0
44029 3
44030 1
44031 1
44032 2
44033 0
44034 1
44035 1
44036 3
44037 0
44038 4
44039 3
44040 3
44041 2
44042 3
44043 3
44044 0
44045 1
44046 2
44047 4
44048 0
44049 2
44050 1
44051 5
44052 3
44053 2
44054 2
44055 3
44056 0
44057 0
44058 0
44059 2
44060 1
44061 2
44062 3
44063 4
44064 4
44065 1
44066 0
44067 3
44068 2
44069 3
44070 0
44071 0
44072 2
44073 0
44074 3
44075 2
44076 1
44077 1
44078 0
44079 2
44080 1
44081 2
44082 1
44083 3
44084 1
44085 3
44086 2
44087 4
44088 4
44089 3
44090 1
44091 3
44092 0
44093 2
44094 4
44095 0
44096 4
44097 3
44098 0
44099 4
44100 1
44101 2
44102 3
44103 1
44104 0
44105 2
44106 2
44107 0
44108 3
44109 1
44110 1
44111 2
44112 0
44113 4
44114 1
44115 0
44116 2
44117 0
44118 1
44119 3
44120 4
44121 2
44122 3
44123 4
44124 3
44125 0
44126 0
44127 5
44128 4
44129 4
44130 0
44131 0
44132 0
44133 2
44134 1
44135 2
44136 5
44137 5
44138 2
44139 0
44140 0
44141 4
44142 2
44143 3
44144 2
44145 3
44146 0
44147 0
44148 1
44149 3
44150 0
44151 1
44152 3
44153 0
44154 4
44155 0
44156 0
44157 1
44158 1
44159 0
44160 3
44161 4
44162 0
44163 3
44164 1
44165 2
44166 0
44167 4
44168 4
44169 1
44170 2
44171 2
44172 2
44173 0
44174 4
44175 0
44176 2
44177 3
44178 4
44179 0
44180 0
44181 3
44182 3
44183 4
44184 4
44185 1
44186 2
44187 1
44188 2
44189 5
44190 0
44191 5
44192 4
44193 0
44194 0
44195 0
44196 3
44197 0
44198 3
44199 0
44200 2
44201 2
44202 2
44203 4
44204 3
44205 2
44206 0
44207 3
44208 0
44209 2
44210 1
44211 4
44212 1
44213 2
44214 1
44215 0
44216 5
44217 0
44218 1
44219 1
44220 2
44221 1
44222 2
44223 4
44224 0
44225 3
44226 0
44227 2
44228 3
44229 2
44230 2
44231 2
44232 3
44233 1
44234 1
44235 4
44236 0
44237 6
44238 2
44239 1
44240 1
44241 3
44242 1
44243 0
44244 0
44245 4
44246 2
44247 0
44248 0
44249 2
44250 5
44251 1
44252 3
44253 2
44254 0
44255 5
44256 3
44257 0
44258 4
44259 1
44260 2
44261 0
44262 1
44263 2
44264 1
44265 1
44266 0
44267 3
44268 1
44269 1
44270 1
44271 0
44272 2
44273 2
44274 3
44275 3
44276 2
44277 0
44278 2
44279 2
44280 4
44281 0
44282 1
44283 2
44284 2
44285 0
44286 0
44287 5
44288 1
44289 0
44290 2
44291 1
44292 1
44293 0
44294 2
44295 4
44296 2
44297 4
44298 4
44299 1
44300 3
44301 0
44302 3
44303 4
44304 3
44305 1
44306 2
44307 1
44308 1
44309 2
44310 1
44311 1
44312 3
44313 5
44314 2
44315 3
44316 0
44317 0
44318 2
44319 5
44320 0
44321 0
44322 1
44323 0
44324 3
44325 0
44326 2
44327 3
44328 1
44329 1
44330 5
44331 0
44332 5
44333 5
44334 2
44335 2
44336 2
44337 3
44338 4
44339 3
44340 1
44341 2
44342 4
44343 2
44344 1
44345 3
44346 5
44347 4
44348 1
44349 4
44350 4
44351 3
44352 1
44353 2
44354 2
44355 1
44356 0
44357 2
44358 0
44359 3
44360 3
44361 0
44362 5
44363 1
44364 0
44365 4
44366 4
44367 2
44368 4
44369 4
44370 1
44371 0
44372 1
44373 1
44374 2
44375 1
44376 2
44377 5
44378 1
44379 2
44380 1
44381 4
44382 0
44383 0
44384 1
44385 2
44386 1
44387 2
44388 4
44389 1
44390 3
44391 5
44392 2
44393 5
44394 4
44395 3
44396 2
44397 0
44398 1
44399 0
44400 3
44401 4
44402 3
44403 2
44404 0
44405 4
44406 3
44407 2
44408 1
44409 0
44410 2
44411 0
44412 1
44413 5
44414 3
44415 1
44416 0
44417 4
44418 2
44419 2
44420 2
44421 1
44422 1
44423 1
44424 3
44425 1
44426 3
44427 2
44428 0
44429 3
44430 2
44431 4
44432 1
44433 3
44434 2
44435 3
44436 4
44437 0
44438 3
44439 1
44440 1
44441 2
44442 0
44443 0
44444 3
44445 4
44446 4
44447 1
44448 0
44449 3
44450 3
44451 0
44452 1
44453 1
44454 0
44455 2
44456 1
44457 2
44458 0
44459 3
44460 0
44461 3
44462 4
44463 0
44464 0
44465 1
44466 4
44467 2
44468 4
44469 0
44470 2
44471 2
44472 4
44473 3
44474 2
44475 2
44476 4
44477 3
44478 0
44479 3
44480 2
44481 3
44482 1
44483 0
44484 1
44485 3
44486 2
44487 1
44488 4
44489 5
44490 0
44491 4
44492 0
44493 2
44494 1
44495 1
44496 2
44497 1
44498 4
44499 1
44500 5
44501 2
44502 0
44503 2
44504 3
44505 1
44506 2
44507 0
44508 2
44509 1
44510 3
44511 0
44512 3
44513 4
44514 2
44515 1
44516 1
44517 3
44518 3
44519 2
44520 2
44521 3
44522 2
44523 1
44524 1
44525 0
44526 0
44527 0
44528 2
44529 1
44530 4
44531 1
44532 2
44533 1
44534 2
44535 2
44536 2
44537 4
44538 2
44539 4
44540 4
44541 1
44542 2
44543 0
44544 0
44545 1
44546 0
44547 0
44548 3
44549 0
44550 2
44551 1
44552 4
44553 0
44554 0
44555 3
44556 0
44557 2
44558 4
44559 1
44560 2
44561 2
44562 0
44563 3
44564 1
44565 1
44566 0
44567 2
44568 0
44569 2
44570 1
44571 3
44572 3
44573 4
44574 1
44575 0
44576 3
44577 1
44578 2
44579 2
44580 1
44581 2
44582 1
44583 0
44584 4
44585 1
44586 3
44587 1
44588 2
44589 2
44590 2
44591 2
44592 4
44593 0
44594 1
44595 3
44596 0
44597 0
44598 2
44599 0
44600 2
44601 1
44602 1
44603 2
44604 2
44605 3
44606 2
44607 0
44608 2
44609 1
44610 0
44611 3
44612 2
44613 0
44614 1
44615 0
44616 2
44617 0
44618 1
44619 1
44620 3
44621 4
44622 3
44623 4
44624 1
44625 2
44626 1
44627 1
44628 4
44629 1
44630 5
44631 1
44632 3
44633 0
44634 0
44635 0
44636 0
44637 2
44638 2
44639 2
44640 3
44641 2
44642 4
44643 3
44644 0
44645 2
44646 3
44647 2
44648 1
44649 2
44650 3
44651 4
44652 2
44653 1
44654 4
44655 0
44656 1
44657 1
44658 1
44659 4
44660 0
44661 0
44662 0
44663 1
44664 2
44665 4
44666 2
44667 2
44668 0
44669 0
44670 3
44671 2
44672 1
44673 2
44674 4
44675 3
44676 0
44677 2
44678 2
44679 3
44680 1
44681 1
44682 1
44683 2
44684 3
44685 0
44686 2
44687 0
44688 2
44689 4
44690 4
44691 0
44692 2
44693 2
44694 0
44695 0
44696 3
44697 3
44698 0
44699 1
44700 3
44701 4
44702 0
44703 0
44704 4
44705 0
44706 0
44707 2
44708 2
44709 3
44710 3
44711 4
44712 2
44713 5
44714 3
44715 1
44716 3
44717 2
44718 3
44719 3
44720 3
44721 5
44722 4
44723 3
44724 2
44725 2
44726 0
44727 4
44728 1
44729 0
44730 1
44731 3
44732 0
44733 1
44734 4
44735 2
44736 1
44737 0
44738 0
44739 2
44740 3
44741 2
44742 1
44743 0
44744 5
44745 2
44746 1
44747 4
44748 2
44749 2
44750 4
44751 0
44752 1
44753 5
44754 5
44755 4
44756 5
44757 0
44758 2
44759 2
44760 2
44761 3
44762 4
44763 1
44764 4
44765 4
44766 0
44767 3
44768 0
44769 0
44770 0
44771 0
44772 0
44773 0
44774 2
44775 1
44776 4
44777 3
44778 4
44779 2
44780 3
44781 2
44782 4
44783 3
44784 1
44785 0
44786 5
44787 2
44788 0
44789 5
44790 2
44791 2
44792 2
44793 3
44794 1
44795 1
44796 2
44797 1
44798 0
44799 1
44800 2
44801 3
44802 0
44803 0
44804 4
44805 0
44806 2
44807 2
44808 1
44809 1
44810 2
44811 1
44812 0
44813 4
44814 2
44815 1
44816 1
44817 3
44818 2
44819 1
44820 1
44821 3
44822 0
44823 1
44824 2
44825 1
44826 1
44827 1
44828 2
44829 2
44830 0
44831 2
44832 6
44833 4
44834 1
44835 1
44836 2
44837 4
44838 0
44839 3
44840 2
44841 1
44842 1
44843 2
44844 0
44845 1
44846 3
44847 1
44848 3
44849 1
44850 4
44851 2
44852 1
44853 0
44854 2
44855 2
44856 0
44857 2
44858 2
44859 5
44860 0
44861 4
44862 3
44863 2
44864 2
44865 2
44866 2
44867 2
44868 3
44869 4
44870 2
44871 0
44872 0
44873 2
44874 1
44875 1
44876 0
44877 1
44878 3
44879 1
44880 1
44881 1
44882 4
44883 5
44884 2
44885 3
44886 5
44887 4
44888 3
44889 1
44890 3
44891 1
44892 0
44893 2
44894 0
44895 5
44896 2
44897 4
44898 1
44899 2
44900 2
44901 3
44902 2
44903 1
44904 3
44905 3
44906 2
44907 1
44908 2
44909 0
44910 5
44911 1
44912 2
44913 0
44914 3
44915 4
44916 0
44917 0
44918 0
44919 1
44920 4
44921 0
44922 1
44923 1
44924 3
44925 3
44926 2
44927 2
44928 0
44929 0
44930 5
44931 3
44932 2
44933 3
44934 0
44935 2
44936 1
44937 3
44938 4
44939 0
44940 2
44941 3
44942 0
44943 1
44944 2
44945 4
44946 1
44947 1
44948 4
44949 1
44950 3
44951 1
44952 6
44953 0
44954 1
44955 1
44956 1
44957 4
44958 4
44959 5
44960 0
44961 1
44962 0
44963 3
44964 1
44965 0
44966 1
44967 1
44968 0
44969 1
44970 2
44971 1
44972 5
44973 2
44974 2
44975 4
44976 3
44977 2
44978 0
44979 3
44980 1
44981 3
44982 3
44983 5
44984 2
44985 4
44986 5
44987 3
44988 2
44989 4
44990 4
44991 3
44992 2
44993 0
44994 0
44995 2
44996 3
44997 5
44998 3
44999 0
45000 0
45001 1
45002 3
45003 3
45004 3
45005 3
45006 2
45007 0
45008 3
45009 1
45010 4
45011 2
45012 2
45013 1
45014 1
45015 1
45016 2
45017 0
45018 3
45019 2
45020 2
45021 0
45022 3
45023 4
45024 0
45025 3
45026 0
45027 0
45028 2
45029 1
45030 2
45031 5
45032 0
45033 3
45034 2
45035 1
45036 3
45037 4
45038 4
45039 1
45040 1
45041 4
45042 1
45043 4
45044 0
45045 1
45046 3
45047 4
45048 3
45049 0
45050 1
45051 1
45052 5
45053 3
45054 0
45055 0
45056 3
45057 2
45058 1
45059 0
45060 2
45061 2
45062 3
45063 1
45064 2
45065 0
45066 6
45067 3
45068 2
45069 1
45070 1
45071 3
45072 3
45073 3
45074 4
45075 4
45076 4
45077 1
45078 2
45079 1
45080 2
45081 2
45082 3
45083 0
45084 1
45085 4
45086 4
45087 2
45088 4
45089 1
45090 2
45091 1
45092 2
45093 0
45094 3
45095 2
45096 3
45097 3
45098 3
45099 4
45100 1
45101 1
45102 0
45103 4
45104 4
45105 0
45106 2
45107 1
45108 1
45109 4
45110 2
45111 1
45112 1
45113 4
45114 4
45115 0
45116 3
45117 3
45118 0
45119 3
45120 3
45121 1
45122 1
45123 0
45124 0
45125 1
45126 1
45127 4
45128 0
45129 3
45130 5
45131 0
45132 3
45133 4
45134 0
45135 2
45136 2
45137 2
45138 3
45139 4
45140 0
45141 3
45142 2
45143 2
45144 4
45145 2
45146 0
45147 3
45148 2
45149 2
45150 0
45151 0
45152 0
45153 3
45154 3
45155 5
45156 4
45157 2
45158 3
45159 3
45160 2
45161 2
45162 1
45163 2
45164 2
45165 3
45166 1
45167 1
45168 2
45169 0
45170 0
45171 0
45172 4
45173 3
45174 0
45175 1
45176 3
45177 0
45178 1
45179 2
45180 1
45181 3
45182 3
45183 1
45184 1
45185 2
45186 2
45187 1
45188 2
45189 2
45190 1
45191 2
45192 1
45193 3
45194 2
45195 0
45196 3
45197 1
45198 2
45199 0
45200 3
45201 0
45202 2
45203 0
45204 4
45205 0
45206 0
45207 4
45208 2
45209 3
45210 2
45211 3
45212 0
45213 3
45214 0
45215 1
45216 1
45217 4
45218 1
45219 1
45220 0
45221 4
45222 3
45223 2
45224 1
45225 1
45226 2
45227 2
45228 0
45229 5
45230 3
45231 3
45232 5
45233 3
45234 3
45235 0
45236 0
45237 3
45238 4
45239 3
45240 3
45241 4
45242 5
45243 4
45244 3
45245 0
45246 3
45247 0
45248 3
45249 1
45250 2
45251 1
45252 3
45253 2
45254 2
45255 1
45256 1
45257 0
45258 5
45259 4
45260 0
45261 1
45262 1
45263 3
45264 2
45265 3
45266 0
45267 1
45268 0
45269 2
45270 1
45271 4
45272 3
45273 4
45274 2
45275 0
45276 1
45277 3
45278 4
45279 1
45280 3
45281 4
45282 0
45283 3
45284 2
45285 1
45286 2
45287 3
45288 3
45289 2
45290 2
45291 1
45292 2
45293 1
45294 4
45295 1
45296 0
45297 3
45298 3
45299 0
45300 2
45301 1
45302 0
45303 6
45304 0
45305 0
45306 2
45307 1
45308 2
45309 2
45310 3
45311 2
45312 3
45313 2
45314 5
45315 3
45316 2
45317 0
45318 0
45319 2
45320 1
45321 1
45322 2
45323 2
45324 4
45325 0
45326 0
45327 5
45328 2
45329 2
45330 4
45331 3
45332 0
45333 1
45334 3
45335 0
45336 3
45337 3
45338 0
45339 4
45340 4
45341 0
45342 5
45343 2
45344 1
45345 5
45346 2
45347 2
45348 2
45349 5
45350 0
45351 0
45352 3
45353 3
45354 2
45355 0
45356 4
45357 4
45358 3
45359 0
45360 2
45361 1
45362 0
45363 2
45364 4
45365 1
45366 0
45367 1
45368 3
45369 0
45370 1
45371 3
45372 1
45373 2
45374 1
45375 0
45376 1
45377 0
45378 3
45379 1
45380 3
45381 1
45382 0
45383 1
45384 4
45385 1
45386 1
45387 2
45388 1
45389 0
45390 1
45391 0
45392 0
45393 2
45394 1
45395 1
45396 0
45397 0
45398 2
45399 3
45400 2
45401 1
45402 1
45403 0
45404 1
45405 0
45406 1
45407 1
45408 0
45409 3
45410 1
45411 2
45412 1
45413 3
45414 3
45415 2
45416 3
45417 3
45418 4
45419 2
45420 0
45421 1
45422 1
45423 1
45424 1
45425 0
45426 1
45427 5
45428 0
45429 3
45430 1
45431 2
45432 2
45433 0
45434 1
45435 3
45436 4
45437 1
45438 0
45439 2
45440 3
45441 2
45442 3
45443 0
45444 0
45445 0
45446 0
45447 0
45448 1
45449 2
45450 1
45451 1
45452 4
45453 4
45454 3
45455 4
45456 1
45457 4
45458 5
45459 0
45460 2
45461 1
45462 2
45463 3
45464 5
45465 1
45466 2
45467 0
45468 2
45469 1
45470 1
45471 1
45472 3
45473 0
45474 0
45475 2
45476 0
45477 2
45478 1
45479 0
45480 2
45481 3
45482 1
45483 1
45484 5
45485 2
45486 2
45487 0
45488 3
45489 1
45490 2
45491 4
45492 4
45493 2
45494 4
45495 1
45496 2
45497 2
45498 0
45499 2
45500 2
45501 3
45502 2
45503 0
45504 1
45505 0
45506 2
45507 1
45508 1
45509 2
45510 4
45511 2
45512 1
45513 0
45514 1
45515 1
45516 3
45517 0
45518 1
45519 0
45520 5
45521 1
45522 2
45523 3
45524 1
45525 2
45526 0
45527 4
45528 0
45529 3
45530 3
45531 4
45532 3
45533 2
45534 2
45535 0
45536 2
45537 1
45538 0
45539 0
45540 1
45541 1
45542 0
45543 1
45544 2
45545 1
45546 1
45547 4
45548 0
45549 0
45550 1
45551 3
45552 1
45553 1
45554 1
45555 5
45556 0
45557 3
45558 4
45559 1
45560 4
45561 4
45562 2
45563 2
45564 4
45565 0
45566 1
45567 3
45568 4
45569 1
45570 5
45571 2
45572 2
45573 2
45574 2
45575 1
45576 3
45577 4
45578 2
45579 1
45580 5
45581 3
45582 2
45583 3
45584 3
45585 4
45586 3
45587 1
45588 2
45589 4
45590 0
45591 0
45592 2
45593 2
45594 2
45595 0
45596 4
45597 4
45598 2
45599 3
45600 4
45601 1
45602 1
45603 1
45604 0
45605 2
45606 2
45607 1
45608 3
45609 2
45610 3
45611 2
45612 1
45613 3
45614 0
45615 2
45616 2
45617 4
45618 0
45619 2
45620 0
45621 2
45622 1
45623 0
45624 1
45625 0
45626 1
45627 1
45628 4
45629 4
45630 0
45631 4
45632 4
45633 0
45634 4
45635 2
45636 4
45637 1
45638 4
45639 1
45640 4
45641 5
45642 4
45643 0
45644 3
45645 4
45646 3
45647 0
45648 3
45649 1
45650 1
45651 4
45652 3
45653 3
45654 4
45655 0
45656 0
45657 4
45658 4
45659 4
45660 3
45661 1
45662 6
45663 5
45664 2
45665 3
45666 0
45667 4
45668 0
45669 1
45670 3
45671 4
45672 0
45673 1
45674 1
45675 0
45676 3
45677 2
45678 1
45679 4
45680 1
45681 0
45682 3
45683 0
45684 3
45685 2
45686 4
45687 2
45688 0
45689 3
45690 0
45691 2
45692 0
45693 4
45694 4
45695 3
45696 1
45697 1
45698 5
45699 2
45700 0
45701 1
45702 4
45703 1
45704 3
45705 3
45706 3
45707 1
45708 0
45709 0
45710 4
45711 5
45712 2
45713 1
45714 2
45715 3
45716 2
45717 2
45718 2
45719 4
45720 1
45721 0
45722 4
45723 3
45724 1
45725 2
45726 0
45727 0
45728 2
45729 4
45730 2
45731 4
45732 3
45733 1
45734 0
45735 3
45736 2
45737 5
45738 2
45739 0
45740 1
45741 1
45742 1
45743 2
45744 4
45745 0
45746 5
45747 0
45748 3
45749 5
45750 2
45751 2
45752 2
45753 3
45754 0
45755 2
45756 4
45757 1
45758 4
45759 0
45760 2
45761 2
45762 3
45763 2
45764 3
45765 3
45766 4
45767 1
45768 3
45769 3
45770 0
45771 0
45772 2
45773 3
45774 1
45775 0
45776 4
45777 2
45778 0
45779 1
45780 5
45781 1
45782 1
45783 1
45784 5
45785 2
45786 5
45787 1
45788 3
45789 5
45790 3
45791 1
45792 4
45793 1
45794 2
45795 5
45796 0
45797 4
45798 0
45799 2
45800 1
45801 1
45802 2
45803 1
45804 3
45805 3
45806 3
45807 1
45808 2
45809 4
45810 1
45811 1
45812 1
45813 0
45814 0
45815 3
45816 2
45817 3
45818 4
45819 3
45820 2
45821 1
45822 1
45823 0
45824 0
45825 0
45826 3
45827 1
45828 3
45829 2
45830 5
45831 2
45832 0
45833 0
45834 1
45835 0
45836 0
45837 4
45838 1
45839 0
45840 2
45841 2
45842 2
45843 1
45844 3
45845 1
45846 2
45847 4
45848 1
45849 0
45850 1
45851 3
45852 4
45853 4
45854 2
45855 1
45856 0
45857 2
45858 1
45859 3
45860 1
45861 2
45862 1
45863 5
45864 2
45865 1
45866 2
45867 2
45868 0
45869 3
45870 0
45871 1
45872 1
45873 4
45874 0
45875 0
45876 1
45877 2
45878 4
45879 1
45880 0
45881 0
45882 1
45883 2
45884 1
45885 0
45886 0
45887 1
45888 0
45889 2
45890 2
45891 3
45892 4
45893 0
45894 3
45895 1
45896 3
45897 3
45898 4
45899 2
45900 1
45901 2
45902 1
45903 4
45904 1
45905 0
45906 4
45907 4
45908 3
45909 0
45910 4
45911 1
45912 3
45913 5
45914 4
45915 4
45916 4
45917 2
45918 4
45919 1
45920 2
45921 0
45922 1
45923 0
45924 0
45925 1
45926 5
45927 0
45928 0
45929 1
45930 1
45931 3
45932 0
45933 3
45934 4
45935 2
45936 2
45937 2
45938 2
45939 2
45940 2
45941 0
45942 3
45943 4
45944 3
45945 3
45946 1
45947 1
45948 0
45949 1
45950 3
45951 0
45952 1
45953 2
45954 0
45955 2
45956 4
45957 3
45958 5
45959 2
45960 2
45961 3
45962 2
45963 0
45964 0
45965 2
45966 2
45967 1
45968 1
45969 5
45970 4
45971 4
45972 1
45973 3
45974 2
45975 2
45976 1
45977 1
45978 2
45979 2
45980 1
45981 4
45982 2
45983 0
45984 0
45985 1
45986 1
45987 3
45988 1
45989 3
45990 5
45991 1
45992 2
45993 2
45994 0
45995 2
45996 3
45997 3
45998 1
45999 2
46000 3
46001 3
46002 0
46003 2
46004 3
46005 3
46006 0
46007 5
46008 0
46009 2
46010 1
46011 5
46012 0
46013 0
46014 0
46015 4
46016 4
46017 1
46018 0
46019 3
46020 1
46021 3
46022 2
46023 0
46024 4
46025 1
46026 0
46027 0
46028 3
46029 1
46030 0
46031 0
46032 4
46033 4
46034 0
46035 2
46036 3
46037 3
46038 1
46039 3
46040 4
46041 0
46042 1
46043 1
46044 0
46045 3
46046 5
46047 2
46048 0
46049 1
46050 3
46051 3
46052 0
46053 3
46054 3
46055 3
46056 0
46057 3
46058 2
46059 0
46060 0
46061 0
46062 2
46063 0
46064 5
46065 0
46066 1
46067 0
46068 3
46069 1
46070 0
46071 1
46072 1
46073 2
46074 3
46075 1
46076 2
46077 1
46078 2
46079 0
46080 1
46081 2
46082 0
46083 3
46084 3
46085 4
46086 0
46087 5
46088 4
46089 0
46090 3
46091 3
46092 4
46093 2
46094 4
46095 3
46096 2
46097 1
46098 2
46099 0
46100 2
46101 1
46102 4
46103 1
46104 0
46105 4
46106 1
46107 2
46108 0
46109 3
46110 3
46111 4
46112 2
46113 0
46114 1
46115 2
46116 1
46117 1
46118 3
46119 2
46120 1
46121 3
46122 3
46123 0
46124 3
46125 3
46126 0
46127 1
46128 4
46129 2
46130 2
46131 4
46132 0
46133 0
46134 2
46135 3
46136 1
46137 0
46138 2
46139 3
46140 0
46141 5
46142 3
46143 0
46144 4
46145 5
46146 1
46147 0
46148 2
46149 0
46150 3
46151 5
46152 0
46153 3
46154 1
46155 2
46156 1
46157 0
46158 0
46159 4
46160 1
46161 1
46162 2
46163 2
46164 1
46165 3
46166 0
46167 4
46168 3
46169 0
46170 2
46171 5
46172 2
46173 3
46174 1
46175 2
46176 1
46177 4
46178 1
46179 1
46180 1
46181 2
46182 1
46183 2
46184 1
46185 1
46186 1
46187 4
46188 1
46189 0
46190 0
46191 1
46192 4
46193 3
46194 1
46195 0
46196 0
46197 3
46198 1
46199 1
46200 5
46201 4
46202 3
46203 2
46204 5
46205 4
46206 1
46207 3
46208 3
46209 2
46210 4
46211 0
46212 0
46213 1
46214 0
46215 3
46216 4
46217 5
46218 2
46219 1
46220 4
46221 2
46222 4
46223 4
46224 2
46225 2
46226 3
46227 1
46228 2
46229 1
46230 0
46231 2
46232 3
46233 3
46234 1
46235 1
46236 3
46237 4
46238 5
46239 2
46240 0
46241 2
46242 3
46243 4
46244 1
46245 2
46246 2
46247 4
46248 2
46249 0
46250 0
46251 0
46252 3
46253 1
46254 0
46255 1
46256 2
46257 4
46258 3
46259 0
46260 0
46261 0
46262 1
46263 2
46264 0
46265 4
46266 0
46267 0
46268 1
46269 0
46270 2
46271 3
46272 1
46273 3
46274 2
46275 0
46276 0
46277 3
46278 4
46279 2
46280 3
46281 3
46282 0
46283 4
46284 3
46285 2
46286 2
46287 3
46288 3
46289 5
46290 3
46291 0
46292 3
46293 1
46294 2
46295 4
46296 1
46297 0
46298 0
46299 2
46300 1
46301 6
46302 5
46303 5
46304 4
46305 5
46306 1
46307 5
46308 2
46309 2
46310 2
46311 0
46312 1
46313 0
46314 1
46315 0
46316 3
46317 4
46318 2
46319 2
46320 1
46321 0
46322 1
46323 5
46324 0
46325 2
46326 3
46327 2
46328 0
46329 1
46330 5
46331 1
46332 3
46333 3
46334 3
46335 0
46336 4
46337 0
46338 4
46339 4
46340 5
46341 2
46342 4
46343 4
46344 1
46345 3
46346 1
46347 2
46348 1
46349 2
46350 2
46351 2
46352 0
46353 2
46354 1
46355 3
46356 3
46357 3
46358 2
46359 2
46360 3
46361 1
46362 4
46363 2
46364 3
46365 2
46366 0
46367 4
46368 2
46369 4
46370 0
46371 1
46372 2
46373 3
46374 2
46375 2
46376 3
46377 1
46378 2
46379 0
46380 3
46381 3
46382 0
46383 4
46384 2
46385 4
46386 3
46387 3
46388 5
46389 3
46390 3
46391 0
46392 1
46393 1
46394 3
46395 0
46396 1
46397 3
46398 0
46399 1
46400 1
46401 4
46402 4
46403 4
46404 3
46405 4
46406 2
46407 1
46408 3
46409 0
46410 2
46411 5
46412 1
46413 5
46414 0
46415 5
46416 3
46417 0
46418 3
46419 4
46420 1
46421 3
46422 2
46423 4
46424 0
46425 4
46426 0
46427 2
46428 2
46429 4
46430 3
46431 1
46432 1
46433 2
46434 1
46435 3
46436 3
46437 1
46438 1
46439 2
46440 0
46441 5
46442 1
46443 5
46444 3
46445 1
46446 0
46447 2
46448 2
46449 3
46450 4
46451 5
46452 0
46453 1
46454 1
46455 0
46456 2
46457 3
46458 1
46459 4
46460 3
46461 4
46462 0
46463 1
46464 2
46465 3
46466 4
46467 1
46468 1
46469 1
46470 1
46471 0
46472 2
46473 1
46474 3
46475 0
46476 2
46477 2
46478 3
46479 4
46480 1
46481 0
46482 1
46483 0
46484 5
46485 1
46486 2
46487 3
46488 5
46489 0
46490 3
46491 0
46492 2
46493 5
46494 3
46495 0
46496 1
46497 0
46498 1
46499 4
46500 4
46501 2
46502 4
46503 4
46504 0
46505 2
46506 1
46507 4
46508 0
46509 2
46510 2
46511 2
46512 5
46513 2
46514 5
46515 0
46516 4
46517 5
46518 2
46519 1
46520 2
46521 4
46522 0
46523 2
46524 5
46525 3
46526 0
46527 4
46528 1
46529 4
46530 1
46531 0
46532 3
46533 4
46534 1
46535 5
46536 3
46537 4
46538 1
46539 1
46540 0
46541 3
46542 2
46543 3
46544 0
46545 2
46546 0
46547 4
46548 3
46549 2
46550 2
46551 4
46552 5
46553 0
46554 4
46555 0
46556 1
46557 3
46558 4
46559 3
46560 2
46561 4
46562 3
46563 1
46564 3
46565 1
46566 4
46567 0
46568 2
46569 1
46570 3
46571 1
46572 3
46573 1
46574 0
46575 1
46576 2
46577 4
46578 0
46579 1
46580 1
46581 2
46582 4
46583 1
46584 2
46585 4
46586 3
46587 2
46588 3
46589 1
46590 5
46591 3
46592 4
46593 1
46594 1
46595 2
46596 2
46597 6
46598 4
46599 1
46600 4
46601 1
46602 0
46603 1
46604 3
46605 1
46606 0
46607 4
46608 2
46609 0
46610 0
46611 2
46612 4
46613 5
46614 1
46615 1
46616 4
46617 0
46618 2
46619 2
46620 2
46621 4
46622 2
46623 5
46624 4
46625 0
46626 3
46627 2
46628 2
46629 1
46630 2
46631 2
46632 2
46633 1
46634 2
46635 4
46636 2
46637 4
46638 0
46639 2
46640 2
46641 2
46642 2
46643 1
46644 1
46645 2
46646 2
46647 2
46648 1
46649 3
46650 1
46651 3
46652 1
46653 2
46654 4
46655 2
46656 0
46657 2
46658 0
46659 1
46660 3
46661 3
46662 3
46663 1
46664 0
46665 3
46666 0
46667 4
46668 5
46669 0
46670 4
46671 2
46672 3
46673 3
46674 4
46675 1
46676 3
46677 1
46678 1
46679 2
46680 2
46681 1
46682 3
46683 3
46684 5
46685 0
46686 2
46687 0
46688 2
46689 0
46690 3
46691 1
46692 0
46693 4
46694 4
46695 5
46696 1
46697 4
46698 4
46699 3
46700 2
46701 2
46702 0
46703 0
46704 4
46705 2
46706 4
46707 1
46708 0
46709 0
46710 3
46711 3
46712 3
46713 1
46714 3
46715 2
46716 3
46717 4
46718 4
46719 3
46720 3
46721 0
46722 2
46723 2
46724 5
46725 0
46726 2
46727 3
46728 3
46729 0
46730 1
46731 0
46732 1
46733 0
46734 4
46735 2
46736 1
46737 1
46738 0
46739 4
46740 4
46741 3
46742 0
46743 1
46744 2
46745 1
46746 2
46747 0
46748 0
46749 2
46750 1
46751 1
46752 2
46753 1
46754 4
46755 3
46756 4
46757 1
46758 2
46759 3
46760 2
46761 2
46762 2
46763 0
46764 0
46765 1
46766 0
46767 0
46768 2
46769 2
46770 4
46771 2
46772 3
46773 2
46774 2
46775 0
46776 2
46777 3
46778 3
46779 0
46780 0
46781 4
46782 2
46783 4
46784 3
46785 0
46786 0
46787 0
46788 2
46789 1
46790 2
46791 4
46792 1
46793 4
46794 3
46795 2
46796 1
46797 2
46798 4
46799 0
46800 1
46801 1
46802 0
46803 2
46804 4
46805 1
46806 4
46807 1
46808 5
46809 3
46810 4
46811 0
46812 3
46813 1
46814 2
46815 4
46816 2
46817 1
46818 2
46819 1
46820 0
46821 4
46822 4
46823 0
46824 1
46825 1
46826 0
46827 3
46828 4
46829 1
46830 3
46831 1
46832 1
46833 4
46834 3
46835 4
46836 1
46837 0
46838 5
46839 0
46840 4
46841 1
46842 2
46843 4
46844 3
46845 3
46846 2
46847 4
46848 2
46849 2
46850 1
46851 0
46852 0
46853 2
46854 2
46855 1
46856 4
46857 4
46858 4
46859 4
46860 0
46861 1
46862 2
46863 4
46864 0
46865 1
46866 3
46867 0
46868 1
46869 1
46870 4
46871 2
46872 5
46873 1
46874 2
46875 2
46876 4
46877 4
46878 2
46879 6
46880 5
46881 0
46882 1
46883 2
46884 1
46885 4
46886 0
46887 2
46888 1
46889 2
46890 0
46891 3
46892 3
46893 1
46894 1
46895 0
46896 4
46897 0
46898 0
46899 3
46900 0
46901 1
46902 2
46903 0
46904 4
46905 0
46906 3
46907 0
46908 2
46909 0
46910 2
46911 3
46912 2
46913 1
46914 4
46915 0
46916 2
46917 4
46918 3
46919 1
46920 2
46921 2
46922 0
46923 5
46924 2
46925 4
46926 5
46927 3
46928 2
46929 4
46930 2
46931 4
46932 3
46933 4
46934 3
46935 3
46936 3
46937 3
46938 3
46939 1
46940 0
46941 2
46942 2
46943 1
46944 0
46945 0
46946 3
46947 3
46948 3
46949 0
46950 3
46951 2
46952 0
46953 1
46954 3
46955 1
46956 1
46957 4
46958 0
46959 3
46960 2
46961 2
46962 1
46963 3
46964 1
46965 2
46966 1
46967 0
46968 0
46969 0
46970 0
46971 2
46972 1
46973 1
46974 1
46975 0
46976 0
46977 3
46978 1
46979 0
46980 0
46981 2
46982 1
46983 4
46984 0
46985 0
46986 3
46987 2
46988 1
46989 3
46990 1
46991 4
46992 5
46993 4
46994 4
46995 1
46996 4
46997 2
46998 2
46999 2
47000 1
47001 1
47002 1
47003 2
47004 2
47005 0
47006 1
47007 3
47008 3
47009 4
47010 3
47011 0
47012 2
47013 4
47014 0
47015 4
47016 5
47017 0
47018 2
47019 0
47020 2
47021 3
47022 2
47023 0
47024 1
47025 0
47026 2
47027 3
47028 2
47029 1
47030 0
47031 3
47032 3
47033 3
47034 0
47035 2
47036 4
47037 2
47038 4
47039 3
47040 0
47041 5
47042 1
47043 0
47044 3
47045 4
47046 1
47047 2
47048 3
47049 1
47050 3
47051 3
47052 4
47053 1
47054 2
47055 1
47056 1
47057 1
47058 2
47059 0
47060 3
47061 2
47062 3
47063 2
47064 0
47065 4
47066 4
47067 3
47068 1
47069 3
47070 1
47071 0
47072 1
47073 2
47074 1
47075 4
47076 5
47077 0
47078 2
47079 3
47080 3
47081 5
47082 0
47083 1
47084 4
47085 4
47086 4
47087 2
47088 3
47089 1
47090 3
47091 4
47092 0
47093 4
47094 1
47095 3
47096 0
47097 2
47098 0
47099 0
47100 1
47101 3
47102 3
47103 1
47104 2
47105 5
47106 3
47107 4
47108 1
47109 1
47110 3
47111 0
47112 5
47113 3
47114 2
47115 0
47116 5
47117 2
47118 0
47119 0
47120 4
47121 0
47122 2
47123 5
47124 5
47125 4
47126 2
47127 1
47128 3
47129 4
47130 1
47131 1
47132 0
47133 1
47134 2
47135 0
47136 0
47137 3
47138 1
47139 0
47140 4
47141 4
47142 2
47143 1
47144 3
47145 4
47146 2
47147 4
47148 0
47149 1
47150 0
47151 0
47152 2
47153 3
47154 2
47155 1
47156 4
47157 2
47158 2
47159 0
47160 4
47161 5
47162 3
47163 5
47164 1
47165 1
47166 0
47167 2
47168 1
47169 2
47170 1
47171 2
47172 4
47173 2
47174 4
47175 3
47176 0
47177 4
47178 2
47179 0
47180 4
47181 4
47182 0
47183 3
47184 1
47185 3
47186 1
47187 3
47188 0
47189 3
47190 1
47191 1
47192 3
47193 1
47194 5
47195 3
47196 4
47197 1
47198 0
47199 4
47200 4
47201 0
47202 3
47203 0
47204 3
47205 0
47206 3
47207 2
47208 2
47209 4
47210 4
47211 3
47212 1
47213 0
47214 2
47215 2
47216 1
47217 0
47218 3
47219 4
47220 1
47221 3
47222 6
47223 1
47224 2
47225 3
47226 0
47227 4
47228 1
47229 2
47230 0
47231 1
47232 0
47233 4
47234 2
47235 3
47236 0
47237 1
47238 1
47239 1
47240 2
47241 3
47242 0
47243 3
47244 3
47245 0
47246 1
47247 2
47248 2
47249 2
47250 2
47251 2
47252 3
47253 1
47254 0
47255 2
47256 1
47257 1
47258 2
47259 2
47260 2
47261 4
47262 0
47263 5
47264 3
47265 1
47266 1
47267 2
47268 4
47269 0
47270 3
47271 5
47272 3
47273 1
47274 0
47275 0
47276 3
47277 3
47278 1
47279 2
47280 4
47281 1
47282 2
47283 0
47284 3
47285 2
47286 1
47287 2
47288 3
47289 5
47290 2
47291 0
47292 1
47293 2
47294 0
47295 1
47296 3
47297 2
47298 2
47299 2
47300 3
47301 3
47302 0
47303 1
47304 2
47305 3
47306 2
47307 5
47308 4
47309 3
47310 2
47311 1
47312 3
47313 4
47314 1
47315 4
47316 2
47317 3
47318 0
47319 4
47320 1
47321 2
47322 4
47323 1
47324 5
47325 1
47326 0
47327 2
47328 4
47329 1
47330 2
47331 2
47332 3
47333 1
47334 4
47335 4
47336 0
47337 2
47338 1
47339 1
47340 0
47341 2
47342 2
47343 4
47344 0
47345 1
47346 1
47347 2
47348 3
47349 1
47350 4
47351 2
47352 2
47353 3
47354 2
47355 1
47356 0
47357 1
47358 3
47359 2
47360 1
47361 0
47362 1
47363 2
47364 1
47365 0
47366 0
47367 4
47368 2
47369 3
47370 2
47371 5
47372 1
47373 0
47374 2
47375 3
47376 1
47377 1
47378 4
47379 4
47380 3
47381 3
47382 1
47383 2
47384 1
47385 4
47386 3
47387 1
47388 0
47389 1
47390 3
47391 4
47392 4
47393 1
47394 3
47395 0
47396 3
47397 5
47398 4
47399 1
47400 0
47401 1
47402 1
47403 0
47404 4
47405 3
47406 1
47407 2
47408 0
47409 6
47410 1
47411 2
47412 3
47413 0
47414 1
47415 1
47416 4
47417 1
47418 0
47419 1
47420 3
47421 3
47422 0
47423 1
47424 4
47425 4
47426 2
47427 5
47428 1
47429 5
47430 4
47431 4
47432 1
47433 0
47434 0
47435 1
47436 1
47437 2
47438 0
47439 4
47440 0
47441 3
47442 1
47443 2
47444 2
47445 0
47446 1
47447 3
47448 2
47449 4
47450 2
47451 3
47452 2
47453 0
47454 3
47455 4
47456 1
47457 2
47458 5
47459 4
47460 3
47461 4
47462 2
47463 5
47464 4
47465 4
47466 3
47467 4
47468 1
47469 3
47470 4
47471 2
47472 1
47473 3
47474 1
47475 0
47476 1
47477 4
47478 4
47479 3
47480 2
47481 1
47482 1
47483 4
47484 0
47485 1
47486 0
47487 3
47488 2
47489 0
47490 0
47491 5
47492 5
47493 1
47494 0
47495 1
47496 0
47497 3
47498 3
47499 2
47500 3
47501 0
47502 1
47503 3
47504 0
47505 4
47506 2
47507 4
47508 5
47509 0
47510 1
47511 3
47512 4
47513 2
47514 0
47515 0
47516 3
47517 2
47518 0
47519 1
47520 2
47521 4
47522 3
47523 3
47524 4
47525 0
47526 4
47527 2
47528 1
47529 4
47530 4
47531 3
47532 1
47533 1
47534 2
47535 0
47536 4
47537 0
47538 2
47539 4
47540 4
47541 1
47542 2
47543 0
47544 4
47545 0
47546 0
47547 2
47548 4
47549 5
47550 4
47551 2
47552 4
47553 1
47554 2
47555 4
47556 2
47557 2
47558 0
47559 3
47560 0
47561 1
47562 3
47563 0
47564 3
47565 4
47566 1
47567 3
47568 2
47569 1
47570 2
47571 3
47572 0
47573 3
47574 4
47575 0
47576 4
47577 1
47578 2
47579 0
47580 3
47581 0
47582 0
47583 2
47584 3
47585 0
47586 0
47587 0
47588 2
47589 1
47590 3
47591 3
47592 0
47593 4
47594 5
47595 2
47596 1
47597 1
47598 5
47599 2
47600 4
47601 3
47602 3
47603 1
47604 1
47605 2
47606 1
47607 1
47608 0
47609 2
47610 0
47611 0
47612 3
47613 4
47614 1
47615 3
47616 4
47617 4
47618 4
47619 4
47620 0
47621 4
47622 2
47623 2
47624 1
47625 0
47626 2
47627 0
47628 2
47629 3
47630 0
47631 0
47632 3
47633 0
47634 1
47635 0
47636 2
47637 4
47638 0
47639 0
47640 4
47641 1
47642 1
47643 2
47644 0
47645 5
47646 0
47647 3
47648 2
47649 2
47650 4
47651 4
47652 0
47653 3
47654 5
47655 4
47656 4
47657 0
47658 1
47659 0
47660 4
47661 5
47662 2
47663 0
47664 4
47665 2
47666 3
47667 2
47668 5
47669 1
47670 3
47671 3
47672 0
47673 1
47674 1
47675 1
47676 0
47677 4
47678 2
47679 3
47680 0
47681 0
47682 4
47683 4
47684 0
47685 3
47686 4
47687 2
47688 1
47689 3
47690 5
47691 1
47692 0
47693 4
47694 0
47695 3
47696 3
47697 2
47698 2
47699 3
47700 1
47701 4
47702 4
47703 5
47704 1
47705 0
47706 0
47707 1
47708 1
47709 5
47710 2
47711 5
47712 4
47713 1
47714 5
47715 2
47716 3
47717 4
47718 1
47719 1
47720 2
47721 3
47722 3
47723 4
47724 0
47725 1
47726 3
47727 0
47728 0
47729 1
47730 0
47731 1
47732 0
47733 2
47734 2
47735 2
47736 4
47737 1
47738 2
47739 4
47740 2
47741 2
47742 3
47743 3
47744 4
47745 0
47746 0
47747 0
47748 0
47749 2
47750 5
47751 3
47752 0
47753 4
47754 1
47755 2
47756 3
47757 0
47758 2
47759 0
47760 0
47761 2
47762 2
47763 2
47764 4
47765 0
47766 3
47767 0
47768 1
47769 2
47770 4
47771 5
47772 1
47773 3
47774 1
47775 2
47776 3
47777 0
47778 2
47779 0
47780 3
47781 4
47782 1
47783 3
47784 1
47785 3
47786 2
47787 1
47788 4
47789 2
47790 0
47791 1
47792 3
47793 3
47794 0
47795 2
47796 2
47797 0
47798 1
47799 2
47800 1
47801 0
47802 2
47803 2
47804 0
47805 0
47806 0
47807 0
47808 0
47809 3
47810 1
47811 5
47812 4
47813 4
47814 4
47815 2
47816 1
47817 4
47818 4
47819 0
47820 4
47821 4
47822 1
47823 3
47824 1
47825 3
47826 0
47827 1
47828 0
47829 2
47830 4
47831 3
47832 0
47833 0
47834 3
47835 1
47836 1
47837 1
47838 1
47839 2
47840 0
47841 3
47842 5
47843 0
47844 4
47845 1
47846 0
47847 2
47848 2
47849 2
47850 2
47851 1
47852 0
47853 0
47854 4
47855 4
47856 4
47857 2
47858 4
47859 4
47860 0
47861 1
47862 3
47863 2
47864 3
47865 2
47866 4
47867 4
47868 4
47869 0
47870 3
47871 4
47872 2
47873 1
47874 0
47875 1
47876 1
47877 3
47878 2
47879 0
47880 4
47881 2
47882 2
47883 2
47884 1
47885 1
47886 0
47887 1
47888 3
47889 0
47890 1
47891 3
47892 0
47893 1
47894 2
47895 1
47896 3
47897 2
47898 4
47899 0
47900 2
47901 4
47902 2
47903 1
47904 3
47905 3
47906 4
47907 3
47908 3
47909 0
47910 4
47911 2
47912 1
47913 0
47914 0
47915 1
47916 4
47917 0
47918 4
47919 3
47920 0
47921 2
47922 0
47923 0
47924 0
47925 3
47926 4
47927 2
47928 2
47929 2
47930 0
47931 0
47932 0
47933 3
47934 5
47935 5
47936 3
47937 4
47938 1
47939 1
47940 4
47941 3
47942 2
47943 0
47944 4
47945 2
47946 1
47947 4
47948 2
47949 1
47950 0
47951 4
47952 0
47953 0
47954 3
47955 3
47956 2
47957 3
47958 4
47959 4
47960 4
47961 0
47962 0
47963 4
47964 0
47965 1
47966 4
47967 2
47968 0
47969 0
47970 4
47971 2
47972 4
47973 4
47974 0
47975 1
47976 2
47977 1
47978 2
47979 0
47980 4
47981 0
47982 0
47983 4
47984 1
47985 5
47986 0
47987 0
47988 2
47989 2
47990 3
47991 1
47992 4
47993 3
47994 0
47995 3
47996 5
47997 1
47998 1
47999 2
48000 1
48001 1
48002 4
48003 2
48004 4
48005 2
48006 0
48007 1
48008 1
48009 3
48010 4
48011 2
48012 1
48013 0
48014 1
48015 4
48016 1
48017 0
48018 1
48019 4
48020 0
48021 1
48022 4
48023 2
48024 3
48025 2
48026 1
48027 0
48028 5
48029 3
48030 2
48031 2
48032 2
48033 3
48034 3
48035 0
48036 3
48037 2
48038 1
48039 0
48040 4
48041 4
48042 2
48043 0
48044 0
48045 1
48046 5
48047 5
48048 3
48049 4
48050 3
48051 0
48052 1
48053 0
48054 2
48055 4
48056 1
48057 6
48058 0
48059 1
48060 3
48061 1
48062 3
48063 4
48064 2
48065 4
48066 0
48067 3
48068 3
48069 1
48070 1
48071 2
48072 0
48073 5
48074 2
48075 0
48076 2
48077 5
48078 1
48079 0
48080 1
48081 1
48082 1
48083 4
48084 2
48085 2
48086 1
48087 3
48088 1
48089 2
48090 4
48091 1
48092 3
48093 4
48094 2
48095 4
48096 0
48097 3
48098 0
48099 3
48100 0
48101 3
48102 3
48103 3
48104 3
48105 1
48106 1
48107 0
48108 2
48109 0
48110 1
48111 2
48112 2
48113 5
48114 2
48115 5
48116 2
48117 1
48118 3
48119 0
48120 4
48121 0
48122 2
48123 0
48124 2
48125 2
48126 1
48127 3
48128 2
48129 1
48130 3
48131 0
48132 5
48133 3
48134 2
48135 6
48136 4
48137 1
48138 1
48139 3
48140 4
48141 0
48142 0
48143 5
48144 4
48145 0
48146 5
48147 3
48148 5
48149 1
48150 2
48151 3
48152 4
48153 1
48154 1
48155 2
48156 0
48157 0
48158 1
48159 1
48160 4
48161 1
48162 0
48163 4
48164 3
48165 3
48166 5
48167 1
48168 3
48169 4
48170 1
48171 1
48172 2
48173 1
48174 1
48175 0
48176 0
48177 1
48178 3
48179 2
48180 3
48181 1
48182 3
48183 0
48184 4
48185 4
48186 0
48187 3
48188 0
48189 3
48190 2
48191 4
48192 5
48193 3
48194 0
48195 1
48196 3
48197 1
48198 2
48199 3
48200 4
48201 3
48202 2
48203 3
48204 2
48205 5
48206 3
48207 3
48208 1
48209 0
48210 3
48211 6
48212 0
48213 3
48214 0
48215 1
48216 0
48217 4
48218 1
48219 3
48220 0
48221 1
48222 0
48223 1
48224 0
48225 3
48226 4
48227 3
48228 1
48229 0
48230 4
48231 4
48232 1
48233 2
48234 2
48235 5
48236 2
48237 1
48238 4
48239 4
48240 1
48241 0
48242 2
48243 4
48244 1
48245 4
48246 4
48247 4
48248 1
48249 1
48250 0
48251 1
48252 1
48253 0
48254 2
48255 1
48256 4
48257 1
48258 3
48259 2
48260 2
48261 3
48262 0
48263 1
48264 5
48265 1
48266 2
48267 3
48268 0
48269 4
48270 1
48271 1
48272 3
48273 1
48274 0
48275 5
48276 1
48277 3
48278 1
48279 2
48280 5
48281 2
48282 2
48283 1
48284 2
48285 4
48286 0
48287 1
48288 2
48289 1
48290 3
48291 4
48292 1
48293 2
48294 3
48295 1
48296 2
48297 0
48298 3
48299 0
48300 1
48301 3
48302 5
48303 0
48304 1
48305 3
48306 2
48307 4
48308 1
48309 3
48310 3
48311 1
48312 3
48313 3
48314 4
48315 2
48316 0
48317 4
48318 2
48319 3
48320 2
48321 3
48322 0
48323 2
48324 3
48325 3
48326 1
48327 1
48328 3
48329 4
48330 2
48331 3
48332 1
48333 0
48334 1
48335 0
48336 0
48337 1
48338 1
48339 0
48340 0
48341 2
48342 0
48343 2
48344 4
48345 0
48346 2
48347 1
48348 2
48349 1
48350 1
48351 3
48352 0
48353 0
48354 0
48355 0
48356 0
48357 1
48358 0
48359 4
48360 0
48361 4
48362 0
48363 5
48364 2
48365 2
48366 3
48367 1
48368 0
48369 0
48370 1
48371 2
48372 0
48373 3
48374 2
48375 2
48376 1
48377 3
48378 2
48379 3
48380 2
48381 2
48382 2
48383 4
48384 1
48385 2
48386 0
48387 4
48388 2
48389 4
48390 3
48391 2
48392 0
48393 3
48394 0
48395 3
48396 5
48397 3
48398 4
48399 2
48400 4
48401 4
48402 0
48403 0
48404 3
48405 2
48406 4
48407 2
48408 3
48409 3
48410 2
48411 1
48412 2
48413 1
48414 3
48415 3
48416 5
48417 3
48418 2
48419 1
48420 4
48421 3
48422 0
48423 2
48424 5
48425 3
48426 1
48427 0
48428 1
48429 3
48430 4
48431 2
48432 2
48433 4
48434 3
48435 0
48436 5
48437 3
48438 4
48439 4
48440 4
48441 3
48442 2
48443 5
48444 0
48445 3
48446 4
48447 0
48448 1
48449 3
48450 1
48451 0
48452 3
48453 0
48454 1
48455 0
48456 1
48457 4
48458 1
48459 3
48460 0
48461 0
48462 0
48463 5
48464 2
48465 0
48466 3
48467 0
48468 0
48469 0
48470 3
48471 2
48472 3
48473 0
48474 1
48475 3
48476 3
48477 1
48478 3
48479 2
48480 1
48481 3
48482 3
48483 4
48484 3
48485 3
48486 1
48487 0
48488 1
48489 3
48490 1
48491 0
48492 3
48493 2
48494 2
48495 1
48496 0
48497 1
48498 0
48499 2
48500 3
48501 5
48502 3
48503 0
48504 3
48505 0
48506 2
48507 4
48508 3
48509 0
48510 2
48511 3
48512 2
48513 1
48514 0
48515 1
48516 0
48517 2
48518 1
48519 1
48520 0
48521 3
48522 2
48523 1
48524 0
48525 5
48526 1
48527 3
48528 2
48529 5
48530 4
48531 3
48532 2
48533 0
48534 0
48535 2
48536 1
48537 0
48538 3
48539 2
48540 1
48541 3
48542 3
48543 2
48544 6
48545 3
48546 2
48547 1
48548 3
48549 5
48550 3
48551 1
48552 3
48553 0
48554 5
48555 2
48556 4
48557 1
48558 4
48559 1
48560 3
48561 3
48562 2
48563 1
48564 2
48565 0
48566 2
48567 0
48568 3
48569 2
48570 4
48571 3
48572 4
48573 2
48574 2
48575 0
48576 1
48577 5
48578 0
48579 2
48580 4
48581 0
48582 2
48583 0
48584 4
48585 0
48586 0
48587 1
48588 3
48589 0
48590 3
48591 0
48592 4
48593 4
48594 1
48595 4
48596 2
48597 2
48598 1
48599 3
48600 3
48601 4
48602 5
48603 2
48604 5
48605 2
48606 3
48607 0
48608 0
48609 3
48610 2
48611 1
48612 4
48613 5
48614 4
48615 2
48616 2
48617 0
48618 2
48619 0
48620 2
48621 4
48622 1
48623 2
48624 1
48625 2
48626 4
48627 4
48628 4
48629 1
48630 4
48631 0
48632 0
48633 0
48634 4
48635 1
48636 1
48637 2
48638 3
48639 1
48640 0
48641 2
48642 2
48643 0
48644 3
48645 2
48646 3
48647 2
48648 3
48649 0
48650 3
48651 2
48652 0
48653 4
48654 2
48655 1
48656 4
48657 1
48658 0
48659 2
48660 0
48661 2
48662 3
48663 3
48664 2
48665 3
48666 3
48667 4
48668 2
48669 1
48670 3
48671 3
48672 1
48673 2
48674 2
48675 4
48676 5
48677 0
48678 1
48679 2
48680 1
48681 1
48682 0
48683 2
48684 3
48685 3
48686 4
48687 4
48688 0
48689 2
48690 1
48691 2
48692 2
48693 2
48694 6
48695 0
48696 0
48697 3
48698 1
48699 2
48700 0
48701 2
48702 1
48703 1
48704 2
48705 1
48706 3
48707 4
48708 0
48709 0
48710 0
48711 3
48712 1
48713 0
48714 0
48715 2
48716 4
48717 0
48718 0
48719 1
48720 3
48721 4
48722 1
48723 2
48724 2
48725 2
48726 1
48727 2
48728 2
48729 1
48730 4
48731 3
48732 1
48733 2
48734 1
48735 3
48736 0
48737 4
48738 2
48739 3
48740 4
48741 1
48742 1
48743 1
48744 1
48745 3
48746 3
48747 2
48748 4
48749 1
48750 1
48751 3
48752 2
48753 3
48754 0
48755 3
48756 3
48757 3
48758 1
48759 1
48760 0
48761 3
48762 1
48763 3
48764 1
48765 0
48766 1
48767 3
48768 4
48769 2
48770 2
48771 1
48772 3
48773 2
48774 2
48775 2
48776 3
48777 4
48778 4
48779 0
48780 1
48781 2
48782 0
48783 3
48784 3
48785 0
48786 4
48787 2
48788 3
48789 2
48790 4
48791 2
48792 2
48793 2
48794 4
48795 4
48796 0
48797 3
48798 0
48799 4
48800 1
48801 0
48802 2
48803 4
48804 2
48805 2
48806 5
48807 2
48808 1
48809 3
48810 1
48811 0
48812 2
48813 3
48814 3
48815 5
48816 1
48817 0
48818 4
48819 0
48820 2
48821 1
48822 4
48823 1
48824 2
48825 4
48826 3
48827 1
48828 0
48829 2
48830 1
48831 0
48832 1
48833 1
48834 1
48835 3
48836 1
48837 4
48838 5
48839 3
48840 2
48841 0
48842 2
48843 1
48844 0
48845 3
48846 3
48847 4
48848 0
48849 0
48850 1
48851 2
48852 5
48853 4
48854 3
48855 5
48856 1
48857 2
48858 0
48859 3
48860 0
48861 1
48862 4
48863 3
48864 2
48865 1
48866 0
48867 2
48868 3
48869 1
48870 3
48871 1
48872 2
48873 5
48874 3
48875 4
48876 5
48877 2
48878 1
48879 2
48880 0
48881 3
48882 0
48883 2
48884 0
48885 1
48886 1
48887 0
48888 5
48889 1
48890 3
48891 2
48892 3
48893 2
48894 2
48895 4
48896 1
48897 1
48898 3
48899 4
48900 0
48901 4
48902 1
48903 2
48904 3
48905 0
48906 2
48907 3
48908 1
48909 2
48910 4
48911 1
48912 3
48913 0
48914 0
48915 1
48916 3
48917 2
48918 3
48919 1
48920 0
48921 0
48922 0
48923 4
48924 1
48925 3
48926 2
48927 0
48928 2
48929 2
48930 2
48931 0
48932 4
48933 2
48934 3
48935 1
48936 3
48937 3
48938 5
48939 1
48940 3
48941 0
48942 0
48943 2
48944 0
48945 0
48946 1
48947 1
48948 3
48949 1
48950 4
48951 2
48952 1
48953 5
48954 1
48955 1
48956 4
48957 0
48958 1
48959 3
48960 0
48961 2
48962 0
48963 3
48964 0
48965 2
48966 0
48967 3
48968 2
48969 0
48970 2
48971 4
48972 5
48973 4
48974 1
48975 4
48976 0
48977 4
48978 3
48979 1
48980 0
48981 1
48982 4
48983 2
48984 5
48985 4
48986 0
48987 1
48988 2
48989 0
48990 3
48991 3
48992 2
48993 2
48994 4
48995 2
48996 2
48997 3
48998 1
48999 0
49000 3
49001 1
49002 1
49003 0
49004 1
49005 4
49006 2
49007 4
49008 3
49009 0
49010 1
49011 0
49012 1
49013 1
49014 2
49015 4
49016 0
49017 2
49018 4
49019 1
49020 0
49021 4
49022 2
49023 4
49024 3
49025 1
49026 3
49027 1
49028 5
49029 3
49030 5
49031 2
49032 1
49033 2
49034 1
49035 0
49036 1
49037 5
49038 2
49039 0
49040 2
49041 1
49042 3
49043 2
49044 6
49045 2
49046 3
49047 0
49048 1
49049 0
49050 4
49051 1
49052 3
49053 3
49054 3
49055 0
49056 2
49057 4
49058 4
49059 4
49060 4
49061 4
49062 0
49063 0
49064 4
49065 2
49066 2
49067 0
49068 3
49069 0
49070 0
49071 2
49072 2
49073 4
49074 2
49075 3
49076 1
49077 4
49078 2
49079 4
49080 2
49081 2
49082 1
49083 4
49084 5
49085 3
49086 1
49087 0
49088 4
49089 1
49090 3
49091 2
49092 3
49093 0
49094 0
49095 0
49096 0
49097 0
49098 0
49099 5
49100 0
49101 0
49102 1
49103 4
49104 2
49105 3
49106 3
49107 4
49108 2
49109 1
49110 1
49111 1
49112 0
49113 3
49114 1
49115 0
49116 0
49117 3
49118 4
49119 1
49120 2
49121 2
49122 0
49123 0
49124 2
49125 2
49126 2
49127 2
49128 2
49129 1
49130 2
49131 2
49132 0
49133 2
49134 2
49135 2
49136 4
49137 3
49138 2
49139 1
49140 3
49141 0
49142 2
49143 5
49144 1
49145 0
49146 1
49147 3
49148 1
49149 2
49150 3
49151 1
49152 1
49153 0
49154 2
49155 2
49156 1
49157 4
49158 3
49159 1
49160 3
49161 0
49162 3
49163 3
49164 0
49165 2
49166 0
49167 5
49168 5
49169 5
49170 0
49171 2
49172 0
49173 0
49174 3
49175 0
49176 3
49177 4
49178 4
49179 4
49180 0
49181 4
49182 2
49183 0
49184 0
49185 1
49186 3
49187 1
49188 2
49189 2
49190 1
49191 0
49192 4
49193 4
49194 2
49195 2
49196 1
49197 5
49198 1
49199 0
49200 2
49201 3
49202 2
49203 1
49204 2
49205 3
49206 3
49207 2
49208 0
49209 2
49210 2
49211 2
49212 2
49213 3
49214 3
49215 4
49216 2
49217 0
49218 4
49219 5
49220 1
49221 1
49222 3
49223 2
49224 0
49225 3
49226 0
49227 3
49228 3
49229 4
49230 4
49231 0
49232 0
49233 0
49234 3
49235 1
49236 1
49237 0
49238 0
49239 5
49240 1
49241 4
49242 2
49243 2
49244 2
49245 3
49246 4
49247 3
49248 3
49249 1
49250 1
49251 2
49252 3
49253 1
49254 5
49255 0
49256 0
49257 0
49258 5
49259 2
49260 0
49261 2
49262 0
49263 4
49264 2
49265 5
49266 5
49267 5
49268 2
49269 1
49270 0
49271 4
49272 3
49273 1
49274 0
49275 1
49276 1
49277 2
49278 2
49279 0
49280 3
49281 2
49282 1
49283 4
49284 1
49285 0
49286 5
49287 4
49288 5
49289 3
49290 3
49291 3
49292 1
49293 0
49294 4
49295 5
49296 3
49297 0
49298 4
49299 2
49300 3
49301 2
49302 0
49303 1
49304 3
49305 4
49306 3
49307 1
49308 1
49309 5
49310 4
49311 1
49312 4
49313 5
49314 3
49315 2
49316 2
49317 3
49318 0
49319 3
49320 0
49321 4
49322 0
49323 2
49324 4
49325 2
49326 2
49327 0
49328 2
49329 4
49330 0
49331 5
49332 0
49333 4
49334 5
49335 0
49336 3
49337 0
49338 3
49339 4
49340 1
49341 1
49342 3
49343 4
49344 2
49345 0
49346 4
49347 1
49348 5
49349 4
49350 0
49351 2
49352 3
49353 1
49354 0
49355 5
49356 4
49357 0
49358 0
49359 5
49360 2
49361 3
49362 0
49363 1
49364 2
49365 0
49366 3
49367 1
49368 1
49369 3
49370 0
49371 0
49372 3
49373 0
49374 0
49375 4
49376 1
49377 1
49378 0
49379 3
49380 3
49381 0
49382 2
49383 2
49384 3
49385 4
49386 1
49387 0
49388 1
49389 2
49390 0
49391 5
49392 3
49393 1
49394 2
49395 2
49396 0
49397 1
49398 2
49399 2
49400 4
49401 2
49402 5
49403 3
49404 0
49405 3
49406 4
49407 3
49408 1
49409 0
49410 3
49411 2
49412 1
49413 0
49414 4
49415 1
49416 2
49417 2
49418 0
49419 2
49420 0
49421 4
49422 0
49423 3
49424 4
49425 3
49426 4
49427 1
49428 2
49429 3
49430 4
49431 5
49432 4
49433 5
49434 0
49435 3
49436 2
49437 1
49438 0
49439 4
49440 1
49441 2
49442 4
49443 1
49444 3
49445 5
49446 0
49447 4
49448 0
49449 1
49450 2
49451 3
49452 0
49453 0
49454 3
49455 0
49456 1
49457 1
49458 0
49459 3
49460 3
49461 2
49462 0
49463 1
49464 0
49465 4
49466 2
49467 1
49468 3
49469 3
49470 1
49471 1
49472 3
49473 2
49474 3
49475 1
49476 2
49477 0
49478 4
49479 1
49480 2
49481 3
49482 0
49483 3
49484 2
49485 3
49486 3
49487 1
49488 1
49489 5
49490 1
49491 1
49492 1
49493 1
49494 5
49495 2
49496 3
49497 2
49498 4
49499 0
49500 6
49501 2
49502 5
49503 0
49504 3
49505 1
49506 2
49507 0
49508 1
49509 0
49510 0
49511 1
49512 1
49513 3
49514 1
49515 3
49516 5
49517 1
49518 2
49519 0
49520 2
49521 1
49522 4
49523 1
49524 0
49525 1
49526 0
49527 0
49528 3
49529 5
49530 2
49531 1
49532 3
49533 1
49534 1
49535 4
49536 4
49537 5
49538 2
49539 3
49540 0
49541 4
49542 0
49543 0
49544 1
49545 2
49546 2
49547 2
49548 0
49549 1
49550 0
49551 1
49552 0
49553 0
49554 3
49555 2
49556 4
49557 2
49558 4
49559 4
49560 2
49561 2
49562 0
49563 2
49564 5
49565 3
49566 3
49567 0
49568 1
49569 4
49570 2
49571 2
49572 1
49573 4
49574 4
49575 5
49576 1
49577 3
49578 2
49579 1
49580 3
49581 1
49582 2
49583 2
49584 1
49585 1
49586 3
49587 0
49588 4
49589 4
49590 4
49591 2
49592 3
49593 3
49594 1
49595 0
49596 2
49597 1
49598 3
49599 1
49600 4
49601 0
49602 3
49603 0
49604 1
49605 2
49606 2
49607 2
49608 3
49609 2
49610 3
49611 2
49612 3
49613 3
49614 0
49615 2
49616 1
49617 4
49618 0
49619 2
49620 1
49621 2
49622 0
49623 1
49624 4
49625 2
49626 4
49627 3
49628 1
49629 0
49630 3
49631 3
49632 3
49633 4
49634 2
49635 4
49636 3
49637 0
49638 1
49639 2
49640 3
49641 1
49642 3
49643 2
49644 2
49645 4
49646 1
49647 1
49648 3
49649 3
49650 0
49651 1
49652 1
49653 1
49654 0
49655 0
49656 2
49657 0
49658 4
49659 2
49660 2
49661 0
49662 2
49663 0
49664 5
49665 2
49666 5
49667 0
49668 3
49669 2
49670 2
49671 0
49672 0
49673 1
49674 1
49675 2
49676 3
49677 4
49678 2
49679 0
49680 2
49681 2
49682 0
49683 0
49684 3
49685 0
49686 5
49687 1
49688 2
49689 4
49690 2
49691 0
49692 4
49693 2
49694 3
49695 2
49696 0
49697 5
49698 1
49699 0
49700 1
49701 3
49702 1
49703 2
49704 2
49705 3
49706 1
49707 3
49708 1
49709 0
49710 4
49711 5
49712 4
49713 3
49714 4
49715 1
49716 2
49717 3
49718 4
49719 4
49720 1
49721 4
49722 0
49723 3
49724 0
49725 4
49726 5
49727 1
49728 2
49729 1
49730 2
49731 3
49732 3
49733 1
49734 4
49735 1
49736 2
49737 1
49738 0
49739 5
49740 3
49741 2
49742 2
49743 3
49744 2
49745 4
49746 2
49747 4
49748 3
49749 2
49750 2
49751 3
49752 4
49753 4
49754 0
49755 0
49756 1
49757 3
49758 2
49759 0
49760 3
49761 4
49762 1
49763 3
49764 4
49765 3
49766 1
49767 2
49768 2
49769 1
49770 4
49771 0
49772 0
49773 2
49774 3
49775 5
49776 6
49777 0
49778 1
49779 4
49780 0
49781 4
49782 1
49783 1
49784 3
49785 1
49786 1
49787 5
49788 3
49789 4
49790 2
49791 1
49792 3
49793 2
49794 1
49795 3
49796 0
49797 1
49798 4
49799 0
49800 2
49801 1
49802 4
49803 2
49804 2
49805 1
49806 2
49807 2
49808 3
49809 1
49810 2
49811 1
49812 0
49813 4
49814 4
49815 0
49816 4
49817 1
49818 0
49819 2
49820 0
49821 0
49822 2
49823 0
49824 1
49825 4
49826 2
49827 1
49828 4
49829 3
49830 4
49831 3
49832 1
49833 4
49834 3
49835 3
49836 1
49837 4
49838 2
49839 5
49840 4
49841 5
49842 2
49843 3
49844 1
49845 3
49846 3
49847 2
49848 2
49849 3
49850 2
49851 1
49852 4
49853 2
49854 0
49855 2
49856 1
49857 6
49858 2
49859 4
49860 5
49861 1
49862 2
49863 4
49864 2
49865 2
49866 4
49867 0
49868 3
49869 1
49870 0
49871 5
49872 2
49873 3
49874 3
49875 1
49876 2
49877 0
49878 2
49879 0
49880 1
49881 3
49882 3
49883 4
49884 2
49885 3
49886 3
49887 3
49888 4
49889 2
49890 4
49891 4
49892 2
49893 2
49894 1
49895 2
49896 4
49897 2
49898 3
49899 3
49900 1
49901 2
49902 3
49903 5
49904 0
49905 5
49906 6
49907 4
49908 0
49909 0
49910 0
49911 3
49912 1
49913 3
49914 3
49915 4
49916 0
49917 1
49918 0
49919 4
49920 3
49921 2
49922 1
49923 1
49924 3
49925 0
49926 5
49927 2
49928 1
49929 0
49930 6
49931 0
49932 2
49933 0
49934 4
49935 4
49936 0
49937 2
49938 3
49939 2
49940 4
49941 1
49942 2
49943 2
49944 2
49945 3
49946 2
49947 0
49948 2
49949 1
49950 0
49951 3
49952 0
49953 0
49954 4
49955 0
49956 2
49957 1
49958 0
49959 0
49960 0
49961 3
49962 1
49963 5
49964 4
49965 0
49966 0
49967 2
49968 2
49969 3
49970 2
49971 2
49972 3
49973 4
49974 0
49975 1
49976 2
49977 4
49978 0
49979 3
49980 2
49981 1
49982 0
49983 0
49984 5
49985 0
49986 0
49987 0
49988 0
49989 1
49990 1
49991 1
49992 0
49993 0
49994 1
49995 1
49996 1
49997 4
49998 0
49999 2
50000 2
50001 3
50002 0
50003 2
50004 3
50005 1
50006 0
50007 0
50008 4
50009 0
50010 3
50011 2
50012 3
50013 1
50014 1
50015 0
50016 4
50017 4
50018 4
50019 1
50020 3
50021 1
50022 3
50023 1
50024 1
50025 0
50026 2
50027 3
50028 1
50029 0
50030 4
50031 3
50032 3
50033 2
50034 5
50035 1
50036 3
50037 2
50038 2
50039 0
50040 2
50041 0
50042 3
50043 2
50044 1
50045 2
50046 3
50047 2
50048 0
50049 4
50050 0
50051 2
50052 3
50053 3
50054 0
50055 2
50056 2
50057 1
50058 0
50059 4
50060 0
50061 3
50062 0
50063 4
50064 0
50065 4
50066 1
50067 3
50068 5
50069 0
50070 4
50071 3
50072 0
50073 2
50074 1
50075 0
50076 1
50077 4
50078 3
50079 4
50080 0
50081 4
50082 3
50083 1
50084 1
50085 2
50086 1
50087 3
50088 0
50089 1
50090 0
50091 0
50092 1
50093 2
50094 3
50095 4
50096 2
50097 1
50098 2
50099 0
50100 1
50101 4
50102 3
50103 3
50104 3
50105 4
50106 1
50107 2
50108 2
50109 4
50110 0
50111 1
50112 0
50113 2
50114 1
50115 4
50116 5
50117 0
50118 2
50119 3
50120 1
50121 4
50122 5
50123 1
50124 0
50125 0
50126 1
50127 6
50128 2
50129 0
50130 0
50131 4
50132 1
50133 2
50134 0
50135 5
50136 4
50137 5
50138 3
50139 3
50140 1
50141 1
50142 2
50143 2
50144 3
50145 2
50146 5
50147 3
50148 1
50149 5
50150 2
50151 1
50152 2
50153 1
50154 2
50155 5
50156 2
50157 2
50158 0
50159 2
50160 1
50161 1
50162 4
50163 4
50164 3
50165 2
50166 1
50167 1
50168 1
50169 0
50170 1
50171 4
50172 3
50173 2
50174 2
50175 3
50176 1
50177 2
50178 0
50179 2
50180 0
50181 3
50182 0
50183 4
50184 1
50185 3
50186 2
50187 5
50188 3
50189 2
50190 4
50191 0
50192 2
50193 2
50194 1
50195 0
50196 0
50197 4
50198 2
50199 5
50200 1
50201 1
50202 3
50203 0
50204 0
50205 0
50206 5
50207 2
50208 1
50209 3
50210 2
50211 1
50212 3
50213 0
50214 2
50215 5
50216 2
50217 3
50218 0
50219 1
50220 3
50221 1
50222 0
50223 5
50224 4
50225 3
50226 4
50227 2
50228 2
50229 1
50230 2
50231 1
50232 2
50233 1
50234 3
50235 4
50236 1
50237 1
50238 2
50239 3
50240 0
50241 2
50242 2
50243 0
50244 4
50245 2
50246 2
50247 3
50248 0
50249 1
50250 2
50251 0
50252 2
50253 2
50254 3
50255 1
50256 0
50257 1
50258 0
50259 0
50260 3
50261 4
50262 5
50263 2
50264 5
50265 2
50266 2
50267 0
50268 0
50269 3
50270 4
50271 2
50272 3
50273 4
50274 4
50275 2
50276 2
50277 3
50278 1
50279 0
50280 1
50281 3
50282 3
50283 1
50284 5
50285 4
50286 2
50287 3
50288 1
50289 4
50290 4
50291 0
50292 3
50293 2
50294 1
50295 2
50296 0
50297 5
50298 4
50299 2
50300 2
50301 1
50302 1
50303 3
50304 4
50305 2
50306 1
50307 2
50308 4
50309 3
50310 0
50311 5
50312 3
50313 1
50314 4
50315 3
50316 2
50317 0
50318 5
50319 4
50320 1
50321 0
50322 0
50323 0
50324 3
50325 5
50326 4
50327 1
50328 0
50329 2
50330 1
50331 4
50332 5
50333 1
50334 6
50335 1
50336 2
50337 4
50338 0
50339 1
50340 3
50341 1
50342 2
50343 0
50344 3
50345 0
50346 1
50347 1
50348 1
50349 0
50350 4
50351 2
50352 0
50353 4
50354 0
50355 4
50356 0
50357 0
50358 4
50359 2
50360 0
50361 4
50362 0
50363 1
50364 2
50365 3
50366 0
50367 2
50368 3
50369 3
50370 5
50371 3
50372 2
50373 4
50374 2
50375 0
50376 1
50377 4
50378 2
50379 4
50380 1
50381 3
50382 3
50383 3
50384 3
50385 2
50386 3
50387 0
50388 3
50389 3
50390 2
50391 4
50392 1
50393 1
50394 0
50395 3
50396 4
50397 2
50398 2
50399 1
50400 3
50401 1
50402 1
50403 1
50404 0
50405 2
50406 1
50407 1
50408 1
50409 0
50410 4
50411 4
50412 1
50413 2
50414 4
50415 3
50416 1
50417 0
50418 0
50419 0
50420 4
50421 0
50422 1
50423 2
50424 1
50425 3
50426 2
50427 3
50428 4
50429 1
50430 0
50431 5
50432 1
50433 0
50434 1
50435 2
50436 2
50437 1
50438 4
50439 4
50440 1
50441 1
50442 3
50443 1
50444 4
50445 1
50446 1
50447 1
50448 2
50449 5
50450 5
50451 4
50452 5
50453 1
50454 2
50455 0
50456 1
50457 3
50458 4
50459 4
50460 0
50461 0
50462 2
50463 3
50464 1
50465 4
50466 5
50467 1
50468 0
50469 1
50470 4
50471 1
50472 1
50473 3
50474 1
50475 5
50476 4
50477 0
50478 2
50479 3
50480 4
50481 3
50482 1
50483 4
50484 3
50485 0
50486 0
50487 0
50488 0
50489 2
50490 0
50491 4
50492 1
50493 4
50494 5
50495 4
50496 1
50497 3
50498 5
50499 2
50500 1
50501 1
50502 2
50503 4
50504 0
50505 2
50506 3
50507 3
50508 2
50509 0
50510 6
50511 2
50512 2
50513 1
50514 5
50515 0
50516 5
50517 3
50518 5
50519 2
50520 2
50521 2
50522 5
50523 1
50524 0
50525 2
50526 3
50527 4
50528 2
50529 1
50530 0
50531 0
50532 3
50533 3
50534 0
50535 4
50536 2
50537 4
50538 3
50539 0
50540 3
50541 3
50542 1
50543 1
50544 0
50545 2
50546 4
50547 3
50548 0
50549 0
50550 0
50551 3
50552 3
50553 2
50554 2
50555 1
50556 0
50557 3
50558 2
50559 4
50560 0
50561 4
50562 3
50563 3
50564 4
50565 4
50566 0
50567 4
50568 3
50569 0
50570 1
50571 3
50572 0
50573 0
50574 2
50575 2
50576 0
50577 0
50578 3
50579 0
50580 4
50581 0
50582 2
50583 0
50584 6
50585 5
50586 3
50587 5
50588 4
50589 1
50590 3
50591 4
50592 2
50593 0
50594 3
50595 3
50596 3
50597 2
50598 4
50599 0
50600 3
50601 1
50602 2
50603 3
50604 3
50605 0
50606 0
50607 0
50608 1
50609 3
50610 4
50611 2
50612 1
50613 1
50614 0
50615 0
50616 1
50617 0
50618 1
50619 1
50620 1
50621 3
50622 4
50623 4
50624 0
50625 0
50626 2
50627 2
50628 0
50629 3
50630 3
50631 4
50632 2
50633 2
50634 2
50635 2
50636 2
50637 1
50638 2
50639 1
50640 4
50641 4
50642 3
50643 0
50644 3
50645 3
50646 1
50647 0
50648 2
50649 3
50650 2
50651 0
50652 4
50653 2
50654 1
50655 4
50656 0
50657 1
50658 0
50659 3
50660 3
50661 3
50662 4
50663 4
50664 4
50665 2
50666 4
50667 2
50668 1
50669 2
50670 2
50671 0
50672 5
50673 4
50674 3
50675 3
50676 1
50677 4
50678 3
50679 2
50680 0
50681 2
50682 1
50683 2
50684 0
50685 1
50686 0
50687 4
50688 2
50689 2
50690 2
50691 2
50692 2
50693 1
50694 2
50695 2
50696 5
50697 0
50698 2
50699 0
50700 0
50701 1
50702 1
50703 1
50704 3
50705 3
50706 1
50707 2
50708 0
50709 4
50710 2
50711 4
50712 1
50713 1
50714 2
50715 0
50716 3
50717 5
50718 1
50719 4
50720 4
50721 0
50722 1
50723 4
50724 0
50725 1
50726 0
50727 0
50728 1
50729 1
50730 0
50731 2
50732 1
50733 3
50734 0
50735 0
50736 2
50737 2
50738 0
50739 1
50740 4
50741 3
50742 1
50743 2
50744 3
50745 2
50746 2
50747 1
50748 0
50749 0
50750 0
50751 1
50752 1
50753 2
50754 2
50755 3
50756 0
50757 4
50758 1
50759 0
50760 1
50761 3
50762 3
50763 2
50764 2
50765 5
50766 3
50767 0
50768 2
50769 4
50770 4
50771 1
50772 4
50773 1
50774 1
50775 1
50776 2
50777 4
50778 4
50779 0
50780 1
50781 4
50782 3
50783 3
50784 3
50785 0
50786 3
50787 2
50788 0
50789 3
50790 3
50791 2
50792 2
50793 2
50794 2
50795 2
50796 3
50797 5
50798 4
50799 4
50800 4
50801 0
50802 0
50803 2
50804 3
50805 2
50806 4
50807 3
50808 0
50809 3
50810 4
50811 4
50812 1
50813 1
50814 3
50815 0
50816 0
50817 2
50818 1
50819 0
50820 0
50821 3
50822 1
50823 3
50824 3
50825 2
50826 3
50827 0
50828 3
50829 4
50830 1
50831 0
50832 0
50833 4
50834 1
50835 1
50836 2
50837 1
50838 1
50839 3
50840 5
50841 3
50842 2
50843 2
50844 1
50845 2
50846 0
50847 4
50848 1
50849 3
50850 3
50851 0
50852 4
50853 5
50854 2
50855 0
50856 2
50857 1
50858 0
50859 2
50860 0
50861 2
50862 4
50863 0
50864 0
50865 1
50866 4
50867 0
50868 5
50869 2
50870 1
50871 0
50872 4
50873 3
50874 0
50875 3
50876 0
50877 3
50878 2
50879 0
50880 4
50881 1
50882 1
50883 2
50884 2
50885 2
50886 1
50887 0
50888 1
50889 0
50890 0
50891 0
50892 0
50893 0
50894 1
50895 0
50896 4
50897 4
50898 0
50899 0
50900 5
50901 1
50902 1
50903 1
50904 0
50905 3
50906 2
50907 3
50908 0
50909 5
50910 3
50911 0
50912 2
50913 0
50914 3
50915 4
50916 3
50917 3
50918 4
50919 2
50920 0
50921 2
50922 3
50923 3
50924 4
50925 2
50926 1
50927 1
50928 2
50929 3
50930 0
50931 5
50932 2
50933 3
50934 2
50935 3
50936 3
50937 2
50938 0
50939 0
50940 0
50941 0
50942 3
50943 4
50944 3
50945 0
50946 0
50947 0
50948 0
50949 2
50950 2
50951 4
50952 3
50953 1
50954 1
50955 5
50956 0
50957 4
50958 0
50959 2
50960 0
50961 1
50962 1
50963 3
50964 0
50965 1
50966 0
50967 4
50968 1
50969 2
50970 1
50971 4
50972 5
50973 4
50974 1
50975 4
50976 2
50977 0
50978 3
50979 2
50980 3
50981 2
50982 2
50983 2
50984 0
50985 3
50986 3
50987 4
50988 1
50989 4
50990 3
50991 3
50992 4
50993 0
50994 0
50995 2
50996 5
50997 2
50998 4
50999 0
51000 2
51001 0
51002 1
51003 0
51004 3
51005 3
51006 1
51007 2
51008 3
51009 0
51010 4
51011 1
51012 4
51013 1
51014 1
51015 1
51016 1
51017 3
51018 0
51019 4
51020 1
51021 5
51022 2
51023 5
51024 4
51025 3
51026 1
51027 2
51028 0
51029 0
51030 3
51031 0
51032 3
51033 1
51034 3
51035 3
51036 3
51037 0
51038 0
51039 2
51040 0
51041 0
51042 2
51043 3
51044 1
51045 2
51046 2
51047 3
51048 0
51049 3
51050 2
51051 3
51052 1
51053 0
51054 2
51055 2
51056 3
51057 3
51058 1
51059 1
51060 2
51061 1
51062 2
51063 0
51064 1
51065 0
51066 1
51067 0
51068 0
51069 3
51070 2
51071 0
51072 2
51073 4
51074 3
51075 0
51076 3
51077 1
51078 4
51079 0
51080 4
51081 3
51082 2
51083 1
51084 1
51085 2
51086 3
51087 1
51088 0
51089 1
51090 2
51091 3
51092 4
51093 1
51094 3
51095 2
51096 1
51097 1
51098 4
51099 3
51100 0
51101 2
51102 6
51103 4
51104 3
51105 2
51106 0
51107 2
51108 2
51109 0
51110 2
51111 1
51112 2
51113 0
51114 3
51115 4
51116 3
51117 1
51118 2
51119 2
51120 1
51121 3
51122 0
51123 5
51124 2
51125 5
51126 3
51127 2
51128 0
51129 3
51130 0
51131 3
51132 3
51133 4
51134 6
51135 4
51136 3
51137 0
51138 0
51139 1
51140 1
51141 0
51142 4
51143 1
51144 1
51145 1
51146 1
51147 2
51148 4
51149 2
51150 5
51151 1
51152 4
51153 4
51154 2
51155 0
51156 3
51157 4
51158 4
51159 2
51160 0
51161 0
51162 0
51163 0
51164 2
51165 3
51166 0
51167 3
51168 5
51169 3
51170 1
51171 3
51172 2
51173 3
51174 3
51175 4
51176 2
51177 0
51178 4
51179 1
51180 0
51181 0
51182 3
51183 1
51184 4
51185 2
51186 3
51187 3
51188 1
51189 1
51190 2
51191 0
51192 4
51193 3
51194 3
51195 2
51196 0
51197 2
51198 4
51199 0
51200 4
51201 2
51202 0
51203 0
51204 2
51205 0
51206 3
51207 4
51208 2
51209 3
51210 0
51211 0
51212 3
51213 1
51214 1
51215 2
51216 0
51217 2
51218 5
51219 2
51220 0
51221 4
51222 2
51223 2
51224 0
51225 3
51226 0
51227 4
51228 1
51229 2
51230 3
51231 5
51232 2
51233 2
51234 0
51235 0
51236 2
51237 2
51238 4
51239 2
51240 2
51241 2
51242 1
51243 0
51244 2
51245 3
51246 4
51247 4
51248 0
51249 2
51250 0
51251 2
51252 0
51253 1
51254 4
51255 3
51256 3
51257 0
51258 0
51259 1
51260 5
51261 0
51262 0
51263 3
51264 5
51265 2
51266 3
51267 0
51268 1
51269 2
51270 3
51271 0
51272 1
51273 2
51274 5
51275 2
51276 1
51277 1
51278 1
51279 1
51280 2
51281 4
51282 4
51283 3
51284 0
51285 2
51286 0
51287 2
51288 0
51289 1
51290 2
51291 5
51292 4
51293 1
51294 3
51295 1
51296 3
51297 2
51298 1
51299 1
51300 0
51301 0
51302 5
51303 3
51304 4
51305 3
51306 0
51307 4
51308 3
51309 2
51310 1
51311 1
51312 4
51313 1
51314 0
51315 0
51316 4
51317 0
51318 3
51319 3
51320 3
51321 0
51322 3
51323 0
51324 2
51325 2
51326 2
51327 2
51328 1
51329 4
51330 2
51331 1
51332 1
51333 2
51334 3
51335 3
51336 2
51337 3
51338 0
51339 0
51340 3
51341 1
51342 3
51343 1
51344 1
51345 0
51346 1
51347 2
51348 1
51349 0
51350 3
51351 4
51352 4
51353 0
51354 2
51355 5
51356 0
51357 0
51358 1
51359 5
51360 2
51361 2
51362 3
51363 3
51364 0
51365 2
51366 5
51367 0
51368 0
51369 3
51370 1
51371 0
51372 4
51373 1
51374 0
51375 4
51376 0
51377 3
51378 3
51379 0
51380 4
51381 2
51382 3
51383 4
51384 3
51385 3
51386 2
51387 2
51388 0
51389 2
51390 0
51391 1
51392 0
51393 1
51394 1
51395 4
51396 3
51397 0
51398 2
51399 3
51400 2
51401 1
51402 5
51403 1
51404 3
51405 0
51406 2
51407 3
51408 4
51409 2
51410 4
51411 3
51412 0
51413 1
51414 0
51415 4
51416 0
51417 1
51418 4
51419 4
51420 0
51421 1
51422 2
51423 3
51424 2
51425 0
51426 1
51427 3
51428 4
51429 0
51430 0
51431 0
51432 2
51433 1
51434 1
51435 0
51436 0
51437 0
51438 1
51439 4
51440 3
51441 3
51442 3
51443 1
51444 1
51445 3
51446 0
51447 1
51448 3
51449 3
51450 2
51451 2
51452 4
51453 0
51454 1
51455 2
51456 4
51457 1
51458 0
51459 0
51460 1
51461 1
51462 4
51463 4
51464 2
51465 1
51466 1
51467 3
51468 2
51469 1
51470 3
51471 0
51472 4
51473 0
51474 1
51475 0
51476 3
51477 4
51478 3
51479 3
51480 3
51481 0
51482 3
51483 1
51484 0
51485 4
51486 3
51487 3
51488 2
51489 2
51490 4
51491 2
51492 3
51493 4
51494 5
51495 0
51496 2
51497 3
51498 2
51499 4
51500 1
51501 3
51502 2
51503 1
51504 3
51505 2
51506 3
51507 3
51508 1
51509 5
51510 1
51511 2
51512 2
51513 5
51514 4
51515 3
51516 1
51517 3
51518 0
51519 4
51520 4
51521 1
51522 0
51523 0
51524 3
51525 0
51526 2
51527 0
51528 3
51529 3
51530 3
51531 2
51532 3
51533 0
51534 3
51535 1
51536 1
51537 1
51538 0
51539 3
51540 3
51541 4
51542 3
51543 5
51544 3
51545 2
51546 1
51547 3
51548 0
51549 5
51550 0
51551 3
51552 2
51553 5
51554 3
51555 4
51556 0
51557 4
51558 2
51559 1
51560 6
51561 2
51562 4
51563 0
51564 3
51565 2
51566 2
51567 0
51568 2
51569 1
51570 2
51571 0
51572 5
51573 2
51574 0
51575 4
51576 0
51577 3
51578 0
51579 1
51580 0
51581 4
51582 4
51583 2
51584 1
51585 3
51586 0
51587 0
51588 0
51589 2
51590 1
51591 1
51592 3
51593 1
51594 2
51595 0
51596 3
51597 1
51598 4
51599 0
51600 2
51601 2
51602 4
51603 0
51604 3
51605 2
51606 4
51607 0
51608 0
51609 1
51610 3
51611 5
51612 4
51613 2
51614 1
51615 4
51616 3
51617 4
51618 3
51619 0
51620 1
51621 2
51622 3
51623 4
51624 1
51625 2
51626 1
51627 3
51628 1
51629 0
51630 3
51631 4
51632 4
51633 3
51634 4
51635 3
51636 2
51637 0
51638 4
51639 0
51640 4
51641 1
51642 0
51643 3
51644 4
51645 3
51646 0
51647 4
51648 3
51649 2
51650 3
51651 1
51652 1
51653 3
51654 1
51655 2
51656 4
51657 4
51658 2
51659 2
51660 2
51661 5
51662 1
51663 1
51664 0
51665 0
51666 4
51667 2
51668 2
51669 2
51670 2
51671 1
51672 4
51673 1
51674 0
51675 0
51676 2
51677 1
51678 0
51679 4
51680 3
51681 3
51682 0
51683 3
51684 2
51685 2
51686 2
51687 2
51688 4
51689 1
51690 5
51691 4
51692 1
51693 4
51694 0
51695 3
51696 1
51697 3
51698 1
51699 4
51700 2
51701 2
51702 0
51703 4
51704 0
51705 0
51706 1
51707 0
51708 2
51709 0
51710 2
51711 2
51712 3
51713 2
51714 0
51715 0
51716 0
51717 0
51718 1
51719 2
51720 0
51721 0
51722 2
51723 3
51724 0
51725 3
51726 0
51727 0
51728 3
51729 3
51730 1
51731 2
51732 2
51733 3
51734 0
51735 2
51736 3
51737 0
51738 4
51739 2
51740 1
51741 4
51742 2
51743 0
51744 0
51745 0
51746 3
51747 3
51748 5
51749 2
51750 1
51751 4
51752 3
51753 2
51754 3
51755 1
51756 1
51757 4
51758 3
51759 3
51760 3
51761 0
51762 2
51763 3
51764 4
51765 1
51766 4
51767 3
51768 2
51769 0
51770 1
51771 3
51772 3
51773 2
51774 1
51775 1
51776 1
51777 0
51778 2
51779 3
51780 3
51781 4
51782 4
51783 2
51784 2
51785 1
51786 3
51787 3
51788 3
51789 3
51790 1
51791 0
51792 3
51793 3
51794 0
51795 3
51796 1
51797 0
51798 1
51799 0
51800 2
51801 3
51802 1
51803 0
51804 0
51805 3
51806 4
51807 0
51808 1
51809 3
51810 2
51811 1
51812 3
51813 1
51814 3
51815 3
51816 1
51817 0
51818 3
51819 5
51820 1
51821 0
51822 4
51823 2
51824 3
51825 0
51826 3
51827 2
51828 3
51829 3
51830 0
51831 0
51832 3
51833 0
51834 0
51835 2
51836 2
51837 0
51838 1
51839 1
51840 0
51841 3
51842 1
51843 1
51844 0
51845 2
51846 1
51847 1
51848 3
51849 4
51850 2
51851 2
51852 0
51853 3
51854 0
51855 2
51856 3
51857 1
51858 0
51859 1
51860 5
51861 0
51862 0
51863 0
51864 1
51865 2
51866 1
51867 2
51868 1
51869 4
51870 2
51871 4
51872 4
51873 1
51874 2
51875 1
51876 3
51877 2
51878 3
51879 5
51880 1
51881 2
51882 2
51883 2
51884 3
51885 0
51886 0
51887 3
51888 1
51889 0
51890 0
51891 5
51892 1
51893 2
51894 1
51895 3
51896 1
51897 2
51898 3
51899 4
51900 3
51901 2
51902 4
51903 4
51904 0
51905 1
51906 4
51907 5
51908 0
51909 0
51910 2
51911 0
51912 4
51913 2
51914 2
51915 1
51916 5
51917 3
51918 3
51919 0
51920 3
51921 2
51922 2
51923 1
51924 0
51925 0
51926 4
51927 5
51928 0
51929 0
51930 4
51931 0
51932 4
51933 3
51934 0
51935 2
51936 1
51937 2
51938 3
51939 0
51940 0
51941 2
51942 3
51943 4
51944 0
51945 3
51946 2
51947 3
51948 4
51949 2
51950 4
51951 4
51952 2
51953 1
51954 0
51955 1
51956 2
51957 2
51958 3
51959 2
51960 4
51961 2
51962 0
51963 0
51964 3
51965 0
51966 3
51967 2
51968 0
51969 3
51970 4
51971 0
51972 3
51973 3
51974 2
51975 3
51976 1
51977 3
51978 1
51979 0
51980 1
51981 3
51982 1
51983 2
51984 1
51985 2
51986 1
51987 1
51988 1
51989 2
51990 4
51991 2
51992 3
51993 1
51994 0
51995 5
51996 2
51997 0
51998 3
51999 2
52000 0
52001 4
52002 2
52003 3
52004 1
52005 3
52006 1
52007 2
52008 0
52009 2
52010 3
52011 5
52012 0
52013 2
52014 1
52015 1
52016 2
52017 2
52018 2
52019 3
52020 1
52021 5
52022 1
52023 5
52024 4
52025 3
52026 4
52027 1
52028 1
52029 0
52030 0
52031 1
52032 2
52033 3
52034 1
52035 4
52036 4
52037 0
52038 2
52039 0
52040 2
52041 1
52042 5
52043 3
52044 1
52045 3
52046 2
52047 3
52048 0
52049 4
52050 0
52051 4
52052 1
52053 0
52054 1
52055 4
52056 4
52057 2
52058 4
52059 1
52060 3
52061 3
52062 1
52063 2
52064 3
52065 3
52066 4
52067 3
52068 0
52069 3
52070 1
52071 3
52072 1
52073 1
52074 0
52075 1
52076 3
52077 3
52078 4
52079 4
52080 2
52081 1
52082 5
52083 2
52084 0
52085 2
52086 2
52087 0
52088 1
52089 1
52090 0
52091 2
52092 4
52093 2
52094 0
52095 2
52096 3
52097 0
52098 1
52099 2
52100 2
52101 4
52102 3
52103 1
52104 1
52105 1
52106 1
52107 5
52108 2
52109 3
52110 4
52111 2
52112 1
52113 0
52114 3
52115 5
52116 1
52117 0
52118 5
52119 0
52120 1
52121 4
52122 4
52123 3
52124 3
52125 3
52126 5
52127 1
52128 0
52129 3
52130 5
52131 0
52132 4
52133 3
52134 3
52135 3
52136 0
52137 1
52138 1
52139 5
52140 3
52141 3
52142 0
52143 5
52144 3
52145 4
52146 1
52147 5
52148 3
52149 4
52150 4
52151 5
52152 0
52153 1
52154 4
52155 1
52156 4
52157 4
52158 1
52159 1
52160 1
52161 0
52162 5
52163 3
52164 1
52165 0
52166 4
52167 0
52168 1
52169 0
52170 3
52171 3
52172 1
52173 1
52174 2
52175 3
52176 4
52177 0
52178 1
52179 0
52180 1
52181 3
52182 3
52183 0
52184 3
52185 5
52186 3
52187 2
52188 2
52189 4
52190 5
52191 1
52192 4
52193 2
52194 0
52195 4
52196 4
52197 4
52198 0
52199 2
52200 2
52201 1
52202 1
52203 2
52204 0
52205 0
52206 4
52207 2
52208 3
52209 1
52210 1
52211 4
52212 3
52213 0
52214 1
52215 1
52216 1
52217 3
52218 1
52219 2
52220 3
52221 4
52222 3
52223 0
52224 2
52225 0
52226 0
52227 0
52228 0
52229 3
52230 2
52231 1
52232 2
52233 4
52234 3
52235 0
52236 4
52237 4
52238 4
52239 5
52240 0
52241 2
52242 0
52243 2
52244 2
52245 0
52246 3
52247 5
52248 1
52249 4
52250 3
52251 2
52252 0
52253 4
52254 4
52255 2
52256 0
52257 2
52258 0
52259 1
52260 1
52261 0
52262 3
52263 0
52264 2
52265 4
52266 1
52267 1
52268 1
52269 3
52270 0
52271 1
52272 3
52273 0
52274 2
52275 2
52276 0
52277 4
52278 3
52279 2
52280 0
52281 5
52282 2
52283 2
52284 1
52285 1
52286 5
52287 1
52288 2
52289 2
52290 2
52291 2
52292 1
52293 0
52294 0
52295 1
52296 3
52297 0
52298 3
52299 0
52300 4
52301 4
52302 4
52303 2
52304 3
52305 2
52306 0
52307 0
52308 0
52309 1
52310 4
52311 3
52312 3
52313 3
52314 3
52315 2
52316 1
52317 4
52318 2
52319 5
52320 3
52321 2
52322 2
52323 2
52324 1
52325 1
52326 0
52327 5
52328 3
52329 0
52330 0
52331 2
52332 4
52333 2
52334 4
52335 3
52336 1
52337 1
52338 3
52339 4
52340 0
52341 4
52342 1
52343 3
52344 2
52345 0
52346 2
52347 1
52348 2
52349 0
52350 5
52351 4
52352 3
52353 3
52354 1
52355 2
52356 3
52357 0
52358 5
52359 2
52360 3
52361 2
52362 2
52363 0
52364 1
52365 5
52366 1
52367 1
52368 5
52369 2
52370 2
52371 4
52372 2
52373 2
52374 0
52375 2
52376 0
52377 3
52378 1
52379 2
52380 2
52381 3
52382 1
52383 0
52384 4
52385 4
52386 2
52387 1
52388 3
52389 0
52390 0
52391 4
52392 4
52393 2
52394 0
52395 4
52396 3
52397 1
52398 5
52399 1
52400 0
52401 1
52402 2
52403 4
52404 0
52405 2
52406 2
52407 2
52408 0
52409 3
52410 3
52411 0
52412 4
52413 4
52414 0
52415 4
52416 4
52417 3
52418 2
52419 3
52420 3
52421 3
52422 3
52423 1
52424 3
52425 0
52426 1
52427 0
52428 0
52429 0
52430 4
52431 4
52432 2
52433 1
52434 3
52435 0
52436 3
52437 1
52438 0
52439 3
52440 4
52441 3
52442 4
52443 1
52444 1
52445 1
52446 5
52447 4
52448 2
52449 3
52450 4
52451 0
52452 2
52453 1
52454 1
52455 4
52456 2
52457 2
52458 1
52459 2
52460 2
52461 4
52462 3
52463 0
52464 4
52465 4
52466 4
52467 1
52468 2
52469 0
52470 4
52471 3
52472 3
52473 4
52474 0
52475 4
52476 3
52477 4
52478 3
52479 3
52480 3
52481 1
52482 1
52483 3
52484 4
52485 0
52486 1
52487 4
52488 3
52489 2
52490 3
52491 1
52492 1
52493 2
52494 4
52495 1
52496 1
52497 3
52498 3
52499 3
52500 2
52501 3
52502 2
52503 3
52504 4
52505 2
52506 5
52507 3
52508 1
52509 1
52510 3
52511 3
52512 1
52513 1
52514 1
52515 2
52516 0
52517 1
52518 2
52519 3
52520 0
52521 5
52522 2
52523 1
52524 0
52525 3
52526 4
52527 0
52528 4
52529 2
52530 5
52531 3
52532 2
52533 1
52534 1
52535 0
52536 2
52537 1
52538 1
52539 0
52540 4
52541 2
52542 1
52543 4
52544 4
52545 3
52546 0
52547 0
52548 4
52549 5
52550 1
52551 1
52552 3
52553 2
52554 4
52555 3
52556 1
52557 5
52558 1
52559 0
52560 1
52561 1
52562 3
52563 1
52564 3
52565 2
52566 1
52567 1
52568 1
52569 0
52570 2
52571 2
52572 3
52573 4
52574 4
52575 1
52576 2
52577 3
52578 5
52579 2
52580 2
52581 5
52582 3
52583 4
52584 3
52585 2
52586 1
52587 3
52588 3
52589 4
52590 3
52591 1
52592 3
52593 0
52594 0
52595 0
52596 3
52597 0
52598 0
52599 4
52600 2
52601 4
52602 0
52603 4
52604 5
52605 3
52606 0
52607 1
52608 0
52609 1
52610 1
52611 2
52612 1
52613 2
52614 3
52615 4
52616 1
52617 0
52618 0
52619 5
52620 1
52621 3
52622 4
52623 0
52624 2
52625 3
52626 2
52627 2
52628 4
52629 1
52630 4
52631 3
52632 3
52633 2
52634 3
52635 3
52636 4
52637 3
52638 0
52639 2
52640 4
52641 4
52642 2
52643 0
52644 0
52645 3
52646 0
52647 2
52648 3
52649 4
52650 5
52651 2
52652 2
52653 6
52654 4
52655 4
52656 1
52657 2
52658 0
52659 1
52660 4
52661 0
52662 5
52663 4
52664 1
52665 4
52666 2
52667 2
52668 1
52669 0
52670 0
52671 5
52672 3
52673 0
52674 2
52675 3
52676 1
52677 1
52678 2
52679 3
52680 0
52681 1
52682 2
52683 1
52684 2
52685 4
52686 3
52687 3
52688 0
52689 0
52690 1
52691 1
52692 1
52693 5
52694 4
52695 1
52696 5
52697 1
52698 2
52699 2
52700 2
52701 1
52702 2
52703 2
52704 4
52705 2
52706 0
52707 0
52708 3
52709 2
52710 2
52711 1
52712 2
52713 1
52714 0
52715 1
52716 3
52717 0
52718 1
52719 3
52720 0
52721 3
52722 2
52723 3
52724 3
52725 1
52726 2
52727 2
52728 2
52729 5
52730 4
52731 0
52732 1
52733 1
52734 2
52735 0
52736 3
52737 1
52738 3
52739 6
52740 2
52741 1
52742 1
52743 4
52744 2
52745 1
52746 4
52747 0
52748 2
52749 4
52750 1
52751 4
52752 4
52753 2
52754 4
52755 0
52756 0
52757 4
52758 0
52759 3
52760 3
52761 0
52762 3
52763 0
52764 3
52765 3
52766 2
52767 2
52768 1
52769 3
52770 1
52771 2
52772 3
52773 2
52774 3
52775 2
52776 4
52777 0
52778 5
52779 1
52780 2
52781 4
52782 0
52783 2
52784 0
52785 1
52786 3
52787 1
52788 2
52789 5
52790 3
52791 3
52792 1
52793 0
52794 0
52795 1
52796 3
52797 0
52798 3
52799 2
52800 5
52801 1
52802 3
52803 2
52804 0
52805 2
52806 0
52807 0
52808 1
52809 0
52810 3
52811 5
52812 0
52813 0
52814 3
52815 0
52816 3
52817 1
52818 3
52819 1
52820 4
52821 0
52822 0
52823 1
52824 4
52825 1
52826 1
52827 0
52828 1
52829 2
52830 1
52831 2
52832 5
52833 2
52834 3
52835 4
52836 2
52837 2
52838 3
52839 1
52840 2
52841 2
52842 4
52843 4
52844 2
52845 1
52846 4
52847 4
52848 3
52849 5
52850 2
52851 3
52852 1
52853 3
52854 0
52855 0
52856 0
52857 0
52858 2
52859 4
52860 4
52861 1
52862 0
52863 3
52864 2
52865 2
52866 2
52867 5
52868 4
52869 5
52870 3
52871 0
52872 1
52873 0
52874 3
52875 3
52876 1
52877 2
52878 3
52879 0
52880 2
52881 0
52882 1
52883 0
52884 5
52885 4
52886 2
52887 0
52888 0
52889 0
52890 3
52891 1
52892 4
52893 0
52894 5
52895 5
52896 3
52897 2
52898 4
52899 2
52900 1
52901 4
52902 1
52903 0
52904 1
52905 2
52906 2
52907 2
52908 3
52909 4
52910 2
52911 2
52912 0
52913 2
52914 5
52915 4
52916 0
52917 3
52918 1
52919 5
52920 1
52921 0
52922 2
52923 1
52924 1
52925 3
52926 2
52927 1
52928 1
52929 1
52930 1
52931 2
52932 0
52933 4
52934 2
52935 2
52936 0
52937 0
52938 0
52939 0
52940 2
52941 5
52942 1
52943 2
52944 0
52945 4
52946 3
52947 1
52948 2
52949 1
52950 0
52951 2
52952 0
52953 4
52954 4
52955 4
52956 2
52957 4
52958 3
52959 2
52960 3
52961 3
52962 1
52963 0
52964 4
52965 4
52966 1
52967 2
52968 3
52969 4
52970 4
52971 3
52972 0
52973 2
52974 3
52975 0
52976 3
52977 3
52978 0
52979 1
52980 3
52981 1
52982 0
52983 5
52984 4
52985 0
52986 0
52987 1
52988 4
52989 2
52990 2
52991 0
52992 6
52993 1
52994 0
52995 1
52996 3
52997 2
52998 2
52999 3
53000 0
53001 2
53002 4
53003 3
53004 0
53005 3
53006 3
53007 5
53008 1
53009 2
53010 1
53011 5
53012 1
53013 2
53014 2
53015 4
53016 2
53017 3
53018 0
53019 1
53020 3
53021 2
53022 5
53023 3
53024 2
53025 4
53026 3
53027 1
53028 2
53029 4
53030 4
53031 2
53032 2
53033 2
53034 3
53035 5
53036 0
53037 0
53038 1
53039 3
53040 2
53041 2
53042 2
53043 0
53044 1
53045 5
53046 3
53047 3
53048 3
53049 1
53050 1
53051 2
53052 5
53053 0
53054 3
53055 4
53056 2
53057 2
53058 0
53059 4
53060 4
53061 3
53062 0
53063 2
53064 2
53065 1
53066 0
53067 0
53068 2
53069 1
53070 3
53071 1
53072 4
53073 1
53074 0
53075 0
53076 4
53077 4
53078 2
53079 0
53080 4
53081 1
53082 4
53083 1
53084 4
53085 3
53086 0
53087 4
53088 2
53089 2
53090 1
53091 2
53092 2
53093 2
53094 3
53095 3
53096 1
53097 0
53098 3
53099 1
53100 1
53101 0
53102 2
53103 3
53104 0
53105 5
53106 6
53107 4
53108 0
53109 3
53110 3
53111 1
53112 1
53113 5
53114 1
53115 3
53116 2
53117 0
53118 4
53119 4
53120 4
53121 1
53122 3
53123 1
53124 1
53125 0
53126 1
53127 1
53128 1
53129 3
53130 0
53131 2
53132 0
53133 5
53134 3
53135 2
53136 2
53137 0
53138 3
53139 0
53140 0
53141 1
53142 4
53143 2
53144 1
53145 0
53146 2
53147 3
53148 3
53149 0
53150 0
53151 3
53152 2
53153 2
53154 1
53155 0
53156 4
53157 0
53158 0
53159 2
53160 3
53161 3
53162 1
53163 2
53164 2
53165 5
53166 2
53167 4
53168 3
53169 0
53170 3
53171 4
53172 4
53173 3
53174 1
53175 2
53176 2
53177 3
53178 2
53179 1
53180 1
53181 0
53182 2
53183 2
53184 1
53185 4
53186 4
53187 3
53188 5
53189 2
53190 2
53191 2
53192 0
53193 2
53194 5
53195 4
53196 1
53197 3
53198 3
53199 1
53200 4
53201 2
53202 0
53203 4
53204 2
53205 3
53206 2
53207 0
53208 2
53209 0
53210 1
53211 2
53212 0
53213 3
53214 0
53215 0
53216 4
53217 4
53218 1
53219 2
53220 1
53221 2
53222 0
53223 1
53224 3
53225 2
53226 3
53227 2
53228 2
53229 3
53230 1
53231 0
53232 2
53233 0
53234 3
53235 3
53236 1
53237 2
53238 4
53239 1
53240 3
53241 4
53242 2
53243 3
53244 1
53245 4
53246 1
53247 0
53248 0
53249 2
53250 4
53251 4
53252 0
53253 2
53254 1
53255 3
53256 4
53257 0
53258 0
53259 1
53260 5
53261 2
53262 1
53263 0
53264 0
53265 0
53266 1
53267 0
53268 4
53269 0
53270 5
53271 3
53272 0
53273 3
53274 0
53275 0
53276 2
53277 2
53278 2
53279 4
53280 1
53281 3
53282 4
53283 0
53284 1
53285 3
53286 0
53287 4
53288 1
53289 1
53290 2
53291 2
53292 2
53293 0
53294 1
53295 4
53296 3
53297 4
53298 2
53299 2
53300 0
53301 0
53302 0
53303 5
53304 2
53305 2
53306 0
53307 5
53308 1
53309 3
53310 2
53311 1
53312 4
53313 2
53314 0
53315 0
53316 0
53317 0
53318 1
53319 4
53320 0
53321 1
53322 1
53323 2
53324 3
53325 1
53326 2
53327 1
53328 3
53329 1
53330 1
53331 1
53332 0
53333 0
53334 4
53335 5
53336 2
53337 2
53338 1
53339 5
53340 2
53341 0
53342 1
53343 0
53344 1
53345 4
53346 4
53347 3
53348 4
53349 3
53350 1
53351 1
53352 1
53353 2
53354 3
53355 1
53356 0
53357 1
53358 4
53359 0
53360 4
53361 0
53362 0
53363 2
53364 3
53365 2
53366 3
53367 2
53368 0
53369 4
53370 4
53371 3
53372 4
53373 2
53374 2
53375 1
53376 0
53377 2
53378 0
53379 0
53380 4
53381 1
53382 0
53383 1
53384 5
53385 1
53386 0
53387 2
53388 1
53389 3
53390 2
53391 5
53392 2
53393 1
53394 0
53395 1
53396 4
53397 4
53398 3
53399 3
53400 0
53401 5
53402 1
53403 4
53404 0
53405 3
53406 1
53407 0
53408 4
53409 4
53410 0
53411 0
53412 4
53413 2
53414 2
53415 3
53416 0
53417 0
53418 5
53419 1
53420 2
53421 1
53422 4
53423 0
53424 2
53425 2
53426 0
53427 5
53428 3
53429 1
53430 4
53431 2
53432 1
53433 3
53434 3
53435 3
53436 5
53437 2
53438 2
53439 2
53440 4
53441 3
53442 0
53443 2
53444 1
53445 5
53446 3
53447 0
53448 1
53449 3
53450 5
53451 3
53452 3
53453 0
53454 4
53455 3
53456 2
53457 0
53458 0
53459 2
53460 5
53461 2
53462 0
53463 3
53464 0
53465 5
53466 0
53467 2
53468 5
53469 3
53470 3
53471 4
53472 0
53473 3
53474 3
53475 0
53476 4
53477 4
53478 2
53479 2
53480 4
53481 0
53482 4
53483 4
53484 1
53485 5
53486 0
53487 3
53488 3
53489 3
53490 3
53491 0
53492 0
53493 3
53494 1
53495 1
53496 5
53497 3
53498 3
53499 0
53500 3
53501 0
53502 3
53503 3
53504 0
53505 3
53506 2
53507 2
53508 0
53509 1
53510 0
53511 1
53512 5
53513 4
53514 1
53515 4
53516 2
53517 5
53518 3
53519 4
53520 5
53521 0
53522 2
53523 0
53524 2
53525 0
53526 2
53527 0
53528 0
53529 2
53530 1
53531 0
53532 3
53533 0
53534 4
53535 3
53536 1
53537 0
53538 4
53539 1
53540 0
53541 4
53542 3
53543 5
53544 0
53545 4
53546 0
53547 0
53548 0
53549 0
53550 2
53551 0
53552 4
53553 1
53554 3
53555 3
53556 2
53557 0
53558 0
53559 1
53560 2
53561 5
53562 4
53563 1
53564 0
53565 0
53566 0
53567 3
53568 2
53569 1
53570 3
53571 3
53572 1
53573 4
53574 4
53575 2
53576 3
53577 2
53578 1
53579 3
53580 0
53581 4
53582 5
53583 1
53584 2
53585 0
53586 0
53587 4
53588 4
53589 4
53590 2
53591 5
53592 2
53593 1
53594 1
53595 4
53596 0
53597 1
53598 1
53599 3
53600 4
53601 2
53602 1
53603 3
53604 3
53605 2
53606 1
53607 1
53608 2
53609 0
53610 1
53611 4
53612 4
53613 4
53614 0
53615 2
53616 3
53617 0
53618 2
53619 0
53620 0
53621 1
53622 0
53623 1
53624 4
53625 0
53626 1
53627 1
53628 0
53629 1
53630 0
53631 3
53632 0
53633 1
53634 2
53635 5
53636 3
53637 2
53638 2
53639 0
53640 1
53641 5
53642 0
53643 1
53644 0
53645 2
53646 4
53647 1
53648 3
53649 3
53650 4
53651 1
53652 5
53653 2
53654 1
53655 4
53656 0
53657 4
53658 5
53659 5
53660 3
53661 3
53662 1
53663 2
53664 0
53665 2
53666 4
53667 1
53668 2
53669 1
53670 4
53671 4
53672 2
53673 2
53674 6
53675 2
53676 2
53677 3
53678 3
53679 3
53680 0
53681 1
53682 2
53683 2
53684 4
53685 2
53686 4
53687 1
53688 2
53689 4
53690 4
53691 0
53692 5
53693 0
53694 1
53695 5
53696 2
53697 3
53698 3
53699 2
53700 6
53701 3
53702 2
53703 1
53704 3
53705 1
53706 2
53707 3
53708 0
53709 3
53710 2
53711 2
53712 0
53713 3
53714 1
53715 0
53716 3
53717 0
53718 0
53719 0
53720 2
53721 3
53722 0
53723 4
53724 3
53725 1
53726 2
53727 0
53728 4
53729 0
53730 1
53731 2
53732 3
53733 4
53734 0
53735 1
53736 5
53737 2
53738 2
53739 0
53740 3
53741 1
53742 2
53743 3
53744 0
53745 3
53746 6
53747 4
53748 4
53749 0
53750 3
53751 0
53752 4
53753 4
53754 0
53755 4
53756 3
53757 3
53758 4
53759 5
53760 3
53761 1
53762 0
53763 2
53764 2
53765 3
53766 1
53767 3
53768 4
53769 3
53770 4
53771 0
53772 2
53773 4
53774 4
53775 4
53776 0
53777 4
53778 0
53779 4
53780 0
53781 4
53782 0
53783 5
53784 1
53785 0
53786 3
53787 4
53788 3
53789 3
53790 1
53791 2
53792 4
53793 2
53794 1
53795 3
53796 1
53797 2
53798 0
53799 0
53800 4
53801 4
53802 3
53803 0
53804 2
53805 0
53806 0
53807 2
53808 2
53809 1
53810 1
53811 4
53812 0
53813 2
53814 4
53815 0
53816 2
53817 0
53818 3
53819 5
53820 0
53821 3
53822 1
53823 4
53824 3
53825 1
53826 2
53827 4
53828 1
53829 3
53830 2
53831 1
53832 4
53833 3
53834 2
53835 1
53836 5
53837 1
53838 1
53839 3
53840 4
53841 2
53842 4
53843 1
53844 3
53845 3
53846 4
53847 1
53848 3
53849 4
53850 0
53851 0
53852 2
53853 3
53854 1
53855 3
53856 4
53857 4
53858 1
53859 0
53860 0
53861 5
53862 0
53863 0
53864 4
53865 0
53866 2
53867 0
53868 2
53869 4
53870 5
53871 3
53872 4
53873 0
53874 1
53875 0
53876 4
53877 1
53878 3
53879 2
53880 1
53881 5
53882 1
53883 3
53884 4
53885 2
53886 4
53887 5
53888 5
53889 0
53890 3
53891 2
53892 0
53893 5
53894 1
53895 0
53896 2
53897 2
53898 2
53899 0
53900 4
53901 4
53902 1
53903 4
53904 5
53905 3
53906 0
53907 0
53908 3
53909 1
53910 1
53911 1
53912 1
53913 0
53914 2
53915 4
53916 2
53917 3
53918 2
53919 1
53920 4
53921 4
53922 2
53923 4
53924 1
53925 0
53926 4
53927 4
53928 0
53929 2
53930 0
53931 0
53932 0
53933 3
53934 1
53935 2
53936 2
53937 4
53938 4
53939 0
53940 4
53941 0
53942 0
53943 0
53944 0
53945 3
53946 0
53947 0
53948 3
53949 0
53950 2
53951 4
53952 4
53953 0
53954 2
53955 4
53956 3
53957 2
53958 4
53959 0
53960 4
53961 4
53962 1
53963 5
53964 0
53965 4
53966 3
53967 0
53968 1
53969 3
53970 2
53971 0
53972 3
53973 4
53974 5
53975 0
53976 4
53977 2
53978 2
53979 1
53980 2
53981 2
53982 5
53983 0
53984 3
53985 3
53986 3
53987 4
53988 1
53989 2
53990 3
53991 4
53992 4
53993 2
53994 4
53995 4
53996 0
53997 0
53998 0
53999 3
54000 2
54001 3
54002 1
54003 1
54004 2
54005 4
54006 0
54007 4
54008 4
54009 1
54010 2
54011 0
54012 3
54013 1
54014 3
54015 0
54016 0
54017 3
54018 1
54019 3
54020 4
54021 3
54022 0
54023 0
54024 1
54025 3
54026 3
54027 4
54028 2
54029 3
54030 1
54031 0
54032 2
54033 5
54034 1
54035 4
54036 0
54037 4
54038 3
54039 4
54040 2
54041 0
54042 0
54043 2
54044 4
54045 0
54046 1
54047 5
54048 1
54049 1
54050 0
54051 3
54052 0
54053 1
54054 2
54055 2
54056 2
54057 3
54058 3
54059 3
54060 0
54061 5
54062 3
54063 2
54064 2
54065 1
54066 2
54067 5
54068 3
54069 3
54070 3
54071 4
54072 4
54073 0
54074 0
54075 5
54076 0
54077 2
54078 3
54079 2
54080 1
54081 2
54082 1
54083 3
54084 2
54085 0
54086 1
54087 1
54088 3
54089 0
54090 0
54091 2
54092 4
54093 2
54094 2
54095 2
54096 2
54097 0
54098 4
54099 0
54100 0
54101 2
54102 0
54103 4
54104 3
54105 3
54106 0
54107 2
54108 1
54109 3
54110 4
54111 4
54112 4
54113 1
54114 5
54115 0
54116 1
54117 0
54118 1
54119 3
54120 1
54121 5
54122 0
54123 3
54124 1
54125 1
54126 1
54127 1
54128 2
54129 2
54130 3
54131 2
54132 1
54133 0
54134 2
54135 2
54136 5
54137 0
54138 0
54139 3
54140 0
54141 0
54142 0
54143 4
54144 0
54145 4
54146 5
54147 1
54148 3
54149 3
54150 4
54151 4
54152 1
54153 0
54154 3
54155 4
54156 1
54157 0
54158 3
54159 4
54160 0
54161 2
54162 3
54163 2
54164 2
54165 0
54166 2
54167 2
54168 3
54169 1
54170 2
54171 0
54172 1
54173 1
54174 5
54175 2
54176 0
54177 4
54178 2
54179 4
54180 1
54181 1
54182 2
54183 2
54184 2
54185 1
54186 3
54187 1
54188 3
54189 5
54190 3
54191 2
54192 3
54193 5
54194 2
54195 0
54196 2
54197 0
54198 3
54199 0
54200 3
54201 2
54202 3
54203 3
54204 4
54205 2
54206 4
54207 2
54208 1
54209 0
54210 2
54211 3
54212 0
54213 4
54214 3
54215 4
54216 0
54217 1
54218 1
54219 0
54220 0
54221 1
54222 2
54223 0
54224 3
54225 0
54226 1
54227 0
54228 1
54229 0
54230 0
54231 0
54232 1
54233 1
54234 0
54235 0
54236 4
54237 2
54238 3
54239 5
54240 2
54241 1
54242 3
54243 1
54244 0
54245 4
54246 5
54247 3
54248 0
54249 3
54250 4
54251 1
54252 2
54253 2
54254 3
54255 3
54256 1
54257 0
54258 5
54259 0
54260 2
54261 4
54262 3
54263 0
54264 3
54265 5
54266 1
54267 2
54268 3
54269 1
54270 2
54271 0
54272 3
54273 3
54274 4
54275 3
54276 2
54277 3
54278 3
54279 2
54280 0
54281 3
54282 5
54283 2
54284 2
54285 2
54286 0
54287 2
54288 2
54289 1
54290 0
54291 1
54292 1
54293 0
54294 2
54295 1
54296 1
54297 4
54298 4
54299 3
54300 4
54301 1
54302 0
54303 2
54304 0
54305 4
54306 0
54307 3
54308 1
54309 1
54310 1
54311 2
54312 1
54313 2
54314 2
54315 0
54316 1
54317 2
54318 5
54319 1
54320 2
54321 1
54322 0
54323 1
54324 3
54325 3
54326 1
54327 1
54328 0
54329 1
54330 1
54331 4
54332 0
54333 1
54334 0
54335 3
54336 2
54337 1
54338 2
54339 0
54340 1
54341 3
54342 3
54343 2
54344 1
54345 0
54346 2
54347 4
54348 4
54349 3
54350 3
54351 4
54352 1
54353 5
54354 3
54355 2
54356 0
54357 0
54358 2
54359 3
54360 3
54361 3
54362 0
54363 3
54364 2
54365 4
54366 3
54367 1
54368 3
54369 0
54370 4
54371 2
54372 3
54373 2
54374 1
54375 3
54376 3
54377 5
54378 4
54379 3
54380 2
54381 0
54382 4
54383 3
54384 1
54385 3
54386 0
54387 3
54388 3
54389 2
54390 0
54391 0
54392 1
54393 3
54394 2
54395 2
54396 4
54397 3
54398 2
54399 3
54400 1
54401 2
54402 1
54403 3
54404 3
54405 4
54406 1
54407 4
54408 1
54409 0
54410 1
54411 0
54412 4
54413 3
54414 0
54415 1
54416 4
54417 2
54418 3
54419 1
54420 2
54421 4
54422 1
54423 0
54424 3
54425 3
54426 1
54427 0
54428 0
54429 2
54430 4
54431 2
54432 4
54433 4
54434 1
54435 4
54436 2
54437 5
54438 1
54439 1
54440 1
54441 3
54442 3
54443 2
54444 5
54445 4
54446 3
54447 4
54448 3
54449 3
54450 3
54451 2
54452 2
54453 0
54454 4
54455 0
54456 2
54457 4
54458 0
54459 4
54460 2
54461 0
54462 2
54463 4
54464 0
54465 2
54466 3
54467 1
54468 3
54469 1
54470 2
54471 2
54472 2
54473 2
54474 3
54475 2
54476 0
54477 4
54478 2
54479 3
54480 5
54481 4
54482 2
54483 2
54484 1
54485 6
54486 0
54487 0
54488 0
54489 1
54490 2
54491 2
54492 1
54493 3
54494 2
54495 2
54496 3
54497 1
54498 4
54499 4
54500 4
54501 4
54502 3
54503 2
54504 1
54505 0
54506 0
54507 2
54508 2
54509 1
54510 0
54511 0
54512 4
54513 1
54514 3
54515 2
54516 4
54517 4
54518 1
54519 2
54520 1
54521 1
54522 2
54523 3
54524 0
54525 0
54526 2
54527 4
54528 1
54529 3
54530 0
54531 2
54532 1
54533 1
54534 2
54535 0
54536 3
54537 4
54538 1
54539 5
54540 3
54541 4
54542 0
54543 4
54544 0
54545 2
54546 4
54547 4
54548 3
54549 4
54550 2
54551 5
54552 1
54553 5
54554 5
54555 1
54556 4
54557 2
54558 1
54559 0
54560 3
54561 0
54562 5
54563 3
54564 4
54565 4
54566 3
54567 3
54568 0
54569 2
54570 4
54571 3
54572 4
54573 0
54574 3
54575 2
54576 0
54577 0
54578 0
54579 3
54580 3
54581 3
54582 0
54583 1
54584 3
54585 3
54586 3
54587 2
54588 4
54589 4
54590 2
54591 4
54592 1
54593 2
54594 3
54595 2
54596 2
54597 2
54598 2
54599 3
54600 0
54601 1
54602 0
54603 1
54604 4
54605 2
54606 3
54607 2
54608 2
54609 1
54610 1
54611 5
54612 2
54613 1
54614 1
54615 4
54616 2
54617 1
54618 3
54619 4
54620 2
54621 3
54622 1
54623 1
54624 0
54625 1
54626 3
54627 4
54628 0
54629 1
54630 2
54631 4
54632 1
54633 3
54634 2
54635 0
54636 1
54637 3
54638 1
54639 0
54640 2
54641 3
54642 3
54643 0
54644 2
54645 5
54646 4
54647 2
54648 2
54649 0
54650 3
54651 0
54652 4
54653 2
54654 0
54655 1
54656 2
54657 2
54658 1
54659 3
54660 4
54661 0
54662 2
54663 2
54664 5
54665 0
54666 3
54667 1
54668 3
54669 4
54670 0
54671 0
54672 2
54673 0
54674 1
54675 0
54676 4
54677 1
54678 3
54679 0
54680 3
54681 2
54682 1
54683 0
54684 1
54685 0
54686 4
54687 2
54688 3
54689 1
54690 2
54691 1
54692 1
54693 3
54694 0
54695 1
54696 1
54697 2
54698 0
54699 4
54700 0
54701 0
54702 2
54703 3
54704 2
54705 3
54706 0
54707 1
54708 1
54709 2
54710 3
54711 1
54712 2
54713 2
54714 0
54715 3
54716 1
54717 0
54718 3
54719 2
54720 3
54721 2
54722 1
54723 6
54724 0
54725 1
54726 3
54727 1
54728 1
54729 6
54730 0
54731 5
54732 0
54733 1
54734 0
54735 1
54736 4
54737 1
54738 3
54739 3
54740 1
54741 0
54742 3
54743 0
54744 0
54745 1
54746 2
54747 4
54748 2
54749 2
54750 3
54751 2
54752 3
54753 1
54754 1
54755 3
54756 4
54757 1
54758 4
54759 5
54760 0
54761 1
54762 2
54763 2
54764 1
54765 0
54766 2
54767 3
54768 4
54769 0
54770 4
54771 2
54772 4
54773 0
54774 4
54775 1
54776 4
54777 2
54778 1
54779 0
54780 1
54781 1
54782 3
54783 2
54784 3
54785 2
54786 3
54787 1
54788 1
54789 0
54790 3
54791 0
54792 2
54793 4
54794 1
54795 3
54796 1
54797 1
54798 2
54799 5
54800 0
54801 4
54802 5
54803 2
54804 0
54805 4
54806 2
54807 1
54808 4
54809 3
54810 3
54811 5
54812 2
54813 3
54814 3
54815 3
54816 1
54817 1
54818 0
54819 2
54820 1
54821 3
54822 5
54823 2
54824 2
54825 5
54826 1
54827 4
54828 4
54829 3
54830 0
54831 3
54832 0
54833 0
54834 3
54835 5
54836 2
54837 0
54838 0
54839 1
54840 1
54841 1
54842 3
54843 2
54844 0
54845 1
54846 5
54847 1
54848 1
54849 1
54850 1
54851 1
54852 4
54853 0
54854 0
54855 2
54856 4
54857 3
54858 3
54859 3
54860 2
54861 4
54862 1
54863 4
54864 3
54865 0
54866 1
54867 2
54868 2
54869 3
54870 3
54871 4
54872 2
54873 4
54874 2
54875 3
54876 3
54877 5
54878 5
54879 1
54880 5
54881 0
54882 1
54883 2
54884 2
54885 4
54886 3
54887 2
54888 5
54889 2
54890 0
54891 3
54892 3
54893 1
54894 4
54895 5
54896 0
54897 4
54898 4
54899 5
54900 2
54901 4
54902 4
54903 0
54904 1
54905 0
54906 5
54907 4
54908 1
54909 2
54910 3
54911 1
54912 1
54913 2
54914 1
54915 3
54916 1
54917 3
54918 1
54919 1
54920 3
54921 3
54922 4
54923 3
54924 0
54925 3
54926 2
54927 3
54928 3
54929 2
54930 0
54931 5
54932 0
54933 2
54934 3
54935 0
54936 0
54937 0
54938 3
54939 0
54940 1
54941 2
54942 4
54943 3
54944 3
54945 4
54946 0
54947 3
54948 4
54949 4
54950 1
54951 3
54952 0
54953 4
54954 1
54955 1
54956 4
54957 0
54958 3
54959 2
54960 2
54961 2
54962 3
54963 1
54964 0
54965 3
54966 1
54967 0
54968 0
54969 2
54970 4
54971 0
54972 0
54973 1
54974 0
54975 0
54976 0
54977 5
54978 0
54979 4
54980 1
54981 4
54982 0
54983 1
54984 1
54985 3
54986 0
54987 2
54988 4
54989 2
54990 0
54991 1
54992 1
54993 5
54994 0
54995 0
54996 1
54997 1
54998 3
54999 4
55000 1
55001 4
55002 4
55003 2
55004 0
55005 3
55006 3
55007 1
55008 1
55009 1
55010 0
55011 1
55012 0
55013 1
55014 3
55015 0
55016 2
55017 4
55018 3
55019 0
55020 0
55021 2
55022 4
55023 1
55024 3
55025 1
55026 1
55027 2
55028 3
55029 3
55030 2
55031 1
55032 4
55033 5
55034 1
55035 2
55036 1
55037 0
55038 0
55039 3
55040 1
55041 5
55042 4
55043 2
55044 1
55045 0
55046 4
55047 1
55048 3
55049 1
55050 2
55051 2
55052 2
55053 0
55054 3
55055 0
55056 3
55057 4
55058 2
55059 5
55060 0
55061 3
55062 5
55063 2
55064 4
55065 1
55066 4
55067 3
55068 0
55069 2
55070 2
55071 3
55072 4
55073 1
55074 0
55075 4
55076 4
55077 0
55078 2
55079 4
55080 2
55081 3
55082 1
55083 2
55084 2
55085 2
55086 3
55087 1
55088 2
55089 0
55090 2
55091 5
55092 1
55093 0
55094 4
55095 0
55096 0
55097 2
55098 1
55099 2
55100 3
55101 1
55102 3
55103 3
55104 3
55105 4
55106 0
55107 4
55108 3
55109 2
55110 0
55111 2
55112 2
55113 2
55114 4
55115 0
55116 0
55117 3
55118 3
55119 2
55120 3
55121 4
55122 4
55123 2
55124 2
55125 2
55126 4
55127 1
55128 0
55129 0
55130 1
55131 2
55132 0
55133 1
55134 2
55135 1
55136 5
55137 2
55138 4
55139 1
55140 2
55141 4
55142 0
55143 5
55144 4
55145 1
55146 1
55147 1
55148 0
55149 2
55150 2
55151 0
55152 3
55153 4
55154 2
55155 0
55156 2
55157 1
55158 0
55159 3
55160 1
55161 4
55162 0
55163 4
55164 0
55165 4
55166 3
55167 0
55168 0
55169 1
55170 0
55171 3
55172 1
55173 4
55174 2
55175 2
55176 3
55177 0
55178 1
55179 4
55180 2
55181 5
55182 0
55183 4
55184 1
55185 3
55186 3
55187 0
55188 0
55189 1
55190 3
55191 2
55192 0
55193 4
55194 2
55195 2
55196 4
55197 5
55198 0
55199 0
55200 3
55201 1
55202 0
55203 1
55204 0
55205 1
55206 2
55207 3
55208 5
55209 2
55210 4
55211 4
55212 1
55213 2
55214 5
55215 2
55216 4
55217 3
55218 4
55219 1
55220 0
55221 1
55222 1
55223 3
55224 1
55225 2
55226 2
55227 2
55228 2
55229 2
55230 4
55231 0
55232 2
55233 0
55234 1
55235 2
55236 3
55237 2
55238 3
55239 1
55240 4
55241 3
55242 2
55243 3
55244 2
55245 0
55246 0
55247 0
55248 0
55249 5
55250 1
55251 2
55252 2
55253 1
55254 0
55255 4
55256 0
55257 2
55258 3
55259 0
55260 0
55261 2
55262 4
55263 3
55264 0
55265 2
55266 1
55267 0
55268 1
55269 3
55270 2
55271 1
55272 5
55273 4
55274 0
55275 2
55276 0
55277 3
55278 1
55279 2
55280 0
55281 4
55282 4
55283 3
55284 2
55285 2
55286 3
55287 0
55288 4
55289 1
55290 2
55291 1
55292 2
55293 0
55294 3
55295 3
55296 4
55297 3
55298 1
55299 0
55300 2
55301 1
55302 0
55303 0
55304 4
55305 1
55306 3
55307 2
55308 0
55309 1
55310 5
55311 0
55312 3
55313 0
55314 4
55315 2
55316 0
55317 3
55318 0
55319 0
55320 1
55321 0
55322 4
55323 1
55324 0
55325 0
55326 4
55327 3
55328 4
55329 2
55330 1
55331 1
55332 1
55333 0
55334 4
55335 2
55336 1
55337 3
55338 0
55339 0
55340 2
55341 1
55342 1
55343 1
55344 4
55345 2
55346 4
55347 0
55348 2
55349 1
55350 0
55351 1
55352 0
55353 5
55354 3
55355 3
55356 0
55357 2
55358 0
55359 1
55360 2
55361 2
55362 1
55363 4
55364 4
55365 0
55366 2
55367 3
55368 3
55369 3
55370 3
55371 2
55372 1
55373 0
55374 2
55375 3
55376 1
55377 0
55378 0
55379 4
55380 3
55381 5
55382 1
55383 2
55384 2
55385 0
55386 1
55387 3
55388 1
55389 0
55390 1
55391 1
55392 3
55393 4
55394 1
55395 1
55396 3
55397 0
55398 0
55399 1
55400 1
55401 2
55402 4
55403 0
55404 0
55405 3
55406 0
55407 1
55408 3
55409 1
55410 4
55411 3
55412 2
55413 4
55414 0
55415 2
55416 1
55417 1
55418 2
55419 4
55420 3
55421 1
55422 1
55423 5
55424 3
55425 3
55426 0
55427 1
55428 3
55429 4
55430 2
55431 0
55432 4
55433 4
55434 2
55435 0
55436 0
55437 0
55438 2
55439 0
55440 1
55441 4
55442 4
55443 1
55444 3
55445 4
55446 5
55447 3
55448 0
55449 3
55450 2
55451 3
55452 0
55453 1
55454 2
55455 1
55456 3
55457 4
55458 2
55459 3
55460 2
55461 3
55462 1
55463 2
55464 3
55465 1
55466 1
55467 0
55468 4
55469 2
55470 3
55471 1
55472 2
55473 5
55474 3
55475 0
55476 0
55477 2
55478 4
55479 1
55480 5
55481 0
55482 2
55483 1
55484 4
55485 1
55486 1
55487 2
55488 2
55489 1
55490 2
55491 4
55492 4
55493 3
55494 1
55495 3
55496 1
55497 2
55498 0
55499 3
55500 0
55501 0
55502 1
55503 0
55504 1
55505 1
55506 2
55507 2
55508 3
55509 1
55510 0
55511 2
55512 0
55513 1
55514 3
55515 3
55516 3
55517 4
55518 1
55519 0
55520 2
55521 1
55522 2
55523 1
55524 1
55525 2
55526 3
55527 4
55528 0
55529 5
55530 2
55531 0
55532 2
55533 2
55534 2
55535 2
55536 0
55537 3
55538 0
55539 0
55540 4
55541 0
55542 4
55543 1
55544 0
55545 5
55546 4
55547 3
55548 0
55549 2
55550 3
55551 1
55552 2
55553 0
55554 1
55555 0
55556 1
55557 3
55558 0
55559 0
55560 4
55561 4
55562 2
55563 2
55564 3
55565 2
55566 4
55567 3
55568 3
55569 1
55570 2
55571 0
55572 0
55573 0
55574 0
55575 5
55576 0
55577 3
55578 3
55579 1
55580 4
55581 2
55582 2
55583 2
55584 2
55585 0
55586 1
55587 4
55588 0
55589 1
55590 1
55591 4
55592 1
55593 2
55594 3
55595 4
55596 1
55597 1
55598 0
55599 1
55600 0
55601 3
55602 2
55603 4
55604 2
55605 1
55606 2
55607 1
55608 0
55609 2
55610 2
55611 1
55612 5
55613 3
55614 4
55615 2
55616 2
55617 4
55618 2
55619 0
55620 3
55621 1
55622 0
55623 2
55624 1
55625 3
55626 4
55627 1
55628 0
55629 0
55630 4
55631 1
55632 3
55633 3
55634 4
55635 2
55636 1
55637 3
55638 3
55639 3
55640 1
55641 3
55642 0
55643 3
55644 0
55645 1
55646 2
55647 2
55648 1
55649 4
55650 2
55651 3
55652 4
55653 3
55654 2
55655 1
55656 0
55657 2
55658 4
55659 3
55660 2
55661 2
55662 5
55663 3
55664 3
55665 1
55666 4
55667 3
55668 3
55669 4
55670 1
55671 2
55672 4
55673 1
55674 0
55675 3
55676 3
55677 4
55678 0
55679 4
55680 1
55681 1
55682 3
55683 0
55684 2
55685 4
55686 2
55687 2
55688 4
55689 0
55690 3
55691 1
55692 2
55693 2
55694 3
55695 1
55696 3
55697 1
55698 2
55699 2
55700 2
55701 2
55702 2
55703 4
55704 1
55705 3
55706 2
55707 2
55708 4
55709 0
55710 2
55711 3
55712 1
55713 2
55714 1
55715 2
55716 2
55717 4
55718 3
55719 0
55720 4
55721 1
55722 1
55723 0
55724 3
55725 1
55726 2
55727 4
55728 4
55729 4
55730 0
55731 0
55732 3
55733 2
55734 3
55735 3
55736 0
55737 1
55738 1
55739 3
55740 3
55741 0
55742 2
55743 0
55744 4
55745 1
55746 1
55747 4
55748 4
55749 5
55750 3
55751 2
55752 1
55753 0
55754 0
55755 5
55756 4
55757 1
55758 0
55759 3
55760 2
55761 3
55762 0
55763 3
55764 0
55765 3
55766 3
55767 2
55768 3
55769 0
55770 1
55771 4
55772 2
55773 0
55774 5
55775 2
55776 3
55777 1
55778 1
55779 4
55780 3
55781 1
55782 0
55783 4
55784 4
55785 2
55786 3
55787 2
55788 4
55789 1
55790 5
55791 1
55792 3
55793 1
55794 4
55795 2
55796 4
55797 3
55798 1
55799 4
55800 3
55801 3
55802 4
55803 3
55804 2
55805 2
55806 1
55807 4
55808 0
55809 4
55810 0
55811 1
55812 2
55813 3
55814 2
55815 2
55816 4
55817 1
55818 0
55819 2
55820 1
55821 3
55822 5
55823 3
55824 1
55825 4
55826 0
55827 6
55828 3
55829 2
55830 4
55831 0
55832 0
55833 2
55834 1
55835 0
55836 2
55837 1
55838 3
55839 2
55840 4
55841 1
55842 0
55843 2
55844 2
55845 3
55846 0
55847 3
55848 0
55849 2
55850 2
55851 1
55852 2
55853 2
55854 2
55855 3
55856 0
55857 1
55858 2
55859 0
55860 4
55861 2
55862 1
55863 1
55864 3
55865 1
55866 4
55867 4
55868 1
55869 0
55870 1
55871 5
55872 4
55873 1
55874 3
55875 4
55876 1
55877 2
55878 2
55879 2
55880 2
55881 5
55882 4
55883 5
55884 0
55885 2
55886 4
55887 1
55888 3
55889 2
55890 1
55891 4
55892 3
55893 2
55894 1
55895 2
55896 0
55897 1
55898 2
55899 2
55900 4
55901 4
55902 0
55903 0
55904 3
55905 3
55906 0
55907 5
55908 3
55909 2
55910 1
55911 0
55912 1
55913 1
55914 1
55915 4
55916 3
55917 2
55918 3
55919 4
55920 3
55921 2
55922 2
55923 0
55924 1
55925 0
55926 0
55927 1
55928 1
55929 5
55930 2
55931 0
55932 1
55933 0
55934 2
55935 1
55936 3
55937 0
55938 0
55939 0
55940 5
55941 2
55942 1
55943 1
55944 0
55945 3
55946 2
55947 5
55948 0
55949 3
55950 3
55951 2
55952 1
55953 1
55954 0
55955 0
55956 3
55957 3
55958 2
55959 2
55960 1
55961 3
55962 2
55963 3
55964 2
55965 4
55966 2
55967 1
55968 2
55969 1
55970 2
55971 3
55972 3
55973 4
55974 0
55975 1
55976 1
55977 3
55978 4
55979 3
55980 3
55981 2
55982 1
55983 0
55984 2
55985 4
55986 3
55987 3
55988 2
55989 4
55990 4
55991 3
55992 2
55993 2
55994 1
55995 2
55996 3
55997 2
55998 4
55999 4
56000 5
56001 2
56002 3
56003 3
56004 0
56005 4
56006 3
56007 0
56008 1
56009 1
56010 0
56011 4
56012 0
56013 2
56014 0
56015 3
56016 0
56017 1
56018 3
56019 0
56020 1
56021 3
56022 0
56023 3
56024 0
56025 4
56026 2
56027 3
56028 0
56029 2
56030 2
56031 2
56032 0
56033 4
56034 0
56035 2
56036 0
56037 3
56038 1
56039 4
56040 4
56041 0
56042 2
56043 5
56044 3
56045 3
56046 0
56047 3
56048 1
56049 3
56050 3
56051 2
56052 0
56053 5
56054 1
56055 4
56056 3
56057 1
56058 4
56059 2
56060 5
56061 3
56062 4
56063 0
56064 3
56065 0
56066 1
56067 4
56068 2
56069 4
56070 4
56071 2
56072 0
56073 2
56074 1
56075 1
56076 0
56077 2
56078 3
56079 2
56080 4
56081 3
56082 2
56083 3
56084 1
56085 1
56086 1
56087 2
56088 3
56089 0
56090 0
56091 4
56092 1
56093 0
56094 4
56095 3
56096 1
56097 1
56098 1
56099 1
56100 0
56101 4
56102 4
56103 0
56104 1
56105 0
56106 1
56107 0
56108 2
56109 0
56110 2
56111 2
56112 2
56113 1
56114 3
56115 4
56116 2
56117 2
56118 3
56119 3
56120 1
56121 2
56122 5
56123 1
56124 0
56125 0
56126 5
56127 5
56128 0
56129 4
56130 0
56131 4
56132 2
56133 2
56134 6
56135 2
56136 1
56137 0
56138 3
56139 0
56140 2
56141 2
56142 2
56143 2
56144 3
56145 0
56146 0
56147 1
56148 0
56149 1
56150 2
56151 2
56152 2
56153 1
56154 0
56155 4
56156 1
56157 4
56158 1
56159 4
56160 3
56161 1
56162 2
56163 5
56164 3
56165 3
56166 3
56167 5
56168 4
56169 1
56170 3
56171 2
56172 0
56173 1
56174 4
56175 1
56176 5
56177 2
56178 0
56179 5
56180 5
56181 3
56182 5
56183 2
56184 0
56185 2
56186 1
56187 0
56188 2
56189 0
56190 4
56191 3
56192 4
56193 2
56194 4
56195 3
56196 0
56197 2
56198 2
56199 2
56200 4
56201 4
56202 3
56203 0
56204 0
56205 1
56206 4
56207 0
56208 1
56209 0
56210 0
56211 2
56212 4
56213 3
56214 3
56215 2
56216 5
56217 3
56218 2
56219 3
56220 3
56221 4
56222 3
56223 2
56224 1
56225 1
56226 2
56227 4
56228 4
56229 1
56230 0
56231 1
56232 1
56233 3
56234 4
56235 2
56236 3
56237 4
56238 1
56239 1
56240 2
56241 2
56242 1
56243 1
56244 0
56245 0
56246 0
56247 1
56248 1
56249 3
56250 3
56251 3
56252 3
56253 5
56254 5
56255 1
56256 4
56257 2
56258 0
56259 2
56260 2
56261 0
56262 1
56263 0
56264 2
56265 2
56266 5
56267 4
56268 0
56269 2
56270 4
56271 3
56272 2
56273 2
56274 2
56275 4
56276 1
56277 0
56278 3
56279 1
56280 0
56281 5
56282 3
56283 3
56284 1
56285 1
56286 3
56287 1
56288 2
56289 3
56290 3
56291 1
56292 2
56293 2
56294 1
56295 1
56296 3
56297 5
56298 2
56299 2
56300 2
56301 0
56302 0
56303 2
56304 3
56305 1
56306 0
56307 2
56308 3
56309 1
56310 0
56311 3
56312 3
56313 0
56314 1
56315 2
56316 3
56317 3
56318 2
56319 2
56320 1
56321 4
56322 4
56323 0
56324 2
56325 0
56326 5
56327 4
56328 3
56329 1
56330 2
56331 1
56332 4
56333 2
56334 4
56335 5
56336 0
56337 1
56338 1
56339 2
56340 5
56341 1
56342 0
56343 2
56344 2
56345 3
56346 2
56347 2
56348 3
56349 1
56350 1
56351 3
56352 2
56353 3
56354 2
56355 3
56356 3
56357 1
56358 0
56359 3
56360 2
56361 0
56362 4
56363 4
56364 4
56365 0
56366 5
56367 2
56368 0
56369 4
56370 2
56371 0
56372 3
56373 1
56374 2
56375 3
56376 1
56377 4
56378 0
56379 4
56380 3
56381 1
56382 3
56383 5
56384 4
56385 3
56386 2
56387 0
56388 2
56389 1
56390 1
56391 3
56392 4
56393 0
56394 3
56395 1
56396 2
56397 3
56398 3
56399 1
56400 0
56401 2
56402 1
56403 3
56404 2
56405 2
56406 2
56407 3
56408 4
56409 0
56410 0
56411 5
56412 0
56413 5
56414 0
56415 4
56416 0
56417 3
56418 5
56419 4
56420 3
56421 0
56422 0
56423 1
56424 1
56425 1
56426 3
56427 0
56428 4
56429 1
56430 0
56431 2
56432 1
56433 2
56434 2
56435 3
56436 5
56437 3
56438 1
56439 0
56440 2
56441 2
56442 1
56443 3
56444 2
56445 5
56446 4
56447 1
56448 2
56449 0
56450 2
56451 3
56452 2
56453 1
56454 2
56455 2
56456 0
56457 5
56458 5
56459 5
56460 0
56461 3
56462 3
56463 1
56464 3
56465 4
56466 2
56467 2
56468 2
56469 0
56470 2
56471 1
56472 1
56473 4
56474 2
56475 5
56476 0
56477 1
56478 1
56479 2
56480 3
56481 1
56482 4
56483 1
56484 1
56485 0
56486 3
56487 5
56488 2
56489 2
56490 0
56491 5
56492 0
56493 0
56494 4
56495 5
56496 4
56497 3
56498 4
56499 3
56500 1
56501 0
56502 3
56503 3
56504 2
56505 2
56506 1
56507 4
56508 4
56509 1
56510 4
56511 2
56512 2
56513 2
56514 2
56515 3
56516 0
56517 0
56518 4
56519 1
56520 0
56521 3
56522 1
56523 5
56524 1
56525 1
56526 4
56527 5
56528 3
56529 4
56530 3
56531 2
56532 3
56533 3
56534 2
56535 4
56536 2
56537 1
56538 2
56539 5
56540 0
56541 2
56542 0
56543 1
56544 1
56545 3
56546 2
56547 2
56548 4
56549 1
56550 3
56551 0
56552 4
56553 4
56554 2
56555 2
56556 3
56557 3
56558 0
56559 1
56560 0
56561 3
56562 3
56563 1
56564 2
56565 0
56566 3
56567 2
56568 0
56569 5
56570 4
56571 0
56572 5
56573 4
56574 2
56575 2
56576 3
56577 1
56578 3
56579 0
56580 3
56581 1
56582 2
56583 4
56584 4
56585 2
56586 4
56587 2
56588 3
56589 4
56590 1
56591 2
56592 0
56593 0
56594 2
56595 3
56596 3
56597 4
56598 3
56599 1
56600 1
56601 0
56602 0
56603 1
56604 1
56605 4
56606 2
56607 3
56608 0
56609 1
56610 2
56611 3
56612 2
56613 4
56614 0
56615 4
56616 1
56617 0
56618 1
56619 4
56620 3
56621 3
56622 1
56623 0
56624 2
56625 2
56626 3
56627 2
56628 3
56629 0
56630 2
56631 0
56632 1
56633 0
56634 3
56635 5
56636 3
56637 4
56638 2
56639 1
56640 0
56641 1
56642 4
56643 0
56644 3
56645 0
56646 2
56647 5
56648 3
56649 3
56650 1
56651 1
56652 1
56653 4
56654 1
56655 3
56656 1
56657 1
56658 0
56659 0
56660 2
56661 1
56662 4
56663 3
56664 1
56665 2
56666 3
56667 0
56668 2
56669 0
56670 3
56671 1
56672 3
56673 0
56674 0
56675 1
56676 1
56677 3
56678 3
56679 0
56680 3
56681 1
56682 2
56683 2
56684 0
56685 0
56686 0
56687 1
56688 2
56689 4
56690 1
56691 0
56692 1
56693 1
56694 1
56695 2
56696 3
56697 4
56698 0
56699 5
56700 1
56701 3
56702 1
56703 2
56704 0
56705 0
56706 5
56707 1
56708 1
56709 0
56710 4
56711 5
56712 3
56713 0
56714 4
56715 2
56716 0
56717 0
56718 3
56719 0
56720 2
56721 2
56722 1
56723 3
56724 3
56725 4
56726 2
56727 3
56728 4
56729 3
56730 1
56731 4
56732 1
56733 2
56734 3
56735 2
56736 4
56737 0
56738 1
56739 1
56740 0
56741 3
56742 2
56743 0
56744 3
56745 5
56746 0
56747 2
56748 0
56749 0
56750 2
56751 3
56752 3
56753 1
56754 0
56755 1
56756 1
56757 1
56758 4
56759 3
56760 2
56761 0
56762 2
56763 4
56764 5
56765 3
56766 2
56767 1
56768 1
56769 4
56770 1
56771 5
56772 0
56773 4
56774 2
56775 4
56776 0
56777 0
56778 4
56779 0
56780 2
56781 4
56782 0
56783 0
56784 1
56785 0
56786 2
56787 2
56788 0
56789 4
56790 1
56791 1
56792 3
56793 5
56794 2
56795 0
56796 5
56797 2
56798 5
56799 1
56800 4
56801 2
56802 1
56803 5
56804 1
56805 0
56806 1
56807 2
56808 0
56809 1
56810 2
56811 1
56812 3
56813 2
56814 0
56815 0
56816 2
56817 4
56818 5
56819 2
56820 2
56821 2
56822 2
56823 1
56824 4
56825 1
56826 3
56827 0
56828 0
56829 2
56830 4
56831 4
56832 0
56833 1
56834 4
56835 3
56836 4
56837 1
56838 4
56839 1
56840 1
56841 5
56842 2
56843 3
56844 4
56845 1
56846 2
56847 0
56848 4
56849 2
56850 4
56851 0
56852 1
56853 0
56854 0
56855 4
56856 2
56857 2
56858 3
56859 6
56860 2
56861 2
56862 1
56863 0
56864 3
56865 2
56866 2
56867 0
56868 3
56869 1
56870 2
56871 2
56872 3
56873 0
56874 1
56875 2
56876 0
56877 1
56878 1
56879 0
56880 1
56881 1
56882 1
56883 4
56884 3
56885 1
56886 0
56887 2
56888 1
56889 1
56890 0
56891 2
56892 1
56893 2
56894 5
56895 2
56896 1
56897 2
56898 3
56899 2
56900 0
56901 3
56902 2
56903 2
56904 3
56905 4
56906 3
56907 2
56908 2
56909 3
56910 2
56911 4
56912 0
56913 3
56914 3
56915 0
56916 0
56917 0
56918 3
56919 0
56920 0
56921 2
56922 2
56923 3
56924 3
56925 4
56926 3
56927 1
56928 3
56929 4
56930 1
56931 4
56932 3
56933 1
56934 3
56935 3
56936 5
56937 1
56938 4
56939 2
56940 2
56941 0
56942 3
56943 2
56944 4
56945 3
56946 3
56947 4
56948 1
56949 2
56950 5
56951 1
56952 0
56953 1
56954 0
56955 3
56956 3
56957 4
56958 2
56959 1
56960 1
56961 4
56962 2
56963 0
56964 5
56965 1
56966 0
56967 3
56968 2
56969 2
56970 3
56971 1
56972 4
56973 1
56974 0
56975 5
56976 2
56977 3
56978 1
56979 4
56980 1
56981 1
56982 1
56983 3
56984 2
56985 4
56986 2
56987 4
56988 2
56989 1
56990 3
56991 3
56992 0
56993 1
56994 0
56995 1
56996 1
56997 1
56998 4
56999 3
57000 0
57001 3
57002 4
57003 2
57004 1
57005 0
57006 5
57007 1
57008 4
57009 2
57010 4
57011 3
57012 4
57013 2
57014 0
57015 0
57016 4
57017 3
57018 4
57019 2
57020 1
57021 3
57022 3
57023 1
57024 1
57025 3
57026 2
57027 0
57028 3
57029 2
57030 4
57031 2
57032 4
57033 3
57034 4
57035 1
57036 3
57037 1
57038 2
57039 3
57040 0
57041 3
57042 1
57043 0
57044 3
57045 4
57046 0
57047 0
57048 5
57049 1
57050 0
57051 3
57052 0
57053 0
57054 2
57055 2
57056 0
57057 1
57058 3
57059 4
57060 3
57061 3
57062 2
57063 0
57064 2
57065 2
57066 2
57067 0
57068 0
57069 3
57070 3
57071 4
57072 1
57073 2
57074 1
57075 2
57076 2
57077 3
57078 0
57079 3
57080 5
57081 2
57082 4
57083 1
57084 1
57085 1
57086 3
57087 0
57088 2
57089 2
57090 1
57091 4
57092 3
57093 2
57094 2
57095 1
57096 5
57097 1
57098 2
57099 4
57100 1
57101 4
57102 5
57103 0
57104 0
57105 2
57106 2
57107 2
57108 2
57109 0
57110 2
57111 2
57112 4
57113 2
57114 4
57115 3
57116 5
57117 2
57118 3
57119 2
57120 1
57121 3
57122 3
57123 4
57124 2
57125 1
57126 1
57127 4
57128 1
57129 2
57130 2
57131 1
57132 3
57133 0
57134 4
57135 2
57136 1
57137 3
57138 0
57139 2
57140 4
57141 0
57142 2
57143 1
57144 3
57145 0
57146 3
57147 4
57148 2
57149 2
57150 2
57151 1
57152 3
57153 3
57154 2
57155 2
57156 3
57157 1
57158 2
57159 2
57160 1
57161 2
57162 1
57163 0
57164 0
57165 1
57166 5
57167 2
57168 4
57169 1
57170 1
57171 0
57172 3
57173 1
57174 3
57175 2
57176 3
57177 0
57178 3
57179 3
57180 2
57181 3
57182 5
57183 4
57184 0
57185 2
57186 0
57187 3
57188 0
57189 2
57190 4
57191 2
57192 5
57193 2
57194 0
57195 4
57196 4
57197 1
57198 4
57199 4
57200 4
57201 3
57202 4
57203 5
57204 0
57205 3
57206 2
57207 1
57208 4
57209 2
57210 2
57211 2
57212 4
57213 1
57214 4
57215 1
57216 1
57217 0
57218 1
57219 1
57220 1
57221 3
57222 2
57223 2
57224 3
57225 4
57226 1
57227 2
57228 0
57229 2
57230 0
57231 2
57232 1
57233 0
57234 0
57235 0
57236 2
57237 4
57238 1
57239 1
57240 5
57241 4
57242 0
57243 5
57244 0
57245 2
57246 0
57247 0
57248 3
57249 0
57250 0
57251 3
57252 1
57253 2
57254 1
57255 1
57256 2
57257 2
57258 3
57259 1
57260 3
57261 1
57262 0
57263 2
57264 0
57265 0
57266 1
57267 5
57268 2
57269 5
57270 2
57271 1
57272 2
57273 3
57274 0
57275 2
57276 4
57277 3
57278 3
57279 0
57280 1
57281 3
57282 3
57283 1
57284 3
57285 2
57286 1
57287 1
57288 3
57289 2
57290 2
57291 1
57292 5
57293 0
57294 3
57295 0
57296 3
57297 3
57298 0
57299 0
57300 4
57301 3
57302 0
57303 5
57304 3
57305 1
57306 4
57307 3
57308 2
57309 1
57310 1
57311 0
57312 1
57313 2
57314 1
57315 1
57316 2
57317 1
57318 0
57319 3
57320 3
57321 3
57322 2
57323 1
57324 2
57325 2
57326 0
57327 1
57328 4
57329 1
57330 3
57331 0
57332 2
57333 2
57334 4
57335 4
57336 2
57337 0
57338 2
57339 2
57340 4
57341 4
57342 1
57343 1
57344 0
57345 3
57346 2
57347 3
57348 0
57349 4
57350 2
57351 1
57352 1
57353 2
57354 0
57355 3
57356 1
57357 3
57358 1
57359 1
57360 3
57361 4
57362 0
57363 2
57364 2
57365 1
57366 2
57367 2
57368 5
57369 0
57370 5
57371 4
57372 4
57373 4
57374 0
57375 1
57376 0
57377 4
57378 2
57379 0
57380 3
57381 2
57382 3
57383 6
57384 1
57385 0
57386 0
57387 0
57388 0
57389 1
57390 3
57391 5
57392 1
57393 1
57394 3
57395 1
57396 0
57397 2
57398 3
57399 4
57400 3
57401 1
57402 0
57403 1
57404 2
57405 4
57406 1
57407 1
57408 3
57409 1
57410 2
57411 1
57412 0
57413 3
57414 2
57415 1
57416 1
57417 1
57418 3
57419 2
57420 3
57421 2
57422 1
57423 2
57424 4
57425 0
57426 0
57427 3
57428 1
57429 3
57430 3
57431 1
57432 1
57433 4
57434 4
57435 2
57436 4
57437 3
57438 0
57439 2
57440 1
57441 0
57442 5
57443 3
57444 4
57445 2
57446 2
57447 2
57448 1
57449 2
57450 3
57451 1
57452 0
57453 4
57454 4
57455 2
57456 3
57457 2
57458 2
57459 0
57460 1
57461 1
57462 3
57463 0
57464 0
57465 2
57466 4
57467 1
57468 3
57469 2
57470 2
57471 2
57472 4
57473 2
57474 1
57475 0
57476 0
57477 0
57478 1
57479 0
57480 0
57481 1
57482 1
57483 4
57484 2
57485 4
57486 1
57487 1
57488 3
57489 3
57490 4
57491 2
57492 3
57493 1
57494 3
57495 3
57496 0
57497 1
57498 1
57499 2
57500 2
57501 5
57502 4
57503 3
57504 3
57505 2
57506 2
57507 2
57508 1
57509 1
57510 0
57511 2
57512 4
57513 0
57514 0
57515 0
57516 1
57517 4
57518 0
57519 3
57520 2
57521 1
57522 5
57523 3
57524 1
57525 0
57526 0
57527 2
57528 1
57529 1
57530 4
57531 5
57532 4
57533 1
57534 0
57535 2
57536 2
57537 2
57538 2
57539 2
57540 0
57541 3
57542 2
57543 2
57544 1
57545 5
57546 0
57547 4
57548 1
57549 0
57550 1
57551 0
57552 2
57553 2
57554 2
57555 1
57556 4
57557 2
57558 2
57559 2
57560 1
57561 5
57562 4
57563 0
57564 5
57565 4
57566 1
57567 2
57568 2
57569 2
57570 1
57571 3
57572 4
57573 1
57574 3
57575 3
57576 0
57577 0
57578 2
57579 1
57580 1
57581 0
57582 3
57583 2
57584 2
57585 4
57586 3
57587 0
57588 2
57589 4
57590 4
57591 3
57592 1
57593 5
57594 3
57595 1
57596 0
57597 1
57598 1
57599 1
57600 5
57601 2
57602 3
57603 4
57604 3
57605 0
57606 0
57607 1
57608 3
57609 0
57610 1
57611 0
57612 0
57613 0
57614 2
57615 0
57616 3
57617 2
57618 2
57619 2
57620 5
57621 0
57622 0
57623 1
57624 4
57625 3
57626 0
57627 3
57628 2
57629 4
57630 3
57631 0
57632 0
57633 3
57634 4
57635 5
57636 2
57637 1
57638 5
57639 0
57640 1
57641 2
57642 5
57643 4
57644 5
57645 2
57646 3
57647 3
57648 2
57649 4
57650 3
57651 0
57652 1
57653 0
57654 5
57655 2
57656 0
57657 1
57658 5
57659 3
57660 2
57661 2
57662 1
57663 3
57664 2
57665 1
57666 0
57667 3
57668 1
57669 0
57670 2
57671 4
57672 3
57673 0
57674 4
57675 3
57676 1
57677 0
57678 0
57679 0
57680 0
57681 3
57682 2
57683 3
57684 2
57685 2
57686 0
57687 0
57688 2
57689 0
57690 4
57691 1
57692 4
57693 0
57694 4
57695 3
57696 1
57697 0
57698 0
57699 0
57700 1
57701 4
57702 4
57703 3
57704 1
57705 2
57706 5
57707 0
57708 4
57709 4
57710 2
57711 0
57712 0
57713 0
57714 1
57715 2
57716 2
57717 2
57718 1
57719 2
57720 3
57721 0
57722 4
57723 5
57724 2
57725 2
57726 2
57727 1
57728 1
57729 1
57730 2
57731 2
57732 3
57733 5
57734 3
57735 0
57736 4
57737 2
57738 1
57739 0
57740 3
57741 2
57742 0
57743 4
57744 3
57745 2
57746 4
57747 2
57748 5
57749 1
57750 5
57751 1
57752 2
57753 1
57754 1
57755 1
57756 1
57757 2
57758 0
57759 3
57760 0
57761 4
57762 2
57763 4
57764 1
57765 2
57766 3
57767 4
57768 0
57769 3
57770 4
57771 4
57772 1
57773 1
57774 0
57775 1
57776 0
57777 5
57778 2
57779 1
57780 2
57781 4
57782 0
57783 2
57784 2
57785 5
57786 1
57787 3
57788 2
57789 2
57790 3
57791 3
57792 0
57793 1
57794 1
57795 1
57796 4
57797 3
57798 5
57799 5
57800 4
57801 3
57802 2
57803 0
57804 2
57805 3
57806 2
57807 0
57808 3
57809 1
57810 0
57811 3
57812 0
57813 1
57814 3
57815 0
57816 4
57817 1
57818 1
57819 1
57820 0
57821 2
57822 0
57823 0
57824 1
57825 2
57826 3
57827 0
57828 0
57829 5
57830 2
57831 1
57832 1
57833 3
57834 3
57835 4
57836 3
57837 4
57838 3
57839 2
57840 0
57841 1
57842 0
57843 3
57844 2
57845 0
57846 1
57847 2
57848 2
57849 4
57850 2
57851 2
57852 4
57853 1
57854 0
57855 0
57856 4
57857 2
57858 0
57859 0
57860 2
57861 3
57862 4
57863 3
57864 3
57865 1
57866 4
57867 0
57868 4
57869 4
57870 1
57871 1
57872 1
57873 0
57874 2
57875 5
57876 1
57877 0
57878 0
57879 3
57880 2
57881 4
57882 3
57883 2
57884 4
57885 0
57886 4
57887 1
57888 2
57889 2
57890 0
57891 1
57892 3
57893 1
57894 4
57895 4
57896 1
57897 5
57898 1
57899 3
57900 5
57901 3
57902 1
57903 0
57904 4
57905 1
57906 1
57907 4
57908 2
57909 2
57910 0
57911 0
57912 0
57913 4
57914 4
57915 4
57916 2
57917 2
57918 3
57919 1
57920 2
57921 2
57922 1
57923 4
57924 4
57925 2
57926 1
57927 4
57928 2
57929 2
57930 1
57931 1
57932 2
57933 1
57934 1
57935 0
57936 0
57937 3
57938 1
57939 2
57940 0
57941 0
57942 0
57943 2
57944 2
57945 3
57946 3
57947 0
57948 1
57949 4
57950 1
57951 4
57952 2
57953 0
57954 5
57955 3
57956 0
57957 2
57958 5
57959 0
57960 1
57961 3
57962 5
57963 1
57964 2
57965 1
57966 0
57967 3
57968 5
57969 3
57970 4
57971 2
57972 3
57973 5
57974 0
57975 5
57976 5
57977 3
57978 1
57979 3
57980 0
57981 3
57982 0
57983 3
57984 0
57985 0
57986 1
57987 1
57988 4
57989 3
57990 1
57991 0
57992 2
57993 3
57994 2
57995 3
57996 1
57997 3
57998 3
57999 0
58000 4
58001 3
58002 1
58003 1
58004 0
58005 0
58006 4
58007 1
58008 2
58009 0
58010 2
58011 5
58012 0
58013 5
58014 3
58015 4
58016 4
58017 1
58018 3
58019 4
58020 0
58021 4
58022 2
58023 4
58024 3
58025 3
58026 3
58027 5
58028 5
58029 1
58030 4
58031 4
58032 2
58033 1
58034 4
58035 4
58036 1
58037 1
58038 0
58039 1
58040 0
58041 4
58042 4
58043 1
58044 1
58045 3
58046 3
58047 1
58048 1
58049 2
58050 1
58051 1
58052 1
58053 4
58054 4
58055 1
58056 1
58057 3
58058 4
58059 3
58060 3
58061 3
58062 2
58063 4
58064 2
58065 2
58066 3
58067 2
58068 3
58069 5
58070 5
58071 0
58072 0
58073 0
58074 1
58075 0
58076 3
58077 4
58078 0
58079 1
58080 0
58081 1
58082 4
58083 1
58084 4
58085 0
58086 4
58087 2
58088 0
58089 0
58090 1
58091 4
58092 1
58093 4
58094 0
58095 1
58096 5
58097 2
58098 0
58099 1
58100 0
58101 2
58102 0
58103 1
58104 1
58105 3
58106 2
58107 4
58108 2
58109 2
58110 1
58111 3
58112 3
58113 4
58114 1
58115 2
58116 3
58117 3
58118 1
58119 4
58120 0
58121 4
58122 1
58123 4
58124 5
58125 0
58126 0
58127 1
58128 0
58129 3
58130 5
58131 3
58132 4
58133 3
58134 3
58135 1
58136 2
58137 4
58138 1
58139 1
58140 3
58141 0
58142 4
58143 0
58144 4
58145 3
58146 0
58147 3
58148 2
58149 3
58150 1
58151 2
58152 0
58153 3
58154 1
58155 0
58156 2
58157 0
58158 3
58159 0
58160 2
58161 0
58162 2
58163 3
58164 4
58165 3
58166 4
58167 5
58168 2
58169 4
58170 3
58171 4
58172 4
58173 2
58174 1
58175 4
58176 1
58177 0
58178 4
58179 1
58180 1
58181 2
58182 5
58183 0
58184 3
58185 1
58186 1
58187 4
58188 3
58189 2
58190 0
58191 2
58192 5
58193 3
58194 3
58195 1
58196 2
58197 1
58198 1
58199 1
58200 4
58201 0
58202 3
58203 0
58204 4
58205 3
58206 3
58207 0
58208 0
58209 3
58210 5
58211 0
58212 4
58213 3
58214 3
58215 1
58216 2
58217 3
58218 5
58219 2
58220 2
58221 4
58222 1
58223 3
58224 4
58225 0
58226 4
58227 0
58228 0
58229 1
58230 2
58231 3
58232 1
58233 3
58234 1
58235 0
58236 1
58237 3
58238 2
58239 3
58240 3
58241 2
58242 4
58243 4
58244 1
58245 5
58246 3
58247 3
58248 3
58249 1
58250 4
58251 4
58252 2
58253 3
58254 4
58255 3
58256 4
58257 1
58258 4
58259 1
58260 2
58261 3
58262 4
58263 0
58264 4
58265 1
58266 3
58267 5
58268 0
58269 4
58270 2
58271 0
58272 4
58273 0
58274 3
58275 3
58276 0
58277 1
58278 1
58279 0
58280 0
58281 0
58282 4
58283 1
58284 2
58285 5
58286 2
58287 4
58288 2
58289 3
58290 0
58291 1
58292 0
58293 3
58294 2
58295 0
58296 2
58297 1
58298 5
58299 2
58300 2
58301 1
58302 4
58303 1
58304 2
58305 1
58306 5
58307 0
58308 2
58309 0
58310 2
58311 4
58312 0
58313 3
58314 2
58315 3
58316 3
58317 3
58318 3
58319 0
58320 3
58321 3
58322 5
58323 3
58324 0
58325 2
58326 4
58327 4
58328 2
58329 3
58330 2
58331 0
58332 3
58333 5
58334 4
58335 1
58336 4
58337 3
58338 2
58339 1
58340 1
58341 2
58342 4
58343 3
58344 0
58345 0
58346 0
58347 2
58348 0
58349 2
58350 0
58351 0
58352 0
58353 1
58354 0
58355 4
58356 5
58357 3
58358 0
58359 3
58360 2
58361 0
58362 2
58363 3
58364 1
58365 1
58366 0
58367 1
58368 2
58369 1
58370 2
58371 2
58372 0
58373 0
58374 3
58375 2
58376 2
58377 1
58378 3
58379 0
58380 0
58381 2
58382 3
58383 1
58384 0
58385 0
58386 4
58387 2
58388 0
58389 1
58390 2
58391 4
58392 0
58393 5
58394 2
58395 1
58396 1
58397 2
58398 3
58399 5
58400 3
58401 1
58402 1
58403 4
58404 6
58405 3
58406 1
58407 3
58408 3
58409 0
58410 4
58411 5
58412 2
58413 2
58414 0
58415 1
58416 3
58417 2
58418 4
58419 1
58420 1
58421 3
58422 2
58423 3
58424 4
58425 3
58426 4
58427 3
58428 0
58429 1
58430 2
58431 5
58432 5
58433 4
58434 1
58435 0
58436 4
58437 2
58438 1
58439 3
58440 3
58441 2
58442 5
58443 0
58444 4
58445 4
58446 4
58447 0
58448 2
58449 4
58450 1
58451 1
58452 0
58453 0
58454 0
58455 4
58456 1
58457 3
58458 0
58459 1
58460 1
58461 0
58462 5
58463 5
58464 1
58465 5
58466 4
58467 1
58468 2
58469 3
58470 5
58471 2
58472 6
58473 1
58474 0
58475 0
58476 4
58477 0
58478 2
58479 0
58480 2
58481 5
58482 1
58483 1
58484 3
58485 1
58486 0
58487 3
58488 0
58489 3
58490 4
58491 0
58492 4
58493 0
58494 2
58495 4
58496 0
58497 2
58498 2
58499 1
58500 0
58501 4
58502 2
58503 0
58504 0
58505 5
58506 3
58507 4
58508 1
58509 2
58510 0
58511 0
58512 0
58513 3
58514 1
58515 0
58516 5
58517 2
58518 3
58519 1
58520 3
58521 3
58522 4
58523 1
58524 4
58525 0
58526 1
58527 2
58528 3
58529 0
58530 3
58531 4
58532 4
58533 0
58534 2
58535 4
58536 1
58537 1
58538 0
58539 2
58540 2
58541 2
58542 2
58543 1
58544 3
58545 0
58546 1
58547 3
58548 0
58549 0
58550 5
58551 2
58552 2
58553 0
58554 0
58555 4
58556 0
58557 2
58558 3
58559 2
58560 2
58561 0
58562 0
58563 0
58564 3
58565 3
58566 3
58567 3
58568 1
58569 1
58570 3
58571 3
58572 2
58573 1
58574 4
58575 5
58576 1
58577 0
58578 1
58579 4
58580 3
58581 3
58582 0
58583 2
58584 4
58585 3
58586 3
58587 4
58588 2
58589 4
58590 1
58591 2
58592 2
58593 0
58594 2
58595 1
58596 6
58597 5
58598 0
58599 3
58600 2
58601 3
58602 5
58603 2
58604 1
58605 2
58606 2
58607 2
58608 3
58609 3
58610 0
58611 3
58612 0
58613 1
58614 1
58615 2
58616 2
58617 4
58618 4
58619 3
58620 0
58621 1
58622 1
58623 0
58624 2
58625 2
58626 2
58627 1
58628 3
58629 4
58630 0
58631 4
58632 5
58633 1
58634 1
58635 0
58636 5
58637 3
58638 2
58639 2
58640 3
58641 1
58642 5
58643 1
58644 0
58645 5
58646 1
58647 1
58648 4
58649 4
58650 2
58651 2
58652 3
58653 0
58654 3
58655 4
58656 3
58657 5
58658 2
58659 1
58660 4
58661 2
58662 4
58663 2
58664 3
58665 1
58666 0
58667 4
58668 1
58669 1
58670 4
58671 4
58672 4
58673 2
58674 1
58675 5
58676 2
58677 2
58678 1
58679 5
58680 0
58681 3
58682 5
58683 5
58684 2
58685 1
58686 2
58687 1
58688 5
58689 4
58690 0
58691 4
58692 4
58693 5
58694 3
58695 1
58696 1
58697 3
58698 5
58699 1
58700 0
58701 4
58702 2
58703 2
58704 1
58705 2
58706 2
58707 0
58708 1
58709 0
58710 3
58711 3
58712 3
58713 2
58714 4
58715 0
58716 5
58717 2
58718 1
58719 1
58720 0
58721 4
58722 3
58723 1
58724 4
58725 4
58726 2
58727 5
58728 4
58729 0
58730 5
58731 3
58732 4
58733 2
58734 0
58735 2
58736 3
58737 0
58738 1
58739 3
58740 1
58741 2
58742 4
58743 5
58744 4
58745 3
58746 4
58747 1
58748 1
58749 2
58750 2
58751 3
58752 3
58753 3
58754 4
58755 3
58756 5
58757 1
58758 0
58759 0
58760 4
58761 1
58762 2
58763 0
58764 2
58765 3
58766 4
58767 2
58768 3
58769 2
58770 1
58771 5
58772 0
58773 0
58774 3
58775 4
58776 3
58777 2
58778 4
58779 1
58780 2
58781 0
58782 4
58783 0
58784 3
58785 1
58786 1
58787 3
58788 2
58789 3
58790 1
58791 4
58792 2
58793 1
58794 4
58795 2
58796 0
58797 2
58798 2
58799 5
58800 4
58801 0
58802 0
58803 4
58804 0
58805 2
58806 0
58807 1
58808 5
58809 0
58810 4
58811 0
58812 4
58813 5
58814 1
58815 4
58816 0
58817 2
58818 1
58819 4
58820 4
58821 3
58822 6
58823 4
58824 1
58825 0
58826 0
58827 3
58828 3
58829 2
58830 0
58831 5
58832 1
58833 3
58834 1
58835 1
58836 0
58837 4
58838 3
58839 2
58840 4
58841 3
58842 0
58843 1
58844 4
58845 3
58846 2
58847 3
58848 0
58849 4
58850 1
58851 3
58852 3
58853 2
58854 3
58855 0
58856 1
58857 1
58858 1
58859 2
58860 2
58861 2
58862 0
58863 0
58864 0
58865 2
58866 0
58867 2
58868 2
58869 3
58870 3
58871 2
58872 4
58873 0
58874 5
58875 0
58876 1
58877 3
58878 4
58879 3
58880 4
58881 4
58882 1
58883 6
58884 3
58885 2
58886 4
58887 5
58888 0
58889 0
58890 2
58891 3
58892 1
58893 0
58894 2
58895 1
58896 2
58897 1
58898 4
58899 0
58900 4
58901 2
58902 0
58903 1
58904 3
58905 1
58906 2
58907 0
58908 2
58909 1
58910 0
58911 3
58912 3
58913 1
58914 0
58915 1
58916 0
58917 0
58918 2
58919 3
58920 3
58921 0
58922 4
58923 2
58924 0
58925 2
58926 0
58927 4
58928 0
58929 3
58930 0
58931 1
58932 0
58933 1
58934 4
58935 3
58936 2
58937 3
58938 6
58939 3
58940 2
58941 0
58942 3
58943 0
58944 0
58945 2
58946 2
58947 0
58948 4
58949 0
58950 2
58951 3
58952 0
58953 0
58954 1
58955 5
58956 2
58957 2
58958 2
58959 1
58960 0
58961 2
58962 4
58963 4
58964 2
58965 0
58966 2
58967 1
58968 3
58969 1
58970 1
58971 3
58972 0
58973 2
58974 2
58975 3
58976 1
58977 2
58978 3
58979 0
58980 1
58981 2
58982 5
58983 2
58984 2
58985 0
58986 2
58987 0
58988 2
58989 3
58990 4
58991 0
58992 2
58993 3
58994 3
58995 1
58996 0
58997 3
58998 3
58999 1
59000 2
59001 4
59002 3
59003 1
59004 0
59005 2
59006 4
59007 5
59008 4
59009 0
59010 2
59011 3
59012 1
59013 0
59014 3
59015 1
59016 4
59017 0
59018 3
59019 2
59020 1
59021 2
59022 4
59023 3
59024 3
59025 2
59026 2
59027 4
59028 3
59029 1
59030 1
59031 4
59032 2
59033 0
59034 1
59035 4
59036 2
59037 0
59038 4
59039 1
59040 1
59041 0
59042 0
59043 2
59044 1
59045 4
59046 4
59047 3
59048 1
59049 0
59050 3
59051 3
59052 2
59053 1
59054 1
59055 2
59056 1
59057 0
59058 1
59059 1
59060 0
59061 0
59062 4
59063 5
59064 5
59065 0
59066 2
59067 6
59068 0
59069 2
59070 4
59071 1
59072 4
59073 2
59074 4
59075 5
59076 0
59077 3
59078 0
59079 1
59080 3
59081 3
59082 0
59083 3
59084 1
59085 0
59086 3
59087 1
59088 0
59089 1
59090 4
59091 3
59092 3
59093 3
59094 2
59095 3
59096 1
59097 2
59098 1
59099 4
59100 2
59101 0
59102 3
59103 5
59104 4
59105 0
59106 0
59107 4
59108 4
59109 0
59110 4
59111 3
59112 2
59113 2
59114 0
59115 5
59116 4
59117 3
59118 2
59119 0
59120 5
59121 2
59122 2
59123 0
59124 1
59125 3
59126 1
59127 2
59128 1
59129 2
59130 5
59131 3
59132 2
59133 4
59134 2
59135 0
59136 1
59137 0
59138 3
59139 4
59140 0
59141 2
59142 2
59143 2
59144 0
59145 3
59146 4
59147 2
59148 0
59149 0
59150 3
59151 4
59152 0
59153 0
59154 4
59155 1
59156 3
59157 4
59158 5
59159 3
59160 2
59161 4
59162 1
59163 4
59164 2
59165 4
59166 0
59167 5
59168 4
59169 0
59170 1
59171 0
59172 2
59173 4
59174 5
59175 0
59176 2
59177 3
59178 1
59179 3
59180 0
59181 1
59182 4
59183 6
59184 0
59185 1
59186 3
59187 2
59188 4
59189 2
59190 0
59191 4
59192 2
59193 3
59194 0
59195 4
59196 1
59197 1
59198 2
59199 1
59200 5
59201 3
59202 4
59203 5
59204 0
59205 3
59206 3
59207 0
59208 0
59209 0
59210 0
59211 2
59212 0
59213 4
59214 1
59215 0
59216 4
59217 1
59218 0
59219 1
59220 1
59221 3
59222 3
59223 4
59224 4
59225 4
59226 4
59227 2
59228 4
59229 2
59230 4
59231 0
59232 0
59233 0
59234 1
59235 0
59236 0
59237 1
59238 0
59239 4
59240 1
59241 0
59242 4
59243 3
59244 0
59245 3
59246 2
59247 0
59248 2
59249 3
59250 3
59251 2
59252 0
59253 4
59254 2
59255 1
59256 2
59257 0
59258 3
59259 3
59260 2
59261 3
59262 4
59263 3
59264 4
59265 1
59266 5
59267 2
59268 1
59269 4
59270 2
59271 4
59272 3
59273 4
59274 0
59275 1
59276 1
59277 3
59278 3
59279 0
59280 0
59281 3
59282 1
59283 3
59284 0
59285 1
59286 2
59287 1
59288 1
59289 2
59290 3
59291 2
59292 0
59293 0
59294 0
59295 4
59296 2
59297 1
59298 0
59299 1
59300 0
59301 5
59302 3
59303 0
59304 1
59305 4
59306 1
59307 3
59308 1
59309 1
59310 2
59311 4
59312 2
59313 0
59314 0
59315 2
59316 0
59317 0
59318 4
59319 1
59320 0
59321 1
59322 5
59323 5
59324 0
59325 5
59326 0
59327 0
59328 3
59329 1
59330 1
59331 5
59332 3
59333 1
59334 1
59335 2
59336 4
59337 3
59338 0
59339 1
59340 1
59341 3
59342 3
59343 0
59344 3
59345 3
59346 1
59347 5
59348 0
59349 0
59350 3
59351 3
59352 0
59353 4
59354 0
59355 2
59356 5
59357 2
59358 1
59359 2
59360 3
59361 2
59362 0
59363 1
59364 3
59365 0
59366 5
59367 4
59368 2
59369 3
59370 3
59371 1
59372 2
59373 4
59374 3
59375 5
59376 3
59377 0
59378 4
59379 5
59380 3
59381 2
59382 4
59383 6
59384 2
59385 2
59386 4
59387 5
59388 3
59389 0
59390 1
59391 5
59392 0
59393 3
59394 2
59395 4
59396 2
59397 2
59398 2
59399 0
59400 2
59401 2
59402 4
59403 3
59404 4
59405 2
59406 5
59407 1
59408 1
59409 2
59410 0
59411 4
59412 4
59413 1
59414 5
59415 3
59416 1
59417 0
59418 0
59419 0
59420 1
59421 2
59422 1
59423 4
59424 4
59425 2
59426 6
59427 3
59428 0
59429 0
59430 0
59431 4
59432 5
59433 0
59434 4
59435 2
59436 1
59437 0
59438 1
59439 2
59440 0
59441 2
59442 5
59443 4
59444 1
59445 2
59446 0
59447 3
59448 1
59449 0
59450 0
59451 3
59452 4
59453 2
59454 1
59455 3
59456 3
59457 4
59458 1
59459 4
59460 3
59461 1
59462 0
59463 3
59464 1
59465 2
59466 5
59467 1
59468 0
59469 4
59470 2
59471 2
59472 3
59473 1
59474 4
59475 2
59476 5
59477 2
59478 2
59479 0
59480 1
59481 1
59482 3
59483 0
59484 0
59485 3
59486 2
59487 4
59488 1
59489 0
59490 1
59491 1
59492 1
59493 1
59494 1
59495 2
59496 5
59497 0
59498 2
59499 0
59500 0
59501 4
59502 5
59503 0
59504 2
59505 0
59506 3
59507 2
59508 1
59509 3
59510 1
59511 2
59512 2
59513 5
59514 5
59515 1
59516 0
59517 1
59518 0
59519 2
59520 2
59521 4
59522 4
59523 3
59524 1
59525 4
59526 4
59527 1
59528 3
59529 3
59530 2
59531 4
59532 5
59533 1
59534 4
59535 0
59536 0
59537 2
59538 4
59539 1
59540 3
59541 0
59542 1
59543 0
59544 0
59545 1
59546 3
59547 1
59548 0
59549 2
59550 2
59551 2
59552 2
59553 0
59554 0
59555 4
59556 0
59557 2
59558 3
59559 5
59560 4
59561 0
59562 5
59563 3
59564 5
59565 2
59566 3
59567 0
59568 0
59569 1
59570 1
59571 2
59572 0
59573 0
59574 3
59575 0
59576 0
59577 0
59578 1
59579 5
59580 2
59581 3
59582 5
59583 1
59584 4
59585 0
59586 3
59587 1
59588 1
59589 4
59590 0
59591 5
59592 0
59593 2
59594 2
59595 1
59596 3
59597 1
59598 3
59599 3
59600 3
59601 2
59602 5
59603 1
59604 3
59605 2
59606 3
59607 0
59608 1
59609 0
59610 1
59611 2
59612 0
59613 2
59614 2
59615 2
59616 4
59617 3
59618 5
59619 2
59620 4
59621 4
59622 4
59623 1
59624 4
59625 2
59626 4
59627 4
59628 1
59629 1
59630 5
59631 0
59632 1
59633 0
59634 3
59635 1
59636 5
59637 5
59638 2
59639 2
59640 0
59641 3
59642 5
59643 3
59644 0
59645 3
59646 0
59647 3
59648 3
59649 0
59650 0
59651 0
59652 1
59653 5
59654 1
59655 1
59656 2
59657 1
59658 5
59659 2
59660 4
59661 2
59662 3
59663 0
59664 5
59665 2
59666 5
59667 1
59668 4
59669 2
59670 5
59671 2
59672 1
59673 0
59674 3
59675 5
59676 0
59677 1
59678 1
59679 4
59680 4
59681 5
59682 4
59683 5
59684 0
59685 3
59686 4
59687 2
59688 1
59689 0
59690 3
59691 4
59692 2
59693 5
59694 3
59695 3
59696 3
59697 1
59698 3
59699 2
59700 1
59701 2
59702 1
59703 4
59704 2
59705 1
59706 1
59707 2
59708 0
59709 0
59710 1
59711 0
59712 4
59713 3
59714 1
59715 3
59716 2
59717 2
59718 1
59719 1
59720 1
59721 1
59722 0
59723 2
59724 4
59725 5
59726 2
59727 1
59728 1
59729 1
59730 1
59731 0
59732 3
59733 5
59734 0
59735 2
59736 2
59737 3
59738 0
59739 0
59740 1
59741 0
59742 4
59743 1
59744 3
59745 1
59746 3
59747 3
59748 1
59749 0
59750 2
59751 4
59752 3
59753 1
59754 1
59755 1
59756 0
59757 1
59758 0
59759 3
59760 3
59761 1
59762 1
59763 0
59764 2
59765 1
59766 2
59767 2
59768 0
59769 4
59770 3
59771 1
59772 4
59773 1
59774 4
59775 1
59776 3
59777 3
59778 0
59779 0
59780 1
59781 4
59782 2
59783 3
59784 4
59785 1
59786 3
59787 2
59788 0
59789 2
59790 2
59791 4
59792 3
59793 4
59794 4
59795 4
59796 0
59797 2
59798 1
59799 1
59800 3
59801 5
59802 4
59803 4
59804 4
59805 0
59806 1
59807 4
59808 3
59809 0
59810 0
59811 0
59812 2
59813 1
59814 3
59815 0
59816 4
59817 0
59818 1
59819 0
59820 3
59821 2
59822 2
59823 1
59824 0
59825 2
59826 1
59827 0
59828 1
59829 1
59830 1
59831 2
59832 2
59833 4
59834 0
59835 2
59836 3
59837 5
59838 1
59839 4
59840 4
59841 2
59842 1
59843 5
59844 0
59845 1
59846 1
59847 4
59848 1
59849 1
59850 1
59851 2
59852 1
59853 0
59854 1
59855 1
59856 0
59857 2
59858 4
59859 5
59860 0
59861 1
59862 1
59863 2
59864 2
59865 4
59866 4
59867 5
59868 1
59869 5
59870 0
59871 3
59872 0
59873 2
59874 2
59875 4
59876 2
59877 1
59878 1
59879 5
59880 4
59881 2
59882 0
59883 3
59884 3
59885 4
59886 1
59887 0
59888 4
59889 0
59890 1
59891 2
59892 0
59893 3
59894 0
59895 4
59896 1
59897 3
59898 1
59899 0
59900 0
59901 3
59902 2
59903 4
59904 2
59905 3
59906 0
59907 2
59908 3
59909 0
59910 2
59911 1
59912 1
59913 0
59914 2
59915 1
59916 0
59917 4
59918 0
59919 3
59920 2
59921 0
59922 1
59923 1
59924 3
59925 5
59926 3
59927 3
59928 3
59929 3
59930 2
59931 2
59932 2
59933 2
59934 0
59935 2
59936 1
59937 0
59938 2
59939 1
59940 3
59941 3
59942 2
59943 0
59944 0
59945 3
59946 0
59947 1
59948 1
59949 2
59950 3
59951 2
59952 4
59953 2
59954 4
59955 4
59956 3
59957 0
59958 2
59959 2
59960 2
59961 0
59962 2
59963 3
59964 2
59965 4
59966 4
59967 1
59968 2
59969 3
59970 0
59971 5
59972 2
59973 0
59974 2
59975 4
59976 1
59977 2
59978 0
59979 4
59980 0
59981 1
59982 1
59983 2
59984 5
59985 1
59986 1
59987 4
59988 0
59989 4
59990 2
59991 1
59992 0
59993 1
59994 3
59995 0
59996 5
59997 4
59998 1
59999 2
60000 0
60001 1
60002 5
60003 3
60004 0
60005 3
60006 4
60007 4
60008 0
60009 2
60010 2
60011 0
60012 2
60013 2
60014 4
60015 2
60016 2
60017 4
60018 3
60019 2
60020 2
60021 4
60022 0
60023 4
60024 1
60025 2
60026 1
60027 1
60028 1
60029 2
60030 1
60031 3
60032 4
60033 0
60034 1
60035 2
60036 2
60037 0
60038 1
60039 3
60040 3
60041 3
60042 4
60043 5
60044 2
60045 3
60046 4
60047 4
60048 2
60049 3
60050 1
60051 2
60052 0
60053 0
60054 4
60055 3
60056 3
60057 1
60058 1
60059 2
60060 4
60061 3
60062 4
60063 3
60064 4
60065 3
60066 2
60067 1
60068 2
60069 5
60070 2
60071 4
60072 3
60073 3
60074 2
60075 0
60076 2
60077 5
60078 1
60079 3
60080 0
60081 3
60082 1
60083 2
60084 3
60085 2
60086 2
60087 0
60088 3
60089 0
60090 3
60091 0
60092 2
60093 1
60094 2
60095 3
60096 1
60097 1
60098 1
60099 5
60100 3
60101 0
60102 4
60103 4
60104 4
60105 2
60106 4
60107 2
60108 6
60109 1
60110 4
60111 1
60112 1
60113 0
60114 2
60115 3
60116 4
60117 4
60118 2
60119 4
60120 1
60121 3
60122 3
60123 0
60124 0
60125 0
60126 1
60127 1
60128 4
60129 1
60130 3
60131 3
60132 1
60133 1
60134 1
60135 3
60136 1
60137 1
60138 5
60139 0
60140 3
60141 1
60142 3
60143 2
60144 1
60145 2
60146 1
60147 3
60148 3
60149 2
60150 3
60151 2
60152 3
60153 0
60154 1
60155 2
60156 5
60157 2
60158 2
60159 3
60160 2
60161 0
60162 2
60163 2
60164 1
60165 4
60166 3
60167 0
60168 1
60169 2
60170 1
60171 1
60172 3
60173 1
60174 4
60175 4
60176 1
60177 0
60178 1
60179 5
60180 2
60181 3
60182 2
60183 1
60184 2
60185 2
60186 2
60187 1
60188 1
60189 0
60190 3
60191 4
60192 3
60193 3
60194 0
60195 2
60196 2
60197 4
60198 2
60199 1
60200 3
60201 4
60202 3
60203 4
60204 5
60205 3
60206 1
60207 3
60208 3
60209 2
60210 0
60211 2
60212 0
60213 3
60214 1
60215 0
60216 2
60217 3
60218 3
60219 3
60220 0
60221 3
60222 3
60223 1
60224 0
60225 1
60226 2
60227 5
60228 3
60229 1
60230 0
60231 2
60232 2
60233 0
60234 1
60235 5
60236 2
60237 2
60238 3
60239 3
60240 2
60241 1
60242 2
60243 3
60244 3
60245 0
60246 0
60247 0
60248 5
60249 3
60250 3
60251 1
60252 2
60253 0
60254 1
60255 3
60256 2
60257 3
60258 0
60259 3
60260 2
60261 2
60262 5
60263 3
60264 3
60265 4
60266 1
60267 1
60268 4
60269 4
60270 1
60271 1
60272 1
60273 1
60274 2
60275 1
60276 3
60277 5
60278 3
60279 4
60280 1
60281 5
60282 0
60283 5
60284 4
60285 1
60286 2
60287 3
60288 2
60289 3
60290 0
60291 1
60292 2
60293 0
60294 2
60295 5
60296 4
60297 1
60298 4
60299 1
60300 1
60301 1
60302 2
60303 2
60304 2
60305 1
60306 2
60307 2
60308 2
60309 2
60310 4
60311 3
60312 2
60313 2
60314 1
60315 0
60316 5
60317 3
60318 0
60319 3
60320 0
60321 5
60322 1
60323 3
60324 4
60325 2
60326 4
60327 3
60328 2
60329 0
60330 3
60331 1
60332 1
60333 1
60334 3
60335 3
60336 1
60337 2
60338 2
60339 4
60340 3
60341 2
60342 3
60343 5
60344 1
60345 3
60346 5
60347 5
60348 3
60349 2
60350 2
60351 0
60352 0
60353 1
60354 1
60355 0
60356 1
60357 1
60358 2
60359 4
60360 1
60361 4
60362 0
60363 1
60364 5
60365 2
60366 1
60367 2
60368 3
60369 1
60370 1
60371 2
60372 4
60373 0
60374 0
60375 2
60376 4
60377 1
60378 2
60379 3
60380 1
60381 4
60382 1
60383 0
60384 2
60385 3
60386 3
60387 3
60388 4
60389 2
60390 3
60391 0
60392 0
60393 0
60394 0
60395 1
60396 1
60397 0
60398 1
60399 1
60400 1
60401 1
60402 1
60403 4
60404 5
60405 3
60406 2
60407 5
60408 0
60409 0
60410 2
60411 0
60412 0
60413 4
60414 1
60415 4
60416 1
60417 4
60418 0
60419 2
60420 0
60421 3
60422 1
60423 5
60424 3
60425 1
60426 2
60427 3
60428 2
60429 3
60430 1
60431 3
60432 1
60433 0
60434 5
60435 3
60436 0
60437 4
60438 0
60439 0
60440 2
60441 3
60442 2
60443 4
60444 4
60445 0
60446 2
60447 0
60448 1
60449 4
60450 4
60451 3
60452 0
60453 3
60454 2
60455 1
60456 4
60457 0
60458 0
60459 3
60460 1
60461 2
60462 5
60463 2
60464 3
60465 2
60466 1
60467 1
60468 0
60469 4
60470 1
60471 1
60472 0
60473 4
60474 2
60475 0
60476 4
60477 2
60478 4
60479 4
60480 2
60481 0
60482 3
60483 4
60484 2
60485 4
60486 4
60487 3
60488 3
60489 0
60490 0
60491 3
60492 2
60493 1
60494 4
60495 3
60496 0
60497 1
60498 2
60499 3
60500 0
60501 2
60502 2
60503 0
60504 2
60505 1
60506 0
60507 1
60508 0
60509 2
60510 4
60511 0
60512 0
60513 4
60514 4
60515 5
60516 1
60517 2
60518 1
60519 3
60520 1
60521 0
60522 0
60523 0
60524 1
60525 0
60526 2
60527 2
60528 4
60529 0
60530 0
60531 1
60532 3
60533 2
60534 3
60535 1
60536 1
60537 1
60538 1
60539 1
60540 4
60541 1
60542 4
60543 4
60544 1
60545 3
60546 3
60547 1
60548 4
60549 2
60550 1
60551 1
60552 4
60553 1
60554 3
60555 0
60556 2
60557 5
60558 1
60559 1
60560 1
60561 3
60562 1
60563 0
60564 1
60565 2
60566 0
60567 3
60568 1
60569 2
60570 5
60571 2
60572 2
60573 0
60574 0
60575 1
60576 2
60577 1
60578 4
60579 2
60580 0
60581 5
60582 3
60583 3
60584 3
60585 1
60586 3
60587 5
60588 2
60589 3
60590 3
60591 5
60592 3
60593 2
60594 0
60595 0
60596 0
60597 0
60598 3
60599 3
60600 1
60601 4
60602 1
60603 2
60604 4
60605 1
60606 1
60607 0
60608 3
60609 3
60610 4
60611 2
60612 1
60613 3
60614 1
60615 0
60616 2
60617 2
60618 0
60619 3
60620 0
60621 2
60622 1
60623 3
60624 3
60625 4
60626 2
60627 0
60628 4
60629 2
60630 0
60631 0
60632 1
60633 1
60634 4
60635 0
60636 1
60637 1
60638 3
60639 2
60640 1
60641 1
60642 1
60643 1
60644 2
60645 2
60646 2
60647 3
60648 2
60649 3
60650 2
60651 0
60652 3
60653 0
60654 0
60655 0
60656 2
60657 2
60658 4
60659 2
60660 3
60661 3
60662 5
60663 0
60664 3
60665 4
60666 0
60667 3
60668 2
60669 5
60670 2
60671 3
60672 3
60673 2
60674 1
60675 4
60676 1
60677 4
60678 3
60679 4
60680 3
60681 3
60682 5
60683 4
60684 4
60685 4
60686 0
60687 1
60688 4
60689 0
60690 5
60691 4
60692 1
60693 5
60694 2
60695 3
60696 2
60697 3
60698 3
60699 0
60700 2
60701 0
60702 2
60703 4
60704 1
60705 2
60706 2
60707 1
60708 0
60709 0
60710 3
60711 3
60712 3
60713 4
60714 5
60715 3
60716 2
60717 0
60718 1
60719 0
60720 0
60721 3
60722 1
60723 2
60724 4
60725 2
60726 5
60727 3
60728 2
60729 1
60730 1
60731 2
60732 1
60733 5
60734 4
60735 0
60736 0
60737 4
60738 3
60739 2
60740 2
60741 2
60742 2
60743 1
60744 0
60745 0
60746 3
60747 0
60748 4
60749 3
60750 4
60751 2
60752 2
60753 0
60754 4
60755 2
60756 0
60757 1
60758 2
60759 3
60760 4
60761 3
60762 1
60763 2
60764 4
60765 1
60766 4
60767 3
60768 5
60769 4
60770 0
60771 3
60772 2
60773 2
60774 0
60775 1
60776 1
60777 1
60778 2
60779 0
60780 3
60781 0
60782 5
60783 3
60784 3
60785 2
60786 3
60787 0
60788 2
60789 1
60790 2
60791 3
60792 2
60793 2
60794 0
60795 2
60796 4
60797 0
60798 5
60799 2
60800 0
60801 1
60802 3
60803 2
60804 1
60805 5
60806 3
60807 4
60808 2
60809 4
60810 3
60811 4
60812 0
60813 1
60814 5
60815 2
60816 4
60817 0
60818 0
60819 1
60820 0
60821 1
60822 4
60823 1
60824 4
60825 0
60826 4
60827 0
60828 0
60829 3
60830 1
60831 2
60832 2
60833 1
60834 3
60835 1
60836 2
60837 3
60838 0
60839 0
60840 5
60841 4
60842 1
60843 4
60844 5
60845 3
60846 3
60847 4
60848 0
60849 0
60850 4
60851 1
60852 5
60853 1
60854 3
60855 4
60856 1
60857 3
60858 4
60859 0
60860 5
60861 2
60862 4
60863 4
60864 0
60865 2
60866 3
60867 3
60868 1
60869 2
60870 2
60871 0
60872 4
60873 3
60874 3
60875 5
60876 1
60877 3
60878 4
60879 1
60880 4
60881 0
60882 3
60883 1
60884 5
60885 1
60886 1
60887 2
60888 3
60889 2
60890 2
60891 1
60892 3
60893 0
60894 1
60895 0
60896 0
60897 3
60898 1
60899 2
60900 2
60901 2
60902 1
60903 1
60904 1
60905 1
60906 2
60907 1
60908 3
60909 0
60910 3
60911 0
60912 4
60913 2
60914 0
60915 2
60916 2
60917 4
60918 1
60919 1
60920 1
60921 1
60922 0
60923 4
60924 3
60925 2
60926 3
60927 3
60928 2
60929 1
60930 3
60931 2
60932 5
60933 2
60934 0
60935 2
60936 2
60937 1
60938 3
60939 4
60940 0
60941 0
60942 3
60943 4
60944 0
60945 0
60946 2
60947 0
60948 0
60949 0
60950 0
60951 1
60952 2
60953 0
60954 6
60955 4
60956 2
60957 5
60958 1
60959 4
60960 5
60961 1
60962 5
60963 3
60964 1
60965 1
60966 3
60967 3
60968 2
60969 0
60970 4
60971 2
60972 4
60973 0
60974 3
60975 4
60976 2
60977 3
60978 0
60979 2
60980 4
60981 0
60982 2
60983 3
60984 3
60985 3
60986 4
60987 2
60988 4
60989 1
60990 1
60991 0
60992 1
60993 2
60994 2
60995 0
60996 2
60997 3
60998 4
60999 4
61000 5
61001 1
61002 4
61003 4
61004 3
61005 3
61006 4
61007 3
61008 0
61009 2
61010 3
61011 0
61012 3
61013 1
61014 1
61015 2
61016 3
61017 2
61018 3
61019 2
61020 2
61021 0
61022 1
61023 5
61024 2
61025 2
61026 2
61027 3
61028 2
61029 0
61030 4
61031 3
61032 6
61033 5
61034 0
61035 5
61036 3
61037 0
61038 3
61039 2
61040 2
61041 3
61042 1
61043 0
61044 3
61045 0
61046 3
61047 2
61048 1
61049 4
61050 4
61051 0
61052 0
61053 2
61054 3
61055 5
61056 1
61057 2
61058 4
61059 0
61060 2
61061 4
61062 1
61063 1
61064 0
61065 0
61066 0
61067 4
61068 0
61069 3
61070 2
61071 0
61072 1
61073 1
61074 3
61075 4
61076 2
61077 2
61078 4
61079 1
61080 2
61081 4
61082 2
61083 4
61084 0
61085 3
61086 1
61087 0
61088 0
61089 3
61090 1
61091 3
61092 1
61093 3
61094 0
61095 3
61096 4
61097 3
61098 2
61099 1
61100 1
61101 1
61102 4
61103 2
61104 2
61105 4
61106 4
61107 2
61108 1
61109 1
61110 3
61111 4
61112 3
61113 0
61114 0
61115 1
61116 1
61117 4
61118 4
61119 1
61120 3
61121 4
61122 3
61123 1
61124 3
61125 1
61126 5
61127 3
61128 0
61129 2
61130 1
61131 1
61132 4
61133 3
61134 1
61135 3
61136 3
61137 2
61138 4
61139 0
61140 0
61141 1
61142 1
61143 2
61144 1
61145 3
61146 1
61147 4
61148 2
61149 0
61150 2
61151 1
61152 3
61153 2
61154 1
61155 1
61156 1
61157 3
61158 0
61159 0
61160 0
61161 4
61162 4
61163 0
61164 3
61165 4
61166 3
61167 3
61168 1
61169 3
61170 4
61171 2
61172 1
61173 0
61174 4
61175 2
61176 2
61177 3
61178 3
61179 4
61180 1
61181 2
61182 0
61183 1
61184 4
61185 2
61186 5
61187 1
61188 0
61189 3
61190 1
61191 2
61192 3
61193 3
61194 0
61195 3
61196 4
61197 1
61198 1
61199 3
61200 4
61201 1
61202 5
61203 3
61204 0
61205 0
61206 2
61207 1
61208 1
61209 4
61210 4
61211 3
61212 0
61213 1
61214 3
61215 3
61216 1
61217 0
61218 0
61219 3
61220 4
61221 0
61222 4
61223 2
61224 5
61225 1
61226 1
61227 1
61228 1
61229 1
61230 2
61231 0
61232 2
61233 2
61234 0
61235 2
61236 5
61237 2
61238 2
61239 3
61240 3
61241 2
61242 3
61243 3
61244 0
61245 1
61246 3
61247 4
61248 1
61249 2
61250 0
61251 2
61252 0
61253 2
61254 2
61255 2
61256 4
61257 5
61258 0
61259 4
61260 4
61261 2
61262 3
61263 4
61264 4
61265 1
61266 2
61267 3
61268 0
61269 2
61270 4
61271 2
61272 0
61273 3
61274 0
61275 0
61276 4
61277 1
61278 3
61279 0
61280 2
61281 2
61282 4
61283 2
61284 0
61285 0
61286 1
61287 2
61288 4
61289 0
61290 2
61291 3
61292 2
61293 1
61294 3
61295 5
61296 4
61297 1
61298 1
61299 2
61300 4
61301 1
61302 1
61303 2
61304 2
61305 2
61306 3
61307 2
61308 3
61309 3
61310 4
61311 3
61312 1
61313 1
61314 2
61315 1
61316 3
61317 3
61318 0
61319 4
61320 2
61321 0
61322 1
61323 2
61324 5
61325 3
61326 5
61327 3
61328 3
61329 4
61330 1
61331 3
61332 2
61333 2
61334 2
61335 0
61336 2
61337 1
61338 5
61339 3
61340 4
61341 2
61342 1
61343 2
61344 4
61345 0
61346 2
61347 2
61348 0
61349 4
61350 2
61351 3
61352 1
61353 2
61354 0
61355 0
61356 5
61357 4
61358 4
61359 1
61360 3
61361 3
61362 2
61363 1
61364 4
61365 2
61366 4
61367 1
61368 1
61369 0
61370 5
61371 4
61372 1
61373 0
61374 2
61375 1
61376 1
61377 5
61378 2
61379 0
61380 1
61381 3
61382 3
61383 2
61384 0
61385 2
61386 0
61387 0
61388 1
61389 4
61390 2
61391 0
61392 5
61393 0
61394 5
61395 1
61396 1
61397 0
61398 2
61399 2
61400 5
61401 0
61402 5
61403 2
61404 0
61405 3
61406 5
61407 4
61408 4
61409 0
61410 6
61411 1
61412 2
61413 3
61414 2
61415 3
61416 3
61417 3
61418 2
61419 2
61420 3
61421 0
61422 2
61423 4
61424 2
61425 1
61426 1
61427 2
61428 4
61429 3
61430 0
61431 0
61432 3
61433 1
61434 4
61435 4
61436 0
61437 0
61438 2
61439 0
61440 5
61441 0
61442 2
61443 2
61444 3
61445 4
61446 0
61447 2
61448 2
61449 4
61450 1
61451 0
61452 5
61453 3
61454 3
61455 5
61456 2
61457 1
61458 0
61459 5
61460 3
61461 1
61462 1
61463 1
61464 3
61465 5
61466 2
61467 2
61468 2
61469 4
61470 2
61471 0
61472 0
61473 4
61474 0
61475 1
61476 4
61477 0
61478 3
61479 0
61480 3
61481 1
61482 3
61483 3
61484 3
61485 2
61486 0
61487 2
61488 0
61489 5
61490 4
61491 2
61492 2
61493 2
61494 4
61495 4
61496 1
61497 1
61498 4
61499 1
61500 3
61501 3
61502 0
61503 1
61504 4
61505 1
61506 1
61507 3
61508 2
61509 2
61510 0
61511 2
61512 0
61513 4
61514 4
61515 4
61516 0
61517 1
61518 0
61519 3
61520 1
61521 4
61522 1
61523 2
61524 0
61525 1
61526 0
61527 3
61528 1
61529 3
61530 2
61531 1
61532 3
61533 1
61534 5
61535 0
61536 2
61537 0
61538 0
61539 0
61540 2
61541 3
61542 0
61543 4
61544 4
61545 3
61546 0
61547 3
61548 1
61549 0
61550 3
61551 4
61552 1
61553 5
61554 0
61555 4
61556 5
61557 0
61558 1
61559 0
61560 0
61561 4
61562 3
61563 2
61564 1
61565 1
61566 3
61567 4
61568 0
61569 2
61570 3
61571 1
61572 3
61573 0
61574 2
61575 1
61576 2
61577 3
61578 4
61579 5
61580 3
61581 0
61582 4
61583 2
61584 0
61585 0
61586 3
61587 0
61588 3
61589 1
61590 3
61591 4
61592 0
61593 0
61594 3
61595 2
61596 1
61597 3
61598 3
61599 4
61600 4
61601 3
61602 4
61603 3
61604 2
61605 2
61606 2
61607 1
61608 4
61609 2
61610 4
61611 0
61612 4
61613 1
61614 2
61615 5
61616 1
61617 4
61618 1
61619 1
61620 3
61621 3
61622 1
61623 2
61624 2
61625 3
61626 3
61627 4
61628 3
61629 2
61630 1
61631 0
61632 5
61633 3
61634 2
61635 3
61636 1
61637 2
61638 2
61639 3
61640 2
61641 2
61642 2
61643 1
61644 1
61645 0
61646 2
61647 3
61648 0
61649 1
61650 3
61651 1
61652 3
61653 3
61654 5
61655 3
61656 4
61657 0
61658 1
61659 0
61660 0
61661 3
61662 3
61663 4
61664 1
61665 0
61666 5
61667 0
61668 1
61669 3
61670 0
61671 2
61672 3
61673 4
61674 0
61675 2
61676 1
61677 2
61678 3
61679 0
61680 4
61681 0
61682 4
61683 3
61684 5
61685 4
61686 2
61687 4
61688 0
61689 4
61690 3
61691 3
61692 5
61693 2
61694 3
61695 3
61696 5
61697 0
61698 2
61699 0
61700 0
61701 1
61702 5
61703 3
61704 1
61705 1
61706 5
61707 4
61708 3
61709 2
61710 0
61711 0
61712 1
61713 1
61714 0
61715 0
61716 1
61717 4
61718 1
61719 0
61720 4
61721 3
61722 2
61723 4
61724 1
61725 4
61726 2
61727 3
61728 0
61729 2
61730 1
61731 0
61732 3
61733 4
61734 0
61735 2
61736 4
61737 0
61738 3
61739 3
61740 2
61741 0
61742 0
61743 1
61744 2
61745 2
61746 3
61747 0
61748 1
61749 3
61750 0
61751 0
61752 4
61753 2
61754 4
61755 0
61756 3
61757 0
61758 3
61759 3
61760 3
61761 3
61762 2
61763 0
61764 3
61765 0
61766 0
61767 0
61768 2
61769 5
61770 2
61771 0
61772 0
61773 0
61774 3
61775 1
61776 3
61777 0
61778 1
61779 0
61780 4
61781 1
61782 3
61783 3
61784 4
61785 3
61786 0
61787 3
61788 5
61789 1
61790 0
61791 2
61792 5
61793 3
61794 2
61795 4
61796 0
61797 3
61798 4
61799 3
61800 2
61801 0
61802 1
61803 1
61804 2
61805 2
61806 0
61807 4
61808 3
61809 0
61810 0
61811 4
61812 1
61813 0
61814 3
61815 0
61816 2
61817 1
61818 2
61819 3
61820 0
61821 4
61822 1
61823 3
61824 1
61825 5
61826 3
61827 2
61828 2
61829 2
61830 0
61831 0
61832 4
61833 4
61834 2
61835 3
61836 0
61837 2
61838 2
61839 1
61840 2
61841 0
61842 4
61843 4
61844 4
61845 1
61846 3
61847 3
61848 4
61849 4
61850 0
61851 1
61852 2
61853 2
61854 4
61855 3
61856 2
61857 4
61858 2
61859 1
61860 0
61861 5
61862 4
61863 4
61864 0
61865 3
61866 0
61867 1
61868 4
61869 5
61870 1
61871 0
61872 4
61873 5
61874 1
61875 0
61876 1
61877 2
61878 1
61879 3
61880 3
61881 3
61882 4
61883 1
61884 0
61885 3
61886 4
61887 0
61888 3
61889 0
61890 3
61891 2
61892 2
61893 0
61894 2
61895 1
61896 3
61897 1
61898 0
61899 2
61900 1
61901 4
61902 3
61903 1
61904 4
61905 5
61906 0
61907 0
61908 1
61909 2
61910 2
61911 2
61912 2
61913 1
61914 4
61915 0
61916 0
61917 5
61918 0
61919 3
61920 2
61921 2
61922 1
61923 0
61924 2
61925 0
61926 2
61927 1
61928 3
61929 2
61930 1
61931 0
61932 1
61933 3
61934 0
61935 1
61936 3
61937 4
61938 1
61939 1
61940 0
61941 2
61942 4
61943 2
61944 3
61945 3
61946 1
61947 2
61948 3
61949 0
61950 2
61951 2
61952 3
61953 3
61954 4
61955 2
61956 2
61957 3
61958 4
61959 2
61960 1
61961 1
61962 2
61963 3
61964 1
61965 1
61966 5
61967 2
61968 3
61969 0
61970 4
61971 1
61972 3
61973 4
61974 0
61975 0
61976 2
61977 1
61978 2
61979 5
61980 1
61981 3
61982 3
61983 1
61984 3
61985 2
61986 0
61987 0
61988 4
61989 2
61990 3
61991 3
61992 3
61993 1
61994 4
61995 2
61996 0
61997 1
61998 5
61999 1
62000 3
62001 1
62002 0
62003 3
62004 1
62005 4
62006 0
62007 2
62008 5
62009 1
62010 0
62011 3
62012 5
62013 0
62014 0
62015 4
62016 2
62017 4
62018 0
62019 4
62020 4
62021 1
62022 4
62023 4
62024 0
62025 1
62026 1
62027 2
62028 1
62029 2
62030 0
62031 0
62032 3
62033 2
62034 4
62035 1
62036 4
62037 1
62038 3
62039 4
62040 1
62041 3
62042 0
62043 1
62044 4
62045 3
62046 3
62047 2
62048 0
62049 2
62050 0
62051 0
62052 4
62053 4
62054 4
62055 3
62056 4
62057 1
62058 0
62059 0
62060 0
62061 3
62062 1
62063 0
62064 3
62065 4
62066 2
62067 0
62068 3
62069 0
62070 2
62071 3
62072 2
62073 4
62074 2
62075 0
62076 1
62077 1
62078 0
62079 0
62080 0
62081 0
62082 0
62083 0
62084 2
62085 1
62086 3
62087 2
62088 0
62089 2
62090 3
62091 3
62092 3
62093 1
62094 1
62095 0
62096 4
62097 2
62098 0
62099 1
62100 3
62101 2
62102 2
62103 2
62104 3
62105 1
62106 0
62107 2
62108 0
62109 4
62110 4
62111 3
62112 1
62113 5
62114 0
62115 4
62116 2
62117 0
62118 2
62119 2
62120 3
62121 3
62122 2
62123 3
62124 5
62125 2
62126 1
62127 5
62128 1
62129 2
62130 0
62131 1
62132 2
62133 3
62134 1
62135 3
62136 2
62137 4
62138 1
62139 3
62140 4
62141 1
62142 3
62143 0
62144 1
62145 1
62146 1
62147 2
62148 1
62149 5
62150 0
62151 3
62152 1
62153 0
62154 1
62155 4
62156 0
62157 2
62158 3
62159 3
62160 4
62161 4
62162 3
62163 3
62164 4
62165 1
62166 0
62167 1
62168 1
62169 1
62170 3
62171 0
62172 0
62173 1
62174 2
62175 4
62176 1
62177 3
62178 3
62179 2
62180 2
62181 4
62182 3
62183 2
62184 2
62185 0
62186 0
62187 1
62188 3
62189 4
62190 3
62191 2
62192 2
62193 1
62194 1
62195 2
62196 3
62197 2
62198 4
62199 3
62200 2
62201 3
62202 2
62203 2
62204 3
62205 3
62206 4
62207 0
62208 2
62209 0
62210 2
62211 3
62212 3
62213 2
62214 4
62215 2
62216 0
62217 4
62218 3
62219 4
62220 4
62221 2
62222 4
62223 4
62224 5
62225 1
62226 4
62227 3
62228 4
62229 3
62230 1
62231 0
62232 4
62233 3
62234 0
62235 0
62236 0
62237 1
62238 2
62239 3
62240 2
62241 2
62242 3
62243 4
62244 3
62245 2
62246 1
62247 5
62248 3
62249 0
62250 2
62251 3
62252 3
62253 2
62254 0
62255 3
62256 3
62257 1
62258 4
62259 0
62260 1
62261 5
62262 1
62263 4
62264 3
62265 2
62266 2
62267 3
62268 1
62269 4
62270 3
62271 2
62272 5
62273 1
62274 2
62275 2
62276 6
62277 0
62278 0
62279 1
62280 1
62281 3
62282 4
62283 4
62284 4
62285 4
62286 0
62287 2
62288 5
62289 4
62290 0
62291 1
62292 2
62293 1
62294 4
62295 3
62296 2
62297 1
62298 3
62299 2
62300 3
62301 5
62302 3
62303 2
62304 0
62305 0
62306 0
62307 0
62308 2
62309 5
62310 1
62311 5
62312 2
62313 4
62314 1
62315 1
62316 3
62317 1
62318 0
62319 4
62320 2
62321 0
62322 3
62323 1
62324 1
62325 3
62326 2
62327 0
62328 4
62329 1
62330 0
62331 3
62332 3
62333 2
62334 4
62335 4
62336 2
62337 0
62338 2
62339 4
62340 4
62341 1
62342 2
62343 0
62344 1
62345 1
62346 2
62347 3
62348 2
62349 1
62350 0
62351 1
62352 3
62353 3
62354 4
62355 1
62356 2
62357 1
62358 1
62359 4
62360 0
62361 5
62362 1
62363 3
62364 3
62365 0
62366 3
62367 2
62368 0
62369 0
62370 1
62371 2
62372 1
62373 1
62374 3
62375 4
62376 1
62377 1
62378 4
62379 3
62380 1
62381 3
62382 0
62383 4
62384 4
62385 3
62386 4
62387 1
62388 3
62389 4
62390 4
62391 1
62392 4
62393 2
62394 3
62395 2
62396 0
62397 2
62398 3
62399 1
62400 2
62401 1
62402 3
62403 2
62404 3
62405 4
62406 1
62407 5
62408 3
62409 2
62410 2
62411 2
62412 0
62413 3
62414 3
62415 4
62416 3
62417 4
62418 5
62419 2
62420 0
62421 2
62422 3
62423 0
62424 2
62425 2
62426 2
62427 5
62428 3
62429 0
62430 1
62431 5
62432 3
62433 4
62434 2
62435 3
62436 2
62437 1
62438 5
62439 1
62440 4
62441 0
62442 3
62443 3
62444 3
62445 1
62446 0
62447 1
62448 1
62449 3
62450 5
62451 3
62452 3
62453 3
62454 2
62455 2
62456 2
62457 3
62458 3
62459 2
62460 3
62461 1
62462 2
62463 4
62464 5
62465 0
62466 0
62467 4
62468 2
62469 0
62470 3
62471 1
62472 4
62473 1
62474 4
62475 2
62476 1
62477 3
62478 1
62479 3
62480 1
62481 1
62482 3
62483 5
62484 2
62485 4
62486 0
62487 4
62488 0
62489 3
62490 3
62491 1
62492 3
62493 3
62494 3
62495 3
62496 2
62497 2
62498 1
62499 0
62500 3
62501 0
62502 3
62503 2
62504 2
62505 3
62506 0
62507 4
62508 2
62509 4
62510 0
62511 2
62512 1
62513 2
62514 4
62515 2
62516 1
62517 2
62518 0
62519 4
62520 1
62521 3
62522 1
62523 1
62524 1
62525 3
62526 2
62527 1
62528 3
62529 1
62530 0
62531 5
62532 3
62533 2
62534 0
62535 2
62536 1
62537 4
62538 4
62539 1
62540 6
62541 4
62542 3
62543 2
62544 1
62545 0
62546 2
62547 4
62548 2
62549 2
62550 0
62551 1
62552 1
62553 0
62554 3
62555 4
62556 1
62557 3
62558 2
62559 2
62560 0
62561 3
62562 0
62563 0
62564 2
62565 1
62566 0
62567 0
62568 4
62569 1
62570 1
62571 2
62572 4
62573 3
62574 2
62575 3
62576 3
62577 4
62578 2
62579 4
62580 0
62581 3
62582 0
62583 2
62584 5
62585 1
62586 1
62587 2
62588 1
62589 4
62590 4
62591 3
62592 1
62593 2
62594 1
62595 4
62596 1
62597 2
62598 4
62599 3
62600 5
62601 1
62602 1
62603 0
62604 0
62605 3
62606 2
62607 2
62608 0
62609 0
62610 3
62611 0
62612 1
62613 0
62614 2
62615 4
62616 2
62617 5
62618 5
62619 5
62620 4
62621 2
62622 1
62623 0
62624 3
62625 4
62626 2
62627 0
62628 2
62629 2
62630 1
62631 4
62632 4
62633 0
62634 0
62635 1
62636 3
62637 0
62638 1
62639 3
62640 4
62641 2
62642 2
62643 2
62644 1
62645 1
62646 1
62647 2
62648 0
62649 2
62650 2
62651 3
62652 2
62653 1
62654 5
62655 4
62656 5
62657 0
62658 3
62659 0
62660 4
62661 6
62662 1
62663 2
62664 4
62665 5
62666 2
62667 2
62668 1
62669 0
62670 5
62671 3
62672 0
62673 2
62674 0
62675 0
62676 2
62677 3
62678 2
62679 1
62680 1
62681 1
62682 0
62683 5
62684 4
62685 3
62686 1
62687 3
62688 3
62689 5
62690 1
62691 1
62692 4
62693 2
62694 3
62695 0
62696 1
62697 2
62698 3
62699 4
62700 0
62701 0
62702 2
62703 4
62704 0
62705 4
62706 4
62707 0
62708 5
62709 5
62710 3
62711 3
62712 5
62713 4
62714 1
62715 3
62716 2
62717 2
62718 1
62719 0
62720 1
62721 2
62722 4
62723 1
62724 2
62725 0
62726 1
62727 2
62728 1
62729 4
62730 1
62731 0
62732 1
62733 4
62734 1
62735 0
62736 0
62737 4
62738 3
62739 1
62740 1
62741 2
62742 1
62743 4
62744 2
62745 3
62746 0
62747 0
62748 3
62749 2
62750 5
62751 2
62752 3
62753 0
62754 2
62755 3
62756 2
62757 3
62758 3
62759 3
62760 1
62761 2
62762 2
62763 2
62764 0
62765 4
62766 3
62767 4
62768 4
62769 2
62770 0
62771 3
62772 0
62773 2
62774 4
62775 0
62776 3
62777 5
62778 2
62779 4
62780 2
62781 2
62782 0
62783 2
62784 4
62785 1
62786 1
62787 0
62788 1
62789 1
62790 0
62791 2
62792 3
62793 3
62794 4
62795 2
62796 4
62797 1
62798 0
62799 0
62800 4
62801 2
62802 5
62803 0
62804 0
62805 1
62806 0
62807 1
62808 0
62809 4
62810 3
62811 2
62812 3
62813 0
62814 4
62815 1
62816 4
62817 2
62818 4
62819 0
62820 1
62821 3
62822 2
62823 1
62824 2
62825 2
62826 0
62827 3
62828 4
62829 3
62830 2
62831 3
62832 3
62833 2
62834 4
62835 1
62836 3
62837 1
62838 3
62839 1
62840 3
62841 2
62842 3
62843 1
62844 0
62845 2
62846 0
62847 3
62848 4
62849 3
62850 0
62851 3
62852 4
62853 3
62854 0
62855 4
62856 2
62857 0
62858 1
62859 1
62860 4
62861 1
62862 4
62863 2
62864 0
62865 5
62866 2
62867 0
62868 5
62869 1
62870 0
62871 4
62872 3
62873 3
62874 0
62875 3
62876 0
62877 0
62878 0
62879 3
62880 4
62881 0
62882 1
62883 1
62884 3
62885 3
62886 0
62887 3
62888 3
62889 4
62890 2
62891 1
62892 2
62893 0
62894 0
62895 1
62896 2
62897 0
62898 3
62899 0
62900 1
62901 0
62902 0
62903 1
62904 1
62905 3
62906 3
62907 3
62908 5
62909 0
62910 4
62911 1
62912 3
62913 3
62914 5
62915 2
62916 3
62917 1
62918 2
62919 1
62920 0
62921 1
62922 1
62923 3
62924 0
62925 5
62926 2
62927 0
62928 4
62929 0
62930 4
62931 4
62932 1
62933 2
62934 0
62935 0
62936 5
62937 1
62938 3
62939 0
62940 2
62941 3
62942 2
62943 1
62944 2
62945 0
62946 1
62947 4
62948 4
62949 1
62950 1
62951 1
62952 1
62953 1
62954 3
62955 4
62956 2
62957 0
62958 1
62959 0
62960 1
62961 0
62962 1
62963 1
62964 1
62965 3
62966 2
62967 2
62968 1
62969 1
62970 5
62971 2
62972 5
62973 1
62974 3
62975 3
62976 2
62977 2
62978 4
62979 2
62980 5
62981 4
62982 3
62983 2
62984 1
62985 4
62986 0
62987 2
62988 2
62989 4
62990 1
62991 2
62992 5
62993 2
62994 1
62995 3
62996 3
62997 1
62998 2
62999 0
63000 0
63001 2
63002 3
63003 3
63004 0
63005 1
63006 0
63007 1
63008 3
63009 2
63010 1
63011 4
63012 1
63013 3
63014 0
63015 4
63016 5
63017 1
63018 0
63019 0
63020 1
63021 0
63022 4
63023 3
63024 2
63025 1
63026 0
63027 2
63028 3
63029 0
63030 2
63031 2
63032 1
63033 4
63034 1
63035 1
63036 3
63037 3
63038 2
63039 3
63040 3
63041 0
63042 1
63043 2
63044 3
63045 0
63046 2
63047 0
63048 4
63049 2
63050 3
63051 2
63052 4
63053 2
63054 1
63055 0
63056 4
63057 2
63058 4
63059 1
63060 1
63061 1
63062 2
63063 0
63064 2
63065 1
63066 3
63067 3
63068 0
63069 0
63070 2
63071 1
63072 0
63073 2
63074 3
63075 2
63076 3
63077 1
63078 4
63079 0
63080 5
63081 3
63082 0
63083 1
63084 2
63085 1
63086 0
63087 4
63088 2
63089 0
63090 5
63091 3
63092 1
63093 4
63094 3
63095 6
63096 4
63097 2
63098 1
63099 1
63100 2
63101 4
63102 3
63103 3
63104 3
63105 3
63106 3
63107 3
63108 3
63109 1
63110 0
63111 4
63112 0
63113 4
63114 1
63115 0
63116 0
63117 3
63118 2
63119 4
63120 1
63121 3
63122 0
63123 2
63124 2
63125 4
63126 4
63127 0
63128 0
63129 3
63130 0
63131 2
63132 0
63133 1
63134 3
63135 2
63136 3
63137 3
63138 2
63139 0
63140 0
63141 2
63142 4
63143 0
63144 2
63145 1
63146 1
63147 1
63148 3
63149 0
63150 2
63151 2
63152 1
63153 3
63154 0
63155 0
63156 1
63157 5
63158 5
63159 0
63160 3
63161 4
63162 0
63163 0
63164 3
63165 5
63166 1
63167 2
63168 0
63169 4
63170 3
63171 1
63172 4
63173 0
63174 1
63175 1
63176 6
63177 3
63178 1
63179 3
63180 4
63181 4
63182 0
63183 3
63184 3
63185 2
63186 4
63187 2
63188 2
63189 1
63190 5
63191 5
63192 3
63193 4
63194 0
63195 2
63196 0
63197 3
63198 0
63199 3
63200 3
63201 1
63202 1
63203 1
63204 4
63205 0
63206 2
63207 4
63208 3
63209 2
63210 1
63211 4
63212 2
63213 3
63214 2
63215 3
63216 4
63217 4
63218 3
63219 1
63220 4
63221 0
63222 1
63223 1
63224 3
63225 1
63226 2
63227 2
63228 1
63229 0
63230 1
63231 2
63232 5
63233 3
63234 4
63235 2
63236 0
63237 0
63238 5
63239 3
63240 3
63241 0
63242 5
63243 0
63244 2
63245 2
63246 4
63247 0
63248 2
63249 4
63250 2
63251 2
63252 4
63253 2
63254 2
63255 0
63256 1
63257 4
63258 4
63259 0
63260 5
63261 0
63262 0
63263 0
63264 0
63265 0
63266 0
63267 4
63268 1
63269 3
63270 4
63271 1
63272 2
63273 3
63274 2
63275 1
63276 3
63277 2
63278 0
63279 3
63280 0
63281 0
63282 0
63283 1
63284 3
63285 0
63286 0
63287 0
63288 1
63289 0
63290 3
63291 0
63292 4
63293 0
63294 3
63295 3
63296 3
63297 0
63298 3
63299 4
63300 3
63301 1
63302 1
63303 2
63304 3
63305 1
63306 1
63307 4
63308 2
63309 5
63310 1
63311 4
63312 3
63313 2
63314 0
63315 1
63316 3
63317 6
63318 4
63319 1
63320 2
63321 4
63322 2
63323 1
63324 0
63325 3
63326 4
63327 3
63328 1
63329 6
63330 2
63331 1
63332 3
63333 0
63334 4
63335 3
63336 4
63337 2
63338 0
63339 3
63340 1
63341 3
63342 5
63343 0
63344 2
63345 0
63346 2
63347 2
63348 2
63349 3
63350 5
63351 1
63352 2
63353 2
63354 0
63355 1
63356 0
63357 5
63358 2
63359 0
63360 1
63361 0
63362 2
63363 2
63364 1
63365 2
63366 3
63367 2
63368 1
63369 3
63370 0
63371 0
63372 2
63373 3
63374 0
63375 3
63376 2
63377 0
63378 1
63379 3
63380 1
63381 2
63382 5
63383 4
63384 3
63385 0
63386 1
63387 3
63388 2
63389 2
63390 1
63391 3
63392 0
63393 3
63394 0
63395 2
63396 1
63397 0
63398 1
63399 1
63400 2
63401 4
63402 4
63403 5
63404 3
63405 2
63406 0
63407 3
63408 3
63409 0
63410 0
63411 0
63412 1
63413 3
63414 1
63415 4
63416 4
63417 4
63418 3
63419 2
63420 4
63421 1
63422 0
63423 3
63424 2
63425 5
63426 2
63427 4
63428 0
63429 4
63430 1
63431 3
63432 2
63433 2
63434 4
63435 4
63436 1
63437 5
63438 5
63439 2
63440 2
63441 2
63442 2
63443 3
63444 2
63445 1
63446 5
63447 4
63448 2
63449 5
63450 1
63451 0
63452 4
63453 2
63454 2
63455 5
63456 2
63457 3
63458 0
63459 1
63460 1
63461 2
63462 3
63463 1
63464 3
63465 1
63466 0
63467 6
63468 4
63469 4
63470 1
63471 5
63472 3
63473 4
63474 2
63475 2
63476 2
63477 2
63478 2
63479 3
63480 2
63481 1
63482 2
63483 5
63484 2
63485 3
63486 3
63487 2
63488 6
63489 2
63490 2
63491 1
63492 2
63493 1
63494 0
63495 5
63496 2
63497 1
63498 2
63499 2
63500 5
63501 3
63502 4
63503 5
63504 2
63505 3
63506 0
63507 0
63508 3
63509 4
63510 3
63511 3
63512 4
63513 4
63514 1
63515 0
63516 5
63517 4
63518 0
63519 2
63520 4
63521 3
63522 1
63523 0
63524 1
63525 4
63526 5
63527 2
63528 1
63529 3
63530 2
63531 3
63532 1
63533 3
63534 2
63535 2
63536 1
63537 3
63538 4
63539 1
63540 3
63541 2
63542 0
63543 2
63544 3
63545 4
63546 1
63547 5
63548 4
63549 1
63550 1
63551 4
63552 1
63553 1
63554 5
63555 1
63556 1
63557 3
63558 3
63559 4
63560 3
63561 0
63562 2
63563 5
63564 1
63565 2
63566 1
63567 3
63568 0
63569 4
63570 4
63571 4
63572 0
63573 1
63574 1
63575 0
63576 4
63577 1
63578 4
63579 0
63580 4
63581 2
63582 3
63583 0
63584 5
63585 0
63586 1
63587 2
63588 2
63589 0
63590 2
63591 0
63592 1
63593 1
63594 1
63595 3
63596 3
63597 1
63598 3
63599 3
63600 1
63601 0
63602 3
63603 5
63604 3
63605 5
63606 3
63607 0
63608 1
63609 5
63610 3
63611 4
63612 2
63613 2
63614 0
63615 2
63616 5
63617 3
63618 2
63619 1
63620 2
63621 0
63622 0
63623 1
63624 2
63625 5
63626 4
63627 5
63628 2
63629 0
63630 0
63631 2
63632 3
63633 4
63634 2
63635 4
63636 4
63637 3
63638 5
63639 0
63640 2
63641 5
63642 0
63643 4
63644 5
63645 1
63646 4
63647 1
63648 1
63649 2
63650 2
63651 3
63652 3
63653 1
63654 4
63655 3
63656 0
63657 5
63658 1
63659 1
63660 1
63661 1
63662 1
63663 3
63664 4
63665 2
63666 2
63667 0
63668 4
63669 3
63670 1
63671 2
63672 3
63673 4
63674 0
63675 3
63676 1
63677 3
63678 1
63679 0
63680 3
63681 3
63682 1
63683 0
63684 2
63685 4
63686 3
63687 0
63688 3
63689 3
63690 4
63691 0
63692 1
63693 2
63694 4
63695 0
63696 4
63697 3
63698 0
63699 1
63700 2
63701 2
63702 0
63703 1
63704 3
63705 3
63706 5
63707 1
63708 3
63709 0
63710 2
63711 3
63712 1
63713 2
63714 0
63715 3
63716 5
63717 0
63718 2
63719 1
63720 4
63721 0
63722 3
63723 1
63724 2
63725 3
63726 2
63727 2
63728 3
63729 1
63730 0
63731 3
63732 4
63733 0
63734 0
63735 5
63736 2
63737 1
63738 4
63739 1
63740 4
63741 4
63742 4
63743 1
63744 0
63745 0
63746 0
63747 3
63748 2
63749 1
63750 0
63751 0
63752 6
63753 0
63754 4
63755 0
63756 0
63757 1
63758 1
63759 1
63760 0
63761 2
63762 2
63763 2
63764 3
63765 3
63766 1
63767 4
63768 4
63769 2
63770 2
63771 2
63772 1
63773 3
63774 0
63775 1
63776 0
63777 1
63778 3
63779 2
63780 5
63781 4
63782 3
63783 5
63784 3
63785 2
63786 0
63787 3
63788 4
63789 3
63790 3
63791 2
63792 3
63793 2
63794 1
63795 0
63796 2
63797 1
63798 1
63799 0
63800 3
63801 2
63802 3
63803 5
63804 3
63805 3
63806 1
63807 0
63808 4
63809 1
63810 1
63811 2
63812 4
63813 5
63814 0
63815 0
63816 5
63817 2
63818 1
63819 5
63820 1
63821 5
63822 3
63823 0
63824 1
63825 3
63826 1
63827 2
63828 4
63829 4
63830 0
63831 5
63832 3
63833 2
63834 3
63835 2
63836 1
63837 3
63838 3
63839 3
63840 2
63841 4
63842 4
63843 1
63844 3
63845 4
63846 0
63847 1
63848 1
63849 1
63850 3
63851 2
63852 1
63853 1
63854 1
63855 3
63856 2
63857 0
63858 3
63859 3
63860 3
63861 2
63862 3
63863 5
63864 3
63865 2
63866 1
63867 2
63868 2
63869 1
63870 1
63871 3
63872 1
63873 5
63874 4
63875 1
63876 5
63877 1
63878 3
63879 2
63880 1
63881 3
63882 4
63883 4
63884 2
63885 1
63886 4
63887 4
63888 0
63889 1
63890 3
63891 1
63892 0
63893 2
63894 4
63895 0
63896 0
63897 0
63898 3
63899 0
63900 3
63901 3
63902 2
63903 3
63904 3
63905 4
63906 3
63907 4
63908 1
63909 2
63910 0
63911 3
63912 4
63913 1
63914 2
63915 3
63916 4
63917 4
63918 3
63919 2
63920 3
63921 3
63922 0
63923 4
63924 0
63925 3
63926 5
63927 0
63928 0
63929 2
63930 5
63931 1
63932 1
63933 2
63934 3
63935 4
63936 1
63937 1
63938 0
63939 0
63940 2
63941 3
63942 4
63943 1
63944 4
63945 4
63946 4
63947 3
63948 2
63949 2
63950 5
63951 4
63952 2
63953 3
63954 4
63955 0
63956 4
63957 1
63958 1
63959 2
63960 1
63961 3
63962 0
63963 2
63964 2
63965 1
63966 4
63967 4
63968 1
63969 2
63970 4
63971 4
63972 1
63973 3
63974 2
63975 1
63976 0
63977 1
63978 0
63979 3
63980 1
63981 1
63982 4
63983 5
63984 1
63985 0
63986 2
63987 2
63988 2
63989 5
63990 0
63991 3
63992 0
63993 1
63994 2
63995 4
63996 3
63997 1
63998 4
63999 2
64000 5
64001 0
64002 0
64003 3
64004 0
64005 4
64006 1
64007 0
64008 0
64009 3
64010 3
64011 4
64012 3
64013 2
64014 3
64015 5
64016 1
64017 3
64018 0
64019 5
64020 4
64021 2
64022 0
64023 2
64024 3
64025 2
64026 2
64027 2
64028 3
64029 1
64030 5
64031 0
64032 3
64033 3
64034 0
64035 3
64036 2
64037 4
64038 3
64039 0
64040 2
64041 3
64042 1
64043 1
64044 1
64045 4
64046 2
64047 0
64048 0
64049 1
64050 2
64051 2
64052 3
64053 0
64054 3
64055 4
64056 3
64057 3
64058 4
64059 2
64060 3
64061 3
64062 1
64063 2
64064 0
64065 3
64066 1
64067 4
64068 2
64069 0
64070 2
64071 2
64072 1
64073 2
64074 1
64075 2
64076 3
64077 3
64078 3
64079 1
64080 4
64081 2
64082 2
64083 3
64084 4
64085 2
64086 4
64087 1
64088 3
64089 2
64090 4
64091 1
64092 3
64093 1
64094 2
64095 1
64096 4
64097 3
64098 4
64099 0
64100 1
64101 3
64102 0
64103 5
64104 0
64105 0
64106 3
64107 2
64108 4
64109 2
64110 2
64111 3
64112 1
64113 3
64114 5
64115 2
64116 3
64117 4
64118 2
64119 1
64120 0
64121 1
64122 5
64123 1
64124 3
64125 2
64126 4
64127 2
64128 3
64129 0
64130 1
64131 2
64132 5
64133 3
64134 3
64135 3
64136 4
64137 1
64138 0
64139 0
64140 2
64141 1
64142 1
64143 0
64144 3
64145 3
64146 4
64147 3
64148 0
64149 1
64150 2
64151 0
64152 2
64153 5
64154 3
64155 3
64156 2
64157 2
64158 2
64159 3
64160 0
64161 4
64162 2
64163 2
64164 1
64165 2
64166 1
64167 0
64168 0
64169 2
64170 1
64171 1
64172 0
64173 0
64174 2
64175 3
64176 3
64177 1
64178 2
64179 1
64180 1
64181 0
64182 4
64183 2
64184 2
64185 4
64186 2
64187 0
64188 2
64189 1
64190 0
64191 3
64192 2
64193 0
64194 2
64195 1
64196 0
64197 3
64198 3
64199 5
64200 0
64201 2
64202 2
64203 0
64204 3
64205 0
64206 5
64207 4
64208 4
64209 5
64210 2
64211 4
64212 3
64213 5
64214 0
64215 5
64216 1
64217 2
64218 4
64219 0
64220 1
64221 3
64222 2
64223 4
64224 3
64225 1
64226 3
64227 0
64228 0
64229 2
64230 4
64231 4
64232 4
64233 0
64234 1
64235 0
64236 1
64237 5
64238 1
64239 1
64240 2
64241 0
64242 2
64243 3
64244 4
64245 1
64246 4
64247 1
64248 2
64249 1
64250 3
64251 5
64252 4
64253 0
64254 5
64255 3
64256 1
64257 2
64258 0
64259 0
64260 3
64261 1
64262 1
64263 4
64264 3
64265 5
64266 0
64267 0
64268 1
64269 3
64270 1
64271 0
64272 1
64273 4
64274 4
64275 2
64276 3
64277 2
64278 1
64279 2
64280 3
64281 1
64282 0
64283 4
64284 0
64285 2
64286 1
64287 3
64288 1
64289 0
64290 4
64291 3
64292 4
64293 3
64294 4
64295 0
64296 1
64297 2
64298 4
64299 1
64300 0
64301 4
64302 3
64303 0
64304 2
64305 5
64306 0
64307 3
64308 3
64309 3
64310 0
64311 4
64312 3
64313 0
64314 2
64315 6
64316 4
64317 5
64318 2
64319 1
64320 2
64321 3
64322 4
64323 3
64324 3
64325 0
64326 6
64327 0
64328 4
64329 3
64330 3
64331 2
64332 1
64333 1
64334 4
64335 2
64336 1
64337 2
64338 3
64339 4
64340 2
64341 4
64342 4
64343 3
64344 1
64345 3
64346 3
64347 2
64348 0
64349 4
64350 0
64351 2
64352 0
64353 5
64354 0
64355 3
64356 1
64357 3
64358 1
64359 3
64360 4
64361 0
64362 1
64363 0
64364 3
64365 1
64366 1
64367 1
64368 3
64369 2
64370 0
64371 4
64372 2
64373 2
64374 0
64375 1
64376 2
64377 2
64378 1
64379 0
64380 3
64381 2
64382 2
64383 3
64384 3
64385 0
64386 3
64387 4
64388 5
64389 3
64390 2
64391 1
64392 1
64393 4
64394 2
64395 3
64396 3
64397 0
64398 4
64399 2
64400 0
64401 2
64402 0
64403 1
64404 1
64405 4
64406 4
64407 1
64408 4
64409 4
64410 0
64411 2
64412 2
64413 2
64414 2
64415 2
64416 2
64417 2
64418 1
64419 1
64420 2
64421 3
64422 5
64423 3
64424 2
64425 1
64426 3
64427 1
64428 3
64429 5
64430 0
64431 1
64432 4
64433 0
64434 1
64435 3
64436 3
64437 5
64438 2
64439 1
64440 2
64441 2
64442 5
64443 4
64444 2
64445 2
64446 1
64447 1
64448 5
64449 2
64450 0
64451 3
64452 0
64453 2
64454 4
64455 5
64456 1
64457 4
64458 1
64459 0
64460 1
64461 2
64462 2
64463 2
64464 1
64465 3
64466 1
64467 0
64468 0
64469 0
64470 0
64471 0
64472 3
64473 0
64474 0
64475 4
64476 2
64477 3
64478 3
64479 4
64480 3
64481 0
64482 2
64483 2
64484 1
64485 0
64486 4
64487 2
64488 0
64489 4
64490 4
64491 0
64492 0
64493 0
64494 1
64495 3
64496 4
64497 2
64498 0
64499 3
64500 0
64501 2
64502 4
64503 2
64504 0
64505 1
64506 0
64507 2
64508 2
64509 3
64510 2
64511 3
64512 3
64513 2
64514 2
64515 3
64516 1
64517 0
64518 5
64519 0
64520 3
64521 0
64522 1
64523 3
64524 0
64525 0
64526 1
64527 1
64528 4
64529 3
64530 6
64531 5
64532 2
64533 0
64534 0
64535 1
64536 4
64537 5
64538 2
64539 0
64540 1
64541 0
64542 2
64543 1
64544 5
64545 2
64546 3
64547 0
64548 2
64549 2
64550 3
64551 0
64552 2
64553 2
64554 2
64555 3
64556 3
64557 1
64558 4
64559 0
64560 1
64561 5
64562 4
64563 0
64564 2
64565 2
64566 3
64567 3
64568 1
64569 5
64570 1
64571 0
64572 0
64573 0
64574 1
64575 5
64576 1
64577 1
64578 5
64579 4
64580 2
64581 1
64582 4
64583 0
64584 1
64585 5
64586 0
64587 4
64588 1
64589 2
64590 1
64591 3
64592 2
64593 3
64594 4
64595 5
64596 2
64597 2
64598 3
64599 4
64600 1
64601 3
64602 3
64603 1
64604 2
64605 0
64606 0
64607 2
64608 3
64609 1
64610 0
64611 3
64612 0
64613 0
64614 3
64615 4
64616 1
64617 3
64618 1
64619 4
64620 3
64621 4
64622 1
64623 3
64624 0
64625 0
64626 0
64627 1
64628 4
64629 2
64630 4
64631 1
64632 5
64633 0
64634 5
64635 5
64636 1
64637 4
64638 2
64639 1
64640 3
64641 3
64642 3
64643 2
64644 4
64645 0
64646 3
64647 3
64648 4
64649 1
64650 3
64651 4
64652 4
64653 3
64654 1
64655 5
64656 3
64657 4
64658 1
64659 0
64660 5
64661 3
64662 1
64663 0
64664 1
64665 2
64666 4
64667 1
64668 0
64669 2
64670 4
64671 5
64672 4
64673 4
64674 3
64675 3
64676 3
64677 1
64678 0
64679 0
64680 0
64681 3
64682 3
64683 2
64684 1
64685 1
64686 0
64687 1
64688 2
64689 1
64690 1
64691 1
64692 3
64693 2
64694 5
64695 2
64696 2
64697 3
64698 1
64699 0
64700 3
64701 0
64702 2
64703 0
64704 2
64705 0
64706 2
64707 0
64708 1
64709 3
64710 4
64711 3
64712 0
64713 2
64714 1
64715 2
64716 4
64717 4
64718 4
64719 2
64720 4
64721 0
64722 3
64723 4
64724 0
64725 0
64726 5
64727 4
64728 0
64729 3
64730 3
64731 5
64732 2
64733 0
64734 1
64735 2
64736 1
64737 2
64738 3
64739 2
64740 2
64741 5
64742 1
64743 2
64744 3
64745 3
64746 2
64747 3
64748 1
64749 2
64750 0
64751 2
64752 2
64753 4
64754 1
64755 1
64756 2
64757 4
64758 3
64759 4
64760 3
64761 2
64762 3
64763 2
64764 5
64765 0
64766 0
64767 4
64768 3
64769 2
64770 0
64771 2
64772 1
64773 2
64774 1
64775 2
64776 3
64777 3
64778 1
64779 0
64780 3
64781 2
64782 1
64783 0
64784 0
64785 2
64786 2
64787 1
64788 4
64789 4
64790 1
64791 3
64792 2
64793 2
64794 2
64795 5
64796 0
64797 1
64798 2
64799 3
64800 1
64801 4
64802 5
64803 0
64804 3
64805 0
64806 0
64807 0
64808 1
64809 5
64810 3
64811 1
64812 3
64813 0
64814 1
64815 0
64816 0
64817 4
64818 2
64819 2
64820 3
64821 3
64822 4
64823 3
64824 3
64825 2
64826 1
64827 1
64828 2
64829 1
64830 0
64831 0
64832 3
64833 4
64834 1
64835 0
64836 3
64837 2
64838 3
64839 1
64840 1
64841 0
64842 5
64843 4
64844 2
64845 5
64846 3
64847 0
64848 3
64849 2
64850 4
64851 1
64852 4
64853 0
64854 3
64855 3
64856 0
64857 4
64858 1
64859 1
64860 1
64861 0
64862 1
64863 1
64864 1
64865 3
64866 0
64867 2
64868 4
64869 0
64870 3
64871 1
64872 1
64873 1
64874 3
64875 2
64876 1
64877 0
64878 2
64879 0
64880 4
64881 1
64882 3
64883 2
64884 6
64885 0
64886 1
64887 4
64888 1
64889 3
64890 0
64891 0
64892 1
64893 4
64894 3
64895 4
64896 1
64897 2
64898 2
64899 2
64900 2
64901 3
64902 4
64903 3
64904 2
64905 2
64906 1
64907 1
64908 1
64909 1
64910 2
64911 5
64912 1
64913 1
64914 1
64915 0
64916 4
64917 3
64918 3
64919 3
64920 0
64921 4
64922 0
64923 1
64924 2
64925 2
64926 0
64927 3
64928 4
64929 1
64930 3
64931 1
64932 0
64933 0
64934 3
64935 3
64936 3
64937 2
64938 3
64939 2
64940 1
64941 4
64942 0
64943 3
64944 3
64945 1
64946 2
64947 0
64948 2
64949 3
64950 0
64951 1
64952 3
64953 0
64954 2
64955 0
64956 2
64957 2
64958 1
64959 3
64960 2
64961 2
64962 4
64963 0
64964 2
64965 3
64966 0
64967 3
64968 3
64969 1
64970 0
64971 1
64972 2
64973 0
64974 4
64975 4
64976 4
64977 1
64978 0
64979 2
64980 0
64981 3
64982 3
64983 3
64984 1
64985 4
64986 3
64987 3
64988 4
64989 0
64990 3
64991 1
64992 1
64993 2
64994 0
64995 1
64996 1
64997 2
64998 0
64999 0
65000 4
65001 0
65002 4
65003 3
65004 4
65005 1
65006 2
65007 4
65008 0
65009 1
65010 4
65011 0
65012 0
65013 4
65014 1
65015 0
65016 0
65017 1
65018 1
65019 3
65020 1
65021 2
65022 3
65023 1
65024 5
65025 3
65026 2
65027 2
65028 2
65029 0
65030 4
65031 1
65032 3
65033 4
65034 1
65035 0
65036 2
65037 0
65038 0
65039 5
65040 0
65041 0
65042 2
65043 0
65044 3
65045 2
65046 1
65047 0
65048 0
65049 2
65050 0
65051 5
65052 1
65053 4
65054 3
65055 3
65056 2
65057 3
65058 2
65059 4
65060 0
65061 1
65062 3
65063 0
65064 0
65065 0
65066 2
65067 3
65068 4
65069 4
65070 0
65071 1
65072 0
65073 3
65074 3
65075 3
65076 4
65077 1
65078 1
65079 3
65080 5
65081 0
65082 2
65083 0
65084 1
65085 1
65086 4
65087 4
65088 2
65089 2
65090 2
65091 2
65092 4
65093 1
65094 1
65095 2
65096 5
65097 0
65098 4
65099 3
65100 3
65101 2
65102 0
65103 3
65104 4
65105 2
65106 1
65107 0
65108 5
65109 1
65110 3
65111 0
65112 2
65113 4
65114 5
65115 3
65116 4
65117 0
65118 2
65119 1
65120 0
65121 3
65122 4
65123 4
65124 2
65125 0
65126 3
65127 1
65128 4
65129 4
65130 0
65131 1
65132 1
65133 4
65134 3
65135 2
65136 2
65137 1
65138 1
65139 1
65140 1
65141 2
65142 5
65143 1
65144 1
65145 3
65146 4
65147 2
65148 0
65149 4
65150 1
65151 1
65152 3
65153 0
65154 1
65155 1
65156 5
65157 1
65158 0
65159 4
65160 5
65161 4
65162 1
65163 3
65164 1
65165 1
65166 4
65167 5
65168 1
65169 4
65170 0
65171 0
65172 4
65173 4
65174 2
65175 3
65176 1
65177 0
65178 3
65179 2
65180 4
65181 2
65182 3
65183 3
65184 0
65185 2
65186 2
65187 2
65188 2
65189 3
65190 1
65191 0
65192 1
65193 1
65194 2
65195 1
65196 1
65197 2
65198 0
65199 1
65200 2
65201 1
65202 2
65203 5
65204 2
65205 2
65206 2
65207 1
65208 3
65209 1
65210 1
65211 2
65212 0
65213 1
65214 3
65215 0
65216 1
65217 2
65218 0
65219 4
65220 1
65221 4
65222 0
65223 4
65224 5
65225 3
65226 2
65227 3
65228 1
65229 2
65230 3
65231 5
65232 3
65233 4
65234 2
65235 0
65236 3
65237 0
65238 1
65239 0
65240 2
65241 3
65242 1
65243 3
65244 3
65245 3
65246 4
65247 0
65248 2
65249 2
65250 4
65251 3
65252 3
65253 0
65254 0
65255 4
65256 1
65257 1
65258 4
65259 1
65260 5
65261 2
65262 2
65263 2
65264 2
65265 5
65266 2
65267 2
65268 0
65269 3
65270 3
65271 1
65272 2
65273 1
65274 1
65275 2
65276 4
65277 4
65278 2
65279 1
65280 2
65281 4
65282 3
65283 2
65284 4
65285 0
65286 0
65287 3
65288 2
65289 4
65290 3
65291 1
65292 0
65293 0
65294 1
65295 3
65296 2
65297 2
65298 0
65299 1
65300 4
65301 1
65302 1
65303 4
65304 0
65305 2
65306 2
65307 0
65308 1
65309 2
65310 2
65311 2
65312 0
65313 0
65314 4
65315 2
65316 0
65317 4
65318 1
65319 2
65320 4
65321 2
65322 0
65323 0
65324 2
65325 4
65326 1
65327 1
65328 3
65329 0
65330 4
65331 2
65332 3
65333 3
65334 2
65335 1
65336 0
65337 4
65338 4
65339 0
65340 2
65341 1
65342 2
65343 1
65344 3
65345 3
65346 2
65347 6
65348 2
65349 0
65350 3
65351 4
65352 5
65353 3
65354 2
65355 2
65356 3
65357 4
65358 0
65359 1
65360 2
65361 1
65362 2
65363 3
65364 0
65365 0
65366 4
65367 3
65368 0
65369 3
65370 1
65371 1
65372 0
65373 1
65374 0
65375 2
65376 3
65377 3
65378 1
65379 2
65380 4
65381 0
65382 3
65383 1
65384 3
65385 1
65386 3
65387 1
65388 1
65389 1
65390 0
65391 4
65392 1
65393 0
65394 2
65395 3
65396 1
65397 4
65398 0
65399 1
65400 1
65401 2
65402 4
65403 5
65404 0
65405 5
65406 1
65407 3
65408 1
65409 3
65410 1
65411 2
65412 0
65413 1
65414 2
65415 0
65416 2
65417 2
65418 5
65419 2
65420 0
65421 2
65422 3
65423 3
65424 0
65425 1
65426 2
65427 2
65428 0
65429 3
65430 4
65431 1
65432 5
65433 5
65434 5
65435 3
65436 5
65437 2
65438 1
65439 2
65440 1
65441 2
65442 4
65443 1
65444 4
65445 2
65446 2
65447 0
65448 3
65449 5
65450 5
65451 1
65452 3
65453 2
65454 3
65455 0
65456 3
65457 2
65458 3
65459 3
65460 4
65461 2
65462 2
65463 2
65464 5
65465 2
65466 1
65467 3
65468 0
65469 1
65470 2
65471 5
65472 0
65473 3
65474 3
65475 4
65476 3
65477 2
65478 3
65479 4
65480 1
65481 0
65482 4
65483 0
65484 3
65485 4
65486 2
65487 0
65488 5
65489 4
65490 1
65491 2
65492 4
65493 0
65494 0
65495 1
65496 1
65497 3
65498 4
65499 4
65500 0
65501 1
65502 0
65503 4
65504 1
65505 3
65506 2
65507 5
65508 2
65509 0
65510 3
65511 2
65512 3
65513 3
65514 0
65515 0
65516 2
65517 2
65518 3
65519 4
65520 0
65521 2
65522 2
65523 3
65524 4
65525 3
65526 0
65527 1
65528 2
65529 1
65530 2
65531 5
65532 3
65533 2
65534 0
65535 2
65536 0
65537 1
65538 2
65539 1
65540 3
65541 3
65542 0
65543 2
65544 4
65545 1
65546 2
65547 3
65548 0
65549 1
65550 2
65551 1
65552 4
65553 1
65554 3
65555 4
65556 4
65557 3
65558 4
65559 5
65560 4
65561 0
65562 1
65563 3
65564 5
65565 1
65566 0
65567 2
65568 1
65569 1
65570 0
65571 4
65572 4
65573 4
65574 1
65575 1
65576 4
65577 2
65578 2
65579 2
65580 0
65581 1
65582 1
65583 0
65584 0
65585 0
65586 3
65587 0
65588 2
65589 0
65590 0
65591 3
65592 3
65593 2
65594 4
65595 3
65596 3
65597 1
65598 1
65599 4
65600 0
65601 4
65602 2
65603 1
65604 4
65605 3
65606 0
65607 0
65608 2
65609 2
65610 1
65611 4
65612 2
65613 2
65614 3
65615 0
65616 1
65617 4
65618 0
65619 5
65620 0
65621 3
65622 0
65623 1
65624 1
65625 1
65626 0
65627 0
65628 2
65629 1
65630 1
65631 0
65632 4
65633 2
65634 2
65635 3
65636 0
65637 0
65638 1
65639 3
65640 3
65641 1
65642 2
65643 0
65644 0
65645 4
65646 1
65647 1
65648 4
65649 0
65650 1
65651 1
65652 3
65653 2
65654 4
65655 3
65656 0
65657 1
65658 3
65659 0
65660 5
65661 1
65662 1
65663 1
65664 3
65665 1
65666 4
65667 1
65668 0
65669 3
65670 0
65671 2
65672 1
65673 3
65674 3
65675 2
65676 0
65677 0
65678 3
65679 2
65680 1
65681 0
65682 5
65683 3
65684 3
65685 5
65686 3
65687 2
65688 5
65689 0
65690 2
65691 4
65692 2
65693 0
65694 3
65695 4
65696 1
65697 0
65698 2
65699 3
65700 1
65701 1
65702 3
65703 2
65704 0
65705 0
65706 3
65707 1
65708 0
65709 2
65710 3
65711 4
65712 1
65713 2
65714 0
65715 2
65716 1
65717 2
65718 3
65719 3
65720 3
65721 4
65722 4
65723 1
65724 5
65725 0
65726 1
65727 2
65728 2
65729 1
65730 1
65731 4
65732 0
65733 2
65734 5
65735 2
65736 2
65737 1
65738 1
65739 2
65740 0
65741 1
65742 4
65743 0
65744 4
65745 3
65746 0
65747 1
65748 2
65749 0
65750 4
65751 3
65752 4
65753 1
65754 3
65755 1
65756 3
65757 2
65758 0
65759 1
65760 0
65761 5
65762 0
65763 3
65764 6
65765 1
65766 2
65767 4
65768 1
65769 2
65770 0
65771 1
65772 3
65773 1
65774 1
65775 2
65776 0
65777 1
65778 4
65779 0
65780 0
65781 3
65782 1
65783 1
65784 2
65785 5
65786 0
65787 2
65788 4
65789 2
65790 0
65791 2
65792 0
65793 2
65794 0
65795 3
65796 1
65797 1
65798 1
65799 3
65800 1
65801 2
65802 2
65803 0
65804 0
65805 1
65806 2
65807 3
65808 0
65809 3
65810 3
65811 0
65812 3
65813 1
65814 1
65815 4
65816 0
65817 3
65818 3
65819 5
65820 1
65821 3
65822 0
65823 2
65824 1
65825 4
65826 2
65827 2
65828 5
65829 3
65830 2
65831 3
65832 1
65833 2
65834 4
65835 5
65836 1
65837 5
65838 0
65839 3
65840 0
65841 2
65842 0
65843 1
65844 2
65845 4
65846 4
65847 1
65848 4
65849 0
65850 0
65851 4
65852 1
65853 3
65854 2
65855 3
65856 1
65857 0
65858 0
65859 0
65860 3
65861 5
65862 1
65863 0
65864 3
65865 5
65866 1
65867 0
65868 3
65869 1
65870 3
65871 1
65872 4
65873 4
65874 0
65875 2
65876 2
65877 4
65878 2
65879 2
65880 3
65881 2
65882 1
65883 0
65884 2
65885 5
65886 1
65887 0
65888 0
65889 4
65890 4
65891 0
65892 0
65893 4
65894 0
65895 1
65896 0
65897 1
65898 0
65899 0
65900 0
65901 2
65902 1
65903 0
65904 4
65905 1
65906 2
65907 2
65908 2
65909 4
65910 1
65911 2
65912 3
65913 0
65914 2
65915 0
65916 0
65917 0
65918 2
65919 3
65920 2
65921 4
65922 3
65923 0
65924 4
65925 4
65926 0
65927 1
65928 1
65929 4
65930 2
65931 0
65932 0
65933 1
65934 3
65935 3
65936 4
65937 2
65938 2
65939 1
65940 3
65941 2
65942 2
65943 2
65944 2
65945 2
65946 3
65947 2
65948 0
65949 0
65950 4
65951 0
65952 0
65953 4
65954 4
65955 1
65956 0
65957 4
65958 3
65959 0
65960 1
65961 1
65962 1
65963 1
65964 3
65965 1
65966 3
65967 3
65968 3
65969 4
65970 3
65971 2
65972 2
65973 2
65974 5
65975 3
65976 2
65977 1
65978 0
65979 1
65980 2
65981 2
65982 1
65983 0
65984 3
65985 1
65986 5
65987 0
65988 2
65989 0
65990 1
65991 0
65992 4
65993 3
65994 4
65995 2
65996 5
65997 4
65998 1
65999 2
66000 5
66001 1
66002 2
66003 0
66004 4
66005 0
66006 4
66007 5
66008 2
66009 3
66010 1
66011 2
66012 3
66013 3
66014 0
66015 4
66016 0
66017 0
66018 1
66019 1
66020 1
66021 1
66022 5
66023 4
66024 2
66025 1
66026 2
66027 0
66028 5
66029 1
66030 1
66031 0
66032 4
66033 3
66034 3
66035 2
66036 4
66037 0
66038 0
66039 2
66040 1
66041 5
66042 1
66043 0
66044 2
66045 1
66046 2
66047 3
66048 4
66049 0
66050 4
66051 0
66052 0
66053 3
66054 2
66055 0
66056 3
66057 0
66058 2
66059 1
66060 5
66061 4
66062 0
66063 3
66064 1
66065 1
66066 0
66067 3
66068 2
66069 4
66070 2
66071 1
66072 0
66073 3
66074 4
66075 3
66076 0
66077 4
66078 0
66079 3
66080 5
66081 2
66082 1
66083 3
66084 0
66085 2
66086 1
66087 2
66088 2
66089 0
66090 3
66091 1
66092 0
66093 3
66094 2
66095 2
66096 5
66097 2
66098 1
66099 3
66100 1
66101 2
66102 1
66103 3
66104 0
66105 2
66106 0
66107 4
66108 5
66109 0
66110 4
66111 2
66112 4
66113 3
66114 1
66115 1
66116 3
66117 3
66118 1
66119 3
66120 0
66121 3
66122 0
66123 3
66124 1
66125 2
66126 3
66127 1
66128 1
66129 0
66130 1
66131 3
66132 3
66133 0
66134 0
66135 2
66136 2
66137 1
66138 0
66139 4
66140 3
66141 2
66142 1
66143 1
66144 0
66145 4
66146 2
66147 0
66148 1
66149 4
66150 0
66151 0
66152 3
66153 2
66154 5
66155 4
66156 1
66157 4
66158 4
66159 2
66160 3
66161 1
66162 3
66163 1
66164 3
66165 3
66166 1
66167 3
66168 0
66169 4
66170 1
66171 4
66172 2
66173 1
66174 3
66175 4
66176 0
66177 3
66178 3
66179 2
66180 3
66181 0
66182 5
66183 4
66184 3
66185 2
66186 1
66187 3
66188 3
66189 5
66190 0
66191 0
66192 2
66193 2
66194 1
66195 3
66196 0
66197 3
66198 2
66199 0
66200 5
66201 1
66202 3
66203 1
66204 1
66205 2
66206 3
66207 1
66208 3
66209 3
66210 2
66211 2
66212 1
66213 5
66214 1
66215 4
66216 2
66217 2
66218 3
66219 0
66220 3
66221 4
66222 0
66223 1
66224 3
66225 0
66226 0
66227 1
66228 0
66229 1
66230 0
66231 3
66232 5
66233 1
66234 5
66235 0
66236 5
66237 4
66238 4
66239 2
66240 3
66241 0
66242 5
66243 2
66244 2
66245 0
66246 0
66247 2
66248 2
66249 0
66250 4
66251 5
66252 2
66253 3
66254 4
66255 2
66256 3
66257 3
66258 4
66259 1
66260 3
66261 2
66262 4
66263 1
66264 4
66265 1
66266 3
66267 0
66268 3
66269 0
66270 1
66271 4
66272 1
66273 2
66274 1
66275 4
66276 2
66277 5
66278 3
66279 2
66280 0
66281 1
66282 0
66283 2
66284 0
66285 5
66286 3
66287 1
66288 4
66289 3
66290 0
66291 3
66292 1
66293 0
66294 2
66295 4
66296 3
66297 0
66298 4
66299 0
66300 4
66301 4
66302 1
66303 2
66304 3
66305 0
66306 2
66307 1
66308 4
66309 4
66310 4
66311 2
66312 1
66313 2
66314 3
66315 4
66316 2
66317 1
66318 3
66319 3
66320 1
66321 5
66322 2
66323 4
66324 3
66325 0
66326 2
66327 1
66328 1
66329 2
66330 3
66331 2
66332 1
66333 1
66334 0
66335 3
66336 3
66337 1
66338 2
66339 2
66340 1
66341 1
66342 1
66343 4
66344 3
66345 3
66346 5
66347 4
66348 0
66349 0
66350 1
66351 4
66352 0
66353 3
66354 2
66355 2
66356 2
66357 1
66358 1
66359 3
66360 2
66361 5
66362 5
66363 2
66364 1
66365 3
66366 1
66367 3
66368 4
66369 1
66370 2
66371 1
66372 3
66373 3
66374 2
66375 3
66376 0
66377 4
66378 4
66379 2
66380 1
66381 2
66382 0
66383 2
66384 3
66385 2
66386 0
66387 1
66388 5
66389 3
66390 3
66391 3
66392 1
66393 1
66394 3
66395 2
66396 0
66397 1
66398 0
66399 0
66400 4
66401 2
66402 3
66403 2
66404 2
66405 3
66406 4
66407 4
66408 4
66409 2
66410 5
66411 3
66412 1
66413 1
66414 3
66415 0
66416 1
66417 4
66418 1
66419 1
66420 4
66421 0
66422 1
66423 1
66424 5
66425 3
66426 2
66427 0
66428 2
66429 0
66430 4
66431 0
66432 0
66433 1
66434 0
66435 0
66436 1
66437 1
66438 2
66439 1
66440 1
66441 0
66442 4
66443 2
66444 0
66445 1
66446 2
66447 2
66448 2
66449 5
66450 2
66451 3
66452 2
66453 1
66454 0
66455 5
66456 3
66457 3
66458 3
66459 3
66460 1
66461 5
66462 0
66463 1
66464 0
66465 0
66466 3
66467 4
66468 1
66469 0
66470 0
66471 3
66472 2
66473 2
66474 0
66475 0
66476 4
66477 0
66478 3
66479 0
66480 3
66481 0
66482 0
66483 1
66484 1
66485 2
66486 2
66487 3
66488 3
66489 2
66490 3
66491 5
66492 3
66493 2
66494 5
66495 2
66496 3
66497 3
66498 4
66499 2
66500 4
66501 4
66502 1
66503 4
66504 4
66505 0
66506 3
66507 0
66508 3
66509 1
66510 2
66511 2
66512 1
66513 4
66514 1
66515 3
66516 1
66517 5
66518 1
66519 2
66520 3
66521 1
66522 4
66523 4
66524 3
66525 5
66526 2
66527 3
66528 5
66529 1
66530 4
66531 2
66532 3
66533 4
66534 0
66535 3
66536 2
66537 4
66538 0
66539 4
66540 0
66541 3
66542 5
66543 0
66544 3
66545 3
66546 3
66547 3
66548 0
66549 2
66550 3
66551 0
66552 0
66553 4
66554 1
66555 1
66556 3
66557 3
66558 2
66559 4
66560 3
66561 5
66562 0
66563 3
66564 0
66565 1
66566 5
66567 6
66568 3
66569 2
66570 2
66571 2
66572 4
66573 2
66574 4
66575 4
66576 4
66577 3
66578 4
66579 3
66580 2
66581 2
66582 0
66583 1
66584 1
66585 0
66586 0
66587 3
66588 2
66589 2
66590 4
66591 4
66592 1
66593 0
66594 3
66595 3
66596 4
66597 0
66598 3
66599 4
66600 3
66601 2
66602 1
66603 3
66604 5
66605 5
66606 1
66607 0
66608 0
66609 3
66610 2
66611 4
66612 2
66613 6
66614 0
66615 4
66616 3
66617 0
66618 2
66619 1
66620 0
66621 2
66622 4
66623 2
66624 0
66625 3
66626 2
66627 3
66628 4
66629 1
66630 3
66631 0
66632 3
66633 0
66634 0
66635 1
66636 1
66637 3
66638 3
66639 2
66640 2
66641 0
66642 1
66643 2
66644 3
66645 3
66646 3
66647 3
66648 1
66649 4
66650 4
66651 4
66652 1
66653 1
66654 1
66655 0
66656 1
66657 1
66658 0
66659 1
66660 1
66661 3
66662 1
66663 3
66664 1
66665 2
66666 2
66667 1
66668 1
66669 4
66670 3
66671 2
66672 1
66673 3
66674 0
66675 2
66676 2
66677 1
66678 1
66679 2
66680 1
66681 1
66682 3
66683 3
66684 2
66685 1
66686 3
66687 1
66688 0
66689 2
66690 0
66691 3
66692 2
66693 4
66694 3
66695 2
66696 3
66697 5
66698 1
66699 0
66700 2
66701 2
66702 2
66703 4
66704 1
66705 2
66706 0
66707 2
66708 1
66709 1
66710 1
66711 1
66712 2
66713 2
66714 1
66715 0
66716 5
66717 2
66718 1
66719 1
66720 4
66721 2
66722 3
66723 4
66724 0
66725 4
66726 3
66727 4
66728 4
66729 2
66730 3
66731 3
66732 1
66733 3
66734 2
66735 1
66736 3
66737 1
66738 1
66739 1
66740 3
66741 1
66742 1
66743 1
66744 3
66745 3
66746 1
66747 3
66748 1
66749 3
66750 3
66751 0
66752 1
66753 1
66754 4
66755 4
66756 2
66757 1
66758 2
66759 0
66760 2
66761 1
66762 0
66763 2
66764 3
66765 2
66766 3
66767 4
66768 2
66769 4
66770 3
66771 5
66772 2
66773 2
66774 0
66775 1
66776 4
66777 1
66778 3
66779 1
66780 1
66781 1
66782 2
66783 0
66784 4
66785 0
66786 4
66787 0
66788 2
66789 1
66790 2
66791 3
66792 0
66793 3
66794 5
66795 0
66796 0
66797 0
66798 3
66799 4
66800 5
66801 3
66802 0
66803 1
66804 1
66805 4
66806 2
66807 3
66808 1
66809 1
66810 0
66811 4
66812 5
66813 4
66814 3
66815 1
66816 0
66817 0
66818 1
66819 3
66820 1
66821 3
66822 4
66823 5
66824 2
66825 1
66826 1
66827 1
66828 5
66829 1
66830 5
66831 5
66832 1
66833 4
66834 0
66835 0
66836 4
66837 1
66838 2
66839 1
66840 3
66841 5
66842 0
66843 2
66844 0
66845 4
66846 5
66847 1
66848 3
66849 3
66850 4
66851 0
66852 3
66853 2
66854 1
66855 2
66856 4
66857 1
66858 2
66859 1
66860 1
66861 0
66862 2
66863 1
66864 2
66865 5
66866 0
66867 2
66868 3
66869 2
66870 3
66871 1
66872 3
66873 0
66874 1
66875 5
66876 1
66877 2
66878 2
66879 0
66880 2
66881 3
66882 4
66883 1
66884 5
66885 0
66886 3
66887 3
66888 0
66889 2
66890 2
66891 5
66892 0
66893 4
66894 6
66895 5
66896 3
66897 1
66898 1
66899 3
66900 3
66901 2
66902 0
66903 3
66904 4
66905 5
66906 2
66907 4
66908 0
66909 2
66910 4
66911 3
66912 2
66913 2
66914 3
66915 4
66916 0
66917 1
66918 1
66919 4
66920 4
66921 4
66922 4
66923 4
66924 2
66925 2
66926 5
66927 0
66928 1
66929 3
66930 2
66931 0
66932 0
66933 2
66934 5
66935 4
66936 1
66937 4
66938 4
66939 4
66940 0
66941 3
66942 0
66943 3
66944 0
66945 2
66946 0
66947 4
66948 4
66949 3
66950 3
66951 0
66952 3
66953 1
66954 0
66955 0
66956 0
66957 2
66958 3
66959 0
66960 0
66961 0
66962 3
66963 2
66964 5
66965 3
66966 2
66967 2
66968 0
66969 1
66970 3
66971 2
66972 0
66973 2
66974 3
66975 0
66976 5
66977 0
66978 3
66979 1
66980 2
66981 0
66982 1
66983 4
66984 0
66985 2
66986 2
66987 4
66988 2
66989 1
66990 0
66991 0
66992 2
66993 1
66994 4
66995 3
66996 0
66997 2
66998 0
66999 0
67000 5
67001 2
67002 2
67003 1
67004 3
67005 0
67006 3
67007 1
67008 1
67009 3
67010 5
67011 2
67012 4
67013 2
67014 4
67015 4
67016 1
67017 1
67018 5
67019 3
67020 4
67021 3
67022 3
67023 2
67024 5
67025 5
67026 3
67027 0
67028 5
67029 3
67030 0
67031 3
67032 2
67033 3
67034 3
67035 2
67036 1
67037 0
67038 3
67039 2
67040 3
67041 2
67042 3
67043 1
67044 0
67045 0
67046 2
67047 1
67048 3
67049 2
67050 2
67051 2
67052 5
67053 0
67054 0
67055 0
67056 3
67057 3
67058 2
67059 3
67060 2
67061 2
67062 3
67063 4
67064 2
67065 5
67066 4
67067 5
67068 2
67069 0
67070 1
67071 3
67072 0
67073 1
67074 0
67075 1
67076 5
67077 2
67078 1
67079 1
67080 2
67081 1
67082 1
67083 0
67084 2
67085 0
67086 3
67087 2
67088 2
67089 3
67090 0
67091 1
67092 1
67093 2
67094 4
67095 3
67096 3
67097 3
67098 1
67099 4
67100 3
67101 1
67102 1
67103 1
67104 0
67105 0
67106 1
67107 2
67108 2
67109 1
67110 1
67111 4
67112 1
67113 1
67114 1
67115 3
67116 0
67117 4
67118 1
67119 5
67120 3
67121 2
67122 2
67123 0
67124 3
67125 2
67126 0
67127 2
67128 0
67129 3
67130 0
67131 2
67132 2
67133 3
67134 2
67135 0
67136 4
67137 3
67138 2
67139 4
67140 5
67141 0
67142 1
67143 0
67144 0
67145 4
67146 1
67147 0
67148 3
67149 2
67150 4
67151 3
67152 0
67153 4
67154 1
67155 5
67156 0
67157 1
67158 2
67159 2
67160 2
67161 4
67162 2
67163 4
67164 4
67165 4
67166 3
67167 2
67168 0
67169 5
67170 4
67171 3
67172 2
67173 4
67174 1
67175 4
67176 3
67177 4
67178 0
67179 2
67180 0
67181 2
67182 2
67183 3
67184 3
67185 3
67186 0
67187 4
67188 5
67189 0
67190 1
67191 4
67192 1
67193 1
67194 3
67195 0
67196 0
67197 4
67198 4
67199 0
67200 5
67201 1
67202 4
67203 4
67204 0
67205 0
67206 0
67207 0
67208 3
67209 4
67210 1
67211 0
67212 1
67213 0
67214 1
67215 0
67216 1
67217 3
67218 4
67219 0
67220 0
67221 2
67222 1
67223 2
67224 1
67225 4
67226 1
67227 2
67228 1
67229 0
67230 4
67231 5
67232 4
67233 0
67234 5
67235 4
67236 0
67237 2
67238 1
67239 3
67240 2
67241 1
67242 2
67243 1
67244 4
67245 2
67246 2
67247 2
67248 0
67249 4
67250 3
67251 1
67252 5
67253 4
67254 2
67255 0
67256 1
67257 1
67258 2
67259 1
67260 1
67261 3
67262 2
67263 5
67264 1
67265 0
67266 4
67267 1
67268 1
67269 3
67270 0
67271 5
67272 2
67273 2
67274 1
67275 2
67276 5
67277 4
67278 0
67279 2
67280 1
67281 1
67282 4
67283 4
67284 4
67285 1
67286 0
67287 0
67288 4
67289 1
67290 4
67291 0
67292 4
67293 5
67294 3
67295 4
67296 1
67297 3
67298 1
67299 1
67300 3
67301 4
67302 0
67303 1
67304 1
67305 1
67306 2
67307 2
67308 2
67309 3
67310 3
67311 1
67312 2
67313 3
67314 1
67315 4
67316 4
67317 3
67318 2
67319 6
67320 0
67321 1
67322 3
67323 0
67324 2
67325 1
67326 3
67327 3
67328 5
67329 2
67330 2
67331 2
67332 1
67333 0
67334 2
67335 3
67336 0
67337 2
67338 2
67339 0
67340 1
67341 3
67342 1
67343 1
67344 0
67345 2
67346 0
67347 3
67348 2
67349 1
67350 4
67351 1
67352 2
67353 2
67354 2
67355 3
67356 3
67357 1
67358 2
67359 4
67360 0
67361 5
67362 4
67363 1
67364 0
67365 3
67366 3
67367 3
67368 3
67369 0
67370 2
67371 2
67372 3
67373 2
67374 0
67375 2
67376 0
67377 4
67378 5
67379 1
67380 0
67381 4
67382 2
67383 2
67384 4
67385 4
67386 4
67387 2
67388 3
67389 2
67390 1
67391 0
67392 2
67393 3
67394 3
67395 2
67396 1
67397 2
67398 0
67399 0
67400 1
67401 2
67402 4
67403 0
67404 4
67405 0
67406 3
67407 0
67408 1
67409 4
67410 2
67411 0
67412 1
67413 3
67414 3
67415 1
67416 2
67417 1
67418 0
67419 0
67420 1
67421 3
67422 6
67423 3
67424 0
67425 3
67426 0
67427 2
67428 2
67429 0
67430 2
67431 4
67432 2
67433 4
67434 0
67435 3
67436 3
67437 6
67438 0
67439 3
67440 4
67441 3
67442 2
67443 4
67444 3
67445 0
67446 0
67447 3
67448 4
67449 1
67450 4
67451 3
67452 5
67453 5
67454 2
67455 4
67456 3
67457 0
67458 3
67459 4
67460 0
67461 0
67462 1
67463 1
67464 0
67465 1
67466 4
67467 4
67468 4
67469 1
67470 3
67471 2
67472 1
67473 2
67474 0
67475 4
67476 2
67477 4
67478 4
67479 2
67480 2
67481 6
67482 4
67483 4
67484 1
67485 4
67486 4
67487 4
67488 3
67489 1
67490 3
67491 0
67492 1
67493 3
67494 2
67495 1
67496 0
67497 4
67498 1
67499 4
67500 1
67501 4
67502 3
67503 0
67504 0
67505 0
67506 0
67507 3
67508 3
67509 3
67510 0
67511 3
67512 3
67513 2
67514 2
67515 0
67516 2
67517 4
67518 4
67519 3
67520 5
67521 4
67522 1
67523 3
67524 4
67525 2
67526 3
67527 2
67528 2
67529 1
67530 2
67531 3
67532 0
67533 0
67534 0
67535 4
67536 3
67537 2
67538 2
67539 5
67540 2
67541 3
67542 0
67543 2
67544 3
67545 3
67546 3
67547 0
67548 1
67549 1
67550 2
67551 0
67552 0
67553 0
67554 0
67555 2
67556 3
67557 2
67558 0
67559 1
67560 1
67561 3
67562 0
67563 4
67564 3
67565 1
67566 2
67567 3
67568 4
67569 0
67570 3
67571 1
67572 0
67573 0
67574 0
67575 1
67576 4
67577 0
67578 0
67579 0
67580 3
67581 1
67582 3
67583 0
67584 0
67585 3
67586 3
67587 3
67588 1
67589 2
67590 0
67591 3
67592 4
67593 3
67594 4
67595 0
67596 0
67597 4
67598 3
67599 0
67600 3
67601 3
67602 2
67603 2
67604 3
67605 3
67606 6
67607 0
67608 4
67609 3
67610 1
67611 3
67612 0
67613 5
67614 5
67615 5
67616 2
67617 3
67618 5
67619 3
67620 4
67621 5
67622 0
67623 2
67624 2
67625 2
67626 3
67627 1
67628 4
67629 5
67630 1
67631 2
67632 2
67633 4
67634 5
67635 4
67636 3
67637 1
67638 2
67639 3
67640 0
67641 2
67642 4
67643 1
67644 1
67645 0
67646 2
67647 2
67648 1
67649 2
67650 0
67651 2
67652 4
67653 2
67654 0
67655 2
67656 0
67657 2
67658 4
67659 1
67660 4
67661 0
67662 0
67663 5
67664 3
67665 3
67666 6
67667 0
67668 3
67669 2
67670 1
67671 0
67672 1
67673 2
67674 0
67675 0
67676 1
67677 4
67678 4
67679 3
67680 2
67681 2
67682 1
67683 1
67684 1
67685 1
67686 0
67687 5
67688 0
67689 0
67690 1
67691 3
67692 2
67693 2
67694 3
67695 2
67696 0
67697 2
67698 2
67699 0
67700 3
67701 2
67702 2
67703 3
67704 1
67705 3
67706 0
67707 2
67708 5
67709 4
67710 0
67711 3
67712 3
67713 1
67714 3
67715 0
67716 1
67717 1
67718 4
67719 6
67720 4
67721 3
67722 0
67723 2
67724 4
67725 0
67726 3
67727 5
67728 2
67729 5
67730 0
67731 1
67732 0
67733 1
67734 2
67735 4
67736 2
67737 2
67738 1
67739 2
67740 2
67741 1
67742 3
67743 4
67744 2
67745 2
67746 2
67747 1
67748 1
67749 2
67750 4
67751 1
67752 4
67753 2
67754 5
67755 4
67756 0
67757 0
67758 3
67759 0
67760 0
67761 0
67762 5
67763 0
67764 4
67765 5
67766 2
67767 3
67768 3
67769 0
67770 3
67771 0
67772 2
67773 4
67774 1
67775 3
67776 2
67777 5
67778 2
67779 4
67780 4
67781 1
67782 2
67783 4
67784 1
67785 0
67786 2
67787 0
67788 3
67789 3
67790 4
67791 5
67792 1
67793 5
67794 0
67795 4
67796 3
67797 5
67798 4
67799 4
67800 3
67801 2
67802 3
67803 5
67804 5
67805 2
67806 2
67807 3
67808 0
67809 0
67810 0
67811 2
67812 2
67813 2
67814 0
67815 0
67816 6
67817 0
67818 1
67819 2
67820 1
67821 1
67822 3
67823 1
67824 2
67825 2
67826 2
67827 0
67828 2
67829 1
67830 2
67831 3
67832 2
67833 2
67834 1
67835 5
67836 1
67837 2
67838 1
67839 2
67840 1
67841 2
67842 3
67843 4
67844 3
67845 2
67846 0
67847 1
67848 0
67849 1
67850 0
67851 0
67852 1
67853 6
67854 2
67855 3
67856 1
67857 1
67858 2
67859 1
67860 2
67861 1
67862 1
67863 2
67864 1
67865 2
67866 1
67867 3
67868 4
67869 3
67870 4
67871 1
67872 1
67873 0
67874 1
67875 2
67876 4
67877 3
67878 2
67879 4
67880 0
67881 0
67882 3
67883 2
67884 3
67885 2
67886 2
67887 3
67888 1
67889 4
67890 3
67891 2
67892 3
67893 3
67894 1
67895 0
67896 3
67897 1
67898 3
67899 3
67900 4
67901 0
67902 5
67903 1
67904 4
67905 0
67906 1
67907 1
67908 1
67909 0
67910 3
67911 1
67912 3
67913 1
67914 1
67915 4
67916 2
67917 2
67918 0
67919 5
67920 1
67921 2
67922 0
67923 2
67924 2
67925 0
67926 4
67927 0
67928 3
67929 0
67930 5
67931 3
67932 4
67933 0
67934 3
67935 3
67936 1
67937 3
67938 2
67939 3
67940 2
67941 2
67942 5
67943 0
67944 4
67945 2
67946 1
67947 2
67948 4
67949 3
67950 4
67951 0
67952 2
67953 4
67954 4
67955 3
67956 0
67957 1
67958 3
67959 2
67960 3
67961 3
67962 2
67963 3
67964 4
67965 0
67966 2
67967 1
67968 3
67969 1
67970 0
67971 4
67972 1
67973 0
67974 4
67975 0
67976 3
67977 5
67978 0
67979 5
67980 5
67981 3
67982 0
67983 1
67984 5
67985 2
67986 2
67987 4
67988 4
67989 1
67990 1
67991 1
67992 4
67993 1
67994 4
67995 3
67996 0
67997 0
67998 2
67999 4
68000 3
68001 2
68002 4
68003 1
68004 3
68005 0
68006 1
68007 2
68008 1
68009 1
68010 3
68011 4
68012 1
68013 5
68014 1
68015 4
68016 4
68017 0
68018 0
68019 2
68020 1
68021 4
68022 1
68023 3
68024 1
68025 4
68026 4
68027 0
68028 3
68029 3
68030 0
68031 2
68032 2
68033 1
68034 2
68035 2
68036 2
68037 1
68038 2
68039 3
68040 0
68041 4
68042 4
68043 1
68044 0
68045 2
68046 0
68047 3
68048 2
68049 3
68050 4
68051 0
68052 4
68053 2
68054 2
68055 4
68056 3
68057 0
68058 5
68059 4
68060 1
68061 3
68062 2
68063 1
68064 3
68065 1
68066 0
68067 0
68068 2
68069 0
68070 3
68071 1
68072 1
68073 4
68074 4
68075 0
68076 2
68077 3
68078 3
68079 2
68080 5
68081 3
68082 2
68083 5
68084 0
68085 0
68086 1
68087 2
68088 0
68089 2
68090 1
68091 1
68092 1
68093 1
68094 1
68095 1
68096 4
68097 0
68098 4
68099 5
68100 1
68101 0
68102 4
68103 3
68104 3
68105 1
68106 3
68107 1
68108 4
68109 4
68110 2
68111 2
68112 2
68113 0
68114 2
68115 2
68116 0
68117 4
68118 3
68119 2
68120 0
68121 1
68122 0
68123 3
68124 2
68125 2
68126 5
68127 3
68128 0
68129 3
68130 2
68131 1
68132 0
68133 0
68134 1
68135 0
68136 1
68137 0
68138 1
68139 3
68140 2
68141 2
68142 0
68143 2
68144 5
68145 4
68146 0
68147 0
68148 2
68149 1
68150 4
68151 0
68152 2
68153 4
68154 1
68155 4
68156 0
68157 3
68158 0
68159 3
68160 0
68161 2
68162 1
68163 0
68164 1
68165 3
68166 2
68167 4
68168 0
68169 2
68170 1
68171 5
68172 5
68173 0
68174 2
68175 3
68176 4
68177 3
68178 3
68179 2
68180 3
68181 1
68182 2
68183 2
68184 2
68185 1
68186 1
68187 1
68188 0
68189 3
68190 4
68191 2
68192 1
68193 0
68194 1
68195 1
68196 2
68197 0
68198 1
68199 2
68200 0
68201 0
68202 0
68203 3
68204 4
68205 3
68206 1
68207 1
68208 0
68209 2
68210 1
68211 0
68212 3
68213 2
68214 2
68215 1
68216 2
68217 0
68218 1
68219 4
68220 2
68221 4
68222 4
68223 2
68224 0
68225 0
68226 2
68227 2
68228 0
68229 1
68230 0
68231 5
68232 0
68233 2
68234 2
68235 1
68236 4
68237 3
68238 2
68239 1
68240 3
68241 3
68242 0
68243 1
68244 1
68245 2
68246 2
68247 4
68248 2
68249 0
68250 4
68251 0
68252 2
68253 1
68254 2
68255 4
68256 4
68257 3
68258 0
68259 2
68260 0
68261 1
68262 0
68263 4
68264 1
68265 0
68266 1
68267 2
68268 0
68269 3
68270 5
68271 5
68272 0
68273 0
68274 1
68275 4
68276 3
68277 0
68278 2
68279 0
68280 3
68281 1
68282 2
68283 2
68284 2
68285 1
68286 2
68287 4
68288 4
68289 0
68290 0
68291 5
68292 2
68293 2
68294 3
68295 2
68296 2
68297 3
68298 0
68299 0
68300 2
68301 4
68302 2
68303 2
68304 4
68305 2
68306 0
68307 2
68308 0
68309 2
68310 4
68311 4
68312 4
68313 1
68314 0
68315 3
68316 3
68317 4
68318 4
68319 3
68320 1
68321 2
68322 0
68323 0
68324 1
68325 3
68326 3
68327 1
68328 0
68329 2
68330 1
68331 1
68332 2
68333 3
68334 4
68335 1
68336 2
68337 2
68338 3
68339 3
68340 4
68341 4
68342 3
68343 0
68344 0
68345 0
68346 3
68347 4
68348 3
68349 3
68350 0
68351 0
68352 3
68353 0
68354 1
68355 2
68356 2
68357 1
68358 4
68359 3
68360 2
68361 2
68362 4
68363 1
68364 0
68365 2
68366 2
68367 1
68368 1
68369 3
68370 5
68371 3
68372 2
68373 0
68374 1
68375 2
68376 0
68377 0
68378 1
68379 0
68380 4
68381 3
68382 0
68383 0
68384 0
68385 5
68386 1
68387 3
68388 3
68389 0
68390 1
68391 5
68392 3
68393 2
68394 4
68395 4
68396 0
68397 0
68398 5
68399 4
68400 1
68401 4
68402 3
68403 1
68404 1
68405 4
68406 0
68407 3
68408 0
68409 2
68410 0
68411 0
68412 0
68413 3
68414 2
68415 0
68416 0
68417 2
68418 1
68419 1
68420 3
68421 2
68422 3
68423 0
68424 4
68425 5
68426 0
68427 0
68428 1
68429 3
68430 3
68431 3
68432 0
68433 0
68434 2
68435 3
68436 2
68437 5
68438 4
68439 4
68440 0
68441 1
68442 4
68443 5
68444 0
68445 0
68446 4
68447 4
68448 0
68449 1
68450 1
68451 5
68452 1
68453 2
68454 1
68455 3
68456 0
68457 0
68458 2
68459 2
68460 4
68461 3
68462 2
68463 2
68464 1
68465 4
68466 4
68467 1
68468 5
68469 0
68470 0
68471 4
68472 0
68473 2
68474 0
68475 1
68476 3
68477 3
68478 2
68479 1
68480 2
68481 1
68482 5
68483 2
68484 1
68485 2
68486 4
68487 0
68488 0
68489 3
68490 2
68491 4
68492 2
68493 4
68494 3
68495 0
68496 2
68497 1
68498 4
68499 2
68500 1
68501 3
68502 2
68503 1
68504 2
68505 2
68506 2
68507 1
68508 4
68509 4
68510 0
68511 3
68512 1
68513 4
68514 2
68515 4
68516 0
68517 3
68518 1
68519 2
68520 3
68521 3
68522 1
68523 1
68524 2
68525 5
68526 1
68527 2
68528 3
68529 2
68530 0
68531 4
68532 2
68533 2
68534 2
68535 2
68536 3
68537 0
68538 3
68539 3
68540 1
68541 4
68542 2
68543 1
68544 1
68545 0
68546 0
68547 1
68548 2
68549 0
68550 2
68551 3
68552 0
68553 3
68554 5
68555 1
68556 2
68557 1
68558 3
68559 4
68560 2
68561 3
68562 1
68563 1
68564 3
68565 0
68566 2
68567 5
68568 4
68569 3
68570 1
68571 4
68572 5
68573 3
68574 1
68575 3
68576 2
68577 4
68578 1
68579 0
68580 2
68581 2
68582 4
68583 1
68584 1
68585 5
68586 2
68587 5
68588 2
68589 1
68590 2
68591 2
68592 3
68593 2
68594 0
68595 2
68596 3
68597 3
68598 0
68599 2
68600 0
68601 2
68602 1
68603 1
68604 3
68605 3
68606 1
68607 2
68608 2
68609 4
68610 1
68611 0
68612 1
68613 2
68614 1
68615 4
68616 2
68617 1
68618 0
68619 4
68620 1
68621 2
68622 4
68623 4
68624 0
68625 3
68626 2
68627 2
68628 4
68629 0
68630 3
68631 1
68632 0
68633 3
68634 4
68635 3
68636 1
68637 2
68638 1
68639 2
68640 1
68641 3
68642 2
68643 5
68644 2
68645 4
68646 1
68647 2
68648 3
68649 1
68650 3
68651 4
68652 3
68653 3
68654 3
68655 4
68656 1
68657 0
68658 4
68659 0
68660 3
68661 4
68662 1
68663 3
68664 4
68665 3
68666 4
68667 0
68668 1
68669 3
68670 1
68671 3
68672 1
68673 2
68674 1
68675 4
68676 1
68677 5
68678 2
68679 1
68680 2
68681 0
68682 4
68683 2
68684 2
68685 4
68686 4
68687 4
68688 4
68689 5
68690 4
68691 0
68692 3
68693 4
68694 4
68695 3
68696 5
68697 1
68698 5
68699 0
68700 4
68701 5
68702 3
68703 1
68704 0
68705 1
68706 2
68707 0
68708 1
68709 1
68710 1
68711 4
68712 2
68713 1
68714 0
68715 5
68716 2
68717 1
68718 4
68719 4
68720 1
68721 5
68722 3
68723 2
68724 4
68725 4
68726 2
68727 4
68728 3
68729 3
68730 2
68731 2
68732 1
68733 4
68734 1
68735 4
68736 2
68737 3
68738 4
68739 2
68740 0
68741 1
68742 0
68743 1
68744 5
68745 2
68746 3
68747 4
68748 0
68749 2
68750 3
68751 1
68752 0
68753 1
68754 3
68755 1
68756 3
68757 5
68758 1
68759 0
68760 0
68761 1
68762 4
68763 3
68764 0
68765 2
68766 4
68767 3
68768 3
68769 2
68770 2
68771 1
68772 1
68773 0
68774 2
68775 5
68776 2
68777 4
68778 3
68779 1
68780 3
68781 5
68782 0
68783 2
68784 2
68785 2
68786 3
68787 2
68788 1
68789 0
68790 3
68791 3
68792 0
68793 2
68794 1
68795 1
68796 3
68797 3
68798 3
68799 2
68800 3
68801 1
68802 1
68803 1
68804 0
68805 0
68806 2
68807 1
68808 3
68809 1
68810 1
68811 1
68812 3
68813 4
68814 4
68815 1
68816 2
68817 5
68818 0
68819 3
68820 0
68821 1
68822 1
68823 5
68824 0
68825 3
68826 0
68827 4
68828 2
68829 4
68830 2
68831 2
68832 4
68833 3
68834 0
68835 2
68836 1
68837 2
68838 3
68839 0
68840 3
68841 2
68842 0
68843 1
68844 1
68845 2
68846 4
68847 1
68848 0
68849 4
68850 3
68851 3
68852 1
68853 4
68854 2
68855 0
68856 3
68857 0
68858 4
68859 1
68860 4
68861 3
68862 4
68863 5
68864 3
68865 1
68866 3
68867 3
68868 3
68869 4
68870 5
68871 1
68872 4
68873 3
68874 5
68875 0
68876 0
68877 3
68878 2
68879 5
68880 4
68881 0
68882 0
68883 1
68884 1
68885 5
68886 3
68887 4
68888 0
68889 0
68890 2
68891 0
68892 3
68893 2
68894 3
68895 0
68896 2
68897 3
68898 0
68899 1
68900 4
68901 4
68902 1
68903 1
68904 0
68905 3
68906 1
68907 4
68908 5
68909 3
68910 0
68911 0
68912 1
68913 3
68914 4
68915 1
68916 1
68917 3
68918 4
68919 3
68920 3
68921 3
68922 1
68923 4
68924 1
68925 3
68926 0
68927 2
68928 0
68929 1
68930 1
68931 5
68932 1
68933 0
68934 0
68935 1
68936 3
68937 3
68938 1
68939 4
68940 4
68941 1
68942 2
68943 2
68944 3
68945 5
68946 0
68947 4
68948 3
68949 3
68950 0
68951 4
68952 1
68953 3
68954 4
68955 0
68956 1
68957 1
68958 2
68959 1
68960 4
68961 1
68962 0
68963 4
68964 0
68965 2
68966 3
68967 1
68968 5
68969 0
68970 1
68971 2
68972 3
68973 1
68974 3
68975 3
68976 5
68977 4
68978 3
68979 2
68980 1
68981 2
68982 3
68983 3
68984 3
68985 2
68986 0
68987 3
68988 0
68989 2
68990 1
68991 4
68992 0
68993 0
68994 5
68995 2
68996 0
68997 5
68998 4
68999 0
69000 0
69001 2
69002 3
69003 3
69004 1
69005 4
69006 0
69007 2
69008 4
69009 1
69010 2
69011 3
69012 0
69013 5
69014 2
69015 2
69016 1
69017 4
69018 2
69019 1
69020 3
69021 0
69022 2
69023 3
69024 2
69025 1
69026 3
69027 0
69028 1
69029 2
69030 2
69031 2
69032 4
69033 3
69034 3
69035 2
69036 3
69037 0
69038 0
69039 1
69040 1
69041 3
69042 0
69043 4
69044 3
69045 5
69046 0
69047 2
69048 4
69049 3
69050 4
69051 2
69052 4
69053 2
69054 0
69055 1
69056 2
69057 0
69058 4
69059 1
69060 5
69061 0
69062 3
69063 0
69064 4
69065 1
69066 2
69067 3
69068 4
69069 2
69070 1
69071 0
69072 0
69073 3
69074 0
69075 1
69076 1
69077 2
69078 4
69079 4
69080 3
69081 2
69082 2
69083 0
69084 2
69085 4
69086 1
69087 3
69088 1
69089 0
69090 3
69091 2
69092 4
69093 3
69094 0
69095 1
69096 4
69097 1
69098 3
69099 5
69100 0
69101 3
69102 1
69103 3
69104 2
69105 2
69106 5
69107 2
69108 3
69109 3
69110 5
69111 1
69112 1
69113 3
69114 4
69115 4
69116 3
69117 0
69118 4
69119 0
69120 1
69121 5
69122 3
69123 3
69124 3
69125 4
69126 3
69127 2
69128 0
69129 3
69130 5
69131 2
69132 2
69133 2
69134 1
69135 4
69136 1
69137 3
69138 3
69139 2
69140 1
69141 1
69142 1
69143 5
69144 2
69145 0
69146 3
69147 5
69148 1
69149 3
69150 5
69151 5
69152 2
69153 3
69154 2
69155 1
69156 1
69157 5
69158 2
69159 0
69160 4
69161 4
69162 0
69163 4
69164 4
69165 3
69166 2
69167 4
69168 3
69169 4
69170 2
69171 3
69172 4
69173 2
69174 0
69175 1
69176 3
69177 2
69178 5
69179 0
69180 4
69181 3
69182 0
69183 3
69184 1
69185 2
69186 2
69187 1
69188 3
69189 1
69190 2
69191 4
69192 0
69193 4
69194 1
69195 0
69196 0
69197 0
69198 2
69199 4
69200 0
69201 3
69202 2
69203 3
69204 4
69205 0
69206 4
69207 3
69208 2
69209 2
69210 2
69211 3
69212 3
69213 1
69214 3
69215 1
69216 4
69217 4
69218 2
69219 1
69220 0
69221 1
69222 1
69223 3
69224 3
69225 0
69226 5
69227 3
69228 3
69229 4
69230 3
69231 2
69232 4
69233 3
69234 3
69235 2
69236 0
69237 3
69238 4
69239 1
69240 3
69241 1
69242 4
69243 4
69244 1
69245 6
69246 2
69247 4
69248 4
69249 1
69250 0
69251 4
69252 2
69253 1
69254 4
69255 5
69256 4
69257 2
69258 0
69259 3
69260 1
69261 4
69262 4
69263 3
69264 3
69265 3
69266 4
69267 4
69268 1
69269 4
69270 2
69271 3
69272 1
69273 2
69274 4
69275 1
69276 3
69277 4
69278 6
69279 2
69280 1
69281 0
69282 1
69283 0
69284 1
69285 5
69286 4
69287 5
69288 2
69289 0
69290 5
69291 3
69292 1
69293 0
69294 4
69295 0
69296 3
69297 3
69298 1
69299 1
69300 3
69301 4
69302 2
69303 2
69304 1
69305 2
69306 3
69307 0
69308 1
69309 0
69310 1
69311 0
69312 1
69313 4
69314 3
69315 2
69316 2
69317 1
69318 1
69319 3
69320 5
69321 5
69322 0
69323 1
69324 3
69325 3
69326 3
69327 0
69328 2
69329 1
69330 0
69331 4
69332 3
69333 4
69334 5
69335 3
69336 0
69337 2
69338 5
69339 1
69340 2
69341 2
69342 2
69343 2
69344 3
69345 3
69346 2
69347 4
69348 2
69349 1
69350 4
69351 4
69352 5
69353 0
69354 1
69355 1
69356 3
69357 4
69358 2
69359 0
69360 5
69361 0
69362 1
69363 4
69364 0
69365 4
69366 3
69367 3
69368 1
69369 6
69370 3
69371 1
69372 3
69373 0
69374 3
69375 2
69376 1
69377 1
69378 0
69379 0
69380 4
69381 0
69382 0
69383 2
69384 0
69385 1
69386 2
69387 4
69388 1
69389 3
69390 0
69391 0
69392 3
69393 1
69394 1
69395 3
69396 0
69397 0
69398 2
69399 2
69400 6
69401 0
69402 2
69403 1
69404 4
69405 5
69406 3
69407 1
69408 3
69409 0
69410 3
69411 2
69412 3
69413 3
69414 0
69415 0
69416 1
69417 1
69418 1
69419 3
69420 0
69421 0
69422 1
69423 5
69424 1
69425 5
69426 6
69427 1
69428 4
69429 4
69430 5
69431 5
69432 0
69433 0
69434 2
69435 4
69436 2
69437 1
69438 3
69439 0
69440 0
69441 1
69442 3
69443 3
69444 0
69445 3
69446 1
69447 2
69448 0
69449 5
69450 6
69451 1
69452 3
69453 4
69454 1
69455 3
69456 4
69457 0
69458 0
69459 0
69460 4
69461 0
69462 5
69463 3
69464 1
69465 3
69466 1
69467 0
69468 5
69469 3
69470 1
69471 0
69472 1
69473 0
69474 0
69475 0
69476 1
69477 3
69478 5
69479 3
69480 2
69481 0
69482 2
69483 3
69484 5
69485 0
69486 2
69487 3
69488 1
69489 3
69490 3
69491 1
69492 3
69493 2
69494 3
69495 3
69496 2
69497 2
69498 3
69499 2
69500 4
69501 0
69502 3
69503 0
69504 1
69505 4
69506 4
69507 4
69508 4
69509 3
69510 0
69511 4
69512 2
69513 5
69514 0
69515 3
69516 4
69517 1
69518 0
69519 5
69520 1
69521 1
69522 0
69523 1
69524 1
69525 5
69526 2
69527 0
69528 1
69529 2
69530 0
69531 1
69532 2
69533 1
69534 0
69535 0
69536 3
69537 5
69538 0
69539 3
69540 4
69541 4
69542 2
69543 2
69544 1
69545 1
69546 1
69547 2
69548 1
69549 0
69550 2
69551 4
69552 1
69553 4
69554 1
69555 0
69556 2
69557 4
69558 4
69559 2
69560 0
69561 0
69562 4
69563 1
69564 2
69565 0
69566 5
69567 1
69568 0
69569 2
69570 4
69571 2
69572 5
69573 0
69574 3
69575 0
69576 0
69577 0
69578 1
69579 3
69580 1
69581 0
69582 1
69583 2
69584 3
69585 3
69586 1
69587 3
69588 1
69589 3
69590 1
69591 2
69592 3
69593 0
69594 0
69595 2
69596 4
69597 0
69598 5
69599 2
69600 1
69601 1
69602 3
69603 3
69604 1
69605 2
69606 1
69607 2
69608 2
69609 2
69610 4
69611 1
69612 1
69613 1
69614 3
69615 1
69616 0
69617 5
69618 0
69619 1
69620 2
69621 1
69622 3
69623 3
69624 4
69625 0
69626 0
69627 4
69628 5
69629 2
69630 2
69631 4
69632 1
69633 2
69634 2
69635 4
69636 4
69637 4
69638 0
69639 1
69640 4
69641 0
69642 2
69643 4
69644 1
69645 2
69646 2
69647 1
69648 2
69649 3
69650 1
69651 0
69652 0
69653 4
69654 3
69655 4
69656 0
69657 4
69658 4
69659 2
69660 1
69661 3
69662 2
69663 2
69664 2
69665 0
69666 2
69667 0
69668 0
69669 1
69670 2
69671 3
69672 1
69673 3
69674 2
69675 5
69676 1
69677 2
69678 0
69679 1
69680 5
69681 0
69682 2
69683 1
69684 4
69685 1
69686 3
69687 3
69688 1
69689 0
69690 2
69691 3
69692 1
69693 2
69694 1
69695 5
69696 3
69697 1
69698 4
69699 1
69700 2
69701 2
69702 3
69703 2
69704 4
69705 0
69706 4
69707 2
69708 2
69709 3
69710 2
69711 2
69712 4
69713 0
69714 0
69715 1
69716 2
69717 1
69718 4
69719 4
69720 3
69721 0
69722 1
69723 0
69724 0
69725 0
69726 1
69727 3
69728 4
69729 2
69730 2
69731 1
69732 2
69733 1
69734 2
69735 3
69736 2
69737 4
69738 5
69739 3
69740 5
69741 3
69742 2
69743 2
69744 5
69745 3
69746 2
69747 4
69748 2
69749 1
69750 0
69751 1
69752 3
69753 4
69754 0
69755 3
69756 2
69757 3
69758 1
69759 3
69760 4
69761 5
69762 2
69763 3
69764 0
69765 4
69766 1
69767 2
69768 0
69769 2
69770 3
69771 1
69772 3
69773 2
69774 1
69775 0
69776 2
69777 3
69778 2
69779 2
69780 3
69781 0
69782 1
69783 5
69784 2
69785 2
69786 1
69787 1
69788 2
69789 0
69790 2
69791 5
69792 2
69793 1
69794 4
69795 0
69796 4
69797 1
69798 4
69799 1
69800 1
69801 4
69802 2
69803 2
69804 5
69805 1
69806 3
69807 0
69808 2
69809 3
69810 1
69811 1
69812 1
69813 3
69814 1
69815 2
69816 1
69817 3
69818 4
69819 1
69820 1
69821 5
69822 2
69823 3
69824 1
69825 3
69826 3
69827 1
69828 1
69829 2
69830 2
69831 3
69832 1
69833 2
69834 4
69835 3
69836 2
69837 4
69838 5
69839 1
69840 1
69841 1
69842 4
69843 4
69844 4
69845 1
69846 1
69847 0
69848 5
69849 1
69850 5
69851 0
69852 5
69853 0
69854 1
69855 0
69856 2
69857 3
69858 0
69859 1
69860 5
69861 3
69862 2
69863 5
69864 5
69865 2
69866 1
69867 3
69868 3
69869 1
69870 2
69871 0
69872 3
69873 0
69874 1
69875 2
69876 2
69877 1
69878 0
69879 2
69880 4
69881 1
69882 3
69883 4
69884 4
69885 4
69886 1
69887 2
69888 1
69889 3
69890 4
69891 4
69892 1
69893 3
69894 1
69895 3
69896 1
69897 1
69898 2
69899 3
69900 0
69901 2
69902 4
69903 2
69904 4
69905 4
69906 1
69907 3
69908 4
69909 3
69910 0
69911 4
69912 3
69913 2
69914 0
69915 2
69916 2
69917 1
69918 2
69919 0
69920 4
69921 0
69922 1
69923 3
69924 2
69925 4
69926 4
69927 3
69928 2
69929 3
69930 2
69931 4
69932 4
69933 0
69934 1
69935 2
69936 2
69937 6
69938 5
69939 1
69940 3
69941 4
69942 1
69943 0
69944 0
69945 2
69946 1
69947 3
69948 3
69949 2
69950 1
69951 3
69952 0
69953 4
69954 0
69955 1
69956 2
69957 5
69958 3
69959 4
69960 1
69961 4
69962 4
69963 1
69964 2
69965 1
69966 5
69967 2
69968 0
69969 0
69970 0
69971 1
69972 1
69973 4
69974 0
69975 0
69976 3
69977 3
69978 3
69979 2
69980 3
69981 5
69982 2
69983 2
69984 1
69985 0
69986 5
69987 4
69988 1
69989 2
69990 3
69991 4
69992 1
69993 3
69994 0
69995 2
69996 5
69997 1
69998 0
69999 3
70000 1
70001 4
70002 2
70003 3
70004 2
70005 2
70006 1
70007 3
70008 2
70009 0
70010 4
70011 2
70012 1
70013 2
70014 3
70015 2
70016 1
70017 4
70018 5
70019 1
70020 0
70021 3
70022 3
70023 1
70024 2
70025 2
70026 3
70027 5
70028 5
70029 0
70030 0
70031 2
70032 1
70033 1
70034 1
70035 2
70036 0
70037 4
70038 3
70039 4
70040 0
70041 1
70042 3
70043 3
70044 4
70045 4
70046 2
70047 5
70048 1
70049 1
70050 2
70051 3
70052 5
70053 0
70054 3
70055 3
70056 3
70057 0
70058 0
70059 3
70060 5
70061 2
70062 4
70063 4
70064 2
70065 2
70066 2
70067 0
70068 3
70069 1
70070 1
70071 2
70072 1
70073 4
70074 4
70075 4
70076 4
70077 4
70078 1
70079 2
70080 1
70081 3
70082 1
70083 1
70084 2
70085 3
70086 5
70087 4
70088 1
70089 2
70090 2
70091 2
70092 5
70093 2
70094 3
70095 3
70096 4
70097 2
70098 3
70099 4
70100 1
70101 1
70102 2
70103 1
70104 2
70105 4
70106 0
70107 3
70108 0
70109 1
70110 0
70111 2
70112 1
70113 4
70114 1
70115 1
70116 2
70117 3
70118 0
70119 1
70120 1
70121 0
70122 0
70123 1
70124 0
70125 0
70126 3
70127 1
70128 1
70129 2
70130 4
70131 0
70132 4
70133 2
70134 0
70135 4
70136 4
70137 2
70138 3
70139 2
70140 1
70141 3
70142 3
70143 4
70144 3
70145 3
70146 2
70147 0
70148 3
70149 0
70150 2
70151 0
70152 2
70153 3
70154 0
70155 1
70156 1
70157 3
70158 4
70159 4
70160 1
70161 1
70162 0
70163 2
70164 3
70165 4
70166 1
70167 3
70168 2
70169 2
70170 4
70171 3
70172 0
70173 0
70174 2
70175 2
70176 4
70177 0
70178 5
70179 1
70180 2
70181 2
70182 3
70183 3
70184 2
70185 4
70186 3
70187 1
70188 2
70189 1
70190 3
70191 3
70192 1
70193 1
70194 2
70195 3
70196 4
70197 3
70198 1
70199 4
70200 2
70201 0
70202 1
70203 4
70204 0
70205 2
70206 0
70207 2
70208 0
70209 4
70210 2
70211 2
70212 3
70213 2
70214 5
70215 1
70216 0
70217 2
70218 0
70219 2
70220 3
70221 2
70222 1
70223 2
70224 0
70225 3
70226 0
70227 4
70228 3
70229 4
70230 2
70231 1
70232 2
70233 4
70234 3
70235 1
70236 2
70237 1
70238 3
70239 1
70240 4
70241 5
70242 1
70243 1
70244 4
70245 0
70246 3
70247 1
70248 2
70249 3
70250 4
70251 1
70252 0
70253 3
70254 5
70255 0
70256 1
70257 5
70258 2
70259 1
70260 4
70261 0
70262 1
70263 0
70264 2
70265 1
70266 0
70267 2
70268 2
70269 0
70270 2
70271 0
70272 4
70273 2
70274 2
70275 0
70276 3
70277 2
70278 2
70279 0
70280 0
70281 0
70282 2
70283 4
70284 2
70285 2
70286 3
70287 3
70288 1
70289 4
70290 3
70291 0
70292 3
70293 5
70294 3
70295 5
70296 4
70297 2
70298 4
70299 2
70300 5
70301 2
70302 2
70303 3
70304 2
70305 2
70306 1
70307 0
70308 1
70309 1
70310 3
70311 2
70312 1
70313 4
70314 0
70315 3
70316 1
70317 4
70318 4
70319 2
70320 2
70321 2
70322 3
70323 4
70324 4
70325 0
70326 0
70327 4
70328 0
70329 3
70330 0
70331 0
70332 3
70333 2
70334 1
70335 3
70336 0
70337 3
70338 0
70339 4
70340 1
70341 3
70342 0
70343 3
70344 3
70345 4
70346 4
70347 3
70348 1
70349 3
70350 2
70351 2
70352 3
70353 2
70354 1
70355 1
70356 3
70357 4
70358 0
70359 1
70360 1
70361 5
70362 3
70363 4
70364 3
70365 3
70366 0
70367 5
70368 2
70369 3
70370 2
70371 1
70372 2
70373 4
70374 3
70375 3
70376 4
70377 0
70378 3
70379 4
70380 2
70381 2
70382 3
70383 2
70384 0
70385 3
70386 2
70387 5
70388 4
70389 4
70390 3
70391 1
70392 3
70393 3
70394 3
70395 0
70396 3
70397 1
70398 2
70399 3
70400 1
70401 6
70402 1
70403 4
70404 2
70405 0
70406 3
70407 1
70408 1
70409 0
70410 1
70411 0
70412 4
70413 1
70414 1
70415 1
70416 0
70417 2
70418 0
70419 3
70420 1
70421 3
70422 3
70423 4
70424 1
70425 4
70426 3
70427 0
70428 0
70429 1
70430 3
70431 1
70432 2
70433 5
70434 2
70435 1
70436 4
70437 3
70438 2
70439 4
70440 0
70441 1
70442 2
70443 4
70444 3
70445 3
70446 1
70447 2
70448 2
70449 2
70450 2
70451 0
70452 3
70453 0
70454 2
70455 1
70456 3
70457 5
70458 4
70459 3
70460 4
70461 2
70462 1
70463 1
70464 0
70465 1
70466 3
70467 5
70468 0
70469 2
70470 5
70471 3
70472 3
70473 0
70474 2
70475 4
70476 3
70477 4
70478 4
70479 3
70480 2
70481 3
70482 4
70483 2
70484 1
70485 2
70486 2
70487 2
70488 2
70489 1
70490 2
70491 2
70492 0
70493 0
70494 4
70495 0
70496 0
70497 2
70498 1
70499 4
70500 3
70501 0
70502 0
70503 3
70504 1
70505 1
70506 2
70507 3
70508 3
70509 4
70510 1
70511 3
70512 3
70513 2
70514 3
70515 3
70516 4
70517 1
70518 1
70519 4
70520 3
70521 3
70522 0
70523 1
70524 1
70525 2
70526 2
70527 3
70528 4
70529 1
70530 4
70531 3
70532 3
70533 0
70534 5
70535 1
70536 0
70537 4
70538 2
70539 0
70540 2
70541 5
70542 4
70543 2
70544 3
70545 1
70546 0
70547 3
70548 3
70549 0
70550 1
70551 2
70552 2
70553 5
70554 0
70555 5
70556 2
70557 5
70558 5
70559 1
70560 1
70561 1
70562 3
70563 3
70564 3
70565 4
70566 5
70567 3
70568 2
70569 0
70570 2
70571 2
70572 0
70573 4
70574 1
70575 4
70576 0
70577 4
70578 3
70579 4
70580 0
70581 3
70582 1
70583 2
70584 2
70585 2
70586 3
70587 3
70588 4
70589 3
70590 1
70591 1
70592 5
70593 0
70594 3
70595 3
70596 0
70597 3
70598 3
70599 0
70600 3
70601 1
70602 2
70603 4
70604 4
70605 2
70606 1
70607 4
70608 4
70609 6
70610 3
70611 3
70612 4
70613 5
70614 1
70615 4
70616 1
70617 5
70618 0
70619 0
70620 2
70621 0
70622 2
70623 1
70624 0
70625 0
70626 3
70627 1
70628 2
70629 2
70630 3
70631 4
70632 3
70633 0
70634 2
70635 0
70636 3
70637 2
70638 2
70639 1
70640 0
70641 1
70642 1
70643 5
70644 0
70645 2
70646 2
70647 5
70648 4
70649 4
70650 2
70651 1
70652 2
70653 3
70654 0
70655 5
70656 2
70657 3
70658 0
70659 4
70660 0
70661 4
70662 0
70663 0
70664 0
70665 2
70666 3
70667 0
70668 2
70669 0
70670 0
70671 2
70672 1
70673 3
70674 2
70675 0
70676 1
70677 4
70678 2
70679 1
70680 0
70681 3
70682 0
70683 4
70684 5
70685 2
70686 0
70687 0
70688 0
70689 4
70690 3
70691 0
70692 0
70693 1
70694 2
70695 2
70696 3
70697 4
70698 3
70699 2
70700 2
70701 0
70702 2
70703 1
70704 3
70705 5
70706 0
70707 1
70708 1
70709 1
70710 1
70711 3
70712 2
70713 0
70714 3
70715 3
70716 4
70717 3
70718 0
70719 4
70720 0
70721 1
70722 4
70723 3
70724 4
70725 2
70726 1
70727 2
70728 3
70729 1
70730 4
70731 1
70732 3
70733 0
70734 0
70735 4
70736 4
70737 2
70738 0
70739 5
70740 0
70741 1
70742 0
70743 2
70744 3
70745 4
70746 1
70747 3
70748 4
70749 3
70750 0
70751 2
70752 0
70753 5
70754 2
70755 1
70756 1
70757 2
70758 3
70759 0
70760 4
70761 1
70762 0
70763 4
70764 1
70765 1
70766 3
70767 1
70768 3
70769 2
70770 3
70771 1
70772 3
70773 2
70774 3
70775 2
70776 1
70777 0
70778 0
70779 1
70780 2
70781 0
70782 3
70783 3
70784 1
70785 0
70786 2
70787 2
70788 3
70789 1
70790 0
70791 3
70792 5
70793 1
70794 0
70795 3
70796 0
70797 0
70798 0
70799 2
70800 0
70801 1
70802 1
70803 1
70804 1
70805 1
70806 0
70807 2
70808 0
70809 4
70810 0
70811 1
70812 0
70813 3
70814 3
70815 0
70816 2
70817 1
70818 4
70819 1
70820 1
70821 3
70822 4
70823 0
70824 0
70825 3
70826 4
70827 0
70828 1
70829 1
70830 4
70831 1
70832 4
70833 3
70834 3
70835 1
70836 2
70837 1
70838 3
70839 2
70840 2
70841 1
70842 4
70843 0
70844 4
70845 1
70846 6
70847 0
70848 0
70849 2
70850 0
70851 4
70852 1
70853 0
70854 1
70855 0
70856 2
70857 3
70858 3
70859 1
70860 0
70861 0
70862 0
70863 4
70864 0
70865 4
70866 2
70867 1
70868 1
70869 2
70870 1
70871 2
70872 0
70873 0
70874 2
70875 0
70876 4
70877 2
70878 0
70879 0
70880 0
70881 1
70882 5
70883 1
70884 3
70885 1
70886 0
70887 0
70888 2
70889 3
70890 0
70891 0
70892 0
70893 3
70894 1
70895 2
70896 2
70897 1
70898 1
70899 5
70900 0
70901 4
70902 3
70903 0
70904 3
70905 0
70906 2
70907 3
70908 4
70909 1
70910 1
70911 4
70912 0
70913 0
70914 1
70915 1
70916 2
70917 0
70918 0
70919 1
70920 1
70921 0
70922 4
70923 1
70924 2
70925 3
70926 4
70927 2
70928 2
70929 5
70930 4
70931 1
70932 2
70933 0
70934 2
70935 2
70936 1
70937 2
70938 3
70939 2
70940 3
70941 0
70942 2
70943 2
70944 3
70945 1
70946 3
70947 0
70948 5
70949 4
70950 2
70951 2
70952 4
70953 2
70954 3
70955 1
70956 3
70957 1
70958 0
70959 5
70960 2
70961 3
70962 4
70963 2
70964 4
70965 3
70966 2
70967 0
70968 4
70969 0
70970 0
70971 1
70972 4
70973 0
70974 1
70975 1
70976 2
70977 2
70978 3
70979 2
70980 2
70981 5
70982 0
70983 3
70984 4
70985 0
70986 3
70987 0
70988 2
70989 4
70990 0
70991 1
70992 0
70993 0
70994 4
70995 2
70996 3
70997 5
70998 1
70999 5
71000 3
71001 0
71002 0
71003 4
71004 5
71005 3
71006 4
71007 2
71008 3
71009 1
71010 2
71011 0
71012 2
71013 0
71014 4
71015 4
71016 3
71017 5
71018 2
71019 4
71020 3
71021 1
71022 0
71023 2
71024 2
71025 3
71026 3
71027 0
71028 3
71029 3
71030 0
71031 5
71032 0
71033 1
71034 2
71035 4
71036 2
71037 3
71038 0
71039 4
71040 2
71041 4
71042 3
71043 3
71044 5
71045 2
71046 3
71047 0
71048 1
71049 3
71050 1
71051 1
71052 4
71053 0
71054 2
71055 2
71056 0
71057 5
71058 1
71059 1
71060 4
71061 1
71062 2
71063 3
71064 2
71065 4
71066 5
71067 0
71068 0
71069 0
71070 5
71071 2
71072 3
71073 2
71074 0
71075 1
71076 1
71077 2
71078 1
71079 3
71080 5
71081 4
71082 2
71083 0
71084 5
71085 3
71086 5
71087 3
71088 2
71089 0
71090 0
71091 1
71092 1
71093 0
71094 5
71095 2
71096 2
71097 2
71098 0
71099 2
71100 1
71101 3
71102 1
71103 3
71104 2
71105 0
71106 1
71107 5
71108 0
71109 1
71110 5
71111 2
71112 4
71113 3
71114 5
71115 4
71116 4
71117 4
71118 3
71119 1
71120 2
71121 2
71122 2
71123 2
71124 3
71125 4
71126 3
71127 2
71128 0
71129 1
71130 1
71131 4
71132 3
71133 1
71134 1
71135 3
71136 4
71137 2
71138 1
71139 0
71140 0
71141 1
71142 2
71143 3
71144 3
71145 5
71146 4
71147 5
71148 1
71149 2
71150 4
71151 0
71152 2
71153 1
71154 3
71155 5
71156 3
71157 3
71158 5
71159 2
71160 1
71161 5
71162 0
71163 2
71164 1
71165 0
71166 4
71167 2
71168 1
71169 4
71170 0
71171 0
71172 2
71173 4
71174 1
71175 2
71176 0
71177 5
71178 0
71179 3
71180 2
71181 1
71182 4
71183 2
71184 0
71185 1
71186 3
71187 0
71188 4
71189 3
71190 3
71191 2
71192 5
71193 0
71194 2
71195 3
71196 2
71197 0
71198 2
71199 0
71200 1
71201 0
71202 2
71203 3
71204 4
71205 2
71206 2
71207 1
71208 4
71209 3
71210 3
71211 4
71212 1
71213 0
71214 4
71215 4
71216 1
71217 3
71218 4
71219 1
71220 0
71221 4
71222 3
71223 5
71224 3
71225 0
71226 2
71227 3
71228 0
71229 0
71230 3
71231 3
71232 2
71233 3
71234 1
71235 2
71236 1
71237 3
71238 1
71239 3
71240 2
71241 1
71242 1
71243 5
71244 5
71245 0
71246 1
71247 1
71248 3
71249 1
71250 3
71251 0
71252 3
71253 1
71254 3
71255 5
71256 0
71257 0
71258 4
71259 1
71260 3
71261 0
71262 0
71263 3
71264 0
71265 0
71266 2
71267 2
71268 2
71269 5
71270 0
71271 1
71272 0
71273 3
71274 1
71275 2
71276 4
71277 3
71278 2
71279 2
71280 3
71281 3
71282 1
71283 4
71284 3
71285 2
71286 2
71287 4
71288 2
71289 3
71290 3
71291 1
71292 0
71293 2
71294 1
71295 5
71296 4
71297 2
71298 1
71299 1
71300 4
71301 1
71302 2
71303 2
71304 2
71305 3
71306 0
71307 0
71308 3
71309 3
71310 3
71311 0
71312 5
71313 2
71314 4
71315 5
71316 2
71317 3
71318 1
71319 3
71320 0
71321 1
71322 2
71323 3
71324 1
71325 4
71326 1
71327 2
71328 0
71329 4
71330 4
71331 3
71332 0
71333 3
71334 0
71335 3
71336 3
71337 2
71338 4
71339 2
71340 4
71341 0
71342 3
71343 5
71344 3
71345 2
71346 1
71347 3
71348 3
71349 2
71350 0
71351 5
71352 1
71353 0
71354 4
71355 3
71356 4
71357 0
71358 4
71359 1
71360 4
71361 5
71362 1
71363 4
71364 1
71365 5
71366 0
71367 2
71368 4
71369 3
71370 4
71371 1
71372 3
71373 0
71374 2
71375 0
71376 4
71377 3
71378 0
71379 3
71380 1
71381 2
71382 0
71383 5
71384 3
71385 2
71386 2
71387 2
71388 0
71389 2
71390 5
71391 1
71392 3
71393 1
71394 5
71395 3
71396 3
71397 1
71398 2
71399 0
71400 0
71401 2
71402 2
71403 3
71404 2
71405 3
71406 2
71407 4
71408 3
71409 1
71410 3
71411 0
71412 3
71413 3
71414 3
71415 2
71416 1
71417 0
71418 0
71419 3
71420 1
71421 0
71422 5
71423 5
71424 0
71425 3
71426 4
71427 1
71428 3
71429 0
71430 0
71431 2
71432 3
71433 0
71434 0
71435 3
71436 4
71437 1
71438 2
71439 4
71440 2
71441 2
71442 4
71443 3
71444 3
71445 1
71446 5
71447 2
71448 0
71449 4
71450 0
71451 5
71452 3
71453 0
71454 4
71455 2
71456 2
71457 2
71458 0
71459 3
71460 5
71461 0
71462 3
71463 2
71464 2
71465 1
71466 4
71467 4
71468 1
71469 0
71470 5
71471 0
71472 5
71473 2
71474 4
71475 1
71476 0
71477 3
71478 2
71479 0
71480 1
71481 4
71482 4
71483 3
71484 2
71485 3
71486 0
71487 3
71488 0
71489 1
71490 4
71491 2
71492 2
71493 0
71494 2
71495 2
71496 0
71497 3
71498 3
71499 1
71500 5
71501 1
71502 0
71503 2
71504 1
71505 0
71506 2
71507 0
71508 2
71509 1
71510 1
71511 1
71512 1
71513 2
71514 0
71515 0
71516 3
71517 1
71518 2
71519 5
71520 1
71521 1
71522 0
71523 3
71524 0
71525 3
71526 5
71527 3
71528 2
71529 1
71530 4
71531 2
71532 4
71533 1
71534 4
71535 2
71536 2
71537 2
71538 2
71539 2
71540 3
71541 3
71542 5
71543 3
71544 3
71545 0
71546 1
71547 0
71548 1
71549 1
71550 1
71551 1
71552 0
71553 0
71554 2
71555 4
71556 0
71557 0
71558 3
71559 3
71560 1
71561 1
71562 4
71563 4
71564 0
71565 3
71566 2
71567 1
71568 3
71569 1
71570 1
71571 4
71572 5
71573 4
71574 4
71575 3
71576 2
71577 1
71578 1
71579 1
71580 4
71581 2
71582 4
71583 0
71584 0
71585 3
71586 2
71587 3
71588 1
71589 2
71590 3
71591 4
71592 2
71593 0
71594 2
71595 0
71596 0
71597 0
71598 4
71599 1
71600 4
71601 1
71602 1
71603 0
71604 2
71605 1
71606 2
71607 1
71608 3
71609 1
71610 2
71611 4
71612 0
71613 4
71614 2
71615 1
71616 4
71617 2
71618 0
71619 0
71620 3
71621 2
71622 2
71623 5
71624 4
71625 2
71626 1
71627 0
71628 4
71629 2
71630 1
71631 2
71632 1
71633 1
71634 1
71635 0
71636 2
71637 0
71638 2
71639 4
71640 1
71641 2
71642 3
71643 3
71644 2
71645 0
71646 2
71647 0
71648 3
71649 0
71650 3
71651 3
71652 3
71653 4
71654 4
71655 1
71656 4
71657 3
71658 3
71659 2
71660 1
71661 1
71662 1
71663 1
71664 1
71665 4
71666 2
71667 2
71668 1
71669 1
71670 5
71671 2
71672 3
71673 1
71674 2
71675 5
71676 3
71677 1
71678 4
71679 4
71680 1
71681 3
71682 4
71683 0
71684 2
71685 3
71686 2
71687 4
71688 2
71689 3
71690 3
71691 0
71692 3
71693 5
71694 3
71695 1
71696 4
71697 2
71698 3
71699 1
71700 4
71701 2
71702 0
71703 2
71704 4
71705 2
71706 2
71707 4
71708 4
71709 0
71710 1
71711 2
71712 2
71713 3
71714 1
71715 2
71716 3
71717 0
71718 2
71719 4
71720 4
71721 1
71722 0
71723 2
71724 0
71725 4
71726 2
71727 0
71728 2
71729 5
71730 1
71731 0
71732 2
71733 5
71734 1
71735 4
71736 0
71737 2
71738 3
71739 3
71740 2
71741 4
71742 1
71743 3
71744 2
71745 2
71746 5
71747 2
71748 0
71749 3
71750 4
71751 3
71752 1
71753 3
71754 2
71755 2
71756 2
71757 1
71758 1
71759 1
71760 3
71761 1
71762 5
71763 4
71764 2
71765 4
71766 2
71767 1
71768 0
71769 1
71770 2
71771 4
71772 1
71773 1
71774 4
71775 4
71776 3
71777 0
71778 3
71779 3
71780 0
71781 1
71782 3
71783 2
71784 3
71785 1
71786 4
71787 1
71788 0
71789 4
71790 3
71791 0
71792 2
71793 1
71794 2
71795 3
71796 3
71797 2
71798 3
71799 3
71800 2
71801 5
71802 1
71803 4
71804 1
71805 4
71806 0
71807 1
71808 2
71809 4
71810 0
71811 4
71812 0
71813 0
71814 0
71815 3
71816 5
71817 1
71818 3
71819 4
71820 3
71821 4
71822 3
71823 4
71824 3
71825 3
71826 2
71827 0
71828 2
71829 1
71830 3
71831 3
71832 2
71833 3
71834 1
71835 2
71836 4
71837 0
71838 2
71839 5
71840 1
71841 3
71842 0
71843 0
71844 3
71845 4
71846 2
71847 2
71848 4
71849 4
71850 4
71851 4
71852 0
71853 3
71854 3
71855 4
71856 0
71857 0
71858 5
71859 1
71860 4
71861 3
71862 1
71863 3
71864 3
71865 0
71866 2
71867 4
71868 2
71869 0
71870 1
71871 1
71872 4
71873 0
71874 1
71875 2
71876 1
71877 1
71878 1
71879 2
71880 4
71881 0
71882 1
71883 0
71884 3
71885 3
71886 5
71887 2
71888 0
71889 1
71890 4
71891 1
71892 2
71893 3
71894 4
71895 1
71896 4
71897 2
71898 3
71899 4
71900 4
71901 4
71902 3
71903 5
71904 0
71905 3
71906 0
71907 1
71908 0
71909 4
71910 4
71911 2
71912 3
71913 3
71914 0
71915 2
71916 1
71917 0
71918 0
71919 3
71920 6
71921 1
71922 4
71923 0
71924 2
71925 3
71926 4
71927 0
71928 1
71929 2
71930 0
71931 0
71932 0
71933 4
71934 4
71935 1
71936 1
71937 1
71938 1
71939 0
71940 3
71941 1
71942 3
71943 1
71944 2
71945 4
71946 1
71947 0
71948 1
71949 0
71950 3
71951 2
71952 0
71953 2
71954 4
71955 1
71956 3
71957 3
71958 4
71959 4
71960 0
71961 4
71962 0
71963 4
71964 3
71965 1
71966 2
71967 4
71968 0
71969 2
71970 0
71971 3
71972 0
71973 5
71974 4
71975 3
71976 0
71977 1
71978 0
71979 1
71980 0
71981 1
71982 2
71983 3
71984 4
71985 0
71986 5
71987 2
71988 0
71989 3
71990 3
71991 1
71992 4
71993 4
71994 0
71995 3
71996 0
71997 5
71998 3
71999 4
72000 1
72001 0
72002 0
72003 0
72004 2
72005 3
72006 4
72007 2
72008 1
72009 3
72010 2
72011 2
72012 1
72013 1
72014 4
72015 4
72016 0
72017 5
72018 2
72019 3
72020 3
72021 4
72022 4
72023 0
72024 2
72025 1
72026 0
72027 3
72028 1
72029 3
72030 3
72031 0
72032 2
72033 1
72034 3
72035 3
72036 4
72037 3
72038 1
72039 5
72040 0
72041 5
72042 1
72043 4
72044 2
72045 1
72046 3
72047 0
72048 4
72049 3
72050 4
72051 2
72052 4
72053 0
72054 3
72055 1
72056 4
72057 4
72058 5
72059 4
72060 5
72061 3
72062 0
72063 6
72064 0
72065 1
72066 0
72067 1
72068 1
72069 1
72070 3
72071 3
72072 5
72073 5
72074 2
72075 1
72076 1
72077 1
72078 3
72079 2
72080 2
72081 3
72082 2
72083 3
72084 3
72085 3
72086 1
72087 3
72088 0
72089 4
72090 3
72091 1
72092 1
72093 1
72094 3
72095 0
72096 2
72097 2
72098 2
72099 2
72100 2
72101 0
72102 2
72103 1
72104 1
72105 2
72106 4
72107 2
72108 2
72109 4
72110 2
72111 2
72112 3
72113 2
72114 4
72115 2
72116 1
72117 3
72118 4
72119 0
72120 3
72121 0
72122 2
72123 1
72124 1
72125 3
72126 0
72127 0
72128 5
72129 2
72130 4
72131 1
72132 3
72133 4
72134 1
72135 0
72136 0
72137 4
72138 1
72139 1
72140 2
72141 4
72142 4
72143 0
72144 2
72145 0
72146 3
72147 3
72148 0
72149 2
72150 2
72151 3
72152 0
72153 4
72154 1
72155 2
72156 3
72157 1
72158 3
72159 0
72160 2
72161 0
72162 3
72163 2
72164 1
72165 5
72166 1
72167 4
72168 3
72169 1
72170 0
72171 3
72172 2
72173 1
72174 1
72175 0
72176 3
72177 3
72178 4
72179 3
72180 1
72181 2
72182 4
72183 2
72184 2
72185 1
72186 2
72187 2
72188 0
72189 3
72190 3
72191 3
72192 0
72193 1
72194 1
72195 3
72196 1
72197 1
72198 4
72199 4
72200 3
72201 3
72202 2
72203 0
72204 0
72205 4
72206 3
72207 1
72208 2
72209 0
72210 1
72211 1
72212 4
72213 3
72214 0
72215 3
72216 0
72217 5
72218 2
72219 3
72220 3
72221 3
72222 1
72223 2
72224 1
72225 3
72226 0
72227 1
72228 5
72229 2
72230 0
72231 4
72232 3
72233 2
72234 0
72235 5
72236 5
72237 3
72238 5
72239 0
72240 1
72241 0
72242 4
72243 2
72244 5
72245 1
72246 1
72247 0
72248 1
72249 0
72250 0
72251 3
72252 4
72253 2
72254 3
72255 2
72256 1
72257 1
72258 0
72259 2
72260 3
72261 1
72262 1
72263 1
72264 2
72265 2
72266 2
72267 0
72268 1
72269 1
72270 4
72271 0
72272 2
72273 0
72274 4
72275 3
72276 3
72277 1
72278 4
72279 0
72280 0
72281 5
72282 2
72283 1
72284 3
72285 3
72286 0
72287 0
72288 3
72289 1
72290 1
72291 3
72292 3
72293 4
72294 0
72295 1
72296 1
72297 4
72298 3
72299 3
72300 3
72301 0
72302 3
72303 1
72304 0
72305 1
72306 2
72307 1
72308 1
72309 2
72310 2
72311 0
72312 3
72313 1
72314 0
72315 3
72316 2
72317 2
72318 1
72319 3
72320 0
72321 1
72322 2
72323 1
72324 4
72325 4
72326 2
72327 0
72328 2
72329 5
72330 0
72331 0
72332 1
72333 5
72334 1
72335 1
72336 4
72337 4
72338 1
72339 4
72340 4
72341 0
72342 5
72343 3
72344 0
72345 2
72346 0
72347 4
72348 5
72349 0
72350 2
72351 2
72352 0
72353 3
72354 4
72355 4
72356 0
72357 3
72358 1
72359 2
72360 0
72361 1
72362 1
72363 5
72364 3
72365 1
72366 5
72367 5
72368 4
72369 5
72370 3
72371 0
72372 0
72373 1
72374 0
72375 2
72376 1
72377 1
72378 1
72379 4
72380 2
72381 0
72382 3
72383 3
72384 3
72385 3
72386 1
72387 2
72388 2
72389 0
72390 2
72391 1
72392 4
72393 3
72394 2
72395 3
72396 0
72397 3
72398 1
72399 1
72400 3
72401 4
72402 0
72403 0
72404 2
72405 1
72406 1
72407 5
72408 4
72409 1
72410 3
72411 1
72412 2
72413 4
72414 2
72415 0
72416 0
72417 0
72418 2
72419 3
72420 2
72421 0
72422 3
72423 0
72424 3
72425 3
72426 0
72427 0
72428 2
72429 2
72430 4
72431 2
72432 4
72433 3
72434 0
72435 1
72436 0
72437 1
72438 3
72439 1
72440 1
72441 3
72442 3
72443 3
72444 1
72445 3
72446 2
72447 2
72448 2
72449 2
72450 2
72451 4
72452 2
72453 1
72454 0
72455 3
72456 3
72457 4
72458 1
72459 2
72460 1
72461 2
72462 0
72463 2
72464 1
72465 3
72466 2
72467 3
72468 5
72469 3
72470 3
72471 5
72472 1
72473 3
72474 4
72475 5
72476 4
72477 0
72478 0
72479 0
72480 2
72481 2
72482 2
72483 4
72484 5
72485 1
72486 4
72487 1
72488 4
72489 2
72490 2
72491 2
72492 0
72493 3
72494 1
72495 2
72496 1
72497 2
72498 4
72499 2
72500 2
72501 2
72502 1
72503 1
72504 2
72505 1
72506 3
72507 1
72508 3
72509 1
72510 6
72511 3
72512 1
72513 2
72514 4
72515 2
72516 2
72517 2
72518 1
72519 2
72520 0
72521 1
72522 0
72523 3
72524 2
72525 2
72526 3
72527 2
72528 4
72529 3
72530 2
72531 1
72532 3
72533 1
72534 4
72535 1
72536 2
72537 1
72538 4
72539 3
72540 0
72541 3
72542 4
72543 2
72544 1
72545 2
72546 1
72547 0
72548 1
72549 0
72550 3
72551 3
72552 0
72553 3
72554 1
72555 0
72556 3
72557 3
72558 4
72559 3
72560 3
72561 1
72562 5
72563 2
72564 3
72565 0
72566 1
72567 2
72568 1
72569 3
72570 2
72571 2
72572 2
72573 1
72574 2
72575 5
72576 4
72577 0
72578 1
72579 1
72580 4
72581 3
72582 1
72583 4
72584 1
72585 3
72586 0
72587 3
72588 2
72589 5
72590 1
72591 4
72592 3
72593 3
72594 2
72595 4
72596 1
72597 1
72598 2
72599 2
72600 1
72601 0
72602 0
72603 3
72604 5
72605 0
72606 0
72607 3
72608 2
72609 0
72610 0
72611 0
72612 4
72613 1
72614 2
72615 2
72616 4
72617 0
72618 0
72619 2
72620 1
72621 0
72622 0
72623 3
72624 1
72625 3
72626 2
72627 2
72628 4
72629 2
72630 1
72631 2
72632 2
72633 5
72634 0
72635 3
72636 3
72637 2
72638 3
72639 0
72640 3
72641 4
72642 1
72643 3
72644 3
72645 4
72646 1
72647 4
72648 1
72649 2
72650 4
72651 1
72652 2
72653 3
72654 4
72655 4
72656 1
72657 3
72658 6
72659 3
72660 3
72661 4
72662 2
72663 0
72664 5
72665 3
72666 1
72667 1
72668 3
72669 1
72670 1
72671 3
72672 4
72673 0
72674 2
72675 4
72676 2
72677 1
72678 0
72679 1
72680 1
72681 3
72682 3
72683 3
72684 6
72685 2
72686 3
72687 0
72688 3
72689 3
72690 3
72691 2
72692 0
72693 2
72694 1
72695 1
72696 2
72697 3
72698 3
72699 4
72700 1
72701 2
72702 2
72703 3
72704 0
72705 2
72706 4
72707 0
72708 4
72709 1
72710 4
72711 2
72712 1
72713 2
72714 3
72715 5
72716 3
72717 1
72718 3
72719 1
72720 2
72721 5
72722 3
72723 2
72724 2
72725 3
72726 3
72727 4
72728 0
72729 1
72730 3
72731 3
72732 3
72733 4
72734 3
72735 0
72736 4
72737 2
72738 2
72739 3
72740 1
72741 3
72742 0
72743 5
72744 0
72745 0
72746 4
72747 2
72748 1
72749 5
72750 2
72751 2
72752 1
72753 2
72754 1
72755 0
72756 1
72757 0
72758 3
72759 1
72760 3
72761 0
72762 0
72763 2
72764 4
72765 0
72766 1
72767 2
72768 0
72769 4
72770 1
72771 3
72772 2
72773 0
72774 2
72775 3
72776 5
72777 3
72778 2
72779 0
72780 3
72781 4
72782 2
72783 0
72784 1
72785 4
72786 4
72787 1
72788 2
72789 5
72790 2
72791 1
72792 2
72793 3
72794 4
72795 0
72796 2
72797 4
72798 0
72799 4
72800 1
72801 0
72802 5
72803 1
72804 3
72805 3
72806 1
72807 1
72808 3
72809 4
72810 2
72811 2
72812 3
72813 3
72814 4
72815 0
72816 3
72817 2
72818 0
72819 1
72820 1
72821 0
72822 0
72823 2
72824 4
72825 5
72826 2
72827 2
72828 0
72829 2
72830 1
72831 2
72832 2
72833 0
72834 2
72835 3
72836 1
72837 0
72838 4
72839 2
72840 0
72841 3
72842 2
72843 3
72844 0
72845 1
72846 0
72847 1
72848 5
72849 3
72850 0
72851 4
72852 0
72853 1
72854 2
72855 3
72856 0
72857 3
72858 1
72859 4
72860 2
72861 3
72862 3
72863 1
72864 1
72865 4
72866 3
72867 0
72868 3
72869 3
72870 2
72871 3
72872 3
72873 1
72874 4
72875 0
72876 3
72877 1
72878 4
72879 1
72880 2
72881 0
72882 2
72883 4
72884 3
72885 3
72886 4
72887 1
72888 3
72889 1
72890 2
72891 2
72892 0
72893 2
72894 1
72895 2
72896 0
72897 2
72898 1
72899 1
72900 0
72901 0
72902 5
72903 1
72904 5
72905 3
72906 0
72907 2
72908 3
72909 5
72910 3
72911 3
72912 4
72913 4
72914 2
72915 0
72916 0
72917 2
72918 0
72919 4
72920 3
72921 4
72922 4
72923 2
72924 3
72925 4
72926 1
72927 2
72928 2
72929 3
72930 4
72931 0
72932 2
72933 1
72934 1
72935 2
72936 3
72937 1
72938 5
72939 3
72940 4
72941 4
72942 1
72943 4
72944 2
72945 4
72946 4
72947 5
72948 3
72949 2
72950 2
72951 1
72952 3
72953 0
72954 2
72955 1
72956 2
72957 0
72958 1
72959 3
72960 1
72961 2
72962 0
72963 4
72964 1
72965 3
72966 3
72967 4
72968 0
72969 2
72970 2
72971 3
72972 5
72973 4
72974 5
72975 3
72976 3
72977 0
72978 1
72979 1
72980 1
72981 4
72982 2
72983 1
72984 1
72985 1
72986 3
72987 2
72988 2
72989 5
72990 1
72991 2
72992 0
72993 4
72994 2
72995 0
72996 2
72997 3
72998 3
72999 4
73000 3
73001 2
73002 1
73003 2
73004 3
73005 1
73006 3
73007 3
73008 5
73009 5
73010 0
73011 1
73012 0
73013 3
73014 0
73015 2
73016 3
73017 2
73018 3
73019 4
73020 3
73021 2
73022 0
73023 4
73024 4
73025 2
73026 4
73027 4
73028 2
73029 0
73030 2
73031 1
73032 3
73033 3
73034 3
73035 2
73036 1
73037 2
73038 2
73039 2
73040 1
73041 2
73042 2
73043 3
73044 0
73045 1
73046 0
73047 2
73048 2
73049 1
73050 4
73051 0
73052 1
73053 2
73054 1
73055 0
73056 4
73057 3
73058 0
73059 1
73060 3
73061 0
73062 3
73063 0
73064 5
73065 3
73066 1
73067 0
73068 1
73069 2
73070 0
73071 1
73072 0
73073 0
73074 2
73075 0
73076 2
73077 1
73078 1
73079 1
73080 3
73081 2
73082 3
73083 4
73084 1
73085 3
73086 4
73087 3
73088 3
73089 0
73090 4
73091 2
73092 3
73093 3
73094 3
73095 2
73096 0
73097 1
73098 0
73099 3
73100 0
73101 2
73102 0
73103 2
73104 1
73105 2
73106 3
73107 1
73108 4
73109 3
73110 1
73111 0
73112 0
73113 3
73114 3
73115 2
73116 5
73117 4
73118 4
73119 0
73120 2
73121 4
73122 2
73123 4
73124 2
73125 2
73126 4
73127 4
73128 2
73129 1
73130 1
73131 3
73132 2
73133 3
73134 3
73135 0
73136 0
73137 0
73138 0
73139 1
73140 4
73141 2
73142 5
73143 3
73144 0
73145 3
73146 2
73147 0
73148 1
73149 0
73150 5
73151 1
73152 1
73153 2
73154 4
73155 3
73156 2
73157 0
73158 1
73159 3
73160 4
73161 1
73162 1
73163 0
73164 3
73165 5
73166 0
73167 3
73168 2
73169 3
73170 2
73171 3
73172 1
73173 1
73174 2
73175 0
73176 5
73177 0
73178 4
73179 3
73180 4
73181 2
73182 0
73183 4
73184 3
73185 1
73186 4
73187 0
73188 3
73189 1
73190 4
73191 3
73192 1
73193 5
73194 0
73195 1
73196 5
73197 2
73198 0
73199 0
73200 3
73201 2
73202 1
73203 1
73204 0
73205 2
73206 5
73207 0
73208 0
73209 4
73210 4
73211 3
73212 0
73213 0
73214 1
73215 0
73216 4
73217 0
73218 1
73219 3
73220 3
73221 1
73222 1
73223 4
73224 5
73225 2
73226 5
73227 1
73228 0
73229 0
73230 6
73231 3
73232 1
73233 1
73234 4
73235 0
73236 4
73237 1
73238 0
73239 3
73240 0
73241 1
73242 0
73243 0
73244 2
73245 3
73246 4
73247 4
73248 3
73249 0
73250 0
73251 4
73252 3
73253 1
73254 3
73255 3
73256 4
73257 0
73258 1
73259 0
73260 4
73261 0
73262 1
73263 0
73264 4
73265 3
73266 2
73267 2
73268 1
73269 0
73270 1
73271 2
73272 3
73273 4
73274 1
73275 2
73276 4
73277 0
73278 3
73279 0
73280 1
73281 4
73282 3
73283 2
73284 3
73285 3
73286 2
73287 2
73288 5
73289 3
73290 1
73291 3
73292 4
73293 1
73294 4
73295 0
73296 1
73297 5
73298 2
73299 2
73300 3
73301 2
73302 0
73303 1
73304 2
73305 1
73306 2
73307 5
73308 5
73309 1
73310 4
73311 4
73312 0
73313 3
73314 2
73315 0
73316 2
73317 3
73318 2
73319 0
73320 0
73321 3
73322 1
73323 3
73324 0
73325 3
73326 0
73327 1
73328 2
73329 3
73330 0
73331 3
73332 5
73333 2
73334 0
73335 2
73336 3
73337 3
73338 0
73339 3
73340 2
73341 0
73342 2
73343 3
73344 2
73345 3
73346 4
73347 0
73348 3
73349 2
73350 2
73351 2
73352 1
73353 5
73354 1
73355 2
73356 2
73357 3
73358 3
73359 1
73360 4
73361 4
73362 3
73363 4
73364 2
73365 4
73366 2
73367 6
73368 0
73369 0
73370 3
73371 0
73372 2
73373 3
73374 1
73375 0
73376 2
73377 4
73378 3
73379 1
73380 4
73381 1
73382 3
73383 1
73384 1
73385 2
73386 1
73387 3
73388 2
73389 5
73390 1
73391 0
73392 0
73393 3
73394 0
73395 0
73396 2
73397 5
73398 0
73399 1
73400 4
73401 3
73402 0
73403 0
73404 0
73405 4
73406 1
73407 4
73408 5
73409 0
73410 3
73411 0
73412 3
73413 3
73414 2
73415 1
73416 1
73417 3
73418 2
73419 0
73420 1
73421 2
73422 1
73423 4
73424 1
73425 4
73426 3
73427 1
73428 2
73429 5
73430 1
73431 3
73432 2
73433 3
73434 5
73435 0
73436 3
73437 2
73438 1
73439 3
73440 5
73441 0
73442 1
73443 0
73444 2
73445 2
73446 0
73447 1
73448 2
73449 0
73450 4
73451 0
73452 3
73453 0
73454 1
73455 0
73456 0
73457 2
73458 1
73459 1
73460 3
73461 0
73462 0
73463 0
73464 3
73465 1
73466 2
73467 1
73468 1
73469 2
73470 1
73471 0
73472 1
73473 2
73474 3
73475 1
73476 0
73477 4
73478 2
73479 2
73480 3
73481 2
73482 3
73483 3
73484 0
73485 1
73486 3
73487 2
73488 3
73489 1
73490 3
73491 2
73492 5
73493 1
73494 0
73495 2
73496 4
73497 2
73498 3
73499 5
73500 0
73501 3
73502 0
73503 4
73504 0
73505 0
73506 1
73507 5
73508 3
73509 0
73510 2
73511 1
73512 0
73513 0
73514 1
73515 4
73516 0
73517 2
73518 0
73519 4
73520 3
73521 0
73522 1
73523 0
73524 4
73525 1
73526 1
73527 0
73528 3
73529 4
73530 4
73531 1
73532 4
73533 2
73534 0
73535 1
73536 2
73537 3
73538 0
73539 1
73540 2
73541 1
73542 3
73543 1
73544 2
73545 3
73546 3
73547 4
73548 1
73549 0
73550 1
73551 5
73552 5
73553 4
73554 0
73555 4
73556 1
73557 0
73558 0
73559 1
73560 3
73561 1
73562 1
73563 4
73564 4
73565 5
73566 5
73567 2
73568 4
73569 3
73570 3
73571 2
73572 1
73573 2
73574 3
73575 2
73576 1
73577 1
73578 0
73579 0
73580 0
73581 1
73582 0
73583 5
73584 3
73585 2
73586 3
73587 1
73588 4
73589 4
73590 0
73591 1
73592 0
73593 3
73594 2
73595 4
73596 1
73597 1
73598 1
73599 2
73600 1
73601 2
73602 1
73603 0
73604 4
73605 4
73606 0
73607 4
73608 2
73609 5
73610 4
73611 5
73612 3
73613 3
73614 0
73615 2
73616 2
73617 1
73618 6
73619 0
73620 0
73621 3
73622 2
73623 3
73624 3
73625 0
73626 0
73627 1
73628 2
73629 3
73630 2
73631 2
73632 2
73633 5
73634 4
73635 5
73636 2
73637 0
73638 1
73639 2
73640 2
73641 3
73642 1
73643 0
73644 2
73645 2
73646 4
73647 1
73648 1
73649 1
73650 4
73651 4
73652 2
73653 1
73654 0
73655 2
73656 2
73657 3
73658 1
73659 3
73660 1
73661 4
73662 3
73663 0
73664 1
73665 5
73666 0
73667 3
73668 4
73669 3
73670 5
73671 0
73672 2
73673 2
73674 0
73675 1
73676 0
73677 2
73678 3
73679 4
73680 4
73681 0
73682 4
73683 2
73684 4
73685 3
73686 3
73687 1
73688 4
73689 1
73690 3
73691 3
73692 3
73693 4
73694 4
73695 2
73696 4
73697 4
73698 2
73699 2
73700 2
73701 3
73702 3
73703 0
73704 3
73705 3
73706 0
73707 2
73708 1
73709 1
73710 5
73711 1
73712 2
73713 0
73714 4
73715 0
73716 0
73717 3
73718 0
73719 3
73720 6
73721 0
73722 3
73723 1
73724 1
73725 0
73726 3
73727 3
73728 3
73729 3
73730 0
73731 4
73732 3
73733 1
73734 0
73735 2
73736 5
73737 1
73738 3
73739 3
73740 3
73741 2
73742 2
73743 0
73744 1
73745 1
73746 1
73747 5
73748 0
73749 3
73750 3
73751 1
73752 2
73753 1
73754 5
73755 3
73756 4
73757 1
73758 3
73759 2
73760 0
73761 1
73762 5
73763 0
73764 5
73765 5
73766 4
73767 3
73768 1
73769 2
73770 0
73771 5
73772 3
73773 0
73774 0
73775 4
73776 0
73777 2
73778 5
73779 0
73780 5
73781 3
73782 0
73783 2
73784 1
73785 4
73786 4
73787 1
73788 1
73789 0
73790 0
73791 4
73792 0
73793 3
73794 0
73795 1
73796 2
73797 3
73798 4
73799 0
73800 5
73801 1
73802 0
73803 4
73804 3
73805 2
73806 4
73807 1
73808 4
73809 0
73810 2
73811 3
73812 0
73813 3
73814 4
73815 4
73816 3
73817 2
73818 0
73819 1
73820 0
73821 4
73822 2
73823 4
73824 2
73825 0
73826 1
73827 2
73828 3
73829 3
73830 3
73831 4
73832 1
73833 5
73834 0
73835 4
73836 2
73837 1
73838 1
73839 2
73840 1
73841 0
73842 2
73843 3
73844 0
73845 2
73846 1
73847 3
73848 1
73849 5
73850 2
73851 5
73852 3
73853 1
73854 1
73855 3
73856 0
73857 1
73858 4
73859 1
73860 3
73861 1
73862 3
73863 2
73864 1
73865 0
73866 4
73867 1
73868 0
73869 1
73870 2
73871 4
73872 2
73873 0
73874 2
73875 4
73876 2
73877 4
73878 3
73879 1
73880 3
73881 0
73882 1
73883 5
73884 0
73885 5
73886 1
73887 0
73888 0
73889 4
73890 1
73891 1
73892 4
73893 3
73894 2
73895 2
73896 2
73897 1
73898 2
73899 0
73900 4
73901 1
73902 1
73903 3
73904 0
73905 0
73906 4
73907 4
73908 3
73909 3
73910 0
73911 2
73912 0
73913 3
73914 4
73915 1
73916 0
73917 0
73918 3
73919 2
73920 5
73921 2
73922 1
73923 5
73924 0
73925 4
73926 1
73927 2
73928 0
73929 0
73930 1
73931 4
73932 3
73933 0
73934 3
73935 3
73936 2
73937 3
73938 4
73939 3
73940 2
73941 1
73942 2
73943 1
73944 1
73945 0
73946 2
73947 4
73948 0
73949 1
73950 3
73951 3
73952 0
73953 2
73954 0
73955 3
73956 4
73957 0
73958 2
73959 2
73960 1
73961 0
73962 0
73963 5
73964 1
73965 1
73966 3
73967 1
73968 5
73969 2
73970 4
73971 2
73972 2
73973 4
73974 4
73975 2
73976 2
73977 3
73978 4
73979 2
73980 1
73981 4
73982 2
73983 3
73984 5
73985 4
73986 3
73987 4
73988 3
73989 0
73990 0
73991 0
73992 4
73993 2
73994 1
73995 0
73996 3
73997 4
73998 2
73999 5
74000 2
74001 3
74002 4
74003 1
74004 4
74005 2
74006 3
74007 1
74008 3
74009 1
74010 0
74011 3
74012 5
74013 5
74014 4
74015 3
74016 0
74017 5
74018 3
74019 4
74020 0
74021 0
74022 1
74023 5
74024 5
74025 1
74026 2
74027 1
74028 2
74029 4
74030 0
74031 3
74032 0
74033 0
74034 1
74035 4
74036 4
74037 3
74038 0
74039 1
74040 3
74041 0
74042 3
74043 2
74044 3
74045 2
74046 2
74047 2
74048 2
74049 2
74050 1
74051 2
74052 0
74053 4
74054 0
74055 2
74056 0
74057 2
74058 1
74059 2
74060 3
74061 3
74062 0
74063 3
74064 3
74065 1
74066 5
74067 2
74068 1
74069 1
74070 3
74071 2
74072 3
74073 4
74074 3
74075 3
74076 0
74077 3
74078 3
74079 4
74080 3
74081 2
74082 2
74083 5
74084 5
74085 4
74086 0
74087 5
74088 2
74089 4
74090 1
74091 3
74092 1
74093 0
74094 2
74095 0
74096 1
74097 2
74098 2
74099 2
74100 3
74101 3
74102 3
74103 4
74104 1
74105 0
74106 0
74107 1
74108 4
74109 0
74110 2
74111 4
74112 1
74113 2
74114 4
74115 2
74116 3
74117 4
74118 1
74119 3
74120 5
74121 0
74122 4
74123 4
74124 5
74125 3
74126 4
74127 3
74128 2
74129 6
74130 4
74131 3
74132 2
74133 2
74134 4
74135 1
74136 0
74137 4
74138 2
74139 4
74140 2
74141 2
74142 3
74143 3
74144 2
74145 4
74146 2
74147 1
74148 3
74149 2
74150 3
74151 0
74152 2
74153 4
74154 0
74155 3
74156 3
74157 2
74158 2
74159 0
74160 1
74161 2
74162 2
74163 4
74164 1
74165 4
74166 1
74167 2
74168 3
74169 3
74170 4
74171 2
74172 0
74173 2
74174 0
74175 5
74176 4
74177 0
74178 2
74179 2
74180 1
74181 1
74182 1
74183 5
74184 2
74185 0
74186 4
74187 0
74188 2
74189 4
74190 1
74191 0
74192 1
74193 2
74194 2
74195 5
74196 2
74197 1
74198 4
74199 3
74200 2
74201 4
74202 1
74203 3
74204 3
74205 4
74206 0
74207 3
74208 5
74209 2
74210 4
74211 1
74212 1
74213 3
74214 0
74215 0
74216 0
74217 1
74218 2
74219 3
74220 2
74221 0
74222 3
74223 0
74224 3
74225 2
74226 3
74227 1
74228 2
74229 3
74230 1
74231 4
74232 2
74233 4
74234 1
74235 3
74236 3
74237 0
74238 1
74239 1
74240 1
74241 1
74242 2
74243 1
74244 4
74245 2
74246 0
74247 2
74248 2
74249 0
74250 1
74251 0
74252 3
74253 1
74254 1
74255 1
74256 2
74257 2
74258 0
74259 3
74260 3
74261 4
74262 0
74263 0
74264 1
74265 1
74266 0
74267 4
74268 1
74269 2
74270 0
74271 4
74272 1
74273 3
74274 3
74275 0
74276 3
74277 4
74278 3
74279 5
74280 1
74281 3
74282 1
74283 4
74284 1
74285 3
74286 2
74287 2
74288 3
74289 2
74290 4
74291 3
74292 2
74293 1
74294 3
74295 4
74296 4
74297 2
74298 1
74299 0
74300 3
74301 3
74302 0
74303 2
74304 4
74305 3
74306 3
74307 2
74308 1
74309 0
74310 3
74311 5
74312 2
74313 3
74314 1
74315 0
74316 2
74317 2
74318 1
74319 3
74320 3
74321 0
74322 2
74323 4
74324 5
74325 0
74326 4
74327 2
74328 0
74329 0
74330 3
74331 2
74332 0
74333 4
74334 2
74335 5
74336 2
74337 0
74338 0
74339 2
74340 1
74341 1
74342 4
74343 1
74344 3
74345 3
74346 5
74347 3
74348 2
74349 5
74350 3
74351 1
74352 1
74353 0
74354 3
74355 3
74356 1
74357 1
74358 2
74359 4
74360 0
74361 2
74362 0
74363 5
74364 0
74365 0
74366 2
74367 3
74368 4
74369 2
74370 0
74371 4
74372 0
74373 2
74374 5
74375 3
74376 2
74377 2
74378 2
74379 1
74380 1
74381 1
74382 3
74383 1
74384 0
74385 4
74386 3
74387 5
74388 2
74389 3
74390 1
74391 3
74392 4
74393 4
74394 2
74395 0
74396 4
74397 0
74398 3
74399 0
74400 3
74401 1
74402 1
74403 0
74404 1
74405 2
74406 3
74407 3
74408 3
74409 0
74410 3
74411 0
74412 2
74413 2
74414 1
74415 3
74416 4
74417 3
74418 3
74419 2
74420 0
74421 1
74422 1
74423 4
74424 0
74425 0
74426 3
74427 5
74428 0
74429 2
74430 2
74431 2
74432 0
74433 0
74434 1
74435 4
74436 3
74437 3
74438 3
74439 2
74440 2
74441 0
74442 3
74443 2
74444 3
74445 3
74446 4
74447 2
74448 2
74449 0
74450 5
74451 3
74452 0
74453 0
74454 0
74455 3
74456 3
74457 4
74458 2
74459 0
74460 5
74461 0
74462 3
74463 2
74464 3
74465 1
74466 4
74467 0
74468 1
74469 3
74470 2
74471 0
74472 2
74473 5
74474 0
74475 2
74476 4
74477 4
74478 1
74479 4
74480 3
74481 0
74482 0
74483 2
74484 0
74485 2
74486 5
74487 1
74488 2
74489 0
74490 4
74491 3
74492 1
74493 0
74494 5
74495 1
74496 0
74497 2
74498 3
74499 3
74500 3
74501 0
74502 2
74503 3
74504 3
74505 2
74506 1
74507 2
74508 1
74509 4
74510 4
74511 0
74512 1
74513 3
74514 2
74515 0
74516 1
74517 2
74518 2
74519 3
74520 1
74521 0
74522 4
74523 3
74524 3
74525 1
74526 3
74527 5
74528 4
74529 5
74530 2
74531 3
74532 2
74533 4
74534 0
74535 4
74536 0
74537 1
74538 4
74539 5
74540 4
74541 4
74542 3
74543 3
74544 1
74545 2
74546 5
74547 1
74548 0
74549 2
74550 0
74551 4
74552 5
74553 2
74554 2
74555 4
74556 1
74557 2
74558 1
74559 1
74560 0
74561 1
74562 3
74563 3
74564 5
74565 5
74566 3
74567 3
74568 1
74569 0
74570 5
74571 3
74572 2
74573 1
74574 0
74575 2
74576 1
74577 2
74578 3
74579 1
74580 0
74581 5
74582 0
74583 1
74584 4
74585 4
74586 2
74587 2
74588 2
74589 1
74590 0
74591 1
74592 2
74593 2
74594 5
74595 0
74596 2
74597 2
74598 2
74599 1
74600 3
74601 3
74602 0
74603 2
74604 3
74605 3
74606 4
74607 0
74608 0
74609 4
74610 4
74611 4
74612 1
74613 4
74614 4
74615 1
74616 2
74617 0
74618 1
74619 4
74620 1
74621 1
74622 2
74623 0
74624 3
74625 2
74626 3
74627 2
74628 3
74629 2
74630 3
74631 4
74632 0
74633 1
74634 4
74635 0
74636 0
74637 2
74638 1
74639 2
74640 4
74641 2
74642 0
74643 5
74644 2
74645 0
74646 3
74647 3
74648 0
74649 1
74650 3
74651 4
74652 5
74653 3
74654 1
74655 2
74656 0
74657 4
74658 1
74659 3
74660 4
74661 2
74662 4
74663 2
74664 0
74665 3
74666 2
74667 2
74668 1
74669 2
74670 1
74671 2
74672 5
74673 4
74674 1
74675 2
74676 2
74677 0
74678 1
74679 4
74680 3
74681 4
74682 4
74683 3
74684 3
74685 0
74686 5
74687 1
74688 4
74689 0
74690 5
74691 5
74692 2
74693 2
74694 3
74695 0
74696 5
74697 3
74698 1
74699 1
74700 0
74701 0
74702 3
74703 3
74704 0
74705 3
74706 0
74707 3
74708 4
74709 2
74710 0
74711 2
74712 5
74713 0
74714 2
74715 4
74716 3
74717 2
74718 1
74719 3
74720 3
74721 2
74722 3
74723 1
74724 5
74725 2
74726 4
74727 4
74728 2
74729 2
74730 0
74731 3
74732 0
74733 1
74734 4
74735 3
74736 3
74737 2
74738 0
74739 1
74740 0
74741 0
74742 4
74743 0
74744 0
74745 0
74746 6
74747 2
74748 4
74749 1
74750 2
74751 0
74752 1
74753 0
74754 3
74755 5
74756 4
74757 3
74758 2
74759 0
74760 0
74761 4
74762 1
74763 3
74764 0
74765 5
74766 5
74767 1
74768 2
74769 1
74770 4
74771 1
74772 2
74773 1
74774 1
74775 5
74776 4
74777 4
74778 1
74779 3
74780 4
74781 2
74782 3
74783 3
74784 0
74785 1
74786 4
74787 4
74788 2
74789 3
74790 2
74791 0
74792 3
74793 4
74794 2
74795 1
74796 4
74797 0
74798 2
74799 3
74800 0
74801 0
74802 0
74803 0
74804 0
74805 0
74806 0
74807 0
74808 0
74809 0
74810 0
74811 0
74812 4
74813 5
74814 0
74815 2
74816 3
74817 0
74818 2
74819 2
74820 3
74821 4
74822 0
74823 2
74824 1
74825 0
74826 3
74827 1
74828 1
74829 1
74830 1
74831 1
74832 3
74833 3
74834 2
74835 3
74836 3
74837 0
74838 4
74839 0
74840 4
74841 2
74842 2
74843 0
74844 1
74845 3
74846 4
74847 2
74848 1
74849 0
74850 0
74851 5
74852 4
74853 3
74854 5
74855 1
74856 4
74857 0
74858 4
74859 3
74860 1
74861 3
74862 4
74863 3
74864 4
74865 4
74866 5
74867 2
74868 0
74869 4
74870 4
74871 3
74872 5
74873 0
74874 4
74875 2
74876 0
74877 2
74878 2
74879 0
74880 2
74881 3
74882 3
74883 1
74884 0
74885 0
74886 2
74887 0
74888 0
74889 3
74890 1
74891 2
74892 4
74893 1
74894 3
74895 3
74896 0
74897 4
74898 1
74899 2
74900 3
74901 5
74902 1
74903 2
74904 0
74905 0
74906 0
74907 3
74908 3
74909 1
74910 4
74911 2
74912 3
74913 2
74914 5
74915 1
74916 5
74917 3
74918 2
74919 3
74920 4
74921 1
74922 0
74923 4
74924 3
74925 3
74926 2
74927 4
74928 3
74929 3
74930 3
74931 0
74932 2
74933 0
74934 3
74935 5
74936 2
74937 4
74938 1
74939 2
74940 3
74941 2
74942 0
74943 2
74944 4
74945 3
74946 2
74947 3
74948 2
74949 1
74950 3
74951 4
74952 2
74953 0
74954 1
74955 2
74956 3
74957 3
74958 2
74959 4
74960 0
74961 4
74962 0
74963 3
74964 3
74965 0
74966 5
74967 0
74968 0
74969 4
74970 3
74971 0
74972 1
74973 2
74974 3
74975 0
74976 1
74977 0
74978 4
74979 4
74980 0
74981 0
74982 4
74983 1
74984 4
74985 3
74986 3
74987 3
74988 6
74989 0
74990 1
74991 3
74992 2
74993 2
74994 4
74995 3
74996 2
74997 4
74998 5
74999 0
75000 3
75001 0
75002 5
75003 1
75004 3
75005 1
75006 4
75007 2
75008 0
75009 4
75010 4
75011 4
75012 0
75013 4
75014 1
75015 2
75016 2
75017 0
75018 3
75019 4
75020 1
75021 3
75022 3
75023 1
75024 2
75025 0
75026 4
75027 5
75028 2
75029 0
75030 0
75031 2
75032 1
75033 0
75034 4
75035 3
75036 1
75037 1
75038 0
75039 1
75040 2
75041 0
75042 1
75043 1
75044 3
75045 2
75046 3
75047 4
75048 4
75049 2
75050 4
75051 2
75052 0
75053 0
75054 0
75055 0
75056 2
75057 4
75058 1
75059 1
75060 3
75061 1
75062 0
75063 0
75064 3
75065 4
75066 2
75067 3
75068 2
75069 1
75070 2
75071 0
75072 4
75073 4
75074 0
75075 1
75076 4
75077 3
75078 4
75079 4
75080 0
75081 3
75082 2
75083 4
75084 3
75085 3
75086 0
75087 0
75088 3
75089 3
75090 0
75091 3
75092 0
75093 1
75094 3
75095 0
75096 0
75097 0
75098 0
75099 2
75100 4
75101 0
75102 2
75103 1
75104 4
75105 5
75106 1
75107 1
75108 3
75109 3
75110 1
75111 1
75112 3
75113 0
75114 3
75115 3
75116 1
75117 4
75118 2
75119 0
75120 2
75121 0
75122 2
75123 5
75124 3
75125 3
75126 1
75127 0
75128 2
75129 1
75130 2
75131 1
75132 3
75133 4
75134 2
75135 4
75136 4
75137 3
75138 0
75139 2
75140 0
75141 1
75142 3
75143 1
75144 0
75145 1
75146 2
75147 4
75148 0
75149 0
75150 3
75151 4
75152 0
75153 0
75154 3
75155 1
75156 3
75157 5
75158 2
75159 3
75160 3
75161 0
75162 3
75163 2
75164 2
75165 2
75166 1
75167 0
75168 0
75169 2
75170 4
75171 4
75172 0
75173 4
75174 3
75175 0
75176 4
75177 0
75178 0
75179 2
75180 2
75181 2
75182 3
75183 5
75184 0
75185 3
75186 0
75187 0
75188 1
75189 2
75190 0
75191 0
75192 0
75193 4
75194 0
75195 1
75196 3
75197 0
75198 3
75199 5
75200 4
75201 5
75202 3
75203 3
75204 1
75205 2
75206 4
75207 5
75208 5
75209 1
75210 2
75211 2
75212 0
75213 2
75214 1
75215 3
75216 1
75217 1
75218 2
75219 1
75220 5
75221 2
75222 2
75223 0
75224 2
75225 5
75226 1
75227 2
75228 4
75229 1
75230 4
75231 2
75232 3
75233 2
75234 2
75235 2
75236 5
75237 2
75238 3
75239 1
75240 4
75241 3
75242 2
75243 3
75244 4
75245 2
75246 4
75247 4
75248 0
75249 0
75250 4
75251 1
75252 1
75253 2
75254 1
75255 0
75256 1
75257 1
75258 1
75259 3
75260 2
75261 5
75262 2
75263 0
75264 2
75265 1
75266 3
75267 3
75268 5
75269 3
75270 2
75271 0
75272 0
75273 2
75274 1
75275 0
75276 1
75277 0
75278 3
75279 3
75280 5
75281 3
75282 1
75283 2
75284 2
75285 0
75286 2
75287 1
75288 2
75289 4
75290 4
75291 1
75292 1
75293 2
75294 0
75295 1
75296 2
75297 4
75298 2
75299 3
75300 3
75301 2
75302 3
75303 3
75304 3
75305 1
75306 1
75307 4
75308 3
75309 3
75310 3
75311 4
75312 2
75313 1
75314 0
75315 1
75316 4
75317 1
75318 3
75319 1
75320 1
75321 5
75322 0
75323 3
75324 2
75325 2
75326 2
75327 1
75328 3
75329 5
75330 1
75331 4
75332 1
75333 4
75334 5
75335 5
75336 4
75337 2
75338 1
75339 4
75340 2
75341 0
75342 3
75343 0
75344 1
75345 4
75346 4
75347 3
75348 3
75349 1
75350 5
75351 2
75352 0
75353 0
75354 2
75355 3
75356 3
75357 0
75358 4
75359 1
75360 3
75361 5
75362 5
75363 5
75364 4
75365 4
75366 3
75367 3
75368 1
75369 5
75370 2
75371 0
75372 2
75373 5
75374 4
75375 4
75376 0
75377 2
75378 0
75379 0
75380 2
75381 3
75382 1
75383 4
75384 0
75385 2
75386 3
75387 6
75388 3
75389 1
75390 1
75391 1
75392 3
75393 3
75394 6
75395 0
75396 0
75397 5
75398 2
75399 0
75400 4
75401 4
75402 0
75403 1
75404 4
75405 4
75406 0
75407 0
75408 2
75409 0
75410 3
75411 2
75412 0
75413 3
75414 0
75415 2
75416 0
75417 1
75418 3
75419 4
75420 1
75421 1
75422 3
75423 2
75424 1
75425 1
75426 4
75427 4
75428 5
75429 1
75430 0
75431 1
75432 3
75433 2
75434 5
75435 0
75436 3
75437 2
75438 2
75439 1
75440 1
75441 5
75442 1
75443 1
75444 4
75445 2
75446 0
75447 4
75448 1
75449 3
75450 5
75451 2
75452 5
75453 0
75454 0
75455 1
75456 4
75457 1
75458 4
75459 4
75460 0
75461 2
75462 2
75463 2
75464 0
75465 5
75466 1
75467 2
75468 1
75469 2
75470 4
75471 2
75472 2
75473 3
75474 2
75475 4
75476 2
75477 2
75478 2
75479 0
75480 2
75481 2
75482 4
75483 1
75484 4
75485 2
75486 1
75487 3
75488 4
75489 5
75490 0
75491 0
75492 3
75493 1
75494 1
75495 0
75496 3
75497 1
75498 4
75499 4
75500 0
75501 3
75502 1
75503 5
75504 2
75505 3
75506 0
75507 4
75508 3
75509 5
75510 1
75511 4
75512 0
75513 3
75514 2
75515 1
75516 0
75517 2
75518 0
75519 3
75520 4
75521 4
75522 3
75523 4
75524 2
75525 5
75526 4
75527 3
75528 1
75529 2
75530 2
75531 3
75532 5
75533 0
75534 1
75535 2
75536 2
75537 4
75538 3
75539 2
75540 0
75541 2
75542 4
75543 0
75544 3
75545 1
75546 2
75547 3
75548 3
75549 2
75550 2
75551 4
75552 3
75553 4
75554 3
75555 2
75556 0
75557 2
75558 2
75559 2
75560 1
75561 5
75562 4
75563 3
75564 1
75565 1
75566 2
75567 0
75568 0
75569 2
75570 2
75571 3
75572 1
75573 1
75574 4
75575 2
75576 1
75577 1
75578 0
75579 1
75580 3
75581 2
75582 3
75583 3
75584 1
75585 5
75586 1
75587 2
75588 2
75589 2
75590 1
75591 2
75592 2
75593 1
75594 3
75595 2
75596 3
75597 3
75598 3
75599 0
75600 4
75601 4
75602 3
75603 1
75604 3
75605 0
75606 4
75607 5
75608 3
75609 1
75610 2
75611 1
75612 2
75613 3
75614 1
75615 0
75616 2
75617 2
75618 3
75619 0
75620 0
75621 1
75622 5
75623 1
75624 1
75625 4
75626 4
75627 3
75628 1
75629 4
75630 5
75631 3
75632 1
75633 3
75634 2
75635 3
75636 0
75637 0
75638 1
75639 5
75640 2
75641 3
75642 2
75643 2
75644 1
75645 4
75646 4
75647 2
75648 2
75649 2
75650 0
75651 0
75652 0
75653 4
75654 1
75655 3
75656 0
75657 3
75658 2
75659 4
75660 3
75661 0
75662 4
75663 2
75664 3
75665 4
75666 4
75667 2
75668 3
75669 1
75670 1
75671 5
75672 1
75673 0
75674 0
75675 2
75676 3
75677 2
75678 3
75679 4
75680 5
75681 3
75682 1
75683 0
75684 0
75685 0
75686 4
75687 0
75688 5
75689 2
75690 0
75691 1
75692 4
75693 3
75694 2
75695 4
75696 4
75697 2
75698 0
75699 0
75700 0
75701 3
75702 1
75703 1
75704 1
75705 0
75706 3
75707 1
75708 0
75709 2
75710 4
75711 3
75712 2
75713 1
75714 1
75715 2
75716 0
75717 3
75718 3
75719 2
75720 2
75721 4
75722 2
75723 2
75724 2
75725 0
75726 2
75727 4
75728 4
75729 3
75730 3
75731 0
75732 2
75733 2
75734 3
75735 1
75736 3
75737 1
75738 3
75739 5
75740 0
75741 3
75742 1
75743 1
75744 0
75745 3
75746 4
75747 0
75748 5
75749 0
75750 1
75751 2
75752 2
75753 4
75754 3
75755 3
75756 4
75757 0
75758 4
75759 0
75760 0
75761 5
75762 4
75763 2
75764 2
75765 2
75766 0
75767 3
75768 2
75769 3
75770 1
75771 4
75772 3
75773 0
75774 1
75775 1
75776 3
75777 5
75778 5
75779 1
75780 3
75781 2
75782 4
75783 3
75784 4
75785 4
75786 4
75787 3
75788 2
75789 2
75790 0
75791 1
75792 5
75793 4
75794 4
75795 3
75796 1
75797 3
75798 5
75799 2
75800 2
75801 2
75802 2
75803 2
75804 2
75805 4
75806 0
75807 2
75808 4
75809 0
75810 3
75811 1
75812 3
75813 0
75814 0
75815 0
75816 2
75817 3
75818 1
75819 1
75820 5
75821 0
75822 2
75823 2
75824 2
75825 4
75826 3
75827 3
75828 4
75829 4
75830 2
75831 3
75832 3
75833 3
75834 4
75835 4
75836 2
75837 3
75838 2
75839 3
75840 2
75841 4
75842 5
75843 0
75844 3
75845 2
75846 1
75847 2
75848 3
75849 4
75850 2
75851 4
75852 3
75853 2
75854 2
75855 5
75856 4
75857 2
75858 2
75859 4
75860 1
75861 2
75862 0
75863 0
75864 3
75865 5
75866 1
75867 1
75868 5
75869 2
75870 5
75871 2
75872 3
75873 1
75874 0
75875 1
75876 0
75877 1
75878 1
75879 3
75880 0
75881 3
75882 2
75883 1
75884 4
75885 1
75886 3
75887 2
75888 3
75889 2
75890 2
75891 0
75892 2
75893 0
75894 1
75895 2
75896 1
75897 2
75898 3
75899 0
75900 3
75901 1
75902 0
75903 3
75904 2
75905 4
75906 2
75907 3
75908 4
75909 2
75910 4
75911 4
75912 2
75913 3
75914 0
75915 2
75916 4
75917 1
75918 0
75919 5
75920 0
75921 0
75922 3
75923 1
75924 2
75925 3
75926 0
75927 0
75928 1
75929 3
75930 2
75931 4
75932 3
75933 2
75934 3
75935 4
75936 0
75937 3
75938 5
75939 2
75940 0
75941 3
75942 3
75943 0
75944 3
75945 2
75946 5
75947 2
75948 3
75949 0
75950 5
75951 2
75952 3
75953 3
75954 2
75955 1
75956 3
75957 0
75958 5
75959 4
75960 3
75961 5
75962 4
75963 1
75964 3
75965 2
75966 3
75967 0
75968 4
75969 3
75970 4
75971 1
75972 0
75973 2
75974 1
75975 1
75976 1
75977 1
75978 4
75979 3
75980 3
75981 3
75982 0
75983 1
75984 0
75985 3
75986 3
75987 1
75988 4
75989 0
75990 0
75991 0
75992 3
75993 1
75994 4
75995 1
75996 3
75997 2
75998 0
75999 1
76000 4
76001 0
76002 2
76003 2
76004 2
76005 1
76006 1
76007 4
76008 0
76009 0
76010 5
76011 4
76012 3
76013 3
76014 4
76015 2
76016 6
76017 3
76018 4
76019 3
76020 4
76021 3
76022 2
76023 2
76024 0
76025 2
76026 2
76027 3
76028 2
76029 1
76030 0
76031 0
76032 4
76033 0
76034 1
76035 5
76036 3
76037 0
76038 4
76039 0
76040 3
76041 1
76042 3
76043 0
76044 4
76045 0
76046 3
76047 2
76048 4
76049 1
76050 4
76051 2
76052 4
76053 1
76054 2
76055 0
76056 1
76057 2
76058 4
76059 1
76060 4
76061 4
76062 1
76063 0
76064 4
76065 0
76066 5
76067 2
76068 0
76069 2
76070 2
76071 5
76072 5
76073 1
76074 1
76075 4
76076 0
76077 4
76078 3
76079 1
76080 2
76081 1
76082 3
76083 5
76084 3
76085 4
76086 3
76087 3
76088 0
76089 3
76090 3
76091 3
76092 4
76093 0
76094 0
76095 0
76096 1
76097 1
76098 3
76099 4
76100 1
76101 1
76102 5
76103 4
76104 0
76105 4
76106 4
76107 0
76108 1
76109 4
76110 2
76111 0
76112 1
76113 5
76114 2
76115 1
76116 3
76117 1
76118 3
76119 1
76120 1
76121 5
76122 2
76123 5
76124 1
76125 4
76126 2
76127 5
76128 0
76129 3
76130 3
76131 2
76132 3
76133 1
76134 3
76135 3
76136 3
76137 1
76138 3
76139 0
76140 2
76141 1
76142 1
76143 0
76144 2
76145 2
76146 1
76147 1
76148 3
76149 1
76150 4
76151 2
76152 0
76153 1
76154 0
76155 5
76156 0
76157 0
76158 1
76159 1
76160 0
76161 2
76162 4
76163 2
76164 3
76165 4
76166 1
76167 4
76168 1
76169 1
76170 2
76171 3
76172 3
76173 5
76174 2
76175 2
76176 1
76177 3
76178 1
76179 5
76180 0
76181 5
76182 2
76183 2
76184 4
76185 4
76186 0
76187 3
76188 1
76189 3
76190 0
76191 2
76192 1
76193 3
76194 0
76195 1
76196 1
76197 2
76198 4
76199 3
76200 1
76201 1
76202 1
76203 2
76204 3
76205 4
76206 3
76207 5
76208 4
76209 2
76210 2
76211 2
76212 2
76213 2
76214 1
76215 4
76216 2
76217 1
76218 2
76219 1
76220 1
76221 4
76222 4
76223 0
76224 1
76225 1
76226 1
76227 3
76228 1
76229 4
76230 3
76231 2
76232 0
76233 2
76234 3
76235 1
76236 2
76237 2
76238 3
76239 2
76240 2
76241 1
76242 1
76243 3
76244 1
76245 2
76246 5
76247 2
76248 1
76249 3
76250 1
76251 1
76252 0
76253 1
76254 4
76255 3
76256 1
76257 3
76258 1
76259 3
76260 3
76261 4
76262 1
76263 2
76264 2
76265 4
76266 0
76267 2
76268 4
76269 4
76270 3
76271 1
76272 3
76273 0
76274 5
76275 2
76276 2
76277 0
76278 2
76279 1
76280 2
76281 3
76282 1
76283 0
76284 0
76285 1
76286 2
76287 0
76288 3
76289 4
76290 4
76291 0
76292 1
76293 4
76294 3
76295 1
76296 3
76297 1
76298 3
76299 3
76300 1
76301 3
76302 0
76303 2
76304 1
76305 1
76306 3
76307 3
76308 2
76309 3
76310 3
76311 4
76312 4
76313 2
76314 3
76315 3
76316 1
76317 3
76318 4
76319 2
76320 0
76321 1
76322 3
76323 2
76324 1
76325 2
76326 4
76327 4
76328 0
76329 3
76330 2
76331 0
76332 0
76333 2
76334 5
76335 1
76336 1
76337 0
76338 4
76339 4
76340 5
76341 4
76342 1
76343 1
76344 3
76345 6
76346 3
76347 2
76348 3
76349 3
76350 2
76351 3
76352 1
76353 0
76354 3
76355 0
76356 5
76357 0
76358 4
76359 3
76360 5
76361 2
76362 4
76363 2
76364 4
76365 4
76366 6
76367 0
76368 3
76369 1
76370 0
76371 2
76372 3
76373 3
76374 3
76375 3
76376 0
76377 4
76378 0
76379 4
76380 1
76381 3
76382 4
76383 2
76384 1
76385 5
76386 1
76387 1
76388 1
76389 5
76390 5
76391 0
76392 1
76393 0
76394 2
76395 0
76396 5
76397 4
76398 3
76399 2
76400 2
76401 4
76402 0
76403 3
76404 0
76405 1
76406 4
76407 0
76408 0
76409 0
76410 0
76411 4
76412 1
76413 0
76414 1
76415 0
76416 0
76417 5
76418 3
76419 1
76420 2
76421 2
76422 1
76423 1
76424 1
76425 2
76426 3
76427 2
76428 0
76429 4
76430 4
76431 2
76432 3
76433 2
76434 0
76435 1
76436 0
76437 3
76438 3
76439 5
76440 1
76441 2
76442 5
76443 3
76444 2
76445 0
76446 4
76447 0
76448 2
76449 2
76450 5
76451 3
76452 1
76453 2
76454 3
76455 0
76456 0
76457 3
76458 3
76459 5
76460 2
76461 1
76462 0
76463 2
76464 1
76465 3
76466 1
76467 4
76468 3
76469 1
76470 2
76471 0
76472 3
76473 4
76474 3
76475 2
76476 2
76477 0
76478 2
76479 0
76480 0
76481 3
76482 5
76483 4
76484 0
76485 1
76486 4
76487 3
76488 4
76489 0
76490 0
76491 2
76492 5
76493 1
76494 2
76495 2
76496 4
76497 0
76498 1
76499 1
76500 5
76501 1
76502 1
76503 3
76504 1
76505 2
76506 2
76507 1
76508 1
76509 1
76510 0
76511 4
76512 4
76513 2
76514 0
76515 1
76516 3
76517 3
76518 3
76519 0
76520 3
76521 4
76522 1
76523 0
76524 0
76525 4
76526 2
76527 2
76528 1
76529 5
76530 1
76531 2
76532 0
76533 0
76534 4
76535 2
76536 2
76537 4
76538 4
76539 4
76540 1
76541 0
76542 0
76543 1
76544 0
76545 5
76546 2
76547 3
76548 3
76549 3
76550 4
76551 0
76552 2
76553 0
76554 0
76555 0
76556 4
76557 3
76558 2
76559 4
76560 2
76561 0
76562 0
76563 0
76564 2
76565 2
76566 2
76567 4
76568 1
76569 0
76570 2
76571 1
76572 1
76573 3
76574 4
76575 3
76576 3
76577 2
76578 0
76579 3
76580 3
76581 4
76582 3
76583 1
76584 2
76585 0
76586 3
76587 0
76588 0
76589 4
76590 2
76591 0
76592 4
76593 1
76594 0
76595 2
76596 0
76597 3
76598 0
76599 1
76600 3
76601 4
76602 2
76603 1
76604 1
76605 4
76606 0
76607 2
76608 2
76609 4
76610 4
76611 2
76612 1
76613 3
76614 3
76615 5
76616 5
76617 0
76618 1
76619 1
76620 3
76621 4
76622 1
76623 2
76624 0
76625 5
76626 3
76627 2
76628 1
76629 0
76630 5
76631 3
76632 0
76633 0
76634 0
76635 1
76636 3
76637 3
76638 4
76639 3
76640 3
76641 3
76642 4
76643 5
76644 0
76645 5
76646 2
76647 4
76648 2
76649 1
76650 3
76651 5
76652 5
76653 4
76654 1
76655 2
76656 3
76657 4
76658 2
76659 4
76660 0
76661 1
76662 0
76663 2
76664 1
76665 2
76666 2
76667 2
76668 0
76669 5
76670 1
76671 6
76672 3
76673 0
76674 0
76675 1
76676 0
76677 4
76678 4
76679 3
76680 1
76681 6
76682 3
76683 1
76684 2
76685 4
76686 0
76687 2
76688 2
76689 0
76690 0
76691 4
76692 1
76693 1
76694 2
76695 0
76696 4
76697 3
76698 4
76699 2
76700 3
76701 1
76702 1
76703 4
76704 4
76705 0
76706 4
76707 0
76708 1
76709 2
76710 5
76711 5
76712 1
76713 2
76714 0
76715 0
76716 2
76717 4
76718 0
76719 5
76720 2
76721 3
76722 4
76723 2
76724 4
76725 1
76726 2
76727 4
76728 4
76729 3
76730 3
76731 0
76732 1
76733 6
76734 1
76735 3
76736 3
76737 2
76738 2
76739 4
76740 3
76741 0
76742 4
76743 0
76744 0
76745 1
76746 2
76747 0
76748 4
76749 1
76750 0
76751 0
76752 2
76753 1
76754 0
76755 1
76756 2
76757 4
76758 0
76759 1
76760 3
76761 3
76762 4
76763 4
76764 2
76765 1
76766 4
76767 4
76768 5
76769 3
76770 4
76771 0
76772 3
76773 0
76774 4
76775 1
76776 0
76777 3
76778 4
76779 4
76780 1
76781 2
76782 3
76783 2
76784 1
76785 0
76786 1
76787 1
76788 4
76789 2
76790 4
76791 0
76792 5
76793 0
76794 2
76795 1
76796 3
76797 4
76798 3
76799 4
76800 2
76801 0
76802 2
76803 3
76804 2
76805 0
76806 5
76807 2
76808 3
76809 2
76810 2
76811 1
76812 3
76813 2
76814 4
76815 2
76816 4
76817 2
76818 2
76819 2
76820 0
76821 0
76822 2
76823 3
76824 0
76825 0
76826 5
76827 1
76828 3
76829 3
76830 0
76831 1
76832 1
76833 0
76834 2
76835 2
76836 0
76837 4
76838 1
76839 4
76840 3
76841 5
76842 0
76843 2
76844 2
76845 3
76846 1
76847 3
76848 5
76849 1
76850 5
76851 2
76852 3
76853 1
76854 1
76855 2
76856 3
76857 1
76858 3
76859 5
76860 3
76861 2
76862 4
76863 3
76864 3
76865 1
76866 2
76867 2
76868 4
76869 5
76870 0
76871 3
76872 2
76873 2
76874 0
76875 3
76876 1
76877 4
76878 1
76879 3
76880 0
76881 0
76882 5
76883 1
76884 1
76885 1
76886 4
76887 4
76888 1
76889 2
76890 5
76891 4
76892 4
76893 2
76894 2
76895 1
76896 1
76897 0
76898 3
76899 0
76900 0
76901 3
76902 2
76903 5
76904 4
76905 1
76906 1
76907 4
76908 1
76909 3
76910 2
76911 4
76912 0
76913 1
76914 1
76915 0
76916 2
76917 4
76918 3
76919 5
76920 0
76921 3
76922 2
76923 4
76924 1
76925 1
76926 5
76927 0
76928 0
76929 4
76930 0
76931 0
76932 4
76933 2
76934 3
76935 5
76936 2
76937 1
76938 0
76939 4
76940 1
76941 1
76942 1
76943 4
76944 1
76945 1
76946 1
76947 0
76948 4
76949 2
76950 0
76951 5
76952 4
76953 2
76954 0
76955 0
76956 1
76957 1
76958 0
76959 4
76960 5
76961 1
76962 1
76963 0
76964 2
76965 0
76966 2
76967 4
76968 1
76969 4
76970 0
76971 2
76972 4
76973 1
76974 0
76975 3
76976 4
76977 1
76978 3
76979 4
76980 2
76981 2
76982 0
76983 5
76984 5
76985 0
76986 3
76987 1
76988 0
76989 2
76990 4
76991 2
76992 1
76993 4
76994 1
76995 2
76996 3
76997 3
76998 2
76999 3
77000 4
77001 0
77002 3
77003 0
77004 2
77005 5
77006 0
77007 0
77008 4
77009 3
77010 2
77011 3
77012 0
77013 1
77014 2
77015 4
77016 1
77017 3
77018 3
77019 0
77020 0
77021 2
77022 1
77023 1
77024 1
77025 4
77026 1
77027 4
77028 3
77029 2
77030 3
77031 1
77032 1
77033 0
77034 0
77035 2
77036 2
77037 0
77038 1
77039 1
77040 3
77041 3
77042 2
77043 2
77044 3
77045 1
77046 2
77047 2
77048 3
77049 3
77050 2
77051 6
77052 3
77053 3
77054 3
77055 3
77056 1
77057 4
77058 2
77059 0
77060 4
77061 4
77062 3
77063 4
77064 0
77065 3
77066 2
77067 1
77068 1
77069 2
77070 1
77071 1
77072 3
77073 1
77074 1
77075 1
77076 3
77077 2
77078 2
77079 2
77080 6
77081 3
77082 3
77083 3
77084 4
77085 2
77086 0
77087 4
77088 3
77089 2
77090 3
77091 0
77092 1
77093 3
77094 2
77095 3
77096 2
77097 0
77098 1
77099 2
77100 5
77101 0
77102 0
77103 3
77104 1
77105 1
77106 0
77107 0
77108 1
77109 2
77110 3
77111 0
77112 0
77113 1
77114 3
77115 3
77116 4
77117 1
77118 3
77119 4
77120 2
77121 4
77122 3
77123 0
77124 3
77125 4
77126 3
77127 4
77128 4
77129 4
77130 5
77131 2
77132 2
77133 1
77134 0
77135 2
77136 3
77137 3
77138 1
77139 0
77140 3
77141 5
77142 5
77143 4
77144 2
77145 1
77146 0
77147 3
77148 3
77149 0
77150 2
77151 0
77152 1
77153 3
77154 1
77155 4
77156 4
77157 4
77158 0
77159 1
77160 1
77161 3
77162 2
77163 2
77164 1
77165 2
77166 5
77167 1
77168 1
77169 1
77170 2
77171 0
77172 0
77173 1
77174 3
77175 2
77176 2
77177 3
77178 1
77179 0
77180 3
77181 0
77182 4
77183 3
77184 0
77185 1
77186 1
77187 4
77188 5
77189 1
77190 3
77191 1
77192 0
77193 3
77194 1
77195 6
77196 1
77197 3
77198 0
77199 1
77200 4
77201 1
77202 4
77203 3
77204 1
77205 1
77206 0
77207 0
77208 1
77209 5
77210 4
77211 0
77212 3
77213 3
77214 0
77215 4
77216 3
77217 2
77218 3
77219 0
77220 1
77221 4
77222 0
77223 1
77224 1
77225 1
77226 0
77227 2
77228 2
77229 1
77230 4
77231 2
77232 0
77233 1
77234 3
77235 0
77236 2
77237 2
77238 2
77239 2
77240 4
77241 3
77242 1
77243 0
77244 0
77245 0
77246 0
77247 1
77248 2
77249 5
77250 4
77251 0
77252 5
77253 2
77254 4
77255 5
77256 1
77257 1
77258 1
77259 4
77260 1
77261 4
77262 1
77263 1
77264 4
77265 5
77266 0
77267 3
77268 0
77269 4
77270 5
77271 0
77272 1
77273 2
77274 1
77275 2
77276 1
77277 5
77278 0
77279 5
77280 3
77281 0
77282 2
77283 5
77284 1
77285 1
77286 5
77287 1
77288 3
77289 3
77290 2
77291 0
77292 4
77293 4
77294 5
77295 2
77296 3
77297 2
77298 0
77299 4
77300 1
77301 0
77302 0
77303 1
77304 0
77305 1
77306 3
77307 3
77308 2
77309 4
77310 1
77311 6
77312 0
77313 0
77314 2
77315 3
77316 2
77317 4
77318 1
77319 3
77320 2
77321 1
77322 4
77323 2
77324 0
77325 4
77326 5
77327 5
77328 3
77329 1
77330 1
77331 3
77332 3
77333 3
77334 5
77335 2
77336 2
77337 1
77338 3
77339 2
77340 2
77341 2
77342 3
77343 0
77344 4
77345 0
77346 4
77347 4
77348 3
77349 0
77350 2
77351 1
77352 4
77353 0
77354 2
77355 4
77356 3
77357 2
77358 1
77359 2
77360 0
77361 5
77362 2
77363 3
77364 1
77365 4
77366 4
77367 4
77368 2
77369 1
77370 0
77371 2
77372 0
77373 2
77374 3
77375 0
77376 5
77377 3
77378 0
77379 0
77380 2
77381 2
77382 5
77383 2
77384 1
77385 0
77386 1
77387 3
77388 2
77389 1
77390 2
77391 0
77392 0
77393 0
77394 3
77395 0
77396 0
77397 0
77398 4
77399 0
77400 3
77401 0
77402 1
77403 4
77404 4
77405 2
77406 0
77407 1
77408 0
77409 0
77410 4
77411 0
77412 2
77413 5
77414 1
77415 5
77416 0
77417 0
77418 4
77419 0
77420 3
77421 3
77422 1
77423 0
77424 0
77425 2
77426 2
77427 4
77428 4
77429 0
77430 0
77431 0
77432 2
77433 4
77434 3
77435 2
77436 2
77437 0
77438 5
77439 1
77440 5
77441 0
77442 3
77443 4
77444 1
77445 4
77446 4
77447 5
77448 3
77449 2
77450 0
77451 1
77452 3
77453 2
77454 1
77455 4
77456 1
77457 3
77458 2
77459 2
77460 1
77461 0
77462 6
77463 3
77464 4
77465 1
77466 2
77467 4
77468 2
77469 2
77470 0
77471 1
77472 3
77473 2
77474 1
77475 4
77476 3
77477 0
77478 1
77479 2
77480 3
77481 0
77482 1
77483 1
77484 2
77485 0
77486 3
77487 0
77488 0
77489 1
77490 2
77491 2
77492 2
77493 4
77494 1
77495 2
77496 3
77497 5
77498 1
77499 3
77500 3
77501 1
77502 1
77503 4
77504 4
77505 2
77506 0
77507 1
77508 3
77509 1
77510 1
77511 2
77512 3
77513 4
77514 0
77515 1
77516 1
77517 5
77518 1
77519 5
77520 1
77521 2
77522 2
77523 3
77524 1
77525 3
77526 0
77527 3
77528 2
77529 3
77530 1
77531 1
77532 4
77533 2
77534 1
77535 3
77536 0
77537 1
77538 2
77539 3
77540 1
77541 1
77542 1
77543 0
77544 3
77545 0
77546 4
77547 3
77548 5
77549 1
77550 4
77551 2
77552 0
77553 4
77554 0
77555 5
77556 3
77557 0
77558 1
77559 0
77560 3
77561 0
77562 1
77563 4
77564 4
77565 4
77566 0
77567 5
77568 2
77569 3
77570 3
77571 1
77572 5
77573 3
77574 3
77575 3
77576 5
77577 3
77578 3
77579 5
77580 2
77581 3
77582 2
77583 5
77584 2
77585 0
77586 5
77587 2
77588 3
77589 4
77590 1
77591 3
77592 4
77593 5
77594 3
77595 0
77596 0
77597 0
77598 2
77599 3
77600 1
77601 1
77602 0
77603 2
77604 5
77605 6
77606 5
77607 5
77608 2
77609 0
77610 1
77611 1
77612 2
77613 3
77614 3
77615 1
77616 3
77617 2
77618 2
77619 0
77620 4
77621 0
77622 3
77623 1
77624 2
77625 3
77626 4
77627 3
77628 4
77629 0
77630 0
77631 1
77632 3
77633 0
77634 1
77635 3
77636 3
77637 5
77638 3
77639 3
77640 1
77641 2
77642 0
77643 3
77644 3
77645 3
77646 1
77647 3
77648 0
77649 3
77650 2
77651 4
77652 4
77653 2
77654 2
77655 3
77656 3
77657 1
77658 0
77659 4
77660 0
77661 3
77662 1
77663 4
77664 1
77665 4
77666 0
77667 0
77668 0
77669 4
77670 3
77671 2
77672 2
77673 2
77674 5
77675 4
77676 3
77677 2
77678 3
77679 0
77680 4
77681 2
77682 2
77683 0
77684 4
77685 3
77686 5
77687 0
77688 4
77689 4
77690 1
77691 1
77692 0
77693 3
77694 2
77695 0
77696 1
77697 0
77698 3
77699 2
77700 1
77701 3
77702 4
77703 0
77704 1
77705 0
77706 1
77707 1
77708 5
77709 2
77710 0
77711 4
77712 2
77713 1
77714 1
77715 3
77716 0
77717 3
77718 2
77719 4
77720 1
77721 4
77722 1
77723 3
77724 1
77725 2
77726 4
77727 2
77728 2
77729 4
77730 0
77731 3
77732 3
77733 0
77734 4
77735 0
77736 2
77737 3
77738 3
77739 3
77740 4
77741 0
77742 3
77743 2
77744 5
77745 4
77746 0
77747 2
77748 2
77749 2
77750 0
77751 3
77752 0
77753 2
77754 0
77755 3
77756 3
77757 2
77758 3
77759 3
77760 3
77761 4
77762 0
77763 4
77764 1
77765 4
77766 5
77767 3
77768 4
77769 2
77770 0
77771 2
77772 3
77773 4
77774 0
77775 4
77776 2
77777 2
77778 4
77779 1
77780 1
77781 2
77782 0
77783 0
77784 3
77785 0
77786 2
77787 3
77788 1
77789 1
77790 1
77791 0
77792 4
77793 3
77794 4
77795 4
77796 2
77797 0
77798 1
77799 2
77800 3
77801 2
77802 1
77803 1
77804 2
77805 3
77806 3
77807 1
77808 1
77809 1
77810 4
77811 2
77812 2
77813 0
77814 3
77815 5
77816 3
77817 1
77818 1
77819 3
77820 2
77821 3
77822 4
77823 1
77824 0
77825 0
77826 0
77827 3
77828 5
77829 5
77830 4
77831 2
77832 4
77833 4
77834 3
77835 4
77836 2
77837 2
77838 4
77839 2
77840 2
77841 3
77842 0
77843 0
77844 0
77845 4
77846 1
77847 4
77848 1
77849 1
77850 2
77851 3
77852 0
77853 4
77854 0
77855 1
77856 0
77857 0
77858 0
77859 1
77860 2
77861 4
77862 1
77863 1
77864 2
77865 1
77866 4
77867 3
77868 4
77869 2
77870 4
77871 3
77872 3
77873 2
77874 1
77875 5
77876 2
77877 3
77878 0
77879 0
77880 3
77881 2
77882 1
77883 3
77884 4
77885 3
77886 0
77887 3
77888 1
77889 2
77890 4
77891 0
77892 2
77893 3
77894 0
77895 1
77896 2
77897 3
77898 4
77899 2
77900 2
77901 3
77902 1
77903 0
77904 2
77905 1
77906 1
77907 1
77908 2
77909 3
77910 1
77911 1
77912 0
77913 5
77914 4
77915 3
77916 1
77917 2
77918 0
77919 3
77920 3
77921 3
77922 3
77923 1
77924 4
77925 1
77926 1
77927 1
77928 4
77929 5
77930 5
77931 1
77932 4
77933 4
77934 2
77935 3
77936 2
77937 4
77938 4
77939 1
77940 3
77941 0
77942 3
77943 2
77944 4
77945 5
77946 3
77947 2
77948 3
77949 5
77950 0
77951 4
77952 4
77953 0
77954 2
77955 0
77956 0
77957 4
77958 5
77959 2
77960 3
77961 1
77962 5
77963 1
77964 1
77965 0
77966 2
77967 0
77968 1
77969 1
77970 4
77971 1
77972 1
77973 3
77974 1
77975 1
77976 4
77977 0
77978 5
77979 4
77980 2
77981 2
77982 1
77983 4
77984 1
77985 4
77986 0
77987 2
77988 1
77989 3
77990 1
77991 4
77992 0
77993 2
77994 0
77995 5
77996 1
77997 1
77998 1
77999 4
78000 1
78001 0
78002 2
78003 1
78004 2
78005 0
78006 2
78007 0
78008 1
78009 3
78010 2
78011 1
78012 4
78013 0
78014 5
78015 0
78016 2
78017 2
78018 1
78019 3
78020 3
78021 3
78022 3
78023 0
78024 1
78025 1
78026 0
78027 0
78028 1
78029 0
78030 3
78031 4
78032 0
78033 2
78034 2
78035 3
78036 1
78037 2
78038 1
78039 4
78040 5
78041 2
78042 3
78043 3
78044 3
78045 1
78046 1
78047 4
78048 3
78049 3
78050 2
78051 0
78052 1
78053 2
78054 2
78055 3
78056 2
78057 2
78058 3
78059 5
78060 2
78061 4
78062 0
78063 1
78064 1
78065 3
78066 2
78067 1
78068 0
78069 6
78070 1
78071 1
78072 1
78073 0
78074 4
78075 4
78076 4
78077 3
78078 3
78079 3
78080 0
78081 0
78082 0
78083 5
78084 1
78085 0
78086 4
78087 0
78088 4
78089 4
78090 0
78091 2
78092 2
78093 3
78094 2
78095 2
78096 4
78097 3
78098 1
78099 2
78100 3
78101 6
78102 1
78103 2
78104 0
78105 1
78106 1
78107 3
78108 2
78109 0
78110 4
78111 3
78112 6
78113 2
78114 1
78115 2
78116 5
78117 2
78118 1
78119 1
78120 1
78121 3
78122 0
78123 2
78124 1
78125 1
78126 3
78127 0
78128 3
78129 2
78130 0
78131 2
78132 0
78133 2
78134 4
78135 0
78136 3
78137 4
78138 2
78139 2
78140 1
78141 2
78142 0
78143 3
78144 2
78145 2
78146 1
78147 5
78148 3
78149 2
78150 0
78151 2
78152 6
78153 1
78154 4
78155 2
78156 4
78157 0
78158 2
78159 5
78160 1
78161 2
78162 1
78163 4
78164 0
78165 4
78166 1
78167 2
78168 1
78169 2
78170 3
78171 0
78172 1
78173 3
78174 3
78175 2
78176 0
78177 0
78178 3
78179 3
78180 2
78181 0
78182 0
78183 3
78184 0
78185 1
78186 4
78187 1
78188 4
78189 2
78190 1
78191 3
78192 2
78193 0
78194 2
78195 3
78196 0
78197 2
78198 4
78199 0
78200 3
78201 1
78202 1
78203 2
78204 3
78205 3
78206 0
78207 2
78208 4
78209 3
78210 1
78211 0
78212 3
78213 1
78214 3
78215 4
78216 4
78217 4
78218 0
78219 3
78220 1
78221 4
78222 4
78223 3
78224 2
78225 2
78226 0
78227 2
78228 2
78229 0
78230 2
78231 0
78232 0
78233 1
78234 5
78235 5
78236 5
78237 3
78238 0
78239 0
78240 5
78241 3
78242 1
78243 1
78244 1
78245 3
78246 0
78247 0
78248 1
78249 3
78250 2
78251 4
78252 1
78253 2
78254 1
78255 4
78256 2
78257 1
78258 3
78259 3
78260 2
78261 4
78262 4
78263 0
78264 1
78265 3
78266 4
78267 2
78268 2
78269 1
78270 2
78271 3
78272 1
78273 4
78274 2
78275 0
78276 0
78277 4
78278 2
78279 2
78280 5
78281 3
78282 0
78283 2
78284 5
78285 3
78286 1
78287 2
78288 3
78289 1
78290 2
78291 1
78292 4
78293 0
78294 4
78295 4
78296 3
78297 1
78298 5
78299 2
78300 2
78301 1
78302 2
78303 0
78304 2
78305 3
78306 4
78307 3
78308 2
78309 5
78310 2
78311 1
78312 4
78313 1
78314 3
78315 2
78316 0
78317 1
78318 3
78319 0
78320 0
78321 1
78322 0
78323 2
78324 5
78325 2
78326 0
78327 1
78328 0
78329 5
78330 2
78331 1
78332 0
78333 0
78334 6
78335 2
78336 1
78337 3
78338 2
78339 0
78340 0
78341 2
78342 0
78343 3
78344 4
78345 0
78346 4
78347 3
78348 3
78349 4
78350 0
78351 4
78352 1
78353 5
78354 4
78355 2
78356 2
78357 4
78358 4
78359 4
78360 5
78361 0
78362 2
78363 1
78364 0
78365 2
78366 4
78367 0
78368 0
78369 0
78370 2
78371 3
78372 0
78373 3
78374 1
78375 2
78376 0
78377 1
78378 2
78379 3
78380 2
78381 0
78382 4
78383 5
78384 3
78385 4
78386 2
78387 0
78388 1
78389 2
78390 2
78391 1
78392 3
78393 0
78394 0
78395 5
78396 2
78397 3
78398 1
78399 3
78400 1
78401 3
78402 0
78403 1
78404 4
78405 3
78406 4
78407 4
78408 1
78409 4
78410 0
78411 1
78412 3
78413 3
78414 5
78415 0
78416 0
78417 1
78418 5
78419 5
78420 3
78421 0
78422 0
78423 5
78424 3
78425 1
78426 2
78427 3
78428 2
78429 3
78430 4
78431 0
78432 4
78433 4
78434 1
78435 5
78436 0
78437 1
78438 2
78439 0
78440 2
78441 4
78442 1
78443 4
78444 2
78445 0
78446 4
78447 2
78448 0
78449 1
78450 3
78451 0
78452 1
78453 4
78454 1
78455 4
78456 0
78457 3
78458 0
78459 1
78460 2
78461 0
78462 1
78463 1
78464 1
78465 2
78466 3
78467 0
78468 0
78469 3
78470 2
78471 1
78472 5
78473 1
78474 5
78475 0
78476 3
78477 1
78478 0
78479 0
78480 0
78481 3
78482 3
78483 1
78484 0
78485 4
78486 3
78487 4
78488 2
78489 0
78490 1
78491 4
78492 0
78493 4
78494 2
78495 3
78496 2
78497 0
78498 2
78499 3
78500 2
78501 2
78502 1
78503 4
78504 0
78505 1
78506 0
78507 0
78508 1
78509 0
78510 3
78511 1
78512 3
78513 5
78514 3
78515 0
78516 1
78517 0
78518 1
78519 3
78520 1
78521 0
78522 4
78523 2
78524 2
78525 3
78526 0
78527 1
78528 2
78529 1
78530 3
78531 0
78532 3
78533 3
78534 2
78535 3
78536 3
78537 0
78538 2
78539 1
78540 0
78541 2
78542 1
78543 1
78544 0
78545 1
78546 2
78547 0
78548 3
78549 1
78550 3
78551 1
78552 4
78553 0
78554 0
78555 2
78556 0
78557 2
78558 0
78559 4
78560 2
78561 4
78562 0
78563 0
78564 2
78565 0
78566 1
78567 1
78568 2
78569 5
78570 2
78571 2
78572 0
78573 2
78574 2
78575 0
78576 1
78577 1
78578 0
78579 1
78580 1
78581 3
78582 2
78583 1
78584 1
78585 1
78586 3
78587 1
78588 4
78589 0
78590 1
78591 5
78592 0
78593 3
78594 4
78595 3
78596 5
78597 0
78598 3
78599 0
78600 2
78601 3
78602 3
78603 0
78604 2
78605 1
78606 2
78607 0
78608 3
78609 6
78610 4
78611 5
78612 4
78613 3
78614 2
78615 3
78616 1
78617 1
78618 0
78619 3
78620 3
78621 1
78622 0
78623 2
78624 4
78625 4
78626 0
78627 0
78628 4
78629 4
78630 3
78631 1
78632 3
78633 2
78634 5
78635 1
78636 2
78637 4
78638 1
78639 4
78640 4
78641 2
78642 4
78643 1
78644 1
78645 2
78646 1
78647 1
78648 3
78649 1
78650 5
78651 5
78652 3
78653 1
78654 3
78655 5
78656 3
78657 3
78658 1
78659 2
78660 1
78661 2
78662 1
78663 5
78664 2
78665 3
78666 0
78667 0
78668 0
78669 4
78670 4
78671 3
78672 2
78673 0
78674 5
78675 4
78676 4
78677 4
78678 0
78679 0
78680 3
78681 4
78682 1
78683 2
78684 3
78685 0
78686 3
78687 2
78688 0
78689 0
78690 0
78691 5
78692 0
78693 4
78694 3
78695 1
78696 1
78697 3
78698 1
78699 5
78700 0
78701 2
78702 0
78703 3
78704 2
78705 4
78706 0
78707 3
78708 4
78709 3
78710 0
78711 3
78712 0
78713 0
78714 2
78715 0
78716 5
78717 3
78718 1
78719 1
78720 3
78721 1
78722 4
78723 1
78724 4
78725 4
78726 2
78727 2
78728 1
78729 3
78730 0
78731 0
78732 4
78733 2
78734 1
78735 0
78736 3
78737 4
78738 1
78739 2
78740 2
78741 1
78742 3
78743 4
78744 4
78745 2
78746 1
78747 2
78748 1
78749 0
78750 3
78751 1
78752 1
78753 4
78754 1
78755 1
78756 2
78757 1
78758 2
78759 0
78760 2
78761 1
78762 3
78763 3
78764 0
78765 0
78766 0
78767 5
78768 1
78769 5
78770 2
78771 3
78772 2
78773 3
78774 4
78775 2
78776 1
78777 4
78778 3
78779 3
78780 3
78781 2
78782 2
78783 2
78784 5
78785 2
78786 1
78787 0
78788 1
78789 2
78790 1
78791 2
78792 1
78793 0
78794 3
78795 4
78796 1
78797 4
78798 3
78799 1
78800 4
78801 4
78802 3
78803 1
78804 1
78805 3
78806 4
78807 4
78808 2
78809 3
78810 1
78811 2
78812 2
78813 1
78814 1
78815 4
78816 1
78817 4
78818 4
78819 1
78820 1
78821 0
78822 1
78823 2
78824 4
78825 3
78826 2
78827 4
78828 1
78829 3
78830 0
78831 3
78832 1
78833 4
78834 4
78835 0
78836 2
78837 2
78838 3
78839 3
78840 1
78841 3
78842 2
78843 1
78844 3
78845 1
78846 4
78847 2
78848 6
78849 0
78850 5
78851 0
78852 2
78853 0
78854 2
78855 0
78856 2
78857 5
78858 4
78859 4
78860 0
78861 3
78862 2
78863 2
78864 0
78865 3
78866 0
78867 0
78868 5
78869 2
78870 3
78871 1
78872 4
78873 1
78874 5
78875 1
78876 3
78877 0
78878 1
78879 1
78880 1
78881 4
78882 2
78883 2
78884 5
78885 1
78886 3
78887 3
78888 4
78889 1
78890 1
78891 2
78892 2
78893 2
78894 2
78895 4
78896 4
78897 1
78898 2
78899 3
78900 4
78901 1
78902 3
78903 1
78904 4
78905 3
78906 1
78907 2
78908 4
78909 0
78910 5
78911 0
78912 1
78913 2
78914 2
78915 3
78916 3
78917 0
78918 3
78919 0
78920 4
78921 4
78922 3
78923 2
78924 3
78925 2
78926 3
78927 4
78928 0
78929 0
78930 1
78931 4
78932 2
78933 1
78934 1
78935 3
78936 2
78937 3
78938 2
78939 3
78940 3
78941 0
78942 0
78943 1
78944 1
78945 2
78946 1
78947 0
78948 1
78949 5
78950 4
78951 0
78952 5
78953 2
78954 3
78955 3
78956 5
78957 4
78958 4
78959 0
78960 1
78961 3
78962 3
78963 3
78964 0
78965 0
78966 1
78967 3
78968 1
78969 4
78970 0
78971 1
78972 3
78973 4
78974 0
78975 2
78976 3
78977 4
78978 0
78979 4
78980 0
78981 1
78982 2
78983 1
78984 4
78985 5
78986 0
78987 3
78988 6
78989 1
78990 3
78991 0
78992 1
78993 2
78994 3
78995 1
78996 1
78997 3
78998 0
78999 1
79000 3
79001 4
79002 3
79003 5
79004 4
79005 0
79006 4
79007 3
79008 1
79009 4
79010 2
79011 1
79012 3
79013 2
79014 0
79015 4
79016 2
79017 3
79018 1
79019 2
79020 1
79021 0
79022 2
79023 1
79024 5
79025 3
79026 4
79027 1
79028 2
79029 0
79030 4
79031 0
79032 3
79033 1
79034 3
79035 3
79036 1
79037 4
79038 2
79039 6
79040 0
79041 1
79042 4
79043 5
79044 2
79045 2
79046 1
79047 4
79048 2
79049 4
79050 1
79051 4
79052 2
79053 3
79054 1
79055 3
79056 3
79057 3
79058 1
79059 0
79060 1
79061 4
79062 1
79063 3
79064 0
79065 3
79066 1
79067 0
79068 2
79069 4
79070 4
79071 5
79072 1
79073 0
79074 0
79075 1
79076 4
79077 2
79078 2
79079 2
79080 4
79081 3
79082 2
79083 1
79084 4
79085 3
79086 4
79087 4
79088 1
79089 0
79090 3
79091 2
79092 1
79093 0
79094 2
79095 0
79096 0
79097 0
79098 3
79099 1
79100 3
79101 1
79102 0
79103 3
79104 0
79105 1
79106 1
79107 2
79108 2
79109 2
79110 0
79111 2
79112 4
79113 3
79114 2
79115 0
79116 5
79117 2
79118 3
79119 2
79120 1
79121 1
79122 1
79123 2
79124 1
79125 4
79126 3
79127 1
79128 2
79129 4
79130 2
79131 3
79132 2
79133 3
79134 1
79135 2
79136 4
79137 0
79138 3
79139 1
79140 2
79141 2
79142 1
79143 0
79144 1
79145 2
79146 0
79147 2
79148 2
79149 1
79150 3
79151 5
79152 3
79153 0
79154 1
79155 3
79156 5
79157 1
79158 0
79159 0
79160 0
79161 3
79162 4
79163 2
79164 2
79165 2
79166 0
79167 3
79168 3
79169 3
79170 2
79171 0
79172 0
79173 0
79174 0
79175 1
79176 2
79177 1
79178 4
79179 2
79180 4
79181 3
79182 1
79183 1
79184 4
79185 0
79186 1
79187 2
79188 2
79189 0
79190 0
79191 2
79192 1
79193 0
79194 5
79195 0
79196 0
79197 4
79198 1
79199 0
79200 0
79201 1
79202 4
79203 0
79204 1
79205 2
79206 3
79207 4
79208 4
79209 3
79210 4
79211 1
79212 5
79213 1
79214 2
79215 0
79216 3
79217 4
79218 0
79219 0
79220 1
79221 3
79222 2
79223 3
79224 3
79225 2
79226 2
79227 2
79228 4
79229 3
79230 3
79231 2
79232 4
79233 0
79234 4
79235 0
79236 0
79237 4
79238 5
79239 1
79240 5
79241 4
79242 1
79243 1
79244 0
79245 1
79246 2
79247 1
79248 3
79249 5
79250 3
79251 3
79252 3
79253 0
79254 3
79255 0
79256 2
79257 4
79258 0
79259 0
79260 2
79261 0
79262 1
79263 0
79264 2
79265 3
79266 2
79267 1
79268 3
79269 4
79270 1
79271 4
79272 0
79273 5
79274 3
79275 1
79276 0
79277 4
79278 5
79279 0
79280 0
79281 6
79282 1
79283 5
79284 1
79285 4
79286 1
79287 0
79288 4
79289 2
79290 1
79291 2
79292 1
79293 3
79294 4
79295 4
79296 3
79297 0
79298 5
79299 0
79300 2
79301 0
79302 3
79303 1
79304 0
79305 4
79306 4
79307 4
79308 5
79309 5
79310 4
79311 4
79312 5
79313 5
79314 1
79315 2
79316 0
79317 2
79318 3
79319 4
79320 0
79321 0
79322 0
79323 0
79324 1
79325 5
79326 3
79327 1
79328 0
79329 1
79330 0
79331 1
79332 1
79333 4
79334 5
79335 5
79336 1
79337 1
79338 1
79339 2
79340 5
79341 5
79342 2
79343 4
79344 3
79345 5
79346 2
79347 0
79348 3
79349 4
79350 0
79351 3
79352 3
79353 2
79354 3
79355 4
79356 1
79357 2
79358 5
79359 3
79360 3
79361 3
79362 3
79363 2
79364 2
79365 0
79366 2
79367 2
79368 1
79369 4
79370 2
79371 4
79372 3
79373 3
79374 2
79375 1
79376 5
79377 4
79378 4
79379 0
79380 2
79381 0
79382 6
79383 2
79384 4
79385 4
79386 5
79387 1
79388 4
79389 1
79390 5
79391 1
79392 1
79393 0
79394 4
79395 0
79396 4
79397 2
79398 1
79399 2
79400 0
79401 3
79402 0
79403 3
79404 3
79405 0
79406 0
79407 4
79408 3
79409 2
79410 4
79411 2
79412 0
79413 2
79414 0
79415 0
79416 6
79417 1
79418 4
79419 3
79420 2
79421 4
79422 1
79423 0
79424 3
79425 4
79426 0
79427 5
79428 1
79429 2
79430 1
79431 4
79432 2
79433 1
79434 2
79435 1
79436 2
79437 3
79438 0
79439 4
79440 4
79441 3
79442 2
79443 1
79444 2
79445 1
79446 1
79447 3
79448 5
79449 1
79450 6
79451 2
79452 0
79453 3
79454 0
79455 2
79456 2
79457 3
79458 2
79459 1
79460 0
79461 4
79462 3
79463 2
79464 1
79465 0
79466 2
79467 3
79468 0
79469 2
79470 3
79471 0
79472 5
79473 0
79474 1
79475 0
79476 3
79477 1
79478 1
79479 3
79480 0
79481 3
79482 4
79483 3
79484 0
79485 2
79486 1
79487 1
79488 4
79489 1
79490 0
79491 0
79492 0
79493 4
79494 1
79495 1
79496 3
79497 3
79498 3
79499 0
79500 1
79501 3
79502 0
79503 2
79504 4
79505 0
79506 3
79507 3
79508 4
79509 4
79510 0
79511 1
79512 2
79513 1
79514 2
79515 4
79516 1
79517 2
79518 2
79519 0
79520 1
79521 3
79522 2
79523 4
79524 3
79525 4
79526 3
79527 1
79528 0
79529 0
79530 4
79531 1
79532 2
79533 3
79534 1
79535 0
79536 0
79537 0
79538 3
79539 0
79540 1
79541 4
79542 0
79543 4
79544 1
79545 5
79546 3
79547 0
79548 2
79549 4
79550 0
79551 2
79552 3
79553 1
79554 1
79555 1
79556 0
79557 0
79558 4
79559 5
79560 0
79561 3
79562 0
79563 0
79564 0
79565 0
79566 1
79567 3
79568 0
79569 4
79570 1
79571 3
79572 1
79573 3
79574 0
79575 2
79576 1
79577 0
79578 4
79579 0
79580 3
79581 1
79582 4
79583 0
79584 0
79585 0
79586 4
79587 3
79588 0
79589 3
79590 0
79591 0
79592 0
79593 2
79594 2
79595 1
79596 4
79597 2
79598 0
79599 2
79600 3
79601 1
79602 0
79603 5
79604 4
79605 4
79606 2
79607 1
79608 4
79609 1
79610 4
79611 4
79612 2
79613 0
79614 2
79615 0
79616 0
79617 4
79618 2
79619 4
79620 1
79621 0
79622 1
79623 4
79624 1
79625 3
79626 0
79627 5
79628 3
79629 4
79630 1
79631 1
79632 5
79633 3
79634 3
79635 0
79636 1
79637 3
79638 1
79639 1
79640 2
79641 0
79642 3
79643 0
79644 1
79645 4
79646 2
79647 3
79648 1
79649 1
79650 2
79651 1
79652 1
79653 2
79654 2
79655 3
79656 2
79657 0
79658 3
79659 4
79660 3
79661 1
79662 0
79663 1
79664 4
79665 3
79666 0
79667 3
79668 1
79669 3
79670 0
79671 3
79672 3
79673 4
79674 3
79675 2
79676 1
79677 0
79678 1
79679 2
79680 4
79681 4
79682 2
79683 0
79684 1
79685 3
79686 2
79687 2
79688 3
79689 1
79690 4
79691 3
79692 5
79693 3
79694 4
79695 0
79696 2
79697 4
79698 0
79699 2
79700 0
79701 3
79702 2
79703 2
79704 0
79705 3
79706 2
79707 2
79708 1
79709 3
79710 3
79711 1
79712 1
79713 1
79714 2
79715 0
79716 4
79717 0
79718 0
79719 0
79720 2
79721 5
79722 1
79723 0
79724 2
79725 2
79726 1
79727 3
79728 4
79729 2
79730 1
79731 2
79732 1
79733 1
79734 3
79735 3
79736 0
79737 4
79738 1
79739 2
79740 0
79741 3
79742 2
79743 3
79744 4
79745 1
79746 1
79747 5
79748 2
79749 4
79750 3
79751 2
79752 2
79753 0
79754 5
79755 3
79756 0
79757 1
79758 3
79759 4
79760 3
79761 3
79762 3
79763 2
79764 2
79765 5
79766 0
79767 3
79768 3
79769 3
79770 0
79771 3
79772 5
79773 0
79774 4
79775 1
79776 2
79777 1
79778 3
79779 2
79780 2
79781 3
79782 5
79783 4
79784 4
79785 2
79786 2
79787 2
79788 2
79789 2
79790 0
79791 0
79792 1
79793 1
79794 0
79795 2
79796 3
79797 4
79798 5
79799 1
79800 2
79801 2
79802 3
79803 3
79804 0
79805 4
79806 1
79807 2
79808 0
79809 2
79810 5
79811 0
79812 2
79813 0
79814 4
79815 0
79816 0
79817 2
79818 1
79819 3
79820 0
79821 0
79822 0
79823 5
79824 0
79825 2
79826 3
79827 0
79828 0
79829 2
79830 4
79831 2
79832 3
79833 3
79834 4
79835 6
79836 4
79837 2
79838 0
79839 4
79840 5
79841 2
79842 0
79843 3
79844 3
79845 5
79846 4
79847 3
79848 0
79849 5
79850 2
79851 4
79852 4
79853 1
79854 1
79855 2
79856 1
79857 2
79858 2
79859 5
79860 3
79861 2
79862 2
79863 4
79864 4
79865 3
79866 2
79867 2
79868 2
79869 0
79870 4
79871 0
79872 0
79873 4
79874 3
79875 3
79876 0
79877 3
79878 0
79879 3
79880 1
79881 3
79882 2
79883 4
79884 2
79885 4
79886 1
79887 5
79888 0
79889 5
79890 4
79891 3
79892 4
79893 2
79894 2
79895 4
79896 3
79897 0
79898 2
79899 1
79900 3
79901 1
79902 1
79903 4
79904 4
79905 0
79906 2
79907 5
79908 0
79909 1
79910 2
79911 0
79912 3
79913 1
79914 4
79915 3
79916 0
79917 5
79918 3
79919 0
79920 3
79921 3
79922 3
79923 4
79924 0
79925 3
79926 1
79927 1
79928 5
79929 3
79930 5
79931 3
79932 3
79933 2
79934 5
79935 1
79936 0
79937 3
79938 3
79939 3
79940 1
79941 0
79942 3
79943 3
79944 2
79945 2
79946 0
79947 2
79948 1
79949 0
79950 2
79951 1
79952 2
79953 0
79954 0
79955 4
79956 3
79957 2
79958 0
79959 2
79960 4
79961 2
79962 1
79963 2
79964 3
79965 4
79966 3
79967 1
79968 3
79969 0
79970 0
79971 0
79972 3
79973 1
79974 1
79975 2
79976 4
79977 1
79978 5
79979 0
79980 3
79981 0
79982 3
79983 1
79984 1
79985 3
79986 2
79987 1
79988 3
79989 1
79990 3
79991 3
79992 5
79993 2
79994 2
79995 0
79996 3
79997 2
79998 0
79999 3
80000 1
80001 4
80002 3
80003 0
80004 3
80005 4
80006 0
80007 2
80008 1
80009 4
80010 4
80011 2
80012 0
80013 4
80014 2
80015 2
80016 1
80017 5
80018 0
80019 5
80020 4
80021 4
80022 0
80023 0
80024 1
80025 3
80026 4
80027 3
80028 5
80029 1
80030 0
80031 2
80032 1
80033 3
80034 0
80035 4
80036 0
80037 2
80038 1
80039 2
80040 0
80041 1
80042 5
80043 2
80044 4
80045 1
80046 1
80047 0
80048 4
80049 3
80050 0
80051 0
80052 2
80053 0
80054 3
80055 1
80056 3
80057 3
80058 3
80059 2
80060 1
80061 3
80062 1
80063 0
80064 3
80065 1
80066 0
80067 0
80068 4
80069 5
80070 0
80071 5
80072 2
80073 0
80074 1
80075 2
80076 2
80077 1
80078 0
80079 0
80080 2
80081 3
80082 1
80083 3
80084 4
80085 0
80086 0
80087 2
80088 0
80089 1
80090 1
80091 3
80092 4
80093 2
80094 3
80095 4
80096 0
80097 2
80098 1
80099 0
80100 3
80101 5
80102 4
80103 5
80104 3
80105 4
80106 5
80107 0
80108 4
80109 5
80110 1
80111 2
80112 0
80113 2
80114 1
80115 3
80116 0
80117 3
80118 1
80119 3
80120 4
80121 2
80122 2
80123 2
80124 3
80125 2
80126 4
80127 3
80128 1
80129 3
80130 3
80131 2
80132 4
80133 1
80134 0
80135 4
80136 0
80137 4
80138 1
80139 3
80140 4
80141 4
80142 0
80143 2
80144 3
80145 3
80146 1
80147 0
80148 0
80149 3
80150 1
80151 0
80152 4
80153 1
80154 3
80155 2
80156 2
80157 4
80158 3
80159 3
80160 4
80161 3
80162 3
80163 1
80164 6
80165 3
80166 1
80167 3
80168 3
80169 2
80170 4
80171 1
80172 6
80173 0
80174 3
80175 0
80176 0
80177 2
80178 5
80179 1
80180 3
80181 4
80182 2
80183 3
80184 0
80185 3
80186 4
80187 0
80188 2
80189 4
80190 3
80191 1
80192 4
80193 2
80194 1
80195 3
80196 4
80197 0
80198 3
80199 1
80200 2
80201 3
80202 3
80203 1
80204 4
80205 5
80206 3
80207 2
80208 3
80209 4
80210 5
80211 0
80212 0
80213 4
80214 2
80215 2
80216 0
80217 0
80218 1
80219 2
80220 3
80221 2
80222 1
80223 3
80224 1
80225 5
80226 3
80227 1
80228 1
80229 2
80230 5
80231 5
80232 0
80233 4
80234 0
80235 1
80236 3
80237 3
80238 0
80239 4
80240 0
80241 2
80242 0
80243 3
80244 4
80245 0
80246 4
80247 4
80248 4
80249 0
80250 3
80251 1
80252 3
80253 2
80254 4
80255 1
80256 0
80257 4
80258 0
80259 0
80260 2
80261 0
80262 4
80263 0
80264 2
80265 4
80266 1
80267 0
80268 3
80269 4
80270 0
80271 4
80272 3
80273 3
80274 2
80275 3
80276 5
80277 0
80278 3
80279 2
80280 3
80281 2
80282 4
80283 3
80284 2
80285 5
80286 4
80287 2
80288 3
80289 0
80290 2
80291 2
80292 0
80293 3
80294 0
80295 4
80296 0
80297 3
80298 2
80299 0
80300 0
80301 4
80302 2
80303 5
80304 2
80305 2
80306 0
80307 1
80308 2
80309 2
80310 1
80311 2
80312 1
80313 3
80314 3
80315 4
80316 1
80317 2
80318 1
80319 0
80320 2
80321 3
80322 1
80323 0
80324 0
80325 0
80326 0
80327 1
80328 4
80329 4
80330 4
80331 2
80332 2
80333 4
80334 3
80335 0
80336 0
80337 4
80338 1
80339 2
80340 0
80341 4
80342 3
80343 2
80344 3
80345 4
80346 4
80347 5
80348 0
80349 4
80350 0
80351 4
80352 0
80353 1
80354 0
80355 3
80356 0
80357 0
80358 3
80359 1
80360 1
80361 2
80362 5
80363 2
80364 0
80365 3
80366 4
80367 2
80368 3
80369 3
80370 0
80371 4
80372 3
80373 5
80374 4
80375 2
80376 1
80377 5
80378 0
80379 0
80380 1
80381 0
80382 5
80383 5
80384 0
80385 2
80386 0
80387 4
80388 5
80389 2
80390 0
80391 2
80392 0
80393 0
80394 3
80395 1
80396 2
80397 4
80398 2
80399 1
80400 3
80401 1
80402 0
80403 4
80404 2
80405 4
80406 2
80407 0
80408 2
80409 4
80410 3
80411 2
80412 1
80413 1
80414 3
80415 2
80416 4
80417 0
80418 2
80419 3
80420 4
80421 1
80422 3
80423 0
80424 2
80425 0
80426 1
80427 3
80428 0
80429 3
80430 1
80431 1
80432 5
80433 4
80434 3
80435 1
80436 3
80437 4
80438 4
80439 1
80440 3
80441 2
80442 0
80443 4
80444 3
80445 0
80446 4
80447 1
80448 2
80449 2
80450 0
80451 1
80452 4
80453 0
80454 1
80455 2
80456 2
80457 3
80458 0
80459 4
80460 3
80461 1
80462 1
80463 2
80464 0
80465 4
80466 4
80467 0
80468 4
80469 3
80470 0
80471 1
80472 3
80473 2
80474 1
80475 2
80476 4
80477 0
80478 3
80479 5
80480 0
80481 0
80482 0
80483 0
80484 3
80485 3
80486 1
80487 4
80488 2
80489 1
80490 3
80491 2
80492 3
80493 2
80494 0
80495 4
80496 2
80497 4
80498 3
80499 2
80500 0
80501 1
80502 1
80503 2
80504 3
80505 0
80506 1
80507 0
80508 4
80509 0
80510 4
80511 3
80512 6
80513 2
80514 5
80515 2
80516 4
80517 1
80518 2
80519 5
80520 3
80521 1
80522 2
80523 0
80524 1
80525 4
80526 4
80527 3
80528 4
80529 4
80530 0
80531 0
80532 2
80533 2
80534 2
80535 2
80536 3
80537 3
80538 3
80539 3
80540 1
80541 3
80542 4
80543 3
80544 1
80545 1
80546 5
80547 3
80548 2
80549 5
80550 3
80551 5
80552 2
80553 5
80554 0
80555 4
80556 3
80557 4
80558 3
80559 4
80560 2
80561 4
80562 4
80563 1
80564 1
80565 2
80566 2
80567 4
80568 4
80569 4
80570 0
80571 2
80572 3
80573 1
80574 3
80575 3
80576 1
80577 0
80578 1
80579 3
80580 0
80581 1
80582 5
80583 4
80584 3
80585 3
80586 3
80587 4
80588 1
80589 0
80590 0
80591 0
80592 0
80593 0
80594 5
80595 1
80596 2
80597 1
80598 0
80599 2
80600 0
80601 0
80602 1
80603 3
80604 0
80605 0
80606 2
80607 1
80608 3
80609 3
80610 4
80611 0
80612 0
80613 3
80614 2
80615 2
80616 1
80617 3
80618 3
80619 1
80620 0
80621 1
80622 4
80623 2
80624 0
80625 0
80626 1
80627 3
80628 0
80629 3
80630 2
80631 1
80632 0
80633 3
80634 1
80635 3
80636 3
80637 4
80638 0
80639 1
80640 4
80641 4
80642 1
80643 3
80644 0
80645 3
80646 2
80647 2
80648 0
80649 0
80650 2
80651 3
80652 4
80653 2
80654 5
80655 3
80656 5
80657 4
80658 2
80659 3
80660 2
80661 1
80662 2
80663 1
80664 0
80665 2
80666 3
80667 2
80668 2
80669 2
80670 1
80671 4
80672 2
80673 3
80674 2
80675 1
80676 0
80677 2
80678 2
80679 2
80680 0
80681 4
80682 3
80683 2
80684 2
80685 0
80686 1
80687 4
80688 0
80689 2
80690 3
80691 4
80692 3
80693 4
80694 1
80695 4
80696 3
80697 1
80698 4
80699 3
80700 2
80701 0
80702 3
80703 3
80704 4
80705 0
80706 1
80707 2
80708 6
80709 1
80710 0
80711 5
80712 2
80713 1
80714 0
80715 0
80716 5
80717 2
80718 2
80719 3
80720 5
80721 4
80722 3
80723 1
80724 1
80725 2
80726 0
80727 3
80728 1
80729 0
80730 2
80731 5
80732 2
80733 3
80734 1
80735 3
80736 3
80737 1
80738 1
80739 0
80740 5
80741 0
80742 2
80743 0
80744 0
80745 1
80746 0
80747 2
80748 5
80749 4
80750 0
80751 4
80752 0
80753 0
80754 1
80755 0
80756 3
80757 0
80758 4
80759 5
80760 4
80761 5
80762 1
80763 1
80764 4
80765 2
80766 1
80767 2
80768 3
80769 3
80770 0
80771 2
80772 0
80773 2
80774 0
80775 3
80776 1
80777 4
80778 4
80779 4
80780 4
80781 3
80782 2
80783 1
80784 4
80785 3
80786 1
80787 3
80788 3
80789 3
80790 3
80791 4
80792 1
80793 0
80794 1
80795 4
80796 5
80797 0
80798 3
80799 2
80800 1
80801 2
80802 1
80803 5
80804 4
80805 0
80806 3
80807 0
80808 2
80809 0
80810 1
80811 3
80812 5
80813 0
80814 2
80815 0
80816 2
80817 1
80818 1
80819 3
80820 0
80821 2
80822 2
80823 1
80824 0
80825 2
80826 4
80827 1
80828 3
80829 4
80830 1
80831 4
80832 2
80833 2
80834 1
80835 2
80836 4
80837 3
80838 2
80839 1
80840 1
80841 0
80842 1
80843 0
80844 0
80845 0
80846 1
80847 1
80848 1
80849 2
80850 2
80851 0
80852 0
80853 2
80854 3
80855 0
80856 3
80857 0
80858 1
80859 2
80860 3
80861 3
80862 0
80863 4
80864 2
80865 4
80866 1
80867 1
80868 2
80869 4
80870 2
80871 2
80872 5
80873 2
80874 1
80875 0
80876 0
80877 3
80878 0
80879 0
80880 4
80881 3
80882 2
80883 0
80884 1
80885 3
80886 2
80887 2
80888 0
80889 1
80890 5
80891 2
80892 4
80893 4
80894 1
80895 3
80896 3
80897 0
80898 2
80899 2
80900 2
80901 2
80902 1
80903 0
80904 2
80905 0
80906 3
80907 5
80908 2
80909 1
80910 1
80911 5
80912 0
80913 4
80914 4
80915 3
80916 1
80917 2
80918 4
80919 2
80920 0
80921 1
80922 1
80923 4
80924 0
80925 4
80926 0
80927 2
80928 4
80929 0
80930 1
80931 1
80932 2
80933 3
80934 3
80935 2
80936 2
80937 5
80938 3
80939 2
80940 2
80941 4
80942 1
80943 0
80944 3
80945 4
80946 1
80947 2
80948 0
80949 1
80950 3
80951 3
80952 4
80953 3
80954 1
80955 3
80956 2
80957 0
80958 3
80959 0
80960 1
80961 5
80962 1
80963 4
80964 0
80965 5
80966 3
80967 4
80968 2
80969 2
80970 4
80971 4
80972 1
80973 2
80974 1
80975 1
80976 1
80977 1
80978 4
80979 2
80980 3
80981 3
80982 0
80983 1
80984 3
80985 5
80986 3
80987 4
80988 0
80989 3
80990 2
80991 3
80992 0
80993 0
80994 3
80995 3
80996 0
80997 3
80998 0
80999 3
81000 5
81001 3
81002 4
81003 0
81004 2
81005 1
81006 1
81007 4
81008 4
81009 2
81010 0
81011 5
81012 5
81013 1
81014 1
81015 2
81016 1
81017 2
81018 1
81019 0
81020 1
81021 4
81022 3
81023 4
81024 2
81025 2
81026 4
81027 4
81028 5
81029 3
81030 2
81031 1
81032 1
81033 3
81034 4
81035 3
81036 2
81037 3
81038 0
81039 2
81040 3
81041 1
81042 4
81043 3
81044 0
81045 2
81046 0
81047 3
81048 1
81049 2
81050 4
81051 2
81052 1
81053 4
81054 4
81055 2
81056 1
81057 2
81058 2
81059 3
81060 4
81061 4
81062 4
81063 0
81064 5
81065 0
81066 3
81067 0
81068 3
81069 0
81070 3
81071 1
81072 2
81073 5
81074 2
81075 2
81076 1
81077 4
81078 4
81079 2
81080 5
81081 4
81082 4
81083 3
81084 4
81085 3
81086 4
81087 1
81088 0
81089 5
81090 3
81091 5
81092 1
81093 1
81094 4
81095 0
81096 2
81097 4
81098 2
81099 1
81100 2
81101 5
81102 3
81103 2
81104 3
81105 0
81106 0
81107 0
81108 3
81109 1
81110 3
81111 1
81112 0
81113 0
81114 0
81115 0
81116 2
81117 0
81118 2
81119 1
81120 4
81121 4
81122 3
81123 1
81124 5
81125 3
81126 2
81127 4
81128 1
81129 2
81130 4
81131 0
81132 4
81133 1
81134 1
81135 0
81136 1
81137 0
81138 0
81139 2
81140 2
81141 2
81142 4
81143 0
81144 3
81145 2
81146 2
81147 0
81148 2
81149 0
81150 3
81151 3
81152 1
81153 2
81154 5
81155 1
81156 1
81157 5
81158 0
81159 3
81160 1
81161 3
81162 0
81163 0
81164 1
81165 1
81166 0
81167 4
81168 2
81169 1
81170 0
81171 3
81172 4
81173 3
81174 3
81175 0
81176 3
81177 1
81178 0
81179 0
81180 3
81181 2
81182 1
81183 0
81184 1
81185 4
81186 1
81187 1
81188 4
81189 3
81190 1
81191 4
81192 3
81193 1
81194 5
81195 2
81196 4
81197 2
81198 3
81199 3
81200 0
81201 4
81202 5
81203 3
81204 4
81205 2
81206 6
81207 3
81208 4
81209 5
81210 1
81211 2
81212 2
81213 4
81214 4
81215 1
81216 4
81217 0
81218 2
81219 0
81220 2
81221 5
81222 0
81223 1
81224 3
81225 3
81226 3
81227 1
81228 1
81229 2
81230 0
81231 1
81232 1
81233 4
81234 4
81235 0
81236 1
81237 2
81238 1
81239 4
81240 4
81241 5
81242 1
81243 0
81244 5
81245 1
81246 0
81247 2
81248 5
81249 0
81250 4
81251 0
81252 3
81253 0
81254 4
81255 3
81256 5
81257 3
81258 4
81259 3
81260 0
81261 0
81262 4
81263 2
81264 1
81265 0
81266 3
81267 4
81268 1
81269 5
81270 0
81271 4
81272 3
81273 3
81274 4
81275 1
81276 1
81277 2
81278 3
81279 1
81280 0
81281 4
81282 1
81283 4
81284 0
81285 3
81286 0
81287 4
81288 0
81289 4
81290 0
81291 3
81292 3
81293 0
81294 1
81295 1
81296 1
81297 2
81298 3
81299 3
81300 2
81301 3
81302 3
81303 1
81304 4
81305 4
81306 3
81307 2
81308 1
81309 2
81310 2
81311 4
81312 1
81313 4
81314 3
81315 4
81316 0
81317 1
81318 1
81319 3
81320 2
81321 2
81322 4
81323 0
81324 2
81325 0
81326 5
81327 2
81328 1
81329 0
81330 0
81331 4
81332 4
81333 0
81334 2
81335 3
81336 3
81337 0
81338 2
81339 1
81340 2
81341 2
81342 5
81343 2
81344 4
81345 1
81346 2
81347 0
81348 4
81349 0
81350 1
81351 3
81352 3
81353 1
81354 1
81355 5
81356 1
81357 1
81358 3
81359 1
81360 2
81361 6
81362 1
81363 2
81364 3
81365 0
81366 4
81367 3
81368 2
81369 1
81370 3
81371 4
81372 4
81373 2
81374 3
81375 0
81376 2
81377 4
81378 5
81379 2
81380 3
81381 4
81382 0
81383 3
81384 4
81385 5
81386 3
81387 1
81388 0
81389 4
81390 5
81391 4
81392 4
81393 4
81394 0
81395 4
81396 1
81397 0
81398 1
81399 3
81400 3
81401 3
81402 3
81403 2
81404 0
81405 0
81406 4
81407 3
81408 0
81409 4
81410 0
81411 1
81412 0
81413 0
81414 1
81415 3
81416 2
81417 4
81418 1
81419 2
81420 1
81421 3
81422 2
81423 1
81424 4
81425 1
81426 0
81427 2
81428 2
81429 2
81430 0
81431 1
81432 5
81433 2
81434 0
81435 2
81436 0
81437 4
81438 2
81439 4
81440 2
81441 0
81442 3
81443 1
81444 6
81445 3
81446 0
81447 4
81448 1
81449 2
81450 2
81451 3
81452 0
81453 4
81454 0
81455 4
81456 5
81457 0
81458 0
81459 0
81460 3
81461 2
81462 1
81463 3
81464 2
81465 4
81466 1
81467 0
81468 4
81469 3
81470 5
81471 3
81472 3
81473 2
81474 2
81475 5
81476 4
81477 2
81478 1
81479 2
81480 0
81481 1
81482 2
81483 4
81484 1
81485 2
81486 0
81487 2
81488 3
81489 1
81490 2
81491 0
81492 3
81493 1
81494 1
81495 1
81496 3
81497 3
81498 3
81499 0
81500 2
81501 3
81502 0
81503 0
81504 1
81505 4
81506 2
81507 1
81508 3
81509 0
81510 2
81511 1
81512 5
81513 1
81514 0
81515 3
81516 1
81517 3
81518 0
81519 5
81520 3
81521 3
81522 1
81523 2
81524 1
81525 4
81526 0
81527 2
81528 0
81529 2
81530 1
81531 2
81532 3
81533 0
81534 3
81535 1
81536 2
81537 4
81538 4
81539 1
81540 3
81541 1
81542 2
81543 2
81544 4
81545 3
81546 1
81547 1
81548 1
81549 4
81550 3
81551 2
81552 2
81553 2
81554 2
81555 3
81556 3
81557 4
81558 5
81559 0
81560 2
81561 1
81562 5
81563 6
81564 3
81565 1
81566 0
81567 4
81568 1
81569 1
81570 2
81571 3
81572 3
81573 2
81574 2
81575 1
81576 1
81577 0
81578 0
81579 3
81580 0
81581 3
81582 1
81583 4
81584 4
81585 2
81586 0
81587 3
81588 5
81589 1
81590 1
81591 1
81592 1
81593 0
81594 1
81595 4
81596 0
81597 0
81598 2
81599 4
81600 3
81601 3
81602 0
81603 2
81604 0
81605 1
81606 4
81607 0
81608 0
81609 1
81610 3
81611 4
81612 4
81613 2
81614 2
81615 0
81616 2
81617 1
81618 2
81619 1
81620 1
81621 2
81622 0
81623 5
81624 2
81625 1
81626 1
81627 4
81628 0
81629 1
81630 2
81631 3
81632 3
81633 2
81634 5
81635 3
81636 4
81637 0
81638 5
81639 2
81640 2
81641 1
81642 1
81643 0
81644 0
81645 5
81646 0
81647 4
81648 3
81649 1
81650 3
81651 1
81652 5
81653 3
81654 2
81655 3
81656 0
81657 3
81658 4
81659 0
81660 1
81661 3
81662 1
81663 3
81664 3
81665 2
81666 0
81667 6
81668 0
81669 0
81670 0
81671 0
81672 0
81673 2
81674 1
81675 2
81676 2
81677 5
81678 0
81679 4
81680 3
81681 5
81682 3
81683 0
81684 0
81685 0
81686 1
81687 4
81688 3
81689 3
81690 4
81691 1
81692 3
81693 0
81694 2
81695 2
81696 2
81697 2
81698 4
81699 3
81700 1
81701 3
81702 4
81703 3
81704 1
81705 2
81706 0
81707 3
81708 3
81709 1
81710 3
81711 0
81712 2
81713 3
81714 2
81715 0
81716 1
81717 3
81718 4
81719 1
81720 4
81721 3
81722 2
81723 2
81724 4
81725 4
81726 1
81727 5
81728 1
81729 4
81730 1
81731 3
81732 2
81733 2
81734 5
81735 3
81736 2
81737 5
81738 0
81739 3
81740 2
81741 0
81742 2
81743 0
81744 4
81745 0
81746 3
81747 4
81748 4
81749 5
81750 0
81751 5
81752 1
81753 5
81754 0
81755 1
81756 3
81757 2
81758 2
81759 3
81760 0
81761 3
81762 3
81763 0
81764 0
81765 1
81766 4
81767 3
81768 4
81769 0
81770 1
81771 1
81772 5
81773 1
81774 1
81775 5
81776 1
81777 4
81778 2
81779 2
81780 1
81781 2
81782 3
81783 3
81784 1
81785 0
81786 1
81787 1
81788 3
81789 3
81790 0
81791 4
81792 4
81793 2
81794 1
81795 1
81796 5
81797 4
81798 2
81799 1
81800 2
81801 2
81802 2
81803 2
81804 0
81805 3
81806 4
81807 1
81808 3
81809 1
81810 0
81811 0
81812 2
81813 1
81814 4
81815 2
81816 0
81817 3
81818 3
81819 2
81820 4
81821 2
81822 0
81823 4
81824 5
81825 2
81826 2
81827 4
81828 1
81829 1
81830 1
81831 2
81832 2
81833 2
81834 1
81835 3
81836 2
81837 1
81838 1
81839 3
81840 2
81841 0
81842 2
81843 4
81844 2
81845 4
81846 2
81847 3
81848 3
81849 2
81850 0
81851 3
81852 0
81853 2
81854 5
81855 4
81856 0
81857 0
81858 1
81859 5
81860 2
81861 4
81862 3
81863 0
81864 0
81865 4
81866 3
81867 1
81868 4
81869 0
81870 2
81871 4
81872 0
81873 4
81874 0
81875 2
81876 0
81877 0
81878 1
81879 3
81880 4
81881 3
81882 1
81883 0
81884 3
81885 3
81886 4
81887 3
81888 2
81889 3
81890 5
81891 2
81892 1
81893 2
81894 0
81895 3
81896 2
81897 1
81898 0
81899 0
81900 6
81901 0
81902 4
81903 0
81904 0
81905 1
81906 4
81907 4
81908 5
81909 1
81910 3
81911 4
81912 2
81913 1
81914 5
81915 3
81916 3
81917 4
81918 1
81919 1
81920 1
81921 5
81922 3
81923 3
81924 4
81925 4
81926 5
81927 0
81928 4
81929 1
81930 2
81931 3
81932 5
81933 4
81934 0
81935 2
81936 2
81937 2
81938 0
81939 3
81940 2
81941 0
81942 3
81943 0
81944 3
81945 5
81946 0
81947 5
81948 2
81949 1
81950 2
81951 2
81952 4
81953 6
81954 1
81955 4
81956 5
81957 0
81958 5
81959 3
81960 3
81961 3
81962 3
81963 4
81964 0
81965 0
81966 0
81967 2
81968 4
81969 4
81970 4
81971 4
81972 2
81973 0
81974 1
81975 2
81976 2
81977 2
81978 4
81979 4
81980 0
81981 2
81982 4
81983 5
81984 2
81985 2
81986 0
81987 2
81988 2
81989 1
81990 2
81991 4
81992 2
81993 2
81994 5
81995 2
81996 0
81997 0
81998 1
81999 3
82000 2
82001 1
82002 2
82003 0
82004 4
82005 0
82006 4
82007 2
82008 3
82009 3
82010 4
82011 3
82012 2
82013 3
82014 3
82015 2
82016 3
82017 4
82018 4
82019 3
82020 1
82021 1
82022 4
82023 0
82024 2
82025 4
82026 1
82027 2
82028 2
82029 4
82030 1
82031 2
82032 3
82033 1
82034 1
82035 0
82036 5
82037 3
82038 4
82039 5
82040 2
82041 1
82042 0
82043 5
82044 2
82045 3
82046 2
82047 0
82048 3
82049 2
82050 4
82051 3
82052 5
82053 4
82054 3
82055 2
82056 0
82057 4
82058 4
82059 5
82060 1
82061 0
82062 1
82063 2
82064 1
82065 3
82066 5
82067 3
82068 2
82069 1
82070 0
82071 1
82072 3
82073 2
82074 1
82075 3
82076 3
82077 5
82078 3
82079 3
82080 0
82081 1
82082 0
82083 3
82084 4
82085 3
82086 0
82087 1
82088 0
82089 1
82090 2
82091 2
82092 2
82093 0
82094 2
82095 0
82096 4
82097 2
82098 2
82099 4
82100 3
82101 0
82102 0
82103 2
82104 3
82105 4
82106 1
82107 3
82108 5
82109 2
82110 4
82111 2
82112 4
82113 5
82114 0
82115 4
82116 2
82117 2
82118 1
82119 2
82120 3
82121 1
82122 3
82123 3
82124 1
82125 3
82126 1
82127 0
82128 2
82129 4
82130 1
82131 1
82132 0
82133 2
82134 1
82135 3
82136 1
82137 4
82138 3
82139 0
82140 2
82141 5
82142 3
82143 3
82144 0
82145 0
82146 4
82147 1
82148 0
82149 0
82150 0
82151 3
82152 2
82153 2
82154 0
82155 2
82156 3
82157 3
82158 2
82159 1
82160 3
82161 5
82162 4
82163 0
82164 3
82165 1
82166 2
82167 4
82168 4
82169 2
82170 1
82171 2
82172 4
82173 2
82174 4
82175 3
82176 4
82177 0
82178 6
82179 1
82180 0
82181 3
82182 4
82183 0
82184 5
82185 5
82186 5
82187 2
82188 0
82189 2
82190 0
82191 1
82192 3
82193 4
82194 0
82195 0
82196 4
82197 2
82198 3
82199 5
82200 4
82201 2
82202 2
82203 0
82204 1
82205 4
82206 0
82207 4
82208 0
82209 5
82210 3
82211 1
82212 3
82213 5
82214 0
82215 0
82216 5
82217 3
82218 1
82219 2
82220 4
82221 3
82222 1
82223 3
82224 4
82225 0
82226 3
82227 0
82228 1
82229 2
82230 5
82231 3
82232 5
82233 2
82234 4
82235 0
82236 1
82237 5
82238 3
82239 0
82240 1
82241 0
82242 3
82243 2
82244 1
82245 0
82246 2
82247 1
82248 1
82249 1
82250 3
82251 0
82252 3
82253 1
82254 0
82255 2
82256 2
82257 0
82258 1
82259 2
82260 0
82261 3
82262 3
82263 1
82264 0
82265 4
82266 0
82267 0
82268 4
82269 4
82270 3
82271 2
82272 1
82273 3
82274 2
82275 3
82276 1
82277 1
82278 4
82279 2
82280 2
82281 0
82282 1
82283 1
82284 0
82285 2
82286 0
82287 0
82288 2
82289 0
82290 4
82291 2
82292 2
82293 5
82294 2
82295 1
82296 0
82297 4
82298 4
82299 0
82300 1
82301 1
82302 6
82303 0
82304 3
82305 2
82306 0
82307 4
82308 2
82309 3
82310 3
82311 0
82312 2
82313 1
82314 2
82315 3
82316 3
82317 3
82318 2
82319 4
82320 2
82321 3
82322 5
82323 2
82324 5
82325 5
82326 1
82327 2
82328 3
82329 4
82330 4
82331 1
82332 0
82333 0
82334 1
82335 4
82336 1
82337 4
82338 0
82339 3
82340 1
82341 4
82342 1
82343 2
82344 1
82345 2
82346 2
82347 0
82348 5
82349 2
82350 4
82351 2
82352 1
82353 0
82354 2
82355 3
82356 0
82357 1
82358 4
82359 4
82360 0
82361 4
82362 4
82363 3
82364 4
82365 0
82366 3
82367 0
82368 0
82369 2
82370 2
82371 1
82372 2
82373 2
82374 2
82375 2
82376 1
82377 4
82378 0
82379 0
82380 4
82381 1
82382 1
82383 4
82384 4
82385 2
82386 1
82387 1
82388 4
82389 5
82390 0
82391 0
82392 3
82393 3
82394 3
82395 4
82396 2
82397 1
82398 3
82399 4
82400 2
82401 3
82402 4
82403 0
82404 1
82405 4
82406 1
82407 3
82408 0
82409 0
82410 2
82411 3
82412 2
82413 1
82414 5
82415 3
82416 0
82417 0
82418 2
82419 3
82420 0
82421 0
82422 1
82423 1
82424 3
82425 0
82426 2
82427 0
82428 2
82429 0
82430 2
82431 3
82432 4
82433 2
82434 1
82435 2
82436 2
82437 4
82438 4
82439 4
82440 5
82441 1
82442 5
82443 4
82444 3
82445 2
82446 3
82447 2
82448 1
82449 2
82450 4
82451 4
82452 2
82453 3
82454 4
82455 3
82456 4
82457 2
82458 1
82459 0
82460 0
82461 1
82462 3
82463 1
82464 1
82465 4
82466 4
82467 0
82468 5
82469 1
82470 2
82471 4
82472 0
82473 0
82474 3
82475 2
82476 3
82477 1
82478 4
82479 1
82480 3
82481 0
82482 1
82483 0
82484 0
82485 3
82486 1
82487 1
82488 0
82489 1
82490 1
82491 3
82492 4
82493 3
82494 2
82495 2
82496 2
82497 4
82498 3
82499 1
82500 3
82501 1
82502 3
82503 1
82504 5
82505 0
82506 3
82507 2
82508 1
82509 4
82510 2
82511 2
82512 2
82513 0
82514 3
82515 1
82516 2
82517 4
82518 4
82519 2
82520 2
82521 2
82522 3
82523 5
82524 1
82525 2
82526 3
82527 4
82528 2
82529 2
82530 1
82531 0
82532 3
82533 0
82534 6
82535 0
82536 3
82537 1
82538 3
82539 2
82540 3
82541 3
82542 2
82543 3
82544 1
82545 0
82546 4
82547 2
82548 1
82549 5
82550 2
82551 1
82552 2
82553 1
82554 3
82555 3
82556 0
82557 1
82558 1
82559 5
82560 0
82561 1
82562 0
82563 1
82564 5
82565 4
82566 2
82567 6
82568 3
82569 2
82570 2
82571 2
82572 2
82573 2
82574 0
82575 4
82576 4
82577 3
82578 0
82579 0
82580 2
82581 2
82582 3
82583 0
82584 1
82585 5
82586 0
82587 2
82588 3
82589 4
82590 0
82591 1
82592 1
82593 4
82594 1
82595 4
82596 3
82597 0
82598 2
82599 5
82600 2
82601 0
82602 0
82603 3
82604 0
82605 1
82606 0
82607 3
82608 0
82609 1
82610 0
82611 1
82612 3
82613 3
82614 0
82615 2
82616 0
82617 3
82618 3
82619 4
82620 2
82621 1
82622 2
82623 0
82624 3
82625 0
82626 4
82627 2
82628 5
82629 1
82630 4
82631 2
82632 1
82633 5
82634 4
82635 0
82636 0
82637 0
82638 2
82639 0
82640 2
82641 1
82642 2
82643 3
82644 0
82645 2
82646 4
82647 1
82648 2
82649 2
82650 3
82651 5
82652 2
82653 3
82654 4
82655 1
82656 0
82657 0
82658 1
82659 0
82660 3
82661 1
82662 2
82663 4
82664 3
82665 3
82666 1
82667 5
82668 2
82669 0
82670 2
82671 4
82672 2
82673 1
82674 0
82675 3
82676 0
82677 0
82678 5
82679 3
82680 4
82681 2
82682 1
82683 1
82684 1
82685 3
82686 4
82687 4
82688 2
82689 4
82690 1
82691 5
82692 0
82693 5
82694 3
82695 3
82696 3
82697 1
82698 2
82699 2
82700 5
82701 3
82702 5
82703 5
82704 0
82705 1
82706 2
82707 1
82708 2
82709 4
82710 3
82711 1
82712 3
82713 2
82714 4
82715 3
82716 3
82717 3
82718 3
82719 3
82720 1
82721 2
82722 4
82723 2
82724 5
82725 0
82726 4
82727 4
82728 4
82729 4
82730 1
82731 0
82732 3
82733 3
82734 1
82735 4
82736 1
82737 2
82738 4
82739 3
82740 1
82741 6
82742 2
82743 1
82744 5
82745 4
82746 4
82747 1
82748 5
82749 0
82750 1
82751 1
82752 1
82753 2
82754 2
82755 0
82756 2
82757 0
82758 4
82759 1
82760 5
82761 3
82762 6
82763 5
82764 3
82765 3
82766 3
82767 1
82768 0
82769 2
82770 1
82771 0
82772 3
82773 2
82774 0
82775 1
82776 4
82777 3
82778 2
82779 5
82780 0
82781 0
82782 0
82783 2
82784 2
82785 2
82786 2
82787 0
82788 0
82789 2
82790 1
82791 0
82792 1
82793 4
82794 2
82795 5
82796 0
82797 1
82798 4
82799 2
82800 0
82801 2
82802 0
82803 1
82804 5
82805 3
82806 2
82807 4
82808 2
82809 0
82810 0
82811 1
82812 3
82813 0
82814 2
82815 2
82816 0
82817 3
82818 0
82819 0
82820 4
82821 1
82822 5
82823 4
82824 1
82825 2
82826 4
82827 1
82828 4
82829 5
82830 2
82831 1
82832 4
82833 3
82834 2
82835 4
82836 0
82837 5
82838 0
82839 1
82840 1
82841 4
82842 0
82843 1
82844 0
82845 0
82846 2
82847 3
82848 2
82849 4
82850 0
82851 1
82852 3
82853 1
82854 4
82855 3
82856 1
82857 2
82858 5
82859 2
82860 2
82861 3
82862 1
82863 4
82864 0
82865 3
82866 5
82867 2
82868 0
82869 4
82870 4
82871 1
82872 1
82873 4
82874 1
82875 1
82876 2
82877 0
82878 5
82879 4
82880 1
82881 2
82882 5
82883 0
82884 4
82885 4
82886 4
82887 1
82888 1
82889 2
82890 1
82891 1
82892 2
82893 0
82894 1
82895 1
82896 0
82897 4
82898 1
82899 2
82900 4
82901 1
82902 1
82903 4
82904 1
82905 3
82906 4
82907 4
82908 1
82909 4
82910 0
82911 4
82912 1
82913 2
82914 0
82915 1
82916 0
82917 0
82918 4
82919 2
82920 2
82921 0
82922 2
82923 0
82924 4
82925 2
82926 0
82927 1
82928 1
82929 2
82930 0
82931 0
82932 1
82933 0
82934 0
82935 4
82936 0
82937 2
82938 4
82939 0
82940 2
82941 3
82942 1
82943 2
82944 5
82945 0
82946 2
82947 2
82948 2
82949 2
82950 5
82951 1
82952 1
82953 0
82954 4
82955 4
82956 1
82957 2
82958 2
82959 4
82960 5
82961 0
82962 0
82963 1
82964 1
82965 5
82966 4
82967 2
82968 3
82969 0
82970 1
82971 4
82972 2
82973 0
82974 2
82975 4
82976 2
82977 4
82978 1
82979 1
82980 2
82981 5
82982 1
82983 4
82984 2
82985 4
82986 0
82987 2
82988 0
82989 1
82990 0
82991 4
82992 0
82993 2
82994 3
82995 0
82996 5
82997 5
82998 3
82999 0
83000 4
83001 1
83002 5
83003 5
83004 2
83005 4
83006 0
83007 4
83008 4
83009 4
83010 2
83011 2
83012 2
83013 1
83014 1
83015 5
83016 1
83017 4
83018 0
83019 1
83020 3
83021 4
83022 3
83023 2
83024 4
83025 0
83026 1
83027 2
83028 3
83029 2
83030 2
83031 0
83032 3
83033 0
83034 3
83035 4
83036 3
83037 5
83038 3
83039 4
83040 5
83041 2
83042 1
83043 3
83044 4
83045 1
83046 3
83047 1
83048 2
83049 0
83050 4
83051 5
83052 1
83053 0
83054 1
83055 0
83056 5
83057 4
83058 3
83059 2
83060 0
83061 3
83062 1
83063 3
83064 0
83065 0
83066 0
83067 2
83068 3
83069 0
83070 0
83071 1
83072 2
83073 3
83074 1
83075 2
83076 3
83077 4
83078 4
83079 5
83080 2
83081 1
83082 1
83083 0
83084 4
83085 4
83086 3
83087 1
83088 0
83089 2
83090 3
83091 1
83092 5
83093 4
83094 0
83095 2
83096 3
83097 1
83098 3
83099 2
83100 1
83101 3
83102 1
83103 2
83104 5
83105 3
83106 4
83107 5
83108 4
83109 1
83110 1
83111 0
83112 1
83113 1
83114 2
83115 1
83116 0
83117 2
83118 3
83119 4
83120 4
83121 1
83122 0
83123 0
83124 3
83125 4
83126 2
83127 1
83128 1
83129 0
83130 4
83131 3
83132 1
83133 6
83134 1
83135 0
83136 2
83137 2
83138 1
83139 5
83140 2
83141 3
83142 1
83143 2
83144 4
83145 2
83146 4
83147 1
83148 3
83149 5
83150 1
83151 0
83152 3
83153 4
83154 0
83155 1
83156 0
83157 0
83158 2
83159 2
83160 2
83161 2
83162 1
83163 4
83164 2
83165 2
83166 0
83167 3
83168 3
83169 1
83170 0
83171 1
83172 1
83173 4
83174 0
83175 4
83176 0
83177 3
83178 4
83179 2
83180 1
83181 0
83182 1
83183 2
83184 0
83185 0
83186 1
83187 3
83188 1
83189 0
83190 3
83191 1
83192 3
83193 4
83194 0
83195 4
83196 2
83197 0
83198 2
83199 3
83200 3
83201 3
83202 0
83203 2
83204 2
83205 3
83206 4
83207 4
83208 3
83209 0
83210 2
83211 2
83212 0
83213 1
83214 2
83215 3
83216 1
83217 3
83218 4
83219 2
83220 4
83221 2
83222 3
83223 2
83224 3
83225 4
83226 4
83227 4
83228 3
83229 0
83230 3
83231 1
83232 0
83233 3
83234 4
83235 1
83236 1
83237 1
83238 3
83239 4
83240 0
83241 0
83242 1
83243 4
83244 2
83245 3
83246 2
83247 0
83248 5
83249 2
83250 3
83251 1
83252 1
83253 4
83254 0
83255 1
83256 2
83257 4
83258 4
83259 0
83260 5
83261 3
83262 4
83263 3
83264 4
83265 1
83266 4
83267 3
83268 2
83269 4
83270 0
83271 5
83272 4
83273 3
83274 3
83275 4
83276 2
83277 4
83278 4
83279 4
83280 3
83281 0
83282 4
83283 2
83284 0
83285 2
83286 0
83287 1
83288 0
83289 2
83290 4
83291 5
83292 2
83293 5
83294 1
83295 3
83296 5
83297 3
83298 3
83299 4
83300 0
83301 3
83302 2
83303 4
83304 5
83305 1
83306 2
83307 0
83308 4
83309 0
83310 1
83311 0
83312 0
83313 3
83314 3
83315 4
83316 3
83317 0
83318 2
83319 3
83320 3
83321 0
83322 5
83323 4
83324 4
83325 2
83326 2
83327 3
83328 2
83329 2
83330 0
83331 0
83332 2
83333 0
83334 5
83335 2
83336 4
83337 0
83338 1
83339 3
83340 2
83341 4
83342 2
83343 1
83344 3
83345 1
83346 4
83347 2
83348 1
83349 0
83350 4
83351 2
83352 1
83353 3
83354 2
83355 1
83356 0
83357 0
83358 2
83359 3
83360 3
83361 3
83362 1
83363 0
83364 0
83365 4
83366 3
83367 1
83368 5
83369 4
83370 0
83371 2
83372 5
83373 5
83374 5
83375 3
83376 3
83377 2
83378 0
83379 3
83380 0
83381 3
83382 1
83383 1
83384 4
83385 1
83386 0
83387 2
83388 3
83389 3
83390 3
83391 1
83392 0
83393 2
83394 1
83395 4
83396 0
83397 4
83398 4
83399 1
83400 3
83401 3
83402 2
83403 4
83404 1
83405 5
83406 0
83407 5
83408 1
83409 0
83410 3
83411 5
83412 2
83413 0
83414 4
83415 1
83416 4
83417 2
83418 1
83419 1
83420 0
83421 5
83422 0
83423 0
83424 0
83425 2
83426 3
83427 0
83428 1
83429 2
83430 4
83431 2
83432 3
83433 3
83434 0
83435 3
83436 3
83437 2
83438 4
83439 4
83440 2
83441 1
83442 3
83443 1
83444 2
83445 3
83446 1
83447 1
83448 2
83449 0
83450 0
83451 2
83452 1
83453 0
83454 5
83455 3
83456 3
83457 3
83458 2
83459 1
83460 2
83461 3
83462 3
83463 3
83464 5
83465 4
83466 3
83467 2
83468 5
83469 4
83470 0
83471 6
83472 1
83473 1
83474 5
83475 1
83476 4
83477 0
83478 2
83479 0
83480 1
83481 4
83482 0
83483 1
83484 2
83485 4
83486 3
83487 4
83488 1
83489 2
83490 3
83491 0
83492 5
83493 2
83494 4
83495 0
83496 2
83497 0
83498 0
83499 3
83500 2
83501 0
83502 1
83503 4
83504 1
83505 6
83506 0
83507 3
83508 1
83509 1
83510 1
83511 2
83512 1
83513 2
83514 4
83515 3
83516 0
83517 5
83518 0
83519 4
83520 3
83521 2
83522 3
83523 4
83524 4
83525 4
83526 3
83527 4
83528 2
83529 5
83530 0
83531 2
83532 2
83533 1
83534 1
83535 1
83536 2
83537 2
83538 2
83539 4
83540 2
83541 4
83542 3
83543 1
83544 0
83545 4
83546 2
83547 3
83548 3
83549 2
83550 3
83551 4
83552 0
83553 4
83554 2
83555 2
83556 4
83557 4
83558 2
83559 1
83560 1
83561 0
83562 4
83563 3
83564 1
83565 4
83566 2
83567 3
83568 3
83569 1
83570 0
83571 5
83572 4
83573 0
83574 2
83575 4
83576 0
83577 0
83578 5
83579 2
83580 3
83581 1
83582 4
83583 0
83584 0
83585 5
83586 0
83587 2
83588 1
83589 1
83590 1
83591 4
83592 3
83593 4
83594 0
83595 0
83596 1
83597 5
83598 1
83599 1
83600 2
83601 1
83602 2
83603 0
83604 1
83605 1
83606 0
83607 1
83608 2
83609 0
83610 0
83611 0
83612 1
83613 3
83614 5
83615 0
83616 2
83617 0
83618 1
83619 1
83620 2
83621 0
83622 3
83623 3
83624 1
83625 4
83626 5
83627 2
83628 4
83629 1
83630 4
83631 1
83632 4
83633 1
83634 2
83635 4
83636 3
83637 2
83638 2
83639 5
83640 3
83641 2
83642 2
83643 2
83644 3
83645 3
83646 0
83647 0
83648 0
83649 4
83650 3
83651 5
83652 3
83653 0
83654 6
83655 1
83656 0
83657 0
83658 2
83659 1
83660 0
83661 2
83662 3
83663 5
83664 4
83665 2
83666 3
83667 5
83668 4
83669 1
83670 3
83671 2
83672 3
83673 5
83674 0
83675 1
83676 0
83677 0
83678 1
83679 2
83680 3
83681 4
83682 0
83683 0
83684 2
83685 1
83686 1
83687 5
83688 4
83689 2
83690 3
83691 3
83692 1
83693 1
83694 0
83695 3
83696 4
83697 0
83698 3
83699 4
83700 0
83701 2
83702 0
83703 2
83704 3
83705 4
83706 1
83707 4
83708 2
83709 0
83710 3
83711 1
83712 0
83713 4
83714 3
83715 0
83716 3
83717 0
83718 3
83719 1
83720 2
83721 3
83722 3
83723 2
83724 2
83725 3
83726 4
83727 2
83728 4
83729 3
83730 1
83731 3
83732 1
83733 3
83734 4
83735 4
83736 2
83737 3
83738 4
83739 1
83740 2
83741 4
83742 4
83743 3
83744 4
83745 1
83746 1
83747 4
83748 4
83749 0
83750 0
83751 4
83752 0
83753 1
83754 2
83755 0
83756 0
83757 2
83758 5
83759 2
83760 0
83761 5
83762 2
83763 4
83764 2
83765 1
83766 3
83767 3
83768 4
83769 1
83770 3
83771 3
83772 1
83773 1
83774 0
83775 4
83776 1
83777 3
83778 2
83779 3
83780 2
83781 2
83782 0
83783 0
83784 0
83785 0
83786 5
83787 4
83788 3
83789 5
83790 3
83791 3
83792 2
83793 3
83794 4
83795 1
83796 0
83797 2
83798 4
83799 4
83800 0
83801 2
83802 3
83803 4
83804 2
83805 1
83806 0
83807 1
83808 3
83809 2
83810 3
83811 4
83812 3
83813 5
83814 3
83815 2
83816 0
83817 1
83818 4
83819 0
83820 5
83821 2
83822 1
83823 3
83824 2
83825 0
83826 3
83827 0
83828 2
83829 2
83830 2
83831 4
83832 0
83833 0
83834 0
83835 2
83836 2
83837 3
83838 2
83839 3
83840 3
83841 4
83842 1
83843 0
83844 4
83845 3
83846 5
83847 0
83848 4
83849 4
83850 4
83851 0
83852 1
83853 3
83854 2
83855 3
83856 5
83857 3
83858 5
83859 4
83860 0
83861 1
83862 0
83863 5
83864 0
83865 0
83866 4
83867 2
83868 0
83869 4
83870 3
83871 4
83872 0
83873 3
83874 1
83875 4
83876 4
83877 1
83878 0
83879 0
83880 1
83881 1
83882 2
83883 4
83884 0
83885 0
83886 1
83887 0
83888 1
83889 1
83890 1
83891 0
83892 0
83893 2
83894 0
83895 3
83896 4
83897 1
83898 2
83899 0
83900 1
83901 0
83902 0
83903 0
83904 1
83905 2
83906 5
83907 3
83908 2
83909 3
83910 3
83911 3
83912 0
83913 0
83914 2
83915 1
83916 3
83917 1
83918 1
83919 4
83920 3
83921 4
83922 0
83923 3
83924 0
83925 0
83926 1
83927 3
83928 0
83929 3
83930 4
83931 3
83932 0
83933 2
83934 2
83935 1
83936 4
83937 2
83938 0
83939 1
83940 1
83941 0
83942 2
83943 6
83944 5
83945 1
83946 4
83947 1
83948 2
83949 4
83950 0
83951 1
83952 1
83953 3
83954 5
83955 4
83956 4
83957 5
83958 1
83959 1
83960 1
83961 1
83962 2
83963 1
83964 1
83965 4
83966 0
83967 3
83968 1
83969 2
83970 4
83971 2
83972 3
83973 5
83974 4
83975 2
83976 1
83977 1
83978 3
83979 1
83980 1
83981 3
83982 3
83983 1
83984 4
83985 4
83986 3
83987 3
83988 2
83989 5
83990 1
83991 1
83992 3
83993 3
83994 2
83995 2
83996 1
83997 3
83998 1
83999 0
84000 2
84001 3
84002 1
84003 2
84004 4
84005 2
84006 3
84007 0
84008 3
84009 1
84010 1
84011 2
84012 3
84013 0
84014 2
84015 4
84016 0
84017 0
84018 1
84019 5
84020 0
84021 2
84022 5
84023 1
84024 4
84025 2
84026 2
84027 1
84028 4
84029 4
84030 2
84031 5
84032 2
84033 3
84034 4
84035 1
84036 1
84037 0
84038 5
84039 3
84040 4
84041 3
84042 1
84043 4
84044 5
84045 2
84046 1
84047 2
84048 4
84049 5
84050 2
84051 2
84052 3
84053 3
84054 3
84055 4
84056 0
84057 5
84058 4
84059 5
84060 2
84061 4
84062 0
84063 3
84064 1
84065 1
84066 0
84067 4
84068 5
84069 0
84070 1
84071 0
84072 0
84073 4
84074 3
84075 1
84076 0
84077 4
84078 2
84079 4
84080 5
84081 4
84082 1
84083 5
84084 3
84085 1
84086 0
84087 0
84088 2
84089 1
84090 2
84091 3
84092 1
84093 1
84094 1
84095 2
84096 3
84097 4
84098 2
84099 1
84100 3
84101 3
84102 2
84103 4
84104 5
84105 4
84106 3
84107 2
84108 2
84109 1
84110 2
84111 3
84112 2
84113 5
84114 1
84115 4
84116 3
84117 3
84118 5
84119 2
84120 4
84121 3
84122 3
84123 5
84124 2
84125 4
84126 4
84127 4
84128 4
84129 1
84130 2
84131 2
84132 0
84133 4
84134 3
84135 3
84136 3
84137 1
84138 0
84139 0
84140 0
84141 5
84142 0
84143 0
84144 2
84145 3
84146 1
84147 0
84148 4
84149 5
84150 3
84151 0
84152 0
84153 4
84154 0
84155 2
84156 4
84157 0
84158 1
84159 0
84160 3
84161 0
84162 5
84163 1
84164 2
84165 3
84166 3
84167 4
84168 2
84169 1
84170 3
84171 1
84172 3
84173 0
84174 4
84175 4
84176 1
84177 0
84178 1
84179 1
84180 0
84181 0
84182 2
84183 2
84184 0
84185 0
84186 1
84187 0
84188 3
84189 2
84190 2
84191 1
84192 1
84193 3
84194 1
84195 3
84196 4
84197 2
84198 4
84199 0
84200 5
84201 2
84202 4
84203 3
84204 2
84205 3
84206 4
84207 0
84208 1
84209 4
84210 1
84211 1
84212 1
84213 0
84214 0
84215 1
84216 3
84217 2
84218 0
84219 4
84220 4
84221 1
84222 0
84223 1
84224 2
84225 1
84226 3
84227 4
84228 0
84229 0
84230 4
84231 2
84232 5
84233 4
84234 1
84235 3
84236 4
84237 5
84238 0
84239 3
84240 3
84241 1
84242 1
84243 3
84244 2
84245 1
84246 0
84247 3
84248 1
84249 1
84250 4
84251 0
84252 2
84253 4
84254 3
84255 0
84256 4
84257 3
84258 3
84259 2
84260 2
84261 0
84262 4
84263 2
84264 5
84265 1
84266 1
84267 0
84268 2
84269 4
84270 3
84271 1
84272 1
84273 0
84274 3
84275 4
84276 2
84277 1
84278 3
84279 0
84280 3
84281 4
84282 2
84283 0
84284 2
84285 3
84286 3
84287 3
84288 1
84289 3
84290 5
84291 4
84292 2
84293 3
84294 5
84295 1
84296 3
84297 3
84298 2
84299 5
84300 4
84301 2
84302 0
84303 3
84304 2
84305 2
84306 1
84307 3
84308 3
84309 4
84310 1
84311 1
84312 3
84313 5
84314 1
84315 4
84316 0
84317 4
84318 2
84319 2
84320 0
84321 3
84322 2
84323 4
84324 2
84325 1
84326 1
84327 3
84328 6
84329 2
84330 3
84331 2
84332 2
84333 5
84334 0
84335 1
84336 0
84337 0
84338 2
84339 2
84340 1
84341 3
84342 2
84343 0
84344 1
84345 1
84346 0
84347 3
84348 0
84349 0
84350 4
84351 2
84352 2
84353 3
84354 1
84355 3
84356 1
84357 1
84358 0
84359 3
84360 1
84361 0
84362 3
84363 0
84364 2
84365 2
84366 4
84367 1
84368 3
84369 1
84370 0
84371 4
84372 0
84373 1
84374 2
84375 0
84376 4
84377 0
84378 0
84379 3
84380 1
84381 2
84382 1
84383 1
84384 3
84385 3
84386 3
84387 5
84388 2
84389 3
84390 6
84391 3
84392 3
84393 0
84394 0
84395 2
84396 0
84397 1
84398 1
84399 0
84400 5
84401 1
84402 4
84403 1
84404 2
84405 3
84406 6
84407 4
84408 2
84409 4
84410 5
84411 1
84412 1
84413 0
84414 4
84415 5
84416 2
84417 3
84418 2
84419 2
84420 3
84421 5
84422 4
84423 5
84424 2
84425 5
84426 3
84427 0
84428 0
84429 5
84430 0
84431 0
84432 1
84433 1
84434 4
84435 4
84436 2
84437 0
84438 3
84439 4
84440 3
84441 2
84442 1
84443 2
84444 0
84445 2
84446 3
84447 3
84448 2
84449 0
84450 1
84451 5
84452 4
84453 3
84454 0
84455 4
84456 4
84457 5
84458 3
84459 3
84460 1
84461 1
84462 0
84463 1
84464 2
84465 4
84466 2
84467 3
84468 3
84469 3
84470 4
84471 4
84472 4
84473 1
84474 4
84475 3
84476 3
84477 5
84478 2
84479 4
84480 4
84481 3
84482 2
84483 0
84484 3
84485 0
84486 0
84487 2
84488 0
84489 2
84490 3
84491 3
84492 1
84493 1
84494 1
84495 2
84496 4
84497 1
84498 3
84499 4
84500 4
84501 1
84502 0
84503 0
84504 0
84505 0
84506 4
84507 0
84508 1
84509 1
84510 0
84511 4
84512 0
84513 0
84514 1
84515 0
84516 0
84517 3
84518 3
84519 2
84520 1
84521 0
84522 3
84523 2
84524 2
84525 5
84526 4
84527 4
84528 0
84529 2
84530 0
84531 3
84532 4
84533 3
84534 0
84535 0
84536 3
84537 3
84538 1
84539 3
84540 0
84541 0
84542 4
84543 0
84544 0
84545 0
84546 1
84547 0
84548 1
84549 3
84550 2
84551 0
84552 2
84553 0
84554 2
84555 3
84556 3
84557 2
84558 2
84559 2
84560 2
84561 2
84562 3
84563 1
84564 0
84565 1
84566 3
84567 5
84568 2
84569 2
84570 3
84571 3
84572 3
84573 2
84574 2
84575 1
84576 2
84577 2
84578 4
84579 4
84580 3
84581 2
84582 2
84583 0
84584 2
84585 2
84586 1
84587 4
84588 4
84589 2
84590 3
84591 1
84592 1
84593 2
84594 3
84595 0
84596 1
84597 0
84598 4
84599 0
84600 0
84601 1
84602 4
84603 2
84604 5
84605 0
84606 2
84607 4
84608 5
84609 0
84610 2
84611 1
84612 2
84613 3
84614 0
84615 3
84616 0
84617 4
84618 4
84619 2
84620 2
84621 2
84622 1
84623 2
84624 1
84625 2
84626 1
84627 2
84628 4
84629 3
84630 2
84631 5
84632 0
84633 1
84634 0
84635 2
84636 3
84637 4
84638 2
84639 1
84640 0
84641 5
84642 0
84643 2
84644 1
84645 0
84646 3
84647 4
84648 5
84649 0
84650 2
84651 1
84652 3
84653 1
84654 4
84655 5
84656 0
84657 1
84658 3
84659 4
84660 2
84661 2
84662 0
84663 2
84664 0
84665 2
84666 4
84667 2
84668 1
84669 5
84670 0
84671 1
84672 2
84673 2
84674 0
84675 2
84676 5
84677 4
84678 2
84679 3
84680 2
84681 0
84682 2
84683 3
84684 0
84685 1
84686 2
84687 2
84688 0
84689 0
84690 5
84691 4
84692 1
84693 1
84694 0
84695 3
84696 2
84697 3
84698 3
84699 0
84700 2
84701 4
84702 3
84703 0
84704 0
84705 4
84706 2
84707 4
84708 5
84709 3
84710 0
84711 2
84712 1
84713 4
84714 1
84715 1
84716 3
84717 3
84718 5
84719 1
84720 4
84721 1
84722 1
84723 0
84724 2
84725 0
84726 1
84727 3
84728 0
84729 0
84730 4
84731 2
84732 1
84733 2
84734 4
84735 0
84736 2
84737 3
84738 2
84739 3
84740 2
84741 0
84742 1
84743 1
84744 2
84745 2
84746 1
84747 5
84748 3
84749 1
84750 2
84751 2
84752 0
84753 5
84754 1
84755 0
84756 3
84757 3
84758 2
84759 3
84760 2
84761 0
84762 2
84763 0
84764 1
84765 2
84766 0
84767 1
84768 0
84769 0
84770 1
84771 2
84772 1
84773 2
84774 3
84775 2
84776 2
84777 4
84778 3
84779 1
84780 2
84781 3
84782 2
84783 5
84784 1
84785 4
84786 1
84787 3
84788 2
84789 1
84790 5
84791 3
84792 4
84793 1
84794 2
84795 5
84796 1
84797 4
84798 2
84799 2
84800 5
84801 1
84802 4
84803 3
84804 4
84805 1
84806 5
84807 0
84808 2
84809 5
84810 3
84811 2
84812 3
84813 1
84814 0
84815 4
84816 2
84817 2
84818 2
84819 3
84820 5
84821 2
84822 1
84823 3
84824 3
84825 3
84826 3
84827 4
84828 4
84829 3
84830 4
84831 3
84832 0
84833 1
84834 2
84835 4
84836 1
84837 1
84838 4
84839 1
84840 4
84841 1
84842 5
84843 4
84844 4
84845 2
84846 3
84847 3
84848 5
84849 1
84850 3
84851 2
84852 4
84853 2
84854 4
84855 2
84856 3
84857 1
84858 2
84859 2
84860 2
84861 0
84862 3
84863 0
84864 0
84865 4
84866 2
84867 0
84868 5
84869 3
84870 1
84871 2
84872 0
84873 3
84874 5
84875 2
84876 1
84877 3
84878 1
84879 3
84880 0
84881 4
84882 0
84883 0
84884 4
84885 3
84886 1
84887 0
84888 4
84889 2
84890 2
84891 0
84892 2
84893 5
84894 6
84895 2
84896 1
84897 1
84898 3
84899 0
84900 1
84901 0
84902 3
84903 4
84904 2
84905 1
84906 2
84907 5
84908 1
84909 5
84910 0
84911 1
84912 0
84913 2
84914 3
84915 2
84916 0
84917 0
84918 2
84919 4
84920 4
84921 3
84922 1
84923 0
84924 1
84925 2
84926 0
84927 1
84928 3
84929 1
84930 3
84931 1
84932 5
84933 5
84934 1
84935 0
84936 2
84937 3
84938 3
84939 3
84940 0
84941 4
84942 0
84943 0
84944 3
84945 4
84946 2
84947 1
84948 0
84949 0
84950 2
84951 4
84952 5
84953 2
84954 0
84955 5
84956 1
84957 4
84958 5
84959 1
84960 1
84961 1
84962 1
84963 0
84964 2
84965 0
84966 2
84967 2
84968 2
84969 5
84970 2
84971 3
84972 4
84973 0
84974 1
84975 2
84976 4
84977 4
84978 5
84979 2
84980 1
84981 0
84982 0
84983 0
84984 0
84985 0
84986 2
84987 3
84988 1
84989 1
84990 2
84991 3
84992 4
84993 0
84994 0
84995 2
84996 1
84997 2
84998 4
84999 4
85000 3
85001 0
85002 2
85003 0
85004 3
85005 0
85006 1
85007 1
85008 1
85009 3
85010 1
85011 0
85012 2
85013 2
85014 3
85015 4
85016 1
85017 3
85018 3
85019 3
85020 0
85021 1
85022 2
85023 4
85024 3
85025 1
85026 0
85027 0
85028 3
85029 1
85030 5
85031 1
85032 1
85033 0
85034 0
85035 2
85036 4
85037 0
85038 3
85039 2
85040 1
85041 1
85042 3
85043 2
85044 0
85045 0
85046 3
85047 5
85048 0
85049 5
85050 0
85051 3
85052 2
85053 0
85054 2
85055 3
85056 4
85057 4
85058 2
85059 2
85060 2
85061 1
85062 1
85063 2
85064 0
85065 1
85066 5
85067 4
85068 2
85069 4
85070 1
85071 3
85072 4
85073 3
85074 2
85075 1
85076 6
85077 5
85078 4
85079 0
85080 0
85081 4
85082 4
85083 2
85084 2
85085 3
85086 1
85087 1
85088 3
85089 4
85090 4
85091 2
85092 0
85093 4
85094 3
85095 2
85096 3
85097 4
85098 4
85099 1
85100 2
85101 3
85102 5
85103 4
85104 2
85105 1
85106 3
85107 0
85108 1
85109 5
85110 6
85111 0
85112 4
85113 0
85114 1
85115 0
85116 0
85117 3
85118 0
85119 3
85120 1
85121 2
85122 0
85123 3
85124 3
85125 2
85126 3
85127 0
85128 4
85129 0
85130 2
85131 3
85132 3
85133 3
85134 2
85135 3
85136 1
85137 5
85138 1
85139 0
85140 2
85141 1
85142 2
85143 2
85144 1
85145 2
85146 3
85147 2
85148 2
85149 2
85150 1
85151 2
85152 3
85153 1
85154 3
85155 3
85156 3
85157 1
85158 0
85159 3
85160 3
85161 3
85162 1
85163 1
85164 3
85165 1
85166 2
85167 1
85168 1
85169 4
85170 5
85171 2
85172 3
85173 1
85174 0
85175 0
85176 5
85177 2
85178 5
85179 2
85180 2
85181 5
85182 1
85183 6
85184 2
85185 3
85186 4
85187 2
85188 4
85189 1
85190 0
85191 1
85192 4
85193 2
85194 1
85195 1
85196 2
85197 0
85198 1
85199 3
85200 2
85201 3
85202 2
85203 0
85204 0
85205 1
85206 0
85207 2
85208 0
85209 4
85210 5
85211 0
85212 1
85213 0
85214 5
85215 4
85216 4
85217 2
85218 1
85219 4
85220 0
85221 1
85222 3
85223 1
85224 0
85225 1
85226 0
85227 0
85228 1
85229 4
85230 4
85231 1
85232 2
85233 3
85234 1
85235 3
85236 2
85237 0
85238 3
85239 3
85240 1
85241 2
85242 3
85243 3
85244 1
85245 2
85246 5
85247 4
85248 2
85249 0
85250 1
85251 0
85252 0
85253 0
85254 1
85255 2
85256 3
85257 4
85258 0
85259 0
85260 2
85261 3
85262 1
85263 1
85264 1
85265 5
85266 2
85267 3
85268 2
85269 3
85270 1
85271 2
85272 1
85273 3
85274 3
85275 3
85276 1
85277 0
85278 2
85279 0
85280 1
85281 0
85282 2
85283 4
85284 1
85285 0
85286 2
85287 2
85288 3
85289 1
85290 0
85291 3
85292 2
85293 3
85294 1
85295 3
85296 0
85297 2
85298 1
85299 4
85300 3
85301 2
85302 6
85303 2
85304 3
85305 3
85306 2
85307 2
85308 4
85309 0
85310 0
85311 0
85312 1
85313 5
85314 0
85315 4
85316 5
85317 0
85318 2
85319 2
85320 4
85321 2
85322 0
85323 1
85324 4
85325 3
85326 2
85327 3
85328 3
85329 4
85330 2
85331 0
85332 4
85333 2
85334 0
85335 3
85336 2
85337 4
85338 3
85339 3
85340 2
85341 2
85342 1
85343 2
85344 0
85345 0
85346 1
85347 1
85348 1
85349 4
85350 0
85351 2
85352 4
85353 1
85354 2
85355 0
85356 4
85357 4
85358 2
85359 3
85360 3
85361 1
85362 3
85363 1
85364 4
85365 0
85366 4
85367 1
85368 3
85369 1
85370 4
85371 3
85372 0
85373 1
85374 2
85375 0
85376 2
85377 3
85378 1
85379 0
85380 2
85381 1
85382 1
85383 2
85384 3
85385 2
85386 0
85387 5
85388 3
85389 0
85390 3
85391 3
85392 3
85393 2
85394 0
85395 1
85396 3
85397 2
85398 4
85399 3
85400 4
85401 5
85402 4
85403 1
85404 1
85405 3
85406 4
85407 4
85408 2
85409 2
85410 2
85411 3
85412 5
85413 1
85414 0
85415 5
85416 3
85417 1
85418 4
85419 4
85420 1
85421 3
85422 4
85423 3
85424 3
85425 6
85426 3
85427 1
85428 0
85429 4
85430 3
85431 3
85432 3
85433 0
85434 3
85435 1
85436 3
85437 2
85438 2
85439 0
85440 2
85441 1
85442 4
85443 3
85444 2
85445 4
85446 5
85447 4
85448 0
85449 1
85450 1
85451 2
85452 5
85453 4
85454 3
85455 2
85456 2
85457 5
85458 3
85459 2
85460 2
85461 1
85462 1
85463 0
85464 3
85465 2
85466 3
85467 2
85468 0
85469 3
85470 4
85471 0
85472 2
85473 1
85474 5
85475 2
85476 3
85477 3
85478 0
85479 0
85480 4
85481 4
85482 3
85483 4
85484 1
85485 2
85486 0
85487 2
85488 2
85489 1
85490 3
85491 2
85492 3
85493 3
85494 3
85495 3
85496 2
85497 2
85498 3
85499 2
85500 1
85501 3
85502 4
85503 3
85504 1
85505 1
85506 1
85507 2
85508 2
85509 2
85510 1
85511 3
85512 0
85513 0
85514 2
85515 3
85516 2
85517 5
85518 4
85519 3
85520 1
85521 4
85522 3
85523 0
85524 4
85525 0
85526 4
85527 4
85528 2
85529 3
85530 3
85531 0
85532 4
85533 0
85534 0
85535 3
85536 5
85537 2
85538 2
85539 0
85540 1
85541 3
85542 3
85543 2
85544 3
85545 0
85546 1
85547 1
85548 5
85549 4
85550 1
85551 0
85552 0
85553 5
85554 0
85555 2
85556 1
85557 3
85558 0
85559 0
85560 0
85561 2
85562 3
85563 4
85564 1
85565 0
85566 0
85567 0
85568 5
85569 3
85570 6
85571 2
85572 4
85573 3
85574 1
85575 1
85576 2
85577 2
85578 3
85579 4
85580 4
85581 1
85582 1
85583 0
85584 1
85585 0
85586 1
85587 2
85588 3
85589 1
85590 1
85591 3
85592 1
85593 3
85594 5
85595 0
85596 0
85597 3
85598 0
85599 0
85600 5
85601 1
85602 5
85603 0
85604 2
85605 1
85606 4
85607 4
85608 0
85609 2
85610 0
85611 1
85612 4
85613 1
85614 3
85615 1
85616 1
85617 0
85618 1
85619 3
85620 4
85621 1
85622 2
85623 1
85624 0
85625 1
85626 0
85627 1
85628 5
85629 2
85630 3
85631 2
85632 2
85633 2
85634 4
85635 0
85636 1
85637 2
85638 1
85639 2
85640 1
85641 2
85642 2
85643 0
85644 3
85645 4
85646 3
85647 0
85648 0
85649 0
85650 4
85651 3
85652 3
85653 2
85654 1
85655 2
85656 3
85657 4
85658 3
85659 4
85660 3
85661 4
85662 4
85663 0
85664 1
85665 1
85666 0
85667 5
85668 1
85669 0
85670 1
85671 1
85672 2
85673 1
85674 1
85675 0
85676 3
85677 3
85678 4
85679 2
85680 4
85681 1
85682 1
85683 0
85684 1
85685 3
85686 2
85687 3
85688 0
85689 1
85690 0
85691 3
85692 4
85693 2
85694 0
85695 2
85696 0
85697 0
85698 1
85699 0
85700 2
85701 3
85702 4
85703 1
85704 2
85705 4
85706 1
85707 3
85708 1
85709 4
85710 5
85711 3
85712 1
85713 1
85714 3
85715 2
85716 1
85717 1
85718 0
85719 1
85720 4
85721 0
85722 3
85723 2
85724 4
85725 5
85726 1
85727 5
85728 3
85729 4
85730 2
85731 4
85732 5
85733 2
85734 1
85735 4
85736 1
85737 2
85738 0
85739 2
85740 4
85741 2
85742 3
85743 2
85744 2
85745 1
85746 3
85747 3
85748 2
85749 4
85750 0
85751 0
85752 3
85753 4
85754 1
85755 3
85756 4
85757 0
85758 0
85759 1
85760 2
85761 4
85762 2
85763 0
85764 0
85765 1
85766 2
85767 2
85768 0
85769 2
85770 1
85771 0
85772 0
85773 0
85774 2
85775 5
85776 3
85777 0
85778 4
85779 3
85780 1
85781 0
85782 0
85783 2
85784 0
85785 5
85786 0
85787 2
85788 0
85789 0
85790 0
85791 2
85792 1
85793 3
85794 3
85795 1
85796 2
85797 0
85798 0
85799 3
85800 2
85801 3
85802 5
85803 2
85804 2
85805 4
85806 3
85807 0
85808 5
85809 0
85810 2
85811 3
85812 2
85813 2
85814 3
85815 0
85816 2
85817 4
85818 2
85819 5
85820 1
85821 2
85822 2
85823 3
85824 0
85825 0
85826 5
85827 2
85828 4
85829 3
85830 1
85831 6
85832 1
85833 0
85834 0
85835 1
85836 0
85837 0
85838 2
85839 2
85840 1
85841 2
85842 4
85843 5
85844 0
85845 2
85846 0
85847 3
85848 1
85849 2
85850 0
85851 3
85852 2
85853 0
85854 5
85855 4
85856 0
85857 4
85858 5
85859 2
85860 3
85861 2
85862 3
85863 4
85864 3
85865 4
85866 1
85867 3
85868 0
85869 1
85870 0
85871 4
85872 5
85873 1
85874 0
85875 4
85876 0
85877 1
85878 4
85879 4
85880 0
85881 0
85882 5
85883 4
85884 3
85885 2
85886 2
85887 0
85888 3
85889 0
85890 2
85891 0
85892 4
85893 4
85894 3
85895 4
85896 2
85897 2
85898 1
85899 2
85900 4
85901 3
85902 0
85903 2
85904 3
85905 4
85906 5
85907 4
85908 2
85909 3
85910 0
85911 2
85912 2
85913 1
85914 3
85915 1
85916 0
85917 1
85918 3
85919 0
85920 1
85921 4
85922 1
85923 3
85924 1
85925 5
85926 2
85927 2
85928 2
85929 1
85930 0
85931 1
85932 4
85933 3
85934 4
85935 4
85936 1
85937 1
85938 2
85939 3
85940 3
85941 2
85942 2
85943 0
85944 0
85945 0
85946 2
85947 4
85948 2
85949 0
85950 1
85951 2
85952 2
85953 4
85954 0
85955 0
85956 0
85957 0
85958 4
85959 3
85960 2
85961 2
85962 1
85963 3
85964 3
85965 3
85966 1
85967 3
85968 0
85969 2
85970 1
85971 1
85972 5
85973 0
85974 2
85975 5
85976 4
85977 3
85978 1
85979 5
85980 4
85981 1
85982 4
85983 0
85984 2
85985 2
85986 2
85987 1
85988 4
85989 5
85990 3
85991 1
85992 2
85993 1
85994 3
85995 3
85996 2
85997 2
85998 3
85999 1
86000 1
86001 2
86002 4
86003 5
86004 0
86005 4
86006 4
86007 4
86008 2
86009 5
86010 2
86011 1
86012 0
86013 0
86014 5
86015 4
86016 3
86017 3
86018 5
86019 2
86020 3
86021 2
86022 4
86023 4
86024 3
86025 0
86026 5
86027 4
86028 2
86029 3
86030 2
86031 1
86032 2
86033 4
86034 3
86035 1
86036 2
86037 4
86038 0
86039 4
86040 1
86041 3
86042 4
86043 4
86044 2
86045 1
86046 3
86047 3
86048 3
86049 5
86050 1
86051 4
86052 2
86053 0
86054 1
86055 1
86056 1
86057 5
86058 0
86059 0
86060 0
86061 2
86062 1
86063 0
86064 0
86065 2
86066 2
86067 2
86068 2
86069 4
86070 1
86071 0
86072 4
86073 0
86074 4
86075 2
86076 4
86077 4
86078 2
86079 0
86080 1
86081 2
86082 1
86083 0
86084 4
86085 2
86086 4
86087 4
86088 0
86089 1
86090 3
86091 4
86092 1
86093 3
86094 2
86095 4
86096 4
86097 3
86098 3
86099 0
86100 4
86101 2
86102 1
86103 0
86104 2
86105 4
86106 4
86107 2
86108 2
86109 0
86110 4
86111 5
86112 1
86113 0
86114 4
86115 1
86116 4
86117 4
86118 0
86119 2
86120 3
86121 1
86122 0
86123 0
86124 0
86125 1
86126 1
86127 0
86128 1
86129 2
86130 3
86131 1
86132 2
86133 3
86134 3
86135 0
86136 4
86137 1
86138 1
86139 2
86140 1
86141 2
86142 0
86143 4
86144 2
86145 1
86146 0
86147 1
86148 0
86149 3
86150 0
86151 3
86152 0
86153 0
86154 1
86155 6
86156 0
86157 0
86158 1
86159 4
86160 2
86161 3
86162 2
86163 4
86164 1
86165 2
86166 4
86167 4
86168 2
86169 3
86170 3
86171 4
86172 3
86173 4
86174 1
86175 3
86176 0
86177 4
86178 1
86179 3
86180 0
86181 4
86182 4
86183 1
86184 4
86185 2
86186 2
86187 1
86188 1
86189 3
86190 4
86191 1
86192 0
86193 1
86194 0
86195 0
86196 1
86197 0
86198 0
86199 3
86200 4
86201 2
86202 1
86203 0
86204 5
86205 4
86206 3
86207 3
86208 0
86209 4
86210 5
86211 3
86212 3
86213 3
86214 4
86215 3
86216 2
86217 3
86218 3
86219 3
86220 3
86221 5
86222 0
86223 1
86224 2
86225 4
86226 1
86227 3
86228 2
86229 1
86230 0
86231 4
86232 3
86233 0
86234 0
86235 4
86236 4
86237 2
86238 0
86239 0
86240 3
86241 0
86242 5
86243 1
86244 2
86245 3
86246 1
86247 2
86248 1
86249 0
86250 1
86251 1
86252 2
86253 1
86254 4
86255 0
86256 5
86257 1
86258 2
86259 3
86260 0
86261 2
86262 3
86263 0
86264 2
86265 3
86266 0
86267 2
86268 4
86269 3
86270 0
86271 0
86272 1
86273 3
86274 1
86275 0
86276 0
86277 2
86278 2
86279 0
86280 0
86281 0
86282 2
86283 4
86284 5
86285 3
86286 3
86287 2
86288 2
86289 2
86290 0
86291 3
86292 3
86293 2
86294 5
86295 2
86296 2
86297 4
86298 2
86299 1
86300 4
86301 2
86302 4
86303 0
86304 2
86305 3
86306 4
86307 5
86308 0
86309 1
86310 0
86311 3
86312 2
86313 4
86314 0
86315 0
86316 0
86317 5
86318 4
86319 1
86320 1
86321 3
86322 1
86323 4
86324 1
86325 3
86326 0
86327 0
86328 0
86329 1
86330 4
86331 1
86332 2
86333 0
86334 2
86335 0
86336 0
86337 4
86338 4
86339 2
86340 3
86341 0
86342 0
86343 2
86344 2
86345 2
86346 0
86347 2
86348 0
86349 1
86350 1
86351 1
86352 0
86353 1
86354 3
86355 5
86356 1
86357 1
86358 1
86359 5
86360 4
86361 2
86362 2
86363 1
86364 3
86365 1
86366 2
86367 1
86368 4
86369 5
86370 4
86371 2
86372 4
86373 2
86374 2
86375 3
86376 5
86377 3
86378 5
86379 5
86380 2
86381 1
86382 2
86383 5
86384 4
86385 2
86386 2
86387 1
86388 2
86389 1
86390 2
86391 1
86392 0
86393 1
86394 1
86395 1
86396 1
86397 0
86398 0
86399 0
86400 5
86401 3
86402 3
86403 3
86404 2
86405 3
86406 0
86407 2
86408 3
86409 1
86410 1
86411 3
86412 4
86413 4
86414 1
86415 3
86416 2
86417 2
86418 3
86419 2
86420 1
86421 2
86422 3
86423 2
86424 2
86425 4
86426 0
86427 2
86428 5
86429 0
86430 3
86431 0
86432 2
86433 1
86434 2
86435 4
86436 1
86437 3
86438 1
86439 3
86440 2
86441 1
86442 4
86443 3
86444 3
86445 2
86446 2
86447 4
86448 0
86449 2
86450 2
86451 1
86452 3
86453 0
86454 4
86455 0
86456 0
86457 5
86458 1
86459 4
86460 3
86461 3
86462 4
86463 3
86464 0
86465 2
86466 2
86467 3
86468 4
86469 3
86470 0
86471 4
86472 0
86473 5
86474 1
86475 3
86476 4
86477 3
86478 2
86479 5
86480 1
86481 4
86482 4
86483 0
86484 2
86485 0
86486 4
86487 1
86488 4
86489 1
86490 4
86491 0
86492 4
86493 2
86494 0
86495 2
86496 3
86497 0
86498 5
86499 2
86500 3
86501 0
86502 2
86503 0
86504 2
86505 0
86506 2
86507 1
86508 4
86509 5
86510 2
86511 1
86512 1
86513 0
86514 2
86515 3
86516 2
86517 5
86518 0
86519 2
86520 4
86521 0
86522 4
86523 2
86524 2
86525 4
86526 3
86527 3
86528 6
86529 2
86530 2
86531 3
86532 0
86533 4
86534 3
86535 5
86536 5
86537 0
86538 0
86539 4
86540 2
86541 4
86542 2
86543 1
86544 1
86545 4
86546 2
86547 4
86548 3
86549 0
86550 5
86551 5
86552 1
86553 2
86554 1
86555 0
86556 2
86557 2
86558 2
86559 1
86560 0
86561 4
86562 1
86563 0
86564 3
86565 0
86566 3
86567 4
86568 1
86569 1
86570 5
86571 1
86572 0
86573 4
86574 2
86575 1
86576 3
86577 0
86578 2
86579 2
86580 1
86581 2
86582 3
86583 4
86584 5
86585 3
86586 3
86587 4
86588 3
86589 0
86590 2
86591 2
86592 3
86593 5
86594 0
86595 2
86596 0
86597 2
86598 3
86599 4
86600 3
86601 5
86602 1
86603 1
86604 0
86605 3
86606 1
86607 5
86608 2
86609 0
86610 2
86611 1
86612 3
86613 1
86614 4
86615 2
86616 2
86617 2
86618 0
86619 1
86620 0
86621 3
86622 1
86623 1
86624 1
86625 0
86626 5
86627 0
86628 4
86629 0
86630 5
86631 1
86632 0
86633 3
86634 3
86635 5
86636 3
86637 3
86638 2
86639 4
86640 3
86641 1
86642 3
86643 0
86644 0
86645 0
86646 3
86647 5
86648 1
86649 3
86650 0
86651 0
86652 0
86653 0
86654 0
86655 2
86656 0
86657 2
86658 1
86659 5
86660 1
86661 3
86662 0
86663 3
86664 4
86665 3
86666 3
86667 0
86668 2
86669 3
86670 2
86671 3
86672 3
86673 4
86674 4
86675 3
86676 3
86677 2
86678 1
86679 1
86680 3
86681 3
86682 5
86683 4
86684 3
86685 0
86686 2
86687 3
86688 1
86689 0
86690 3
86691 1
86692 0
86693 2
86694 1
86695 2
86696 5
86697 0
86698 1
86699 1
86700 1
86701 1
86702 3
86703 1
86704 4
86705 0
86706 1
86707 1
86708 1
86709 3
86710 1
86711 3
86712 4
86713 0
86714 0
86715 0
86716 2
86717 2
86718 3
86719 0
86720 3
86721 5
86722 3
86723 2
86724 1
86725 2
86726 2
86727 3
86728 1
86729 4
86730 0
86731 3
86732 0
86733 1
86734 4
86735 2
86736 0
86737 4
86738 0
86739 2
86740 1
86741 2
86742 1
86743 0
86744 2
86745 3
86746 4
86747 0
86748 1
86749 1
86750 5
86751 2
86752 2
86753 0
86754 1
86755 3
86756 3
86757 0
86758 4
86759 5
86760 0
86761 2
86762 4
86763 2
86764 3
86765 3
86766 0
86767 3
86768 0
86769 2
86770 1
86771 5
86772 1
86773 2
86774 1
86775 0
86776 3
86777 1
86778 2
86779 4
86780 0
86781 2
86782 0
86783 5
86784 4
86785 1
86786 2
86787 5
86788 2
86789 1
86790 3
86791 0
86792 2
86793 1
86794 1
86795 1
86796 2
86797 0
86798 1
86799 3
86800 5
86801 0
86802 5
86803 2
86804 2
86805 1
86806 4
86807 4
86808 0
86809 4
86810 4
86811 0
86812 2
86813 0
86814 5
86815 2
86816 0
86817 1
86818 4
86819 0
86820 2
86821 0
86822 3
86823 0
86824 2
86825 4
86826 4
86827 4
86828 3
86829 4
86830 3
86831 0
86832 4
86833 0
86834 0
86835 2
86836 4
86837 1
86838 3
86839 2
86840 1
86841 3
86842 4
86843 2
86844 1
86845 0
86846 2
86847 5
86848 3
86849 2
86850 5
86851 2
86852 2
86853 3
86854 0
86855 0
86856 3
86857 4
86858 3
86859 4
86860 3
86861 1
86862 4
86863 1
86864 2
86865 3
86866 2
86867 6
86868 2
86869 1
86870 0
86871 1
86872 1
86873 2
86874 4
86875 1
86876 0
86877 3
86878 0
86879 5
86880 3
86881 1
86882 3
86883 1
86884 0
86885 3
86886 2
86887 2
86888 4
86889 1
86890 1
86891 0
86892 3
86893 2
86894 5
86895 3
86896 3
86897 5
86898 0
86899 2
86900 4
86901 4
86902 5
86903 2
86904 3
86905 5
86906 2
86907 1
86908 0
86909 1
86910 3
86911 2
86912 1
86913 2
86914 5
86915 1
86916 3
86917 3
86918 4
86919 1
86920 0
86921 2
86922 5
86923 1
86924 1
86925 5
86926 1
86927 1
86928 3
86929 1
86930 3
86931 4
86932 3
86933 3
86934 4
86935 3
86936 1
86937 1
86938 4
86939 4
86940 4
86941 4
86942 2
86943 4
86944 4
86945 3
86946 0
86947 2
86948 2
86949 3
86950 3
86951 4
86952 0
86953 0
86954 0
86955 2
86956 2
86957 0
86958 0
86959 0
86960 4
86961 4
86962 1
86963 0
86964 1
86965 1
86966 3
86967 1
86968 3
86969 4
86970 4
86971 6
86972 4
86973 5
86974 0
86975 4
86976 1
86977 2
86978 4
86979 0
86980 0
86981 5
86982 3
86983 1
86984 1
86985 6
86986 0
86987 1
86988 4
86989 2
86990 4
86991 0
86992 2
86993 5
86994 1
86995 3
86996 1
86997 0
86998 2
86999 4
87000 0
87001 4
87002 1
87003 4
87004 4
87005 4
87006 4
87007 5
87008 1
87009 1
87010 0
87011 2
87012 6
87013 1
87014 3
87015 0
87016 0
87017 2
87018 1
87019 0
87020 0
87021 2
87022 2
87023 2
87024 1
87025 2
87026 2
87027 0
87028 5
87029 1
87030 2
87031 2
87032 0
87033 4
87034 2
87035 2
87036 2
87037 3
87038 0
87039 0
87040 0
87041 3
87042 4
87043 2
87044 4
87045 5
87046 4
87047 5
87048 2
87049 0
87050 2
87051 4
87052 2
87053 1
87054 4
87055 3
87056 1
87057 0
87058 2
87059 3
87060 1
87061 2
87062 0
87063 4
87064 4
87065 5
87066 1
87067 0
87068 3
87069 4
87070 3
87071 2
87072 1
87073 1
87074 0
87075 3
87076 6
87077 1
87078 5
87079 4
87080 4
87081 4
87082 0
87083 4
87084 5
87085 0
87086 4
87087 0
87088 1
87089 5
87090 2
87091 3
87092 0
87093 3
87094 5
87095 3
87096 4
87097 4
87098 2
87099 2
87100 2
87101 1
87102 3
87103 3
87104 5
87105 1
87106 0
87107 2
87108 4
87109 4
87110 1
87111 3
87112 2
87113 2
87114 3
87115 1
87116 3
87117 1
87118 3
87119 0
87120 2
87121 0
87122 0
87123 5
87124 2
87125 3
87126 0
87127 2
87128 2
87129 3
87130 4
87131 2
87132 2
87133 2
87134 3
87135 2
87136 0
87137 2
87138 0
87139 1
87140 0
87141 0
87142 5
87143 0
87144 3
87145 2
87146 4
87147 4
87148 5
87149 4
87150 4
87151 1
87152 4
87153 3
87154 2
87155 2
87156 1
87157 2
87158 1
87159 1
87160 0
87161 3
87162 2
87163 1
87164 0
87165 4
87166 4
87167 1
87168 3
87169 2
87170 3
87171 4
87172 3
87173 3
87174 4
87175 0
87176 1
87177 4
87178 2
87179 3
87180 3
87181 2
87182 3
87183 5
87184 0
87185 2
87186 3
87187 3
87188 2
87189 4
87190 1
87191 0
87192 2
87193 3
87194 3
87195 4
87196 2
87197 3
87198 4
87199 1
87200 3
87201 2
87202 0
87203 1
87204 4
87205 3
87206 2
87207 4
87208 2
87209 4
87210 2
87211 0
87212 3
87213 2
87214 1
87215 3
87216 4
87217 0
87218 3
87219 1
87220 1
87221 2
87222 0
87223 0
87224 1
87225 0
87226 2
87227 3
87228 5
87229 2
87230 3
87231 1
87232 2
87233 1
87234 3
87235 3
87236 3
87237 2
87238 3
87239 2
87240 0
87241 5
87242 0
87243 3
87244 3
87245 1
87246 5
87247 2
87248 4
87249 4
87250 2
87251 0
87252 3
87253 1
87254 3
87255 2
87256 0
87257 2
87258 4
87259 0
87260 3
87261 0
87262 4
87263 2
87264 0
87265 0
87266 0
87267 1
87268 0
87269 0
87270 3
87271 0
87272 5
87273 2
87274 5
87275 4
87276 4
87277 2
87278 2
87279 0
87280 3
87281 4
87282 1
87283 0
87284 0
87285 3
87286 1
87287 2
87288 0
87289 3
87290 0
87291 1
87292 1
87293 3
87294 1
87295 0
87296 2
87297 3
87298 0
87299 5
87300 3
87301 3
87302 0
87303 0
87304 5
87305 1
87306 3
87307 4
87308 4
87309 3
87310 1
87311 2
87312 3
87313 0
87314 0
87315 1
87316 2
87317 0
87318 3
87319 1
87320 2
87321 1
87322 1
87323 2
87324 0
87325 2
87326 1
87327 2
87328 2
87329 0
87330 0
87331 4
87332 2
87333 4
87334 2
87335 2
87336 1
87337 3
87338 3
87339 3
87340 2
87341 3
87342 4
87343 3
87344 3
87345 3
87346 0
87347 1
87348 1
87349 2
87350 0
87351 0
87352 2
87353 3
87354 2
87355 0
87356 5
87357 0
87358 5
87359 3
87360 2
87361 3
87362 4
87363 2
87364 0
87365 3
87366 5
87367 4
87368 0
87369 3
87370 2
87371 3
87372 5
87373 1
87374 3
87375 1
87376 4
87377 0
87378 0
87379 2
87380 5
87381 2
87382 3
87383 3
87384 4
87385 1
87386 1
87387 4
87388 5
87389 2
87390 2
87391 2
87392 3
87393 4
87394 0
87395 1
87396 2
87397 2
87398 1
87399 2
87400 1
87401 2
87402 4
87403 2
87404 5
87405 0
87406 2
87407 3
87408 4
87409 2
87410 5
87411 3
87412 1
87413 3
87414 1
87415 0
87416 4
87417 2
87418 0
87419 4
87420 1
87421 1
87422 3
87423 4
87424 4
87425 0
87426 4
87427 2
87428 1
87429 4
87430 3
87431 1
87432 4
87433 3
87434 4
87435 1
87436 3
87437 1
87438 5
87439 4
87440 2
87441 1
87442 5
87443 4
87444 2
87445 1
87446 3
87447 0
87448 4
87449 2
87450 2
87451 3
87452 1
87453 0
87454 4
87455 3
87456 2
87457 0
87458 0
87459 3
87460 2
87461 0
87462 1
87463 0
87464 4
87465 4
87466 2
87467 0
87468 0
87469 0
87470 1
87471 2
87472 4
87473 1
87474 3
87475 4
87476 0
87477 4
87478 3
87479 4
87480 3
87481 1
87482 2
87483 3
87484 3
87485 0
87486 5
87487 1
87488 5
87489 4
87490 5
87491 5
87492 2
87493 1
87494 2
87495 1
87496 3
87497 2
87498 3
87499 3
87500 1
87501 4
87502 4
87503 3
87504 2
87505 0
87506 1
87507 1
87508 3
87509 1
87510 4
87511 0
87512 3
87513 4
87514 2
87515 6
87516 0
87517 4
87518 1
87519 4
87520 1
87521 0
87522 4
87523 4
87524 3
87525 1
87526 2
87527 4
87528 3
87529 2
87530 1
87531 4
87532 3
87533 0
87534 2
87535 5
87536 1
87537 3
87538 4
87539 4
87540 3
87541 5
87542 4
87543 1
87544 3
87545 1
87546 4
87547 0
87548 2
87549 2
87550 1
87551 5
87552 0
87553 4
87554 4
87555 5
87556 2
87557 0
87558 3
87559 5
87560 5
87561 4
87562 2
87563 2
87564 3
87565 5
87566 0
87567 0
87568 1
87569 1
87570 0
87571 0
87572 1
87573 0
87574 3
87575 1
87576 1
87577 4
87578 1
87579 0
87580 4
87581 2
87582 2
87583 1
87584 5
87585 1
87586 2
87587 0
87588 0
87589 3
87590 2
87591 1
87592 2
87593 0
87594 4
87595 0
87596 0
87597 1
87598 5
87599 5
87600 6
87601 4
87602 0
87603 3
87604 2
87605 0
87606 1
87607 3
87608 4
87609 2
87610 2
87611 2
87612 4
87613 3
87614 0
87615 4
87616 2
87617 3
87618 0
87619 3
87620 2
87621 0
87622 2
87623 0
87624 1
87625 3
87626 3
87627 3
87628 2
87629 2
87630 4
87631 3
87632 4
87633 3
87634 0
87635 1
87636 2
87637 2
87638 3
87639 1
87640 1
87641 4
87642 2
87643 0
87644 0
87645 0
87646 0
87647 1
87648 2
87649 3
87650 2
87651 2
87652 2
87653 1
87654 1
87655 3
87656 3
87657 3
87658 3
87659 3
87660 4
87661 2
87662 3
87663 0
87664 0
87665 0
87666 3
87667 3
87668 2
87669 2
87670 0
87671 0
87672 2
87673 0
87674 3
87675 0
87676 0
87677 3
87678 4
87679 1
87680 1
87681 2
87682 3
87683 3
87684 3
87685 0
87686 1
87687 0
87688 2
87689 4
87690 3
87691 5
87692 1
87693 0
87694 3
87695 0
87696 4
87697 1
87698 1
87699 1
87700 5
87701 2
87702 1
87703 1
87704 3
87705 4
87706 1
87707 0
87708 4
87709 2
87710 4
87711 3
87712 1
87713 1
87714 4
87715 0
87716 3
87717 4
87718 0
87719 1
87720 2
87721 1
87722 0
87723 4
87724 3
87725 1
87726 1
87727 3
87728 2
87729 2
87730 0
87731 0
87732 3
87733 2
87734 3
87735 2
87736 1
87737 2
87738 2
87739 4
87740 0
87741 3
87742 3
87743 3
87744 4
87745 1
87746 0
87747 2
87748 0
87749 3
87750 1
87751 0
87752 2
87753 3
87754 3
87755 3
87756 1
87757 0
87758 4
87759 3
87760 1
87761 3
87762 4
87763 1
87764 5
87765 3
87766 1
87767 3
87768 0
87769 1
87770 0
87771 0
87772 0
87773 0
87774 4
87775 1
87776 2
87777 1
87778 4
87779 0
87780 0
87781 0
87782 5
87783 2
87784 1
87785 3
87786 3
87787 2
87788 3
87789 0
87790 5
87791 2
87792 3
87793 1
87794 2
87795 0
87796 2
87797 3
87798 3
87799 3
87800 1
87801 3
87802 2
87803 4
87804 1
87805 1
87806 3
87807 0
87808 0
87809 2
87810 3
87811 4
87812 2
87813 4
87814 1
87815 0
87816 3
87817 3
87818 4
87819 2
87820 2
87821 4
87822 0
87823 2
87824 1
87825 0
87826 0
87827 3
87828 1
87829 3
87830 1
87831 3
87832 0
87833 1
87834 1
87835 1
87836 3
87837 0
87838 4
87839 2
87840 3
87841 5
87842 2
87843 2
87844 4
87845 4
87846 3
87847 2
87848 3
87849 2
87850 3
87851 2
87852 3
87853 1
87854 3
87855 2
87856 3
87857 4
87858 0
87859 1
87860 4
87861 5
87862 5
87863 2
87864 3
87865 3
87866 4
87867 1
87868 2
87869 4
87870 4
87871 0
87872 0
87873 1
87874 0
87875 4
87876 3
87877 2
87878 5
87879 1
87880 3
87881 2
87882 2
87883 0
87884 3
87885 0
87886 4
87887 0
87888 1
87889 2
87890 3
87891 4
87892 0
87893 1
87894 0
87895 4
87896 5
87897 0
87898 2
87899 1
87900 1
87901 2
87902 0
87903 0
87904 3
87905 0
87906 2
87907 0
87908 1
87909 3
87910 4
87911 0
87912 4
87913 3
87914 3
87915 3
87916 1
87917 0
87918 2
87919 4
87920 3
87921 0
87922 2
87923 0
87924 1
87925 0
87926 4
87927 1
87928 4
87929 1
87930 2
87931 0
87932 2
87933 3
87934 4
87935 3
87936 3
87937 0
87938 0
87939 3
87940 3
87941 2
87942 4
87943 2
87944 0
87945 4
87946 2
87947 5
87948 1
87949 3
87950 0
87951 5
87952 0
87953 0
87954 1
87955 2
87956 0
87957 1
87958 3
87959 2
87960 3
87961 3
87962 3
87963 2
87964 2
87965 4
87966 0
87967 4
87968 3
87969 1
87970 0
87971 4
87972 2
87973 3
87974 2
87975 1
87976 3
87977 0
87978 3
87979 0
87980 4
87981 5
87982 3
87983 0
87984 4
87985 1
87986 2
87987 5
87988 3
87989 0
87990 3
87991 3
87992 2
87993 1
87994 0
87995 0
87996 1
87997 4
87998 5
87999 4
88000 3
88001 1
88002 1
88003 2
88004 3
88005 2
88006 0
88007 3
88008 0
88009 3
88010 1
88011 3
88012 2
88013 3
88014 3
88015 0
88016 3
88017 4
88018 5
88019 0
88020 2
88021 4
88022 3
88023 0
88024 5
88025 2
88026 2
88027 1
88028 0
88029 2
88030 1
88031 1
88032 2
88033 0
88034 1
88035 3
88036 4
88037 4
88038 0
88039 3
88040 1
88041 1
88042 2
88043 3
88044 0
88045 0
88046 1
88047 2
88048 2
88049 1
88050 2
88051 2
88052 2
88053 0
88054 3
88055 3
88056 2
88057 3
88058 4
88059 3
88060 2
88061 1
88062 2
88063 0
88064 0
88065 3
88066 3
88067 4
88068 2
88069 5
88070 1
88071 3
88072 1
88073 3
88074 4
88075 1
88076 3
88077 1
88078 2
88079 0
88080 1
88081 2
88082 0
88083 3
88084 0
88085 3
88086 3
88087 0
88088 1
88089 0
88090 2
88091 3
88092 1
88093 4
88094 3
88095 0
88096 3
88097 3
88098 2
88099 0
88100 4
88101 1
88102 2
88103 3
88104 0
88105 0
88106 5
88107 2
88108 2
88109 3
88110 3
88111 5
88112 3
88113 5
88114 0
88115 3
88116 3
88117 2
88118 3
88119 4
88120 1
88121 1
88122 3
88123 3
88124 3
88125 4
88126 3
88127 3
88128 2
88129 1
88130 1
88131 5
88132 2
88133 4
88134 0
88135 6
88136 0
88137 3
88138 0
88139 2
88140 1
88141 2
88142 3
88143 5
88144 3
88145 2
88146 4
88147 3
88148 4
88149 5
88150 0
88151 3
88152 1
88153 2
88154 4
88155 1
88156 4
88157 1
88158 2
88159 3
88160 4
88161 0
88162 3
88163 2
88164 2
88165 3
88166 1
88167 3
88168 4
88169 2
88170 0
88171 5
88172 1
88173 2
88174 3
88175 3
88176 4
88177 5
88178 1
88179 4
88180 4
88181 1
88182 3
88183 2
88184 3
88185 1
88186 4
88187 2
88188 3
88189 4
88190 4
88191 2
88192 0
88193 0
88194 3
88195 1
88196 0
88197 0
88198 0
88199 0
88200 3
88201 4
88202 5
88203 2
88204 2
88205 5
88206 1
88207 1
88208 0
88209 3
88210 1
88211 1
88212 0
88213 0
88214 1
88215 0
88216 0
88217 1
88218 3
88219 2
88220 3
88221 3
88222 1
88223 1
88224 1
88225 4
88226 4
88227 3
88228 2
88229 3
88230 0
88231 3
88232 3
88233 4
88234 1
88235 0
88236 3
88237 1
88238 3
88239 2
88240 4
88241 4
88242 4
88243 3
88244 0
88245 0
88246 2
88247 5
88248 3
88249 2
88250 2
88251 3
88252 0
88253 4
88254 2
88255 5
88256 2
88257 3
88258 0
88259 0
88260 4
88261 3
88262 1
88263 2
88264 0
88265 4
88266 0
88267 0
88268 3
88269 2
88270 3
88271 0
88272 3
88273 2
88274 4
88275 5
88276 0
88277 0
88278 3
88279 3
88280 1
88281 4
88282 5
88283 2
88284 3
88285 3
88286 1
88287 4
88288 3
88289 5
88290 6
88291 3
88292 1
88293 3
88294 3
88295 4
88296 4
88297 5
88298 0
88299 0
88300 3
88301 4
88302 0
88303 1
88304 4
88305 4
88306 2
88307 3
88308 0
88309 0
88310 2
88311 4
88312 2
88313 2
88314 2
88315 1
88316 3
88317 5
88318 4
88319 3
88320 3
88321 2
88322 3
88323 3
88324 2
88325 0
88326 2
88327 5
88328 0
88329 5
88330 0
88331 1
88332 4
88333 0
88334 2
88335 3
88336 4
88337 3
88338 0
88339 5
88340 2
88341 5
88342 1
88343 0
88344 4
88345 0
88346 4
88347 0
88348 1
88349 1
88350 0
88351 3
88352 4
88353 4
88354 4
88355 2
88356 2
88357 4
88358 2
88359 0
88360 2
88361 5
88362 0
88363 5
88364 3
88365 2
88366 2
88367 3
88368 3
88369 1
88370 0
88371 2
88372 4
88373 4
88374 4
88375 3
88376 2
88377 4
88378 4
88379 2
88380 0
88381 1
88382 4
88383 0
88384 1
88385 5
88386 1
88387 3
88388 1
88389 3
88390 2
88391 3
88392 1
88393 0
88394 0
88395 2
88396 1
88397 3
88398 1
88399 1
88400 1
88401 2
88402 2
88403 1
88404 2
88405 4
88406 0
88407 0
88408 5
88409 1
88410 4
88411 3
88412 1
88413 0
88414 4
88415 2
88416 4
88417 1
88418 2
88419 3
88420 0
88421 3
88422 0
88423 1
88424 1
88425 3
88426 2
88427 5
88428 5
88429 2
88430 2
88431 1
88432 5
88433 4
88434 1
88435 1
88436 3
88437 5
88438 2
88439 0
88440 3
88441 2
88442 4
88443 2
88444 0
88445 4
88446 1
88447 0
88448 3
88449 2
88450 0
88451 0
88452 0
88453 3
88454 3
88455 1
88456 4
88457 0
88458 3
88459 1
88460 5
88461 2
88462 4
88463 4
88464 1
88465 3
88466 3
88467 2
88468 3
88469 1
88470 3
88471 4
88472 2
88473 2
88474 5
88475 0
88476 4
88477 1
88478 3
88479 2
88480 1
88481 2
88482 3
88483 1
88484 2
88485 1
88486 6
88487 3
88488 5
88489 2
88490 2
88491 3
88492 0
88493 2
88494 2
88495 1
88496 2
88497 4
88498 5
88499 2
88500 0
88501 1
88502 0
88503 5
88504 1
88505 4
88506 1
88507 4
88508 3
88509 3
88510 2
88511 3
88512 3
88513 4
88514 3
88515 0
88516 0
88517 1
88518 3
88519 2
88520 4
88521 1
88522 1
88523 3
88524 4
88525 3
88526 1
88527 2
88528 3
88529 0
88530 3
88531 0
88532 3
88533 1
88534 1
88535 3
88536 2
88537 3
88538 5
88539 2
88540 0
88541 2
88542 1
88543 2
88544 2
88545 0
88546 4
88547 4
88548 4
88549 2
88550 0
88551 4
88552 0
88553 2
88554 0
88555 2
88556 0
88557 3
88558 3
88559 3
88560 4
88561 3
88562 2
88563 5
88564 2
88565 3
88566 2
88567 5
88568 2
88569 6
88570 0
88571 5
88572 2
88573 2
88574 1
88575 0
88576 2
88577 3
88578 3
88579 5
88580 1
88581 4
88582 1
88583 0
88584 1
88585 1
88586 3
88587 4
88588 2
88589 0
88590 1
88591 1
88592 2
88593 1
88594 2
88595 2
88596 0
88597 4
88598 1
88599 4
88600 2
88601 1
88602 0
88603 0
88604 3
88605 4
88606 4
88607 4
88608 4
88609 3
88610 5
88611 2
88612 0
88613 1
88614 5
88615 0
88616 3
88617 6
88618 0
88619 5
88620 0
88621 1
88622 3
88623 4
88624 4
88625 0
88626 3
88627 2
88628 5
88629 0
88630 4
88631 0
88632 2
88633 0
88634 2
88635 3
88636 4
88637 2
88638 5
88639 4
88640 3
88641 2
88642 5
88643 2
88644 5
88645 5
88646 3
88647 3
88648 1
88649 2
88650 0
88651 2
88652 5
88653 1
88654 1
88655 0
88656 3
88657 3
88658 2
88659 4
88660 4
88661 0
88662 1
88663 2
88664 3
88665 1
88666 0
88667 2
88668 2
88669 2
88670 1
88671 4
88672 5
88673 3
88674 4
88675 4
88676 3
88677 4
88678 3
88679 2
88680 0
88681 4
88682 2
88683 0
88684 4
88685 2
88686 2
88687 1
88688 0
88689 4
88690 2
88691 1
88692 2
88693 3
88694 4
88695 0
88696 0
88697 3
88698 1
88699 1
88700 0
88701 0
88702 1
88703 0
88704 1
88705 3
88706 2
88707 5
88708 4
88709 0
88710 2
88711 2
88712 3
88713 2
88714 2
88715 3
88716 4
88717 1
88718 0
88719 3
88720 3
88721 0
88722 1
88723 3
88724 2
88725 3
88726 4
88727 3
88728 2
88729 4
88730 0
88731 5
88732 0
88733 0
88734 0
88735 3
88736 0
88737 2
88738 1
88739 2
88740 4
88741 5
88742 0
88743 0
88744 0
88745 1
88746 0
88747 2
88748 0
88749 2
88750 0
88751 0
88752 2
88753 1
88754 2
88755 3
88756 2
88757 2
88758 0
88759 2
88760 1
88761 1
88762 1
88763 4
88764 0
88765 3
88766 0
88767 4
88768 1
88769 4
88770 2
88771 3
88772 0
88773 1
88774 0
88775 2
88776 3
88777 1
88778 2
88779 3
88780 0
88781 2
88782 2
88783 1
88784 1
88785 2
88786 3
88787 3
88788 3
88789 5
88790 2
88791 2
88792 3
88793 3
88794 1
88795 2
88796 0
88797 5
88798 0
88799 2
88800 1
88801 0
88802 2
88803 4
88804 4
88805 0
88806 5
88807 1
88808 4
88809 0
88810 2
88811 1
88812 3
88813 0
88814 2
88815 1
88816 3
88817 2
88818 0
88819 1
88820 2
88821 3
88822 1
88823 3
88824 2
88825 1
88826 0
88827 0
88828 2
88829 2
88830 3
88831 1
88832 3
88833 3
88834 4
88835 3
88836 0
88837 0
88838 2
88839 0
88840 0
88841 1
88842 3
88843 2
88844 2
88845 0
88846 1
88847 1
88848 4
88849 1
88850 5
88851 3
88852 4
88853 2
88854 1
88855 1
88856 4
88857 3
88858 1
88859 2
88860 1
88861 4
88862 2
88863 0
88864 4
88865 0
88866 1
88867 5
88868 3
88869 0
88870 1
88871 3
88872 2
88873 0
88874 1
88875 1
88876 0
88877 1
88878 1
88879 5
88880 5
88881 1
88882 3
88883 4
88884 1
88885 2
88886 4
88887 5
88888 1
88889 5
88890 1
88891 2
88892 0
88893 1
88894 2
88895 0
88896 5
88897 3
88898 2
88899 3
88900 2
88901 4
88902 4
88903 0
88904 2
88905 0
88906 4
88907 5
88908 2
88909 2
88910 2
88911 0
88912 1
88913 3
88914 3
88915 0
88916 0
88917 0
88918 2
88919 0
88920 4
88921 2
88922 0
88923 1
88924 3
88925 5
88926 1
88927 2
88928 3
88929 5
88930 4
88931 1
88932 2
88933 2
88934 5
88935 5
88936 3
88937 0
88938 2
88939 3
88940 4
88941 4
88942 0
88943 1
88944 1
88945 0
88946 0
88947 4
88948 4
88949 1
88950 3
88951 5
88952 2
88953 2
88954 4
88955 5
88956 3
88957 0
88958 2
88959 1
88960 4
88961 2
88962 2
88963 3
88964 1
88965 3
88966 3
88967 3
88968 2
88969 2
88970 1
88971 1
88972 2
88973 2
88974 1
88975 2
88976 3
88977 3
88978 3
88979 5
88980 1
88981 3
88982 2
88983 0
88984 2
88985 3
88986 2
88987 3
88988 5
88989 3
88990 4
88991 5
88992 3
88993 4
88994 0
88995 4
88996 0
88997 3
88998 3
88999 2
89000 1
89001 1
89002 4
89003 1
89004 0
89005 2
89006 2
89007 2
89008 0
89009 4
89010 2
89011 1
89012 5
89013 2
89014 2
89015 1
89016 3
89017 3
89018 3
89019 3
89020 2
89021 2
89022 0
89023 3
89024 2
89025 2
89026 3
89027 0
89028 1
89029 3
89030 3
89031 4
89032 1
89033 3
89034 0
89035 4
89036 3
89037 2
89038 3
89039 4
89040 2
89041 1
89042 4
89043 4
89044 3
89045 2
89046 2
89047 1
89048 3
89049 4
89050 1
89051 3
89052 3
89053 4
89054 2
89055 4
89056 4
89057 0
89058 2
89059 0
89060 2
89061 2
89062 3
89063 3
89064 3
89065 4
89066 2
89067 0
89068 3
89069 1
89070 1
89071 1
89072 3
89073 6
89074 5
89075 0
89076 1
89077 1
89078 4
89079 1
89080 3
89081 5
89082 2
89083 1
89084 4
89085 4
89086 1
89087 0
89088 1
89089 3
89090 3
89091 1
89092 1
89093 0
89094 5
89095 2
89096 3
89097 3
89098 1
89099 3
89100 2
89101 3
89102 0
89103 2
89104 5
89105 0
89106 6
89107 3
89108 2
89109 3
89110 1
89111 4
89112 0
89113 2
89114 4
89115 0
89116 0
89117 3
89118 0
89119 3
89120 2
89121 1
89122 1
89123 0
89124 3
89125 3
89126 5
89127 1
89128 5
89129 4
89130 3
89131 2
89132 1
89133 4
89134 2
89135 0
89136 0
89137 4
89138 3
89139 1
89140 0
89141 0
89142 3
89143 1
89144 0
89145 0
89146 0
89147 3
89148 4
89149 0
89150 2
89151 0
89152 3
89153 2
89154 3
89155 2
89156 1
89157 4
89158 2
89159 1
89160 0
89161 1
89162 4
89163 1
89164 5
89165 3
89166 0
89167 0
89168 2
89169 4
89170 4
89171 3
89172 2
89173 1
89174 2
89175 1
89176 1
89177 4
89178 3
89179 5
89180 1
89181 6
89182 4
89183 2
89184 0
89185 4
89186 5
89187 3
89188 1
89189 3
89190 4
89191 1
89192 1
89193 1
89194 4
89195 1
89196 3
89197 3
89198 1
89199 4
89200 0
89201 1
89202 0
89203 1
89204 0
89205 3
89206 2
89207 0
89208 3
89209 2
89210 3
89211 0
89212 4
89213 5
89214 0
89215 4
89216 4
89217 3
89218 0
89219 5
89220 3
89221 3
89222 4
89223 3
89224 3
89225 3
89226 3
89227 3
89228 0
89229 1
89230 3
89231 0
89232 0
89233 0
89234 1
89235 2
89236 1
89237 0
89238 0
89239 5
89240 4
89241 1
89242 0
89243 2
89244 3
89245 5
89246 2
89247 0
89248 2
89249 2
89250 4
89251 4
89252 4
89253 3
89254 2
89255 2
89256 3
89257 0
89258 4
89259 0
89260 1
89261 0
89262 0
89263 2
89264 4
89265 3
89266 3
89267 3
89268 1
89269 2
89270 2
89271 0
89272 3
89273 1
89274 1
89275 1
89276 1
89277 2
89278 0
89279 3
89280 0
89281 4
89282 3
89283 1
89284 2
89285 3
89286 3
89287 3
89288 0
89289 5
89290 5
89291 1
89292 2
89293 0
89294 4
89295 4
89296 2
89297 4
89298 2
89299 0
89300 0
89301 3
89302 5
89303 4
89304 1
89305 0
89306 2
89307 0
89308 4
89309 1
89310 3
89311 3
89312 1
89313 1
89314 3
89315 2
89316 4
89317 4
89318 3
89319 4
89320 4
89321 0
89322 3
89323 3
89324 2
89325 1
89326 2
89327 3
89328 0
89329 0
89330 0
89331 2
89332 1
89333 3
89334 0
89335 4
89336 3
89337 0
89338 2
89339 2
89340 2
89341 3
89342 2
89343 3
89344 3
89345 2
89346 3
89347 2
89348 3
89349 1
89350 1
89351 1
89352 4
89353 3
89354 2
89355 5
89356 1
89357 3
89358 5
89359 4
89360 4
89361 5
89362 1
89363 3
89364 1
89365 4
89366 1
89367 3
89368 0
89369 0
89370 2
89371 0
89372 1
89373 3
89374 0
89375 3
89376 3
89377 3
89378 5
89379 4
89380 3
89381 4
89382 4
89383 4
89384 1
89385 1
89386 5
89387 2
89388 1
89389 2
89390 4
89391 1
89392 2
89393 3
89394 0
89395 0
89396 0
89397 4
89398 0
89399 3
89400 0
89401 0
89402 4
89403 3
89404 2
89405 2
89406 2
89407 2
89408 1
89409 0
89410 2
89411 3
89412 0
89413 0
89414 0
89415 4
89416 2
89417 4
89418 1
89419 2
89420 5
89421 0
89422 2
89423 4
89424 4
89425 2
89426 3
89427 1
89428 1
89429 3
89430 2
89431 4
89432 5
89433 3
89434 1
89435 3
89436 1
89437 0
89438 4
89439 1
89440 2
89441 3
89442 5
89443 1
89444 3
89445 0
89446 1
89447 4
89448 3
89449 3
89450 2
89451 1
89452 3
89453 0
89454 4
89455 0
89456 4
89457 0
89458 4
89459 4
89460 1
89461 0
89462 0
89463 4
89464 3
89465 5
89466 0
89467 3
89468 4
89469 5
89470 1
89471 3
89472 0
89473 0
89474 0
89475 4
89476 3
89477 5
89478 3
89479 5
89480 2
89481 0
89482 1
89483 1
89484 0
89485 4
89486 2
89487 1
89488 4
89489 1
89490 0
89491 0
89492 0
89493 0
89494 2
89495 0
89496 1
89497 5
89498 3
89499 1
89500 0
89501 3
89502 4
89503 1
89504 0
89505 2
89506 4
89507 0
89508 4
89509 1
89510 0
89511 2
89512 4
89513 3
89514 0
89515 1
89516 4
89517 3
89518 2
89519 0
89520 2
89521 3
89522 0
89523 4
89524 4
89525 2
89526 4
89527 2
89528 3
89529 1
89530 1
89531 1
89532 3
89533 1
89534 3
89535 2
89536 4
89537 4
89538 4
89539 5
89540 2
89541 4
89542 3
89543 4
89544 4
89545 3
89546 1
89547 3
89548 1
89549 2
89550 0
89551 4
89552 0
89553 1
89554 1
89555 4
89556 1
89557 3
89558 3
89559 2
89560 2
89561 4
89562 2
89563 3
89564 2
89565 5
89566 2
89567 5
89568 3
89569 0
89570 1
89571 1
89572 2
89573 0
89574 6
89575 1
89576 2
89577 4
89578 2
89579 0
89580 0
89581 3
89582 4
89583 0
89584 2
89585 3
89586 3
89587 2
89588 3
89589 2
89590 0
89591 3
89592 0
89593 3
89594 0
89595 4
89596 4
89597 0
89598 0
89599 0
89600 0
89601 1
89602 4
89603 4
89604 3
89605 0
89606 2
89607 2
89608 3
89609 1
89610 1
89611 4
89612 4
89613 0
89614 1
89615 1
89616 6
89617 0
89618 3
89619 2
89620 3
89621 3
89622 4
89623 1
89624 1
89625 2
89626 3
89627 1
89628 0
89629 1
89630 4
89631 4
89632 3
89633 4
89634 4
89635 1
89636 2
89637 3
89638 4
89639 1
89640 1
89641 0
89642 1
89643 3
89644 3
89645 1
89646 2
89647 0
89648 4
89649 2
89650 5
89651 3
89652 4
89653 3
89654 1
89655 1
89656 1
89657 1
89658 3
89659 3
89660 0
89661 3
89662 5
89663 4
89664 2
89665 4
89666 0
89667 3
89668 0
89669 2
89670 5
89671 1
89672 1
89673 1
89674 0
89675 1
89676 4
89677 0
89678 3
89679 4
89680 2
89681 4
89682 2
89683 3
89684 1
89685 1
89686 4
89687 6
89688 1
89689 0
89690 1
89691 3
89692 2
89693 0
89694 4
89695 3
89696 1
89697 5
89698 0
89699 4
89700 4
89701 6
89702 2
89703 2
89704 3
89705 3
89706 0
89707 0
89708 1
89709 4
89710 1
89711 4
89712 4
89713 3
89714 2
89715 0
89716 5
89717 3
89718 3
89719 3
89720 0
89721 3
89722 0
89723 4
89724 4
89725 1
89726 1
89727 4
89728 1
89729 4
89730 0
89731 0
89732 2
89733 2
89734 4
89735 2
89736 4
89737 4
89738 1
89739 3
89740 0
89741 1
89742 0
89743 3
89744 2
89745 0
89746 2
89747 4
89748 1
89749 2
89750 0
89751 1
89752 0
89753 2
89754 2
89755 3
89756 0
89757 4
89758 3
89759 1
89760 0
89761 0
89762 1
89763 3
89764 0
89765 3
89766 5
89767 4
89768 3
89769 1
89770 0
89771 4
89772 3
89773 2
89774 3
89775 5
89776 1
89777 5
89778 3
89779 0
89780 0
89781 1
89782 1
89783 6
89784 2
89785 4
89786 0
89787 2
89788 1
89789 0
89790 0
89791 3
89792 3
89793 4
89794 1
89795 4
89796 5
89797 2
89798 2
89799 4
89800 2
89801 1
89802 6
89803 2
89804 4
89805 1
89806 4
89807 2
89808 1
89809 1
89810 1
89811 4
89812 0
89813 1
89814 3
89815 3
89816 1
89817 4
89818 1
89819 2
89820 4
89821 3
89822 4
89823 0
89824 2
89825 3
89826 1
89827 2
89828 3
89829 3
89830 2
89831 1
89832 1
89833 4
89834 4
89835 1
89836 3
89837 2
89838 2
89839 6
89840 1
89841 2
89842 4
89843 3
89844 0
89845 0
89846 4
89847 1
89848 3
89849 4
89850 0
89851 0
89852 1
89853 1
89854 3
89855 2
89856 0
89857 4
89858 3
89859 2
89860 3
89861 0
89862 2
89863 1
89864 3
89865 3
89866 0
89867 2
89868 2
89869 1
89870 2
89871 1
89872 6
89873 2
89874 2
89875 2
89876 1
89877 4
89878 2
89879 3
89880 1
89881 5
89882 0
89883 3
89884 3
89885 3
89886 0
89887 4
89888 3
89889 0
89890 0
89891 3
89892 0
89893 3
89894 0
89895 1
89896 3
89897 0
89898 4
89899 4
89900 1
89901 0
89902 4
89903 4
89904 3
89905 3
89906 1
89907 2
89908 0
89909 3
89910 1
89911 4
89912 2
89913 1
89914 3
89915 5
89916 2
89917 4
89918 1
89919 4
89920 2
89921 1
89922 4
89923 2
89924 3
89925 1
89926 4
89927 0
89928 0
89929 4
89930 2
89931 5
89932 3
89933 4
89934 3
89935 1
89936 3
89937 4
89938 3
89939 3
89940 4
89941 4
89942 1
89943 4
89944 2
89945 0
89946 4
89947 0
89948 2
89949 2
89950 3
89951 0
89952 1
89953 2
89954 3
89955 3
89956 4
89957 2
89958 5
89959 2
89960 2
89961 1
89962 5
89963 1
89964 2
89965 1
89966 3
89967 1
89968 1
89969 4
89970 1
89971 3
89972 5
89973 2
89974 2
89975 4
89976 4
89977 3
89978 1
89979 3
89980 4
89981 2
89982 1
89983 3
89984 4
89985 5
89986 1
89987 1
89988 1
89989 1
89990 2
89991 0
89992 2
89993 2
89994 2
89995 1
89996 4
89997 2
89998 4
89999 2
90000 0
90001 0
90002 3
90003 1
90004 3
90005 2
90006 0
90007 4
90008 1
90009 4
90010 1
90011 2
90012 0
90013 2
90014 0
90015 1
90016 4
90017 3
90018 4
90019 0
90020 2
90021 0
90022 1
90023 3
90024 1
90025 2
90026 1
90027 3
90028 0
90029 3
90030 2
90031 2
90032 2
90033 3
90034 3
90035 3
90036 4
90037 1
90038 4
90039 4
90040 1
90041 0
90042 4
90043 2
90044 3
90045 0
90046 0
90047 1
90048 4
90049 1
90050 3
90051 1
90052 0
90053 3
90054 1
90055 0
90056 2
90057 2
90058 1
90059 1
90060 4
90061 2
90062 3
90063 3
90064 6
90065 0
90066 1
90067 2
90068 3
90069 2
90070 1
90071 3
90072 2
90073 0
90074 4
90075 5
90076 4
90077 2
90078 1
90079 5
90080 1
90081 5
90082 1
90083 5
90084 0
90085 4
90086 3
90087 1
90088 1
90089 2
90090 3
90091 1
90092 2
90093 3
90094 4
90095 5
90096 3
90097 4
90098 1
90099 4
90100 1
90101 0
90102 4
90103 0
90104 5
90105 4
90106 4
90107 4
90108 3
90109 0
90110 3
90111 2
90112 2
90113 3
90114 0
90115 4
90116 5
90117 4
90118 2
90119 2
90120 2
90121 4
90122 3
90123 3
90124 3
90125 3
90126 1
90127 2
90128 2
90129 3
90130 0
90131 5
90132 5
90133 0
90134 3
90135 1
90136 2
90137 3
90138 2
90139 4
90140 1
90141 4
90142 2
90143 4
90144 4
90145 4
90146 2
90147 0
90148 5
90149 4
90150 1
90151 1
90152 4
90153 4
90154 1
90155 2
90156 2
90157 5
90158 5
90159 4
90160 2
90161 3
90162 2
90163 4
90164 0
90165 0
90166 3
90167 1
90168 1
90169 5
90170 5
90171 2
90172 5
90173 1
90174 0
90175 0
90176 2
90177 2
90178 0
90179 1
90180 3
90181 1
90182 5
90183 4
90184 1
90185 1
90186 2
90187 0
90188 1
90189 1
90190 5
90191 3
90192 5
90193 2
90194 3
90195 1
90196 2
90197 2
90198 3
90199 1
90200 3
90201 0
90202 4
90203 0
90204 0
90205 2
90206 5
90207 1
90208 5
90209 3
90210 0
90211 5
90212 2
90213 2
90214 1
90215 0
90216 4
90217 0
90218 0
90219 3
90220 3
90221 3
90222 0
90223 2
90224 2
90225 3
90226 1
90227 4
90228 3
90229 1
90230 0
90231 0
90232 3
90233 1
90234 3
90235 0
90236 3
90237 2
90238 3
90239 3
90240 3
90241 5
90242 4
90243 1
90244 3
90245 0
90246 4
90247 4
90248 5
90249 3
90250 2
90251 1
90252 3
90253 0
90254 3
90255 4
90256 0
90257 0
90258 4
90259 3
90260 0
90261 2
90262 4
90263 2
90264 4
90265 5
90266 4
90267 0
90268 2
90269 2
90270 2
90271 1
90272 3
90273 0
90274 3
90275 1
90276 4
90277 3
90278 2
90279 3
90280 4
90281 3
90282 4
90283 4
90284 3
90285 0
90286 3
90287 3
90288 5
90289 0
90290 5
90291 3
90292 2
90293 3
90294 1
90295 2
90296 1
90297 0
90298 2
90299 3
90300 2
90301 1
90302 2
90303 3
90304 1
90305 0
90306 1
90307 1
90308 4
90309 1
90310 1
90311 4
90312 2
90313 4
90314 3
90315 3
90316 1
90317 4
90318 1
90319 2
90320 0
90321 4
90322 4
90323 4
90324 0
90325 4
90326 4
90327 1
90328 0
90329 5
90330 4
90331 2
90332 0
90333 2
90334 1
90335 1
90336 1
90337 2
90338 2
90339 0
90340 2
90341 3
90342 3
90343 1
90344 3
90345 0
90346 1
90347 3
90348 3
90349 2
90350 4
90351 1
90352 4
90353 2
90354 4
90355 0
90356 4
90357 1
90358 3
90359 0
90360 0
90361 5
90362 0
90363 2
90364 4
90365 3
90366 1
90367 4
90368 0
90369 0
90370 0
90371 0
90372 3
90373 2
90374 0
90375 1
90376 5
90377 2
90378 0
90379 0
90380 2
90381 5
90382 0
90383 4
90384 3
90385 0
90386 4
90387 0
90388 0
90389 0
90390 2
90391 4
90392 4
90393 2
90394 0
90395 1
90396 3
90397 1
90398 0
90399 2
90400 5
90401 1
90402 4
90403 2
90404 2
90405 1
90406 1
90407 2
90408 2
90409 3
90410 4
90411 0
90412 4
90413 3
90414 2
90415 3
90416 2
90417 3
90418 4
90419 2
90420 1
90421 5
90422 2
90423 4
90424 5
90425 4
90426 3
90427 4
90428 0
90429 2
90430 1
90431 1
90432 1
90433 2
90434 3
90435 1
90436 1
90437 5
90438 3
90439 1
90440 3
90441 1
90442 1
90443 1
90444 4
90445 3
90446 4
90447 4
90448 0
90449 3
90450 4
90451 4
90452 1
90453 0
90454 1
90455 2
90456 4
90457 1
90458 0
90459 2
90460 5
90461 4
90462 4
90463 1
90464 1
90465 1
90466 2
90467 1
90468 3
90469 3
90470 2
90471 3
90472 3
90473 4
90474 1
90475 1
90476 0
90477 5
90478 0
90479 2
90480 4
90481 0
90482 3
90483 1
90484 2
90485 2
90486 4
90487 2
90488 2
90489 2
90490 1
90491 0
90492 0
90493 1
90494 2
90495 1
90496 3
90497 3
90498 2
90499 2
90500 3
90501 0
90502 2
90503 1
90504 1
90505 0
90506 1
90507 1
90508 3
90509 2
90510 0
90511 3
90512 5
90513 5
90514 2
90515 3
90516 4
90517 1
90518 1
90519 2
90520 2
90521 2
90522 1
90523 0
90524 0
90525 1
90526 4
90527 0
90528 3
90529 2
90530 3
90531 4
90532 3
90533 2
90534 1
90535 2
90536 3
90537 3
90538 0
90539 4
90540 5
90541 0
90542 1
90543 2
90544 5
90545 2
90546 1
90547 2
90548 1
90549 0
90550 2
90551 1
90552 0
90553 5
90554 5
90555 0
90556 2
90557 6
90558 1
90559 0
90560 1
90561 0
90562 3
90563 5
90564 3
90565 2
90566 3
90567 6
90568 3
90569 2
90570 6
90571 1
90572 4
90573 1
90574 3
90575 1
90576 4
90577 2
90578 3
90579 4
90580 4
90581 4
90582 1
90583 5
90584 3
90585 1
90586 0
90587 2
90588 2
90589 2
90590 0
90591 1
90592 2
90593 4
90594 0
90595 0
90596 3
90597 3
90598 0
90599 4
90600 3
90601 4
90602 0
90603 2
90604 0
90605 1
90606 2
90607 2
90608 1
90609 2
90610 0
90611 0
90612 0
90613 1
90614 2
90615 1
90616 1
90617 2
90618 1
90619 1
90620 2
90621 3
90622 4
90623 0
90624 1
90625 3
90626 4
90627 4
90628 3
90629 2
90630 2
90631 3
90632 1
90633 4
90634 3
90635 1
90636 2
90637 3
90638 0
90639 3
90640 2
90641 0
90642 2
90643 0
90644 4
90645 5
90646 3
90647 0
90648 2
90649 0
90650 4
90651 2
90652 1
90653 2
90654 5
90655 0
90656 0
90657 4
90658 0
90659 0
90660 3
90661 5
90662 2
90663 3
90664 1
90665 2
90666 4
90667 0
90668 3
90669 1
90670 3
90671 0
90672 1
90673 0
90674 2
90675 4
90676 2
90677 3
90678 3
90679 3
90680 2
90681 1
90682 3
90683 0
90684 2
90685 1
90686 1
90687 4
90688 2
90689 0
90690 1
90691 4
90692 4
90693 1
90694 4
90695 2
90696 0
90697 2
90698 2
90699 1
90700 2
90701 3
90702 0
90703 2
90704 0
90705 1
90706 1
90707 1
90708 1
90709 1
90710 3
90711 2
90712 1
90713 2
90714 4
90715 1
90716 5
90717 3
90718 2
90719 1
90720 1
90721 1
90722 2
90723 0
90724 4
90725 2
90726 0
90727 1
90728 0
90729 2
90730 3
90731 3
90732 2
90733 0
90734 4
90735 1
90736 3
90737 4
90738 0
90739 4
90740 4
90741 3
90742 4
90743 3
90744 3
90745 3
90746 4
90747 3
90748 4
90749 3
90750 1
90751 1
90752 3
90753 2
90754 4
90755 0
90756 2
90757 0
90758 5
90759 3
90760 1
90761 1
90762 3
90763 2
90764 2
90765 5
90766 2
90767 3
90768 0
90769 0
90770 1
90771 2
90772 0
90773 0
90774 2
90775 1
90776 1
90777 2
90778 4
90779 1
90780 0
90781 3
90782 1
90783 4
90784 4
90785 4
90786 0
90787 4
90788 5
90789 5
90790 0
90791 2
90792 2
90793 5
90794 1
90795 2
90796 2
90797 2
90798 3
90799 4
90800 0
90801 3
90802 2
90803 3
90804 2
90805 5
90806 3
90807 1
90808 5
90809 1
90810 2
90811 4
90812 4
90813 0
90814 4
90815 1
90816 2
90817 0
90818 0
90819 5
90820 2
90821 3
90822 4
90823 3
90824 3
90825 2
90826 5
90827 2
90828 0
90829 0
90830 0
90831 2
90832 2
90833 1
90834 2
90835 4
90836 3
90837 4
90838 1
90839 1
90840 4
90841 3
90842 4
90843 3
90844 0
90845 3
90846 1
90847 0
90848 0
90849 4
90850 1
90851 2
90852 4
90853 1
90854 3
90855 1
90856 1
90857 0
90858 3
90859 3
90860 0
90861 1
90862 3
90863 3
90864 4
90865 0
90866 1
90867 5
90868 3
90869 1
90870 2
90871 3
90872 1
90873 0
90874 3
90875 4
90876 3
90877 3
90878 1
90879 4
90880 3
90881 1
90882 0
90883 3
90884 4
90885 4
90886 0
90887 3
90888 4
90889 0
90890 1
90891 1
90892 0
90893 4
90894 1
90895 4
90896 1
90897 4
90898 4
90899 2
90900 0
90901 4
90902 4
90903 3
90904 4
90905 1
90906 3
90907 2
90908 0
90909 4
90910 0
90911 4
90912 3
90913 0
90914 0
90915 5
90916 2
90917 3
90918 0
90919 3
90920 1
90921 4
90922 5
90923 4
90924 4
90925 1
90926 0
90927 2
90928 1
90929 1
90930 3
90931 2
90932 2
90933 5
90934 5
90935 1
90936 0
90937 4
90938 2
90939 4
90940 2
90941 4
90942 3
90943 4
90944 3
90945 1
90946 4
90947 2
90948 3
90949 0
90950 2
90951 5
90952 0
90953 0
90954 1
90955 4
90956 3
90957 0
90958 1
90959 4
90960 3
90961 1
90962 5
90963 4
90964 0
90965 0
90966 3
90967 2
90968 2
90969 3
90970 1
90971 3
90972 2
90973 4
90974 3
90975 1
90976 3
90977 0
90978 2
90979 1
90980 0
90981 1
90982 1
90983 1
90984 5
90985 2
90986 4
90987 0
90988 3
90989 1
90990 3
90991 3
90992 0
90993 0
90994 1
90995 0
90996 4
90997 5
90998 2
90999 1
91000 0
91001 3
91002 3
91003 2
91004 1
91005 2
91006 3
91007 3
91008 3
91009 4
91010 4
91011 2
91012 2
91013 4
91014 1
91015 1
91016 2
91017 2
91018 4
91019 0
91020 3
91021 3
91022 2
91023 0
91024 0
91025 0
91026 3
91027 2
91028 3
91029 3
91030 0
91031 1
91032 0
91033 3
91034 3
91035 4
91036 0
91037 3
91038 4
91039 0
91040 3
91041 0
91042 0
91043 0
91044 0
91045 1
91046 1
91047 5
91048 3
91049 3
91050 4
91051 0
91052 0
91053 0
91054 0
91055 1
91056 2
91057 0
91058 1
91059 3
91060 1
91061 1
91062 3
91063 4
91064 3
91065 4
91066 3
91067 2
91068 2
91069 0
91070 1
91071 0
91072 3
91073 0
91074 4
91075 1
91076 1
91077 2
91078 1
91079 2
91080 1
91081 0
91082 5
91083 1
91084 0
91085 3
91086 4
91087 5
91088 2
91089 0
91090 3
91091 2
91092 4
91093 2
91094 1
91095 6
91096 0
91097 0
91098 3
91099 1
91100 1
91101 0
91102 1
91103 2
91104 0
91105 1
91106 5
91107 3
91108 1
91109 3
91110 5
91111 0
91112 2
91113 1
91114 0
91115 2
91116 3
91117 0
91118 3
91119 0
91120 3
91121 2
91122 1
91123 0
91124 3
91125 4
91126 5
91127 3
91128 3
91129 3
91130 0
91131 4
91132 5
91133 1
91134 2
91135 4
91136 2
91137 1
91138 1
91139 0
91140 1
91141 0
91142 5
91143 3
91144 2
91145 2
91146 5
91147 0
91148 4
91149 2
91150 3
91151 5
91152 3
91153 0
91154 3
91155 2
91156 2
91157 3
91158 2
91159 5
91160 2
91161 3
91162 4
91163 1
91164 0
91165 3
91166 4
91167 4
91168 1
91169 2
91170 2
91171 3
91172 1
91173 5
91174 5
91175 2
91176 2
91177 1
91178 4
91179 1
91180 4
91181 3
91182 0
91183 3
91184 2
91185 3
91186 2
91187 4
91188 1
91189 2
91190 4
91191 1
91192 2
91193 1
91194 1
91195 5
91196 5
91197 2
91198 1
91199 0
91200 4
91201 1
91202 1
91203 4
91204 2
91205 5
91206 1
91207 1
91208 2
91209 2
91210 2
91211 4
91212 1
91213 2
91214 3
91215 0
91216 4
91217 1
91218 0
91219 1
91220 3
91221 2
91222 0
91223 0
91224 1
91225 5
91226 1
91227 5
91228 2
91229 1
91230 2
91231 3
91232 2
91233 2
91234 1
91235 2
91236 0
91237 5
91238 3
91239 2
91240 3
91241 4
91242 0
91243 5
91244 1
91245 1
91246 3
91247 1
91248 1
91249 2
91250 4
91251 1
91252 0
91253 3
91254 1
91255 1
91256 1
91257 5
91258 4
91259 2
91260 0
91261 5
91262 2
91263 2
91264 1
91265 1
91266 2
91267 2
91268 0
91269 1
91270 0
91271 1
91272 3
91273 4
91274 1
91275 5
91276 0
91277 2
91278 4
91279 0
91280 1
91281 3
91282 3
91283 3
91284 2
91285 0
91286 4
91287 3
91288 4
91289 3
91290 3
91291 4
91292 4
91293 3
91294 2
91295 3
91296 5
91297 4
91298 5
91299 5
91300 3
91301 3
91302 6
91303 4
91304 0
91305 0
91306 2
91307 3
91308 0
91309 3
91310 2
91311 3
91312 4
91313 2
91314 2
91315 1
91316 2
91317 3
91318 2
91319 2
91320 2
91321 2
91322 2
91323 5
91324 3
91325 3
91326 1
91327 2
91328 2
91329 5
91330 5
91331 0
91332 0
91333 0
91334 2
91335 1
91336 2
91337 0
91338 3
91339 3
91340 4
91341 5
91342 1
91343 0
91344 1
91345 2
91346 1
91347 1
91348 5
91349 2
91350 5
91351 1
91352 0
91353 3
91354 2
91355 3
91356 0
91357 0
91358 3
91359 2
91360 3
91361 0
91362 4
91363 3
91364 0
91365 2
91366 2
91367 1
91368 0
91369 2
91370 1
91371 3
91372 0
91373 3
91374 2
91375 0
91376 4
91377 0
91378 1
91379 3
91380 1
91381 0
91382 4
91383 3
91384 1
91385 1
91386 0
91387 1
91388 0
91389 3
91390 2
91391 3
91392 4
91393 1
91394 5
91395 0
91396 4
91397 3
91398 2
91399 1
91400 2
91401 1
91402 2
91403 2
91404 3
91405 3
91406 3
91407 1
91408 1
91409 3
91410 1
91411 5
91412 4
91413 2
91414 1
91415 1
91416 5
91417 2
91418 2
91419 0
91420 5
91421 3
91422 1
91423 1
91424 5
91425 0
91426 2
91427 1
91428 1
91429 3
91430 5
91431 1
91432 2
91433 2
91434 2
91435 3
91436 2
91437 3
91438 4
91439 2
91440 1
91441 2
91442 2
91443 2
91444 1
91445 0
91446 1
91447 2
91448 4
91449 4
91450 2
91451 3
91452 4
91453 2
91454 0
91455 3
91456 5
91457 3
91458 3
91459 3
91460 4
91461 3
91462 2
91463 1
91464 0
91465 0
91466 4
91467 2
91468 2
91469 1
91470 0
91471 0
91472 3
91473 5
91474 2
91475 2
91476 2
91477 1
91478 2
91479 1
91480 0
91481 5
91482 2
91483 3
91484 3
91485 4
91486 0
91487 2
91488 1
91489 3
91490 2
91491 1
91492 0
91493 2
91494 2
91495 4
91496 4
91497 3
91498 2
91499 3
91500 3
91501 4
91502 1
91503 4
91504 1
91505 4
91506 1
91507 3
91508 0
91509 1
91510 5
91511 0
91512 0
91513 2
91514 3
91515 4
91516 3
91517 0
91518 3
91519 0
91520 4
91521 1
91522 3
91523 2
91524 5
91525 3
91526 2
91527 1
91528 3
91529 3
91530 1
91531 3
91532 3
91533 2
91534 4
91535 3
91536 4
91537 2
91538 0
91539 0
91540 2
91541 3
91542 4
91543 2
91544 2
91545 0
91546 3
91547 4
91548 2
91549 3
91550 2
91551 0
91552 4
91553 4
91554 4
91555 0
91556 2
91557 4
91558 2
91559 3
91560 3
91561 2
91562 1
91563 0
91564 3
91565 1
91566 4
91567 4
91568 5
91569 2
91570 4
91571 3
91572 0
91573 0
91574 2
91575 2
91576 0
91577 4
91578 0
91579 3
91580 3
91581 4
91582 4
91583 0
91584 3
91585 1
91586 1
91587 1
91588 3
91589 1
91590 2
91591 3
91592 5
91593 3
91594 0
91595 1
91596 0
91597 0
91598 3
91599 1
91600 3
91601 3
91602 3
91603 4
91604 1
91605 3
91606 4
91607 2
91608 0
91609 2
91610 3
91611 4
91612 0
91613 2
91614 0
91615 3
91616 0
91617 3
91618 5
91619 4
91620 1
91621 1
91622 3
91623 3
91624 5
91625 1
91626 5
91627 4
91628 2
91629 2
91630 1
91631 1
91632 4
91633 2
91634 2
91635 2
91636 1
91637 2
91638 2
91639 1
91640 1
91641 4
91642 3
91643 4
91644 2
91645 3
91646 3
91647 4
91648 1
91649 1
91650 2
91651 0
91652 4
91653 3
91654 2
91655 4
91656 3
91657 0
91658 4
91659 0
91660 3
91661 1
91662 1
91663 2
91664 3
91665 0
91666 2
91667 2
91668 3
91669 3
91670 1
91671 3
91672 3
91673 3
91674 5
91675 2
91676 3
91677 2
91678 2
91679 4
91680 4
91681 1
91682 0
91683 3
91684 4
91685 4
91686 3
91687 3
91688 4
91689 3
91690 1
91691 4
91692 5
91693 2
91694 0
91695 3
91696 3
91697 1
91698 3
91699 1
91700 2
91701 0
91702 4
91703 2
91704 2
91705 2
91706 5
91707 4
91708 2
91709 3
91710 2
91711 4
91712 1
91713 0
91714 3
91715 0
91716 4
91717 1
91718 1
91719 0
91720 0
91721 0
91722 6
91723 1
91724 2
91725 5
91726 4
91727 2
91728 3
91729 4
91730 1
91731 2
91732 4
91733 3
91734 2
91735 1
91736 3
91737 3
91738 3
91739 0
91740 1
91741 1
91742 0
91743 3
91744 1
91745 3
91746 3
91747 1
91748 3
91749 1
91750 3
91751 0
91752 1
91753 1
91754 3
91755 3
91756 2
91757 0
91758 1
91759 1
91760 3
91761 2
91762 3
91763 0
91764 2
91765 2
91766 2
91767 4
91768 0
91769 1
91770 3
91771 3
91772 2
91773 2
91774 5
91775 4
91776 4
91777 0
91778 2
91779 1
91780 3
91781 3
91782 0
91783 1
91784 4
91785 4
91786 4
91787 4
91788 2
91789 4
91790 2
91791 1
91792 1
91793 1
91794 3
91795 4
91796 1
91797 1
91798 0
91799 5
91800 1
91801 1
91802 3
91803 3
91804 3
91805 3
91806 4
91807 0
91808 0
91809 0
91810 2
91811 0
91812 3
91813 1
91814 1
91815 2
91816 2
91817 3
91818 5
91819 3
91820 2
91821 3
91822 5
91823 5
91824 1
91825 2
91826 3
91827 1
91828 2
91829 3
91830 2
91831 2
91832 3
91833 2
91834 4
91835 5
91836 3
91837 4
91838 3
91839 0
91840 1
91841 1
91842 3
91843 1
91844 1
91845 0
91846 3
91847 5
91848 2
91849 5
91850 3
91851 1
91852 1
91853 4
91854 2
91855 4
91856 2
91857 4
91858 3
91859 2
91860 0
91861 0
91862 1
91863 1
91864 4
91865 4
91866 3
91867 0
91868 2
91869 4
91870 6
91871 2
91872 1
91873 1
91874 2
91875 2
91876 1
91877 4
91878 5
91879 5
91880 1
91881 0
91882 5
91883 3
91884 4
91885 1
91886 3
91887 5
91888 1
91889 1
91890 3
91891 2
91892 4
91893 1
91894 2
91895 4
91896 2
91897 5
91898 3
91899 4
91900 4
91901 3
91902 4
91903 3
91904 1
91905 2
91906 2
91907 1
91908 5
91909 3
91910 0
91911 2
91912 3
91913 2
91914 5
91915 4
91916 4
91917 4
91918 1
91919 0
91920 4
91921 3
91922 2
91923 3
91924 4
91925 4
91926 1
91927 1
91928 1
91929 2
91930 4
91931 1
91932 4
91933 0
91934 2
91935 0
91936 2
91937 1
91938 3
91939 5
91940 1
91941 1
91942 1
91943 4
91944 0
91945 5
91946 6
91947 2
91948 4
91949 3
91950 4
91951 1
91952 4
91953 2
91954 2
91955 0
91956 3
91957 1
91958 4
91959 3
91960 0
91961 4
91962 1
91963 5
91964 2
91965 2
91966 3
91967 0
91968 1
91969 6
91970 3
91971 0
91972 4
91973 3
91974 0
91975 3
91976 1
91977 0
91978 1
91979 4
91980 2
91981 6
91982 0
91983 0
91984 3
91985 1
91986 0
91987 4
91988 4
91989 2
91990 0
91991 1
91992 0
91993 1
91994 1
91995 3
91996 0
91997 2
91998 4
91999 2
92000 1
92001 2
92002 2
92003 1
92004 0
92005 0
92006 2
92007 2
92008 0
92009 3
92010 0
92011 4
92012 3
92013 4
92014 4
92015 2
92016 2
92017 3
92018 3
92019 4
92020 1
92021 1
92022 3
92023 5
92024 3
92025 3
92026 2
92027 0
92028 4
92029 0
92030 3
92031 1
92032 2
92033 0
92034 0
92035 0
92036 4
92037 2
92038 4
92039 0
92040 4
92041 2
92042 5
92043 4
92044 0
92045 3
92046 1
92047 3
92048 6
92049 2
92050 4
92051 0
92052 3
92053 1
92054 4
92055 2
92056 2
92057 0
92058 2
92059 4
92060 1
92061 0
92062 4
92063 2
92064 4
92065 0
92066 5
92067 0
92068 0
92069 2
92070 3
92071 4
92072 0
92073 4
92074 1
92075 1
92076 2
92077 1
92078 1
92079 4
92080 2
92081 3
92082 4
92083 2
92084 1
92085 0
92086 0
92087 3
92088 1
92089 2
92090 1
92091 2
92092 3
92093 1
92094 2
92095 3
92096 2
92097 2
92098 3
92099 1
92100 0
92101 0
92102 3
92103 1
92104 0
92105 2
92106 0
92107 1
92108 0
92109 0
92110 0
92111 3
92112 4
92113 1
92114 0
92115 4
92116 4
92117 3
92118 1
92119 0
92120 1
92121 3
92122 3
92123 5
92124 2
92125 1
92126 4
92127 0
92128 2
92129 0
92130 0
92131 0
92132 0
92133 3
92134 4
92135 1
92136 4
92137 4
92138 1
92139 6
92140 3
92141 3
92142 5
92143 5
92144 3
92145 1
92146 2
92147 5
92148 0
92149 1
92150 2
92151 4
92152 0
92153 0
92154 3
92155 4
92156 2
92157 2
92158 3
92159 1
92160 3
92161 1
92162 0
92163 1
92164 4
92165 1
92166 2
92167 5
92168 0
92169 2
92170 1
92171 2
92172 5
92173 1
92174 2
92175 2
92176 2
92177 0
92178 1
92179 1
92180 3
92181 4
92182 5
92183 1
92184 5
92185 2
92186 1
92187 3
92188 3
92189 4
92190 4
92191 4
92192 0
92193 2
92194 3
92195 1
92196 2
92197 1
92198 5
92199 0
92200 4
92201 1
92202 2
92203 2
92204 1
92205 1
92206 0
92207 0
92208 0
92209 0
92210 0
92211 2
92212 3
92213 1
92214 4
92215 1
92216 0
92217 1
92218 2
92219 5
92220 1
92221 2
92222 0
92223 4
92224 0
92225 2
92226 5
92227 1
92228 2
92229 3
92230 0
92231 2
92232 1
92233 3
92234 3
92235 2
92236 0
92237 4
92238 3
92239 4
92240 1
92241 1
92242 2
92243 3
92244 2
92245 4
92246 2
92247 2
92248 0
92249 1
92250 2
92251 1
92252 4
92253 1
92254 1
92255 0
92256 1
92257 2
92258 2
92259 3
92260 0
92261 2
92262 3
92263 4
92264 0
92265 4
92266 1
92267 0
92268 3
92269 3
92270 0
92271 4
92272 0
92273 2
92274 2
92275 0
92276 4
92277 2
92278 2
92279 0
92280 3
92281 2
92282 2
92283 0
92284 0
92285 2
92286 1
92287 0
92288 2
92289 1
92290 3
92291 3
92292 0
92293 6
92294 2
92295 3
92296 0
92297 2
92298 1
92299 1
92300 4
92301 3
92302 3
92303 1
92304 2
92305 0
92306 3
92307 1
92308 1
92309 0
92310 0
92311 2
92312 2
92313 4
92314 1
92315 4
92316 0
92317 0
92318 4
92319 5
92320 2
92321 2
92322 2
92323 1
92324 2
92325 2
92326 2
92327 3
92328 2
92329 2
92330 2
92331 4
92332 1
92333 5
92334 2
92335 2
92336 2
92337 1
92338 5
92339 2
92340 3
92341 1
92342 0
92343 1
92344 1
92345 2
92346 3
92347 3
92348 1
92349 5
92350 5
92351 3
92352 0
92353 6
92354 3
92355 5
92356 1
92357 1
92358 2
92359 3
92360 2
92361 0
92362 1
92363 0
92364 3
92365 1
92366 4
92367 1
92368 1
92369 3
92370 1
92371 3
92372 6
92373 3
92374 2
92375 1
92376 1
92377 2
92378 3
92379 4
92380 1
92381 0
92382 3
92383 0
92384 4
92385 1
92386 2
92387 2
92388 1
92389 5
92390 0
92391 2
92392 2
92393 1
92394 3
92395 3
92396 0
92397 4
92398 3
92399 2
92400 5
92401 3
92402 2
92403 1
92404 4
92405 1
92406 1
92407 2
92408 1
92409 0
92410 2
92411 3
92412 3
92413 4
92414 1
92415 1
92416 1
92417 1
92418 2
92419 2
92420 0
92421 5
92422 2
92423 2
92424 0
92425 0
92426 2
92427 4
92428 0
92429 1
92430 1
92431 4
92432 2
92433 2
92434 1
92435 0
92436 0
92437 2
92438 3
92439 0
92440 0
92441 3
92442 5
92443 2
92444 0
92445 0
92446 3
92447 5
92448 1
92449 3
92450 1
92451 3
92452 6
92453 4
92454 0
92455 3
92456 1
92457 2
92458 0
92459 1
92460 4
92461 3
92462 5
92463 4
92464 4
92465 1
92466 2
92467 2
92468 1
92469 0
92470 2
92471 1
92472 2
92473 2
92474 1
92475 2
92476 0
92477 0
92478 4
92479 4
92480 2
92481 3
92482 1
92483 3
92484 4
92485 2
92486 0
92487 5
92488 0
92489 0
92490 4
92491 1
92492 4
92493 3
92494 4
92495 0
92496 5
92497 4
92498 4
92499 2
92500 0
92501 1
92502 0
92503 3
92504 2
92505 2
92506 1
92507 5
92508 0
92509 4
92510 0
92511 2
92512 1
92513 2
92514 1
92515 1
92516 5
92517 3
92518 0
92519 4
92520 0
92521 4
92522 2
92523 5
92524 0
92525 3
92526 1
92527 0
92528 5
92529 4
92530 5
92531 4
92532 0
92533 5
92534 0
92535 5
92536 3
92537 2
92538 2
92539 4
92540 5
92541 1
92542 4
92543 1
92544 3
92545 5
92546 1
92547 3
92548 4
92549 2
92550 3
92551 0
92552 1
92553 3
92554 4
92555 3
92556 0
92557 0
92558 6
92559 4
92560 1
92561 2
92562 2
92563 0
92564 2
92565 4
92566 0
92567 1
92568 4
92569 3
92570 3
92571 2
92572 1
92573 0
92574 3
92575 0
92576 3
92577 0
92578 4
92579 0
92580 4
92581 6
92582 5
92583 0
92584 0
92585 4
92586 3
92587 3
92588 2
92589 0
92590 5
92591 4
92592 3
92593 0
92594 4
92595 5
92596 0
92597 2
92598 3
92599 4
92600 1
92601 1
92602 5
92603 4
92604 1
92605 4
92606 5
92607 4
92608 2
92609 3
92610 1
92611 4
92612 0
92613 0
92614 0
92615 2
92616 3
92617 1
92618 2
92619 3
92620 4
92621 2
92622 2
92623 3
92624 2
92625 3
92626 1
92627 1
92628 3
92629 0
92630 0
92631 3
92632 0
92633 0
92634 1
92635 1
92636 0
92637 4
92638 0
92639 3
92640 1
92641 3
92642 5
92643 3
92644 2
92645 3
92646 1
92647 1
92648 0
92649 1
92650 0
92651 0
92652 1
92653 2
92654 3
92655 2
92656 3
92657 2
92658 0
92659 1
92660 1
92661 0
92662 0
92663 1
92664 0
92665 1
92666 3
92667 4
92668 3
92669 1
92670 0
92671 2
92672 5
92673 4
92674 3
92675 5
92676 1
92677 4
92678 0
92679 5
92680 2
92681 4
92682 4
92683 2
92684 1
92685 1
92686 1
92687 0
92688 2
92689 1
92690 1
92691 0
92692 0
92693 2
92694 2
92695 3
92696 2
92697 3
92698 5
92699 0
92700 0
92701 3
92702 5
92703 3
92704 2
92705 2
92706 2
92707 4
92708 4
92709 0
92710 5
92711 4
92712 3
92713 2
92714 0
92715 3
92716 1
92717 1
92718 5
92719 3
92720 2
92721 3
92722 3
92723 5
92724 4
92725 1
92726 0
92727 3
92728 1
92729 2
92730 2
92731 2
92732 2
92733 1
92734 3
92735 0
92736 1
92737 0
92738 2
92739 0
92740 0
92741 1
92742 3
92743 5
92744 1
92745 1
92746 3
92747 0
92748 2
92749 0
92750 3
92751 2
92752 1
92753 1
92754 4
92755 4
92756 4
92757 0
92758 2
92759 2
92760 3
92761 2
92762 0
92763 0
92764 4
92765 2
92766 3
92767 3
92768 0
92769 5
92770 0
92771 1
92772 3
92773 4
92774 2
92775 0
92776 1
92777 4
92778 2
92779 4
92780 4
92781 2
92782 2
92783 4
92784 4
92785 4
92786 3
92787 2
92788 2
92789 1
92790 1
92791 5
92792 0
92793 1
92794 0
92795 4
92796 2
92797 2
92798 0
92799 5
92800 3
92801 1
92802 0
92803 3
92804 2
92805 5
92806 4
92807 4
92808 5
92809 1
92810 1
92811 5
92812 5
92813 4
92814 0
92815 3
92816 3
92817 3
92818 4
92819 1
92820 3
92821 4
92822 1
92823 1
92824 3
92825 0
92826 0
92827 2
92828 3
92829 5
92830 5
92831 2
92832 3
92833 4
92834 2
92835 4
92836 3
92837 2
92838 1
92839 5
92840 3
92841 1
92842 3
92843 3
92844 3
92845 2
92846 3
92847 1
92848 2
92849 1
92850 5
92851 2
92852 3
92853 2
92854 1
92855 0
92856 0
92857 4
92858 4
92859 1
92860 4
92861 1
92862 4
92863 3
92864 1
92865 1
92866 1
92867 4
92868 1
92869 1
92870 2
92871 0
92872 0
92873 3
92874 2
92875 2
92876 2
92877 4
92878 4
92879 3
92880 1
92881 3
92882 3
92883 1
92884 4
92885 1
92886 1
92887 3
92888 3
92889 4
92890 0
92891 2
92892 4
92893 1
92894 0
92895 4
92896 2
92897 1
92898 3
92899 1
92900 4
92901 3
92902 3
92903 3
92904 0
92905 1
92906 1
92907 0
92908 1
92909 0
92910 3
92911 0
92912 3
92913 1
92914 0
92915 0
92916 2
92917 2
92918 4
92919 2
92920 1
92921 1
92922 0
92923 0
92924 4
92925 0
92926 1
92927 2
92928 0
92929 0
92930 1
92931 2
92932 1
92933 0
92934 0
92935 3
92936 2
92937 3
92938 1
92939 3
92940 0
92941 3
92942 3
92943 4
92944 4
92945 4
92946 2
92947 0
92948 1
92949 0
92950 2
92951 2
92952 3
92953 4
92954 5
92955 3
92956 4
92957 0
92958 4
92959 3
92960 2
92961 1
92962 2
92963 4
92964 3
92965 2
92966 4
92967 0
92968 1
92969 3
92970 0
92971 0
92972 0
92973 3
92974 3
92975 2
92976 2
92977 0
92978 2
92979 1
92980 1
92981 4
92982 2
92983 2
92984 3
92985 4
92986 2
92987 1
92988 0
92989 1
92990 3
92991 3
92992 2
92993 3
92994 0
92995 2
92996 1
92997 3
92998 2
92999 1
93000 0
93001 3
93002 1
93003 0
93004 1
93005 1
93006 0
93007 2
93008 4
93009 2
93010 0
93011 3
93012 3
93013 0
93014 3
93015 0
93016 3
93017 1
93018 3
93019 4
93020 2
93021 0
93022 0
93023 5
93024 3
93025 2
93026 0
93027 1
93028 5
93029 5
93030 2
93031 5
93032 0
93033 4
93034 2
93035 0
93036 1
93037 1
93038 3
93039 5
93040 2
93041 1
93042 3
93043 4
93044 4
93045 0
93046 2
93047 2
93048 1
93049 3
93050 3
93051 1
93052 5
93053 5
93054 1
93055 0
93056 1
93057 2
93058 0
93059 2
93060 4
93061 1
93062 0
93063 3
93064 3
93065 2
93066 1
93067 0
93068 0
93069 2
93070 5
93071 3
93072 5
93073 0
93074 0
93075 4
93076 2
93077 3
93078 2
93079 3
93080 0
93081 4
93082 1
93083 2
93084 2
93085 3
93086 2
93087 4
93088 1
93089 4
93090 1
93091 4
93092 4
93093 3
93094 0
93095 2
93096 0
93097 3
93098 2
93099 4
93100 4
93101 0
93102 0
93103 0
93104 1
93105 3
93106 0
93107 4
93108 1
93109 0
93110 4
93111 0
93112 1
93113 2
93114 3
93115 2
93116 0
93117 1
93118 3
93119 1
93120 4
93121 1
93122 0
93123 0
93124 4
93125 2
93126 5
93127 4
93128 2
93129 4
93130 5
93131 1
93132 1
93133 0
93134 4
93135 2
93136 4
93137 0
93138 3
93139 4
93140 4
93141 2
93142 2
93143 1
93144 0
93145 3
93146 3
93147 3
93148 2
93149 1
93150 0
93151 1
93152 5
93153 4
93154 3
93155 2
93156 4
93157 0
93158 2
93159 3
93160 1
93161 1
93162 0
93163 0
93164 1
93165 0
93166 1
93167 3
93168 2
93169 2
93170 4
93171 2
93172 3
93173 1
93174 3
93175 3
93176 0
93177 3
93178 4
93179 5
93180 1
93181 0
93182 3
93183 0
93184 0
93185 5
93186 4
93187 0
93188 2
93189 0
93190 2
93191 2
93192 0
93193 0
93194 0
93195 4
93196 0
93197 2
93198 0
93199 3
93200 0
93201 3
93202 5
93203 2
93204 0
93205 4
93206 1
93207 0
93208 1
93209 3
93210 4
93211 4
93212 2
93213 4
93214 3
93215 4
93216 0
93217 4
93218 2
93219 1
93220 0
93221 3
93222 3
93223 2
93224 1
93225 0
93226 1
93227 0
93228 1
93229 1
93230 1
93231 0
93232 0
93233 1
93234 2
93235 1
93236 1
93237 3
93238 3
93239 1
93240 5
93241 4
93242 3
93243 3
93244 5
93245 1
93246 0
93247 5
93248 3
93249 2
93250 4
93251 1
93252 1
93253 2
93254 0
93255 2
93256 0
93257 4
93258 1
93259 4
93260 3
93261 2
93262 4
93263 5
93264 5
93265 4
93266 2
93267 4
93268 1
93269 1
93270 1
93271 0
93272 0
93273 3
93274 1
93275 2
93276 4
93277 2
93278 2
93279 3
93280 2
93281 0
93282 2
93283 3
93284 0
93285 5
93286 4
93287 0
93288 0
93289 3
93290 5
93291 2
93292 0
93293 3
93294 4
93295 4
93296 2
93297 3
93298 3
93299 5
93300 2
93301 1
93302 0
93303 2
93304 2
93305 1
93306 3
93307 1
93308 0
93309 2
93310 1
93311 4
93312 0
93313 1
93314 0
93315 4
93316 1
93317 0
93318 3
93319 0
93320 1
93321 0
93322 3
93323 3
93324 2
93325 2
93326 5
93327 0
93328 4
93329 3
93330 2
93331 5
93332 3
93333 3
93334 2
93335 1
93336 2
93337 3
93338 1
93339 0
93340 4
93341 1
93342 1
93343 3
93344 1
93345 5
93346 2
93347 5
93348 2
93349 3
93350 3
93351 0
93352 2
93353 5
93354 3
93355 4
93356 3
93357 3
93358 2
93359 3
93360 3
93361 3
93362 1
93363 2
93364 4
93365 4
93366 4
93367 1
93368 0
93369 4
93370 0
93371 2
93372 3
93373 2
93374 0
93375 0
93376 2
93377 3
93378 2
93379 1
93380 1
93381 2
93382 5
93383 0
93384 1
93385 2
93386 3
93387 3
93388 1
93389 4
93390 1
93391 0
93392 5
93393 1
93394 1
93395 3
93396 4
93397 2
93398 2
93399 0
93400 0
93401 4
93402 4
93403 3
93404 1
93405 3
93406 4
93407 0
93408 2
93409 2
93410 4
93411 0
93412 0
93413 3
93414 3
93415 5
93416 3
93417 3
93418 3
93419 1
93420 3
93421 3
93422 3
93423 3
93424 4
93425 4
93426 0
93427 0
93428 0
93429 2
93430 4
93431 0
93432 3
93433 2
93434 1
93435 2
93436 0
93437 1
93438 3
93439 4
93440 1
93441 2
93442 0
93443 6
93444 5
93445 0
93446 4
93447 1
93448 4
93449 5
93450 2
93451 2
93452 1
93453 4
93454 4
93455 0
93456 3
93457 4
93458 0
93459 2
93460 1
93461 1
93462 1
93463 1
93464 3
93465 4
93466 5
93467 3
93468 1
93469 0
93470 2
93471 5
93472 0
93473 5
93474 1
93475 3
93476 1
93477 2
93478 3
93479 3
93480 2
93481 3
93482 1
93483 4
93484 2
93485 3
93486 3
93487 1
93488 3
93489 0
93490 1
93491 2
93492 0
93493 1
93494 0
93495 5
93496 2
93497 1
93498 4
93499 1
93500 1
93501 4
93502 3
93503 0
93504 2
93505 2
93506 1
93507 1
93508 0
93509 2
93510 1
93511 0
93512 0
93513 4
93514 0
93515 4
93516 3
93517 2
93518 1
93519 2
93520 0
93521 1
93522 1
93523 4
93524 4
93525 4
93526 2
93527 1
93528 4
93529 3
93530 4
93531 1
93532 1
93533 4
93534 0
93535 1
93536 3
93537 4
93538 1
93539 1
93540 1
93541 0
93542 2
93543 3
93544 3
93545 4
93546 2
93547 3
93548 2
93549 1
93550 2
93551 3
93552 4
93553 2
93554 4
93555 0
93556 1
93557 4
93558 3
93559 5
93560 5
93561 0
93562 3
93563 1
93564 0
93565 3
93566 0
93567 3
93568 3
93569 2
93570 3
93571 2
93572 5
93573 5
93574 3
93575 5
93576 2
93577 3
93578 1
93579 0
93580 0
93581 0
93582 3
93583 1
93584 4
93585 1
93586 5
93587 1
93588 2
93589 3
93590 0
93591 2
93592 3
93593 1
93594 3
93595 1
93596 2
93597 4
93598 2
93599 0
93600 5
93601 1
93602 2
93603 3
93604 2
93605 4
93606 0
93607 0
93608 3
93609 1
93610 0
93611 5
93612 2
93613 2
93614 1
93615 3
93616 4
93617 1
93618 1
93619 3
93620 4
93621 3
93622 1
93623 4
93624 4
93625 0
93626 3
93627 4
93628 5
93629 3
93630 3
93631 2
93632 0
93633 4
93634 1
93635 5
93636 2
93637 0
93638 2
93639 3
93640 3
93641 2
93642 1
93643 1
93644 0
93645 2
93646 0
93647 0
93648 0
93649 5
93650 0
93651 1
93652 4
93653 2
93654 3
93655 0
93656 4
93657 2
93658 2
93659 2
93660 5
93661 0
93662 6
93663 0
93664 1
93665 2
93666 3
93667 2
93668 4
93669 4
93670 0
93671 2
93672 5
93673 3
93674 3
93675 1
93676 3
93677 3
93678 2
93679 1
93680 0
93681 0
93682 0
93683 2
93684 4
93685 2
93686 2
93687 2
93688 3
93689 1
93690 3
93691 3
93692 4
93693 1
93694 2
93695 1
93696 0
93697 3
93698 0
93699 3
93700 0
93701 1
93702 1
93703 2
93704 3
93705 3
93706 3
93707 3
93708 3
93709 4
93710 4
93711 4
93712 4
93713 1
93714 1
93715 2
93716 0
93717 0
93718 3
93719 1
93720 4
93721 0
93722 2
93723 4
93724 3
93725 0
93726 4
93727 1
93728 2
93729 2
93730 2
93731 1
93732 4
93733 2
93734 3
93735 2
93736 2
93737 1
93738 2
93739 2
93740 1
93741 4
93742 5
93743 0
93744 3
93745 1
93746 1
93747 0
93748 3
93749 3
93750 4
93751 2
93752 1
93753 0
93754 5
93755 0
93756 3
93757 2
93758 2
93759 5
93760 0
93761 1
93762 1
93763 4
93764 2
93765 2
93766 4
93767 1
93768 3
93769 1
93770 3
93771 0
93772 0
93773 4
93774 0
93775 2
93776 1
93777 0
93778 4
93779 5
93780 2
93781 0
93782 3
93783 1
93784 2
93785 3
93786 3
93787 3
93788 3
93789 2
93790 2
93791 0
93792 2
93793 4
93794 1
93795 3
93796 0
93797 2
93798 0
93799 0
93800 4
93801 2
93802 1
93803 1
93804 1
93805 5
93806 3
93807 2
93808 0
93809 0
93810 4
93811 0
93812 1
93813 3
93814 1
93815 2
93816 2
93817 3
93818 4
93819 3
93820 2
93821 3
93822 1
93823 4
93824 5
93825 1
93826 0
93827 0
93828 0
93829 2
93830 3
93831 3
93832 2
93833 3
93834 0
93835 3
93836 3
93837 4
93838 3
93839 5
93840 0
93841 0
93842 4
93843 2
93844 3
93845 5
93846 4
93847 5
93848 5
93849 1
93850 0
93851 1
93852 0
93853 5
93854 3
93855 4
93856 4
93857 2
93858 1
93859 1
93860 1
93861 0
93862 1
93863 1
93864 4
93865 5
93866 2
93867 1
93868 5
93869 2
93870 1
93871 2
93872 2
93873 4
93874 1
93875 1
93876 0
93877 5
93878 2
93879 1
93880 3
93881 3
93882 3
93883 4
93884 4
93885 5
93886 0
93887 4
93888 2
93889 3
93890 2
93891 0
93892 2
93893 4
93894 0
93895 5
93896 4
93897 3
93898 0
93899 4
93900 3
93901 0
93902 1
93903 1
93904 0
93905 3
93906 3
93907 5
93908 0
93909 0
93910 4
93911 2
93912 3
93913 1
93914 0
93915 2
93916 1
93917 1
93918 2
93919 3
93920 0
93921 0
93922 1
93923 4
93924 1
93925 2
93926 5
93927 0
93928 2
93929 5
93930 3
93931 4
93932 4
93933 2
93934 2
93935 4
93936 1
93937 0
93938 2
93939 1
93940 1
93941 2
93942 0
93943 3
93944 3
93945 1
93946 0
93947 3
93948 4
93949 0
93950 3
93951 2
93952 1
93953 1
93954 1
93955 1
93956 3
93957 1
93958 0
93959 2
93960 2
93961 4
93962 0
93963 0
93964 0
93965 4
93966 1
93967 3
93968 1
93969 1
93970 4
93971 3
93972 2
93973 3
93974 4
93975 3
93976 3
93977 2
93978 2
93979 0
93980 0
93981 0
93982 3
93983 5
93984 3
93985 1
93986 2
93987 3
93988 3
93989 1
93990 3
93991 1
93992 0
93993 1
93994 2
93995 4
93996 0
93997 0
93998 1
93999 1
94000 2
94001 1
94002 1
94003 3
94004 2
94005 2
94006 2
94007 4
94008 0
94009 2
94010 3
94011 2
94012 3
94013 2
94014 1
94015 1
94016 4
94017 4
94018 3
94019 6
94020 2
94021 1
94022 5
94023 1
94024 4
94025 0
94026 1
94027 1
94028 3
94029 2
94030 2
94031 2
94032 3
94033 2
94034 3
94035 1
94036 2
94037 1
94038 4
94039 0
94040 3
94041 4
94042 2
94043 2
94044 2
94045 4
94046 2
94047 1
94048 3
94049 1
94050 3
94051 2
94052 3
94053 0
94054 4
94055 1
94056 2
94057 1
94058 1
94059 1
94060 3
94061 2
94062 0
94063 2
94064 3
94065 3
94066 4
94067 0
94068 1
94069 5
94070 1
94071 0
94072 2
94073 0
94074 4
94075 0
94076 0
94077 2
94078 4
94079 3
94080 3
94081 0
94082 3
94083 0
94084 0
94085 1
94086 5
94087 3
94088 4
94089 5
94090 1
94091 2
94092 4
94093 5
94094 5
94095 3
94096 1
94097 1
94098 1
94099 2
94100 1
94101 3
94102 4
94103 1
94104 0
94105 0
94106 0
94107 1
94108 2
94109 3
94110 3
94111 0
94112 2
94113 5
94114 1
94115 0
94116 3
94117 4
94118 1
94119 1
94120 0
94121 0
94122 2
94123 3
94124 4
94125 6
94126 4
94127 3
94128 3
94129 2
94130 4
94131 0
94132 1
94133 3
94134 3
94135 2
94136 5
94137 4
94138 3
94139 0
94140 0
94141 3
94142 0
94143 5
94144 4
94145 3
94146 2
94147 2
94148 3
94149 2
94150 0
94151 1
94152 1
94153 0
94154 2
94155 0
94156 3
94157 4
94158 5
94159 3
94160 4
94161 5
94162 6
94163 1
94164 0
94165 1
94166 2
94167 4
94168 3
94169 3
94170 1
94171 3
94172 2
94173 2
94174 4
94175 2
94176 5
94177 4
94178 2
94179 4
94180 5
94181 1
94182 4
94183 2
94184 5
94185 4
94186 3
94187 3
94188 1
94189 4
94190 1
94191 3
94192 3
94193 1
94194 3
94195 2
94196 1
94197 2
94198 2
94199 0
94200 1
94201 0
94202 0
94203 2
94204 1
94205 4
94206 4
94207 0
94208 0
94209 4
94210 3
94211 1
94212 4
94213 4
94214 4
94215 3
94216 0
94217 4
94218 4
94219 5
94220 2
94221 0
94222 0
94223 0
94224 0
94225 1
94226 4
94227 3
94228 1
94229 1
94230 0
94231 1
94232 3
94233 2
94234 3
94235 4
94236 2
94237 1
94238 2
94239 2
94240 2
94241 0
94242 3
94243 2
94244 0
94245 3
94246 4
94247 4
94248 2
94249 1
94250 4
94251 2
94252 6
94253 3
94254 3
94255 5
94256 2
94257 4
94258 0
94259 3
94260 1
94261 3
94262 3
94263 3
94264 1
94265 2
94266 3
94267 2
94268 0
94269 3
94270 3
94271 2
94272 0
94273 4
94274 0
94275 3
94276 2
94277 2
94278 3
94279 5
94280 3
94281 3
94282 1
94283 5
94284 0
94285 2
94286 2
94287 1
94288 3
94289 2
94290 5
94291 4
94292 1
94293 2
94294 2
94295 4
94296 0
94297 5
94298 0
94299 0
94300 2
94301 5
94302 0
94303 2
94304 1
94305 4
94306 4
94307 3
94308 4
94309 5
94310 3
94311 2
94312 5
94313 0
94314 4
94315 0
94316 3
94317 4
94318 0
94319 3
94320 4
94321 3
94322 3
94323 1
94324 5
94325 2
94326 0
94327 1
94328 5
94329 3
94330 1
94331 0
94332 1
94333 3
94334 3
94335 4
94336 4
94337 2
94338 2
94339 3
94340 2
94341 2
94342 4
94343 2
94344 2
94345 4
94346 3
94347 3
94348 3
94349 3
94350 4
94351 3
94352 2
94353 2
94354 4
94355 3
94356 3
94357 0
94358 1
94359 1
94360 1
94361 0
94362 2
94363 2
94364 2
94365 1
94366 0
94367 4
94368 1
94369 2
94370 1
94371 0
94372 4
94373 5
94374 3
94375 3
94376 3
94377 2
94378 1
94379 4
94380 5
94381 0
94382 4
94383 0
94384 5
94385 5
94386 0
94387 3
94388 2
94389 2
94390 5
94391 5
94392 3
94393 1
94394 1
94395 3
94396 3
94397 1
94398 2
94399 1
94400 0
94401 2
94402 1
94403 0
94404 0
94405 3
94406 1
94407 1
94408 1
94409 5
94410 3
94411 0
94412 2
94413 3
94414 0
94415 1
94416 0
94417 3
94418 3
94419 3
94420 2
94421 1
94422 3
94423 2
94424 2
94425 3
94426 4
94427 4
94428 3
94429 2
94430 3
94431 3
94432 1
94433 4
94434 3
94435 4
94436 2
94437 0
94438 5
94439 0
94440 4
94441 4
94442 0
94443 2
94444 4
94445 3
94446 1
94447 2
94448 5
94449 5
94450 0
94451 2
94452 0
94453 2
94454 0
94455 4
94456 2
94457 0
94458 5
94459 0
94460 2
94461 2
94462 0
94463 2
94464 4
94465 0
94466 4
94467 1
94468 0
94469 1
94470 4
94471 0
94472 0
94473 1
94474 0
94475 3
94476 5
94477 2
94478 4
94479 4
94480 1
94481 1
94482 0
94483 1
94484 4
94485 3
94486 1
94487 3
94488 1
94489 1
94490 4
94491 0
94492 4
94493 3
94494 3
94495 1
94496 3
94497 2
94498 3
94499 6
94500 0
94501 1
94502 3
94503 3
94504 2
94505 0
94506 3
94507 3
94508 3
94509 2
94510 1
94511 4
94512 1
94513 1
94514 0
94515 2
94516 2
94517 0
94518 4
94519 4
94520 2
94521 0
94522 3
94523 5
94524 4
94525 3
94526 1
94527 4
94528 2
94529 6
94530 4
94531 0
94532 0
94533 3
94534 3
94535 2
94536 0
94537 2
94538 3
94539 1
94540 1
94541 2
94542 3
94543 4
94544 3
94545 0
94546 4
94547 3
94548 5
94549 3
94550 3
94551 2
94552 4
94553 0
94554 1
94555 2
94556 2
94557 3
94558 2
94559 2
94560 1
94561 2
94562 0
94563 1
94564 3
94565 1
94566 5
94567 1
94568 2
94569 1
94570 5
94571 2
94572 0
94573 0
94574 3
94575 2
94576 5
94577 1
94578 2
94579 0
94580 1
94581 2
94582 3
94583 2
94584 1
94585 6
94586 0
94587 0
94588 2
94589 3
94590 1
94591 4
94592 4
94593 1
94594 3
94595 4
94596 1
94597 3
94598 4
94599 4
94600 1
94601 2
94602 3
94603 0
94604 1
94605 4
94606 4
94607 5
94608 0
94609 2
94610 3
94611 1
94612 3
94613 1
94614 3
94615 1
94616 3
94617 0
94618 1
94619 4
94620 2
94621 3
94622 1
94623 4
94624 2
94625 4
94626 0
94627 5
94628 5
94629 1
94630 1
94631 1
94632 4
94633 0
94634 1
94635 0
94636 3
94637 1
94638 2
94639 2
94640 0
94641 3
94642 5
94643 1
94644 2
94645 4
94646 4
94647 4
94648 4
94649 4
94650 1
94651 1
94652 0
94653 0
94654 1
94655 0
94656 1
94657 4
94658 3
94659 3
94660 5
94661 1
94662 4
94663 5
94664 4
94665 4
94666 1
94667 2
94668 0
94669 2
94670 1
94671 5
94672 1
94673 2
94674 3
94675 3
94676 5
94677 2
94678 3
94679 4
94680 2
94681 0
94682 5
94683 3
94684 1
94685 1
94686 0
94687 5
94688 3
94689 3
94690 0
94691 2
94692 3
94693 1
94694 1
94695 1
94696 3
94697 4
94698 2
94699 1
94700 3
94701 0
94702 2
94703 4
94704 2
94705 2
94706 1
94707 1
94708 0
94709 0
94710 2
94711 0
94712 4
94713 2
94714 5
94715 0
94716 3
94717 3
94718 2
94719 0
94720 0
94721 2
94722 1
94723 3
94724 0
94725 1
94726 4
94727 1
94728 5
94729 0
94730 0
94731 1
94732 2
94733 1
94734 4
94735 4
94736 1
94737 3
94738 1
94739 3
94740 1
94741 0
94742 5
94743 1
94744 2
94745 2
94746 0
94747 2
94748 1
94749 0
94750 0
94751 3
94752 3
94753 3
94754 0
94755 1
94756 4
94757 0
94758 3
94759 1
94760 3
94761 4
94762 4
94763 3
94764 2
94765 1
94766 3
94767 4
94768 0
94769 1
94770 4
94771 1
94772 3
94773 3
94774 4
94775 3
94776 1
94777 3
94778 5
94779 2
94780 3
94781 3
94782 1
94783 2
94784 3
94785 2
94786 5
94787 1
94788 2
94789 0
94790 1
94791 3
94792 3
94793 4
94794 3
94795 3
94796 1
94797 1
94798 5
94799 1
94800 3
94801 2
94802 0
94803 5
94804 6
94805 4
94806 4
94807 0
94808 4
94809 0
94810 0
94811 4
94812 2
94813 4
94814 3
94815 4
94816 4
94817 2
94818 3
94819 2
94820 3
94821 0
94822 0
94823 1
94824 2
94825 1
94826 3
94827 1
94828 4
94829 4
94830 2
94831 1
94832 4
94833 0
94834 1
94835 3
94836 1
94837 4
94838 1
94839 3
94840 1
94841 5
94842 0
94843 3
94844 0
94845 5
94846 2
94847 2
94848 3
94849 0
94850 0
94851 2
94852 3
94853 4
94854 4
94855 4
94856 1
94857 1
94858 1
94859 3
94860 3
94861 3
94862 0
94863 3
94864 1
94865 2
94866 2
94867 3
94868 4
94869 2
94870 5
94871 4
94872 0
94873 0
94874 4
94875 2
94876 1
94877 3
94878 3
94879 5
94880 2
94881 2
94882 0
94883 4
94884 3
94885 3
94886 2
94887 4
94888 4
94889 5
94890 3
94891 3
94892 5
94893 3
94894 2
94895 3
94896 1
94897 2
94898 0
94899 2
94900 2
94901 2
94902 1
94903 1
94904 5
94905 4
94906 0
94907 3
94908 2
94909 2
94910 2
94911 5
94912 4
94913 4
94914 4
94915 3
94916 1
94917 1
94918 2
94919 3
94920 0
94921 4
94922 3
94923 0
94924 3
94925 6
94926 3
94927 4
94928 4
94929 1
94930 0
94931 3
94932 4
94933 3
94934 3
94935 4
94936 5
94937 3
94938 4
94939 3
94940 0
94941 0
94942 1
94943 2
94944 1
94945 1
94946 4
94947 4
94948 0
94949 1
94950 5
94951 5
94952 4
94953 4
94954 2
94955 2
94956 2
94957 3
94958 1
94959 3
94960 4
94961 3
94962 3
94963 1
94964 3
94965 3
94966 4
94967 4
94968 4
94969 0
94970 3
94971 0
94972 4
94973 2
94974 5
94975 2
94976 1
94977 1
94978 5
94979 2
94980 2
94981 5
94982 1
94983 1
94984 4
94985 1
94986 4
94987 4
94988 2
94989 4
94990 4
94991 0
94992 1
94993 2
94994 4
94995 3
94996 4
94997 0
94998 0
94999 5
95000 2
95001 2
95002 1
95003 3
95004 3
95005 3
95006 0
95007 3
95008 0
95009 3
95010 2
95011 1
95012 3
95013 4
95014 4
95015 3
95016 1
95017 2
95018 0
95019 0
95020 2
95021 3
95022 4
95023 2
95024 1
95025 3
95026 3
95027 3
95028 1
95029 1
95030 3
95031 1
95032 1
95033 3
95034 0
95035 1
95036 3
95037 5
95038 1
95039 5
95040 4
95041 1
95042 2
95043 0
95044 0
95045 1
95046 2
95047 0
95048 0
95049 2
95050 5
95051 2
95052 4
95053 2
95054 3
95055 3
95056 3
95057 2
95058 4
95059 2
95060 2
95061 1
95062 4
95063 5
95064 3
95065 4
95066 0
95067 5
95068 5
95069 4
95070 4
95071 0
95072 0
95073 2
95074 0
95075 5
95076 2
95077 3
95078 4
95079 2
95080 1
95081 2
95082 4
95083 3
95084 1
95085 2
95086 3
95087 0
95088 4
95089 1
95090 6
95091 3
95092 5
95093 0
95094 0
95095 2
95096 2
95097 2
95098 3
95099 3
95100 3
95101 3
95102 3
95103 3
95104 1
95105 0
95106 4
95107 0
95108 1
95109 3
95110 4
95111 3
95112 4
95113 0
95114 1
95115 2
95116 1
95117 1
95118 0
95119 4
95120 1
95121 5
95122 0
95123 0
95124 4
95125 0
95126 3
95127 3
95128 3
95129 2
95130 1
95131 3
95132 1
95133 0
95134 3
95135 5
95136 3
95137 3
95138 0
95139 5
95140 0
95141 3
95142 2
95143 1
95144 0
95145 1
95146 3
95147 2
95148 3
95149 1
95150 1
95151 0
95152 1
95153 5
95154 2
95155 2
95156 4
95157 2
95158 5
95159 4
95160 1
95161 1
95162 2
95163 3
95164 1
95165 3
95166 2
95167 4
95168 4
95169 1
95170 2
95171 4
95172 0
95173 2
95174 1
95175 0
95176 3
95177 1
95178 3
95179 2
95180 3
95181 2
95182 2
95183 1
95184 2
95185 1
95186 4
95187 0
95188 2
95189 0
95190 2
95191 5
95192 2
95193 4
95194 6
95195 5
95196 4
95197 2
95198 2
95199 5
95200 5
95201 4
95202 4
95203 1
95204 1
95205 2
95206 0
95207 4
95208 2
95209 0
95210 1
95211 2
95212 1
95213 5
95214 3
95215 5
95216 2
95217 0
95218 3
95219 2
95220 2
95221 0
95222 3
95223 0
95224 1
95225 3
95226 5
95227 2
95228 1
95229 3
95230 4
95231 2
95232 3
95233 1
95234 0
95235 1
95236 3
95237 0
95238 0
95239 1
95240 4
95241 0
95242 1
95243 1
95244 2
95245 1
95246 4
95247 3
95248 3
95249 1
95250 3
95251 1
95252 0
95253 0
95254 0
95255 1
95256 1
95257 0
95258 3
95259 3
95260 1
95261 1
95262 3
95263 4
95264 0
95265 2
95266 2
95267 0
95268 4
95269 2
95270 1
95271 3
95272 3
95273 5
95274 4
95275 0
95276 1
95277 2
95278 1
95279 1
95280 0
95281 1
95282 1
95283 2
95284 1
95285 4
95286 2
95287 3
95288 3
95289 3
95290 1
95291 2
95292 1
95293 1
95294 5
95295 0
95296 1
95297 4
95298 4
95299 0
95300 2
95301 4
95302 0
95303 1
95304 4
95305 3
95306 1
95307 4
95308 5
95309 1
95310 1
95311 1
95312 1
95313 3
95314 3
95315 1
95316 0
95317 4
95318 4
95319 0
95320 3
95321 3
95322 2
95323 1
95324 3
95325 4
95326 2
95327 3
95328 3
95329 0
95330 1
95331 3
95332 0
95333 0
95334 3
95335 3
95336 3
95337 2
95338 2
95339 1
95340 3
95341 2
95342 1
95343 3
95344 0
95345 5
95346 3
95347 4
95348 1
95349 2
95350 1
95351 3
95352 4
95353 1
95354 4
95355 1
95356 4
95357 0
95358 0
95359 0
95360 4
95361 3
95362 4
95363 0
95364 1
95365 0
95366 3
95367 2
95368 3
95369 0
95370 0
95371 2
95372 1
95373 5
95374 3
95375 0
95376 5
95377 4
95378 2
95379 4
95380 3
95381 2
95382 0
95383 3
95384 1
95385 1
95386 1
95387 0
95388 3
95389 6
95390 4
95391 0
95392 2
95393 4
95394 3
95395 3
95396 0
95397 2
95398 4
95399 5
95400 1
95401 2
95402 4
95403 5
95404 0
95405 0
95406 4
95407 1
95408 1
95409 0
95410 0
95411 0
95412 4
95413 2
95414 3
95415 1
95416 4
95417 3
95418 2
95419 3
95420 2
95421 3
95422 3
95423 1
95424 0
95425 0
95426 2
95427 2
95428 0
95429 2
95430 3
95431 0
95432 0
95433 3
95434 0
95435 2
95436 3
95437 4
95438 5
95439 3
95440 0
95441 5
95442 3
95443 1
95444 2
95445 2
95446 3
95447 4
95448 3
95449 1
95450 2
95451 5
95452 2
95453 0
95454 4
95455 1
95456 2
95457 3
95458 2
95459 2
95460 1
95461 3
95462 1
95463 4
95464 5
95465 0
95466 0
95467 2
95468 3
95469 4
95470 3
95471 1
95472 4
95473 2
95474 3
95475 2
95476 1
95477 5
95478 3
95479 3
95480 1
95481 1
95482 2
95483 3
95484 3
95485 0
95486 1
95487 4
95488 1
95489 2
95490 1
95491 0
95492 0
95493 4
95494 4
95495 5
95496 2
95497 1
95498 0
95499 1
95500 4
95501 4
95502 0
95503 5
95504 3
95505 4
95506 5
95507 5
95508 0
95509 3
95510 1
95511 1
95512 4
95513 4
95514 4
95515 1
95516 3
95517 3
95518 3
95519 0
95520 5
95521 1
95522 4
95523 1
95524 4
95525 1
95526 0
95527 3
95528 4
95529 4
95530 4
95531 4
95532 0
95533 3
95534 2
95535 0
95536 3
95537 5
95538 2
95539 0
95540 3
95541 5
95542 1
95543 4
95544 5
95545 2
95546 3
95547 4
95548 3
95549 3
95550 4
95551 0
95552 3
95553 0
95554 0
95555 3
95556 5
95557 4
95558 1
95559 4
95560 1
95561 6
95562 2
95563 3
95564 2
95565 2
95566 2
95567 0
95568 1
95569 3
95570 3
95571 4
95572 2
95573 3
95574 1
95575 3
95576 0
95577 4
95578 2
95579 2
95580 2
95581 4
95582 2
95583 1
95584 1
95585 4
95586 2
95587 5
95588 6
95589 3
95590 1
95591 0
95592 0
95593 1
95594 1
95595 4
95596 0
95597 4
95598 0
95599 4
95600 2
95601 5
95602 3
95603 5
95604 0
95605 3
95606 1
95607 4
95608 1
95609 0
95610 4
95611 5
95612 5
95613 2
95614 2
95615 3
95616 2
95617 1
95618 5
95619 0
95620 2
95621 0
95622 1
95623 1
95624 2
95625 5
95626 3
95627 3
95628 4
95629 0
95630 3
95631 0
95632 4
95633 3
95634 5
95635 3
95636 0
95637 3
95638 3
95639 4
95640 3
95641 2
95642 1
95643 2
95644 3
95645 5
95646 1
95647 0
95648 0
95649 0
95650 3
95651 2
95652 3
95653 4
95654 3
95655 3
95656 1
95657 2
95658 2
95659 1
95660 2
95661 1
95662 4
95663 0
95664 4
95665 2
95666 1
95667 4
95668 0
95669 2
95670 0
95671 0
95672 3
95673 3
95674 4
95675 4
95676 2
95677 1
95678 3
95679 2
95680 0
95681 3
95682 1
95683 3
95684 2
95685 0
95686 5
95687 3
95688 2
95689 1
95690 0
95691 2
95692 3
95693 0
95694 1
95695 0
95696 1
95697 3
95698 1
95699 4
95700 2
95701 0
95702 5
95703 0
95704 0
95705 1
95706 4
95707 3
95708 3
95709 2
95710 0
95711 1
95712 1
95713 2
95714 0
95715 0
95716 1
95717 4
95718 4
95719 1
95720 4
95721 2
95722 4
95723 0
95724 2
95725 0
95726 0
95727 0
95728 1
95729 2
95730 0
95731 2
95732 2
95733 4
95734 0
95735 4
95736 3
95737 4
95738 2
95739 3
95740 3
95741 4
95742 4
95743 4
95744 0
95745 3
95746 1
95747 1
95748 2
95749 3
95750 4
95751 1
95752 0
95753 1
95754 3
95755 1
95756 5
95757 2
95758 0
95759 3
95760 2
95761 4
95762 0
95763 0
95764 3
95765 1
95766 1
95767 1
95768 1
95769 2
95770 2
95771 3
95772 4
95773 4
95774 3
95775 0
95776 2
95777 4
95778 1
95779 4
95780 1
95781 2
95782 0
95783 3
95784 0
95785 3
95786 2
95787 3
95788 4
95789 3
95790 3
95791 0
95792 2
95793 5
95794 3
95795 6
95796 2
95797 5
95798 1
95799 0
95800 1
95801 2
95802 4
95803 3
95804 1
95805 2
95806 4
95807 2
95808 4
95809 2
95810 1
95811 2
95812 2
95813 4
95814 4
95815 3
95816 2
95817 3
95818 4
95819 2
95820 4
95821 3
95822 0
95823 3
95824 3
95825 2
95826 2
95827 3
95828 2
95829 3
95830 1
95831 0
95832 4
95833 4
95834 4
95835 4
95836 1
95837 3
95838 4
95839 4
95840 3
95841 2
95842 1
95843 1
95844 4
95845 5
95846 1
95847 0
95848 1
95849 3
95850 4
95851 4
95852 0
95853 2
95854 2
95855 5
95856 0
95857 2
95858 0
95859 0
95860 1
95861 4
95862 0
95863 4
95864 3
95865 1
95866 1
95867 1
95868 2
95869 0
95870 3
95871 0
95872 3
95873 2
95874 3
95875 2
95876 4
95877 4
95878 3
95879 2
95880 2
95881 5
95882 2
95883 3
95884 3
95885 1
95886 4
95887 3
95888 0
95889 3
95890 1
95891 1
95892 4
95893 1
95894 0
95895 1
95896 3
95897 0
95898 3
95899 1
95900 4
95901 0
95902 2
95903 2
95904 3
95905 5
95906 2
95907 1
95908 2
95909 3
95910 1
95911 0
95912 2
95913 4
95914 4
95915 1
95916 2
95917 2
95918 1
95919 0
95920 0
95921 1
95922 2
95923 2
95924 4
95925 2
95926 4
95927 4
95928 2
95929 6
95930 4
95931 3
95932 3
95933 1
95934 1
95935 1
95936 4
95937 0
95938 4
95939 6
95940 0
95941 0
95942 4
95943 0
95944 4
95945 3
95946 2
95947 3
95948 0
95949 3
95950 3
95951 5
95952 0
95953 5
95954 1
95955 1
95956 4
95957 4
95958 2
95959 5
95960 3
95961 0
95962 4
95963 2
95964 1
95965 0
95966 0
95967 0
95968 1
95969 5
95970 2
95971 2
95972 3
95973 3
95974 1
95975 3
95976 0
95977 2
95978 3
95979 4
95980 2
95981 3
95982 1
95983 2
95984 2
95985 3
95986 0
95987 2
95988 5
95989 1
95990 2
95991 2
95992 1
95993 0
95994 2
95995 1
95996 3
95997 3
95998 3
95999 0
96000 3
96001 0
96002 3
96003 1
96004 0
96005 3
96006 2
96007 1
96008 0
96009 2
96010 4
96011 4
96012 0
96013 2
96014 2
96015 3
96016 5
96017 5
96018 4
96019 1
96020 3
96021 0
96022 0
96023 1
96024 2
96025 4
96026 2
96027 1
96028 2
96029 1
96030 4
96031 0
96032 1
96033 0
96034 0
96035 2
96036 0
96037 2
96038 0
96039 2
96040 5
96041 0
96042 0
96043 0
96044 0
96045 0
96046 4
96047 0
96048 1
96049 3
96050 1
96051 1
96052 2
96053 0
96054 3
96055 3
96056 3
96057 1
96058 2
96059 3
96060 0
96061 1
96062 2
96063 3
96064 1
96065 4
96066 0
96067 4
96068 2
96069 3
96070 4
96071 5
96072 3
96073 0
96074 4
96075 5
96076 1
96077 5
96078 5
96079 2
96080 2
96081 2
96082 0
96083 2
96084 0
96085 0
96086 5
96087 3
96088 1
96089 0
96090 0
96091 5
96092 0
96093 1
96094 1
96095 1
96096 1
96097 0
96098 4
96099 1
96100 3
96101 1
96102 4
96103 4
96104 3
96105 1
96106 4
96107 2
96108 1
96109 4
96110 0
96111 1
96112 3
96113 3
96114 3
96115 2
96116 1
96117 4
96118 2
96119 2
96120 4
96121 0
96122 0
96123 1
96124 1
96125 3
96126 1
96127 4
96128 0
96129 4
96130 2
96131 1
96132 0
96133 0
96134 5
96135 2
96136 1
96137 1
96138 4
96139 0
96140 4
96141 1
96142 5
96143 0
96144 3
96145 0
96146 4
96147 2
96148 0
96149 2
96150 1
96151 5
96152 3
96153 3
96154 2
96155 1
96156 1
96157 0
96158 4
96159 2
96160 1
96161 3
96162 4
96163 3
96164 3
96165 4
96166 5
96167 3
96168 1
96169 0
96170 5
96171 2
96172 1
96173 3
96174 2
96175 2
96176 0
96177 4
96178 1
96179 1
96180 3
96181 0
96182 2
96183 0
96184 4
96185 1
96186 1
96187 0
96188 5
96189 0
96190 5
96191 4
96192 1
96193 4
96194 2
96195 3
96196 3
96197 1
96198 2
96199 4
96200 3
96201 1
96202 4
96203 3
96204 1
96205 1
96206 1
96207 0
96208 0
96209 6
96210 5
96211 3
96212 3
96213 0
96214 5
96215 5
96216 3
96217 4
96218 4
96219 1
96220 2
96221 2
96222 3
96223 3
96224 1
96225 0
96226 0
96227 3
96228 2
96229 0
96230 0
96231 2
96232 1
96233 0
96234 4
96235 3
96236 4
96237 3
96238 0
96239 1
96240 0
96241 3
96242 4
96243 1
96244 3
96245 3
96246 0
96247 4
96248 3
96249 3
96250 0
96251 1
96252 2
96253 3
96254 4
96255 1
96256 1
96257 1
96258 2
96259 1
96260 2
96261 1
96262 1
96263 3
96264 3
96265 1
96266 2
96267 0
96268 0
96269 0
96270 2
96271 1
96272 2
96273 2
96274 2
96275 2
96276 2
96277 3
96278 2
96279 2
96280 2
96281 3
96282 1
96283 3
96284 4
96285 4
96286 5
96287 4
96288 0
96289 1
96290 3
96291 2
96292 3
96293 2
96294 1
96295 1
96296 0
96297 1
96298 2
96299 1
96300 2
96301 1
96302 5
96303 2
96304 4
96305 2
96306 3
96307 3
96308 2
96309 3
96310 2
96311 5
96312 0
96313 0
96314 0
96315 1
96316 2
96317 0
96318 4
96319 3
96320 0
96321 0
96322 5
96323 3
96324 4
96325 1
96326 4
96327 4
96328 1
96329 3
96330 0
96331 3
96332 1
96333 2
96334 5
96335 3
96336 3
96337 1
96338 2
96339 5
96340 0
96341 1
96342 0
96343 0
96344 0
96345 5
96346 2
96347 0
96348 5
96349 2
96350 2
96351 4
96352 1
96353 4
96354 0
96355 5
96356 3
96357 4
96358 1
96359 4
96360 3
96361 1
96362 2
96363 1
96364 2
96365 3
96366 0
96367 5
96368 0
96369 0
96370 1
96371 1
96372 0
96373 5
96374 1
96375 0
96376 3
96377 2
96378 3
96379 3
96380 2
96381 2
96382 3
96383 3
96384 2
96385 2
96386 2
96387 3
96388 0
96389 3
96390 1
96391 3
96392 3
96393 2
96394 2
96395 2
96396 0
96397 3
96398 0
96399 3
96400 1
96401 0
96402 2
96403 4
96404 3
96405 0
96406 5
96407 0
96408 0
96409 4
96410 0
96411 2
96412 3
96413 2
96414 0
96415 4
96416 4
96417 4
96418 1
96419 1
96420 4
96421 0
96422 1
96423 3
96424 1
96425 1
96426 5
96427 6
96428 0
96429 4
96430 1
96431 0
96432 2
96433 3
96434 1
96435 1
96436 5
96437 3
96438 0
96439 4
96440 5
96441 2
96442 2
96443 3
96444 3
96445 0
96446 2
96447 1
96448 2
96449 4
96450 1
96451 1
96452 1
96453 0
96454 0
96455 4
96456 1
96457 3
96458 2
96459 4
96460 1
96461 3
96462 3
96463 1
96464 0
96465 2
96466 2
96467 2
96468 0
96469 0
96470 0
96471 1
96472 4
96473 4
96474 1
96475 1
96476 2
96477 3
96478 0
96479 2
96480 1
96481 0
96482 1
96483 2
96484 4
96485 2
96486 3
96487 2
96488 3
96489 1
96490 3
96491 3
96492 1
96493 0
96494 4
96495 0
96496 0
96497 4
96498 0
96499 3
96500 0
96501 4
96502 4
96503 3
96504 3
96505 4
96506 3
96507 2
96508 2
96509 1
96510 2
96511 2
96512 4
96513 3
96514 2
96515 2
96516 4
96517 3
96518 0
96519 2
96520 4
96521 3
96522 3
96523 1
96524 3
96525 1
96526 4
96527 0
96528 2
96529 0
96530 0
96531 5
96532 0
96533 0
96534 0
96535 2
96536 0
96537 1
96538 4
96539 2
96540 3
96541 0
96542 4
96543 0
96544 0
96545 2
96546 2
96547 5
96548 5
96549 0
96550 2
96551 2
96552 4
96553 0
96554 1
96555 2
96556 0
96557 0
96558 1
96559 2
96560 1
96561 1
96562 2
96563 1
96564 2
96565 1
96566 1
96567 2
96568 0
96569 3
96570 3
96571 2
96572 4
96573 1
96574 2
96575 0
96576 3
96577 1
96578 2
96579 2
96580 3
96581 1
96582 5
96583 5
96584 3
96585 4
96586 3
96587 1
96588 6
96589 0
96590 1
96591 4
96592 4
96593 4
96594 3
96595 5
96596 1
96597 3
96598 0
96599 0
96600 3
96601 4
96602 4
96603 3
96604 1
96605 5
96606 3
96607 4
96608 3
96609 0
96610 3
96611 2
96612 0
96613 4
96614 0
96615 2
96616 2
96617 0
96618 4
96619 0
96620 3
96621 2
96622 0
96623 1
96624 4
96625 4
96626 4
96627 1
96628 1
96629 3
96630 2
96631 1
96632 4
96633 1
96634 2
96635 3
96636 2
96637 1
96638 4
96639 3
96640 4
96641 1
96642 2
96643 3
96644 1
96645 2
96646 4
96647 1
96648 5
96649 4
96650 3
96651 1
96652 3
96653 0
96654 3
96655 3
96656 0
96657 4
96658 4
96659 0
96660 1
96661 4
96662 5
96663 4
96664 3
96665 3
96666 3
96667 0
96668 1
96669 4
96670 2
96671 3
96672 4
96673 1
96674 0
96675 1
96676 0
96677 4
96678 2
96679 5
96680 5
96681 1
96682 4
96683 5
96684 5
96685 1
96686 5
96687 4
96688 3
96689 4
96690 4
96691 2
96692 3
96693 4
96694 2
96695 1
96696 1
96697 4
96698 2
96699 1
96700 3
96701 5
96702 2
96703 2
96704 2
96705 1
96706 1
96707 3
96708 4
96709 3
96710 0
96711 2
96712 5
96713 4
96714 3
96715 4
96716 1
96717 0
96718 1
96719 3
96720 4
96721 1
96722 5
96723 4
96724 2
96725 3
96726 1
96727 3
96728 1
96729 0
96730 0
96731 2
96732 3
96733 1
96734 1
96735 0
96736 2
96737 1
96738 3
96739 2
96740 4
96741 0
96742 2
96743 2
96744 5
96745 2
96746 4
96747 5
96748 0
96749 3
96750 5
96751 1
96752 3
96753 1
96754 0
96755 2
96756 3
96757 0
96758 2
96759 2
96760 0
96761 3
96762 0
96763 1
96764 0
96765 3
96766 3
96767 0
96768 1
96769 3
96770 2
96771 3
96772 3
96773 1
96774 0
96775 4
96776 1
96777 1
96778 4
96779 1
96780 2
96781 3
96782 2
96783 3
96784 3
96785 3
96786 2
96787 1
96788 3
96789 1
96790 1
96791 3
96792 4
96793 0
96794 2
96795 2
96796 1
96797 4
96798 0
96799 1
96800 4
96801 0
96802 4
96803 1
96804 0
96805 1
96806 2
96807 4
96808 4
96809 4
96810 3
96811 3
96812 2
96813 1
96814 2
96815 2
96816 0
96817 5
96818 3
96819 3
96820 0
96821 0
96822 0
96823 0
96824 0
96825 5
96826 3
96827 1
96828 1
96829 4
96830 0
96831 4
96832 4
96833 2
96834 0
96835 0
96836 1
96837 4
96838 1
96839 2
96840 3
96841 0
96842 6
96843 1
96844 0
96845 5
96846 0
96847 3
96848 2
96849 3
96850 1
96851 3
96852 2
96853 3
96854 3
96855 5
96856 3
96857 2
96858 3
96859 2
96860 0
96861 0
96862 2
96863 1
96864 0
96865 2
96866 5
96867 3
96868 2
96869 0
96870 1
96871 4
96872 2
96873 1
96874 3
96875 4
96876 4
96877 1
96878 5
96879 1
96880 3
96881 3
96882 5
96883 0
96884 0
96885 1
96886 5
96887 1
96888 4
96889 4
96890 0
96891 2
96892 4
96893 0
96894 0
96895 4
96896 3
96897 0
96898 3
96899 3
96900 4
96901 1
96902 2
96903 4
96904 5
96905 1
96906 0
96907 2
96908 0
96909 1
96910 5
96911 4
96912 1
96913 5
96914 0
96915 4
96916 4
96917 1
96918 4
96919 5
96920 1
96921 3
96922 2
96923 3
96924 1
96925 3
96926 0
96927 3
96928 2
96929 1
96930 0
96931 3
96932 2
96933 1
96934 4
96935 1
96936 0
96937 0
96938 3
96939 4
96940 3
96941 1
96942 2
96943 5
96944 5
96945 2
96946 0
96947 4
96948 2
96949 1
96950 2
96951 1
96952 3
96953 2
96954 0
96955 0
96956 1
96957 4
96958 2
96959 1
96960 1
96961 4
96962 6
96963 3
96964 2
96965 1
96966 2
96967 1
96968 0
96969 1
96970 3
96971 1
96972 1
96973 0
96974 2
96975 4
96976 0
96977 0
96978 1
96979 5
96980 1
96981 2
96982 0
96983 1
96984 2
96985 1
96986 4
96987 0
96988 3
96989 1
96990 1
96991 2
96992 4
96993 2
96994 2
96995 3
96996 3
96997 0
96998 1
96999 4
97000 0
97001 0
97002 1
97003 3
97004 0
97005 0
97006 4
97007 2
97008 0
97009 1
97010 1
97011 3
97012 1
97013 2
97014 0
97015 4
97016 4
97017 2
97018 5
97019 4
97020 1
97021 4
97022 0
97023 4
97024 3
97025 1
97026 1
97027 2
97028 3
97029 4
97030 2
97031 0
97032 0
97033 2
97034 2
97035 2
97036 5
97037 4
97038 0
97039 4
97040 4
97041 3
97042 1
97043 4
97044 3
97045 1
97046 4
97047 3
97048 0
97049 3
97050 0
97051 2
97052 3
97053 1
97054 3
97055 4
97056 3
97057 0
97058 4
97059 2
97060 0
97061 3
97062 1
97063 0
97064 2
97065 3
97066 2
97067 1
97068 0
97069 4
97070 6
97071 4
97072 1
97073 4
97074 4
97075 0
97076 2
97077 4
97078 4
97079 0
97080 2
97081 2
97082 5
97083 0
97084 4
97085 2
97086 5
97087 4
97088 4
97089 3
97090 3
97091 4
97092 0
97093 5
97094 1
97095 1
97096 1
97097 0
97098 2
97099 2
97100 0
97101 5
97102 3
97103 3
97104 0
97105 4
97106 0
97107 0
97108 0
97109 1
97110 0
97111 4
97112 4
97113 3
97114 0
97115 3
97116 3
97117 1
97118 4
97119 1
97120 1
97121 2
97122 4
97123 0
97124 2
97125 2
97126 0
97127 0
97128 1
97129 2
97130 2
97131 4
97132 2
97133 0
97134 0
97135 4
97136 2
97137 2
97138 3
97139 2
97140 0
97141 2
97142 5
97143 2
97144 0
97145 0
97146 1
97147 2
97148 0
97149 3
97150 0
97151 3
97152 3
97153 4
97154 4
97155 3
97156 0
97157 4
97158 1
97159 5
97160 4
97161 3
97162 2
97163 1
97164 4
97165 3
97166 1
97167 1
97168 1
97169 4
97170 2
97171 3
97172 5
97173 2
97174 0
97175 4
97176 3
97177 0
97178 1
97179 4
97180 3
97181 5
97182 5
97183 2
97184 1
97185 0
97186 2
97187 3
97188 0
97189 0
97190 0
97191 3
97192 0
97193 2
97194 5
97195 0
97196 4
97197 1
97198 1
97199 2
97200 3
97201 2
97202 0
97203 2
97204 1
97205 1
97206 3
97207 4
97208 2
97209 4
97210 3
97211 1
97212 0
97213 0
97214 0
97215 3
97216 2
97217 2
97218 1
97219 4
97220 2
97221 2
97222 3
97223 5
97224 2
97225 5
97226 5
97227 2
97228 0
97229 4
97230 2
97231 0
97232 2
97233 2
97234 1
97235 4
97236 4
97237 0
97238 3
97239 2
97240 3
97241 3
97242 2
97243 3
97244 0
97245 1
97246 1
97247 3
97248 0
97249 4
97250 3
97251 4
97252 4
97253 5
97254 3
97255 1
97256 1
97257 3
97258 1
97259 1
97260 1
97261 3
97262 2
97263 0
97264 3
97265 2
97266 3
97267 0
97268 3
97269 0
97270 2
97271 3
97272 5
97273 2
97274 4
97275 5
97276 3
97277 0
97278 3
97279 5
97280 1
97281 2
97282 0
97283 0
97284 3
97285 5
97286 1
97287 0
97288 3
97289 2
97290 0
97291 1
97292 2
97293 3
97294 0
97295 0
97296 4
97297 2
97298 3
97299 2
97300 1
97301 1
97302 3
97303 0
97304 3
97305 0
97306 4
97307 2
97308 0
97309 2
97310 1
97311 1
97312 3
97313 4
97314 0
97315 3
97316 0
97317 1
97318 3
97319 0
97320 3
97321 2
97322 3
97323 1
97324 1
97325 4
97326 3
97327 3
97328 5
97329 0
97330 1
97331 2
97332 4
97333 0
97334 0
97335 1
97336 3
97337 5
97338 2
97339 2
97340 1
97341 5
97342 2
97343 3
97344 1
97345 2
97346 3
97347 4
97348 3
97349 3
97350 4
97351 5
97352 3
97353 3
97354 3
97355 5
97356 4
97357 0
97358 4
97359 6
97360 1
97361 3
97362 0
97363 1
97364 4
97365 2
97366 4
97367 0
97368 0
97369 1
97370 0
97371 0
97372 3
97373 5
97374 1
97375 4
97376 6
97377 3
97378 5
97379 3
97380 3
97381 4
97382 2
97383 1
97384 2
97385 3
97386 3
97387 2
97388 2
97389 4
97390 4
97391 3
97392 1
97393 4
97394 2
97395 3
97396 3
97397 4
97398 3
97399 4
97400 4
97401 1
97402 0
97403 4
97404 3
97405 1
97406 0
97407 4
97408 1
97409 1
97410 2
97411 4
97412 1
97413 1
97414 0
97415 4
97416 1
97417 0
97418 3
97419 1
97420 3
97421 0
97422 1
97423 3
97424 4
97425 0
97426 1
97427 1
97428 4
97429 2
97430 5
97431 0
97432 5
97433 5
97434 0
97435 4
97436 4
97437 3
97438 1
97439 2
97440 2
97441 2
97442 0
97443 2
97444 0
97445 0
97446 2
97447 4
97448 3
97449 0
97450 0
97451 0
97452 1
97453 3
97454 4
97455 2
97456 4
97457 4
97458 2
97459 5
97460 4
97461 3
97462 5
97463 2
97464 0
97465 5
97466 3
97467 1
97468 3
97469 1
97470 1
97471 2
97472 3
97473 0
97474 2
97475 1
97476 4
97477 3
97478 0
97479 1
97480 3
97481 0
97482 5
97483 0
97484 0
97485 5
97486 2
97487 3
97488 4
97489 1
97490 0
97491 0
97492 1
97493 0
97494 3
97495 2
97496 1
97497 2
97498 4
97499 2
97500 1
97501 3
97502 5
97503 2
97504 2
97505 1
97506 2
97507 1
97508 1
97509 2
97510 5
97511 5
97512 3
97513 0
97514 3
97515 1
97516 3
97517 5
97518 2
97519 1
97520 5
97521 0
97522 0
97523 1
97524 0
97525 1
97526 3
97527 2
97528 2
97529 5
97530 3
97531 4
97532 0
97533 3
97534 4
97535 4
97536 1
97537 1
97538 3
97539 1
97540 0
97541 2
97542 2
97543 1
97544 0
97545 2
97546 4
97547 2
97548 1
97549 1
97550 0
97551 1
97552 3
97553 2
97554 3
97555 3
97556 1
97557 5
97558 0
97559 2
97560 2
97561 1
97562 0
97563 0
97564 3
97565 3
97566 1
97567 2
97568 4
97569 2
97570 3
97571 3
97572 3
97573 2
97574 3
97575 3
97576 1
97577 1
97578 1
97579 2
97580 1
97581 1
97582 4
97583 5
97584 2
97585 5
97586 3
97587 3
97588 3
97589 3
97590 2
97591 5
97592 0
97593 4
97594 0
97595 2
97596 1
97597 2
97598 0
97599 1
97600 3
97601 0
97602 3
97603 1
97604 0
97605 0
97606 4
97607 4
97608 1
97609 3
97610 4
97611 4
97612 2
97613 3
97614 3
97615 4
97616 4
97617 0
97618 3
97619 2
97620 4
97621 0
97622 4
97623 2
97624 0
97625 4
97626 4
97627 1
97628 5
97629 5
97630 3
97631 2
97632 1
97633 2
97634 0
97635 3
97636 2
97637 2
97638 1
97639 3
97640 2
97641 0
97642 4
97643 0
97644 4
97645 0
97646 2
97647 0
97648 1
97649 3
97650 1
97651 2
97652 1
97653 4
97654 6
97655 1
97656 5
97657 0
97658 0
97659 1
97660 4
97661 2
97662 4
97663 0
97664 1
97665 3
97666 1
97667 5
97668 4
97669 3
97670 5
97671 1
97672 2
97673 3
97674 2
97675 2
97676 0
97677 0
97678 1
97679 1
97680 3
97681 3
97682 1
97683 3
97684 4
97685 5
97686 0
97687 0
97688 0
97689 3
97690 0
97691 3
97692 1
97693 4
97694 2
97695 1
97696 2
97697 1
97698 3
97699 3
97700 1
97701 1
97702 0
97703 0
97704 1
97705 6
97706 4
97707 2
97708 3
97709 2
97710 5
97711 2
97712 0
97713 3
97714 0
97715 4
97716 0
97717 4
97718 2
97719 0
97720 1
97721 1
97722 2
97723 4
97724 4
97725 4
97726 3
97727 1
97728 0
97729 2
97730 2
97731 4
97732 2
97733 4
97734 0
97735 1
97736 2
97737 1
97738 0
97739 3
97740 1
97741 1
97742 4
97743 0
97744 1
97745 3
97746 0
97747 3
97748 3
97749 2
97750 1
97751 3
97752 0
97753 3
97754 3
97755 3
97756 2
97757 1
97758 3
97759 0
97760 3
97761 1
97762 5
97763 3
97764 2
97765 3
97766 3
97767 4
97768 0
97769 1
97770 1
97771 1
97772 4
97773 3
97774 0
97775 2
97776 4
97777 3
97778 5
97779 4
97780 2
97781 4
97782 3
97783 1
97784 4
97785 3
97786 2
97787 1
97788 4
97789 4
97790 0
97791 1
97792 3
97793 3
97794 0
97795 4
97796 1
97797 1
97798 1
97799 0
97800 4
97801 1
97802 5
97803 3
97804 0
97805 2
97806 3
97807 1
97808 1
97809 1
97810 3
97811 3
97812 0
97813 4
97814 3
97815 0
97816 1
97817 6
97818 4
97819 3
97820 4
97821 3
97822 3
97823 4
97824 2
97825 3
97826 3
97827 2
97828 4
97829 2
97830 1
97831 1
97832 3
97833 3
97834 0
97835 4
97836 3
97837 2
97838 4
97839 1
97840 1
97841 5
97842 1
97843 2
97844 3
97845 0
97846 3
97847 1
97848 3
97849 1
97850 2
97851 4
97852 5
97853 4
97854 0
97855 1
97856 4
97857 2
97858 3
97859 0
97860 1
97861 4
97862 1
97863 2
97864 0
97865 1
97866 0
97867 4
97868 3
97869 4
97870 4
97871 4
97872 0
97873 1
97874 0
97875 0
97876 3
97877 2
97878 2
97879 3
97880 3
97881 3
97882 0
97883 3
97884 2
97885 3
97886 3
97887 4
97888 3
97889 5
97890 2
97891 1
97892 0
97893 5
97894 0
97895 1
97896 2
97897 1
97898 1
97899 2
97900 1
97901 1
97902 2
97903 5
97904 1
97905 2
97906 3
97907 4
97908 2
97909 1
97910 1
97911 3
97912 1
97913 2
97914 1
97915 4
97916 1
97917 2
97918 2
97919 4
97920 2
97921 4
97922 2
97923 3
97924 4
97925 5
97926 2
97927 2
97928 3
97929 3
97930 1
97931 0
97932 0
97933 1
97934 1
97935 3
97936 3
97937 2
97938 4
97939 1
97940 2
97941 0
97942 0
97943 0
97944 3
97945 2
97946 4
97947 1
97948 4
97949 1
97950 0
97951 4
97952 1
97953 5
97954 1
97955 4
97956 3
97957 4
97958 2
97959 3
97960 3
97961 1
97962 3
97963 0
97964 3
97965 3
97966 1
97967 4
97968 2
97969 1
97970 1
97971 6
97972 4
97973 1
97974 2
97975 0
97976 2
97977 2
97978 2
97979 0
97980 0
97981 1
97982 5
97983 4
97984 1
97985 5
97986 3
97987 2
97988 2
97989 5
97990 5
97991 2
97992 1
97993 5
97994 3
97995 1
97996 2
97997 1
97998 5
97999 4
98000 2
98001 4
98002 2
98003 1
98004 0
98005 0
98006 3
98007 2
98008 0
98009 1
98010 5
98011 3
98012 1
98013 1
98014 4
98015 4
98016 1
98017 1
98018 3
98019 3
98020 5
98021 2
98022 0
98023 3
98024 0
98025 5
98026 0
98027 1
98028 2
98029 0
98030 2
98031 0
98032 2
98033 2
98034 1
98035 1
98036 1
98037 4
98038 3
98039 5
98040 1
98041 3
98042 1
98043 0
98044 3
98045 4
98046 6
98047 3
98048 1
98049 3
98050 0
98051 1
98052 3
98053 3
98054 0
98055 0
98056 0
98057 2
98058 0
98059 3
98060 2
98061 2
98062 1
98063 0
98064 0
98065 0
98066 4
98067 5
98068 4
98069 1
98070 2
98071 6
98072 5
98073 0
98074 2
98075 4
98076 4
98077 0
98078 4
98079 5
98080 0
98081 1
98082 0
98083 3
98084 3
98085 0
98086 3
98087 1
98088 3
98089 4
98090 2
98091 3
98092 0
98093 3
98094 6
98095 4
98096 3
98097 4
98098 5
98099 1
98100 4
98101 4
98102 0
98103 4
98104 0
98105 4
98106 3
98107 2
98108 1
98109 2
98110 0
98111 4
98112 4
98113 2
98114 5
98115 1
98116 0
98117 3
98118 4
98119 1
98120 5
98121 4
98122 4
98123 5
98124 1
98125 3
98126 1
98127 1
98128 3
98129 4
98130 3
98131 4
98132 0
98133 4
98134 1
98135 1
98136 3
98137 2
98138 3
98139 3
98140 2
98141 4
98142 4
98143 2
98144 0
98145 2
98146 2
98147 0
98148 4
98149 2
98150 0
98151 1
98152 4
98153 2
98154 0
98155 0
98156 5
98157 0
98158 0
98159 0
98160 5
98161 5
98162 3
98163 0
98164 4
98165 4
98166 2
98167 5
98168 2
98169 3
98170 0
98171 2
98172 2
98173 3
98174 3
98175 1
98176 1
98177 1
98178 2
98179 0
98180 3
98181 4
98182 2
98183 2
98184 2
98185 0
98186 3
98187 2
98188 5
98189 3
98190 2
98191 3
98192 3
98193 0
98194 3
98195 3
98196 1
98197 1
98198 0
98199 2
98200 4
98201 4
98202 1
98203 1
98204 4
98205 0
98206 1
98207 4
98208 5
98209 2
98210 4
98211 0
98212 3
98213 2
98214 0
98215 3
98216 3
98217 3
98218 1
98219 5
98220 3
98221 4
98222 3
98223 2
98224 4
98225 2
98226 2
98227 1
98228 2
98229 5
98230 2
98231 3
98232 0
98233 1
98234 2
98235 1
98236 3
98237 5
98238 3
98239 0
98240 0
98241 1
98242 0
98243 4
98244 4
98245 1
98246 2
98247 1
98248 3
98249 3
98250 2
98251 3
98252 2
98253 0
98254 5
98255 1
98256 2
98257 2
98258 3
98259 3
98260 2
98261 3
98262 5
98263 4
98264 0
98265 4
98266 4
98267 0
98268 3
98269 1
98270 3
98271 0
98272 3
98273 3
98274 1
98275 3
98276 0
98277 2
98278 4
98279 0
98280 2
98281 3
98282 1
98283 0
98284 3
98285 3
98286 2
98287 2
98288 0
98289 1
98290 0
98291 4
98292 4
98293 5
98294 5
98295 2
98296 4
98297 0
98298 3
98299 4
98300 1
98301 3
98302 3
98303 3
98304 4
98305 4
98306 2
98307 4
98308 3
98309 4
98310 1
98311 1
98312 3
98313 0
98314 1
98315 0
98316 4
98317 0
98318 4
98319 1
98320 4
98321 2
98322 1
98323 1
98324 2
98325 5
98326 0
98327 3
98328 2
98329 2
98330 0
98331 4
98332 5
98333 1
98334 2
98335 3
98336 3
98337 1
98338 2
98339 4
98340 0
98341 4
98342 1
98343 2
98344 0
98345 3
98346 4
98347 5
98348 0
98349 1
98350 2
98351 5
98352 2
98353 4
98354 3
98355 4
98356 3
98357 3
98358 2
98359 1
98360 3
98361 6
98362 0
98363 2
98364 2
98365 1
98366 4
98367 4
98368 5
98369 1
98370 1
98371 4
98372 1
98373 1
98374 5
98375 1
98376 1
98377 4
98378 5
98379 3
98380 2
98381 3
98382 0
98383 1
98384 1
98385 1
98386 1
98387 2
98388 2
98389 3
98390 5
98391 1
98392 2
98393 2
98394 0
98395 3
98396 3
98397 1
98398 2
98399 1
98400 1
98401 0
98402 6
98403 6
98404 1
98405 2
98406 3
98407 2
98408 0
98409 3
98410 2
98411 1
98412 3
98413 4
98414 1
98415 1
98416 2
98417 2
98418 2
98419 2
98420 3
98421 5
98422 4
98423 3
98424 0
98425 0
98426 5
98427 1
98428 4
98429 2
98430 4
98431 1
98432 2
98433 2
98434 0
98435 1
98436 5
98437 0
98438 4
98439 2
98440 2
98441 0
98442 3
98443 0
98444 4
98445 3
98446 1
98447 0
98448 3
98449 0
98450 3
98451 4
98452 3
98453 2
98454 2
98455 4
98456 2
98457 1
98458 0
98459 3
98460 4
98461 3
98462 1
98463 3
98464 1
98465 0
98466 2
98467 1
98468 4
98469 1
98470 0
98471 3
98472 2
98473 2
98474 4
98475 3
98476 1
98477 3
98478 0
98479 3
98480 3
98481 1
98482 2
98483 2
98484 1
98485 0
98486 3
98487 1
98488 3
98489 4
98490 2
98491 0
98492 1
98493 0
98494 2
98495 1
98496 4
98497 3
98498 0
98499 4
98500 0
98501 4
98502 2
98503 2
98504 1
98505 0
98506 2
98507 5
98508 2
98509 1
98510 4
98511 2
98512 1
98513 1
98514 1
98515 0
98516 3
98517 4
98518 2
98519 2
98520 4
98521 3
98522 3
98523 0
98524 5
98525 3
98526 1
98527 1
98528 3
98529 0
98530 4
98531 2
98532 6
98533 3
98534 5
98535 0
98536 4
98537 6
98538 0
98539 2
98540 3
98541 0
98542 1
98543 4
98544 2
98545 3
98546 3
98547 0
98548 0
98549 0
98550 5
98551 4
98552 3
98553 0
98554 2
98555 1
98556 2
98557 3
98558 3
98559 5
98560 4
98561 2
98562 1
98563 2
98564 2
98565 1
98566 1
98567 3
98568 1
98569 2
98570 2
98571 1
98572 4
98573 3
98574 1
98575 3
98576 4
98577 3
98578 5
98579 5
98580 4
98581 1
98582 3
98583 4
98584 3
98585 0
98586 4
98587 4
98588 1
98589 3
98590 2
98591 1
98592 1
98593 2
98594 5
98595 2
98596 3
98597 5
98598 3
98599 2
98600 1
98601 3
98602 3
98603 0
98604 0
98605 2
98606 0
98607 2
98608 0
98609 0
98610 4
98611 1
98612 0
98613 3
98614 0
98615 3
98616 1
98617 2
98618 0
98619 0
98620 4
98621 0
98622 3
98623 4
98624 1
98625 4
98626 5
98627 2
98628 4
98629 4
98630 1
98631 2
98632 3
98633 4
98634 1
98635 0
98636 0
98637 4
98638 2
98639 3
98640 2
98641 5
98642 5
98643 0
98644 3
98645 0
98646 4
98647 4
98648 0
98649 5
98650 3
98651 4
98652 0
98653 1
98654 5
98655 2
98656 4
98657 0
98658 5
98659 2
98660 3
98661 0
98662 4
98663 2
98664 1
98665 1
98666 0
98667 0
98668 0
98669 0
98670 3
98671 3
98672 1
98673 5
98674 4
98675 1
98676 1
98677 0
98678 0
98679 0
98680 0
98681 3
98682 5
98683 4
98684 1
98685 4
98686 3
98687 3
98688 1
98689 2
98690 2
98691 2
98692 0
98693 5
98694 3
98695 0
98696 2
98697 0
98698 1
98699 3
98700 3
98701 3
98702 4
98703 3
98704 3
98705 4
98706 4
98707 4
98708 0
98709 2
98710 3
98711 4
98712 4
98713 1
98714 3
98715 4
98716 1
98717 1
98718 2
98719 2
98720 0
98721 3
98722 3
98723 3
98724 6
98725 1
98726 1
98727 3
98728 2
98729 3
98730 3
98731 1
98732 5
98733 5
98734 1
98735 3
98736 3
98737 4
98738 0
98739 1
98740 4
98741 0
98742 3
98743 2
98744 2
98745 1
98746 3
98747 2
98748 0
98749 3
98750 1
98751 1
98752 3
98753 3
98754 5
98755 3
98756 5
98757 1
98758 6
98759 4
98760 4
98761 0
98762 3
98763 3
98764 1
98765 3
98766 2
98767 4
98768 2
98769 2
98770 0
98771 0
98772 1
98773 4
98774 5
98775 0
98776 2
98777 3
98778 4
98779 3
98780 1
98781 2
98782 2
98783 3
98784 5
98785 2
98786 3
98787 2
98788 4
98789 2
98790 5
98791 4
98792 2
98793 1
98794 2
98795 1
98796 3
98797 4
98798 1
98799 2
98800 1
98801 3
98802 3
98803 5
98804 2
98805 4
98806 3
98807 1
98808 4
98809 3
98810 0
98811 0
98812 3
98813 4
98814 4
98815 1
98816 3
98817 3
98818 3
98819 1
98820 0
98821 0
98822 1
98823 4
98824 3
98825 1
98826 3
98827 1
98828 3
98829 0
98830 4
98831 4
98832 4
98833 0
98834 0
98835 2
98836 0
98837 0
98838 0
98839 1
98840 1
98841 4
98842 4
98843 4
98844 4
98845 1
98846 4
98847 3
98848 0
98849 4
98850 0
98851 6
98852 3
98853 5
98854 1
98855 0
98856 6
98857 2
98858 2
98859 1
98860 3
98861 0
98862 3
98863 3
98864 0
98865 1
98866 2
98867 0
98868 0
98869 3
98870 1
98871 1
98872 4
98873 3
98874 5
98875 1
98876 2
98877 2
98878 3
98879 0
98880 0
98881 1
98882 3
98883 4
98884 5
98885 3
98886 2
98887 0
98888 3
98889 1
98890 2
98891 4
98892 5
98893 2
98894 2
98895 2
98896 5
98897 5
98898 3
98899 2
98900 3
98901 0
98902 1
98903 0
98904 1
98905 2
98906 1
98907 1
98908 3
98909 3
98910 4
98911 3
98912 4
98913 4
98914 3
98915 1
98916 4
98917 1
98918 4
98919 4
98920 3
98921 1
98922 4
98923 4
98924 4
98925 2
98926 0
98927 1
98928 3
98929 2
98930 1
98931 4
98932 1
98933 2
98934 0
98935 3
98936 4
98937 2
98938 4
98939 4
98940 2
98941 0
98942 0
98943 2
98944 5
98945 2
98946 2
98947 0
98948 3
98949 4
98950 3
98951 2
98952 4
98953 1
98954 2
98955 2
98956 4
98957 3
98958 2
98959 0
98960 4
98961 0
98962 1
98963 3
98964 2
98965 3
98966 1
98967 1
98968 0
98969 2
98970 3
98971 5
98972 4
98973 2
98974 0
98975 0
98976 5
98977 6
98978 3
98979 1
98980 3
98981 4
98982 0
98983 2
98984 1
98985 0
98986 3
98987 3
98988 0
98989 0
98990 4
98991 2
98992 2
98993 1
98994 2
98995 0
98996 0
98997 4
98998 2
98999 3
99000 0
99001 0
99002 2
99003 4
99004 2
99005 5
99006 3
99007 5
99008 2
99009 2
99010 0
99011 0
99012 2
99013 2
99014 0
99015 6
99016 2
99017 2
99018 3
99019 3
99020 5
99021 3
99022 3
99023 4
99024 4
99025 2
99026 1
99027 0
99028 0
99029 4
99030 0
99031 2
99032 0
99033 2
99034 1
99035 4
99036 1
99037 4
99038 4
99039 1
99040 1
99041 2
99042 2
99043 4
99044 0
99045 0
99046 2
99047 0
99048 3
99049 1
99050 0
99051 4
99052 4
99053 0
99054 0
99055 1
99056 2
99057 2
99058 0
99059 3
99060 0
99061 2
99062 3
99063 0
99064 2
99065 3
99066 2
99067 2
99068 3
99069 1
99070 4
99071 1
99072 5
99073 0
99074 3
99075 1
99076 4
99077 0
99078 3
99079 2
99080 2
99081 5
99082 0
99083 0
99084 4
99085 2
99086 2
99087 0
99088 3
99089 0
99090 5
99091 0
99092 4
99093 0
99094 0
99095 2
99096 3
99097 4
99098 0
99099 3
99100 5
99101 1
99102 2
99103 0
99104 2
99105 2
99106 0
99107 0
99108 1
99109 0
99110 1
99111 1
99112 3
99113 3
99114 0
99115 3
99116 4
99117 3
99118 5
99119 3
99120 5
99121 0
99122 5
99123 3
99124 2
99125 1
99126 2
99127 2
99128 4
99129 2
99130 0
99131 4
99132 4
99133 3
99134 3
99135 1
99136 2
99137 2
99138 2
99139 2
99140 4
99141 3
99142 1
99143 0
99144 6
99145 2
99146 5
99147 2
99148 4
99149 4
99150 0
99151 0
99152 1
99153 4
99154 1
99155 4
99156 1
99157 1
99158 1
99159 2
99160 2
99161 4
99162 0
99163 3
99164 3
99165 4
99166 1
99167 6
99168 0
99169 2
99170 3
99171 3
99172 1
99173 4
99174 0
99175 2
99176 3
99177 4
99178 4
99179 0
99180 0
99181 2
99182 2
99183 2
99184 0
99185 0
99186 3
99187 5
99188 4
99189 1
99190 0
99191 2
99192 1
99193 4
99194 1
99195 3
99196 2
99197 1
99198 3
99199 3
99200 3
99201 1
99202 2
99203 1
99204 2
99205 1
99206 2
99207 0
99208 1
99209 5
99210 3
99211 4
99212 0
99213 2
99214 0
99215 4
99216 5
99217 2
99218 2
99219 4
99220 2
99221 2
99222 2
99223 1
99224 4
99225 0
99226 2
99227 3
99228 4
99229 1
99230 2
99231 5
99232 3
99233 2
99234 3
99235 5
99236 1
99237 0
99238 4
99239 1
99240 3
99241 0
99242 4
99243 4
99244 1
99245 3
99246 4
99247 0
99248 2
99249 5
99250 2
99251 2
99252 2
99253 0
99254 4
99255 1
99256 4
99257 0
99258 5
99259 3
99260 0
99261 0
99262 1
99263 4
99264 5
99265 3
99266 5
99267 2
99268 1
99269 1
99270 3
99271 2
99272 0
99273 4
99274 0
99275 0
99276 0
99277 5
99278 3
99279 0
99280 0
99281 2
99282 2
99283 2
99284 0
99285 0
99286 4
99287 6
99288 4
99289 0
99290 3
99291 5
99292 2
99293 4
99294 0
99295 1
99296 0
99297 1
99298 5
99299 5
99300 3
99301 2
99302 0
99303 2
99304 5
99305 5
99306 3
99307 2
99308 3
99309 4
99310 3
99311 2
99312 4
99313 5
99314 0
99315 3
99316 1
99317 0
99318 0
99319 4
99320 1
99321 3
99322 0
99323 2
99324 0
99325 0
99326 0
99327 3
99328 5
99329 0
99330 2
99331 2
99332 0
99333 4
99334 3
99335 1
99336 1
99337 1
99338 0
99339 0
99340 1
99341 2
99342 4
99343 0
99344 3
99345 1
99346 0
99347 1
99348 4
99349 1
99350 2
99351 0
99352 3
99353 0
99354 1
99355 3
99356 4
99357 0
99358 1
99359 2
99360 2
99361 5
99362 0
99363 1
99364 3
99365 2
99366 2
99367 3
99368 4
99369 2
99370 0
99371 3
99372 1
99373 3
99374 0
99375 0
99376 5
99377 2
99378 0
99379 1
99380 5
99381 1
99382 3
99383 2
99384 3
99385 4
99386 2
99387 2
99388 4
99389 5
99390 1
99391 2
99392 3
99393 4
99394 0
99395 5
99396 1
99397 5
99398 0
99399 2
99400 1
99401 0
99402 1
99403 2
99404 0
99405 3
99406 4
99407 0
99408 0
99409 5
99410 0
99411 2
99412 1
99413 3
99414 2
99415 1
99416 0
99417 2
99418 2
99419 2
99420 1
99421 0
99422 0
99423 1
99424 1
99425 4
99426 4
99427 3
99428 2
99429 1
99430 0
99431 0
99432 4
99433 5
99434 1
99435 1
99436 1
99437 1
99438 4
99439 6
99440 1
99441 0
99442 3
99443 1
99444 0
99445 0
99446 2
99447 3
99448 1
99449 0
99450 4
99451 3
99452 0
99453 2
99454 4
99455 2
99456 4
99457 3
99458 2
99459 4
99460 1
99461 1
99462 0
99463 0
99464 2
99465 0
99466 2
99467 4
99468 1
99469 0
99470 4
99471 1
99472 1
99473 4
99474 4
99475 3
99476 5
99477 1
99478 4
99479 1
99480 4
99481 5
99482 2
99483 2
99484 0
99485 0
99486 3
99487 4
99488 5
99489 3
99490 4
99491 5
99492 2
99493 5
99494 2
99495 1
99496 1
99497 2
99498 3
99499 2
99500 3
99501 2
99502 4
99503 2
99504 4
99505 2
99506 3
99507 1
99508 5
99509 3
99510 4
99511 5
99512 3
99513 3
99514 5
99515 1
99516 0
99517 1
99518 4
99519 6
99520 4
99521 3
99522 4
99523 4
99524 3
99525 2
99526 1
99527 2
99528 0
99529 4
99530 0
99531 4
99532 4
99533 4
99534 3
99535 2
99536 2
99537 3
99538 2
99539 1
99540 4
99541 2
99542 1
99543 2
99544 3
99545 3
99546 0
99547 3
99548 4
99549 3
99550 2
99551 2
99552 4
99553 0
99554 5
99555 3
99556 3
99557 2
99558 4
99559 1
99560 0
99561 4
99562 3
99563 0
99564 3
99565 2
99566 2
99567 1
99568 4
99569 1
99570 4
99571 1
99572 3
99573 4
99574 1
99575 0
99576 5
99577 0
99578 0
99579 5
99580 3
99581 2
99582 0
99583 4
99584 3
99585 3
99586 2
99587 5
99588 0
99589 0
99590 2
99591 0
99592 1
99593 2
99594 4
99595 1
99596 2
99597 1
99598 5
99599 2
99600 0
99601 0
99602 3
99603 0
99604 2
99605 1
99606 3
99607 3
99608 3
99609 4
99610 4
99611 1
99612 4
99613 1
99614 6
99615 4
99616 0
99617 2
99618 3
99619 1
99620 2
99621 4
99622 5
99623 4
99624 0
99625 1
99626 1
99627 2
99628 3
99629 2
99630 2
99631 3
99632 0
99633 0
99634 3
99635 0
99636 1
99637 2
99638 0
99639 3
99640 2
99641 3
99642 3
99643 1
99644 3
99645 0
99646 3
99647 0
99648 3
99649 1
99650 0
99651 1
99652 4
99653 5
99654 4
99655 3
99656 4
99657 4
99658 0
99659 5
99660 2
99661 5
99662 1
99663 5
99664 5
99665 0
99666 0
99667 4
99668 3
99669 3
99670 0
99671 0
99672 4
99673 5
99674 3
99675 2
99676 5
99677 2
99678 1
99679 1
99680 1
99681 1
99682 2
99683 4
99684 3
99685 0
99686 4
99687 1
99688 5
99689 5
99690 1
99691 0
99692 1
99693 1
99694 2
99695 0
99696 1
99697 4
99698 2
99699 1
99700 4
99701 6
99702 2
99703 3
99704 5
99705 0
99706 1
99707 3
99708 3
99709 0
99710 0
99711 2
99712 1
99713 4
99714 3
99715 4
99716 3
99717 4
99718 3
99719 2
99720 3
99721 0
99722 1
99723 0
99724 4
99725 2
99726 3
99727 0
99728 2
99729 0
99730 0
99731 4
99732 2
99733 1
99734 1
99735 0
99736 0
99737 3
99738 4
99739 1
99740 1
99741 2
99742 4
99743 0
99744 1
99745 0
99746 2
99747 4
99748 3
99749 1
99750 4
99751 1
99752 3
99753 5
99754 2
99755 1
99756 1
99757 4
99758 1
99759 3
99760 3
99761 2
99762 1
99763 0
99764 5
99765 4
99766 4
99767 4
99768 1
99769 1
99770 3
99771 2
99772 2
99773 4
99774 0
99775 0
99776 0
99777 3
99778 2
99779 0
99780 0
99781 1
99782 4
99783 4
99784 4
99785 4
99786 3
99787 4
99788 5
99789 3
99790 0
99791 3
99792 3
99793 4
99794 1
99795 5
99796 2
99797 1
99798 2
99799 3
99800 0
99801 2
99802 0
99803 4
99804 1
99805 3
99806 2
99807 4
99808 1
99809 1
99810 0
99811 4
99812 0
99813 0
99814 1
99815 0
99816 0
99817 3
99818 0
99819 4
99820 1
99821 0
99822 0
99823 1
99824 4
99825 1
99826 1
99827 2
99828 1
99829 5
99830 0
99831 0
99832 2
99833 1
99834 2
99835 0
99836 2
99837 2
99838 3
99839 0
99840 0
99841 0
99842 4
99843 3
99844 1
99845 2
99846 3
99847 0
99848 3
99849 2
99850 4
99851 2
99852 4
99853 0
99854 2
99855 4
99856 3
99857 4
99858 2
99859 3
99860 0
99861 1
99862 3
99863 3
99864 4
99865 2
99866 1
99867 3
99868 2
99869 3
99870 2
99871 2
99872 3
99873 3
99874 5
99875 0
99876 0
99877 1
99878 3
99879 3
99880 5
99881 4
99882 5
99883 3
99884 4
99885 1
99886 6
99887 0
99888 4
99889 2
99890 3
99891 5
99892 1
99893 2
99894 4
99895 5
99896 2
99897 4
99898 2
99899 2
99900 1
99901 1
99902 1
99903 3
99904 4
99905 1
99906 3
99907 1
99908 0
99909 1
99910 1
99911 2
99912 0
99913 1
99914 4
99915 2
99916 5
99917 0
99918 1
99919 3
99920 1
99921 3
99922 2
99923 1
99924 4
99925 3
99926 0
99927 4
99928 2
99929 2
99930 0
99931 0
99932 2
99933 3
99934 3
99935 3
99936 2
99937 3
99938 1
99939 0
99940 5
99941 5
99942 1
99943 0
99944 1
99945 4
99946 3
99947 4
99948 4
99949 2
99950 3
99951 4
99952 3
99953 2
99954 0
99955 3
99956 1
99957 4
99958 0
99959 4
99960 2
99961 1
99962 2
99963 1
99964 3
99965 2
99966 2
99967 2
99968 2
99969 0
99970 0
99971 4
99972 1
99973 2
99974 1
99975 1
99976 0
99977 4
99978 5
99979 4
99980 3
99981 3
99982 0
99983 4
99984 1
99985 0
99986 4
99987 4
99988 3
99989 3
99990 4
99991 3
99992 0
99993 1
99994 0
99995 4
99996 4
99997 3
99998 5
99999 5
Colors used: 7
Execution time: 20196.2 ms
