Algorithm: Bellman-Ford
Source: 0

Vertex Distance
0 0
1 -2
2 -104
3 -62
4 -62
5 -14
6 -145
7 -146
8 -95
9 -32
10 49
11 8
12 -114
13 -35
14 0
15 44
16 72
17 18
18 8
19 97
20 -38
21 101
22 95
23 41
24 106
25 -37
26 31
27 1
28 -9
29 10
30 19
31 104
32 1
33 8
34 133
35 163
36 144
37 138
38 117
39 156
40 212
41 104
42 208
43 56
44 174
45 220
46 221
47 205
48 175
49 246
50 99
51 146
52 87
53 158
54 229
55 184
56 123
57 270
58 157
59 302
60 193
61 149
62 230
63 333
64 190
65 158
66 150
67 204
68 163
69 159
70 278
71 281
72 218
73 260
74 216
75 248
76 357
77 247
78 368
79 335
80 360
81 414
82 377
83 284
84 425
85 409
86 338
87 401
88 389
89 310
90 329
91 376
92 398
93 389
94 349
95 361
96 438
97 416
98 506
99 517
100 401
101 517
102 494
103 536
104 510
105 446
106 419
107 435
108 423
109 522
110 418
111 472
112 603
113 437
114 587
115 458
116 539
117 539
118 498
119 572
120 468
121 463
122 560
123 513
124 423
125 423
126 457
127 469
128 601
129 566
130 491
131 556
132 457
133 596
134 617
135 624
136 617
137 503
138 672
139 685
140 683
141 578
142 687
143 511
144 601
145 625
146 548
147 695
148 709
149 603
150 685
151 555
152 586
153 579
154 619
155 679
156 701
157 420
158 373
159 363
160 499
161 451
162 403
163 444
164 332
165 412
166 484
167 335
168 418
169 418
170 536
171 548
172 404
173 560
174 466
175 458
176 405
177 518
178 550
179 178
180 286
181 315
182 169
183 151
184 295
185 233
186 175
187 299
188 241
189 242
190 300
191 227
192 387
193 218
194 388
195 395
196 240
197 319
198 385
199 411
200 292
201 279
202 324
203 439
204 402
205 311
206 295
207 409
208 410
209 408
210 408
211 298
212 347
213 426
214 451
215 486
216 328
217 354
218 354
219 450
220 501
221 411
222 395
223 488
224 358
225 368
226 445
227 410
228 550
229 443
230 477
231 533
232 543
233 441
234 588
235 424
236 434
237 477
238 600
239 555
240 601
241 480
242 590
243 582
244 502
245 494
246 528
247 595
248 654
249 582
250 645
251 688
252 587
253 579
254 560
255 541
256 669
257 685
258 693
259 592
260 715
261 586
262 621
263 661
264 543
265 585
266 596
267 641
268 541
269 536
270 448
271 499
272 574
273 559
274 427
275 533
276 533
277 449
278 484
279 591
280 561
281 622
282 598
283 515
284 626
285 624
286 490
287 513
288 563
289 584
290 672
291 691
292 543
293 648
294 660
295 701
296 560
297 576
298 719
299 623
300 654
301 573
302 606
303 522
304 655
305 627
306 554
307 662
308 702
309 377
310 270
311 290
312 282
313 243
314 278
315 287
316 384
317 362
318 397
319 444
320 425
321 416
322 387
323 300
324 472
325 431
326 456
327 481
328 454
329 467
330 405
331 377
332 499
333 424
334 427
335 499
336 543
337 471
338 437
339 472
340 458
341 570
342 477
343 490
344 589
345 453
346 505
347 563
348 552
349 596
350 614
351 528
352 553
353 609
354 534
355 504
356 587
357 454
358 377
359 305
360 354
361 294
362 442
363 476
364 331
365 471
366 500
367 528
368 373
369 351
370 528
371 404
372 487
373 350
374 511
375 443
376 437
377 392
378 557
379 480
380 385
381 306
382 395
383 363
384 389
385 352
386 347
387 357
388 422
389 428
390 437
391 320
392 340
393 333
394 358
395 317
396 359
397 328
398 430
399 326
400 364
401 474
402 445
403 484
404 489
405 407
406 478
407 556
408 499
409 514
410 563
411 587
412 401
413 417
414 441
415 514
416 429
417 503
418 379
419 559
420 531
421 508
422 428
423 472
424 457
425 403
426 455
427 461
428 462
429 597
430 455
431 538
432 493
433 547
434 442
435 509
436 542
437 454
438 487
439 472
440 454
441 439
442 426
443 499
444 515
445 628
446 484
447 466
448 588
449 534
450 555
451 428
452 429
453 494
454 343
455 469
456 504
457 436
458 387
459 375
460 553
461 368
462 431
463 352
464 367
465 378
466 389
467 484
468 459
469 494
470 564
471 404
472 451
473 391
474 461
475 463
476 400
477 383
478 402
479 342
480 342
481 432
482 371
483 391
484 380
485 505
486 499
487 374
488 579
489 505
490 494
491 479
492 524
493 406
494 486
495 555
496 601
497 553
498 579
499 506
500 587
501 453
502 458
503 486
504 545
505 492
506 453
507 390
508 418
509 466
510 471
511 414
512 414
513 550
514 451
515 457
516 561
517 535
518 533
519 395
520 429
521 474
522 537
523 573
524 471
525 471
526 555
527 440
528 430
529 624
530 531
531 587
532 604
533 526
534 544
535 495
536 606
537 638
538 541
539 550
540 582
541 648
542 690
543 640
544 661
545 478
546 470
547 535
548 564
549 482
550 486
551 555
552 544
553 542
554 402
555 461
556 576
557 54
558 7
559 43
560 46
561 35
562 52
563 173
564 158
565 166
566 95
567 189
568 193
569 67
570 217
571 37
572 93
573 187
574 56
575 60
576 67
577 244
578 231
579 81
580 228
581 116
582 158
583 244
584 130
585 147
586 168
587 238
588 267
589 303
590 234
591 330
592 301
593 330
594 166
595 278
596 271
597 335
598 359
599 208
600 260
601 345
602 323
603 318
604 215
605 261
606 314
607 426
608 277
609 330
610 331
611 401
612 456
613 423
614 334
615 365
616 284
617 322
618 334
619 332
620 420
621 355
622 483
623 317
624 465
625 448
626 357
627 479
628 436
629 366
630 453
631 404
632 367
633 483
634 375
635 405
636 461
637 572
638 466
639 534
640 378
641 467
642 417
643 411
644 359
645 563
646 376
647 467
648 530
649 556
650 441
651 491
652 532
653 558
654 487
655 520
656 583
657 610
658 561
659 500
660 579
661 520
662 613
663 643
664 492
665 661
666 675
667 694
668 669
669 541
670 560
671 706
672 595
673 565
674 623
675 560
676 705
677 663
678 612
679 528
680 567
681 442
682 520
683 606
684 600
685 550
686 529
687 472
688 623
689 536
690 531
691 677
692 664
693 518
694 706
695 645
696 559
697 582
698 704
699 521
700 619
701 595
702 702
703 730
704 739
705 701
706 578
707 580
708 691
709 605
710 701
711 711
712 709
713 586
714 595
715 637
716 702
717 635
718 662
719 673
720 715
721 801
722 763
723 681
724 767
725 690
726 660
727 682
728 830
729 688
730 689
731 723
732 796
733 810
734 718
735 713
736 706
737 649
738 655
739 668
740 543
741 577
742 608
743 607
744 677
745 722
746 601
747 612
748 561
749 569
750 650
751 620
752 186
753 227
754 301
755 138
756 156
757 210
758 240
759 250
760 165
761 310
762 170
763 240
764 186
765 177
766 376
767 198
768 296
769 240
770 209
771 351
772 304
773 254
774 360
775 277
776 361
777 296
778 357
779 361
780 242
781 217
782 363
783 418
784 418
785 317
786 341
787 312
788 293
789 351
790 349
791 444
792 469
793 323
794 303
795 291
796 361
797 392
798 417
799 369
800 342
801 512
802 356
803 367
804 402
805 522
806 457
807 409
808 361
809 410
810 368
811 385
812 507
813 388
814 542
815 498
816 578
817 475
818 430
819 463
820 425
821 464
822 604
823 528
824 582
825 502
826 452
827 370
828 280
829 385
830 330
831 436
832 355
833 392
834 311
835 466
836 331
837 414
838 313
839 311
840 506
841 479
842 411
843 431
844 441
845 463
846 523
847 404
848 386
849 441
850 388
851 507
852 461
853 488
854 406
855 424
856 564
857 508
858 372
859 540
860 557
861 447
862 445
863 400
864 405
865 580
866 448
867 451
868 449
869 411
870 579
871 392
872 419
873 400
874 558
875 396
876 546
877 500
878 598
879 604
880 518
881 449
882 528
883 449
884 443
885 502
886 340
887 348
888 351
889 327
890 374
891 424
892 398
893 484
894 492
895 357
896 488
897 485
898 479
899 422
900 389
901 525
902 371
903 533
904 404
905 378
906 503
907 370
908 406
909 551
910 419
911 453
912 498
913 471
914 487
915 473
916 423
917 529
918 555
919 532
920 571
921 445
922 563
923 611
924 391
925 546
926 471
927 409
928 532
929 592
930 454
931 513
932 440
933 535
934 483
935 609
936 607
937 490
938 624
939 472
940 602
941 500
942 517
943 519
944 683
945 531
946 692
947 524
948 588
949 158
950 265
951 118
952 101
953 247
954 208
955 279
956 134
957 168
958 309
959 240
960 335
961 308
962 305
963 340
964 168
965 361
966 196
967 250
968 335
969 245
970 391
971 355
972 282
973 220
974 372
975 342
976 356
977 314
978 264
979 373
980 335
981 289
982 359
983 343
984 372
985 280
986 428
987 338
988 359
989 471
990 425
991 363
992 498
993 479
994 408
995 495
996 221
997 347
998 314
999 361
1000 356
1001 293
1002 180
1003 294
1004 336
1005 357
1006 225
1007 307
1008 267
1009 327
1010 350
1011 354
1012 361
1013 328
1014 418
1015 382
1016 374
1017 340
1018 436
1019 413
1020 430
1021 327
1022 400
1023 345
1024 453
1025 406
1026 463
1027 473
1028 425
1029 405
1030 438
1031 400
1032 446
1033 487
1034 527
1035 534
1036 461
1037 428
1038 504
1039 534
1040 542
1041 581
1042 500
1043 426
1044 427
1045 617
1046 602
1047 498
1048 447
1049 642
1050 597
1051 616
1052 610
1053 521
1054 538
1055 646
1056 521
1057 583
1058 512
1059 390
1060 501
1061 382
1062 375
1063 396
1064 535
1065 487
1066 418
1067 466
1068 400
1069 389
1070 562
1071 484
1072 463
1073 379
1074 443
1075 344
1076 456
1077 442
1078 428
1079 359
1080 359
1081 374
1082 415
1083 522
1084 438
1085 391
1086 494
1087 384
1088 518
1089 472
1090 540
1091 495
1092 604
1093 546
1094 559
1095 478
1096 610
1097 564
1098 450
1099 501
1100 563
1101 654
1102 533
1103 503
1104 519
1105 648
1106 559
1107 537
1108 527
1109 534
1110 601
1111 684
1112 535
1113 617
1114 677
1115 695
1116 659
1117 561
1118 567
1119 735
1120 598
1121 607
1122 678
1123 666
1124 652
1125 772
1126 765
1127 650
1128 672
1129 838
1130 792
1131 837
1132 718
1133 677
1134 764
1135 744
1136 825
1137 807
1138 803
1139 784
1140 842
1141 725
1142 781
1143 829
1144 731
1145 506
1146 439
1147 420
1148 371
1149 549
1150 564
1151 408
1152 439
1153 400
1154 565
1155 588
1156 613
1157 437
1158 467
1159 609
1160 218
1161 205
1162 138
1163 100
1164 202
1165 197
1166 67
1167 188
1168 165
1169 139
1170 199
1171 226
1172 213
1173 221
1174 149
1175 252
1176 171
1177 311
1178 231
1179 184
1180 270
1181 335
1182 341
1183 257
1184 237
1185 313
1186 229
1187 301
1188 379
1189 221
1190 296
1191 384
1192 404
1193 394
1194 270
1195 244
1196 417
1197 317
1198 297
1199 373
1200 432
1201 458
1202 405
1203 355
1204 375
1205 263
1206 408
1207 407
1208 401
1209 378
1210 391
1211 366
1212 343
1213 438
1214 472
1215 359
1216 395
1217 409
1218 509
1219 449
1220 410
1221 449
1222 486
1223 476
1224 462
1225 437
1226 408
1227 514
1228 434
1229 499
1230 518
1231 434
1232 595
1233 423
1234 552
1235 510
1236 553
1237 590
1238 643
1239 646
1240 620
1241 263
1242 294
1243 432
1244 424
1245 353
1246 402
1247 339
1248 387
1249 301
1250 277
1251 362
1252 343
1253 401
1254 461
1255 436
1256 371
1257 383
1258 372
1259 380
1260 514
1261 509
1262 526
1263 402
1264 560
1265 534
1266 472
1267 515
1268 536
1269 565
1270 453
1271 568
1272 576
1273 585
1274 430
1275 489
1276 511
1277 544
1278 461
1279 612
1280 478
1281 509
1282 647
1283 567
1284 438
1285 430
1286 411
1287 442
1288 346
1289 433
1290 328
1291 429
1292 402
1293 481
1294 377
1295 532
1296 350
1297 388
1298 494
1299 460
1300 392
1301 439
1302 497
1303 442
1304 458
1305 593
1306 528
1307 533
1308 584
1309 532
1310 480
1311 579
1312 552
1313 583
1314 487
1315 537
1316 502
1317 590
1318 591
1319 530
1320 555
1321 402
1322 350
1323 384
1324 538
1325 413
1326 370
1327 379
1328 422
1329 418
1330 320
1331 403
1332 325
1333 461
1334 355
1335 386
1336 518
1337 369
1338 376
1339 510
1340 476
1341 554
1342 563
1343 371
1344 579
1345 520
1346 296
1347 423
1348 394
1349 401
1350 356
1351 332
1352 332
1353 287
1354 450
1355 387
1356 461
1357 461
1358 379
1359 497
1360 347
1361 441
1362 369
1363 431
1364 393
1365 338
1366 407
1367 471
1368 384
1369 463
1370 480
1371 408
1372 506
1373 389
1374 471
1375 477
1376 566
1377 557
1378 511
1379 533
1380 595
1381 594
1382 462
1383 552
1384 542
1385 449
1386 511
1387 514
1388 555
1389 650
1390 640
1391 633
1392 525
1393 659
1394 660
1395 543
1396 621
1397 369
1398 405
1399 415
1400 456
1401 431
1402 503
1403 503
1404 408
1405 527
1406 505
1407 465
1408 340
1409 367
1410 408
1411 542
1412 558
1413 441
1414 519
1415 451
1416 406
1417 526
1418 562
1419 372
1420 517
1421 577
1422 402
1423 405
1424 503
1425 494
1426 531
1427 433
1428 452
1429 440
1430 429
1431 499
1432 444
1433 531
1434 565
1435 477
1436 548
1437 542
1438 549
1439 541
1440 443
1441 490
1442 485
1443 465
1444 544
1445 596
1446 442
1447 504
1448 505
1449 622
1450 547
1451 470
1452 655
1453 478
1454 563
1455 484
1456 558
1457 651
1458 610
1459 668
1460 661
1461 690
1462 611
1463 574
1464 674
1465 620
1466 671
1467 467
1468 342
1469 311
1470 333
1471 409
1472 386
1473 516
1474 352
1475 409
1476 504
1477 403
1478 534
1479 370
1480 485
1481 506
1482 499
1483 550
1484 381
1485 360
1486 323
1487 428
1488 513
1489 480
1490 449
1491 344
1492 403
1493 377
1494 394
1495 513
1496 487
1497 359
1498 447
1499 535
1500 566
1501 465
1502 548
1503 328
1504 448
1505 280
1506 421
1507 361
1508 398
1509 297
1510 314
1511 396
1512 389
1513 351
1514 495
1515 384
1516 476
1517 527
1518 504
1519 494
1520 378
1521 408
1522 441
1523 391
1524 300
1525 251
1526 404
1527 351
1528 359
1529 405
1530 271
1531 437
1532 308
1533 433
1534 438
1535 478
1536 407
1537 421
1538 476
1539 323
1540 431
1541 384
1542 361
1543 360
1544 444
1545 439
1546 505
1547 404
1548 409
1549 455
1550 450
1551 503
1552 428
1553 561
1554 511
1555 472
1556 578
1557 438
1558 441
1559 525
1560 623
1561 521
1562 352
1563 541
1564 497
1565 422
1566 457
1567 424
1568 495
1569 515
1570 459
1571 463
1572 483
1573 450
1574 528
1575 506
1576 400
1577 408
1578 543
1579 378
1580 555
1581 411
1582 566
1583 428
1584 425
1585 559
1586 438
1587 586
1588 559
1589 603
1590 614
1591 553
1592 449
1593 516
1594 455
1595 577
1596 613
1597 484
1598 559
1599 668
1600 581
1601 663
1602 635
1603 543
1604 574
1605 519
1606 576
1607 659
1608 513
1609 498
1610 670
1611 572
1612 528
1613 597
1614 463
1615 401
1616 352
1617 339
1618 532
1619 381
1620 472
1621 511
1622 465
1623 434
1624 400
1625 368
1626 452
1627 482
1628 405
1629 519
1630 486
1631 587
1632 546
1633 545
1634 588
1635 599
1636 545
1637 618
1638 547
1639 520
1640 556
1641 435
1642 542
1643 401
1644 586
1645 453
1646 455
1647 445
1648 550
1649 588
1650 517
1651 573
1652 576
1653 474
1654 511
1655 527
1656 481
1657 522
1658 444
1659 531
1660 467
1661 546
1662 459
1663 609
1664 580
1665 536
1666 551
1667 490
1668 364
1669 418
1670 447
1671 317
1672 353
1673 468
1674 423
1675 310
1676 299
1677 369
1678 434
1679 431
1680 351
1681 353
1682 497
1683 398
1684 404
1685 415
1686 395
1687 476
1688 411
1689 519
1690 510
1691 456
1692 467
1693 460
1694 530
1695 470
1696 474
1697 356
1698 407
1699 449
1700 398
1701 303
1702 278
1703 416
1704 372
1705 480
1706 340
1707 308
1708 410
1709 313
1710 403
1711 448
1712 501
1713 528
1714 388
1715 416
1716 381
1717 540
1718 400
1719 411
1720 430
1721 436
1722 572
1723 569
1724 436
1725 470
1726 528
1727 488
1728 475
1729 599
1730 496
1731 584
1732 559
1733 516
1734 484
1735 585
1736 483
1737 596
1738 609
1739 527
1740 607
1741 551
1742 660
1743 612
1744 490
1745 644
1746 676
1747 684
1748 566
1749 613
1750 511
1751 499
1752 543
1753 331
1754 400
1755 499
1756 345
1757 490
1758 393
1759 482
1760 476
1761 470
1762 382
1763 487
1764 501
1765 490
1766 416
1767 486
1768 528
1769 599
1770 411
1771 489
1772 422
1773 477
1774 625
1775 515
1776 468
1777 447
1778 543
1779 601
1780 540
1781 649
1782 516
1783 664
1784 543
1785 582
1786 528
1787 524
1788 684
1789 603
1790 576
1791 529
1792 464
1793 460
1794 622
1795 604
1796 637
1797 478
1798 608
1799 531
1800 542
1801 487
1802 606
1803 585
1804 492
1805 567
1806 524
1807 665
1808 666
1809 536
1810 573
1811 589
1812 668
1813 620
1814 617
1815 682
1816 635
1817 687
1818 641
1819 646
1820 611
1821 648
1822 701
1823 636
1824 285
1825 308
1826 250
1827 450
1828 298
1829 460
1830 420
1831 275
1832 328
1833 309
1834 331
1835 304
1836 305
1837 445
1838 349
1839 388
1840 512
1841 342
1842 492
1843 464
1844 500
1845 503
1846 526
1847 455
1848 519
1849 369
1850 423
1851 459
1852 368
1853 427
1854 386
1855 495
1856 475
1857 492
1858 519
1859 486
1860 465
1861 453
1862 534
1863 574
1864 447
1865 549
1866 537
1867 498
1868 574
1869 560
1870 638
1871 651
1872 498
1873 659
1874 551
1875 324
1876 346
1877 336
1878 356
1879 496
1880 428
1881 515
1882 392
1883 412
1884 501
1885 477
1886 449
1887 544
1888 463
1889 561
1890 403
1891 493
1892 407
1893 427
1894 545
1895 567
1896 441
1897 521
1898 519
1899 542
1900 489
1901 569
1902 578
1903 588
1904 511
1905 627
1906 457
1907 590
1908 559
1909 461
1910 532
1911 663
1912 567
1913 536
1914 319
1915 331
1916 475
1917 392
1918 322
1919 308
1920 451
1921 479
1922 464
1923 373
1924 455
1925 346
1926 479
1927 478
1928 444
1929 510
1930 435
1931 475
1932 416
1933 434
1934 422
1935 472
1936 501
1937 580
1938 417
1939 560
1940 468
1941 486
1942 531
1943 504
1944 553
1945 503
1946 607
1947 536
1948 634
1949 581
1950 505
1951 641
1952 627
1953 530
1954 694
1955 593
1956 536
1957 649
1958 641
1959 527
1960 698
1961 672
1962 721
1963 729
1964 720
1965 547
1966 640
1967 606
1968 622
1969 709
1970 726
1971 626
1972 661
1973 636
1974 636
1975 688
1976 745
1977 751
1978 791
1979 782
1980 676
1981 409
1982 415
1983 487
1984 402
1985 343
1986 361
1987 332
1988 442
1989 358
1990 508
1991 492
1992 414
1993 450
1994 439
1995 363
1996 551
1997 455
1998 560
1999 564
2000 580
2001 556
2002 569
2003 510
2004 527
2005 467
2006 373
2007 381
2008 500
2009 460
2010 472
2011 349
2012 385
2013 472
2014 506
2015 392
2016 469
2017 399
2018 426
2019 585
2020 525
2021 541
2022 572
2023 594
2024 591
2025 537
2026 612
2027 556
2028 560
2029 569
2030 358
2031 408
2032 522
2033 478
2034 427
2035 483
2036 541
2037 555
2038 376
2039 456
2040 426
2041 360
2042 370
2043 478
2044 394
2045 364
2046 419
2047 389
2048 444
2049 496
2050 500
2051 401
2052 547
2053 498
2054 304
2055 302
2056 313
2057 457
2058 352
2059 416
2060 485
2061 492
2062 327
2063 415
2064 319
2065 367
2066 486
2067 408
2068 420
2069 534
2070 486
2071 439
2072 542
2073 417
2074 553
2075 577
2076 400
2077 427
2078 520
2079 464
2080 508
2081 453
2082 518
2083 619
2084 537
2085 452
2086 374
2087 518
2088 456
2089 431
2090 558
2091 473
2092 443
2093 535
2094 554
2095 528
2096 546
2097 427
2098 541
2099 609
2100 558
2101 102
2102 180
2103 91
2104 129
2105 223
2106 215
2107 245
2108 235
2109 218
2110 270
2111 238
2112 267
2113 253
2114 250
2115 327
2116 256
2117 221
2118 161
2119 302
2120 249
2121 211
2122 200
2123 362
2124 278
2125 273
2126 239
2127 350
2128 290
2129 397
2130 272
2131 304
2132 268
2133 371
2134 332
2135 356
2136 434
2137 451
2138 481
2139 489
2140 399
2141 448
2142 408
2143 409
2144 501
2145 434
2146 430
2147 399
2148 461
2149 418
2150 431
2151 481
2152 532
2153 538
2154 455
2155 462
2156 504
2157 387
2158 475
2159 558
2160 463
2161 529
2162 458
2163 437
2164 462
2165 422
2166 549
2167 571
2168 521
2169 469
2170 560
2171 482
2172 502
2173 489
2174 626
2175 475
2176 506
2177 599
2178 596
2179 559
2180 626
2181 532
2182 686
2183 597
2184 590
2185 622
2186 692
2187 723
2188 637
2189 736
2190 641
2191 690
2192 571
2193 579
2194 413
2195 538
2196 580
2197 474
2198 440
2199 523
2200 507
2201 525
2202 512
2203 502
2204 485
2205 500
2206 449
2207 538
2208 309
2209 319
2210 371
2211 480
2212 385
2213 497
2214 488
2215 365
2216 477
2217 486
2218 355
2219 432
2220 428
2221 537
2222 464
2223 561
2224 525
2225 500
2226 453
2227 527
2228 483
2229 327
2230 462
2231 414
2232 365
2233 447
2234 376
2235 400
2236 438
2237 407
2238 380
2239 360
2240 424
2241 497
2242 540
2243 559
2244 508
2245 431
2246 563
2247 603
2248 432
2249 590
2250 490
2251 467
2252 485
2253 471
2254 589
2255 510
2256 632
2257 590
2258 468
2259 528
2260 628
2261 551
2262 689
2263 500
2264 521
2265 412
2266 514
2267 384
2268 508
2269 572
2270 479
2271 487
2272 541
2273 594
2274 518
2275 444
2276 505
2277 545
2278 561
2279 467
2280 603
2281 539
2282 596
2283 631
2284 593
2285 489
2286 573
2287 604
2288 567
2289 620
2290 620
2291 628
2292 589
2293 542
2294 677
2295 526
2296 656
2297 554
2298 597
2299 598
2300 536
2301 669
2302 548
2303 535
2304 524
2305 570
2306 -11
2307 -54
2308 64
2309 100
2310 -82
2311 3
2312 26
2313 5
2314 102
2315 100
2316 -60
2317 97
2318 -40
2319 10
2320 142
2321 -7
2322 -15
2323 44
2324 26
2325 66
2326 46
2327 170
2328 144
2329 96
2330 133
2331 42
2332 59
2333 66
2334 118
2335 79
2336 84
2337 126
2338 129
2339 140
2340 254
2341 135
2342 224
2343 231
2344 103
2345 246
2346 219
2347 292
2348 227
2349 212
2350 161
2351 197
2352 336
2353 237
2354 304
2355 374
2356 324
2357 325
2358 271
2359 318
2360 398
2361 272
2362 261
2363 276
2364 271
2365 451
2366 419
2367 391
2368 465
2369 411
2370 431
2371 401
2372 387
2373 375
2374 464
2375 354
2376 369
2377 316
2378 399
2379 469
2380 334
2381 441
2382 344
2383 382
2384 360
2385 440
2386 530
2387 378
2388 400
2389 399
2390 531
2391 420
2392 575
2393 429
2394 432
2395 460
2396 511
2397 520
2398 545
2399 618
2400 609
2401 575
2402 612
2403 566
2404 485
2405 645
2406 605
2407 476
2408 457
2409 441
2410 461
2411 427
2412 540
2413 460
2414 397
2415 403
2416 424
2417 483
2418 468
2419 483
2420 470
2421 535
2422 462
2423 638
2424 592
2425 596
2426 566
2427 657
2428 520
2429 630
2430 503
2431 543
2432 616
2433 542
2434 663
2435 565
2436 648
2437 689
2438 591
2439 490
2440 467
2441 444
2442 470
2443 456
2444 427
2445 588
2446 468
2447 575
2448 482
2449 505
2450 611
2451 507
2452 459
2453 457
2454 536
2455 513
2456 463
2457 472
2458 664
2459 560
2460 524
2461 577
2462 662
2463 666
2464 649
2465 552
2466 584
2467 654
2468 549
2469 588
2470 389
2471 427
2472 488
2473 492
2474 504
2475 392
2476 445
2477 480
2478 403
2479 430
2480 565
2481 485
2482 485
2483 525
2484 456
2485 405
2486 432
2487 451
2488 442
2489 514
2490 237
2491 355
2492 371
2493 224
2494 302
2495 349
2496 249
2497 314
2498 281
2499 270
2500 389
2501 362
2502 320
2503 423
2504 338
2505 314
2506 425
2507 367
2508 485
2509 379
2510 369
2511 521
2512 464
2513 449
2514 452
2515 435
2516 465
2517 278
2518 375
2519 432
2520 345
2521 361
2522 428
2523 330
2524 385
2525 454
2526 456
2527 399
2528 539
2529 438
2530 361
2531 407
2532 470
2533 306
2534 230
2535 373
2536 376
2537 248
2538 309
2539 310
2540 262
2541 409
2542 248
2543 328
2544 275
2545 433
2546 369
2547 383
2548 425
2549 336
2550 405
2551 395
2552 439
2553 422
2554 489
2555 370
2556 357
2557 408
2558 484
2559 414
2560 532
2561 513
2562 409
2563 364
2564 402
2565 423
2566 386
2567 481
2568 547
2569 491
2570 488
2571 498
2572 423
2573 435
2574 445
2575 584
2576 596
2577 569
2578 505
2579 635
2580 459
2581 563
2582 629
2583 379
2584 352
2585 375
2586 548
2587 546
2588 424
2589 466
2590 480
2591 438
2592 460
2593 462
2594 400
2595 409
2596 439
2597 545
2598 581
2599 420
2600 556
2601 573
2602 498
2603 500
2604 451
2605 587
2606 536
2607 591
2608 525
2609 483
2610 581
2611 511
2612 534
2613 528
2614 482
2615 573
2616 650
2617 523
2618 606
2619 686
2620 573
2621 709
2622 714
2623 597
2624 630
2625 719
2626 721
2627 723
2628 755
2629 593
2630 792
2631 769
2632 735
2633 644
2634 635
2635 664
2636 825
2637 824
2638 781
2639 787
2640 813
2641 687
2642 744
2643 434
2644 327
2645 453
2646 437
2647 325
2648 364
2649 429
2650 332
2651 494
2652 385
2653 486
2654 513
2655 531
2656 347
2657 426
2658 384
2659 550
2660 428
2661 437
2662 535
2663 432
2664 533
2665 548
2666 404
2667 582
2668 432
2669 592
2670 496
2671 514
2672 571
2673 488
2674 584
2675 559
2676 619
2677 530
2678 575
2679 430
2680 324
2681 413
2682 286
2683 276
2684 457
2685 455
2686 268
2687 398
2688 378
2689 316
2690 410
2691 380
2692 337
2693 466
2694 455
2695 387
2696 477
2697 450
2698 457
2699 557
2700 488
2701 405
2702 416
2703 540
2704 492
2705 577
2706 542
2707 -62
2708 -88
2709 6
2710 33
2711 -51
2712 40
2713 35
2714 -86
2715 -84
2716 21
2717 27
2718 33
2719 -80
2720 -15
2721 -28
2722 60
2723 60
2724 -41
2725 -65
2726 97
2727 -40
2728 30
2729 15
2730 118
2731 -2
2732 112
2733 121
2734 -5
2735 112
2736 110
2737 53
2738 90
2739 129
2740 33
2741 16
2742 211
2743 57
2744 199
2745 139
2746 54
2747 172
2748 70
2749 132
2750 116
2751 186
2752 256
2753 121
2754 126
2755 89
2756 183
2757 188
2758 131
2759 258
2760 209
2761 202
2762 216
2763 143
2764 137
2765 210
2766 209
2767 166
2768 213
2769 213
2770 298
2771 221
2772 247
2773 181
2774 287
2775 347
2776 374
2777 308
2778 251
2779 220
2780 246
2781 301
2782 430
2783 346
2784 250
2785 420
2786 280
2787 364
2788 313
2789 302
2790 425
2791 325
2792 473
2793 411
2794 439
2795 414
2796 466
2797 516
2798 487
2799 509
2800 526
2801 358
2802 392
2803 392
2804 392
2805 366
2806 450
2807 358
2808 388
2809 410
2810 375
2811 478
2812 436
2813 420
2814 334
2815 278
2816 315
2817 396
2818 293
2819 320
2820 338
2821 298
2822 351
2823 458
2824 317
2825 457
2826 383
2827 386
2828 295
2829 476
2830 399
2831 450
2832 357
2833 457
2834 329
2835 500
2836 457
2837 531
2838 449
2839 460
2840 366
2841 553
2842 502
2843 410
2844 462
2845 469
2846 416
2847 402
2848 532
2849 520
2850 537
2851 615
2852 455
2853 599
2854 613
2855 460
2856 533
2857 567
2858 486
2859 612
2860 547
2861 536
2862 526
2863 643
2864 622
2865 539
2866 557
2867 562
2868 444
2869 583
2870 566
2871 445
2872 601
2873 432
2874 466
2875 421
2876 487
2877 528
2878 395
2879 381
2880 493
2881 460
2882 439
2883 424
2884 471
2885 592
2886 560
2887 515
2888 525
2889 554
2890 604
2891 538
2892 528
2893 487
2894 506
2895 478
2896 630
2897 516
2898 599
2899 666
2900 518
2901 529
2902 480
2903 538
2904 435
2905 527
2906 552
2907 613
2908 452
2909 552
2910 495
2911 520
2912 473
2913 472
2914 651
2915 506
2916 566
2917 536
2918 580
2919 613
2920 566
2921 641
2922 503
2923 529
2924 532
2925 631
2926 659
2927 541
2928 599
2929 687
2930 660
2931 662
2932 702
2933 555
2934 596
2935 623
2936 397
2937 433
2938 463
2939 315
2940 451
2941 454
2942 421
2943 476
2944 335
2945 349
2946 354
2947 524
2948 489
2949 417
2950 362
2951 371
2952 487
2953 437
2954 432
2955 481
2956 422
2957 394
2958 460
2959 466
2960 471
2961 454
2962 392
2963 379
2964 452
2965 513
2966 444
2967 511
2968 516
2969 515
2970 578
2971 547
2972 451
2973 434
2974 339
2975 316
2976 384
2977 436
2978 367
2979 397
2980 414
2981 501
2982 394
2983 424
2984 371
2985 458
2986 350
2987 449
2988 390
2989 441
2990 533
2991 536
2992 395
2993 449
2994 492
2995 588
2996 561
2997 575
2998 430
2999 422
3000 497
3001 472
3002 526
3003 509
3004 545
3005 589
3006 488
3007 520
3008 458
3009 603
3010 652
3011 557
3012 502
3013 653
3014 545
3015 623
3016 566
3017 498
3018 624
3019 646
3020 652
3021 694
3022 718
3023 567
3024 596
3025 484
3026 564
3027 457
3028 531
3029 459
3030 456
3031 561
3032 546
3033 562
3034 584
3035 517
3036 591
3037 519
3038 483
3039 679
3040 580
3041 624
3042 517
3043 611
3044 698
3045 596
3046 466
3047 515
3048 591
3049 545
3050 466
3051 413
3052 532
3053 411
3054 489
3055 565
3056 483
3057 491
3058 471
3059 507
3060 533
3061 505
3062 573
3063 438
3064 618
3065 499
3066 528
3067 507
3068 460
3069 475
3070 593
3071 558
3072 571
3073 523
3074 504
3075 610
3076 405
3077 425
3078 570
3079 480
3080 563
3081 556
3082 602
3083 491
3084 446
3085 428
3086 584
3087 455
3088 511
3089 402
3090 430
3091 563
3092 396
3093 387
3094 346
3095 483
3096 442
3097 425
3098 406
3099 462
3100 461
3101 424
3102 490
3103 368
3104 510
3105 527
3106 480
3107 518
3108 394
3109 404
3110 528
3111 504
3112 448
3113 569
3114 490
3115 525
3116 473
3117 599
3118 524
3119 612
3120 595
3121 538
3122 586
3123 498
3124 459
3125 614
3126 611
3127 566
3128 646
3129 553
3130 579
3131 479
3132 398
3133 357
3134 434
3135 537
3136 431
3137 413
3138 553
3139 561
3140 441
3141 588
3142 537
3143 591
3144 459
3145 593
3146 495
3147 532
3148 625
3149 447
3150 642
3151 585
3152 621
3153 413
3154 569
3155 485
3156 524
3157 630
3158 539
3159 480
3160 443
3161 482
3162 636
3163 655
3164 475
3165 484
3166 618
3167 612
3168 582
3169 539
3170 655
3171 691
3172 616
3173 540
3174 573
3175 614
3176 523
3177 550
3178 646
3179 593
3180 616
3181 607
3182 729
3183 633
3184 620
3185 612
3186 610
3187 627
3188 674
3189 654
3190 606
3191 770
3192 751
3193 699
3194 764
3195 684
3196 699
3197 638
3198 690
3199 757
3200 686
3201 838
3202 842
3203 671
3204 798
3205 787
3206 765
3207 786
3208 873
3209 784
3210 748
3211 827
3212 882
3213 840
3214 797
3215 851
3216 845
3217 915
3218 724
3219 712
3220 701
3221 620
3222 738
3223 693
3224 601
3225 740
3226 634
3227 596
3228 600
3229 780
3230 754
3231 682
3232 740
3233 664
3234 681
3235 758
3236 790
3237 821
3238 794
3239 403
3240 367
3241 381
3242 453
3243 272
3244 297
3245 357
3246 343
3247 348
3248 443
3249 310
3250 295
3251 404
3252 313
3253 386
3254 347
3255 502
3256 406
3257 453
3258 315
3259 356
3260 512
3261 333
3262 475
3263 468
3264 467
3265 468
3266 363
3267 421
3268 400
3269 492
3270 422
3271 205
3272 134
3273 254
3274 232
3275 188
3276 287
3277 207
3278 353
3279 345
3280 276
3281 204
3282 247
3283 230
3284 306
3285 288
3286 377
3287 376
3288 322
3289 287
3290 431
3291 446
3292 272
3293 306
3294 325
3295 285
3296 322
3297 337
3298 365
3299 385
3300 404
3301 298
3302 439
3303 303
3304 371
3305 325
3306 461
3307 478
3308 495
3309 365
3310 386
3311 507
3312 454
3313 435
3314 295
3315 328
3316 325
3317 416
3318 371
3319 478
3320 495
3321 516
3322 392
3323 361
3324 506
3325 515
3326 452
3327 408
3328 463
3329 475
3330 559
3331 526
3332 399
3333 574
3334 546
3335 481
3336 506
3337 486
3338 521
3339 591
3340 540
3341 564
3342 602
3343 468
3344 591
3345 513
3346 527
3347 588
3348 535
3349 626
3350 571
3351 596
3352 451
3353 583
3354 504
3355 579
3356 646
3357 505
3358 672
3359 610
3360 672
3361 582
3362 576
3363 521
3364 628
3365 709
3366 540
3367 726
3368 599
3369 557
3370 559
3371 604
3372 589
3373 744
3374 563
3375 691
3376 534
3377 534
3378 613
3379 426
3380 469
3381 604
3382 507
3383 458
3384 557
3385 614
3386 515
3387 468
3388 521
3389 537
3390 481
3391 276
3392 297
3393 355
3394 258
3395 403
3396 282
3397 402
3398 300
3399 387
3400 313
3401 393
3402 308
3403 472
3404 462
3405 319
3406 503
3407 391
3408 484
3409 530
3410 438
3411 391
3412 491
3413 376
3414 566
3415 494
3416 531
3417 406
3418 551
3419 409
3420 565
3421 539
3422 426
3423 471
3424 593
3425 574
3426 514
3427 614
3428 464
3429 506
3430 559
3431 579
3432 522
3433 615
3434 693
3435 685
3436 621
3437 341
3438 469
3439 376
3440 402
3441 502
3442 470
3443 435
3444 346
3445 492
3446 436
3447 463
3448 355
3449 427
3450 523
3451 383
3452 518
3453 524
3454 376
3455 508
3456 416
3457 579
3458 389
3459 422
3460 516
3461 458
3462 560
3463 477
3464 396
3465 495
3466 407
3467 563
3468 422
3469 529
3470 441
3471 407
3472 405
3473 585
3474 585
3475 549
3476 618
3477 586
3478 511
3479 485
3480 532
3481 582
3482 523
3483 653
3484 511
3485 660
3486 418
3487 598
3488 471
3489 523
3490 549
3491 476
3492 593
3493 628
3494 489
3495 655
3496 543
3497 633
3498 540
3499 549
3500 548
3501 581
3502 634
3503 690
3504 648
3505 538
3506 572
3507 602
3508 559
3509 529
3510 607
3511 624
3512 596
3513 593
3514 609
3515 598
3516 493
3517 578
3518 473
3519 581
3520 598
3521 645
3522 486
3523 487
3524 594
3525 475
3526 553
3527 576
3528 509
3529 579
3530 688
3531 583
3532 579
3533 542
3534 624
3535 541
3536 647
3537 636
3538 665
3539 625
3540 578
3541 766
3542 728
3543 647
3544 634
3545 618
3546 627
3547 690
3548 805
3549 685
3550 753
3551 645
3552 696
3553 776
3554 721
3555 325
3556 374
3557 448
3558 423
3559 434
3560 364
3561 273
3562 402
3563 364
3564 473
3565 423
3566 375
3567 431
3568 446
3569 378
3570 328
3571 441
3572 388
3573 485
3574 498
3575 436
3576 350
3577 433
3578 370
3579 431
3580 554
3581 425
3582 456
3583 480
3584 428
3585 417
3586 435
3587 508
3588 500
3589 492
3590 505
3591 563
3592 545
3593 506
3594 382
3595 441
3596 312
3597 451
3598 356
3599 411
3600 480
3601 488
3602 335
3603 473
3604 356
3605 331
3606 465
3607 349
3608 390
3609 518
3610 541
3611 448
3612 483
3613 407
3614 415
3615 388
3616 452
3617 535
3618 486
3619 501
3620 428
3621 525
3622 410
3623 443
3624 543
3625 548
3626 475
3627 584
3628 531
3629 486
3630 520
3631 489
3632 453
3633 443
3634 462
3635 492
3636 525
3637 620
3638 533
3639 457
3640 611
3641 546
3642 618
3643 500
3644 643
3645 586
3646 646
3647 585
3648 622
3649 679
3650 574
3651 668
3652 555
3653 580
3654 587
3655 695
3656 579
3657 721
3658 633
3659 638
3660 651
3661 673
3662 556
3663 583
3664 596
3665 357
3666 466
3667 501
3668 379
3669 379
3670 520
3671 408
3672 520
3673 419
3674 213
3675 356
3676 347
3677 216
3678 338
3679 264
3680 192
3681 343
3682 306
3683 222
3684 345
3685 347
3686 262
3687 383
3688 434
3689 449
3690 288
3691 306
3692 423
3693 432
3694 455
3695 349
3696 307
3697 332
3698 465
3699 430
3700 308
3701 344
3702 470
3703 488
3704 327
3705 463
3706 471
3707 503
3708 469
3709 402
3710 465
3711 375
3712 403
3713 443
3714 399
3715 409
3716 454
3717 511
3718 487
3719 391
3720 347
3721 370
3722 399
3723 447
3724 396
3725 430
3726 298
3727 342
3728 427
3729 336
3730 390
3731 480
3732 467
3733 319
3734 339
3735 413
3736 419
3737 506
3738 544
3739 458
3740 501
3741 527
3742 435
3743 583
3744 566
3745 463
3746 596
3747 440
3748 500
3749 487
3750 516
3751 520
3752 519
3753 554
3754 599
3755 392
3756 379
3757 398
3758 543
3759 530
3760 415
3761 548
3762 551
3763 404
3764 445
3765 430
3766 565
3767 513
3768 461
3769 535
3770 625
3771 481
3772 641
3773 539
3774 322
3775 340
3776 369
3777 448
3778 364
3779 389
3780 360
3781 308
3782 486
3783 357
3784 443
3785 306
3786 331
3787 475
3788 403
3789 450
3790 512
3791 341
3792 537
3793 353
3794 362
3795 496
3796 435
3797 546
3798 491
3799 424
3800 409
3801 567
3802 452
3803 442
3804 426
3805 550
3806 551
3807 536
3808 422
3809 486
3810 598
3811 515
3812 303
3813 356
3814 293
3815 476
3816 378
3817 363
3818 407
3819 449
3820 339
3821 483
3822 406
3823 373
3824 417
3825 528
3826 424
3827 449
3828 391
3829 496
3830 430
3831 554
3832 409
3833 581
3834 487
3835 434
3836 599
3837 512
3838 573
3839 470
3840 549
3841 562
3842 547
3843 463
3844 604
3845 472
3846 528
3847 618
3848 643
3849 526
3850 598
3851 591
3852 560
3853 498
3854 511
3855 673
3856 561
3857 429
3858 475
3859 555
3860 603
3861 552
3862 589
3863 609
3864 584
3865 481
3866 608
3867 536
3868 568
3869 610
3870 647
3871 529
3872 574
3873 506
3874 539
3875 681
3876 613
3877 491
3878 578
3879 552
3880 613
3881 519
3882 579
3883 581
3884 582
3885 454
3886 495
3887 550
3888 590
3889 369
3890 501
3891 509
3892 477
3893 389
3894 353
3895 370
3896 411
3897 457
3898 383
3899 511
3900 440
3901 492
3902 498
3903 369
3904 524
3905 405
3906 501
3907 469
3908 439
3909 456
3910 555
3911 403
3912 578
3913 463
3914 460
3915 428
3916 613
3917 561
3918 490
3919 519
3920 522
3921 489
3922 529
3923 579
3924 619
3925 471
3926 439
3927 402
3928 474
3929 552
3930 594
3931 481
3932 393
3933 422
3934 307
3935 345
3936 294
3937 341
3938 291
3939 377
3940 335
3941 356
3942 429
3943 466
3944 413
3945 509
3946 448
3947 407
3948 511
3949 457
3950 514
3951 481
3952 428
3953 398
3954 487
3955 388
3956 409
3957 439
3958 447
3959 485
3960 589
3961 589
3962 479
3963 514
3964 534
3965 524
3966 552
3967 453
3968 577
3969 306
3970 351
3971 384
3972 307
3973 457
3974 378
3975 340
3976 463
3977 338
3978 403
3979 386
3980 519
3981 528
3982 369
3983 498
3984 466
3985 537
3986 488
3987 467
3988 515
3989 410
3990 526
3991 450
3992 521
3993 431
3994 541
3995 606
3996 589
3997 470
3998 537
3999 504
4000 477
4001 502
4002 610
4003 550
4004 583
4005 642
4006 625
4007 520
4008 672
4009 612
4010 504
4011 657
4012 672
4013 669
4014 638
4015 571
4016 542
4017 349
4018 195
4019 281
4020 254
4021 226
4022 234
4023 253
4024 213
4025 259
4026 185
4027 321
4028 387
4029 271
4030 376
4031 230
4032 386
4033 300
4034 370
4035 287
4036 414
4037 248
4038 292
4039 431
4040 307
4041 362
4042 310
4043 285
4044 292
4045 463
4046 420
4047 431
4048 384
4049 350
4050 411
4051 308
4052 444
4053 470
4054 452
4055 429
4056 525
4057 460
4058 419
4059 491
4060 469
4061 490
4062 567
4063 434
4064 555
4065 440
4066 545
4067 591
4068 562
4069 546
4070 467
4071 509
4072 403
4073 384
4074 427
4075 502
4076 490
4077 477
4078 429
4079 528
4080 534
4081 487
4082 423
4083 535
4084 381
4085 456
4086 556
4087 575
4088 450
4089 505
4090 599
4091 578
4092 606
4093 518
4094 452
4095 536
4096 607
4097 525
4098 556
4099 481
4100 502
4101 504
4102 594
4103 550
4104 665
4105 624
4106 533
4107 580
4108 553
4109 437
4110 541
4111 555
4112 445
4113 362
4114 433
4115 285
4116 375
4117 463
4118 409
4119 477
4120 511
4121 392
4122 348
4123 407
4124 363
4125 512
4126 503
4127 557
4128 431
4129 563
4130 546
4131 401
4132 529
4133 534
4134 572
4135 445
4136 494
4137 495
4138 539
4139 463
4140 511
4141 561
4142 516
4143 519
4144 588
4145 637
4146 565
4147 659
4148 593
4149 567
4150 677
4151 583
4152 549
4153 544
4154 584
4155 674
4156 588
4157 656
4158 536
4159 686
4160 595
4161 729
4162 577
4163 752
4164 476
4165 449
4166 532
4167 585
4168 499
4169 417
4170 603
4171 467
4172 520
4173 472
4174 468
4175 521
4176 499
4177 450
4178 605
4179 520
4180 463
4181 627
4182 548
4183 614
4184 500
4185 498
4186 675
4187 581
4188 678
4189 658
4190 645
4191 563
4192 584
4193 492
4194 459
4195 636
4196 507
4197 620
4198 635
4199 549
4200 475
4201 340
4202 311
4203 426
4204 376
4205 462
4206 435
4207 362
4208 357
4209 332
4210 314
4211 431
4212 389
4213 466
4214 391
4215 336
4216 334
4217 428
4218 479
4219 361
4220 441
4221 516
4222 522
4223 410
4224 501
4225 455
4226 517
4227 552
4228 523
4229 442
4230 484
4231 524
4232 557
4233 597
4234 589
4235 514
4236 551
4237 593
4238 514
4239 580
4240 514
4241 544
4242 583
4243 626
4244 564
4245 678
4246 650
4247 642
4248 525
4249 565
4250 523
4251 504
4252 567
4253 468
4254 426
4255 481
4256 523
4257 472
4258 589
4259 493
4260 527
4261 473
4262 585
4263 573
4264 461
4265 576
4266 538
4267 479
4268 552
4269 514
4270 550
4271 470
4272 601
4273 411
4274 534
4275 566
4276 383
4277 465
4278 387
4279 422
4280 370
4281 467
4282 487
4283 437
4284 374
4285 369
4286 535
4287 466
4288 569
4289 535
4290 457
4291 441
4292 506
4293 565
4294 602
4295 457
4296 534
4297 454
4298 524
4299 618
4300 611
4301 504
4302 464
4303 406
4304 407
4305 481
4306 331
4307 387
4308 431
4309 390
4310 465
4311 529
4312 455
4313 462
4314 435
4315 527
4316 482
4317 535
4318 559
4319 597
4320 538
4321 562
4322 556
4323 615
4324 521
4325 538
4326 514
4327 531
4328 579
4329 586
4330 590
4331 586
4332 600
4333 496
4334 526
4335 557
4336 560
4337 521
4338 580
4339 606
4340 645
4341 512
4342 508
4343 555
4344 664
4345 640
4346 517
4347 451
4348 466
4349 572
4350 567
4351 477
4352 529
4353 579
4354 486
4355 667
4356 602
4357 580
4358 592
4359 505
4360 444
4361 422
4362 400
4363 471
4364 509
4365 491
4366 538
4367 438
4368 546
4369 528
4370 569
4371 516
4372 421
4373 564
4374 449
4375 438
4376 463
4377 598
4378 538
4379 522
4380 480
4381 484
4382 497
4383 461
4384 630
4385 624
4386 626
4387 588
4388 627
4389 645
4390 513
4391 537
4392 657
4393 684
4394 661
4395 674
4396 616
4397 592
4398 645
4399 672
4400 562
4401 593
4402 614
4403 648
4404 545
4405 721
4406 732
4407 694
4408 413
4409 445
4410 502
4411 350
4412 489
4413 469
4414 328
4415 478
4416 343
4417 455
4418 356
4419 367
4420 451
4421 485
4422 520
4423 478
4424 467
4425 398
4426 414
4427 474
4428 473
4429 447
4430 502
4431 548
4432 552
4433 503
4434 421
4435 470
4436 612
4437 564
4438 610
4439 545
4440 504
4441 452
4442 647
4443 653
4444 617
4445 546
4446 461
4447 481
4448 499
4449 523
4450 436
4451 500
4452 521
4453 403
4454 405
4455 381
4456 421
4457 517
4458 535
4459 570
4460 454
4461 407
4462 431
4463 592
4464 475
4465 449
4466 528
4467 491
4468 547
4469 481
4470 645
4471 623
4472 672
4473 605
4474 629
4475 620
4476 644
4477 593
4478 568
4479 601
4480 711
4481 572
4482 674
4483 735
4484 663
4485 596
4486 615
4487 578
4488 745
4489 564
4490 709
4491 670
4492 658
4493 656
4494 401
4495 522
4496 467
4497 542
4498 422
4499 480
4500 608
4501 512
4502 515
4503 500
4504 529
4505 437
4506 508
4507 482
4508 469
4509 557
4510 625
4511 553
4512 512
4513 564
4514 620
4515 631
4516 649
4517 546
4518 582
4519 663
4520 623
4521 641
4522 730
4523 601
4524 708
4525 658
4526 653
4527 746
4528 629
4529 634
4530 611
4531 692
4532 781
4533 663
4534 791
4535 794
4536 834
4537 747
4538 835
4539 696
4540 823
4541 853
4542 743
4543 807
4544 695
4545 706
4546 719
4547 419
4548 447
4549 407
4550 251
4551 221
4552 279
4553 241
4554 296
4555 332
4556 362
4557 426
4558 428
4559 320
4560 258
4561 311
4562 311
4563 432
4564 308
4565 448
4566 410
4567 343
4568 350
4569 358
4570 314
4571 312
4572 273
4573 456
4574 469
4575 437
4576 481
4577 318
4578 496
4579 345
4580 475
4581 411
4582 441
4583 366
4584 429
4585 369
4586 386
4587 437
4588 377
4589 489
4590 559
4591 420
4592 435
4593 473
4594 510
4595 471
4596 505
4597 558
4598 445
4599 520
4600 530
4601 440
4602 507
4603 506
4604 330
4605 503
4606 533
4607 491
4608 522
4609 516
4610 490
4611 558
4612 549
4613 399
4614 528
4615 476
4616 469
4617 425
4618 433
4619 424
4620 577
4621 448
4622 591
4623 423
4624 324
4625 493
4626 437
4627 355
4628 370
4629 483
4630 441
4631 443
4632 488
4633 455
4634 489
4635 403
4636 414
4637 424
4638 466
4639 490
4640 599
4641 554
4642 599
4643 517
4644 580
4645 548
4646 534
4647 594
4648 387
4649 273
4650 389
4651 435
4652 435
4653 462
4654 456
4655 404
4656 378
4657 408
4658 328
4659 400
4660 403
4661 410
4662 512
4663 409
4664 519
4665 458
4666 422
4667 311
4668 460
4669 473
4670 425
4671 297
4672 416
4673 390
4674 308
4675 367
4676 511
4677 495
4678 422
4679 344
4680 419
4681 528
4682 411
4683 386
4684 433
4685 428
4686 501
4687 383
4688 489
4689 579
4690 557
4691 403
4692 379
4693 358
4694 359
4695 355
4696 491
4697 324
4698 395
4699 304
4700 493
4701 410
4702 408
4703 358
4704 408
4705 331
4706 355
4707 439
4708 547
4709 476
4710 390
4711 426
4712 397
4713 419
4714 569
4715 462
4716 156
4717 269
4718 172
4719 231
4720 188
4721 296
4722 264
4723 173
4724 150
4725 306
4726 219
4727 258
4728 341
4729 356
4730 382
4731 266
4732 336
4733 225
4734 249
4735 321
4736 247
4737 386
4738 388
4739 355
4740 436
4741 383
4742 261
4743 299
4744 363
4745 342
4746 327
4747 428
4748 448
4749 416
4750 370
4751 306
4752 335
4753 487
4754 335
4755 491
4756 407
4757 476
4758 384
4759 544
4760 431
4761 407
4762 494
4763 524
4764 471
4765 526
4766 561
4767 404
4768 454
4769 575
4770 411
4771 416
4772 420
4773 598
4774 522
4775 536
4776 467
4777 434
4778 559
4779 494
4780 619
4781 534
4782 364
4783 534
4784 397
4785 393
4786 466
4787 476
4788 385
4789 404
4790 466
4791 441
4792 430
4793 432
4794 394
4795 521
4796 439
4797 379
4798 314
4799 433
4800 445
4801 307
4802 299
4803 353
4804 289
4805 350
4806 309
4807 456
4808 443
4809 408
4810 338
4811 468
4812 456
4813 340
4814 525
4815 423
4816 508
4817 416
4818 515
4819 468
4820 322
4821 231
4822 244
4823 203
4824 263
4825 200
4826 355
4827 174
4828 187
4829 233
4830 202
4831 335
4832 352
4833 366
4834 211
4835 268
4836 228
4837 370
4838 275
4839 368
4840 377
4841 228
4842 362
4843 402
4844 339
4845 309
4846 266
4847 314
4848 434
4849 271
4850 328
4851 292
4852 347
4853 445
4854 281
4855 467
4856 432
4857 419
4858 341
4859 364
4860 332
4861 443
4862 458
4863 515
4864 525
4865 450
4866 506
4867 396
4868 423
4869 509
4870 423
4871 382
4872 459
4873 390
4874 498
4875 489
4876 584
4877 519
4878 404
4879 555
4880 445
4881 548
4882 601
4883 491
4884 503
4885 544
4886 451
4887 524
4888 558
4889 464
4890 502
4891 527
4892 594
4893 657
4894 553
4895 561
4896 565
4897 188
4898 165
4899 206
4900 183
4901 275
4902 145
4903 239
4904 252
4905 195
4906 217
4907 323
4908 143
4909 338
4910 283
4911 229
4912 337
4913 209
4914 193
4915 259
4916 205
4917 347
4918 386
4919 318
4920 311
4921 372
4922 292
4923 307
4924 289
4925 384
4926 418
4927 265
4928 328
4929 422
4930 384
4931 366
4932 288
4933 300
4934 345
4935 316
4936 300
4937 303
4938 484
4939 393
4940 426
4941 497
4942 349
4943 465
4944 412
4945 530
4946 452
4947 512
4948 508
4949 478
4950 452
4951 360
4952 416
4953 428
4954 578
4955 516
4956 582
4957 522
4958 497
4959 567
4960 581
4961 562
4962 462
4963 334
4964 372
4965 497
4966 383
4967 371
4968 494
4969 456
4970 519
4971 404
4972 377
4973 421
4974 436
4975 381
4976 374
4977 388
4978 509
4979 430
4980 485
4981 580
4982 490
4983 516
4984 552
4985 415
4986 519
4987 530
4988 468
4989 486
4990 556
4991 575
4992 597
4993 615
4994 534
4995 577
4996 504
4997 575
4998 535
4999 508
5000 633
5001 459
5002 503
5003 600
5004 428
5005 551
5006 571
5007 517
5008 582
5009 586
5010 483
5011 521
5012 557
5013 478
5014 616
5015 437
5016 487
5017 609
5018 463
5019 630
5020 603
5021 618
5022 652
5023 612
5024 558
5025 487
5026 527
5027 514
5028 638
5029 668
5030 589
5031 608
5032 646
5033 562
5034 588
5035 640
5036 556
5037 664
5038 352
5039 304
5040 381
5041 461
5042 445
5043 375
5044 369
5045 360
5046 474
5047 432
5048 411
5049 402
5050 463
5051 353
5052 449
5053 544
5054 376
5055 462
5056 550
5057 385
5058 499
5059 419
5060 115
5061 20
5062 59
5063 194
5064 20
5065 78
5066 201
5067 88
5068 208
5069 177
5070 89
5071 213
5072 240
5073 81
5074 114
5075 152
5076 197
5077 181
5078 220
5079 98
5080 191
5081 129
5082 176
5083 181
5084 140
5085 196
5086 251
5087 258
5088 252
5089 208
5090 157
5091 177
5092 280
5093 234
5094 282
5095 366
5096 357
5097 385
5098 264
5099 338
5100 216
5101 373
5102 333
5103 268
5104 341
5105 344
5106 348
5107 318
5108 356
5109 340
5110 335
5111 289
5112 449
5113 410
5114 478
5115 453
5116 331
5117 422
5118 396
5119 484
5120 527
5121 351
5122 369
5123 495
5124 552
5125 485
5126 405
5127 380
5128 492
5129 486
5130 590
5131 538
5132 471
5133 540
5134 459
5135 430
5136 589
5137 587
5138 456
5139 559
5140 652
5141 549
5142 611
5143 569
5144 553
5145 609
5146 631
5147 568
5148 573
5149 274
5150 384
5151 415
5152 369
5153 430
5154 313
5155 324
5156 425
5157 460
5158 466
5159 302
5160 401
5161 357
5162 342
5163 379
5164 504
5165 388
5166 487
5167 395
5168 525
5169 496
5170 505
5171 456
5172 470
5173 383
5174 544
5175 439
5176 412
5177 503
5178 573
5179 383
5180 577
5181 397
5182 428
5183 537
5184 587
5185 450
5186 523
5187 495
5188 568
5189 511
5190 556
5191 529
5192 579
5193 557
5194 536
5195 504
5196 477
5197 612
5198 504
5199 576
5200 571
5201 512
5202 509
5203 610
5204 594
5205 546
5206 603
5207 571
5208 680
5209 680
5210 605
5211 601
5212 717
5213 579
5214 502
5215 533
5216 596
5217 443
5218 560
5219 450
5220 486
5221 402
5222 413
5223 549
5224 441
5225 546
5226 560
5227 455
5228 504
5229 499
5230 449
5231 479
5232 610
5233 523
5234 479
5235 575
5236 655
5237 609
5238 601
5239 642
5240 536
5241 497
5242 594
5243 556
5244 709
5245 534
5246 703
5247 608
5248 568
5249 568
5250 714
5251 732
5252 706
5253 669
5254 617
5255 672
5256 783
5257 727
5258 771
5259 650
5260 706
5261 649
5262 697
5263 771
5264 778
5265 345
5266 272
5267 359
5268 352
5269 381
5270 239
5271 303
5272 248
5273 309
5274 431
5275 380
5276 463
5277 281
5278 360
5279 463
5280 414
5281 303
5282 470
5283 369
5284 446
5285 363
5286 524
5287 507
5288 422
5289 523
5290 362
5291 523
5292 411
5293 381
5294 445
5295 583
5296 452
5297 479
5298 453
5299 459
5300 511
5301 580
5302 499
5303 622
5304 457
5305 605
5306 560
5307 616
5308 566
5309 597
5310 478
5311 579
5312 528
5313 558
5314 535
5315 517
5316 576
5317 579
5318 674
5319 509
5320 520
5321 561
5322 493
5323 460
5324 530
5325 582
5326 506
5327 497
5328 644
5329 569
5330 539
5331 597
5332 638
5333 604
5334 569
5335 684
5336 560
5337 605
5338 605
5339 658
5340 588
5341 547
5342 585
5343 524
5344 499
5345 653
5346 552
5347 519
5348 678
5349 641
5350 513
5351 564
5352 436
5353 410
5354 497
5355 540
5356 551
5357 506
5358 592
5359 425
5360 552
5361 547
5362 459
5363 541
5364 464
5365 511
5366 558
5367 654
5368 620
5369 544
5370 683
5371 666
5372 501
5373 643
5374 629
5375 565
5376 517
5377 585
5378 654
5379 552
5380 607
5381 611
5382 660
5383 530
5384 571
5385 526
5386 715
5387 622
5388 715
5389 714
5390 744
5391 730
5392 625
5393 748
5394 499
5395 471
5396 607
5397 601
5398 680
5399 594
5400 616
5401 680
5402 641
5403 634
5404 385
5405 448
5406 485
5407 384
5408 380
5409 503
5410 532
5411 363
5412 430
5413 543
5414 567
5415 383
5416 420
5417 580
5418 449
5419 563
5420 590
5421 542
5422 552
5423 608
5424 437
5425 486
5426 515
5427 597
5428 634
5429 453
5430 501
5431 504
5432 570
5433 528
5434 649
5435 516
5436 578
5437 578
5438 673
5439 620
5440 573
5441 569
5442 691
5443 625
5444 609
5445 670
5446 552
5447 738
5448 599
5449 565
5450 739
5451 713
5452 749
5453 704
5454 766
5455 774
5456 642
5457 636
5458 745
5459 617
5460 689
5461 616
5462 698
5463 719
5464 756
5465 776
5466 750
5467 813
5468 818
5469 829
5470 710
5471 504
5472 462
5473 540
5474 601
5475 590
5476 438
5477 464
5478 567
5479 462
5480 487
5481 605
5482 462
5483 566
5484 207
5485 222
5486 159
5487 165
5488 293
5489 248
5490 348
5491 196
5492 356
5493 336
5494 276
5495 358
5496 318
5497 388
5498 364
5499 411
5500 235
5501 399
5502 290
5503 338
5504 271
5505 439
5506 394
5507 382
5508 271
5509 288
5510 350
5511 411
5512 466
5513 439
5514 360
5515 375
5516 478
5517 385
5518 459
5519 446
5520 394
5521 537
5522 541
5523 543
5524 517
5525 490
5526 470
5527 470
5528 450
5529 449
5530 499
5531 441
5532 493
5533 495
5534 596
5535 459
5536 602
5537 486
5538 422
5539 557
5540 515
5541 457
5542 608
5543 552
5544 559
5545 628
5546 512
5547 666
5548 592
5549 590
5550 591
5551 550
5552 621
5553 685
5554 613
5555 575
5556 535
5557 645
5558 722
5559 690
5560 676
5561 657
5562 656
5563 598
5564 576
5565 720
5566 749
5567 673
5568 755
5569 536
5570 243
5571 360
5572 323
5573 288
5574 262
5575 331
5576 328
5577 382
5578 427
5579 296
5580 274
5581 387
5582 368
5583 402
5584 428
5585 331
5586 301
5587 386
5588 493
5589 373
5590 448
5591 325
5592 494
5593 342
5594 382
5595 338
5596 514
5597 407
5598 515
5599 419
5600 552
5601 502
5602 514
5603 462
5604 505
5605 483
5606 592
5607 474
5608 446
5609 604
5610 582
5611 563
5612 564
5613 477
5614 522
5615 521
5616 629
5617 572
5618 550
5619 594
5620 534
5621 547
5622 482
5623 465
5624 566
5625 543
5626 517
5627 573
5628 466
5629 310
5630 429
5631 474
5632 455
5633 507
5634 434
5635 478
5636 350
5637 404
5638 343
5639 531
5640 498
5641 508
5642 391
5643 538
5644 432
5645 454
5646 377
5647 389
5648 451
5649 485
5650 573
5651 564
5652 523
5653 414
5654 583
5655 469
5656 601
5657 459
5658 619
5659 553
5660 500
5661 591
5662 620
5663 495
5664 564
5665 617
5666 572
5667 593
5668 562
5669 555
5670 602
5671 660
5672 594
5673 549
5674 705
5675 572
5676 655
5677 592
5678 597
5679 560
5680 696
5681 661
5682 666
5683 777
5684 704
5685 628
5686 695
5687 715
5688 657
5689 738
5690 728
5691 757
5692 820
5693 747
5694 665
5695 855
5696 733
5697 675
5698 618
5699 362
5700 274
5701 264
5702 287
5703 332
5704 469
5705 475
5706 415
5707 300
5708 429
5709 343
5710 357
5711 361
5712 484
5713 348
5714 385
5715 435
5716 438
5717 385
5718 485
5719 468
5720 211
5721 221
5722 256
5723 238
5724 287
5725 293
5726 372
5727 304
5728 418
5729 360
5730 432
5731 297
5732 437
5733 343
5734 447
5735 466
5736 468
5737 396
5738 370
5739 373
5740 437
5741 360
5742 445
5743 486
5744 494
5745 477
5746 375
5747 428
5748 521
5749 508
5750 481
5751 451
5752 511
5753 357
5754 413
5755 400
5756 531
5757 417
5758 469
5759 519
5760 474
5761 554
5762 440
5763 594
5764 593
5765 535
5766 477
5767 398
5768 362
5769 450
5770 542
5771 484
5772 417
5773 465
5774 495
5775 498
5776 454
5777 459
5778 535
5779 555
5780 532
5781 498
5782 565
5783 583
5784 515
5785 479
5786 593
5787 509
5788 559
5789 531
5790 633
5791 638
5792 470
5793 621
5794 487
5795 663
5796 494
5797 349
5798 504
5799 391
5800 363
5801 419
5802 374
5803 447
5804 431
5805 509
5806 376
5807 480
5808 399
5809 503
5810 550
5811 464
5812 401
5813 515
5814 482
5815 443
5816 565
5817 524
5818 614
5819 453
5820 505
5821 585
5822 524
5823 608
5824 603
5825 532
5826 488
5827 626
5828 481
5829 614
5830 503
5831 613
5832 528
5833 674
5834 574
5835 699
5836 626
5837 610
5838 651
5839 653
5840 525
5841 423
5842 394
5843 440
5844 393
5845 498
5846 390
5847 387
5848 537
5849 422
5850 415
5851 594
5852 459
5853 582
5854 361
5855 455
5856 436
5857 435
5858 554
5859 420
5860 537
5861 548
5862 583
5863 538
5864 514
5865 492
5866 578
5867 429
5868 586
5869 581
5870 481
5871 519
5872 550
5873 620
5874 486
5875 530
5876 463
5877 656
5878 580
5879 482
5880 633
5881 619
5882 641
5883 516
5884 622
5885 622
5886 615
5887 562
5888 586
5889 657
5890 675
5891 714
5892 634
5893 623
5894 586
5895 658
5896 642
5897 603
5898 710
5899 785
5900 769
5901 712
5902 531
5903 568
5904 524
5905 641
5906 637
5907 635
5908 623
5909 478
5910 608
5911 611
5912 589
5913 506
5914 681
5915 546
5916 585
5917 428
5918 402
5919 524
5920 443
5921 409
5922 284
5923 263
5924 368
5925 317
5926 379
5927 465
5928 373
5929 296
5930 487
5931 296
5932 332
5933 492
5934 393
5935 494
5936 352
5937 476
5938 523
5939 485
5940 451
5941 395
5942 550
5943 442
5944 457
5945 575
5946 428
5947 397
5948 569
5949 555
5950 494
5951 473
5952 525
5953 594
5954 551
5955 478
5956 516
5957 643
5958 586
5959 584
5960 533
5961 450
5962 500
5963 375
5964 445
5965 474
5966 398
5967 502
5968 381
5969 471
5970 540
5971 459
5972 530
5973 578
5974 525
5975 580
5976 473
5977 550
5978 481
5979 508
5980 531
5981 368
5982 410
5983 435
5984 518
5985 357
5986 513
5987 557
5988 565
5989 576
5990 494
5991 508
5992 501
5993 485
5994 454
5995 518
5996 455
5997 516
5998 478
5999 497
6000 350
6001 371
6002 489
6003 463
6004 462
6005 449
6006 511
6007 480
6008 457
6009 389
6010 533
6011 369
6012 423
6013 522
6014 496
6015 465
6016 498
6017 505
6018 537
6019 519
6020 575
6021 540
6022 484
6023 489
6024 559
6025 561
6026 527
6027 445
6028 534
6029 573
6030 461
6031 651
6032 584
6033 592
6034 522
6035 506
6036 652
6037 537
6038 599
6039 572
6040 497
6041 399
6042 453
6043 436
6044 536
6045 504
6046 429
6047 492
6048 542
6049 471
6050 561
6051 456
6052 420
6053 391
6054 513
6055 438
6056 573
6057 601
6058 605
6059 488
6060 446
6061 482
6062 539
6063 498
6064 425
6065 452
6066 443
6067 541
6068 574
6069 569
6070 577
6071 478
6072 440
6073 529
6074 471
6075 586
6076 477
6077 483
6078 548
6079 521
6080 570
6081 452
6082 465
6083 443
6084 424
6085 430
6086 464
6087 470
6088 611
6089 472
6090 535
6091 624
6092 526
6093 608
6094 464
6095 658
6096 601
6097 548
6098 568
6099 521
6100 535
6101 636
6102 591
6103 691
6104 548
6105 711
6106 609
6107 587
6108 536
6109 609
6110 600
6111 646
6112 683
6113 665
6114 605
6115 581
6116 621
6117 752
6118 684
6119 684
6120 657
6121 674
6122 750
6123 722
6124 631
6125 811
6126 778
6127 743
6128 745
6129 763
6130 737
6131 391
6132 424
6133 503
6134 401
6135 588
6136 415
6137 556
6138 555
6139 507
6140 571
6141 550
6142 401
6143 408
6144 490
6145 389
6146 368
6147 406
6148 436
6149 445
6150 370
6151 440
6152 470
6153 454
6154 379
6155 411
6156 431
6157 415
6158 543
6159 437
6160 541
6161 558
6162 410
6163 534
6164 385
6165 567
6166 594
6167 429
6168 472
6169 475
6170 456
6171 612
6172 468
6173 474
6174 527
6175 465
6176 624
6177 552
6178 530
6179 590
6180 506
6181 627
6182 512
6183 557
6184 554
6185 571
6186 580
6187 398
6188 521
6189 399
6190 437
6191 416
6192 489
6193 418
6194 606
6195 462
6196 450
6197 610
6198 632
6199 447
6200 643
6201 613
6202 499
6203 592
6204 516
6205 623
6206 666
6207 682
6208 541
6209 629
6210 587
6211 512
6212 540
6213 552
6214 290
6215 375
6216 375
6217 274
6218 251
6219 291
6220 230
6221 382
6222 311
6223 243
6224 309
6225 429
6226 399
6227 360
6228 331
6229 441
6230 328
6231 383
6232 309
6233 366
6234 344
6235 399
6236 404
6237 444
6238 361
6239 438
6240 340
6241 334
6242 441
6243 519
6244 462
6245 542
6246 493
6247 519
6248 466
6249 554
6250 470
6251 486
6252 402
6253 582
6254 579
6255 503
6256 514
6257 555
6258 388
6259 421
6260 453
6261 570
6262 476
6263 486
6264 529
6265 505
6266 482
6267 527
6268 581
6269 536
6270 590
6271 444
6272 488
6273 511
6274 335
6275 505
6276 322
6277 445
6278 314
6279 302
6280 421
6281 483
6282 470
6283 360
6284 428
6285 415
6286 341
6287 451
6288 352
6289 506
6290 497
6291 476
6292 377
6293 500
6294 546
6295 465
6296 531
6297 390
6298 393
6299 409
6300 493
6301 515
6302 437
6303 429
6304 375
6305 359
6306 383
6307 362
6308 559
6309 488
6310 467
6311 466
6312 562
6313 588
6314 434
6315 602
6316 502
6317 489
6318 574
6319 476
6320 463
6321 443
6322 481
6323 634
6324 470
6325 469
6326 527
6327 634
6328 620
6329 582
6330 514
6331 645
6332 671
6333 640
6334 584
6335 550
6336 528
6337 552
6338 635
6339 612
6340 711
6341 551
6342 388
6343 446
6344 345
6345 494
6346 362
6347 414
6348 558
6349 374
6350 410
6351 448
6352 397
6353 445
6354 524
6355 474
6356 457
6357 477
6358 468
6359 479
6360 514
6361 550
6362 554
6363 335
6364 301
6365 410
6366 435
6367 383
6368 397
6369 383
6370 414
6371 304
6372 313
6373 368
6374 339
6375 338
6376 316
6377 500
6378 368
6379 356
6380 465
6381 421
6382 519
6383 412
6384 408
6385 406
6386 359
6387 427
6388 458
6389 511
6390 387
6391 548
6392 507
6393 444
6394 566
6395 445
6396 556
6397 547
6398 562
6399 599
6400 607
6401 505
6402 528
6403 465
6404 494
6405 607
6406 496
6407 655
6408 597
6409 667
6410 620
6411 585
6412 693
6413 570
6414 90
6415 93
6416 181
6417 185
6418 117
6419 143
6420 204
6421 193
6422 145
6423 315
6424 281
6425 296
6426 353
6427 180
6428 333
6429 189
6430 372
6431 190
6432 278
6433 240
6434 238
6435 219
6436 284
6437 324
6438 326
6439 329
6440 210
6441 376
6442 328
6443 369
6444 286
6445 242
6446 270
6447 351
6448 368
6449 301
6450 457
6451 430
6452 278
6453 403
6454 479
6455 345
6456 357
6457 353
6458 356
6459 447
6460 260
6461 432
6462 274
6463 322
6464 349
6465 346
6466 383
6467 483
6468 332
6469 467
6470 479
6471 443
6472 499
6473 522
6474 452
6475 509
6476 536
6477 476
6478 485
6479 388
6480 514
6481 543
6482 456
6483 536
6484 452
6485 414
6486 471
6487 537
6488 437
6489 490
6490 532
6491 596
6492 486
6493 469
6494 471
6495 551
6496 496
6497 608
6498 617
6499 621
6500 566
6501 533
6502 587
6503 547
6504 621
6505 501
6506 681
6507 569
6508 717
6509 471
6510 439
6511 520
6512 464
6513 476
6514 499
6515 372
6516 449
6517 446
6518 576
6519 401
6520 568
6521 432
6522 599
6523 497
6524 361
6525 464
6526 333
6527 414
6528 427
6529 519
6530 427
6531 373
6532 464
6533 537
6534 494
6535 444
6536 539
6537 536
6538 499
6539 556
6540 576
6541 454
6542 467
6543 430
6544 528
6545 535
6546 386
6547 355
6548 359
6549 282
6550 418
6551 289
6552 246
6553 294
6554 312
6555 324
6556 328
6557 453
6558 350
6559 371
6560 346
6561 335
6562 434
6563 395
6564 503
6565 396
6566 315
6567 452
6568 416
6569 371
6570 371
6571 380
6572 520
6573 517
6574 445
6575 350
6576 487
6577 416
6578 491
6579 465
6580 574
6581 582
6582 444
6583 477
6584 580
6585 429
6586 451
6587 600
6588 626
6589 476
6590 573
6591 514
6592 504
6593 625
6594 572
6595 642
6596 572
6597 576
6598 438
6599 320
6600 348
6601 328
6602 311
6603 394
6604 457
6605 490
6606 457
6607 479
6608 464
6609 352
6610 403
6611 479
6612 525
6613 442
6614 411
6615 391
6616 384
6617 403
6618 452
6619 373
6620 356
6621 463
6622 480
6623 568
6624 413
6625 511
6626 393
6627 527
6628 548
6629 564
6630 556
6631 508
6632 428
6633 484
6634 522
6635 549
6636 501
6637 639
6638 513
6639 480
6640 376
6641 367
6642 385
6643 521
6644 492
6645 385
6646 443
6647 466
6648 568
6649 574
6650 459
6651 424
6652 387
6653 404
6654 453
6655 476
6656 516
6657 500
6658 574
6659 563
6660 524
6661 575
6662 569
6663 510
6664 574
6665 476
6666 557
6667 605
6668 496
6669 532
6670 585
6671 527
6672 580
6673 468
6674 520
6675 508
6676 520
6677 597
6678 482
6679 464
6680 453
6681 433
6682 461
6683 491
6684 434
6685 406
6686 436
6687 604
6688 544
6689 615
6690 483
6691 623
6692 603
6693 580
6694 621
6695 515
6696 640
6697 433
6698 319
6699 290
6700 416
6701 418
6702 312
6703 383
6704 312
6705 469
6706 467
6707 502
6708 502
6709 376
6710 399
6711 357
6712 382
6713 444
6714 526
6715 436
6716 559
6717 555
6718 566
6719 472
6720 559
6721 390
6722 554
6723 413
6724 553
6725 569
6726 506
6727 512
6728 549
6729 492
6730 494
6731 476
6732 626
6733 534
6734 567
6735 574
6736 576
6737 651
6738 593
6739 651
6740 646
6741 547
6742 697
6743 594
6744 671
6745 660
6746 654
6747 565
6748 584
6749 553
6750 182
6751 227
6752 373
6753 234
6754 360
6755 308
6756 299
6757 306
6758 344
6759 392
6760 295
6761 386
6762 335
6763 328
6764 422
6765 362
6766 394
6767 404
6768 387
6769 351
6770 413
6771 421
6772 427
6773 414
6774 494
6775 357
6776 373
6777 381
6778 357
6779 463
6780 402
6781 486
6782 410
6783 397
6784 537
6785 431
6786 408
6787 576
6788 563
6789 536
6790 588
6791 556
6792 306
6793 343
6794 392
6795 327
6796 387
6797 440
6798 322
6799 303
6800 384
6801 275
6802 424
6803 339
6804 386
6805 462
6806 465
6807 470
6808 380
6809 393
6810 424
6811 472
6812 494
6813 384
6814 380
6815 487
6816 411
6817 507
6818 446
6819 463
6820 394
6821 511
6822 392
6823 432
6824 522
6825 585
6826 502
6827 442
6828 506
6829 441
6830 574
6831 438
6832 621
6833 543
6834 557
6835 493
6836 494
6837 634
6838 661
6839 544
6840 656
6841 624
6842 626
6843 619
6844 656
6845 534
6846 620
6847 588
6848 620
6849 687
6850 640
6851 642
6852 594
6853 427
6854 351
6855 412
6856 364
6857 458
6858 482
6859 476
6860 539
6861 504
6862 494
6863 418
6864 455
6865 472
6866 425
6867 530
6868 502
6869 561
6870 478
6871 420
6872 502
6873 565
6874 497
6875 530
6876 629
6877 600
6878 522
6879 558
6880 548
6881 507
6882 585
6883 498
6884 600
6885 586
6886 616
6887 627
6888 620
6889 603
6890 620
6891 529
6892 650
6893 614
6894 667
6895 555
6896 680
6897 636
6898 552
6899 247
6900 355
6901 393
6902 418
6903 261
6904 332
6905 251
6906 427
6907 254
6908 437
6909 313
6910 455
6911 406
6912 417
6913 416
6914 271
6915 264
6916 425
6917 333
6918 391
6919 467
6920 442
6921 409
6922 468
6923 355
6924 433
6925 469
6926 476
6927 427
6928 467
6929 486
6930 403
6931 463
6932 496
6933 458
6934 486
6935 441
6936 563
6937 538
6938 526
6939 426
6940 580
6941 477
6942 599
6943 431
6944 601
6945 543
6946 462
6947 528
6948 611
6949 523
6950 341
6951 246
6952 267
6953 270
6954 275
6955 281
6956 255
6957 306
6958 391
6959 372
6960 398
6961 483
6962 326
6963 494
6964 302
6965 384
6966 351
6967 459
6968 427
6969 398
6970 334
6971 393
6972 425
6973 370
6974 547
6975 466
6976 471
6977 531
6978 436
6979 517
6980 386
6981 518
6982 420
6983 442
6984 543
6985 551
6986 561
6987 459
6988 435
6989 510
6990 624
6991 569
6992 454
6993 515
6994 554
6995 509
6996 538
6997 592
6998 448
6999 478
7000 610
7001 450
7002 617
7003 452
7004 645
7005 636
7006 514
7007 659
7008 546
7009 570
7010 567
7011 504
7012 577
7013 650
7014 538
7015 595
7016 612
7017 604
7018 663
7019 746
7020 626
7021 710
7022 707
7023 744
7024 750
7025 783
7026 637
7027 591
7028 441
7029 423
7030 523
7031 477
7032 572
7033 526
7034 481
7035 526
7036 491
7037 469
7038 569
7039 377
7040 467
7041 500
7042 418
7043 585
7044 508
7045 295
7046 230
7047 314
7048 400
7049 323
7050 428
7051 410
7052 322
7053 355
7054 283
7055 290
7056 389
7057 415
7058 290
7059 309
7060 334
7061 481
7062 415
7063 348
7064 381
7065 474
7066 412
7067 410
7068 413
7069 466
7070 441
7071 488
7072 386
7073 397
7074 535
7075 532
7076 484
7077 579
7078 560
7079 395
7080 532
7081 540
7082 462
7083 569
7084 451
7085 165
7086 140
7087 169
7088 201
7089 36
7090 62
7091 120
7092 217
7093 181
7094 126
7095 128
7096 85
7097 91
7098 97
7099 236
7100 86
7101 230
7102 199
7103 257
7104 234
7105 125
7106 226
7107 269
7108 192
7109 292
7110 244
7111 295
7112 218
7113 226
7114 320
7115 220
7116 157
7117 213
7118 271
7119 268
7120 248
7121 192
7122 167
7123 325
7124 245
7125 379
7126 268
7127 257
7128 229
7129 320
7130 237
7131 231
7132 358
7133 246
7134 374
7135 358
7136 284
7137 326
7138 341
7139 372
7140 380
7141 317
7142 304
7143 422
7144 18
7145 10
7146 -42
7147 152
7148 83
7149 63
7150 109
7151 0
7152 142
7153 161
7154 147
7155 104
7156 186
7157 75
7158 69
7159 36
7160 86
7161 54
7162 40
7163 173
7164 115
7165 130
7166 231
7167 232
7168 91
7169 258
7170 129
7171 190
7172 219
7173 273
7174 138
7175 267
7176 228
7177 211
7178 233
7179 181
7180 152
7181 339
7182 142
7183 172
7184 262
7185 215
7186 196
7187 295
7188 232
7189 348
7190 323
7191 223
7192 335
7193 264
7194 229
7195 323
7196 260
7197 413
7198 374
7199 264
7200 331
7201 363
7202 360
7203 316
7204 257
7205 282
7206 375
7207 302
7208 326
7209 388
7210 358
7211 406
7212 418
7213 338
7214 431
7215 347
7216 346
7217 426
7218 365
7219 495
7220 477
7221 321
7222 486
7223 496
7224 385
7225 487
7226 432
7227 489
7228 485
7229 502
7230 437
7231 525
7232 450
7233 548
7234 513
7235 455
7236 533
7237 392
7238 326
7239 378
7240 440
7241 360
7242 373
7243 400
7244 340
7245 382
7246 414
7247 334
7248 381
7249 469
7250 487
7251 327
7252 363
7253 522
7254 442
7255 469
7256 382
7257 512
7258 523
7259 473
7260 524
7261 455
7262 577
7263 564
7264 545
7265 470
7266 407
7267 527
7268 435
7269 499
7270 434
7271 614
7272 366
7273 529
7274 468
7275 540
7276 468
7277 576
7278 481
7279 474
7280 523
7281 497
7282 428
7283 462
7284 505
7285 537
7286 526
7287 455
7288 526
7289 538
7290 511
7291 563
7292 521
7293 660
7294 548
7295 453
7296 560
7297 575
7298 597
7299 525
7300 451
7301 531
7302 599
7303 315
7304 367
7305 340
7306 347
7307 313
7308 351
7309 330
7310 343
7311 381
7312 391
7313 437
7314 402
7315 376
7316 412
7317 303
7318 365
7319 376
7320 298
7321 332
7322 325
7323 450
7324 376
7325 458
7326 505
7327 348
7328 366
7329 322
7330 523
7331 517
7332 393
7333 409
7334 426
7335 402
7336 390
7337 549
7338 410
7339 516
7340 528
7341 564
7342 516
7343 460
7344 522
7345 580
7346 449
7347 571
7348 501
7349 606
7350 599
7351 513
7352 621
7353 589
7354 514
7355 566
7356 517
7357 583
7358 633
7359 668
7360 634
7361 681
7362 591
7363 672
7364 555
7365 656
7366 557
7367 593
7368 552
7369 725
7370 650
7371 618
7372 747
7373 745
7374 636
7375 628
7376 579
7377 582
7378 672
7379 608
7380 712
7381 806
7382 778
7383 751
7384 813
7385 697
7386 667
7387 627
7388 645
7389 489
7390 354
7391 461
7392 366
7393 503
7394 480
7395 479
7396 376
7397 538
7398 455
7399 534
7400 436
7401 393
7402 480
7403 408
7404 570
7405 424
7406 488
7407 451
7408 414
7409 573
7410 496
7411 614
7412 486
7413 617
7414 556
7415 572
7416 592
7417 597
7418 614
7419 496
7420 570
7421 655
7422 570
7423 587
7424 513
7425 496
7426 510
7427 453
7428 598
7429 434
7430 525
7431 458
7432 583
7433 482
7434 504
7435 559
7436 653
7437 487
7438 491
7439 476
7440 584
7441 573
7442 422
7443 594
7444 511
7445 470
7446 432
7447 596
7448 595
7449 438
7450 475
7451 489
7452 477
7453 656
7454 475
7455 509
7456 515
7457 577
7458 664
7459 507
7460 621
7461 647
7462 575
7463 596
7464 601
7465 657
7466 651
7467 593
7468 525
7469 604
7470 597
7471 636
7472 651
7473 656
7474 690
7475 630
7476 560
7477 677
7478 710
7479 702
7480 619
7481 647
7482 588
7483 640
7484 632
7485 689
7486 543
7487 435
7488 500
7489 415
7490 416
7491 504
7492 579
7493 432
7494 446
7495 442
7496 579
7497 455
7498 542
7499 522
7500 442
7501 592
7502 539
7503 483
7504 562
7505 571
7506 470
7507 439
7508 596
7509 430
7510 549
7511 602
7512 627
7513 540
7514 547
7515 637
7516 641
7517 514
7518 488
7519 640
7520 658
7521 676
7522 571
7523 607
7524 516
7525 461
7526 515
7527 496
7528 579
7529 531
7530 609
7531 492
7532 536
7533 549
7534 637
7535 329
7536 342
7537 349
7538 374
7539 338
7540 435
7541 350
7542 301
7543 426
7544 454
7545 354
7546 405
7547 401
7548 478
7549 385
7550 515
7551 376
7552 468
7553 467
7554 359
7555 433
7556 359
7557 545
7558 546
7559 447
7560 440
7561 431
7562 507
7563 392
7564 416
7565 472
7566 586
7567 545
7568 455
7569 525
7570 534
7571 560
7572 609
7573 593
7574 513
7575 431
7576 383
7577 297
7578 255
7579 447
7580 369
7581 310
7582 455
7583 295
7584 312
7585 444
7586 458
7587 368
7588 467
7589 397
7590 491
7591 412
7592 503
7593 421
7594 373
7595 379
7596 458
7597 414
7598 392
7599 538
7600 543
7601 547
7602 517
7603 440
7604 566
7605 563
7606 525
7607 545
7608 492
7609 593
7610 556
7611 553
7612 628
7613 467
7614 581
7615 526
7616 561
7617 558
7618 579
7619 549
7620 448
7621 431
7622 396
7623 542
7624 417
7625 594
7626 426
7627 561
7628 484
7629 623
7630 466
7631 587
7632 537
7633 558
7634 606
7635 505
7636 660
7637 665
7638 475
7639 591
7640 566
7641 533
7642 683
7643 378
7644 524
7645 403
7646 462
7647 221
7648 204
7649 278
7650 284
7651 274
7652 377
7653 387
7654 286
7655 372
7656 281
7657 334
7658 327
7659 419
7660 453
7661 336
7662 353
7663 273
7664 307
7665 468
7666 417
7667 346
7668 374
7669 382
7670 355
7671 359
7672 372
7673 469
7674 492
7675 498
7676 464
7677 436
7678 529
7679 406
7680 438
7681 485
7682 411
7683 464
7684 563
7685 476
7686 519
7687 450
7688 424
7689 539
7690 570
7691 574
7692 488
7693 498
7694 612
7695 427
7696 564
7697 514
7698 592
7699 632
7700 569
7701 554
7702 625
7703 628
7704 489
7705 529
7706 523
7707 497
7708 644
7709 591
7710 623
7711 666
7712 589
7713 682
7714 619
7715 614
7716 688
7717 696
7718 748
7719 583
7720 680
7721 628
7722 602
7723 596
7724 468
7725 405
7726 440
7727 431
7728 468
7729 521
7730 507
7731 598
7732 583
7733 478
7734 559
7735 586
7736 498
7737 519
7738 552
7739 500
7740 582
7741 529
7742 675
7743 544
7744 550
7745 659
7746 591
7747 640
7748 725
7749 307
7750 297
7751 367
7752 307
7753 386
7754 465
7755 317
7756 453
7757 451
7758 360
7759 427
7760 509
7761 295
7762 307
7763 397
7764 488
7765 340
7766 341
7767 331
7768 415
7769 330
7770 306
7771 335
7772 306
7773 381
7774 318
7775 371
7776 354
7777 252
7778 405
7779 378
7780 415
7781 347
7782 295
7783 362
7784 413
7785 446
7786 325
7787 307
7788 308
7789 345
7790 393
7791 295
7792 446
7793 485
7794 409
7795 453
7796 444
7797 348
7798 513
7799 491
7800 512
7801 462
7802 509
7803 418
7804 441
7805 523
7806 500
7807 580
7808 542
7809 599
7810 448
7811 611
7812 540
7813 442
7814 439
7815 488
7816 426
7817 492
7818 528
7819 459
7820 594
7821 549
7822 596
7823 452
7824 620
7825 542
7826 470
7827 556
7828 533
7829 678
7830 667
7831 513
7832 524
7833 599
7834 644
7835 722
7836 699
7837 608
7838 668
7839 602
7840 585
7841 631
7842 581
7843 597
7844 733
7845 769
7846 595
7847 585
7848 701
7849 748
7850 671
7851 489
7852 491
7853 337
7854 461
7855 460
7856 519
7857 518
7858 399
7859 460
7860 528
7861 415
7862 552
7863 548
7864 561
7865 464
7866 415
7867 472
7868 509
7869 485
7870 534
7871 559
7872 613
7873 430
7874 479
7875 624
7876 509
7877 520
7878 629
7879 520
7880 643
7881 559
7882 486
7883 604
7884 559
7885 629
7886 508
7887 647
7888 665
7889 559
7890 632
7891 579
7892 632
7893 626
7894 510
7895 552
7896 440
7897 442
7898 455
7899 605
7900 481
7901 555
7902 470
7903 513
7904 431
7905 434
7906 475
7907 486
7908 597
7909 445
7910 571
7911 606
7912 366
7913 449
7914 326
7915 380
7916 446
7917 357
7918 456
7919 375
7920 419
7921 351
7922 526
7923 438
7924 407
7925 447
7926 425
7927 519
7928 433
7929 527
7930 381
7931 410
7932 439
7933 445
7934 483
7935 421
7936 587
7937 423
7938 523
7939 553
7940 590
7941 438
7942 467
7943 622
7944 557
7945 579
7946 511
7947 508
7948 630
7949 509
7950 573
7951 680
7952 570
7953 482
7954 351
7955 537
7956 479
7957 360
7958 446
7959 516
7960 567
7961 395
7962 564
7963 573
7964 487
7965 483
7966 449
7967 462
7968 481
7969 583
7970 512
7971 499
7972 597
7973 499
7974 601
7975 645
7976 592
7977 629
7978 555
7979 579
7980 540
7981 614
7982 566
7983 653
7984 681
7985 397
7986 387
7987 406
7988 382
7989 327
7990 321
7991 378
7992 404
7993 343
7994 281
7995 468
7996 381
7997 393
7998 328
7999 390
8000 259
8001 369
8002 378
8003 360
8004 457
8005 460
8006 351
8007 279
8008 334
8009 409
8010 352
8011 461
8012 454
8013 454
8014 445
8015 470
8016 510
8017 530
8018 537
8019 361
8020 443
8021 428
8022 552
8023 416
8024 410
8025 534
8026 391
8027 480
8028 585
8029 492
8030 583
8031 588
8032 466
8033 480
8034 408
8035 537
8036 605
8037 621
8038 604
8039 481
8040 568
8041 535
8042 583
8043 616
8044 559
8045 660
8046 561
8047 593
8048 561
8049 496
8050 655
8051 560
8052 440
8053 439
8054 364
8055 536
8056 399
8057 549
8058 517
8059 539
8060 517
8061 589
8062 409
8063 601
8064 490
8065 576
8066 577
8067 438
8068 497
8069 450
8070 642
8071 580
8072 470
8073 576
8074 647
8075 574
8076 655
8077 499
8078 501
8079 607
8080 614
8081 519
8082 573
8083 684
8084 714
8085 651
8086 651
8087 590
8088 583
8089 603
8090 634
8091 655
8092 610
8093 584
8094 717
8095 631
8096 718
8097 710
8098 743
8099 731
8100 775
8101 646
8102 740
8103 663
8104 721
8105 742
8106 631
8107 668
8108 745
8109 690
8110 779
8111 667
8112 749
8113 677
8114 481
8115 450
8116 560
8117 485
8118 508
8119 449
8120 507
8121 522
8122 480
8123 522
8124 571
8125 430
8126 444
8127 527
8128 466
8129 436
8130 443
8131 468
8132 466
8133 487
8134 512
8135 561
8136 493
8137 588
8138 562
8139 638
8140 524
8141 623
8142 140
8143 267
8144 185
8145 141
8146 297
8147 148
8148 309
8149 133
8150 288
8151 238
8152 170
8153 254
8154 274
8155 220
8156 257
8157 338
8158 233
8159 220
8160 229
8161 270
8162 239
8163 239
8164 319
8165 386
8166 417
8167 393
8168 327
8169 317
8170 383
8171 437
8172 336
8173 337
8174 420
8175 455
8176 353
8177 321
8178 319
8179 364
8180 484
8181 406
8182 331
8183 439
8184 372
8185 441
8186 357
8187 384
8188 397
8189 512
8190 419
8191 479
8192 441
8193 389
8194 467
8195 439
8196 419
8197 373
8198 354
8199 543
8200 480
8201 494
8202 511
8203 427
8204 368
8205 467
8206 434
8207 380
8208 520
8209 558
8210 580
8211 477
8212 507
8213 482
8214 439
8215 551
8216 485
8217 533
8218 548
8219 468
8220 432
8221 534
8222 577
8223 477
8224 524
8225 536
8226 533
8227 592
8228 630
8229 528
8230 554
8231 499
8232 583
8233 657
8234 526
8235 592
8236 642
8237 643
8238 560
8239 545
8240 585
8241 669
8242 571
8243 511
8244 495
8245 645
8246 622
8247 681
8248 642
8249 677
8250 523
8251 663
8252 578
8253 607
8254 630
8255 719
8256 644
8257 623
8258 666
8259 718
8260 678
8261 402
8262 547
8263 548
8264 609
8265 590
8266 619
8267 469
8268 480
8269 512
8270 552
8271 572
8272 553
8273 648
8274 599
8275 641
8276 678
8277 518
8278 525
8279 604
8280 648
8281 632
8282 564
8283 586
8284 533
8285 574
8286 662
8287 612
8288 559
8289 678
8290 711
8291 654
8292 655
8293 677
8294 718
8295 664
8296 753
8297 702
8298 731
8299 662
8300 718
8301 708
8302 662
8303 689
8304 671
8305 728
8306 674
8307 837
8308 840
8309 683
8310 797
8311 733
8312 738
8313 649
8314 732
8315 329
8316 432
8317 390
8318 451
8319 469
8320 469
8321 513
8322 401
8323 390
8324 398
8325 528
8326 485
8327 382
8328 538
8329 380
8330 537
8331 437
8332 578
8333 441
8334 591
8335 448
8336 533
8337 491
8338 545
8339 536
8340 634
8341 552
8342 548
8343 546
8344 560
8345 484
8346 401
8347 544
8348 572
8349 483
8350 588
8351 594
8352 590
8353 534
8354 589
8355 508
8356 517
8357 613
8358 634
8359 500
8360 657
8361 546
8362 488
8363 522
8364 627
8365 642
8366 608
8367 656
8368 661
8369 524
8370 591
8371 626
8372 690
8373 658
8374 490
8375 558
8376 493
8377 595
8378 686
8379 685
8380 696
8381 606
8382 492
8383 565
8384 483
8385 560
8386 460
8387 542
8388 562
8389 648
8390 616
8391 581
8392 615
8393 634
8394 625
8395 516
8396 519
8397 646
8398 578
8399 683
8400 675
8401 717
8402 576
8403 684
8404 691
8405 758
8406 662
8407 595
8408 593
8409 589
8410 671
8411 744
8412 775
8413 611
8414 727
8415 670
8416 736
8417 717
8418 750
8419 800
8420 755
8421 835
8422 770
8423 704
8424 779
8425 399
8426 475
8427 466
8428 333
8429 484
8430 358
8431 405
8432 478
8433 384
8434 424
8435 483
8436 375
8437 509
8438 533
8439 468
8440 410
8441 557
8442 459
8443 380
8444 555
8445 405
8446 533
8447 453
8448 489
8449 591
8450 527
8451 542
8452 522
8453 608
8454 311
8455 487
8456 457
8457 313
8458 369
8459 456
8460 369
8461 429
8462 355
8463 510
8464 521
8465 381
8466 563
8467 477
8468 482
8469 564
8470 516
8471 559
8472 596
8473 541
8474 510
8475 478
8476 615
8477 549
8478 483
8479 529
8480 605
8481 532
8482 537
8483 527
8484 639
8485 604
8486 680
8487 526
8488 690
8489 514
8490 561
8491 665
8492 665
8493 544
8494 505
8495 523
8496 652
8497 543
8498 512
8499 643
8500 590
8501 545
8502 642
8503 505
8504 473
8505 608
8506 612
8507 620
8508 588
8509 589
8510 596
8511 551
8512 561
8513 605
8514 639
8515 520
8516 610
8517 548
8518 601
8519 497
8520 591
8521 646
8522 638
8523 590
8524 639
8525 645
8526 544
8527 538
8528 614
8529 610
8530 527
8531 473
8532 516
8533 557
8534 578
8535 521
8536 586
8537 616
8538 590
8539 517
8540 406
8541 468
8542 442
8543 464
8544 527
8545 559
8546 604
8547 531
8548 428
8549 545
8550 622
8551 565
8552 550
8553 530
8554 466
8555 513
8556 421
8557 492
8558 452
8559 537
8560 453
8561 456
8562 570
8563 502
8564 549
8565 475
8566 441
8567 588
8568 558
8569 508
8570 487
8571 609
8572 591
8573 458
8574 492
8575 359
8576 345
8577 409
8578 374
8579 321
8580 300
8581 418
8582 312
8583 336
8584 403
8585 461
8586 461
8587 379
8588 364
8589 382
8590 375
8591 449
8592 488
8593 453
8594 550
8595 421
8596 416
8597 414
8598 530
8599 492
8600 570
8601 511
8602 509
8603 537
8604 473
8605 438
8606 520
8607 543
8608 479
8609 474
8610 599
8611 354
8612 334
8613 427
8614 305
8615 343
8616 496
8617 485
8618 507
8619 466
8620 405
8621 344
8622 361
8623 425
8624 364
8625 358
8626 498
8627 437
8628 523
8629 530
8630 455
8631 574
8632 474
8633 438
8634 519
8635 583
8636 341
8637 488
8638 349
8639 386
8640 364
8641 515
8642 356
8643 424
8644 516
8645 394
8646 422
8647 408
8648 548
8649 438
8650 445
8651 446
8652 518
8653 429
8654 469
8655 562
8656 601
8657 466
8658 428
8659 561
8660 474
8661 492
8662 601
8663 491
8664 560
8665 625
8666 474
8667 553
8668 529
8669 561
8670 571
8671 529
8672 544
8673 699
8674 653
8675 568
8676 540
8677 518
8678 653
8679 594
8680 507
8681 655
8682 642
8683 698
8684 600
8685 641
8686 702
8687 639
8688 591
8689 631
8690 514
8691 653
8692 634
8693 406
8694 465
8695 499
8696 544
8697 446
8698 529
8699 505
8700 537
8701 447
8702 576
8703 440
8704 459
8705 486
8706 479
8707 442
8708 483
8709 438
8710 608
8711 551
8712 455
8713 590
8714 524
8715 602
8716 495
8717 577
8718 589
8719 547
8720 368
8721 536
8722 546
8723 435
8724 395
8725 469
8726 532
8727 501
8728 402
8729 522
8730 598
8731 444
8732 458
8733 505
8734 593
8735 488
8736 527
8737 441
8738 433
8739 450
8740 554
8741 458
8742 503
8743 608
8744 469
8745 550
8746 462
8747 515
8748 612
8749 556
8750 498
8751 395
8752 476
8753 392
8754 347
8755 511
8756 540
8757 392
8758 428
8759 530
8760 431
8761 517
8762 577
8763 403
8764 423
8765 474
8766 428
8767 360
8768 453
8769 390
8770 532
8771 494
8772 574
8773 434
8774 517
8775 593
8776 600
8777 447
8778 589
8779 435
8780 589
8781 432
8782 504
8783 415
8784 591
8785 559
8786 382
8787 368
8788 422
8789 395
8790 526
8791 507
8792 379
8793 425
8794 503
8795 506
8796 599
8797 500
8798 577
8799 533
8800 498
8801 456
8802 467
8803 590
8804 506
8805 541
8806 517
8807 411
8808 485
8809 595
8810 580
8811 531
8812 510
8813 528
8814 531
8815 515
8816 643
8817 642
8818 627
8819 619
8820 547
8821 609
8822 630
8823 667
8824 711
8825 663
8826 680
8827 641
8828 440
8829 512
8830 381
8831 429
8832 397
8833 392
8834 530
8835 516
8836 410
8837 483
8838 565
8839 540
8840 457
8841 500
8842 611
8843 525
8844 469
8845 600
8846 588
8847 496
8848 498
8849 638
8850 510
8851 507
8852 653
8853 609
8854 594
8855 595
8856 535
8857 656
8858 587
8859 709
8860 739
8861 608
8862 717
8863 701
8864 652
8865 582
8866 601
8867 651
8868 640
8869 630
8870 601
8871 629
8872 664
8873 755
8874 747
8875 561
8876 560
8877 672
8878 561
8879 559
8880 548
8881 418
8882 371
8883 395
8884 365
8885 461
8886 462
8887 371
8888 477
8889 404
8890 384
8891 480
8892 531
8893 447
8894 503
8895 510
8896 452
8897 511
8898 578
8899 563
8900 465
8901 472
8902 457
8903 434
8904 614
8905 586
8906 445
8907 545
8908 574
8909 533
8910 628
8911 519
8912 508
8913 510
8914 493
8915 580
8916 528
8917 634
8918 613
8919 414
8920 337
8921 396
8922 400
8923 415
8924 457
8925 430
8926 470
8927 522
8928 434
8929 415
8930 432
8931 427
8932 393
8933 391
8934 333
8935 306
8936 439
8937 354
8938 330
8939 374
8940 352
8941 497
8942 390
8943 506
8944 477
8945 487
8946 538
8947 454
8948 437
8949 379
8950 439
8951 429
8952 485
8953 568
8954 382
8955 397
8956 492
8957 517
8958 574
8959 480
8960 433
8961 413
8962 395
8963 574
8964 442
8965 476
8966 541
8967 517
8968 557
8969 555
8970 551
8971 586
8972 434
8973 597
8974 634
8975 535
8976 541
8977 516
8978 523
8979 528
8980 580
8981 315
8982 457
8983 276
8984 427
8985 450
8986 292
8987 384
8988 392
8989 500
8990 331
8991 506
8992 424
8993 392
8994 427
8995 499
8996 491
8997 495
8998 421
8999 491
9000 427
9001 392
9002 440
9003 530
9004 590
9005 419
9006 519
9007 456
9008 573
9009 437
9010 517
9011 559
9012 622
9013 534
9014 581
9015 551
9016 536
9017 581
9018 500
9019 567
9020 232
9021 262
9022 347
9023 366
9024 247
9025 275
9026 366
9027 389
9028 425
9029 300
9030 340
9031 311
9032 462
9033 329
9034 369
9035 476
9036 386
9037 510
9038 350
9039 365
9040 388
9041 427
9042 430
9043 396
9044 514
9045 520
9046 435
9047 435
9048 518
9049 410
9050 508
9051 519
9052 521
9053 441
9054 487
9055 486
9056 547
9057 594
9058 540
9059 445
9060 359
9061 328
9062 450
9063 419
9064 488
9065 525
9066 357
9067 465
9068 500
9069 531
9070 403
9071 467
9072 340
9073 384
9074 367
9075 537
9076 548
9077 535
9078 531
9079 535
9080 396
9081 407
9082 537
9083 575
9084 422
9085 532
9086 577
9087 555
9088 521
9089 627
9090 548
9091 593
9092 512
9093 611
9094 533
9095 572
9096 555
9097 563
9098 584
9099 596
9100 609
9101 627
9102 579
9103 514
9104 696
9105 699
9106 637
9107 647
9108 518
9109 557
9110 676
9111 633
9112 511
9113 498
9114 519
9115 634
9116 613
9117 506
9118 434
9119 472
9120 392
9121 373
9122 377
9123 370
9124 517
9125 450
9126 464
9127 438
9128 514
9129 544
9130 414
9131 467
9132 435
9133 425
9134 452
9135 493
9136 584
9137 531
9138 641
9139 528
9140 541
9141 509
9142 517
9143 666
9144 552
9145 598
9146 592
9147 554
9148 659
9149 542
9150 548
9151 581
9152 637
9153 730
9154 625
9155 747
9156 671
9157 500
9158 589
9159 558
9160 667
9161 560
9162 683
9163 557
9164 615
9165 556
9166 667
9167 617
9168 559
9169 534
9170 548
9171 667
9172 704
9173 663
9174 637
9175 695
9176 635
9177 653
9178 738
9179 674
9180 730
9181 643
9182 499
9183 381
9184 346
9185 312
9186 357
9187 453
9188 429
9189 329
9190 327
9191 373
9192 444
9193 363
9194 242
9195 330
9196 414
9197 243
9198 409
9199 387
9200 401
9201 247
9202 324
9203 402
9204 348
9205 287
9206 273
9207 284
9208 306
9209 460
9210 319
9211 376
9212 384
9213 404
9214 504
9215 459
9216 486
9217 481
9218 466
9219 341
9220 414
9221 493
9222 464
9223 405
9224 535
9225 508
9226 393
9227 532
9228 471
9229 468
9230 334
9231 392
9232 448
9233 429
9234 358
9235 524
9236 537
9237 373
9238 547
9239 498
9240 539
9241 426
9242 393
9243 343
9244 299
9245 373
9246 391
9247 378
9248 388
9249 282
9250 309
9251 325
9252 442
9253 424
9254 337
9255 429
9256 388
9257 333
9258 430
9259 502
9260 458
9261 335
9262 528
9263 389
9264 402
9265 509
9266 547
9267 535
9268 536
9269 464
9270 440
9271 524
9272 509
9273 573
9274 420
9275 446
9276 617
9277 427
9278 627
9279 582
9280 460
9281 484
9282 557
9283 534
9284 648
9285 635
9286 529
9287 634
9288 680
9289 600
9290 588
9291 539
9292 638
9293 612
9294 693
9295 656
9296 716
9297 746
9298 616
9299 754
9300 714
9301 748
9302 614
9303 601
9304 743
9305 781
9306 702
9307 602
9308 715
9309 646
9310 663
9311 709
9312 797
9313 706
9314 651
9315 702
9316 666
9317 674
9318 409
9319 435
9320 456
9321 358
9322 311
9323 369
9324 314
9325 316
9326 313
9327 459
9328 479
9329 432
9330 481
9331 405
9332 436
9333 491
9334 413
9335 471
9336 469
9337 363
9338 385
9339 461
9340 510
9341 400
9342 437
9343 436
9344 560
9345 558
9346 593
9347 432
9348 426
9349 593
9350 462
9351 582
9352 571
9353 500
9354 455
9355 560
9356 465
9357 565
9358 421
9359 481
9360 449
9361 452
9362 396
9363 494
9364 465
9365 527
9366 500
9367 397
9368 516
9369 418
9370 441
9371 558
9372 576
9373 414
9374 527
9375 458
9376 441
9377 501
9378 447
9379 521
9380 553
9381 629
9382 589
9383 426
9384 560
9385 585
9386 523
9387 504
9388 498
9389 518
9390 626
9391 624
9392 470
9393 587
9394 539
9395 638
9396 508
9397 537
9398 580
9399 596
9400 552
9401 699
9402 700
9403 521
9404 687
9405 603
9406 703
9407 549
9408 696
9409 659
9410 683
9411 683
9412 675
9413 751
9414 768
9415 416
9416 551
9417 510
9418 505
9419 425
9420 467
9421 480
9422 566
9423 552
9424 450
9425 425
9426 423
9427 495
9428 443
9429 547
9430 591
9431 559
9432 466
9433 484
9434 486
9435 528
9436 657
9437 586
9438 667
9439 604
9440 525
9441 574
9442 586
9443 559
9444 612
9445 550
9446 562
9447 599
9448 636
9449 684
9450 723
9451 561
9452 640
9453 671
9454 574
9455 587
9456 613
9457 591
9458 694
9459 744
9460 785
9461 666
9462 717
9463 671
9464 799
9465 833
9466 749
9467 674
9468 844
9469 823
9470 664
9471 848
9472 552
9473 437
9474 627
9475 554
9476 469
9477 525
9478 523
9479 546
9480 644
9481 640
9482 620
9483 437
9484 448
9485 368
9486 432
9487 513
9488 581
9489 559
9490 505
9491 442
9492 580
9493 602
9494 473
9495 554
9496 638
9497 638
9498 464
9499 500
9500 574
9501 631
9502 662
9503 623
9504 562
9505 642
9506 571
9507 660
9508 618
9509 666
9510 538
9511 688
9512 711
9513 591
9514 632
9515 596
9516 640
9517 645
9518 723
9519 732
9520 725
9521 690
9522 680
9523 749
9524 727
9525 636
9526 710
9527 623
9528 533
9529 554
9530 513
9531 418
9532 551
9533 554
9534 526
9535 554
9536 558
9537 531
9538 544
9539 521
9540 553
9541 568
9542 476
9543 503
9544 534
9545 468
9546 643
9547 637
9548 425
9549 530
9550 493
9551 595
9552 510
9553 520
9554 464
9555 494
9556 563
9557 522
9558 514
9559 548
9560 591
9561 556
9562 439
9563 418
9564 514
9565 527
9566 395
9567 539
9568 541
9569 482
9570 553
9571 427
9572 453
9573 549
9574 568
9575 451
9576 423
9577 512
9578 422
9579 455
9580 612
9581 539
9582 566
9583 640
9584 636
9585 210
9586 112
9587 161
9588 242
9589 230
9590 196
9591 139
9592 151
9593 155
9594 258
9595 177
9596 246
9597 242
9598 359
9599 230
9600 269
9601 293
9602 196
9603 315
9604 277
9605 253
9606 243
9607 252
9608 367
9609 258
9610 405
9611 241
9612 304
9613 289
9614 261
9615 296
9616 313
9617 434
9618 358
9619 461
9620 348
9621 431
9622 378
9623 492
9624 395
9625 394
9626 388
9627 526
9628 542
9629 387
9630 478
9631 425
9632 492
9633 418
9634 402
9635 527
9636 421
9637 513
9638 492
9639 515
9640 428
9641 558
9642 575
9643 582
9644 461
9645 540
9646 561
9647 501
9648 545
9649 628
9650 476
9651 483
9652 655
9653 432
9654 479
9655 470
9656 385
9657 533
9658 465
9659 397
9660 371
9661 515
9662 539
9663 400
9664 483
9665 422
9666 575
9667 579
9668 413
9669 561
9670 536
9671 441
9672 423
9673 432
9674 563
9675 507
9676 527
9677 448
9678 553
9679 607
9680 650
9681 554
9682 655
9683 593
9684 517
9685 561
9686 533
9687 618
9688 527
9689 618
9690 524
9691 469
9692 511
9693 579
9694 535
9695 487
9696 554
9697 614
9698 556
9699 505
9700 604
9701 613
9702 483
9703 591
9704 543
9705 609
9706 456
9707 478
9708 475
9709 594
9710 648
9711 476
9712 661
9713 637
9714 597
9715 634
9716 677
9717 512
9718 596
9719 455
9720 545
9721 532
9722 509
9723 546
9724 510
9725 512
9726 502
9727 520
9728 592
9729 477
9730 576
9731 474
9732 509
9733 468
9734 443
9735 562
9736 474
9737 496
9738 573
9739 613
9740 462
9741 527
9742 489
9743 531
9744 667
9745 360
9746 441
9747 346
9748 463
9749 520
9750 516
9751 475
9752 452
9753 367
9754 511
9755 434
9756 403
9757 357
9758 365
9759 510
9760 553
9761 509
9762 453
9763 511
9764 398
9765 502
9766 508
9767 542
9768 522
9769 532
9770 553
9771 451
9772 524
9773 486
9774 467
9775 526
9776 501
9777 496
9778 579
9779 635
9780 555
9781 469
9782 573
9783 425
9784 501
9785 554
9786 448
9787 161
9788 217
9789 84
9790 161
9791 226
9792 144
9793 155
9794 142
9795 125
9796 185
9797 231
9798 209
9799 206
9800 192
9801 142
9802 228
9803 260
9804 199
9805 208
9806 163
9807 290
9808 240
9809 276
9810 254
9811 361
9812 337
9813 339
9814 202
9815 311
9816 320
9817 346
9818 406
9819 217
9820 268
9821 221
9822 292
9823 354
9824 258
9825 305
9826 393
9827 317
9828 304
9829 424
9830 312
9831 327
9832 378
9833 456
9834 349
9835 404
9836 371
9837 338
9838 441
9839 471
9840 421
9841 321
9842 422
9843 518
9844 482
9845 527
9846 380
9847 504
9848 440
9849 464
9850 461
9851 566
9852 390
9853 392
9854 403
9855 561
9856 532
9857 408
9858 514
9859 505
9860 580
9861 425
9862 563
9863 560
9864 582
9865 526
9866 625
9867 571
9868 603
9869 556
9870 386
9871 356
9872 471
9873 465
9874 453
9875 536
9876 502
9877 373
9878 446
9879 519
9880 427
9881 540
9882 550
9883 365
9884 371
9885 561
9886 507
9887 402
9888 488
9889 437
9890 516
9891 538
9892 516
9893 619
9894 472
9895 488
9896 512
9897 502
9898 627
9899 480
9900 491
9901 505
9902 413
9903 440
9904 472
9905 385
9906 467
9907 574
9908 468
9909 520
9910 411
9911 610
9912 448
9913 493
9914 436
9915 494
9916 596
9917 539
9918 577
9919 467
9920 564
9921 477
9922 560
9923 604
9924 584
9925 551
9926 556
9927 525
9928 460
9929 395
9930 585
9931 405
9932 416
9933 525
9934 502
9935 590
9936 583
9937 554
9938 483
9939 619
9940 481
9941 438
9942 416
9943 528
9944 411
9945 359
9946 518
9947 424
9948 484
9949 547
9950 375
9951 490
9952 408
9953 551
9954 478
9955 469
9956 487
9957 435
9958 524
9959 520
9960 495
9961 450
9962 331
9963 490
9964 480
9965 501
9966 332
9967 486
9968 455
9969 534
9970 472
9971 345
9972 348
9973 473
9974 478
9975 537
9976 500
9977 494
9978 536
9979 442
9980 434
9981 483
9982 511
9983 476
9984 418
9985 428
9986 434
9987 537
9988 422
9989 445
9990 301
9991 489
9992 494
9993 430
9994 332
9995 343
9996 342
9997 375
9998 348
9999 499
10000 439
10001 370
10002 390
10003 428
10004 546
10005 422
10006 437
10007 469
10008 484
10009 525
10010 488
10011 530
10012 579
10013 460
10014 454
10015 503
10016 485
10017 466
10018 530
10019 526
10020 626
10021 518
10022 629
10023 492
10024 502
10025 607
10026 639
10027 647
10028 550
10029 562
10030 633
10031 616
10032 682
10033 606
10034 631
10035 724
10036 697
10037 713
10038 651
10039 629
10040 380
10041 504
10042 402
10043 391
10044 517
10045 466
10046 440
10047 358
10048 442
10049 414
10050 424
10051 415
10052 454
10053 432
10054 427
10055 418
10056 451
10057 455
10058 576
10059 402
10060 299
10061 441
10062 308
10063 367
10064 328
10065 452
10066 416
10067 487
10068 517
10069 548
10070 492
10071 562
10072 542
10073 502
10074 492
10075 577
10076 566
10077 497
10078 585
10079 427
10080 482
10081 437
10082 502
10083 552
10084 599
10085 505
10086 414
10087 338
10088 450
10089 321
10090 346
10091 440
10092 413
10093 304
10094 480
10095 507
10096 344
10097 410
10098 231
10099 379
10100 347
10101 235
10102 256
10103 373
10104 229
10105 310
10106 296
10107 277
10108 390
10109 427
10110 344
10111 324
10112 433
10113 306
10114 287
10115 426
10116 438
10117 390
10118 355
10119 503
10120 342
10121 350
10122 393
10123 475
10124 502
10125 461
10126 509
10127 423
10128 407
10129 436
10130 460
10131 348
10132 226
10133 192
10134 310
10135 99
10136 -18
10137 35
10138 56
10139 108
10140 1
10141 85
10142 91
10143 45
10144 192
10145 172
10146 208
10147 132
10148 153
10149 35
10150 195
10151 107
10152 84
10153 194
10154 232
10155 224
10156 159
10157 174
10158 256
10159 134
10160 277
10161 186
10162 288
10163 260
10164 320
10165 231
10166 195
10167 256
10168 248
10169 246
10170 247
10171 254
10172 316
10173 353
10174 279
10175 304
10176 401
10177 231
10178 298
10179 401
10180 297
10181 280
10182 276
10183 377
10184 393
10185 268
10186 308
10187 367
10188 439
10189 309
10190 417
10191 316
10192 333
10193 299
10194 309
10195 452
10196 388
10197 487
10198 351
10199 498
10200 357
10201 441
10202 412
10203 420
10204 468
10205 491
10206 548
10207 515
10208 437
10209 388
10210 586
10211 526
10212 424
10213 435
10214 456
10215 431
10216 490
10217 605
10218 598
10219 489
10220 561
10221 552
10222 636
10223 456
10224 419
10225 471
10226 420
10227 514
10228 546
10229 590
10230 467
10231 629
10232 510
10233 616
10234 578
10235 501
10236 612
10237 573
10238 541
10239 621
10240 438
10241 411
10242 359
10243 475
10244 347
10245 333
10246 429
10247 448
10248 486
10249 372
10250 433
10251 508
10252 380
10253 378
10254 375
10255 533
10256 419
10257 393
10258 499
10259 402
10260 513
10261 566
10262 565
10263 556
10264 587
10265 511
10266 484
10267 417
10268 574
10269 475
10270 591
10271 607
10272 564
10273 460
10274 596
10275 484
10276 532
10277 445
10278 594
10279 492
10280 454
10281 599
10282 646
10283 498
10284 367
10285 411
10286 437
10287 489
10288 393
10289 516
10290 419
10291 508
10292 419
10293 506
10294 482
10295 542
10296 524
10297 562
10298 538
10299 486
10300 549
10301 501
10302 528
10303 648
10304 521
10305 663
10306 548
10307 554
10308 632
10309 506
10310 536
10311 609
10312 580
10313 562
10314 636
10315 670
10316 672
10317 612
10318 410
10319 437
10320 527
10321 517
10322 439
10323 580
10324 477
10325 558
10326 565
10327 526
10328 548
10329 575
10330 484
10331 483
10332 555
10333 569
10334 476
10335 554
10336 582
10337 597
10338 578
10339 512
10340 508
10341 484
10342 583
10343 461
10344 630
10345 611
10346 526
10347 559
10348 580
10349 532
10350 608
10351 554
10352 480
10353 651
10354 504
10355 607
10356 512
10357 635
10358 601
10359 511
10360 672
10361 540
10362 561
10363 400
10364 590
10365 496
10366 516
10367 539
10368 508
10369 581
10370 570
10371 548
10372 610
10373 529
10374 656
10375 473
10376 611
10377 556
10378 537
10379 647
10380 571
10381 630
10382 531
10383 684
10384 716
10385 555
10386 710
10387 675
10388 563
10389 653
10390 690
10391 618
10392 748
10393 662
10394 689
10395 691
10396 763
10397 674
10398 778
10399 774
10400 788
10401 776
10402 794
10403 773
10404 695
10405 543
10406 576
10407 577
10408 632
10409 648
10410 514
10411 580
10412 661
10413 621
10414 575
10415 682
10416 528
10417 526
10418 542
10419 554
10420 649
10421 715
10422 566
10423 575
10424 691
10425 603
10426 654
10427 741
10428 729
10429 627
10430 610
10431 651
10432 650
10433 655
10434 703
10435 813
10436 778
10437 677
10438 701
10439 791
10440 707
10441 807
10442 759
10443 759
10444 715
10445 458
10446 307
10447 475
10448 419
10449 311
10450 495
10451 399
10452 492
10453 413
10454 455
10455 345
10456 354
10457 417
10458 351
10459 485
10460 382
10461 528
10462 367
10463 404
10464 463
10465 417
10466 468
10467 354
10468 325
10469 202
10470 267
10471 366
10472 334
10473 294
10474 301
10475 330
10476 313
10477 236
10478 339
10479 358
10480 256
10481 359
10482 279
10483 342
10484 344
10485 381
10486 360
10487 393
10488 484
10489 408
10490 350
10491 406
10492 473
10493 325
10494 360
10495 517
10496 447
10497 486
10498 418
10499 362
10500 477
10501 408
10502 502
10503 415
10504 511
10505 469
10506 558
10507 398
10508 432
10509 416
10510 553
10511 538
10512 419
10513 576
10514 527
10515 624
10516 588
10517 442
10518 468
10519 501
10520 516
10521 310
10522 481
10523 477
10524 397
10525 511
10526 504
10527 499
10528 402
10529 500
10530 427
10531 517
10532 439
10533 545
10534 501
10535 472
10536 525
10537 296
10538 331
10539 342
10540 402
10541 364
10542 351
10543 415
10544 362
10545 461
10546 341
10547 356
10548 494
10549 429
10550 512
10551 389
10552 418
10553 511
10554 386
10555 384
10556 408
10557 464
10558 508
10559 549
10560 445
10561 457
10562 480
10563 583
10564 589
10565 602
10566 427
10567 565
10568 521
10569 574
10570 361
10571 446
10572 314
10573 394
10574 302
10575 387
10576 405
10577 465
10578 329
10579 400
10580 426
10581 436
10582 423
10583 459
10584 497
10585 546
10586 527
10587 426
10588 405
10589 555
10590 560
10591 444
10592 558
10593 424
10594 538
10595 488
10596 592
10597 520
10598 490
10599 489
10600 580
10601 575
10602 450
10603 634
10604 644
10605 457
10606 333
10607 417
10608 346
10609 463
10610 454
10611 503
10612 404
10613 433
10614 408
10615 337
10616 400
10617 370
10618 516
10619 420
10620 500
10621 394
10622 426
10623 379
10624 368
10625 477
10626 418
10627 461
10628 525
10629 516
10630 426
10631 543
10632 397
10633 552
10634 566
10635 457
10636 539
10637 537
10638 585
10639 448
10640 307
10641 343
10642 236
10643 341
10644 315
10645 328
10646 359
10647 433
10648 279
10649 412
10650 370
10651 402
10652 477
10653 369
10654 410
10655 337
10656 494
10657 506
10658 478
10659 396
10660 377
10661 537
10662 531
10663 511
10664 464
10665 515
10666 556
10667 434
10668 434
10669 459
10670 601
10671 590
10672 443
10673 518
10674 617
10675 441
10676 527
10677 599
10678 638
10679 515
10680 626
10681 542
10682 554
10683 522
10684 601
10685 596
10686 679
10687 507
10688 616
10689 699
10690 569
10691 618
10692 671
10693 616
10694 549
10695 636
10696 610
10697 582
10698 674
10699 543
10700 519
10701 490
10702 630
10703 245
10704 195
10705 379
10706 221
10707 295
10708 349
10709 335
10710 245
10711 345
10712 273
10713 272
10714 248
10715 364
10716 353
10717 437
10718 422
10719 383
10720 414
10721 385
10722 306
10723 485
10724 406
10725 497
10726 446
10727 321
10728 509
10729 489
10730 341
10731 442
10732 456
10733 393
10734 405
10735 498
10736 439
10737 428
10738 496
10739 391
10740 526
10741 450
10742 444
10743 490
10744 475
10745 514
10746 462
10747 604
10748 589
10749 618
10750 499
10751 471
10752 546
10753 619
10754 501
10755 625
10756 460
10757 441
10758 406
10759 520
10760 406
10761 346
10762 455
10763 427
10764 535
10765 419
10766 543
10767 564
10768 471
10769 400
10770 570
10771 570
10772 531
10773 506
10774 583
10775 591
10776 608
10777 561
10778 530
10779 555
10780 506
10781 622
10782 477
10783 545
10784 443
10785 505
10786 416
10787 519
10788 432
10789 609
10790 468
10791 608
10792 591
10793 585
10794 452
10795 597
10796 586
10797 502
10798 587
10799 510
10800 547
10801 672
10802 497
10803 617
10804 515
10805 548
10806 588
10807 578
10808 681
10809 694
10810 594
10811 707
10812 553
10813 575
10814 638
10815 717
10816 522
10817 532
10818 452
10819 562
10820 521
10821 481
10822 568
10823 590
10824 627
10825 558
10826 530
10827 583
10828 601
10829 526
10830 616
10831 536
10832 641
10833 561
10834 621
10835 544
10836 694
10837 589
10838 701
10839 538
10840 625
10841 580
10842 542
10843 679
10844 573
10845 567
10846 765
10847 581
10848 705
10849 750
10850 734
10851 598
10852 662
10853 652
10854 811
10855 322
10856 279
10857 243
10858 258
10859 395
10860 320
10861 331
10862 261
10863 292
10864 458
10865 271
10866 385
10867 436
10868 313
10869 377
10870 379
10871 338
10872 331
10873 278
10874 365
10875 397
10876 319
10877 346
10878 418
10879 393
10880 299
10881 411
10882 448
10883 299
10884 341
10885 338
10886 469
10887 453
10888 310
10889 375
10890 312
10891 471
10892 500
10893 423
10894 382
10895 471
10896 469
10897 444
10898 382
10899 429
10900 455
10901 375
10902 424
10903 402
10904 573
10905 415
10906 559
10907 424
10908 416
10909 468
10910 435
10911 597
10912 482
10913 530
10914 603
10915 551
10916 593
10917 463
10918 562
10919 568
10920 606
10921 470
10922 512
10923 555
10924 597
10925 676
10926 622
10927 511
10928 657
10929 483
10930 475
10931 339
10932 356
10933 502
10934 361
10935 533
10936 534
10937 451
10938 528
10939 530
10940 558
10941 390
10942 436
10943 404
10944 434
10945 313
10946 165
10947 303
10948 255
10949 273
10950 272
10951 294
10952 220
10953 310
10954 264
10955 302
10956 358
10957 383
10958 208
10959 272
10960 301
10961 321
10962 376
10963 388
10964 335
10965 340
10966 269
10967 363
10968 335
10969 357
10970 322
10971 335
10972 435
10973 339
10974 392
10975 364
10976 333
10977 463
10978 410
10979 374
10980 465
10981 443
10982 412
10983 443
10984 498
10985 404
10986 420
10987 568
10988 562
10989 450
10990 553
10991 409
10992 446
10993 491
10994 540
10995 607
10996 534
10997 496
10998 495
10999 645
11000 559
11001 621
11002 297
11003 211
11004 188
11005 166
11006 196
11007 327
11008 201
11009 212
11010 373
11011 185
11012 366
11013 256
11014 299
11015 223
11016 235
11017 233
11018 259
11019 341
11020 363
11021 299
11022 395
11023 448
11024 438
11025 315
11026 382
11027 474
11028 377
11029 343
11030 319
11031 458
11032 405
11033 503
11034 486
11035 444
11036 455
11037 410
11038 530
11039 439
11040 410
11041 445
11042 498
11043 499
11044 586
11045 493
11046 482
11047 448
11048 581
11049 451
11050 474
11051 480
11052 503
11053 441
11054 388
11055 270
11056 416
11057 368
11058 364
11059 429
11060 346
11061 411
11062 345
11063 305
11064 484
11065 359
11066 484
11067 371
11068 500
11069 455
11070 462
11071 236
11072 305
11073 411
11074 440
11075 292
11076 286
11077 325
11078 279
11079 254
11080 372
11081 306
11082 256
11083 250
11084 246
11085 294
11086 318
11087 391
11088 307
11089 370
11090 446
11091 449
11092 317
11093 456
11094 362
11095 328
11096 374
11097 357
11098 468
11099 401
11100 381
11101 471
11102 333
11103 344
11104 414
11105 498
11106 486
11107 481
11108 502
11109 399
11110 367
11111 434
11112 582
11113 583
11114 480
11115 498
11116 604
11117 504
11118 552
11119 604
11120 566
11121 434
11122 478
11123 637
11124 586
11125 489
11126 477
11127 655
11128 669
11129 408
11130 406
11131 350
11132 417
11133 528
11134 546
11135 429
11136 467
11137 557
11138 464
11139 388
11140 546
11141 554
11142 236
11143 227
11144 279
11145 155
11146 237
11147 153
11148 312
11149 331
11150 169
11151 337
11152 222
11153 282
11154 286
11155 189
11156 305
11157 307
11158 283
11159 304
11160 312
11161 201
11162 297
11163 338
11164 281
11165 322
11166 250
11167 303
11168 245
11169 428
11170 366
11171 404
11172 422
11173 407
11174 388
11175 287
11176 310
11177 309
11178 414
11179 355
11180 399
11181 442
11182 407
11183 384
11184 403
11185 389
11186 452
11187 473
11188 374
11189 500
11190 364
11191 475
11192 489
11193 412
11194 573
11195 489
11196 492
11197 531
11198 548
11199 466
11200 478
11201 438
11202 431
11203 466
11204 481
11205 516
11206 597
11207 606
11208 472
11209 570
11210 525
11211 508
11212 557
11213 560
11214 537
11215 585
11216 621
11217 550
11218 581
11219 684
11220 697
11221 548
11222 688
11223 673
11224 565
11225 724
11226 690
11227 608
11228 620
11229 692
11230 638
11231 732
11232 762
11233 642
11234 664
11235 703
11236 603
11237 619
11238 663
11239 773
11240 515
11241 493
11242 400
11243 366
11244 470
11245 382
11246 396
11247 540
11248 453
11249 462
11250 458
11251 482
11252 491
11253 494
11254 464
11255 509
11256 498
11257 351
11258 528
11259 503
11260 253
11261 378
11262 341
11263 337
11264 416
11265 279
11266 414
11267 322
11268 300
11269 395
11270 417
11271 379
11272 277
11273 296
11274 304
11275 476
11276 375
11277 344
11278 432
11279 334
11280 431
11281 431
11282 496
11283 512
11284 496
11285 445
11286 470
11287 415
11288 504
11289 445
11290 403
11291 525
11292 374
11293 439
11294 582
11295 579
11296 499
11297 445
11298 507
11299 576
11300 610
11301 489
11302 377
11303 366
11304 479
11305 524
11306 478
11307 352
11308 505
11309 467
11310 452
11311 411
11312 434
11313 435
11314 565
11315 382
11316 480
11317 431
11318 483
11319 439
11320 450
11321 400
11322 352
11323 467
11324 499
11325 470
11326 382
11327 424
11328 498
11329 431
11330 497
11331 520
11332 485
11333 421
11334 443
11335 394
11336 469
11337 587
11338 468
11339 599
11340 600
11341 527
11342 492
11343 492
11344 495
11345 602
11346 625
11347 598
11348 567
11349 656
11350 483
11351 490
11352 643
11353 640
11354 539
11355 548
11356 539
11357 585
11358 626
11359 649
11360 669
11361 588
11362 671
11363 723
11364 679
11365 612
11366 650
11367 727
11368 595
11369 607
11370 638
11371 593
11372 607
11373 520
11374 576
11375 562
11376 460
11377 617
11378 453
11379 550
11380 561
11381 600
11382 258
11383 302
11384 281
11385 343
11386 340
11387 329
11388 370
11389 450
11390 418
11391 274
11392 450
11393 389
11394 336
11395 403
11396 432
11397 425
11398 393
11399 217
11400 303
11401 231
11402 345
11403 275
11404 360
11405 342
11406 384
11407 291
11408 387
11409 444
11410 363
11411 382
11412 369
11413 498
11414 408
11415 451
11416 410
11417 464
11418 329
11419 471
11420 335
11421 455
11422 389
11423 485
11424 554
11425 397
11426 504
11427 450
11428 590
11429 583
11430 436
11431 436
11432 519
11433 564
11434 559
11435 485
11436 477
11437 488
11438 539
11439 482
11440 471
11441 646
11442 496
11443 642
11444 586
11445 578
11446 565
11447 585
11448 565
11449 303
11450 251
11451 171
11452 188
11453 192
11454 326
11455 249
11456 370
11457 305
11458 294
11459 282
11460 393
11461 314
11462 339
11463 215
11464 237
11465 295
11466 377
11467 359
11468 372
11469 354
11470 379
11471 345
11472 372
11473 435
11474 435
11475 345
11476 438
11477 400
11478 446
11479 474
11480 390
11481 376
11482 319
11483 476
11484 372
11485 417
11486 510
11487 348
11488 477
11489 386
11490 444
11491 362
11492 497
11493 461
11494 538
11495 458
11496 432
11497 485
11498 440
11499 545
11500 465
11501 549
11502 506
11503 425
11504 542
11505 451
11506 595
11507 488
11508 478
11509 556
11510 477
11511 354
11512 270
11513 195
11514 249
11515 359
11516 339
11517 384
11518 336
11519 406
11520 402
11521 375
11522 378
11523 290
11524 435
11525 305
11526 310
11527 423
11528 336
11529 382
11530 389
11531 395
11532 465
11533 341
11534 457
11535 479
11536 521
11537 503
11538 414
11539 484
11540 454
11541 347
11542 496
11543 468
11544 477
11545 454
11546 406
11547 423
11548 480
11549 532
11550 416
11551 467
11552 471
11553 443
11554 445
11555 510
11556 616
11557 536
11558 526
11559 487
11560 477
11561 503
11562 523
11563 501
11564 567
11565 398
11566 353
11567 257
11568 334
11569 406
11570 334
11571 308
11572 322
11573 275
11574 280
11575 388
11576 383
11577 420
11578 264
11579 391
11580 298
11581 311
11582 376
11583 311
11584 399
11585 471
11586 327
11587 458
11588 358
11589 492
11590 453
11591 473
11592 460
11593 399
11594 423
11595 385
11596 463
11597 581
11598 458
11599 509
11600 590
11601 484
11602 459
11603 599
11604 500
11605 508
11606 573
11607 548
11608 626
11609 525
11610 610
11611 601
11612 530
11613 524
11614 487
11615 667
11616 588
11617 666
11618 671
11619 673
11620 593
11621 481
11622 442
11623 358
11624 505
11625 471
11626 500
11627 391
11628 474
11629 477
11630 546
11631 469
11632 503
11633 561
11634 508
11635 473
11636 427
11637 451
11638 487
11639 413
11640 437
11641 429
11642 561
11643 491
11644 549
11645 602
11646 478
11647 571
11648 624
11649 560
11650 638
11651 615
11652 532
11653 530
11654 671
11655 518
11656 604
11657 512
11658 528
11659 576
11660 623
11661 532
11662 675
11663 646
11664 603
11665 521
11666 574
11667 532
11668 717
11669 640
11670 605
11671 664
11672 698
11673 724
11674 702
11675 633
11676 624
11677 422
11678 513
11679 536
11680 571
11681 561
11682 457
11683 592
11684 609
11685 579
11686 513
11687 637
11688 488
11689 639
11690 512
11691 604
11692 607
11693 518
11694 648
11695 514
11696 566
11697 623
11698 320
11699 374
11700 334
11701 430
11702 409
11703 439
11704 360
11705 423
11706 472
11707 444
11708 486
11709 507
11710 566
11711 408
11712 488
11713 455
11714 458
11715 581
11716 532
11717 446
11718 622
11719 212
11720 215
11721 370
11722 373
11723 401
11724 265
11725 313
11726 425
11727 304
11728 320
11729 425
11730 363
11731 359
11732 427
11733 360
11734 438
11735 390
11736 470
11737 333
11738 305
11739 483
11740 332
11741 427
11742 384
11743 388
11744 349
11745 408
11746 442
11747 399
11748 390
11749 447
11750 402
11751 352
11752 472
11753 354
11754 398
11755 394
11756 373
11757 408
11758 365
11759 469
11760 552
11761 545
11762 451
11763 463
11764 413
11765 420
11766 494
11767 436
11768 502
11769 470
11770 412
11771 540
11772 508
11773 434
11774 551
11775 477
11776 576
11777 590
11778 514
11779 595
11780 623
11781 537
11782 619
11783 639
11784 533
11785 539
11786 523
11787 528
11788 567
11789 663
11790 626
11791 599
11792 577
11793 570
11794 638
11795 555
11796 673
11797 746
11798 646
11799 600
11800 640
11801 704
11802 348
11803 279
11804 382
11805 423
11806 396
11807 358
11808 346
11809 247
11810 307
11811 302
11812 433
11813 462
11814 383
11815 356
11816 413
11817 302
11818 313
11819 316
11820 412
11821 427
11822 385
11823 397
11824 369
11825 451
11826 375
11827 401
11828 546
11829 431
11830 523
11831 480
11832 412
11833 413
11834 460
11835 476
11836 510
11837 505
11838 424
11839 300
11840 370
11841 347
11842 465
11843 446
11844 502
11845 332
11846 467
11847 470
11848 476
11849 478
11850 500
11851 519
11852 517
11853 443
11854 421
11855 430
11856 439
11857 538
11858 398
11859 472
11860 486
11861 456
11862 397
11863 557
11864 422
11865 475
11866 455
11867 593
11868 624
11869 494
11870 641
11871 535
11872 439
11873 413
11874 389
11875 312
11876 401
11877 455
11878 418
11879 537
11880 401
11881 394
11882 538
11883 366
11884 443
11885 444
11886 446
11887 539
11888 541
11889 373
11890 390
11891 449
11892 470
11893 404
11894 505
11895 554
11896 556
11897 568
11898 439
11899 506
11900 529
11901 454
11902 578
11903 565
11904 613
11905 457
11906 493
11907 613
11908 508
11909 607
11910 467
11911 528
11912 500
11913 483
11914 508
11915 565
11916 656
11917 508
11918 491
11919 530
11920 626
11921 671
11922 584
11923 544
11924 581
11925 640
11926 627
11927 725
11928 650
11929 681
11930 715
11931 732
11932 752
11933 761
11934 737
11935 587
11936 667
11937 761
11938 796
11939 631
11940 685
11941 775
11942 675
11943 776
11944 657
11945 753
11946 711
11947 818
11948 813
11949 710
11950 786
11951 718
11952 810
11953 894
11954 823
11955 738
11956 830
11957 870
11958 896
11959 837
11960 870
11961 408
11962 367
11963 395
11964 411
11965 366
11966 327
11967 462
11968 370
11969 481
11970 389
11971 403
11972 352
11973 398
11974 451
11975 419
11976 352
11977 460
11978 365
11979 472
11980 509
11981 571
11982 537
11983 502
11984 467
11985 470
11986 460
11987 381
11988 324
11989 393
11990 375
11991 415
11992 450
11993 340
11994 449
11995 422
11996 364
11997 348
11998 498
11999 422
12000 547
12001 501
12002 390
12003 529
12004 540
12005 566
12006 387
12007 516
12008 338
12009 345
12010 222
12011 217
12012 240
12013 226
12014 263
12015 310
12016 294
12017 298
12018 399
12019 302
12020 300
12021 267
12022 313
12023 264
12024 363
12025 277
12026 389
12027 326
12028 404
12029 403
12030 361
12031 488
12032 459
12033 384
12034 314
12035 420
12036 364
12037 513
12038 432
12039 515
12040 529
12041 416
12042 454
12043 510
12044 491
12045 449
12046 494
12047 573
12048 396
12049 478
12050 548
12051 547
12052 562
12053 492
12054 536
12055 550
12056 535
12057 529
12058 534
12059 522
12060 600
12061 568
12062 551
12063 633
12064 576
12065 622
12066 596
12067 623
12068 536
12069 694
12070 565
12071 661
12072 714
12073 709
12074 544
12075 650
12076 561
12077 672
12078 620
12079 771
12080 673
12081 522
12082 622
12083 524
12084 587
12085 329
12086 429
12087 461
12088 486
12089 339
12090 521
12091 502
12092 443
12093 466
12094 383
12095 517
12096 505
12097 520
12098 450
12099 497
12100 540
12101 471
12102 623
12103 534
12104 459
12105 441
12106 478
12107 629
12108 625
12109 599
12110 568
12111 600
12112 583
12113 665
12114 588
12115 575
12116 597
12117 535
12118 659
12119 628
12120 583
12121 672
12122 676
12123 674
12124 593
12125 606
12126 670
12127 416
12128 502
12129 451
12130 423
12131 526
12132 503
12133 545
12134 571
12135 572
12136 541
12137 493
12138 572
12139 559
12140 627
12141 452
12142 647
12143 539
12144 621
12145 568
12146 585
12147 506
12148 485
12149 520
12150 649
12151 593
12152 626
12153 586
12154 365
12155 293
12156 358
12157 342
12158 294
12159 375
12160 315
12161 321
12162 453
12163 315
12164 443
12165 327
12166 343
12167 391
12168 538
12169 504
12170 401
12171 436
12172 411
12173 488
12174 557
12175 292
12176 353
12177 302
12178 367
12179 369
12180 421
12181 336
12182 523
12183 418
12184 448
12185 295
12186 380
12187 435
12188 326
12189 389
12190 448
12191 346
12192 383
12193 403
12194 482
12195 508
12196 426
12197 478
12198 357
12199 487
12200 438
12201 388
12202 404
12203 553
12204 452
12205 510
12206 511
12207 448
12208 579
12209 554
12210 536
12211 498
12212 512
12213 598
12214 563
12215 577
12216 466
12217 443
12218 567
12219 608
12220 510
12221 568
12222 625
12223 638
12224 572
12225 511
12226 575
12227 613
12228 651
12229 511
12230 449
12231 367
12232 370
12233 383
12234 559
12235 572
12236 455
12237 561
12238 508
12239 412
12240 414
12241 460
12242 579
12243 481
12244 528
12245 584
12246 457
12247 486
12248 533
12249 406
12250 386
12251 400
12252 514
12253 308
12254 480
12255 430
12256 429
12257 380
12258 368
12259 434
12260 493
12261 417
12262 406
12263 400
12264 356
12265 528
12266 452
12267 407
12268 461
12269 560
12270 381
12271 385
12272 441
12273 401
12274 569
12275 416
12276 597
12277 443
12278 525
12279 498
12280 544
12281 592
12282 554
12283 504
12284 379
12285 530
12286 548
12287 376
12288 399
12289 569
12290 403
12291 429
12292 508
12293 422
12294 466
12295 469
12296 499
12297 589
12298 551
12299 448
12300 575
12301 528
12302 490
12303 542
12304 654
12305 596
12306 587
12307 353
12308 204
12309 394
12310 364
12311 311
12312 413
12313 400
12314 338
12315 262
12316 295
12317 273
12318 446
12319 391
12320 448
12321 410
12322 479
12323 481
12324 326
12325 498
12326 494
12327 385
12328 371
12329 519
12330 393
12331 392
12332 513
12333 476
12334 530
12335 548
12336 376
12337 549
12338 513
12339 462
12340 506
12341 540
12342 414
12343 606
12344 611
12345 552
12346 480
12347 551
12348 589
12349 545
12350 568
12351 636
12352 491
12353 583
12354 569
12355 613
12356 645
12357 614
12358 662
12359 668
12360 666
12361 594
12362 577
12363 623
12364 599
12365 546
12366 657
12367 646
12368 649
12369 348
12370 371
12371 399
12372 477
12373 426
12374 377
12375 453
12376 549
12377 445
12378 535
12379 538
12380 427
12381 491
12382 479
12383 467
12384 391
12385 409
12386 479
12387 559
12388 410
12389 566
12390 481
12391 425
12392 603
12393 545
12394 432
12395 538
12396 461
12397 614
12398 463
12399 602
12400 571
12401 480
12402 530
12403 655
12404 478
12405 618
12406 621
12407 628
12408 669
12409 563
12410 502
12411 570
12412 592
12413 544
12414 679
12415 555
12416 510
12417 468
12418 424
12419 567
12420 576
12421 392
12422 583
12423 539
12424 445
12425 410
12426 420
12427 566
12428 387
12429 556
12430 518
12431 528
12432 434
12433 488
12434 478
12435 548
12436 463
12437 384
12438 452
12439 444
12440 469
12441 386
12442 399
12443 428
12444 425
12445 358
12446 305
12447 446
12448 380
12449 434
12450 428
12451 426
12452 383
12453 466
12454 435
12455 493
12456 377
12457 518
12458 554
12459 508
12460 417
12461 309
12462 455
12463 457
12464 467
12465 500
12466 410
12467 399
12468 374
12469 549
12470 397
12471 427
12472 559
12473 472
12474 420
12475 563
12476 551
12477 492
12478 562
12479 478
12480 582
12481 491
12482 576
12483 440
12484 572
12485 480
12486 600
12487 546
12488 612
12489 491
12490 500
12491 532
12492 673
12493 583
12494 530
12495 514
12496 656
12497 446
12498 554
12499 489
12500 464
12501 368
12502 442
12503 429
12504 417
12505 481
12506 538
12507 506
12508 515
12509 523
12510 446
12511 458
12512 440
12513 529
12514 392
12515 410
12516 418
12517 539
12518 508
12519 521
12520 514
12521 501
12522 622
12523 462
12524 522
12525 506
12526 547
12527 487
12528 591
12529 434
12530 390
12531 383
12532 465
12533 454
12534 530
12535 538
12536 412
12537 368
12538 463
12539 535
12540 528
12541 513
12542 498
12543 519
12544 491
12545 476
12546 514
12547 507
12548 524
12549 610
12550 442
12551 640
12552 612
12553 617
12554 471
12555 498
12556 545
12557 618
12558 612
12559 578
12560 621
12561 622
12562 591
12563 586
12564 548
12565 564
12566 568
12567 682
12568 568
12569 548
12570 537
12571 556
12572 646
12573 586
12574 558
12575 678
12576 645
12577 591
12578 508
12579 683
12580 608
12581 563
12582 710
12583 620
12584 569
12585 728
12586 716
12587 361
12588 407
12589 468
12590 304
12591 463
12592 369
12593 369
12594 329
12595 316
12596 307
12597 394
12598 391
12599 342
12600 482
12601 457
12602 522
12603 270
12604 350
12605 412
12606 355
12607 302
12608 335
12609 342
12610 409
12611 270
12612 366
12613 448
12614 382
12615 393
12616 354
12617 334
12618 386
12619 370
12620 316
12621 316
12622 266
12623 370
12624 298
12625 284
12626 369
12627 305
12628 424
12629 405
12630 295
12631 317
12632 223
12633 342
12634 265
12635 345
12636 244
12637 292
12638 379
12639 326
12640 296
12641 401
12642 324
12643 470
12644 340
12645 357
12646 315
12647 359
12648 454
12649 329
12650 372
12651 382
12652 354
12653 428
12654 332
12655 465
12656 535
12657 409
12658 503
12659 431
12660 367
12661 531
12662 514
12663 400
12664 388
12665 542
12666 406
12667 474
12668 496
12669 528
12670 447
12671 548
12672 478
12673 452
12674 509
12675 542
12676 518
12677 628
12678 556
12679 600
12680 635
12681 479
12682 595
12683 603
12684 581
12685 607
12686 622
12687 522
12688 615
12689 663
12690 683
12691 563
12692 477
12693 424
12694 405
12695 489
12696 478
12697 487
12698 519
12699 343
12700 497
12701 450
12702 498
12703 386
12704 498
12705 385
12706 372
12707 519
12708 434
12709 382
12710 403
12711 221
12712 225
12713 300
12714 167
12715 269
12716 337
12717 286
12718 282
12719 243
12720 317
12721 195
12722 212
12723 356
12724 324
12725 301
12726 401
12727 241
12728 295
12729 258
12730 313
12731 418
12732 440
12733 306
12734 393
12735 435
12736 314
12737 355
12738 451
12739 455
12740 479
12741 481
12742 391
12743 459
12744 395
12745 435
12746 461
12747 457
12748 466
12749 412
12750 360
12751 368
12752 488
12753 422
12754 462
12755 448
12756 409
12757 423
12758 443
12759 419
12760 545
12761 400
12762 413
12763 375
12764 328
12765 434
12766 358
12767 474
12768 480
12769 394
12770 451
12771 485
12772 445
12773 391
12774 541
12775 355
12776 526
12777 456
12778 416
12779 437
12780 432
12781 510
12782 453
12783 596
12784 484
12785 364
12786 420
12787 498
12788 450
12789 536
12790 491
12791 585
12792 579
12793 543
12794 574
12795 553
12796 546
12797 417
12798 574
12799 509
12800 490
12801 621
12802 527
12803 563
12804 583
12805 556
12806 533
12807 651
12808 612
12809 511
12810 562
12811 582
12812 598
12813 449
12814 522
12815 649
12816 498
12817 487
12818 515
12819 568
12820 498
12821 526
12822 474
12823 640
12824 642
12825 669
12826 575
12827 541
12828 497
12829 519
12830 537
12831 654
12832 570
12833 593
12834 547
12835 695
12836 548
12837 637
12838 631
12839 603
12840 612
12841 751
12842 553
12843 642
12844 620
12845 728
12846 574
12847 695
12848 602
12849 585
12850 738
12851 690
12852 597
12853 648
12854 701
12855 640
12856 737
12857 789
12858 796
12859 701
12860 734
12861 687
12862 815
12863 813
12864 694
12865 838
12866 680
12867 766
12868 684
12869 830
12870 815
12871 788
12872 729
12873 896
12874 819
12875 911
12876 527
12877 521
12878 461
12879 490
12880 459
12881 518
12882 639
12883 15
12884 13
12885 88
12886 27
12887 60
12888 140
12889 27
12890 22
12891 39
12892 99
12893 168
12894 165
12895 48
12896 155
12897 52
12898 178
12899 113
12900 257
12901 72
12902 134
12903 252
12904 204
12905 174
12906 251
12907 179
12908 176
12909 173
12910 243
12911 187
12912 253
12913 147
12914 185
12915 193
12916 304
12917 197
12918 158
12919 188
12920 359
12921 264
12922 237
12923 215
12924 190
12925 252
12926 365
12927 202
12928 358
12929 279
12930 361
12931 305
12932 353
12933 279
12934 360
12935 205
12936 274
12937 400
12938 335
12939 356
12940 282
12941 377
12942 243
12943 248
12944 275
12945 360
12946 260
12947 430
12948 433
12949 419
12950 354
12951 314
12952 363
12953 299
12954 321
12955 345
12956 419
12957 385
12958 329
12959 426
12960 323
12961 357
12962 366
12963 478
12964 403
12965 376
12966 427
12967 546
12968 363
12969 388
12970 372
12971 422
12972 418
12973 410
12974 413
12975 416
12976 420
12977 413
12978 565
12979 541
12980 535
12981 476
12982 560
12983 478
12984 602
12985 573
12986 517
12987 491
12988 575
12989 557
12990 668
12991 518
12992 632
12993 537
12994 346
12995 435
12996 446
12997 536
12998 504
12999 466
13000 414
13001 419
13002 394
13003 474
13004 502
13005 518
13006 393
13007 423
13008 526
13009 396
13010 379
13011 299
13012 327
13013 432
13014 308
13015 453
13016 365
13017 378
13018 466
13019 507
13020 433
13021 356
13022 352
13023 489
13024 477
13025 370
13026 432
13027 427
13028 360
13029 559
13030 397
13031 561
13032 441
13033 496
13034 444
13035 531
13036 344
13037 374
13038 458
13039 452
13040 541
13041 444
13042 403
13043 503
13044 550
13045 437
13046 506
13047 564
13048 503
13049 504
13050 532
13051 433
13052 535
13053 602
13054 472
13055 469
13056 572
13057 500
13058 590
13059 585
13060 523
13061 632
13062 526
13063 511
13064 629
13065 479
13066 477
13067 649
13068 600
13069 593
13070 501
13071 500
13072 591
13073 604
13074 561
13075 505
13076 536
13077 612
13078 531
13079 531
13080 586
13081 586
13082 611
13083 637
13084 604
13085 673
13086 586
13087 560
13088 747
13089 568
13090 672
13091 628
13092 730
13093 471
13094 491
13095 349
13096 425
13097 328
13098 345
13099 517
13100 405
13101 388
13102 427
13103 415
13104 533
13105 437
13106 516
13107 548
13108 399
13109 466
13110 544
13111 467
13112 522
13113 511
13114 479
13115 562
13116 483
13117 564
13118 577
13119 598
13120 498
13121 514
13122 482
13123 557
13124 458
13125 622
13126 462
13127 491
13128 540
13129 488
13130 572
13131 473
13132 631
13133 625
13134 680
13135 564
13136 632
13137 618
13138 707
13139 710
13140 599
13141 633
13142 537
13143 566
13144 698
13145 480
13146 605
13147 627
13148 632
13149 542
13150 501
13151 543
13152 450
13153 548
13154 399
13155 394
13156 428
13157 576
13158 586
13159 583
13160 426
13161 431
13162 574
13163 455
13164 569
13165 509
13166 536
13167 553
13168 536
13169 410
13170 432
13171 539
13172 575
13173 421
13174 539
13175 430
13176 498
13177 475
13178 536
13179 511
13180 612
13181 540
13182 644
13183 650
13184 460
13185 556
13186 436
13187 431
13188 475
13189 501
13190 450
13191 588
13192 568
13193 595
13194 618
13195 535
13196 526
13197 596
13198 596
13199 633
13200 618
13201 576
13202 491
13203 531
13204 618
13205 397
13206 359
13207 430
13208 361
13209 477
13210 541
13211 397
13212 470
13213 508
13214 517
13215 551
13216 537
13217 479
13218 504
13219 431
13220 596
13221 585
13222 466
13223 581
13224 532
13225 573
13226 460
13227 531
13228 519
13229 589
13230 659
13231 583
13232 627
13233 585
13234 594
13235 671
13236 638
13237 545
13238 440
13239 563
13240 432
13241 427
13242 345
13243 307
13244 330
13245 346
13246 401
13247 310
13248 316
13249 361
13250 377
13251 371
13252 385
13253 393
13254 323
13255 474
13256 352
13257 307
13258 471
13259 377
13260 353
13261 478
13262 348
13263 411
13264 428
13265 381
13266 412
13267 454
13268 426
13269 479
13270 565
13271 412
13272 488
13273 409
13274 546
13275 528
13276 439
13277 485
13278 465
13279 591
13280 518
13281 467
13282 541
13283 483
13284 629
13285 635
13286 549
13287 644
13288 575
13289 517
13290 479
13291 520
13292 454
13293 395
13294 458
13295 490
13296 283
13297 283
13298 223
13299 189
13300 235
13301 181
13302 138
13303 122
13304 160
13305 198
13306 101
13307 171
13308 200
13309 230
13310 268
13311 211
13312 128
13313 221
13314 268
13315 219
13316 229
13317 172
13318 147
13319 199
13320 269
13321 195
13322 259
13323 263
13324 202
13325 256
13326 324
13327 338
13328 316
13329 397
13330 292
13331 371
13332 259
13333 371
13334 340
13335 330
13336 251
13337 379
13338 432
13339 440
13340 358
13341 383
13342 369
13343 260
13344 237
13345 267
13346 302
13347 339
13348 343
13349 431
13350 359
13351 311
13352 389
13353 454
13354 470
13355 418
13356 315
13357 511
13358 497
13359 378
13360 409
13361 474
13362 444
13363 462
13364 502
13365 516
13366 418
13367 379
13368 435
13369 565
13370 535
13371 563
13372 505
13373 498
13374 586
13375 524
13376 468
13377 458
13378 461
13379 548
13380 459
13381 650
13382 458
13383 540
13384 584
13385 419
13386 281
13387 378
13388 356
13389 372
13390 359
13391 340
13392 456
13393 398
13394 518
13395 471
13396 486
13397 430
13398 494
13399 393
13400 513
13401 400
13402 446
13403 564
13404 545
13405 537
13406 489
13407 505
13408 594
13409 521
13410 515
13411 482
13412 500
13413 469
13414 624
13415 544
13416 512
13417 624
13418 577
13419 604
13420 602
13421 607
13422 590
13423 605
13424 511
13425 510
13426 553
13427 671
13428 710
13429 668
13430 634
13431 425
13432 508
13433 483
13434 528
13435 518
13436 341
13437 237
13438 296
13439 294
13440 254
13441 336
13442 389
13443 237
13444 286
13445 426
13446 388
13447 321
13448 376
13449 347
13450 361
13451 284
13452 378
13453 421
13454 367
13455 402
13456 357
13457 446
13458 402
13459 297
13460 304
13461 312
13462 306
13463 361
13464 374
13465 269
13466 395
13467 442
13468 383
13469 423
13470 378
13471 368
13472 298
13473 388
13474 458
13475 363
13476 382
13477 328
13478 384
13479 380
13480 424
13481 475
13482 355
13483 441
13484 537
13485 455
13486 455
13487 426
13488 491
13489 473
13490 476
13491 599
13492 519
13493 570
13494 509
13495 512
13496 545
13497 501
13498 459
13499 460
13500 524
13501 450
13502 537
13503 508
13504 473
13505 645
13506 540
13507 530
13508 631
13509 660
13510 679
13511 547
13512 535
13513 525
13514 554
13515 581
13516 644
13517 564
13518 507
13519 547
13520 600
13521 532
13522 521
13523 560
13524 661
13525 632
13526 647
13527 611
13528 590
13529 605
13530 582
13531 591
13532 529
13533 573
13534 438
13535 569
13536 623
13537 537
13538 409
13539 360
13540 390
13541 472
13542 540
13543 416
13544 474
13545 573
13546 413
13547 585
13548 446
13549 549
13550 594
13551 460
13552 529
13553 469
13554 619
13555 549
13556 470
13557 505
13558 576
13559 561
13560 661
13561 680
13562 596
13563 530
13564 595
13565 617
13566 575
13567 601
13568 529
13569 553
13570 624
13571 554
13572 621
13573 704
13574 412
13575 568
13576 539
13577 433
13578 565
13579 475
13580 461
13581 500
13582 454
13583 595
13584 448
13585 461
13586 604
13587 590
13588 534
13589 576
13590 579
13591 493
13592 637
13593 505
13594 367
13595 445
13596 494
13597 493
13598 354
13599 481
13600 374
13601 499
13602 349
13603 400
13604 353
13605 359
13606 400
13607 385
13608 375
13609 401
13610 449
13611 407
13612 420
13613 514
13614 537
13615 511
13616 554
13617 349
13618 515
13619 352
13620 454
13621 394
13622 427
13623 502
13624 417
13625 438
13626 445
13627 384
13628 533
13629 541
13630 400
13631 462
13632 241
13633 376
13634 376
13635 405
13636 326
13637 319
13638 351
13639 433
13640 333
13641 317
13642 459
13643 430
13644 417
13645 478
13646 384
13647 410
13648 441
13649 506
13650 512
13651 358
13652 447
13653 373
13654 533
13655 368
13656 403
13657 531
13658 528
13659 515
13660 438
13661 521
13662 506
13663 495
13664 496
13665 415
13666 505
13667 607
13668 469
13669 449
13670 556
13671 429
13672 495
13673 262
13674 197
13675 170
13676 109
13677 281
13678 247
13679 168
13680 128
13681 277
13682 206
13683 190
13684 138
13685 244
13686 293
13687 168
13688 260
13689 235
13690 262
13691 276
13692 302
13693 302
13694 289
13695 303
13696 303
13697 370
13698 260
13699 210
13700 395
13701 253
13702 299
13703 327
13704 311
13705 249
13706 305
13707 406
13708 422
13709 447
13710 450
13711 354
13712 323
13713 451
13714 400
13715 382
13716 479
13717 347
13718 352
13719 372
13720 348
13721 338
13722 514
13723 450
13724 378
13725 441
13726 497
13727 509
13728 429
13729 551
13730 445
13731 484
13732 542
13733 458
13734 513
13735 495
13736 428
13737 542
13738 549
13739 570
13740 529
13741 551
13742 592
13743 614
13744 595
13745 634
13746 615
13747 464
13748 639
13749 639
13750 595
13751 332
13752 346
13753 348
13754 416
13755 329
13756 384
13757 335
13758 379
13759 460
13760 464
13761 455
13762 511
13763 559
13764 534
13765 362
13766 368
13767 517
13768 378
13769 550
13770 571
13771 421
13772 451
13773 437
13774 489
13775 499
13776 444
13777 548
13778 425
13779 556
13780 465
13781 515
13782 499
13783 525
13784 555
13785 661
13786 596
13787 608
13788 655
13789 536
13790 528
13791 404
13792 448
13793 503
13794 556
13795 510
13796 449
13797 572
13798 503
13799 546
13800 575
13801 453
13802 511
13803 439
13804 440
13805 634
13806 642
13807 595
13808 636
13809 529
13810 528
13811 617
13812 619
13813 508
13814 553
13815 516
13816 598
13817 605
13818 652
13819 676
13820 583
13821 596
13822 566
13823 643
13824 658
13825 540
13826 622
13827 571
13828 561
13829 579
13830 578
13831 639
13832 646
13833 765
13834 739
13835 679
13836 704
13837 661
13838 667
13839 694
13840 739
13841 800
13842 759
13843 735
13844 778
13845 717
13846 730
13847 659
13848 782
13849 726
13850 811
13851 801
13852 689
13853 815
13854 876
13855 285
13856 386
13857 392
13858 414
13859 378
13860 469
13861 338
13862 481
13863 333
13864 470
13865 506
13866 427
13867 489
13868 472
13869 523
13870 512
13871 458
13872 356
13873 368
13874 506
13875 460
13876 379
13877 524
13878 516
13879 559
13880 391
13881 475
13882 585
13883 518
13884 565
13885 468
13886 456
13887 563
13888 388
13889 499
13890 474
13891 512
13892 493
13893 433
13894 499
13895 318
13896 440
13897 416
13898 396
13899 510
13900 481
13901 448
13902 456
13903 499
13904 478
13905 553
13906 505
13907 488
13908 443
13909 418
13910 401
13911 422
13912 418
13913 474
13914 453
13915 418
13916 512
13917 587
13918 446
13919 554
13920 539
13921 614
13922 462
13923 652
13924 504
13925 486
13926 536
13927 672
13928 686
13929 499
13930 686
13931 518
13932 527
13933 695
13934 656
13935 621
13936 731
13937 555
13938 607
13939 660
13940 606
13941 578
13942 629
13943 658
13944 624
13945 657
13946 431
13947 433
13948 494
13949 602
13950 544
13951 463
13952 589
13953 548
13954 484
13955 625
13956 500
13957 612
13958 359
13959 372
13960 451
13961 488
13962 395
13963 448
13964 545
13965 537
13966 523
13967 542
13968 587
13969 411
13970 584
13971 459
13972 482
13973 492
13974 489
13975 485
13976 591
13977 506
13978 575
13979 611
13980 624
13981 652
13982 442
13983 499
13984 417
13985 486
13986 571
13987 423
13988 485
13989 564
13990 584
13991 542
13992 595
13993 579
13994 488
13995 555
13996 531
13997 504
13998 529
13999 473
14000 532
14001 492
14002 666
14003 575
14004 536
14005 500
14006 686
14007 643
14008 586
14009 683
14010 693
14011 670
14012 676
14013 569
14014 572
14015 560
14016 710
14017 563
14018 563
14019 496
14020 540
14021 421
14022 475
14023 570
14024 566
14025 410
14026 440
14027 440
14028 589
14029 550
14030 625
14031 457
14032 484
14033 538
14034 518
14035 567
14036 520
14037 671
14038 522
14039 645
14040 685
14041 620
14042 602
14043 618
14044 619
14045 626
14046 645
14047 645
14048 715
14049 725
14050 617
14051 726
14052 565
14053 732
14054 419
14055 517
14056 367
14057 424
14058 355
14059 547
14060 506
14061 425
14062 402
14063 439
14064 411
14065 426
14066 418
14067 525
14068 557
14069 414
14070 459
14071 451
14072 421
14073 515
14074 556
14075 444
14076 493
14077 611
14078 624
14079 569
14080 567
14081 656
14082 562
14083 667
14084 582
14085 629
14086 609
14087 592
14088 684
14089 675
14090 702
14091 579
14092 508
14093 646
14094 518
14095 492
14096 604
14097 465
14098 476
14099 465
14100 539
14101 528
14102 556
14103 645
14104 634
14105 519
14106 556
14107 643
14108 575
14109 670
14110 613
14111 666
14112 522
14113 645
14114 559
14115 570
14116 676
14117 565
14118 614
14119 583
14120 459
14121 465
14122 428
14123 483
14124 456
14125 381
14126 489
14127 562
14128 415
14129 410
14130 595
14131 598
14132 435
14133 586
14134 445
14135 576
14136 455
14137 435
14138 443
14139 574
14140 561
14141 540
14142 502
14143 425
14144 546
14145 629
14146 562
14147 475
14148 545
14149 577
14150 653
14151 599
14152 511
14153 573
14154 661
14155 664
14156 617
14157 596
14158 514
14159 387
14160 399
14161 407
14162 407
14163 540
14164 587
14165 577
14166 482
14167 550
14168 594
14169 522
14170 610
14171 492
14172 494
14173 547
14174 466
14175 630
14176 495
14177 550
14178 599
14179 537
14180 573
14181 667
14182 667
14183 678
14184 569
14185 605
14186 542
14187 561
14188 709
14189 600
14190 569
14191 669
14192 741
14193 596
14194 671
14195 594
14196 654
14197 723
14198 620
14199 677
14200 394
14201 408
14202 416
14203 421
14204 459
14205 487
14206 510
14207 435
14208 512
14209 552
14210 570
14211 598
14212 592
14213 460
14214 622
14215 604
14216 548
14217 488
14218 537
14219 219
14220 334
14221 256
14222 227
14223 377
14224 347
14225 442
14226 260
14227 275
14228 318
14229 432
14230 301
14231 465
14232 361
14233 324
14234 387
14235 452
14236 314
14237 480
14238 322
14239 436
14240 422
14241 458
14242 529
14243 400
14244 450
14245 459
14246 464
14247 535
14248 379
14249 553
14250 426
14251 582
14252 559
14253 512
14254 530
14255 423
14256 530
14257 446
14258 404
14259 528
14260 484
14261 553
14262 534
14263 516
14264 467
14265 408
14266 470
14267 574
14268 592
14269 477
14270 573
14271 519
14272 488
14273 537
14274 626
14275 591
14276 494
14277 505
14278 520
14279 576
14280 615
14281 660
14282 687
14283 488
14284 452
14285 393
14286 528
14287 549
14288 455
14289 571
14290 596
14291 607
14292 492
14293 494
14294 552
14295 513
14296 561
14297 444
14298 447
14299 592
14300 456
14301 551
14302 594
14303 653
14304 315
14305 515
14306 412
14307 344
14308 483
14309 391
14310 495
14311 522
14312 397
14313 410
14314 405
14315 416
14316 421
14317 381
14318 564
14319 511
14320 566
14321 453
14322 457
14323 407
14324 597
14325 543
14326 490
14327 471
14328 494
14329 624
14330 636
14331 646
14332 655
14333 554
14334 220
14335 329
14336 266
14337 365
14338 371
14339 420
14340 305
14341 383
14342 294
14343 384
14344 368
14345 417
14346 390
14347 296
14348 339
14349 287
14350 287
14351 308
14352 282
14353 389
14354 440
14355 367
14356 322
14357 383
14358 344
14359 422
14360 440
14361 357
14362 525
14363 476
14364 367
14365 405
14366 434
14367 565
14368 467
14369 395
14370 579
14371 421
14372 531
14373 529
14374 600
14375 615
14376 543
14377 450
14378 638
14379 558
14380 471
14381 500
14382 583
14383 488
14384 572
14385 555
14386 508
14387 675
14388 518
14389 635
14390 653
14391 507
14392 626
14393 550
14394 691
14395 548
14396 550
14397 553
14398 637
14399 624
14400 593
14401 672
14402 644
14403 672
14404 654
14405 710
14406 630
14407 608
14408 696
14409 638
14410 758
14411 754
14412 742
14413 704
14414 692
14415 666
14416 422
14417 557
14418 584
14419 537
14420 593
14421 567
14422 658
14423 641
14424 482
14425 583
14426 638
14427 608
14428 572
14429 665
14430 556
14431 690
14432 691
14433 557
14434 629
14435 583
14436 586
14437 575
14438 569
14439 559
14440 447
14441 525
14442 553
14443 647
14444 637
14445 533
14446 583
14447 625
14448 644
14449 539
14450 543
14451 524
14452 635
14453 512
14454 560
14455 698
14456 518
14457 682
14458 603
14459 551
14460 550
14461 607
14462 686
14463 724
14464 632
14465 745
14466 590
14467 702
14468 776
14469 702
14470 602
14471 646
14472 366
14473 396
14474 496
14475 487
14476 358
14477 491
14478 348
14479 440
14480 456
14481 461
14482 462
14483 488
14484 453
14485 404
14486 454
14487 415
14488 490
14489 596
14490 480
14491 578
14492 433
14493 457
14494 473
14495 493
14496 553
14497 578
14498 531
14499 547
14500 623
14501 532
14502 612
14503 513
14504 507
14505 584
14506 598
14507 553
14508 692
14509 584
14510 459
14511 368
14512 415
14513 475
14514 356
14515 474
14516 501
14517 398
14518 369
14519 443
14520 513
14521 573
14522 491
14523 416
14524 543
14525 541
14526 514
14527 472
14528 545
14529 344
14530 427
14531 280
14532 302
14533 283
14534 485
14535 399
14536 465
14537 315
14538 455
14539 467
14540 412
14541 492
14542 498
14543 352
14544 396
14545 358
14546 467
14547 497
14548 481
14549 481
14550 555
14551 411
14552 485
14553 542
14554 492
14555 569
14556 486
14557 524
14558 434
14559 591
14560 511
14561 488
14562 557
14563 512
14564 568
14565 546
14566 502
14567 597
14568 528
14569 477
14570 466
14571 575
14572 521
14573 477
14574 384
14575 384
14576 323
14577 465
14578 343
14579 440
14580 379
14581 410
14582 489
14583 394
14584 366
14585 453
14586 497
14587 417
14588 539
14589 552
14590 520
14591 513
14592 497
14593 503
14594 544
14595 461
14596 339
14597 390
14598 496
14599 359
14600 433
14601 523
14602 478
14603 372
14604 419
14605 499
14606 471
14607 369
14608 469
14609 547
14610 461
14611 538
14612 474
14613 472
14614 400
14615 407
14616 431
14617 549
14618 489
14619 438
14620 488
14621 444
14622 470
14623 512
14624 473
14625 638
14626 509
14627 474
14628 607
14629 486
14630 621
14631 660
14632 579
14633 566
14634 517
14635 478
14636 476
14637 632
14638 526
14639 557
14640 652
14641 502
14642 675
14643 686
14644 616
14645 597
14646 700
14647 624
14648 561
14649 589
14650 572
14651 643
14652 616
14653 679
14654 569
14655 765
14656 594
14657 652
14658 681
14659 623
14660 528
14661 660
14662 634
14663 593
14664 584
14665 682
14666 540
14667 549
14668 589
14669 727
14670 701
14671 538
14672 529
14673 431
14674 240
14675 303
14676 366
14677 181
14678 324
14679 313
14680 371
14681 261
14682 349
14683 226
14684 305
14685 255
14686 422
14687 314
14688 435
14689 371
14690 318
14691 301
14692 324
14693 432
14694 446
14695 445
14696 466
14697 291
14698 484
14699 293
14700 363
14701 435
14702 357
14703 396
14704 427
14705 343
14706 474
14707 379
14708 410
14709 371
14710 373
14711 548
14712 473
14713 406
14714 560
14715 427
14716 583
14717 584
14718 549
14719 520
14720 422
14721 551
14722 462
14723 490
14724 506
14725 637
14726 653
14727 538
14728 633
14729 490
14730 669
14731 591
14732 498
14733 604
14734 510
14735 663
14736 707
14737 534
14738 644
14739 619
14740 659
14741 647
14742 678
14743 669
14744 659
14745 614
14746 575
14747 652
14748 318
14749 313
14750 365
14751 333
14752 408
14753 349
14754 478
14755 523
14756 366
14757 500
14758 524
14759 409
14760 478
14761 408
14762 558
14763 554
14764 426
14765 444
14766 527
14767 420
14768 483
14769 508
14770 606
14771 629
14772 471
14773 520
14774 514
14775 646
14776 590
14777 546
14778 672
14779 603
14780 536
14781 666
14782 594
14783 665
14784 675
14785 639
14786 578
14787 582
14788 694
14789 614
14790 653
14791 735
14792 575
14793 659
14794 727
14795 616
14796 672
14797 652
14798 610
14799 637
14800 702
14801 720
14802 830
14803 755
14804 840
14805 806
14806 718
14807 671
14808 828
14809 725
14810 789
14811 786
14812 852
14813 814
14814 489
14815 453
14816 466
14817 499
14818 510
14819 588
14820 615
14821 553
14822 441
14823 508
14824 642
14825 448
14826 363
14827 448
14828 498
14829 353
14830 372
14831 365
14832 507
14833 437
14834 394
14835 464
14836 449
14837 363
14838 390
14839 460
14840 519
14841 511
14842 528
14843 464
14844 554
14845 487
14846 544
14847 441
14848 509
14849 404
14850 531
14851 599
14852 594
14853 602
14854 464
14855 536
14856 501
14857 442
14858 441
14859 540
14860 432
14861 465
14862 509
14863 387
14864 367
14865 408
14866 413
14867 480
14868 382
14869 336
14870 443
14871 414
14872 486
14873 385
14874 405
14875 390
14876 447
14877 453
14878 465
14879 517
14880 518
14881 519
14882 525
14883 487
14884 422
14885 450
14886 384
14887 555
14888 448
14889 546
14890 544
14891 571
14892 523
14893 492
14894 486
14895 534
14896 467
14897 621
14898 484
14899 551
14900 469
14901 613
14902 637
14903 474
14904 636
14905 539
14906 521
14907 565
14908 502
14909 557
14910 547
14911 599
14912 712
14913 594
14914 539
14915 685
14916 545
14917 601
14918 697
14919 613
14920 604
14921 534
14922 417
14923 425
14924 386
14925 450
14926 493
14927 554
14928 396
14929 596
14930 419
14931 539
14932 452
14933 600
14934 510
14935 485
14936 478
14937 602
14938 605
14939 635
14940 487
14941 589
14942 619
14943 549
14944 484
14945 543
14946 511
14947 571
14948 554
14949 683
14950 567
14951 506
14952 521
14953 540
14954 712
14955 376
14956 496
14957 427
14958 398
14959 364
14960 404
14961 431
14962 510
14963 437
14964 481
14965 407
14966 512
14967 485
14968 409
14969 442
14970 416
14971 495
14972 602
14973 499
14974 544
14975 432
14976 582
14977 629
14978 475
14979 558
14980 622
14981 598
14982 532
14983 597
14984 565
14985 483
14986 484
14987 566
14988 254
14989 96
14990 200
14991 207
14992 129
14993 185
14994 183
14995 292
14996 159
14997 311
14998 155
14999 184
15000 152
15001 215
15002 335
15003 306
15004 180
15005 326
15006 238
15007 324
15008 270
15009 215
15010 298
15011 387
15012 311
15013 334
15014 368
15015 303
15016 262
15017 247
15018 309
15019 334
15020 385
15021 435
15022 272
15023 358
15024 412
15025 403
15026 289
15027 447
15028 435
15029 339
15030 339
15031 389
15032 400
15033 360
15034 379
15035 422
15036 547
15037 545
15038 473
15039 372
15040 404
15041 350
15042 328
15043 372
15044 271
15045 415
15046 407
15047 439
15048 318
15049 435
15050 366
15051 425
15052 347
15053 369
15054 359
15055 408
15056 354
15057 470
15058 329
15059 386
15060 379
15061 389
15062 477
15063 444
15064 503
15065 368
15066 528
15067 541
15068 544
15069 376
15070 434
15071 499
15072 435
15073 506
15074 396
15075 561
15076 420
15077 517
15078 517
15079 538
15080 608
15081 506
15082 551
15083 523
15084 477
15085 542
15086 614
15087 570
15088 530
15089 672
15090 511
15091 587
15092 532
15093 639
15094 188
15095 330
15096 241
15097 283
15098 205
15099 264
15100 391
15101 396
15102 305
15103 236
15104 253
15105 270
15106 355
15107 267
15108 446
15109 322
15110 322
15111 444
15112 341
15113 448
15114 391
15115 472
15116 358
15117 307
15118 392
15119 326
15120 382
15121 346
15122 370
15123 521
15124 337
15125 435
15126 415
15127 407
15128 372
15129 426
15130 570
15131 466
15132 515
15133 482
15134 570
15135 442
15136 476
15137 495
15138 523
15139 530
15140 501
15141 590
15142 555
15143 596
15144 526
15145 446
15146 469
15147 430
15148 392
15149 402
15150 386
15151 474
15152 562
15153 418
15154 459
15155 526
15156 487
15157 318
15158 322
15159 341
15160 349
15161 380
15162 409
15163 513
15164 374
15165 370
15166 307
15167 423
15168 374
15169 362
15170 480
15171 464
15172 507
15173 482
15174 420
15175 443
15176 520
15177 465
15178 419
15179 388
15180 549
15181 398
15182 421
15183 473
15184 555
15185 527
15186 520
15187 423
15188 617
15189 479
15190 555
15191 455
15192 561
15193 548
15194 616
15195 458
15196 365
15197 414
15198 512
15199 361
15200 513
15201 479
15202 500
15203 436
15204 531
15205 550
15206 535
15207 467
15208 528
15209 403
15210 508
15211 521
15212 560
15213 468
15214 466
15215 440
15216 571
15217 500
15218 590
15219 554
15220 487
15221 625
15222 445
15223 561
15224 575
15225 506
15226 590
15227 642
15228 472
15229 628
15230 507
15231 602
15232 538
15233 688
15234 596
15235 642
15236 643
15237 600
15238 420
15239 441
15240 284
15241 433
15242 427
15243 406
15244 455
15245 370
15246 341
15247 313
15248 494
15249 342
15250 364
15251 387
15252 439
15253 452
15254 499
15255 447
15256 477
15257 456
15258 464
15259 455
15260 431
15261 416
15262 399
15263 489
15264 417
15265 407
15266 591
15267 465
15268 504
15269 559
15270 450
15271 579
15272 533
15273 555
15274 521
15275 542
15276 477
15277 651
15278 542
15279 529
15280 528
15281 594
15282 619
15283 681
15284 520
15285 674
15286 617
15287 537
15288 671
15289 680
15290 573
15291 557
15292 576
15293 569
15294 617
15295 500
15296 440
15297 531
15298 526
15299 455
15300 430
15301 446
15302 493
15303 508
15304 414
15305 311
15306 409
15307 345
15308 495
15309 507
15310 497
15311 475
15312 389
15313 517
15314 432
15315 430
15316 504
15317 326
15318 411
15319 350
15320 351
15321 349
15322 364
15323 281
15324 294
15325 399
15326 318
15327 348
15328 334
15329 330
15330 468
15331 435
15332 433
15333 410
15334 378
15335 500
15336 311
15337 395
15338 311
15339 340
15340 355
15341 251
15342 343
15343 392
15344 272
15345 359
15346 258
15347 443
15348 335
15349 289
15350 459
15351 415
15352 449
15353 468
15354 307
15355 451
15356 369
15357 410
15358 403
15359 399
15360 465
15361 500
15362 455
15363 397
15364 355
15365 533
15366 448
15367 547
15368 519
15369 449
15370 391
15371 513
15372 579
15373 530
15374 600
15375 464
15376 567
15377 469
15378 435
15379 528
15380 443
15381 493
15382 636
15383 611
15384 450
15385 453
15386 464
15387 518
15388 621
15389 317
15390 322
15391 359
15392 321
15393 404
15394 327
15395 455
15396 337
15397 374
15398 357
15399 433
15400 269
15401 393
15402 371
15403 357
15404 328
15405 396
15406 426
15407 285
15408 472
15409 459
15410 456
15411 327
15412 373
15413 402
15414 488
15415 490
15416 519
15417 291
15418 377
15419 399
15420 279
15421 225
15422 367
15423 307
15424 385
15425 407
15426 422
15427 279
15428 314
15429 422
15430 451
15431 372
15432 446
15433 350
15434 452
15435 497
15436 387
15437 352
15438 453
15439 450
15440 349
15441 352
15442 419
15443 382
15444 359
15445 456
15446 387
15447 406
15448 527
15449 555
15450 468
15451 554
15452 471
15453 476
15454 591
15455 459
15456 439
15457 560
15458 380
15459 340
15460 390
15461 438
15462 437
15463 388
15464 507
15465 373
15466 326
15467 339
15468 424
15469 530
15470 409
15471 373
15472 493
15473 532
15474 493
15475 500
15476 532
15477 388
15478 440
15479 579
15480 521
15481 606
15482 511
15483 631
15484 563
15485 481
15486 553
15487 507
15488 571
15489 509
15490 566
15491 615
15492 701
15493 694
15494 631
15495 661
15496 635
15497 681
15498 668
15499 742
15500 632
15501 595
15502 742
15503 758
15504 745
15505 360
15506 489
15507 412
15508 324
15509 346
15510 440
15511 469
15512 487
15513 392
15514 406
15515 414
15516 378
15517 553
15518 402
15519 418
15520 541
15521 475
15522 491
15523 599
15524 559
15525 503
15526 536
15527 453
15528 623
15529 566
15530 480
15531 563
15532 535
15533 635
15534 581
15535 556
15536 631
15537 498
15538 575
15539 593
15540 652
15541 536
15542 521
15543 719
15544 694
15545 557
15546 451
15547 509
15548 458
15549 460
15550 457
15551 519
15552 504
15553 449
15554 451
15555 487
15556 584
15557 445
15558 532
15559 435
15560 582
15561 214
15562 189
15563 197
15564 202
15565 362
15566 247
15567 322
15568 253
15569 403
15570 394
15571 310
15572 342
15573 347
15574 400
15575 367
15576 364
15577 420
15578 317
15579 398
15580 369
15581 315
15582 318
15583 412
15584 345
15585 310
15586 395
15587 346
15588 510
15589 355
15590 532
15591 470
15592 370
15593 363
15594 488
15595 498
15596 490
15597 498
15598 431
15599 508
15600 404
15601 559
15602 591
15603 490
15604 550
15605 642
15606 545
15607 510
15608 555
15609 610
15610 594
15611 528
15612 648
15613 559
15614 633
15615 452
15616 364
15617 511
15618 443
15619 532
15620 434
15621 383
15622 412
15623 481
15624 502
15625 418
15626 481
15627 478
15628 552
15629 574
15630 301
15631 407
15632 273
15633 340
15634 421
15635 367
15636 98
15637 140
15638 154
15639 191
15640 291
15641 190
15642 195
15643 219
15644 231
15645 330
15646 237
15647 209
15648 212
15649 274
15650 227
15651 236
15652 238
15653 209
15654 252
15655 328
15656 222
15657 393
15658 374
15659 384
15660 373
15661 398
15662 416
15663 376
15664 362
15665 377
15666 327
15667 275
15668 352
15669 430
15670 405
15671 344
15672 405
15673 486
15674 387
15675 334
15676 503
15677 331
15678 463
15679 480
15680 347
15681 470
15682 420
15683 548
15684 495
15685 538
15686 376
15687 513
15688 539
15689 442
15690 556
15691 586
15692 595
15693 429
15694 604
15695 527
15696 428
15697 592
15698 580
15699 556
15700 485
15701 589
15702 477
15703 580
15704 564
15705 584
15706 663
15707 524
15708 622
15709 525
15710 546
15711 568
15712 601
15713 705
15714 597
15715 659
15716 664
15717 579
15718 621
15719 663
15720 696
15721 747
15722 618
15723 755
15724 693
15725 678
15726 666
15727 615
15728 657
15729 669
15730 645
15731 721
15732 487
15733 512
15734 518
15735 563
15736 541
15737 551
15738 505
15739 366
15740 362
15741 436
15742 507
15743 374
15744 492
15745 478
15746 453
15747 301
15748 235
15749 311
15750 399
15751 314
15752 401
15753 291
15754 425
15755 265
15756 405
15757 437
15758 285
15759 439
15760 331
15761 352
15762 378
15763 423
15764 473
15765 413
15766 321
15767 479
15768 432
15769 425
15770 484
15771 396
15772 500
15773 440
15774 372
15775 543
15776 424
15777 475
15778 590
15779 463
15780 544
15781 509
15782 584
15783 529
15784 464
15785 258
15786 364
15787 256
15788 269
15789 375
15790 250
15791 249
15792 335
15793 323
15794 260
15795 255
15796 264
15797 421
15798 375
15799 456
15800 350
15801 473
15802 378
15803 421
15804 402
15805 440
15806 402
15807 374
15808 366
15809 344
15810 516
15811 440
15812 544
15813 486
15814 498
15815 507
15816 391
15817 479
15818 552
15819 425
15820 225
15821 319
15822 215
15823 371
15824 216
15825 347
15826 304
15827 271
15828 276
15829 311
15830 357
15831 396
15832 439
15833 426
15834 287
15835 323
15836 278
15837 365
15838 444
15839 463
15840 400
15841 311
15842 480
15843 417
15844 334
15845 429
15846 445
15847 482
15848 467
15849 539
15850 425
15851 436
15852 398
15853 374
15854 544
15855 409
15856 573
15857 555
15858 564
15859 500
15860 592
15861 525
15862 564
15863 497
15864 574
15865 466
15866 589
15867 587
15868 468
15869 516
15870 549
15871 470
15872 581
15873 627
15874 678
15875 662
15876 503
15877 682
15878 521
15879 550
15880 508
15881 639
15882 585
15883 626
15884 719
15885 548
15886 646
15887 607
15888 656
15889 715
15890 725
15891 640
15892 613
15893 633
15894 768
15895 598
15896 762
15897 750
15898 640
15899 773
15900 661
15901 694
15902 818
15903 631
15904 529
15905 611
15906 720
15907 554
15908 484
15909 517
15910 514
15911 625
15912 532
15913 628
15914 552
15915 622
15916 656
15917 663
15918 551
15919 625
15920 695
15921 696
15922 562
15923 719
15924 612
15925 591
15926 640
15927 674
15928 643
15929 629
15930 607
15931 596
15932 645
15933 516
15934 572
15935 522
15936 597
15937 499
15938 632
15939 565
15940 317
15941 447
15942 500
15943 349
15944 367
15945 327
15946 343
15947 383
15948 419
15949 519
15950 385
15951 388
15952 425
15953 461
15954 380
15955 446
15956 329
15957 445
15958 357
15959 489
15960 520
15961 464
15962 464
15963 370
15964 549
15965 425
15966 428
15967 382
15968 383
15969 448
15970 474
15971 518
15972 603
15973 602
15974 457
15975 589
15976 602
15977 613
15978 629
15979 445
15980 406
15981 528
15982 524
15983 496
15984 455
15985 543
15986 413
15987 520
15988 524
15989 560
15990 533
15991 571
15992 566
15993 488
15994 482
15995 542
15996 513
15997 510
15998 446
15999 572
16000 497
16001 479
16002 455
16003 458
16004 549
16005 483
16006 592
16007 519
16008 534
16009 555
16010 581
16011 683
16012 609
16013 628
16014 711
16015 551
16016 663
16017 593
16018 633
16019 718
16020 609
16021 572
16022 646
16023 561
16024 692
16025 739
16026 755
16027 630
16028 619
16029 719
16030 720
16031 644
16032 784
16033 447
16034 504
16035 465
16036 470
16037 491
16038 483
16039 445
16040 451
16041 551
16042 523
16043 589
16044 555
16045 641
16046 503
16047 693
16048 582
16049 536
16050 527
16051 460
16052 396
16053 498
16054 460
16055 495
16056 435
16057 566
16058 389
16059 464
16060 502
16061 417
16062 564
16063 479
16064 557
16065 497
16066 515
16067 405
16068 360
16069 521
16070 370
16071 560
16072 511
16073 412
16074 469
16075 433
16076 599
16077 497
16078 453
16079 424
16080 539
16081 553
16082 414
16083 547
16084 515
16085 487
16086 572
16087 578
16088 560
16089 606
16090 477
16091 468
16092 481
16093 643
16094 573
16095 661
16096 624
16097 489
16098 547
16099 502
16100 618
16101 508
16102 301
16103 395
16104 444
16105 375
16106 285
16107 453
16108 461
16109 320
16110 435
16111 469
16112 422
16113 466
16114 374
16115 453
16116 420
16117 508
16118 339
16119 515
16120 443
16121 350
16122 475
16123 364
16124 510
16125 562
16126 386
16127 478
16128 416
16129 456
16130 441
16131 416
16132 377
16133 482
16134 450
16135 319
16136 503
16137 359
16138 429
16139 523
16140 460
16141 426
16142 448
16143 547
16144 412
16145 420
16146 534
16147 547
16148 554
16149 426
16150 510
16151 539
16152 532
16153 528
16154 506
16155 441
16156 511
16157 445
16158 518
16159 329
16160 444
16161 456
16162 452
16163 411
16164 364
16165 444
16166 323
16167 425
16168 296
16169 417
16170 394
16171 337
16172 450
16173 172
16174 326
16175 330
16176 262
16177 197
16178 364
16179 259
16180 349
16181 227
16182 232
16183 288
16184 397
16185 375
16186 404
16187 246
16188 388
16189 406
16190 380
16191 306
16192 275
16193 393
16194 340
16195 344
16196 382
16197 436
16198 372
16199 394
16200 323
16201 348
16202 388
16203 450
16204 400
16205 468
16206 381
16207 483
16208 488
16209 437
16210 347
16211 437
16212 472
16213 430
16214 441
16215 540
16216 406
16217 541
16218 437
16219 475
16220 564
16221 557
16222 527
16223 450
16224 506
16225 561
16226 481
16227 471
16228 559
16229 558
16230 521
16231 532
16232 447
16233 590
16234 520
16235 551
16236 557
16237 469
16238 489
16239 401
16240 490
16241 437
16242 556
16243 512
16244 387
16245 573
16246 590
16247 587
16248 585
16249 557
16250 448
16251 372
16252 381
16253 522
16254 553
16255 494
16256 515
16257 425
16258 428
16259 490
16260 438
16261 640
16262 548
16263 531
16264 473
16265 473
16266 672
16267 500
16268 521
16269 616
16270 677
16271 603
16272 583
16273 679
16274 568
16275 541
16276 447
16277 600
16278 636
16279 595
16280 480
16281 622
16282 644
16283 485
16284 564
16285 667
16286 563
16287 553
16288 528
16289 680
16290 580
16291 574
16292 649
16293 577
16294 621
16295 696
16296 688
16297 625
16298 614
16299 761
16300 679
16301 555
16302 587
16303 634
16304 720
16305 598
16306 727
16307 597
16308 753
16309 665
16310 744
16311 592
16312 539
16313 417
16314 462
16315 526
16316 481
16317 516
16318 558
16319 491
16320 517
16321 470
16322 453
16323 578
16324 569
16325 579
16326 617
16327 650
16328 598
16329 402
16330 320
16331 428
16332 329
16333 519
16334 489
16335 351
16336 354
16337 426
16338 430
16339 359
16340 489
16341 459
16342 412
16343 408
16344 543
16345 538
16346 509
16347 483
16348 489
16349 574
16350 509
16351 574
16352 493
16353 520
16354 610
16355 499
16356 356
16357 368
16358 431
16359 363
16360 390
16361 365
16362 347
16363 384
16364 410
16365 414
16366 496
16367 477
16368 440
16369 522
16370 493
16371 369
16372 390
16373 558
16374 458
16375 439
16376 521
16377 522
16378 450
16379 449
16380 441
16381 452
16382 427
16383 496
16384 566
16385 546
16386 535
16387 517
16388 503
16389 603
16390 579
16391 525
16392 520
16393 627
16394 600
16395 625
16396 532
16397 688
16398 646
16399 713
16400 647
16401 564
16402 578
16403 726
16404 634
16405 571
16406 578
16407 668
16408 701
16409 707
16410 693
16411 740
16412 733
16413 697
16414 696
16415 660
16416 515
16417 552
16418 634
16419 568
16420 425
16421 368
16422 389
16423 351
16424 505
16425 357
16426 495
16427 483
16428 354
16429 348
16430 519
16431 522
16432 462
16433 439
16434 400
16435 558
16436 460
16437 446
16438 487
16439 581
16440 551
16441 609
16442 448
16443 517
16444 464
16445 606
16446 585
16447 471
16448 590
16449 515
16450 466
16451 371
16452 560
16453 376
16454 486
16455 442
16456 479
16457 503
16458 412
16459 571
16460 588
16461 605
16462 588
16463 567
16464 484
16465 464
16466 610
16467 587
16468 504
16469 524
16470 669
16471 676
16472 608
16473 588
16474 557
16475 622
16476 659
16477 521
16478 567
16479 648
16480 601
16481 667
16482 639
16483 645
16484 476
16485 544
16486 503
16487 605
16488 504
16489 615
16490 623
16491 707
16492 626
16493 637
16494 556
16495 571
16496 574
16497 630
16498 695
16499 659
16500 585
16501 589
16502 720
16503 696
16504 648
16505 737
16506 753
16507 664
16508 693
16509 740
16510 700
16511 514
16512 511
16513 497
16514 571
16515 392
16516 432
16517 378
16518 354
16519 330
16520 446
16521 508
16522 409
16523 368
16524 539
16525 486
16526 507
16527 448
16528 496
16529 413
16530 463
16531 458
16532 404
16533 419
16534 548
16535 516
16536 478
16537 548
16538 611
16539 555
16540 626
16541 483
16542 560
16543 475
16544 558
16545 607
16546 339
16547 327
16548 299
16549 199
16550 265
16551 304
16552 304
16553 291
16554 339
16555 362
16556 214
16557 346
16558 297
16559 283
16560 416
16561 274
16562 257
16563 351
16564 302
16565 432
16566 257
16567 306
16568 385
16569 284
16570 447
16571 301
16572 336
16573 444
16574 305
16575 294
16576 402
16577 437
16578 432
16579 356
16580 386
16581 393
16582 331
16583 292
16584 398
16585 418
16586 449
16587 437
16588 397
16589 337
16590 449
16591 513
16592 467
16593 416
16594 506
16595 428
16596 505
16597 388
16598 528
16599 215
16600 266
16601 315
16602 189
16603 256
16604 230
16605 260
16606 198
16607 326
16608 330
16609 306
16610 363
16611 337
16612 367
16613 353
16614 410
16615 296
16616 310
16617 300
16618 413
16619 431
16620 390
16621 330
16622 371
16623 410
16624 327
16625 442
16626 356
16627 477
16628 351
16629 438
16630 519
16631 363
16632 441
16633 448
16634 431
16635 387
16636 364
16637 392
16638 563
16639 526
16640 417
16641 423
16642 387
16643 510
16644 521
16645 319
16646 429
16647 414
16648 394
16649 446
16650 437
16651 405
16652 522
16653 440
16654 464
16655 467
16656 383
16657 527
16658 546
16659 557
16660 580
16661 544
16662 418
16663 443
16664 507
16665 526
16666 517
16667 482
16668 551
16669 435
16670 450
16671 461
16672 471
16673 515
16674 649
16675 464
16676 491
16677 567
16678 612
16679 506
16680 512
16681 546
16682 703
16683 661
16684 581
16685 596
16686 570
16687 576
16688 653
16689 676
16690 718
16691 544
16692 490
16693 528
16694 480
16695 483
16696 559
16697 464
16698 480
16699 528
16700 456
16701 643
16702 586
16703 633
16704 617
16705 620
16706 637
16707 640
16708 530
16709 492
16710 287
16711 365
16712 473
16713 328
16714 314
16715 470
16716 484
16717 325
16718 404
16719 365
16720 486
16721 499
16722 552
16723 496
16724 469
16725 365
16726 412
16727 415
16728 279
16729 353
16730 439
16731 384
16732 180
16733 167
16734 171
16735 144
16736 220
16737 215
16738 250
16739 253
16740 233
16741 323
16742 240
16743 292
16744 196
16745 254
16746 233
16747 217
16748 377
16749 363
16750 314
16751 276
16752 415
16753 349
16754 243
16755 429
16756 244
16757 439
16758 282
16759 302
16760 370
16761 295
16762 288
16763 465
16764 475
16765 488
16766 476
16767 322
16768 464
16769 395
16770 452
16771 322
16772 380
16773 490
16774 385
16775 402
16776 472
16777 456
16778 318
16779 325
16780 375
16781 385
16782 358
16783 360
16784 496
16785 345
16786 400
16787 355
16788 531
16789 438
16790 370
16791 512
16792 566
16793 512
16794 519
16795 385
16796 509
16797 510
16798 440
16799 554
16800 521
16801 508
16802 520
16803 437
16804 535
16805 425
16806 464
16807 384
16808 385
16809 417
16810 410
16811 437
16812 487
16813 439
16814 431
16815 464
16816 513
16817 441
16818 612
16819 535
16820 554
16821 542
16822 584
16823 483
16824 281
16825 158
16826 241
16827 220
16828 248
16829 253
16830 223
16831 253
16832 242
16833 141
16834 190
16835 335
16836 279
16837 172
16838 214
16839 277
16840 352
16841 331
16842 294
16843 240
16844 198
16845 303
16846 306
16847 370
16848 336
16849 388
16850 328
16851 260
16852 300
16853 307
16854 336
16855 439
16856 419
16857 349
16858 401
16859 365
16860 321
16861 340
16862 301
16863 493
16864 498
16865 390
16866 332
16867 457
16868 378
16869 480
16870 421
16871 422
16872 510
16873 455
16874 362
16875 440
16876 530
16877 577
16878 571
16879 514
16880 497
16881 579
16882 424
16883 467
16884 431
16885 583
16886 397
16887 534
16888 557
16889 559
16890 573
16891 475
16892 592
16893 604
16894 487
16895 439
16896 472
16897 486
16898 496
16899 627
16900 542
16901 498
16902 547
16903 512
16904 596
16905 626
16906 501
16907 662
16908 678
16909 612
16910 498
16911 470
16912 493
16913 487
16914 516
16915 442
16916 509
16917 542
16918 542
16919 555
16920 583
16921 446
16922 534
16923 598
16924 519
16925 525
16926 555
16927 497
16928 623
16929 659
16930 549
16931 655
16932 508
16933 692
16934 572
16935 680
16936 654
16937 522
16938 601
16939 625
16940 647
16941 669
16942 743
16943 612
16944 683
16945 639
16946 674
16947 642
16948 653
16949 598
16950 771
16951 720
16952 396
16953 493
16954 430
16955 227
16956 282
16957 320
16958 384
16959 348
16960 293
16961 282
16962 452
16963 459
16964 412
16965 350
16966 338
16967 387
16968 454
16969 481
16970 311
16971 437
16972 411
16973 506
16974 391
16975 368
16976 516
16977 514
16978 454
16979 498
16980 526
16981 516
16982 535
16983 469
16984 476
16985 519
16986 472
16987 480
16988 529
16989 524
16990 459
16991 610
16992 485
16993 459
16994 433
16995 625
16996 542
16997 583
16998 529
16999 509
17000 530
17001 529
17002 462
17003 494
17004 454
17005 521
17006 614
17007 531
17008 468
17009 481
17010 611
17011 553
17012 517
17013 593
17014 599
17015 526
17016 616
17017 416
17018 374
17019 482
17020 532
17021 426
17022 381
17023 526
17024 430
17025 523
17026 440
17027 563
17028 527
17029 552
17030 467
17031 550
17032 558
17033 543
17034 561
17035 620
17036 463
17037 442
17038 490
17039 483
17040 520
17041 536
17042 378
17043 389
17044 349
17045 363
17046 468
17047 361
17048 349
17049 422
17050 421
17051 426
17052 430
17053 420
17054 471
17055 445
17056 536
17057 455
17058 385
17059 478
17060 543
17061 437
17062 504
17063 394
17064 555
17065 393
17066 450
17067 527
17068 546
17069 449
17070 461
17071 467
17072 394
17073 437
17074 400
17075 395
17076 406
17077 409
17078 404
17079 471
17080 462
17081 391
17082 492
17083 505
17084 505
17085 544
17086 432
17087 519
17088 463
17089 578
17090 565
17091 590
17092 586
17093 574
17094 550
17095 572
17096 520
17097 625
17098 519
17099 563
17100 503
17101 446
17102 485
17103 587
17104 497
17105 583
17106 585
17107 667
17108 522
17109 532
17110 638
17111 560
17112 599
17113 693
17114 562
17115 359
17116 348
17117 434
17118 522
17119 361
17120 424
17121 524
17122 492
17123 446
17124 494
17125 576
17126 518
17127 452
17128 524
17129 474
17130 488
17131 440
17132 567
17133 631
17134 617
17135 469
17136 428
17137 424
17138 482
17139 425
17140 426
17141 505
17142 448
17143 550
17144 456
17145 406
17146 363
17147 496
17148 516
17149 456
17150 393
17151 522
17152 484
17153 407
17154 495
17155 490
17156 517
17157 522
17158 567
17159 582
17160 487
17161 454
17162 505
17163 442
17164 543
17165 571
17166 455
17167 574
17168 471
17169 531
17170 596
17171 497
17172 554
17173 534
17174 627
17175 483
17176 473
17177 497
17178 539
17179 326
17180 374
17181 371
17182 354
17183 493
17184 485
17185 460
17186 478
17187 425
17188 513
17189 423
17190 514
17191 429
17192 404
17193 482
17194 440
17195 532
17196 501
17197 425
17198 450
17199 531
17200 580
17201 543
17202 476
17203 481
17204 510
17205 582
17206 505
17207 488
17208 490
17209 630
17210 373
17211 233
17212 372
17213 217
17214 218
17215 410
17216 265
17217 422
17218 342
17219 365
17220 363
17221 302
17222 313
17223 327
17224 328
17225 358
17226 465
17227 332
17228 463
17229 423
17230 510
17231 498
17232 363
17233 472
17234 469
17235 374
17236 481
17237 472
17238 481
17239 454
17240 528
17241 510
17242 519
17243 498
17244 589
17245 598
17246 599
17247 451
17248 505
17249 563
17250 626
17251 582
17252 629
17253 602
17254 556
17255 615
17256 529
17257 561
17258 582
17259 502
17260 404
17261 480
17262 433
17263 402
17264 568
17265 449
17266 401
17267 560
17268 530
17269 590
17270 464
17271 480
17272 489
17273 614
17274 573
17275 587
17276 633
17277 539
17278 629
17279 554
17280 564
17281 567
17282 487
17283 652
17284 564
17285 480
17286 679
17287 682
17288 514
17289 631
17290 617
17291 617
17292 529
17293 689
17294 633
17295 621
17296 608
17297 571
17298 587
17299 633
17300 558
17301 633
17302 758
17303 620
17304 652
17305 689
17306 657
17307 462
17308 612
17309 523
17310 539
17311 634
17312 606
17313 557
17314 476
17315 600
17316 668
17317 571
17318 555
17319 665
17320 682
17321 645
17322 710
17323 609
17324 564
17325 570
17326 638
17327 602
17328 692
17329 660
17330 414
17331 543
17332 568
17333 523
17334 400
17335 413
17336 469
17337 570
17338 501
17339 440
17340 538
17341 569
17342 536
17343 492
17344 508
17345 487
17346 307
17347 427
17348 452
17349 374
17350 321
17351 520
17352 464
17353 454
17354 403
17355 516
17356 487
17357 392
17358 479
17359 516
17360 364
17361 529
17362 505
17363 424
17364 561
17365 499
17366 426
17367 552
17368 444
17369 486
17370 513
17371 469
17372 417
17373 404
17374 494
17375 482
17376 595
17377 616
17378 571
17379 443
17380 562
17381 498
17382 604
17383 510
17384 567
17385 509
17386 493
17387 581
17388 631
17389 532
17390 618
17391 513
17392 590
17393 590
17394 603
17395 585
17396 626
17397 497
17398 586
17399 581
17400 551
17401 562
17402 579
17403 662
17404 600
17405 595
17406 578
17407 489
17408 581
17409 474
17410 459
17411 418
17412 491
17413 564
17414 630
17415 608
17416 585
17417 579
17418 597
17419 550
17420 611
17421 501
17422 579
17423 525
17424 526
17425 560
17426 651
17427 583
17428 655
17429 644
17430 594
17431 636
17432 591
17433 566
17434 607
17435 657
17436 582
17437 599
17438 633
17439 456
17440 438
17441 515
17442 456
17443 437
17444 481
17445 413
17446 404
17447 423
17448 459
17449 567
17450 553
17451 470
17452 556
17453 574
17454 539
17455 492
17456 547
17457 485
17458 555
17459 538
17460 608
17461 599
17462 524
17463 523
17464 449
17465 434
17466 485
17467 510
17468 446
17469 508
17470 522
17471 404
17472 458
17473 513
17474 490
17475 424
17476 498
17477 488
17478 410
17479 498
17480 506
17481 501
17482 464
17483 570
17484 493
17485 589
17486 452
17487 394
17488 429
17489 593
17490 465
17491 289
17492 465
17493 352
17494 370
17495 432
17496 402
17497 466
17498 440
17499 415
17500 370
17501 460
17502 442
17503 454
17504 424
17505 204
17506 351
17507 293
17508 354
17509 363
17510 218
17511 363
17512 359
17513 199
17514 295
17515 370
17516 367
17517 389
17518 228
17519 392
17520 248
17521 372
17522 242
17523 371
17524 243
17525 299
17526 333
17527 361
17528 425
17529 377
17530 276
17531 369
17532 343
17533 403
17534 308
17535 320
17536 413
17537 480
17538 377
17539 358
17540 395
17541 350
17542 331
17543 464
17544 343
17545 467
17546 363
17547 459
17548 458
17549 452
17550 421
17551 570
17552 529
17553 442
17554 465
17555 528
17556 499
17557 444
17558 540
17559 580
17560 606
17561 518
17562 561
17563 501
17564 489
17565 591
17566 556
17567 630
17568 614
17569 484
17570 570
17571 598
17572 595
17573 558
17574 623
17575 524
17576 553
17577 564
17578 669
17579 544
17580 664
17581 690
17582 628
17583 688
17584 659
17585 628
17586 673
17587 676
17588 603
17589 531
17590 456
17591 547
17592 482
17593 472
17594 436
17595 303
17596 236
17597 248
17598 320
17599 252
17600 321
17601 291
17602 287
17603 248
17604 303
17605 360
17606 378
17607 289
17608 354
17609 388
17610 363
17611 308
17612 286
17613 352
17614 456
17615 474
17616 434
17617 492
17618 427
17619 443
17620 428
17621 402
17622 498
17623 318
17624 335
17625 337
17626 461
17627 338
17628 524
17629 426
17630 459
17631 502
17632 441
17633 371
17634 579
17635 540
17636 564
17637 412
17638 551
17639 606
17640 555
17641 471
17642 450
17643 433
17644 513
17645 582
17646 589
17647 619
17648 641
17649 499
17650 503
17651 497
17652 633
17653 555
17654 544
17655 660
17656 563
17657 649
17658 626
17659 712
17660 649
17661 670
17662 676
17663 504
17664 441
17665 487
17666 450
17667 469
17668 375
17669 446
17670 518
17671 530
17672 552
17673 456
17674 535
17675 462
17676 599
17677 617
17678 462
17679 500
17680 469
17681 566
17682 551
17683 493
17684 547
17685 572
17686 631
17687 488
17688 543
17689 549
17690 640
17691 634
17692 479
17693 476
17694 668
17695 572
17696 509
17697 511
17698 696
17699 517
17700 706
17701 698
17702 615
17703 554
17704 718
17705 645
17706 635
17707 615
17708 648
17709 753
17710 727
17711 629
17712 707
17713 648
17714 785
17715 771
17716 696
17717 598
17718 766
17719 748
17720 794
17721 684
17722 706
17723 747
17724 798
17725 821
17726 659
17727 694
17728 700
17729 807
17730 855
17731 759
17732 442
17733 317
17734 396
17735 337
17736 401
17737 472
17738 299
17739 418
17740 366
17741 409
17742 499
17743 422
17744 424
17745 401
17746 503
17747 397
17748 367
17749 480
17750 368
17751 434
17752 489
17753 532
17754 495
17755 539
17756 564
17757 513
17758 423
17759 571
17760 523
17761 511
17762 548
17763 542
17764 472
17765 530
17766 571
17767 630
17768 590
17769 534
17770 513
17771 656
17772 549
17773 571
17774 530
17775 624
17776 277
17777 321
17778 277
17779 281
17780 389
17781 325
17782 243
17783 401
17784 369
17785 254
17786 320
17787 293
17788 383
17789 318
17790 411
17791 293
17792 315
17793 413
17794 383
17795 429
17796 374
17797 394
17798 474
17799 374
17800 268
17801 243
17802 344
17803 231
17804 266
17805 331
17806 258
17807 288
17808 320
17809 337
17810 352
17811 275
17812 294
17813 262
17814 293
17815 292
17816 372
17817 424
17818 356
17819 409
17820 461
17821 303
17822 319
17823 326
17824 300
17825 361
17826 505
17827 406
17828 464
17829 428
17830 495
17831 387
17832 443
17833 473
17834 530
17835 445
17836 468
17837 392
17838 410
17839 548
17840 489
17841 407
17842 529
17843 473
17844 610
17845 516
17846 577
17847 548
17848 510
17849 475
17850 478
17851 639
17852 620
17853 615
17854 650
17855 583
17856 551
17857 542
17858 534
17859 566
17860 544
17861 465
17862 543
17863 563
17864 414
17865 490
17866 539
17867 455
17868 613
17869 552
17870 449
17871 466
17872 552
17873 598
17874 464
17875 458
17876 471
17877 505
17878 608
17879 468
17880 485
17881 600
17882 552
17883 519
17884 586
17885 514
17886 628
17887 616
17888 641
17889 607
17890 564
17891 540
17892 570
17893 654
17894 475
17895 607
17896 604
17897 648
17898 687
17899 582
17900 553
17901 526
17902 654
17903 636
17904 560
17905 648
17906 669
17907 631
17908 738
17909 607
17910 651
17911 632
17912 589
17913 619
17914 672
17915 625
17916 573
17917 586
17918 639
17919 729
17920 600
17921 762
17922 761
17923 618
17924 751
17925 639
17926 622
17927 777
17928 778
17929 756
17930 816
17931 648
17932 454
17933 457
17934 494
17935 533
17936 535
17937 524
17938 399
17939 538
17940 425
17941 411
17942 399
17943 583
17944 590
17945 523
17946 549
17947 526
17948 490
17949 559
17950 565
17951 580
17952 554
17953 543
17954 542
17955 494
17956 679
17957 673
17958 562
17959 523
17960 604
17961 687
17962 605
17963 474
17964 513
17965 510
17966 507
17967 614
17968 621
17969 563
17970 464
17971 549
17972 595
17973 564
17974 563
17975 652
17976 670
17977 642
17978 540
17979 635
17980 659
17981 692
17982 551
17983 679
17984 592
17985 705
17986 710
17987 640
17988 697
17989 651
17990 604
17991 639
17992 646
17993 612
17994 639
17995 589
17996 722
17997 580
17998 568
17999 536
18000 434
18001 414
18002 613
18003 513
18004 559
18005 450
18006 494
18007 522
18008 449
18009 557
18010 599
18011 563
18012 345
18013 294
18014 139
18015 203
18016 97
18017 199
18018 211
18019 273
18020 129
18021 206
18022 261
18023 259
18024 299
18025 245
18026 194
18027 209
18028 252
18029 175
18030 174
18031 330
18032 315
18033 323
18034 339
18035 260
18036 247
18037 285
18038 208
18039 204
18040 375
18041 340
18042 230
18043 237
18044 258
18045 241
18046 318
18047 356
18048 354
18049 246
18050 332
18051 352
18052 293
18053 452
18054 344
18055 447
18056 460
18057 302
18058 352
18059 328
18060 464
18061 365
18062 476
18063 345
18064 401
18065 376
18066 406
18067 376
18068 403
18069 522
18070 494
18071 563
18072 492
18073 490
18074 398
18075 290
18076 397
18077 376
18078 383
18079 375
18080 412
18081 400
18082 356
18083 318
18084 437
18085 440
18086 454
18087 382
18088 478
18089 411
18090 324
18091 348
18092 423
18093 499
18094 514
18095 392
18096 532
18097 408
18098 442
18099 470
18100 418
18101 545
18102 511
18103 489
18104 493
18105 438
18106 568
18107 577
18108 466
18109 571
18110 464
18111 612
18112 496
18113 469
18114 493
18115 541
18116 580
18117 533
18118 472
18119 519
18120 530
18121 548
18122 520
18123 597
18124 696
18125 602
18126 607
18127 710
18128 693
18129 626
18130 628
18131 576
18132 459
18133 636
18134 481
18135 459
18136 578
18137 575
18138 506
18139 517
18140 580
18141 598
18142 553
18143 643
18144 646
18145 624
18146 547
18147 532
18148 517
18149 586
18150 545
18151 706
18152 612
18153 543
18154 703
18155 541
18156 733
18157 615
18158 609
18159 665
18160 633
18161 695
18162 421
18163 451
18164 322
18165 324
18166 401
18167 468
18168 494
18169 333
18170 381
18171 429
18172 491
18173 421
18174 480
18175 402
18176 475
18177 522
18178 373
18179 453
18180 452
18181 473
18182 585
18183 414
18184 379
18185 327
18186 342
18187 381
18188 486
18189 437
18190 516
18191 376
18192 391
18193 435
18194 521
18195 407
18196 449
18197 363
18198 481
18199 323
18200 322
18201 337
18202 352
18203 482
18204 461
18205 391
18206 491
18207 362
18208 474
18209 449
18210 370
18211 562
18212 389
18213 517
18214 466
18215 461
18216 528
18217 579
18218 587
18219 511
18220 541
18221 531
18222 444
18223 639
18224 644
18225 600
18226 499
18227 541
18228 512
18229 364
18230 532
18231 559
18232 419
18233 499
18234 580
18235 418
18236 466
18237 529
18238 504
18239 583
18240 629
18241 444
18242 564
18243 543
18244 637
18245 526
18246 635
18247 583
18248 683
18249 629
18250 581
18251 544
18252 525
18253 568
18254 526
18255 579
18256 592
18257 633
18258 454
18259 555
18260 391
18261 377
18262 298
18263 439
18264 371
18265 500
18266 309
18267 406
18268 373
18269 487
18270 400
18271 381
18272 363
18273 424
18274 429
18275 511
18276 498
18277 438
18278 521
18279 469
18280 444
18281 495
18282 534
18283 415
18284 510
18285 449
18286 413
18287 541
18288 450
18289 518
18290 588
18291 454
18292 485
18293 611
18294 591
18295 471
18296 620
18297 530
18298 559
18299 493
18300 475
18301 666
18302 684
18303 551
18304 615
18305 577
18306 703
18307 641
18308 712
18309 648
18310 614
18311 713
18312 683
18313 634
18314 607
18315 602
18316 589
18317 587
18318 624
18319 613
18320 734
18321 700
18322 672
18323 724
18324 611
18325 666
18326 577
18327 596
18328 637
18329 688
18330 714
18331 370
18332 419
18333 433
18334 395
18335 444
18336 324
18337 406
18338 349
18339 465
18340 441
18341 423
18342 466
18343 434
18344 367
18345 509
18346 447
18347 506
18348 521
18349 386
18350 526
18351 382
18352 499
18353 551
18354 500
18355 412
18356 560
18357 556
18358 504
18359 473
18360 451
18361 552
18362 562
18363 618
18364 567
18365 532
18366 548
18367 593
18368 574
18369 545
18370 559
18371 624
18372 613
18373 512
18374 582
18375 634
18376 480
18377 642
18378 585
18379 642
18380 677
18381 612
18382 676
18383 614
18384 578
18385 618
18386 656
18387 746
18388 572
18389 568
18390 641
18391 680
18392 779
18393 668
18394 611
18395 721
18396 658
18397 767
18398 752
18399 597
18400 488
18401 581
18402 605
18403 567
18404 476
18405 430
18406 584
18407 612
18408 597
18409 559
18410 489
18411 588
18412 513
18413 438
18414 436
18415 475
18416 535
18417 542
18418 532
18419 389
18420 482
18421 556
18422 480
18423 520
18424 444
18425 410
18426 548
18427 472
18428 551
18429 499
18430 588
18431 411
18432 433
18433 441
18434 588
18435 466
18436 601
18437 519
18438 529
18439 571
18440 524
18441 632
18442 483
18443 658
18444 494
18445 641
18446 480
18447 682
18448 527
18449 560
18450 542
18451 541
18452 668
18453 618
18454 585
18455 593
18456 689
18457 612
18458 707
18459 579
18460 692
18461 751
18462 610
18463 756
18464 758
18465 636
18466 679
18467 651
18468 740
18469 608
18470 777
18471 760
18472 698
18473 428
18474 539
18475 456
18476 510
18477 585
18478 465
18479 515
18480 573
18481 520
18482 501
18483 473
18484 495
18485 446
18486 598
18487 641
18488 540
18489 310
18490 362
18491 403
18492 217
18493 239
18494 324
18495 265
18496 253
18497 270
18498 269
18499 286
18500 349
18501 362
18502 342
18503 382
18504 271
18505 306
18506 300
18507 311
18508 426
18509 413
18510 379
18511 455
18512 396
18513 474
18514 455
18515 411
18516 368
18517 339
18518 425
18519 370
18520 373
18521 385
18522 517
18523 488
18524 538
18525 440
18526 428
18527 569
18528 467
18529 485
18530 581
18531 428
18532 504
18533 574
18534 551
18535 618
18536 551
18537 633
18538 500
18539 576
18540 610
18541 625
18542 499
18543 601
18544 609
18545 584
18546 609
18547 573
18548 443
18549 479
18550 478
18551 633
18552 545
18553 531
18554 653
18555 583
18556 601
18557 624
18558 643
18559 634
18560 616
18561 597
18562 521
18563 663
18564 579
18565 516
18566 495
18567 423
18568 538
18569 523
18570 430
18571 441
18572 420
18573 569
18574 557
18575 396
18576 552
18577 496
18578 507
18579 456
18580 635
18581 456
18582 453
18583 574
18584 652
18585 634
18586 644
18587 518
18588 615
18589 552
18590 662
18591 475
18592 553
18593 411
18594 438
18595 579
18596 440
18597 513
18598 510
18599 558
18600 545
18601 510
18602 491
18603 475
18604 508
18605 596
18606 522
18607 576
18608 481
18609 532
18610 470
18611 523
18612 508
18613 480
18614 634
18615 600
18616 528
18617 432
18618 477
18619 473
18620 618
18621 471
18622 645
18623 308
18624 358
18625 478
18626 421
18627 442
18628 338
18629 481
18630 432
18631 539
18632 533
18633 514
18634 524
18635 486
18636 397
18637 443
18638 515
18639 512
18640 533
18641 462
18642 504
18643 597
18644 426
18645 554
18646 493
18647 447
18648 606
18649 640
18650 555
18651 560
18652 548
18653 578
18654 632
18655 665
18656 664
18657 623
18658 674
18659 599
18660 559
18661 709
18662 670
18663 710
18664 566
18665 625
18666 604
18667 571
18668 712
18669 741
18670 674
18671 602
18672 654
18673 672
18674 619
18675 605
18676 757
18677 670
18678 621
18679 739
18680 797
18681 824
18682 821
18683 791
18684 800
18685 743
18686 765
18687 833
18688 765
18689 629
18690 533
18691 462
18692 600
18693 505
18694 602
18695 608
18696 450
18697 551
18698 538
18699 546
18700 633
18701 587
18702 581
18703 527
18704 518
18705 495
18706 631
18707 652
18708 620
18709 671
18710 443
18711 402
18712 475
18713 393
18714 403
18715 363
18716 410
18717 530
18718 463
18719 374
18720 546
18721 499
18722 450
18723 532
18724 539
18725 578
18726 467
18727 588
18728 464
18729 385
18730 364
18731 477
18732 451
18733 446
18734 482
18735 352
18736 333
18737 479
18738 428
18739 493
18740 396
18741 413
18742 466
18743 511
18744 414
18745 458
18746 586
18747 409
18748 530
18749 490
18750 578
18751 260
18752 437
18753 342
18754 412
18755 326
18756 401
18757 304
18758 363
18759 332
18760 437
18761 395
18762 505
18763 453
18764 487
18765 386
18766 393
18767 437
18768 384
18769 494
18770 408
18771 363
18772 366
18773 348
18774 531
18775 525
18776 429
18777 402
18778 361
18779 546
18780 462
18781 540
18782 394
18783 449
18784 475
18785 576
18786 482
18787 447
18788 526
18789 542
18790 608
18791 527
18792 434
18793 611
18794 537
18795 492
18796 524
18797 643
18798 574
18799 476
18800 661
18801 488
18802 507
18803 492
18804 584
18805 391
18806 448
18807 478
18808 461
18809 504
18810 530
18811 615
18812 457
18813 554
18814 447
18815 623
18816 463
18817 474
18818 642
18819 528
18820 428
18821 526
18822 415
18823 555
18824 456
18825 540
18826 464
18827 467
18828 544
18829 583
18830 315
18831 358
18832 358
18833 364
18834 357
18835 392
18836 357
18837 380
18838 221
18839 285
18840 324
18841 287
18842 302
18843 253
18844 415
18845 367
18846 315
18847 443
18848 368
18849 422
18850 284
18851 283
18852 278
18853 471
18854 482
18855 428
18856 308
18857 359
18858 439
18859 337
18860 437
18861 474
18862 416
18863 436
18864 371
18865 515
18866 538
18867 441
18868 551
18869 445
18870 547
18871 440
18872 373
18873 467
18874 513
18875 494
18876 452
18877 533
18878 530
18879 511
18880 416
18881 451
18882 490
18883 525
18884 513
18885 540
18886 451
18887 414
18888 406
18889 515
18890 511
18891 472
18892 557
18893 531
18894 540
18895 621
18896 604
18897 624
18898 522
18899 629
18900 494
18901 660
18902 562
18903 557
18904 515
18905 570
18906 604
18907 571
18908 645
18909 700
18910 708
18911 709
18912 616
18913 600
18914 621
18915 560
18916 385
18917 459
18918 350
18919 423
18920 347
18921 469
18922 358
18923 378
18924 470
18925 336
18926 372
18927 396
18928 404
18929 507
18930 377
18931 344
18932 474
18933 419
18934 489
18935 485
18936 543
18937 518
18938 517
18939 501
18940 584
18941 543
18942 412
18943 538
18944 520
18945 426
18946 532
18947 490
18948 532
18949 626
18950 525
18951 647
18952 659
18953 559
18954 657
18955 529
18956 597
18957 614
18958 549
18959 562
18960 646
18961 597
18962 595
18963 597
18964 653
18965 675
18966 757
18967 677
18968 427
18969 576
18970 592
18971 528
18972 429
18973 608
18974 495
18975 575
18976 519
18977 610
18978 640
18979 554
18980 480
18981 585
18982 469
18983 538
18984 499
18985 480
18986 504
18987 587
18988 437
18989 591
18990 443
18991 406
18992 452
18993 539
18994 425
18995 510
18996 431
18997 486
18998 502
18999 518
19000 483
19001 571
19002 412
19003 503
19004 534
19005 600
19006 566
19007 544
19008 462
19009 463
19010 637
19011 494
19012 647
19013 524
19014 662
19015 657
19016 620
19017 623
19018 692
19019 671
19020 587
19021 460
19022 417
19023 513
19024 454
19025 541
19026 557
19027 429
19028 536
19029 635
19030 479
19031 502
19032 656
19033 603
19034 644
19035 642
19036 622
19037 575
19038 591
19039 495
19040 618
19041 646
19042 602
19043 689
19044 551
19045 544
19046 587
19047 709
19048 559
19049 699
19050 666
19051 656
19052 771
19053 665
19054 600
19055 684
19056 793
19057 739
19058 622
19059 624
19060 785
19061 738
19062 735
19063 727
19064 785
19065 822
19066 747
19067 698
19068 767
19069 839
19070 765
19071 866
19072 765
19073 729
19074 737
19075 841
19076 887
19077 823
19078 830
19079 771
19080 799
19081 893
19082 902
19083 740
19084 805
19085 744
19086 811
19087 877
19088 751
19089 894
19090 891
19091 804
19092 824
19093 867
19094 812
19095 896
19096 976
19097 854
19098 909
19099 915
19100 457
19101 504
19102 494
19103 556
19104 512
19105 538
19106 509
19107 498
19108 475
19109 547
19110 643
19111 508
19112 605
19113 561
19114 660
19115 491
19116 651
19117 511
19118 339
19119 449
19120 363
19121 375
19122 366
19123 407
19124 487
19125 409
19126 421
19127 468
19128 532
19129 453
19130 528
19131 468
19132 576
19133 453
19134 573
19135 550
19136 457
19137 576
19138 520
19139 478
19140 544
19141 653
19142 617
19143 536
19144 487
19145 554
19146 593
19147 564
19148 554
19149 671
19150 586
19151 580
19152 539
19153 589
19154 702
19155 693
19156 574
19157 691
19158 641
19159 478
19160 457
19161 518
19162 535
19163 416
19164 594
19165 482
19166 519
19167 612
19168 587
19169 521
19170 589
19171 612
19172 570
19173 585
19174 493
19175 648
19176 553
19177 534
19178 612
19179 665
19180 658
19181 671
19182 595
19183 555
19184 571
19185 655
19186 584
19187 542
19188 647
19189 711
19190 699
19191 576
19192 732
19193 748
19194 738
19195 682
19196 604
19197 782
19198 791
19199 751
19200 804
19201 626
19202 782
19203 653
19204 671
19205 707
19206 810
19207 801
19208 705
19209 751
19210 727
19211 820
19212 761
19213 839
19214 892
19215 841
19216 794
19217 825
19218 827
19219 750
19220 828
19221 892
19222 926
19223 562
19224 547
19225 698
19226 655
19227 649
19228 662
19229 587
19230 588
19231 606
19232 553
19233 635
19234 317
19235 274
19236 290
19237 474
19238 480
19239 312
19240 399
19241 433
19242 385
19243 444
19244 448
19245 416
19246 373
19247 391
19248 508
19249 388
19250 435
19251 483
19252 356
19253 450
19254 290
19255 405
19256 387
19257 393
19258 397
19259 379
19260 328
19261 467
19262 336
19263 458
19264 521
19265 395
19266 509
19267 414
19268 412
19269 446
19270 562
19271 458
19272 415
19273 465
19274 521
19275 600
19276 348
19277 466
19278 360
19279 436
19280 352
19281 487
19282 371
19283 448
19284 464
19285 496
19286 477
19287 564
19288 422
19289 439
19290 426
19291 500
19292 527
19293 437
19294 453
19295 516
19296 472
19297 474
19298 558
19299 540
19300 436
19301 448
19302 497
19303 457
19304 477
19305 600
19306 543
19307 451
19308 443
19309 599
19310 398
19311 398
19312 489
19313 408
19314 348
19315 406
19316 391
19317 508
19318 448
19319 501
19320 470
19321 465
19322 573
19323 468
19324 406
19325 554
19326 590
19327 533
19328 623
19329 636
19330 506
19331 515
19332 469
19333 401
19334 456
19335 314
19336 399
19337 476
19338 426
19339 334
19340 317
19341 495
19342 334
19343 432
19344 468
19345 513
19346 333
19347 364
19348 479
19349 521
19350 493
19351 460
19352 510
19353 453
19354 415
19355 427
19356 463
19357 552
19358 535
19359 510
19360 507
19361 526
19362 628
19363 348
19364 288
19365 298
19366 440
19367 401
19368 342
19369 432
19370 436
19371 377
19372 315
19373 316
19374 421
19375 344
19376 389
19377 374
19378 443
19379 387
19380 464
19381 417
19382 501
19383 416
19384 372
19385 558
19386 430
19387 532
19388 506
19389 470
19390 533
19391 495
19392 538
19393 526
19394 604
19395 475
19396 465
19397 498
19398 398
19399 356
19400 468
19401 420
19402 365
19403 370
19404 349
19405 555
19406 530
19407 492
19408 399
19409 530
19410 401
19411 469
19412 467
19413 594
19414 531
19415 504
19416 620
19417 586
19418 497
19419 537
19420 532
19421 549
19422 489
19423 535
19424 468
19425 551
19426 514
19427 567
19428 543
19429 508
19430 505
19431 484
19432 647
19433 468
19434 500
19435 615
19436 496
19437 611
19438 587
19439 653
19440 624
19441 710
19442 609
19443 703
19444 637
19445 640
19446 558
19447 647
19448 723
19449 647
19450 697
19451 599
19452 693
19453 143
19454 134
19455 163
19456 100
19457 241
19458 109
19459 297
19460 288
19461 244
19462 138
19463 215
19464 260
19465 162
19466 133
19467 227
19468 148
19469 307
19470 272
19471 221
19472 302
19473 164
19474 263
19475 286
19476 342
19477 352
19478 324
19479 322
19480 274
19481 366
19482 247
19483 401
19484 313
19485 400
19486 261
19487 321
19488 397
19489 409
19490 275
19491 432
19492 332
19493 328
19494 456
19495 461
19496 347
19497 425
19498 483
19499 442
19500 355
19501 319
19502 359
19503 413
19504 465
19505 518
19506 378
19507 360
19508 478
19509 432
19510 499
19511 477
19512 522
19513 460
19514 436
19515 548
19516 563
19517 451
19518 508
19519 615
19520 575
19521 564
19522 594
19523 491
19524 539
19525 653
19526 320
19527 306
19528 425
19529 501
19530 351
19531 425
19532 349
19533 507
19534 453
19535 522
19536 501
19537 478
19538 475
19539 380
19540 528
19541 559
19542 430
19543 405
19544 534
19545 433
19546 468
19547 514
19548 449
19549 594
19550 599
19551 572
19552 565
19553 470
19554 552
19555 471
19556 422
19557 439
19558 343
19559 395
19560 535
19561 525
19562 468
19563 351
19564 433
19565 437
19566 368
19567 508
19568 443
19569 566
19570 457
19571 565
19572 491
19573 550
19574 548
19575 567
19576 573
19577 534
19578 570
19579 458
19580 471
19581 583
19582 640
19583 614
19584 536
19585 583
19586 541
19587 568
19588 641
19589 635
19590 692
19591 519
19592 638
19593 684
19594 631
19595 550
19596 722
19597 540
19598 658
19599 602
19600 706
19601 750
19602 715
19603 572
19604 737
19605 694
19606 685
19607 682
19608 742
19609 775
19610 773
19611 666
19612 495
19613 428
19614 413
19615 473
19616 481
19617 418
19618 449
19619 432
19620 560
19621 514
19622 449
19623 465
19624 433
19625 451
19626 520
19627 551
19628 299
19629 331
19630 384
19631 339
19632 395
19633 381
19634 425
19635 283
19636 461
19637 318
19638 447
19639 315
19640 350
19641 331
19642 411
19643 315
19644 394
19645 524
19646 500
19647 470
19648 495
19649 398
19650 383
19651 485
19652 511
19653 435
19654 424
19655 437
19656 517
19657 406
19658 506
19659 474
19660 464
19661 516
19662 534
19663 542
19664 545
19665 510
19666 514
19667 446
19668 393
19669 507
19670 421
19671 503
19672 561
19673 392
19674 498
19675 458
19676 384
19677 385
19678 512
19679 515
19680 533
19681 522
19682 561
19683 611
19684 429
19685 431
19686 553
19687 456
19688 541
19689 308
19690 307
19691 345
19692 346
19693 331
19694 419
19695 330
19696 468
19697 317
19698 355
19699 332
19700 341
19701 424
19702 391
19703 361
19704 373
19705 438
19706 457
19707 488
19708 444
19709 473
19710 541
19711 383
19712 421
19713 396
19714 523
19715 464
19716 570
19717 481
19718 457
19719 610
19720 616
19721 151
19722 209
19723 330
19724 204
19725 222
19726 305
19727 218
19728 240
19729 253
19730 361
19731 275
19732 266
19733 367
19734 299
19735 262
19736 245
19737 306
19738 248
19739 438
19740 336
19741 362
19742 328
19743 401
19744 456
19745 465
19746 307
19747 370
19748 396
19749 340
19750 457
19751 349
19752 438
19753 475
19754 501
19755 532
19756 496
19757 529
19758 440
19759 477
19760 513
19761 482
19762 570
19763 468
19764 584
19765 473
19766 570
19767 512
19768 583
19769 427
19770 598
19771 512
19772 512
19773 536
19774 450
19775 584
19776 529
19777 621
19778 536
19779 548
19780 482
19781 564
19782 526
19783 505
19784 573
19785 612
19786 690
19787 452
19788 425
19789 446
19790 334
19791 393
19792 494
19793 435
19794 536
19795 294
19796 344
19797 338
19798 436
19799 422
19800 475
19801 310
19802 333
19803 418
19804 334
19805 495
19806 447
19807 334
19808 536
19809 418
19810 375
19811 433
19812 403
19813 401
19814 419
19815 521
19816 568
19817 570
19818 532
19819 504
19820 533
19821 540
19822 601
19823 494
19824 529
19825 570
19826 596
19827 603
19828 544
19829 543
19830 644
19831 463
19832 647
19833 612
19834 532
19835 500
19836 642
19837 569
19838 512
19839 463
19840 490
19841 427
19842 519
19843 591
19844 603
19845 412
19846 479
19847 519
19848 585
19849 434
19850 315
19851 419
19852 499
19853 378
19854 334
19855 362
19856 456
19857 420
19858 416
19859 350
19860 522
19861 436
19862 486
19863 395
19864 518
19865 485
19866 461
19867 439
19868 380
19869 431
19870 514
19871 441
19872 409
19873 506
19874 509
19875 433
19876 521
19877 622
19878 520
19879 507
19880 564
19881 579
19882 487
19883 579
19884 596
19885 494
19886 516
19887 592
19888 516
19889 614
19890 600
19891 502
19892 515
19893 570
19894 593
19895 548
19896 475
19897 584
19898 662
19899 640
19900 658
19901 679
19902 628
19903 685
19904 553
19905 557
19906 583
19907 524
19908 704
19909 580
19910 633
19911 571
19912 661
19913 597
19914 677
19915 521
19916 564
19917 435
19918 442
19919 351
19920 475
19921 334
19922 404
19923 507
19924 428
19925 519
19926 397
19927 509
19928 451
19929 408
19930 548
19931 544
19932 428
19933 488
19934 522
19935 392
19936 474
19937 557
19938 431
19939 590
19940 476
19941 425
19942 470
19943 598
19944 521
19945 441
19946 431
19947 572
19948 623
19949 549
19950 518
19951 646
19952 640
19953 465
19954 566
19955 494
19956 527
19957 637
19958 580
19959 657
19960 626
19961 523
19962 698
19963 603
19964 587
19965 591
19966 715
19967 735
19968 718
19969 648
19970 598
19971 715
19972 623
19973 527
19974 606
19975 557
19976 662
19977 626
19978 733
19979 566
19980 641
19981 627
19982 586
19983 688
19984 433
19985 396
19986 490
19987 448
19988 541
19989 461
19990 381
19991 511
19992 500
19993 581
19994 487
19995 569
19996 524
19997 446
19998 530
19999 579
20000 557
20001 438
20002 359
20003 426
20004 456
20005 359
20006 323
20007 437
20008 534
20009 369
20010 530
20011 471
20012 473
20013 370
20014 546
20015 511
20016 529
20017 408
20018 460
20019 549
20020 441
20021 464
20022 535
20023 403
20024 588
20025 586
20026 599
20027 509
20028 453
20029 613
20030 571
20031 504
20032 509
20033 371
20034 393
20035 528
20036 469
20037 481
20038 443
20039 337
20040 328
20041 499
20042 435
20043 468
20044 397
20045 498
20046 478
20047 532
20048 384
20049 412
20050 553
20051 439
20052 422
20053 601
20054 572
20055 430
20056 601
20057 443
20058 603
20059 459
20060 588
20061 445
20062 626
20063 646
20064 467
20065 630
20066 614
20067 638
20068 494
20069 676
20070 627
20071 640
20072 598
20073 693
20074 538
20075 587
20076 345
20077 490
20078 487
20079 327
20080 370
20081 455
20082 358
20083 516
20084 494
20085 382
20086 398
20087 489
20088 370
20089 379
20090 492
20091 498
20092 472
20093 520
20094 408
20095 472
20096 515
20097 563
20098 409
20099 517
20100 453
20101 434
20102 522
20103 454
20104 630
20105 560
20106 584
20107 554
20108 656
20109 645
20110 617
20111 685
20112 584
20113 565
20114 548
20115 626
20116 674
20117 599
20118 539
20119 672
20120 564
20121 580
20122 706
20123 656
20124 641
20125 759
20126 745
20127 603
20128 620
20129 654
20130 707
20131 768
20132 714
20133 772
20134 609
20135 661
20136 627
20137 640
20138 673
20139 752
20140 694
20141 819
20142 734
20143 616
20144 688
20145 653
20146 629
20147 782
20148 446
20149 453
20150 326
20151 456
20152 505
20153 391
20154 450
20155 394
20156 470
20157 461
20158 536
20159 571
20160 569
20161 407
20162 416
20163 590
20164 435
20165 539
20166 600
20167 546
20168 535
20169 574
20170 576
20171 477
20172 480
20173 595
20174 607
20175 500
20176 520
20177 506
20178 570
20179 583
20180 512
20181 530
20182 539
20183 673
20184 609
20185 707
20186 693
20187 718
20188 608
20189 479
20190 465
20191 575
20192 488
20193 593
20194 670
20195 610
20196 586
20197 532
20198 590
20199 534
20200 614
20201 639
20202 367
20203 393
20204 542
20205 427
20206 508
20207 447
20208 461
20209 405
20210 587
20211 458
20212 454
20213 510
20214 508
20215 593
20216 592
20217 548
20218 507
20219 470
20220 483
20221 614
20222 629
20223 622
20224 506
20225 340
20226 470
20227 332
20228 432
20229 368
20230 465
20231 367
20232 518
20233 338
20234 486
20235 455
20236 478
20237 414
20238 469
20239 455
20240 536
20241 451
20242 466
20243 568
20244 403
20245 536
20246 493
20247 509
20248 438
20249 516
20250 525
20251 511
20252 542
20253 592
20254 504
20255 490
20256 556
20257 618
20258 675
20259 559
20260 671
20261 660
20262 605
20263 638
20264 666
20265 678
20266 674
20267 605
20268 730
20269 588
20270 561
20271 346
20272 376
20273 488
20274 448
20275 426
20276 340
20277 342
20278 349
20279 363
20280 514
20281 449
20282 516
20283 424
20284 495
20285 420
20286 419
20287 556
20288 575
20289 409
20290 418
20291 569
20292 587
20293 477
20294 598
20295 626
20296 618
20297 585
20298 517
20299 437
20300 439
20301 459
20302 574
20303 623
20304 497
20305 646
20306 595
20307 653
20308 604
20309 577
20310 556
20311 627
20312 614
20313 583
20314 655
20315 645
20316 540
20317 660
20318 706
20319 683
20320 646
20321 400
20322 447
20323 426
20324 385
20325 334
20326 425
20327 331
20328 363
20329 418
20330 412
20331 495
20332 409
20333 389
20334 448
20335 394
20336 423
20337 503
20338 476
20339 396
20340 492
20341 452
20342 409
20343 345
20344 298
20345 502
20346 424
20347 475
20348 391
20349 403
20350 405
20351 534
20352 367
20353 23
20354 154
20355 190
20356 202
20357 173
20358 63
20359 68
20360 213
20361 216
20362 65
20363 138
20364 195
20365 243
20366 196
20367 166
20368 284
20369 195
20370 204
20371 180
20372 312
20373 197
20374 178
20375 285
20376 272
20377 170
20378 173
20379 293
20380 352
20381 179
20382 367
20383 234
20384 369
20385 280
20386 221
20387 315
20388 390
20389 354
20390 412
20391 360
20392 298
20393 354
20394 416
20395 379
20396 256
20397 386
20398 362
20399 423
20400 357
20401 373
20402 362
20403 495
20404 477
20405 413
20406 403
20407 514
20408 468
20409 481
20410 521
20411 518
20412 452
20413 413
20414 560
20415 392
20416 536
20417 395
20418 541
20419 485
20420 508
20421 438
20422 427
20423 443
20424 523
20425 602
20426 523
20427 452
20428 615
20429 477
20430 627
20431 653
20432 621
20433 639
20434 620
20435 661
20436 604
20437 625
20438 472
20439 589
20440 445
20441 432
20442 440
20443 485
20444 513
20445 518
20446 521
20447 530
20448 467
20449 530
20450 532
20451 613
20452 516
20453 481
20454 560
20455 565
20456 520
20457 534
20458 610
20459 543
20460 681
20461 664
20462 631
20463 584
20464 595
20465 706
20466 562
20467 505
20468 488
20469 530
20470 501
20471 576
20472 518
20473 647
20474 527
20475 617
20476 510
20477 567
20478 614
20479 608
20480 511
20481 571
20482 606
20483 632
20484 716
20485 609
20486 585
20487 625
20488 590
20489 501
20490 538
20491 481
20492 612
20493 461
20494 511
20495 494
20496 595
20497 458
20498 505
20499 515
20500 624
20501 650
20502 557
20503 348
20504 504
20505 518
20506 430
20507 423
20508 399
20509 427
20510 443
20511 505
20512 471
20513 468
20514 498
20515 473
20516 424
20517 420
20518 474
20519 466
20520 545
20521 422
20522 519
20523 597
20524 511
20525 601
20526 452
20527 649
20528 551
20529 545
20530 615
20531 482
20532 641
20533 624
20534 483
20535 449
20536 500
20537 595
20538 591
20539 603
20540 568
20541 657
20542 546
20543 510
20544 587
20545 655
20546 494
20547 519
20548 580
20549 616
20550 712
20551 668
20552 688
20553 718
20554 659
20555 729
20556 585
20557 629
20558 634
20559 679
20560 649
20561 702
20562 640
20563 710
20564 674
20565 656
20566 667
20567 655
20568 737
20569 646
20570 800
20571 744
20572 636
20573 703
20574 759
20575 696
20576 864
20577 718
20578 700
20579 878
20580 709
20581 691
20582 867
20583 820
20584 880
20585 880
20586 784
20587 758
20588 833
20589 920
20590 801
20591 902
20592 915
20593 961
20594 612
20595 637
20596 766
20597 650
20598 727
20599 706
20600 645
20601 818
20602 764
20603 707
20604 734
20605 644
20606 420
20607 366
20608 431
20609 457
20610 415
20611 342
20612 439
20613 372
20614 424
20615 545
20616 518
20617 547
20618 499
20619 403
20620 547
20621 378
20622 480
20623 469
20624 395
20625 446
20626 519
20627 417
20628 469
20629 544
20630 468
20631 488
20632 632
20633 609
20634 565
20635 498
20636 456
20637 647
20638 582
20639 556
20640 523
20641 615
20642 487
20643 670
20644 547
20645 614
20646 636
20647 590
20648 533
20649 712
20650 654
20651 697
20652 548
20653 562
20654 691
20655 687
20656 702
20657 627
20658 711
20659 675
20660 722
20661 603
20662 681
20663 761
20664 712
20665 746
20666 739
20667 703
20668 736
20669 615
20670 786
20671 704
20672 666
20673 652
20674 805
20675 807
20676 678
20677 713
20678 699
20679 683
20680 673
20681 794
20682 732
20683 639
20684 736
20685 818
20686 649
20687 838
20688 702
20689 824
20690 865
20691 852
20692 792
20693 853
20694 710
20695 747
20696 721
20697 878
20698 727
20699 778
20700 704
20701 777
20702 731
20703 911
20704 420
20705 266
20706 366
20707 278
20708 333
20709 277
20710 366
20711 376
20712 423
20713 266
20714 275
20715 326
20716 448
20717 294
20718 305
20719 322
20720 343
20721 399
20722 412
20723 340
20724 497
20725 422
20726 429
20727 348
20728 418
20729 500
20730 422
20731 487
20732 430
20733 378
20734 538
20735 589
20736 517
20737 466
20738 528
20739 539
20740 504
20741 549
20742 623
20743 563
20744 631
20745 561
20746 328
20747 510
20748 405
20749 493
20750 383
20751 460
20752 434
20753 408
20754 535
20755 400
20756 438
20757 576
20758 404
20759 427
20760 502
20761 392
20762 571
20763 433
20764 405
20765 483
20766 472
20767 588
20768 443
20769 436
20770 309
20771 384
20772 326
20773 467
20774 452
20775 416
20776 461
20777 312
20778 336
20779 378
20780 316
20781 378
20782 392
20783 353
20784 488
20785 456
20786 446
20787 395
20788 406
20789 545
20790 440
20791 535
20792 412
20793 516
20794 550
20795 476
20796 481
20797 503
20798 534
20799 614
20800 426
20801 628
20802 614
20803 502
20804 514
20805 596
20806 560
20807 528
20808 541
20809 570
20810 650
20811 537
20812 653
20813 585
20814 633
20815 588
20816 626
20817 547
20818 672
20819 551
20820 442
20821 559
20822 430
20823 453
20824 389
20825 364
20826 325
20827 326
20828 514
20829 462
20830 334
20831 346
20832 520
20833 480
20834 476
20835 479
20836 414
20837 409
20838 431
20839 399
20840 380
20841 409
20842 552
20843 544
20844 423
20845 514
20846 405
20847 443
20848 429
20849 612
20850 512
20851 473
20852 609
20853 625
20854 508
20855 523
20856 518
20857 630
20858 591
20859 538
20860 603
20861 567
20862 544
20863 526
20864 551
20865 626
20866 624
20867 540
20868 669
20869 644
20870 673
20871 679
20872 602
20873 703
20874 566
20875 585
20876 727
20877 736
20878 589
20879 652
20880 597
20881 596
20882 742
20883 749
20884 780
20885 631
20886 649
20887 655
20888 681
20889 768
20890 768
20891 815
20892 764
20893 829
20894 729
20895 783
20896 839
20897 852
20898 720
20899 767
20900 831
20901 751
20902 776
20903 784
20904 822
20905 742
20906 767
20907 893
20908 843
20909 836
20910 814
20911 791
20912 951
20913 901
20914 887
20915 972
20916 939
20917 800
20918 899
20919 951
20920 882
20921 902
20922 997
20923 918
20924 934
20925 939
20926 555
20927 586
20928 635
20929 641
20930 633
20931 620
20932 556
20933 637
20934 682
20935 546
20936 620
20937 560
20938 657
20939 541
20940 625
20941 671
20942 573
20943 532
20944 615
20945 501
20946 631
20947 692
20948 521
20949 692
20950 637
20951 625
20952 668
20953 633
20954 697
20955 627
20956 748
20957 662
20958 778
20959 727
20960 651
20961 621
20962 651
20963 695
20964 742
20965 778
20966 719
20967 547
20968 561
20969 554
20970 532
20971 641
20972 587
20973 490
20974 609
20975 607
20976 429
20977 337
20978 329
20979 302
20980 461
20981 383
20982 423
20983 420
20984 385
20985 328
20986 383
20987 415
20988 375
20989 427
20990 407
20991 464
20992 454
20993 426
20994 464
20995 523
20996 435
20997 453
20998 459
20999 460
21000 490
21001 424
21002 449
21003 599
21004 517
21005 470
21006 508
21007 603
21008 464
21009 560
21010 479
21011 545
21012 270
21013 413
21014 391
21015 415
21016 304
21017 303
21018 356
21019 455
21020 315
21021 374
21022 323
21023 434
21024 370
21025 379
21026 268
21027 410
21028 388
21029 450
21030 416
21031 483
21032 395
21033 339
21034 352
21035 331
21036 307
21037 356
21038 370
21039 352
21040 411
21041 293
21042 300
21043 326
21044 291
21045 437
21046 281
21047 335
21048 290
21049 484
21050 316
21051 496
21052 451
21053 321
21054 388
21055 516
21056 387
21057 438
21058 490
21059 433
21060 524
21061 532
21062 532
21063 545
21064 469
21065 544
21066 553
21067 397
21068 274
21069 422
21070 247
21071 313
21072 322
21073 366
21074 320
21075 353
21076 315
21077 386
21078 455
21079 467
21080 398
21081 451
21082 463
21083 454
21084 335
21085 374
21086 368
21087 496
21088 523
21089 331
21090 412
21091 446
21092 415
21093 403
21094 439
21095 532
21096 378
21097 452
21098 524
21099 495
21100 583
21101 464
21102 501
21103 527
21104 405
21105 458
21106 443
21107 392
21108 497
21109 533
21110 425
21111 401
21112 525
21113 385
21114 427
21115 455
21116 402
21117 530
21118 449
21119 602
21120 610
21121 574
21122 480
21123 521
21124 470
21125 500
21126 534
21127 508
21128 508
21129 583
21130 568
21131 508
21132 650
21133 591
21134 649
21135 479
21136 588
21137 533
21138 644
21139 507
21140 402
21141 536
21142 425
21143 470
21144 445
21145 491
21146 462
21147 436
21148 569
21149 571
21150 596
21151 465
21152 574
21153 470
21154 555
21155 552
21156 375
21157 355
21158 403
21159 382
21160 530
21161 515
21162 322
21163 352
21164 340
21165 354
21166 481
21167 402
21168 351
21169 340
21170 473
21171 338
21172 495
21173 433
21174 346
21175 339
21176 386
21177 533
21178 514
21179 409
21180 500
21181 523
21182 442
21183 508
21184 419
21185 231
21186 192
21187 243
21188 159
21189 82
21190 134
21191 251
21192 177
21193 146
21194 240
21195 238
21196 226
21197 144
21198 157
21199 301
21200 253
21201 167
21202 207
21203 162
21204 198
21205 304
21206 165
21207 300
21208 258
21209 226
21210 361
21211 356
21212 213
21213 378
21214 228
21215 259
21216 319
21217 322
21218 366
21219 339
21220 403
21221 367
21222 410
21223 389
21224 394
21225 436
21226 360
21227 408
21228 442
21229 427
21230 313
21231 400
21232 375
21233 351
21234 427
21235 494
21236 383
21237 488
21238 324
21239 345
21240 523
21241 533
21242 527
21243 431
21244 439
21245 482
21246 534
21247 431
21248 400
21249 494
21250 396
21251 451
21252 589
21253 536
21254 462
21255 457
21256 450
21257 591
21258 592
21259 621
21260 474
21261 573
21262 498
21263 519
21264 535
21265 611
21266 644
21267 665
21268 595
21269 585
21270 530
21271 650
21272 444
21273 375
21274 476
21275 365
21276 522
21277 411
21278 497
21279 507
21280 462
21281 486
21282 518
21283 440
21284 508
21285 575
21286 473
21287 524
21288 559
21289 427
21290 461
21291 510
21292 456
21293 545
21294 491
21295 595
21296 458
21297 571
21298 433
21299 475
21300 527
21301 560
21302 505
21303 448
21304 491
21305 639
21306 504
21307 497
21308 637
21309 634
21310 587
21311 629
21312 598
21313 624
21314 610
21315 579
21316 540
21317 602
21318 578
21319 579
21320 548
21321 718
21322 694
21323 588
21324 592
21325 579
21326 700
21327 677
21328 615
21329 726
21330 638
21331 767
21332 651
21333 770
21334 638
21335 714
21336 801
21337 661
21338 548
21339 562
21340 548
21341 575
21342 703
21343 691
21344 554
21345 637
21346 520
21347 481
21348 484
21349 627
21350 573
21351 501
21352 528
21353 592
21354 607
21355 484
21356 566
21357 627
21358 667
21359 493
21360 487
21361 664
21362 615
21363 536
21364 618
21365 575
21366 590
21367 686
21368 602
21369 715
21370 643
21371 562
21372 532
21373 641
21374 542
21375 469
21376 437
21377 315
21378 341
21379 429
21380 473
21381 490
21382 363
21383 463
21384 493
21385 472
21386 433
21387 363
21388 395
21389 538
21390 527
21391 524
21392 536
21393 391
21394 444
21395 552
21396 134
21397 256
21398 282
21399 157
21400 254
21401 176
21402 256
21403 262
21404 270
21405 258
21406 284
21407 366
21408 357
21409 229
21410 373
21411 367
21412 409
21413 267
21414 286
21415 340
21416 407
21417 322
21418 379
21419 264
21420 451
21421 377
21422 394
21423 323
21424 426
21425 450
21426 478
21427 337
21428 319
21429 416
21430 487
21431 373
21432 365
21433 372
21434 472
21435 394
21436 478
21437 387
21438 422
21439 435
21440 534
21441 514
21442 411
21443 545
21444 448
21445 431
21446 447
21447 568
21448 446
21449 524
21450 516
21451 613
21452 468
21453 542
21454 464
21455 585
21456 507
21457 525
21458 609
21459 637
21460 565
21461 602
21462 609
21463 683
21464 564
21465 536
21466 652
21467 563
21468 564
21469 640
21470 598
21471 591
21472 660
21473 565
21474 613
21475 524
21476 515
21477 602
21478 543
21479 605
21480 600
21481 563
21482 667
21483 696
21484 642
21485 734
21486 440
21487 427
21488 469
21489 400
21490 529
21491 420
21492 551
21493 381
21494 426
21495 526
21496 414
21497 408
21498 447
21499 402
21500 559
21501 583
21502 490
21503 463
21504 471
21505 539
21506 604
21507 484
21508 601
21509 449
21510 610
21511 584
21512 514
21513 615
21514 400
21515 472
21516 358
21517 304
21518 450
21519 457
21520 375
21521 446
21522 445
21523 403
21524 418
21525 410
21526 383
21527 381
21528 457
21529 574
21530 490
21531 441
21532 588
21533 582
21534 607
21535 632
21536 286
21537 241
21538 284
21539 311
21540 367
21541 284
21542 391
21543 340
21544 432
21545 444
21546 474
21547 324
21548 370
21549 380
21550 316
21551 505
21552 501
21553 340
21554 472
21555 509
21556 442
21557 383
21558 377
21559 527
21560 521
21561 525
21562 411
21563 381
21564 417
21565 563
21566 424
21567 448
21568 446
21569 556
21570 568
21571 569
21572 519
21573 566
21574 457
21575 484
21576 476
21577 563
21578 628
21579 483
21580 598
21581 504
21582 678
21583 448
21584 526
21585 313
21586 361
21587 468
21588 418
21589 498
21590 470
21591 537
21592 400
21593 421
21594 439
21595 551
21596 468
21597 390
21598 523
21599 578
21600 505
21601 539
21602 435
21603 616
21604 564
21605 494
21606 499
21607 500
21608 595
21609 624
21610 361
21611 459
21612 515
21613 373
21614 425
21615 463
21616 395
21617 429
21618 469
21619 502
21620 475
21621 432
21622 543
21623 450
21624 605
21625 445
21626 529
21627 612
21628 503
21629 551
21630 546
21631 499
21632 556
21633 670
21634 615
21635 608
21636 700
21637 628
21638 686
21639 585
21640 731
21641 661
21642 590
21643 577
21644 564
21645 541
21646 531
21647 422
21648 298
21649 290
21650 275
21651 428
21652 454
21653 302
21654 459
21655 472
21656 458
21657 319
21658 338
21659 438
21660 354
21661 321
21662 453
21663 315
21664 459
21665 364
21666 494
21667 516
21668 499
21669 400
21670 374
21671 530
21672 466
21673 414
21674 527
21675 438
21676 498
21677 422
21678 560
21679 470
21680 401
21681 563
21682 545
21683 621
21684 424
21685 568
21686 600
21687 479
21688 573
21689 466
21690 507
21691 637
21692 476
21693 466
21694 492
21695 507
21696 428
21697 410
21698 492
21699 570
21700 436
21701 439
21702 453
21703 419
21704 553
21705 453
21706 620
21707 530
21708 502
21709 630
21710 456
21711 485
21712 580
21713 484
21714 524
21715 612
21716 637
21717 606
21718 458
21719 539
21720 560
21721 575
21722 545
21723 464
21724 534
21725 512
21726 480
21727 521
21728 478
21729 575
21730 626
21731 596
21732 545
21733 539
21734 577
21735 597
21736 597
21737 516
21738 629
21739 543
21740 567
21741 166
21742 295
21743 296
21744 216
21745 159
21746 155
21747 295
21748 170
21749 265
21750 300
21751 210
21752 175
21753 328
21754 174
21755 220
21756 289
21757 338
21758 231
21759 248
21760 357
21761 214
21762 283
21763 245
21764 388
21765 283
21766 425
21767 276
21768 403
21769 403
21770 439
21771 400
21772 352
21773 320
21774 456
21775 434
21776 398
21777 396
21778 405
21779 501
21780 399
21781 445
21782 348
21783 477
21784 399
21785 370
21786 512
21787 472
21788 426
21789 393
21790 558
21791 381
21792 502
21793 438
21794 424
21795 417
21796 457
21797 541
21798 506
21799 561
21800 534
21801 537
21802 507
21803 595
21804 566
21805 432
21806 538
21807 439
21808 543
21809 580
21810 520
21811 640
21812 426
21813 451
21814 461
21815 385
21816 370
21817 488
21818 430
21819 253
21820 107
21821 210
21822 80
21823 124
21824 188
21825 96
21826 160
21827 199
21828 176
21829 299
21830 228
21831 283
21832 160
21833 249
21834 267
21835 329
21836 334
21837 158
21838 160
21839 319
21840 322
21841 208
21842 330
21843 309
21844 202
21845 350
21846 266
21847 355
21848 384
21849 233
21850 232
21851 382
21852 372
21853 343
21854 252
21855 409
21856 305
21857 363
21858 262
21859 300
21860 356
21861 272
21862 436
21863 468
21864 335
21865 426
21866 401
21867 367
21868 344
21869 440
21870 503
21871 400
21872 431
21873 464
21874 333
21875 502
21876 532
21877 344
21878 367
21879 427
21880 510
21881 469
21882 397
21883 539
21884 553
21885 410
21886 419
21887 526
21888 415
21889 603
21890 413
21891 582
21892 446
21893 539
21894 550
21895 480
21896 553
21897 538
21898 552
21899 527
21900 527
21901 534
21902 661
21903 681
21904 630
21905 402
21906 372
21907 414
21908 367
21909 419
21910 350
21911 445
21912 478
21913 458
21914 499
21915 467
21916 501
21917 488
21918 353
21919 538
21920 528
21921 497
21922 523
21923 521
21924 384
21925 556
21926 443
21927 598
21928 417
21929 418
21930 511
21931 566
21932 467
21933 610
21934 317
21935 390
21936 413
21937 461
21938 296
21939 355
21940 436
21941 405
21942 334
21943 378
21944 409
21945 373
21946 513
21947 470
21948 494
21949 399
21950 375
21951 357
21952 478
21953 440
21954 414
21955 534
21956 553
21957 498
21958 529
21959 548
21960 402
21961 400
21962 527
21963 579
21964 553
21965 422
21966 515
21967 514
21968 497
21969 471
21970 472
21971 134
21972 238
21973 66
21974 105
21975 215
21976 136
21977 181
21978 274
21979 290
21980 131
21981 132
21982 166
21983 240
21984 182
21985 240
21986 144
21987 341
21988 336
21989 193
21990 329
21991 228
21992 257
21993 353
21994 360
21995 362
21996 261
21997 402
21998 318
21999 289
22000 236
22001 238
22002 382
22003 272
22004 378
22005 362
22006 354
22007 441
22008 414
22009 287
22010 345
22011 404
22012 327
22013 425
22014 479
22015 446
22016 369
22017 424
22018 406
22019 352
22020 499
22021 366
22022 441
22023 439
22024 468
22025 412
22026 544
22027 483
22028 410
22029 553
22030 510
22031 531
22032 538
22033 561
22034 409
22035 507
22036 466
22037 507
22038 412
22039 542
22040 605
22041 480
22042 575
22043 564
22044 516
22045 466
22046 537
22047 523
22048 526
22049 499
22050 520
22051 580
22052 558
22053 596
22054 428
22055 597
22056 612
22057 463
22058 513
22059 509
22060 468
22061 474
22062 515
22063 511
22064 544
22065 693
22066 543
22067 517
22068 689
22069 632
22070 495
22071 659
22072 499
22073 693
22074 579
22075 633
22076 645
22077 529
22078 528
22079 641
22080 686
22081 578
22082 743
22083 684
22084 668
22085 574
22086 584
22087 650
22088 764
22089 600
22090 724
22091 670
22092 694
22093 670
22094 753
22095 677
22096 424
22097 492
22098 477
22099 447
22100 451
22101 630
22102 617
22103 529
22104 564
22105 484
22106 561
22107 668
22108 573
22109 557
22110 679
22111 699
22112 711
22113 612
22114 677
22115 578
22116 546
22117 598
22118 665
22119 511
22120 431
22121 505
22122 432
22123 454
22124 427
22125 510
22126 458
22127 588
22128 518
22129 474
22130 506
22131 497
22132 637
22133 623
22134 596
22135 619
22136 649
22137 599
22138 659
22139 651
22140 577
22141 642
22142 524
22143 633
22144 538
22145 646
22146 595
22147 595
22148 650
22149 707
22150 602
22151 534
22152 709
22153 600
22154 647
22155 415
22156 427
22157 425
22158 475
22159 395
22160 500
22161 462
22162 520
22163 370
22164 444
22165 424
22166 368
22167 476
22168 530
22169 489
22170 496
22171 471
22172 439
22173 582
22174 525
22175 414
22176 455
22177 444
22178 498
22179 444
22180 371
22181 253
22182 364
22183 290
22184 395
22185 384
22186 374
22187 445
22188 318
22189 415
22190 395
22191 420
22192 306
22193 482
22194 367
22195 395
22196 348
22197 356
22198 478
22199 488
22200 339
22201 416
22202 477
22203 501
22204 491
22205 447
22206 467
22207 533
22208 467
22209 483
22210 564
22211 564
22212 571
22213 432
22214 455
22215 483
22216 483
22217 487
22218 461
22219 595
22220 481
22221 430
22222 612
22223 549
22224 458
22225 627
22226 589
22227 466
22228 464
22229 649
22230 608
22231 509
22232 619
22233 549
22234 455
22235 619
22236 621
22237 584
22238 645
22239 555
22240 588
22241 578
22242 480
22243 557
22244 434
22245 524
22246 480
22247 595
22248 453
22249 610
22250 584
22251 181
22252 231
22253 214
22254 131
22255 270
22256 278
22257 114
22258 171
22259 126
22260 170
22261 204
22262 277
22263 273
22264 225
22265 299
22266 150
22267 205
22268 288
22269 215
22270 328
22271 302
22272 239
22273 308
22274 270
22275 240
22276 319
22277 211
22278 279
22279 248
22280 248
22281 425
22282 428
22283 291
22284 395
22285 462
22286 359
22287 359
22288 332
22289 425
22290 440
22291 500
22292 484
22293 373
22294 468
22295 455
22296 397
22297 522
22298 569
22299 481
22300 522
22301 404
22302 593
22303 576
22304 421
22305 449
22306 590
22307 609
22308 625
22309 486
22310 549
22311 502
22312 572
22313 572
22314 552
22315 570
22316 501
22317 666
22318 594
22319 666
22320 617
22321 620
22322 510
22323 613
22324 705
22325 459
22326 456
22327 494
22328 390
22329 418
22330 436
22331 443
22332 454
22333 400
22334 454
22335 441
22336 467
22337 481
22338 418
22339 506
22340 562
22341 496
22342 470
22343 495
22344 508
22345 507
22346 450
22347 644
22348 559
22349 560
22350 604
22351 672
22352 615
22353 656
22354 603
22355 508
22356 568
22357 566
22358 647
22359 702
22360 679
22361 497
22362 457
22363 472
22364 577
22365 580
22366 476
22367 617
22368 486
22369 660
22370 613
22371 540
22372 456
22373 406
22374 507
22375 453
22376 521
22377 593
22378 601
22379 477
22380 540
22381 397
22382 497
22383 518
22384 436
22385 442
22386 498
22387 531
22388 453
22389 392
22390 455
22391 444
22392 386
22393 575
22394 416
22395 522
22396 457
22397 464
22398 413
22399 466
22400 457
22401 461
22402 531
22403 503
22404 488
22405 559
22406 534
22407 634
22408 479
22409 506
22410 580
22411 599
22412 678
22413 548
22414 498
22415 520
22416 669
22417 521
22418 589
22419 590
22420 594
22421 649
22422 599
22423 540
22424 634
22425 627
22426 590
22427 629
22428 711
22429 747
22430 646
22431 638
22432 710
22433 713
22434 711
22435 661
22436 726
22437 654
22438 806
22439 780
22440 666
22441 668
22442 829
22443 767
22444 817
22445 759
22446 461
22447 467
22448 618
22449 637
22450 582
22451 652
22452 620
22453 528
22454 573
22455 557
22456 552
22457 660
22458 627
22459 683
22460 544
22461 687
22462 702
22463 644
22464 575
22465 708
22466 655
22467 709
22468 626
22469 588
22470 603
22471 616
22472 271
22473 362
22474 323
22475 326
22476 406
22477 427
22478 424
22479 293
22480 378
22481 419
22482 484
22483 308
22484 402
22485 338
22486 380
22487 506
22488 359
22489 397
22490 465
22491 383
22492 510
22493 360
22494 492
22495 485
22496 467
22497 485
22498 459
22499 561
22500 498
22501 541
22502 460
22503 463
22504 481
22505 509
22506 497
22507 508
22508 474
22509 422
22510 549
22511 622
22512 450
22513 500
22514 570
22515 555
22516 629
22517 487
22518 528
22519 580
22520 567
22521 496
22522 618
22523 693
22524 695
22525 662
22526 571
22527 538
22528 581
22529 621
22530 629
22531 617
22532 553
22533 655
22534 311
22535 269
22536 469
22537 385
22538 302
22539 295
22540 346
22541 322
22542 466
22543 485
22544 390
22545 494
22546 401
22547 477
22548 442
22549 468
22550 417
22551 474
22552 388
22553 494
22554 472
22555 455
22556 564
22557 397
22558 405
22559 401
22560 565
22561 517
22562 553
22563 556
22564 565
22565 595
22566 568
22567 573
22568 358
22569 459
22570 382
22571 451
22572 420
22573 499
22574 471
22575 435
22576 501
22577 432
22578 432
22579 459
22580 533
22581 523
22582 555
22583 561
22584 523
22585 465
22586 599
22587 516
22588 517
22589 514
22590 636
22591 490
22592 637
22593 547
22594 675
22595 501
22596 501
22597 579
22598 618
22599 603
22600 669
22601 611
22602 630
22603 590
22604 597
22605 650
22606 633
22607 658
22608 564
22609 192
22610 262
22611 193
22612 284
22613 201
22614 328
22615 241
22616 189
22617 213
22618 369
22619 212
22620 388
22621 398
22622 380
22623 292
22624 336
22625 373
22626 268
22627 274
22628 349
22629 339
22630 374
22631 251
22632 376
22633 441
22634 418
22635 340
22636 349
22637 321
22638 281
22639 284
22640 345
22641 398
22642 375
22643 380
22644 369
22645 325
22646 463
22647 500
22648 498
22649 451
22650 535
22651 410
22652 373
22653 428
22654 438
22655 423
22656 502
22657 516
22658 464
22659 465
22660 571
22661 410
22662 601
22663 517
22664 499
22665 518
22666 629
22667 520
22668 491
22669 621
22670 574
22671 481
22672 352
22673 469
22674 316
22675 508
22676 470
22677 417
22678 420
22679 532
22680 393
22681 491
22682 462
22683 457
22684 491
22685 521
22686 393
22687 511
22688 388
22689 474
22690 510
22691 474
22692 306
22693 332
22694 396
22695 336
22696 413
22697 305
22698 403
22699 289
22700 381
22701 393
22702 338
22703 412
22704 408
22705 442
22706 367
22707 345
22708 407
22709 459
22710 302
22711 490
22712 438
22713 438
22714 403
22715 445
22716 350
22717 394
22718 361
22719 455
22720 340
22721 388
22722 434
22723 371
22724 528
22725 425
22726 409
22727 436
22728 495
22729 491
22730 410
22731 500
22732 513
22733 586
22734 557
22735 505
22736 388
22737 495
22738 321
22739 412
22740 400
22741 425
22742 372
22743 344
22744 367
22745 491
22746 392
22747 510
22748 531
22749 532
22750 525
22751 433
22752 566
22753 538
22754 604
22755 601
22756 432
22757 557
22758 469
22759 572
22760 621
22761 449
22762 627
22763 548
22764 549
22765 605
22766 623
22767 546
22768 591
22769 570
22770 596
22771 601
22772 605
22773 668
22774 532
22775 626
22776 589
22777 616
22778 559
22779 560
22780 594
22781 730
22782 725
22783 716
22784 586
22785 587
22786 672
22787 617
22788 674
22789 656
22790 552
22791 303
22792 256
22793 256
22794 325
22795 359
22796 350
22797 437
22798 440
22799 436
22800 374
22801 452
22802 330
22803 406
22804 468
22805 441
22806 290
22807 432
22808 427
22809 438
22810 479
22811 458
22812 385
22813 367
22814 411
22815 362
22816 314
22817 436
22818 371
22819 388
22820 337
22821 393
22822 285
22823 382
22824 395
22825 404
22826 314
22827 312
22828 482
22829 352
22830 371
22831 350
22832 402
22833 410
22834 428
22835 437
22836 552
22837 474
22838 366
22839 447
22840 495
22841 563
22842 401
22843 431
22844 559
22845 420
22846 501
22847 432
22848 517
22849 607
22850 449
22851 458
22852 564
22853 468
22854 428
22855 441
22856 331
22857 411
22858 421
22859 446
22860 539
22861 294
22862 274
22863 255
22864 236
22865 305
22866 282
22867 354
22868 373
22869 435
22870 313
22871 379
22872 354
22873 379
22874 453
22875 481
22876 389
22877 458
22878 410
22879 444
22880 445
22881 395
22882 510
22883 417
22884 367
22885 397
22886 361
22887 539
22888 495
22889 374
22890 504
22891 524
22892 509
22893 409
22894 578
22895 372
22896 458
22897 508
22898 446
22899 533
22900 527
22901 448
22902 547
22903 461
22904 593
22905 450
22906 491
22907 583
22908 470
22909 501
22910 442
22911 576
22912 567
22913 625
22914 464
22915 626
22916 513
22917 626
22918 618
22919 520
22920 605
22921 458
22922 516
22923 499
22924 448
22925 562
22926 550
22927 598
22928 508
22929 510
22930 621
22931 570
22932 543
22933 639
22934 544
22935 661
22936 561
22937 635
22938 657
22939 400
22940 539
22941 393
22942 454
22943 550
22944 586
22945 462
22946 426
22947 597
22948 538
22949 560
22950 407
22951 390
22952 329
22953 508
22954 511
22955 342
22956 407
22957 398
22958 513
22959 389
22960 465
22961 497
22962 452
22963 518
22964 308
22965 395
22966 516
22967 390
22968 438
22969 365
22970 339
22971 374
22972 333
22973 346
22974 505
22975 545
22976 397
22977 527
22978 472
22979 504
22980 532
22981 546
22982 411
22983 410
22984 479
22985 457
22986 446
22987 562
22988 489
22989 638
22990 538
22991 461
22992 650
22993 488
22994 521
22995 678
22996 592
22997 643
22998 624
22999 542
23000 526
23001 675
23002 539
23003 652
23004 620
23005 724
23006 644
23007 622
23008 672
23009 733
23010 334
23011 361
23012 291
23013 221
23014 273
23015 355
23016 293
23017 347
23018 379
23019 336
23020 241
23021 326
23022 348
23023 284
23024 271
23025 432
23026 416
23027 435
23028 402
23029 404
23030 391
23031 421
23032 352
23033 424
23034 347
23035 352
23036 511
23037 418
23038 316
23039 428
23040 427
23041 372
23042 518
23043 399
23044 442
23045 419
23046 370
23047 388
23048 517
23049 515
23050 475
23051 476
23052 555
23053 417
23054 582
23055 553
23056 552
23057 534
23058 468
23059 509
23060 577
23061 538
23062 531
23063 546
23064 616
23065 560
23066 527
23067 557
23068 560
23069 558
23070 586
23071 561
23072 573
23073 535
23074 590
23075 542
23076 619
23077 498
23078 447
23079 566
23080 605
23081 627
23082 615
23083 572
23084 582
23085 490
23086 586
23087 583
23088 497
23089 634
23090 582
23091 600
23092 661
23093 189
23094 171
23095 121
23096 270
23097 227
23098 190
23099 191
23100 220
23101 298
23102 187
23103 292
23104 193
23105 201
23106 260
23107 255
23108 232
23109 356
23110 189
23111 310
23112 315
23113 297
23114 337
23115 388
23116 350
23117 399
23118 259
23119 400
23120 329
23121 296
23122 340
23123 295
23124 388
23125 333
23126 423
23127 336
23128 441
23129 416
23130 462
23131 317
23132 399
23133 477
23134 496
23135 503
23136 447
23137 450
23138 438
23139 388
23140 364
23141 441
23142 388
23143 501
23144 533
23145 421
23146 396
23147 430
23148 496
23149 525
23150 462
23151 525
23152 502
23153 413
23154 455
23155 564
23156 545
23157 443
23158 507
23159 390
23160 396
23161 267
23162 318
23163 271
23164 448
23165 330
23166 464
23167 307
23168 443
23169 400
23170 317
23171 417
23172 453
23173 391
23174 365
23175 457
23176 503
23177 486
23178 380
23179 387
23180 460
23181 442
23182 409
23183 496
23184 415
23185 519
23186 457
23187 495
23188 510
23189 586
23190 491
23191 586
23192 582
23193 453
23194 577
23195 538
23196 543
23197 463
23198 622
23199 569
23200 629
23201 482
23202 503
23203 515
23204 524
23205 537
23206 523
23207 542
23208 574
23209 625
23210 554
23211 473
23212 407
23213 435
23214 449
23215 568
23216 444
23217 463
23218 564
23219 453
23220 527
23221 485
23222 619
23223 467
23224 606
23225 576
23226 508
23227 508
23228 456
23229 618
23230 655
23231 607
23232 504
23233 537
23234 542
23235 649
23236 696
23237 674
23238 662
23239 599
23240 706
23241 550
23242 682
23243 549
23244 595
23245 723
23246 663
23247 695
23248 590
23249 566
23250 700
23251 681
23252 679
23253 616
23254 580
23255 755
23256 716
23257 780
23258 622
23259 625
23260 778
23261 626
23262 715
23263 726
23264 808
23265 660
23266 772
23267 653
23268 655
23269 711
23270 666
23271 734
23272 817
23273 764
23274 688
23275 799
23276 766
23277 828
23278 718
23279 790
23280 791
23281 871
23282 919
23283 927
23284 742
23285 878
23286 583
23287 518
23288 483
23289 369
23290 389
23291 516
23292 571
23293 395
23294 481
23295 543
23296 433
23297 530
23298 513
23299 575
23300 441
23301 504
23302 608
23303 611
23304 453
23305 608
23306 512
23307 632
23308 638
23309 666
23310 618
23311 502
23312 486
23313 541
23314 547
23315 552
23316 509
23317 632
23318 655
23319 582
23320 692
23321 602
23322 645
23323 613
23324 659
23325 638
23326 659
23327 576
23328 615
23329 534
23330 601
23331 511
23332 534
23333 613
23334 507
23335 572
23336 546
23337 669
23338 642
23339 672
23340 616
23341 662
23342 725
23343 595
23344 609
23345 646
23346 623
23347 621
23348 590
23349 650
23350 688
23351 709
23352 632
23353 708
23354 767
23355 628
23356 779
23357 756
23358 785
23359 819
23360 691
23361 748
23362 780
23363 753
23364 612
23365 554
23366 623
23367 452
23368 616
23369 644
23370 581
23371 623
23372 667
23373 649
23374 557
23375 646
23376 617
23377 554
23378 660
23379 640
23380 664
23381 618
23382 544
23383 648
23384 627
23385 716
23386 707
23387 716
23388 564
23389 569
23390 611
23391 537
23392 407
23393 313
23394 420
23395 390
23396 410
23397 424
23398 485
23399 323
23400 319
23401 429
23402 503
23403 369
23404 461
23405 496
23406 415
23407 364
23408 366
23409 302
23410 252
23411 310
23412 297
23413 426
23414 296
23415 315
23416 300
23417 388
23418 506
23419 492
23420 332
23421 476
23422 352
23423 452
23424 385
23425 523
23426 499
23427 471
23428 412
23429 402
23430 549
23431 507
23432 420
23433 452
23434 534
23435 577
23436 600
23437 549
23438 504
23439 538
23440 616
23441 483
23442 570
23443 543
23444 615
23445 593
23446 558
23447 673
23448 543
23449 614
23450 628
23451 375
23452 377
23453 386
23454 414
23455 336
23456 316
23457 282
23458 351
23459 326
23460 404
23461 469
23462 456
23463 424
23464 325
23465 423
23466 403
23467 381
23468 215
23469 335
23470 263
23471 296
23472 303
23473 255
23474 402
23475 352
23476 304
23477 252
23478 407
23479 433
23480 390
23481 343
23482 436
23483 323
23484 302
23485 336
23486 381
23487 375
23488 370
23489 367
23490 385
23491 364
23492 474
23493 402
23494 429
23495 442
23496 378
23497 312
23498 376
23499 336
23500 486
23501 419
23502 421
23503 422
23504 448
23505 475
23506 392
23507 464
23508 399
23509 478
23510 439
23511 343
23512 519
23513 422
23514 418
23515 537
23516 543
23517 450
23518 487
23519 460
23520 423
23521 507
23522 403
23523 412
23524 582
23525 425
23526 584
23527 604
23528 542
23529 561
23530 562
23531 506
23532 549
23533 455
23534 502
23535 621
23536 555
23537 510
23538 495
23539 517
23540 553
23541 634
23542 550
23543 536
23544 518
23545 600
23546 664
23547 650
23548 682
23549 719
23550 470
23551 669
23552 518
23553 673
23554 510
23555 595
23556 502
23557 622
23558 561
23559 531
23560 632
23561 517
23562 692
23563 633
23564 621
23565 546
23566 651
23567 700
23568 630
23569 535
23570 573
23571 676
23572 575
23573 540
23574 528
23575 695
23576 510
23577 541
23578 553
23579 548
23580 692
23581 586
23582 543
23583 607
23584 596
23585 556
23586 567
23587 558
23588 462
23589 420
23590 412
23591 432
23592 312
23593 389
23594 267
23595 320
23596 281
23597 344
23598 396
23599 327
23600 356
23601 344
23602 390
23603 457
23604 315
23605 475
23606 338
23607 473
23608 492
23609 374
23610 436
23611 382
23612 475
23613 400
23614 339
23615 535
23616 524
23617 418
23618 529
23619 407
23620 519
23621 521
23622 559
23623 560
23624 390
23625 448
23626 583
23627 322
23628 329
23629 422
23630 304
23631 292
23632 396
23633 465
23634 338
23635 464
23636 453
23637 388
23638 375
23639 448
23640 511
23641 496
23642 363
23643 441
23644 396
23645 395
23646 511
23647 420
23648 406
23649 374
23650 405
23651 474
23652 577
23653 431
23654 564
23655 586
23656 475
23657 598
23658 539
23659 567
23660 525
23661 503
23662 485
23663 583
23664 466
23665 479
23666 527
23667 370
23668 536
23669 540
23670 539
23671 411
23672 423
23673 464
23674 378
23675 490
23676 491
23677 444
23678 467
23679 418
23680 437
23681 516
23682 567
23683 600
23684 541
23685 451
23686 564
23687 459
23688 489
23689 492
23690 617
23691 487
23692 468
23693 484
23694 500
23695 663
23696 503
23697 558
23698 558
23699 573
23700 700
23701 575
23702 670
23703 573
23704 543
23705 545
23706 461
23707 421
23708 412
23709 578
23710 591
23711 591
23712 604
23713 435
23714 499
23715 547
23716 606
23717 543
23718 597
23719 649
23720 585
23721 383
23722 396
23723 423
23724 341
23725 254
23726 287
23727 317
23728 371
23729 252
23730 307
23731 401
23732 365
23733 245
23734 346
23735 353
23736 390
23737 366
23738 410
23739 421
23740 291
23741 409
23742 383
23743 272
23744 442
23745 431
23746 305
23747 431
23748 399
23749 350
23750 427
23751 476
23752 369
23753 459
23754 417
23755 466
23756 340
23757 405
23758 399
23759 490
23760 508
23761 464
23762 384
23763 497
23764 462
23765 494
23766 396
23767 456
23768 396
23769 562
23770 489
23771 576
23772 438
23773 609
23774 492
23775 517
23776 491
23777 614
23778 581
23779 517
23780 367
23781 421
23782 388
23783 420
23784 497
23785 367
23786 506
23787 491
23788 390
23789 493
23790 413
23791 476
23792 471
23793 497
23794 531
23795 574
23796 535
23797 467
23798 594
23799 469
23800 469
23801 628
23802 605
23803 487
23804 567
23805 658
23806 548
23807 563
23808 619
23809 534
23810 600
23811 659
23812 677
23813 620
23814 724
23815 625
23816 569
23817 680
23818 636
23819 679
23820 596
23821 718
23822 719
23823 776
23824 399
23825 455
23826 469
23827 418
23828 328
23829 338
23830 348
23831 496
23832 548
23833 377
23834 545
23835 550
23836 524
23837 483
23838 468
23839 522
23840 569
23841 431
23842 295
23843 334
23844 339
23845 493
23846 399
23847 428
23848 483
23849 478
23850 525
23851 537
23852 523
23853 419
23854 544
23855 556
23856 514
23857 406
23858 465
23859 543
23860 573
23861 457
23862 530
23863 542
23864 440
23865 596
23866 503
23867 578
23868 575
23869 548
23870 484
23871 501
23872 592
23873 660
23874 582
23875 674
23876 629
23877 668
23878 455
23879 546
23880 573
23881 470
23882 596
23883 603
23884 663
23885 583
23886 484
23887 504
23888 532
23889 503
23890 530
23891 479
23892 602
23893 499
23894 500
23895 511
23896 602
23897 491
23898 564
23899 594
23900 659
23901 686
23902 518
23903 548
23904 636
23905 671
23906 644
23907 606
23908 558
23909 742
23910 714
23911 716
23912 704
23913 615
23914 596
23915 510
23916 487
23917 548
23918 675
23919 495
23920 610
23921 545
23922 557
23923 542
23924 624
23925 657
23926 493
23927 569
23928 478
23929 517
23930 551
23931 517
23932 508
23933 527
23934 509
23935 639
23936 595
23937 609
23938 487
23939 672
23940 511
23941 557
23942 649
23943 647
23944 714
23945 680
23946 674
23947 536
23948 661
23949 597
23950 642
23951 742
23952 661
23953 682
23954 652
23955 597
23956 770
23957 611
23958 776
23959 603
23960 611
23961 679
23962 766
23963 698
23964 766
23965 809
23966 818
23967 654
23968 755
23969 662
23970 843
23971 793
23972 688
23973 806
23974 706
23975 819
23976 803
23977 786
23978 777
23979 692
23980 781
23981 720
23982 749
23983 739
23984 749
23985 785
23986 778
23987 799
23988 841
23989 794
23990 950
23991 907
23992 781
23993 930
23994 891
23995 808
23996 849
23997 899
23998 965
23999 809
24000 575
24001 586
24002 460
24003 617
24004 453
24005 641
24006 637
24007 576
24008 605
24009 666
24010 570
24011 545
24012 621
24013 646
24014 590
24015 532
24016 569
24017 578
24018 603
24019 582
24020 656
24021 732
24022 701
24023 596
24024 746
24025 625
24026 665
24027 747
24028 503
24029 421
24030 425
24031 440
24032 301
24033 308
24034 291
24035 415
24036 334
24037 347
24038 464
24039 490
24040 506
24041 431
24042 506
24043 404
24044 365
24045 504
24046 377
24047 440
24048 542
24049 567
24050 547
24051 525
24052 417
24053 393
24054 534
24055 435
24056 439
24057 509
24058 480
24059 538
24060 575
24061 454
24062 470
24063 602
24064 470
24065 541
24066 502
24067 587
24068 495
24069 612
24070 647
24071 660
24072 602
24073 559
24074 449
24075 288
24076 404
24077 420
24078 369
24079 417
24080 295
24081 323
24082 352
24083 429
24084 338
24085 484
24086 454
24087 451
24088 528
24089 443
24090 481
24091 506
24092 473
24093 509
24094 429
24095 417
24096 461
24097 440
24098 526
24099 503
24100 540
24101 433
24102 582
24103 546
24104 597
24105 508
24106 502
24107 620
24108 497
24109 525
24110 522
24111 477
24112 434
24113 635
24114 449
24115 617
24116 490
24117 545
24118 655
24119 600
24120 607
24121 658
24122 542
24123 526
24124 620
24125 504
24126 663
24127 576
24128 577
24129 718
24130 659
24131 669
24132 642
24133 696
24134 688
24135 644
24136 664
24137 620
24138 732
24139 771
24140 772
24141 682
24142 692
24143 613
24144 713
24145 740
24146 721
24147 447
24148 408
24149 360
24150 366
24151 502
24152 367
24153 476
24154 382
24155 349
24156 473
24157 414
24158 372
24159 481
24160 425
24161 478
24162 546
24163 555
24164 558
24165 292
24166 339
24167 340
24168 285
24169 296
24170 370
24171 360
24172 320
24173 312
24174 368
24175 -80
24176 3
24177 -7
24178 -135
24179 -31
24180 -145
24181 -75
24182 -92
24183 -33
24184 -122
24185 31
24186 73
24187 19
24188 -54
24189 -5
24190 77
24191 -84
24192 31
24193 -40
24194 65
24195 -15
24196 22
24197 146
24198 131
24199 87
24200 101
24201 86
24202 50
24203 91
24204 138
24205 96
24206 14
24207 187
24208 188
24209 179
24210 84
24211 61
24212 129
24213 121
24214 159
24215 183
24216 58
24217 150
24218 165
24219 187
24220 176
24221 89
24222 133
24223 114
24224 192
24225 224
24226 266
24227 145
24228 233
24229 258
24230 118
24231 175
24232 193
24233 280
24234 251
24235 255
24236 221
24237 290
24238 293
24239 186
24240 251
24241 293
24242 223
24243 343
24244 260
24245 376
24246 399
24247 359
24248 391
24249 357
24250 362
24251 380
24252 432
24253 412
24254 417
24255 314
24256 290
24257 442
24258 455
24259 409
24260 464
24261 355
24262 439
24263 451
24264 346
24265 371
24266 359
24267 347
24268 500
24269 472
24270 461
24271 439
24272 555
24273 412
24274 521
24275 391
24276 541
24277 446
24278 506
24279 403
24280 516
24281 494
24282 571
24283 426
24284 485
24285 539
24286 440
24287 416
24288 390
24289 415
24290 315
24291 363
24292 404
24293 464
24294 470
24295 455
24296 476
24297 354
24298 401
24299 330
24300 463
24301 326
24302 338
24303 459
24304 448
24305 405
24306 406
24307 509
24308 438
24309 377
24310 480
24311 552
24312 487
24313 536
24314 459
24315 450
24316 527
24317 516
24318 442
24319 561
24320 432
24321 477
24322 448
24323 567
24324 486
24325 479
24326 553
24327 621
24328 607
24329 556
24330 554
24331 503
24332 522
24333 572
24334 467
24335 548
24336 436
24337 533
24338 626
24339 472
24340 604
24341 538
24342 519
24343 542
24344 634
24345 571
24346 677
24347 515
24348 663
24349 661
24350 586
24351 602
24352 703
24353 722
24354 580
24355 762
24356 726
24357 657
24358 596
24359 717
24360 594
24361 726
24362 740
24363 658
24364 778
24365 775
24366 662
24367 648
24368 533
24369 511
24370 647
24371 564
24372 233
24373 299
24374 292
24375 268
24376 319
24377 341
24378 275
24379 353
24380 255
24381 362
24382 354
24383 343
24384 273
24385 432
24386 350
24387 470
24388 457
24389 500
24390 443
24391 452
24392 360
24393 411
24394 441
24395 428
24396 388
24397 459
24398 503
24399 538
24400 519
24401 579
24402 392
24403 436
24404 448
24405 559
24406 417
24407 456
24408 457
24409 554
24410 561
24411 455
24412 403
24413 508
24414 429
24415 402
24416 542
24417 508
24418 497
24419 431
24420 499
24421 589
24422 564
24423 587
24424 600
24425 611
24426 622
24427 454
24428 640
24429 657
24430 612
24431 483
24432 561
24433 663
24434 459
24435 464
24436 490
24437 413
24438 460
24439 406
24440 380
24441 321
24442 429
24443 526
24444 336
24445 443
24446 427
24447 356
24448 466
24449 362
24450 466
24451 428
24452 464
24453 561
24454 405
24455 474
24456 503
24457 489
24458 416
24459 469
24460 561
24461 497
24462 583
24463 415
24464 452
24465 522
24466 507
24467 553
24468 448
24469 560
24470 485
24471 539
24472 512
24473 532
24474 555
24475 569
24476 469
24477 544
24478 553
24479 538
24480 356
24481 389
24482 231
24483 323
24484 369
24485 417
24486 232
24487 297
24488 311
24489 331
24490 385
24491 262
24492 464
24493 438
24494 282
24495 377
24496 424
24497 467
24498 374
24499 346
24500 353
24501 454
24502 463
24503 397
24504 505
24505 442
24506 364
24507 534
24508 379
24509 392
24510 406
24511 413
24512 497
24513 431
24514 361
24515 505
24516 356
24517 420
24518 407
24519 470
24520 447
24521 569
24522 459
24523 441
24524 500
24525 582
24526 426
24527 549
24528 478
24529 392
24530 390
24531 451
24532 535
24533 445
24534 441
24535 361
24536 402
24537 544
24538 434
24539 466
24540 446
24541 523
24542 418
24543 592
24544 502
24545 530
24546 411
24547 560
24548 599
24549 439
24550 594
24551 303
24552 496
24553 359
24554 412
24555 348
24556 362
24557 494
24558 475
24559 349
24560 443
24561 549
24562 361
24563 468
24564 541
24565 388
24566 432
24567 594
24568 447
24569 592
24570 451
24571 403
24572 459
24573 483
24574 387
24575 454
24576 517
24577 458
24578 441
24579 543
24580 501
24581 433
24582 532
24583 564
24584 469
24585 437
24586 476
24587 485
24588 397
24589 578
24590 500
24591 481
24592 419
24593 497
24594 501
24595 597
24596 519
24597 505
24598 474
24599 469
24600 361
24601 517
24602 520
24603 431
24604 382
24605 398
24606 498
24607 507
24608 444
24609 411
24610 377
24611 473
24612 447
24613 363
24614 550
24615 383
24616 556
24617 551
24618 498
24619 545
24620 549
24621 444
24622 475
24623 599
24624 501
24625 633
24626 622
24627 497
24628 648
24629 583
24630 527
24631 529
24632 512
24633 619
24634 681
24635 700
24636 667
24637 462
24638 288
24639 115
24640 291
24641 213
24642 205
24643 284
24644 302
24645 311
24646 270
24647 208
24648 297
24649 193
24650 335
24651 304
24652 360
24653 365
24654 272
24655 201
24656 203
24657 224
24658 399
24659 340
24660 235
24661 352
24662 350
24663 227
24664 117
24665 231
24666 99
24667 228
24668 186
24669 116
24670 121
24671 150
24672 172
24673 267
24674 268
24675 218
24676 220
24677 259
24678 151
24679 193
24680 194
24681 248
24682 156
24683 326
24684 244
24685 225
24686 191
24687 268
24688 231
24689 205
24690 202
24691 218
24692 232
24693 403
24694 315
24695 227
24696 332
24697 335
24698 414
24699 248
24700 446
24701 286
24702 380
24703 306
24704 400
24705 368
24706 335
24707 404
24708 352
24709 427
24710 315
24711 316
24712 346
24713 521
24714 398
24715 491
24716 401
24717 360
24718 534
24719 529
24720 391
24721 557
24722 392
24723 439
24724 462
24725 493
24726 576
24727 467
24728 554
24729 606
24730 442
24731 463
24732 591
24733 447
24734 514
24735 570
24736 498
24737 524
24738 646
24739 487
24740 577
24741 551
24742 560
24743 599
24744 659
24745 516
24746 597
24747 677
24748 592
24749 700
24750 661
24751 502
24752 591
24753 616
24754 621
24755 563
24756 564
24757 605
24758 481
24759 628
24760 534
24761 518
24762 571
24763 656
24764 582
24765 668
24766 592
24767 644
24768 517
24769 529
24770 449
24771 559
24772 569
24773 417
24774 569
24775 340
24776 313
24777 310
24778 338
24779 311
24780 198
24781 281
24782 290
24783 124
24784 287
24785 107
24786 149
24787 227
24788 126
24789 133
24790 153
24791 206
24792 344
24793 312
24794 248
24795 196
24796 228
24797 338
24798 381
24799 333
24800 356
24801 294
24802 282
24803 413
24804 350
24805 378
24806 224
24807 407
24808 356
24809 332
24810 249
24811 306
24812 301
24813 429
24814 340
24815 445
24816 382
24817 324
24818 434
24819 431
24820 376
24821 372
24822 433
24823 442
24824 327
24825 404
24826 362
24827 377
24828 527
24829 447
24830 547
24831 425
24832 521
24833 560
24834 388
24835 454
24836 532
24837 495
24838 431
24839 585
24840 487
24841 497
24842 506
24843 497
24844 625
24845 500
24846 617
24847 571
24848 617
24849 491
24850 526
24851 481
24852 546
24853 644
24854 657
24855 499
24856 647
24857 530
24858 505
24859 433
24860 512
24861 401
24862 542
24863 466
24864 432
24865 537
24866 406
24867 558
24868 449
24869 465
24870 484
24871 430
24872 406
24873 518
24874 464
24875 563
24876 614
24877 520
24878 636
24879 577
24880 482
24881 576
24882 611
24883 517
24884 521
24885 586
24886 632
24887 597
24888 666
24889 521
24890 604
24891 557
24892 559
24893 601
24894 466
24895 611
24896 627
24897 349
24898 475
24899 383
24900 495
24901 371
24902 433
24903 379
24904 457
24905 572
24906 384
24907 524
24908 396
24909 487
24910 439
24911 471
24912 588
24913 448
24914 448
24915 480
24916 526
24917 607
24918 620
24919 626
24920 583
24921 657
24922 290
24923 281
24924 248
24925 303
24926 335
24927 239
24928 312
24929 254
24930 160
24931 312
24932 366
24933 246
24934 296
24935 375
24936 286
24937 341
24938 325
24939 319
24940 288
24941 342
24942 239
24943 385
24944 352
24945 432
24946 251
24947 425
24948 292
24949 408
24950 369
24951 340
24952 329
24953 444
24954 376
24955 333
24956 471
24957 300
24958 347
24959 438
24960 310
24961 502
24962 354
24963 438
24964 392
24965 368
24966 501
24967 360
24968 406
24969 449
24970 526
24971 461
24972 407
24973 397
24974 398
24975 543
24976 478
24977 395
24978 452
24979 576
24980 457
24981 446
24982 607
24983 473
24984 510
24985 436
24986 496
24987 452
24988 519
24989 616
24990 577
24991 524
24992 525
24993 606
24994 587
24995 538
24996 590
24997 573
24998 614
24999 541
25000 571
25001 554
25002 146
25003 271
25004 266
25005 175
25006 113
25007 137
25008 112
25009 143
25010 146
25011 192
25012 248
25013 198
25014 273
25015 155
25016 226
25017 167
25018 191
25019 185
25020 311
25021 246
25022 298
25023 178
25024 381
25025 227
25026 301
25027 355
25028 218
25029 339
25030 285
25031 221
25032 412
25033 400
25034 280
25035 274
25036 340
25037 297
25038 331
25039 393
25040 293
25041 390
25042 294
25043 453
25044 399
25045 431
25046 354
25047 470
25048 349
25049 454
25050 398
25051 399
25052 434
25053 436
25054 281
25055 396
25056 307
25057 370
25058 486
25059 465
25060 443
25061 306
25062 406
25063 391
25064 399
25065 487
25066 359
25067 485
25068 384
25069 536
25070 390
25071 398
25072 383
25073 436
25074 438
25075 555
25076 561
25077 526
25078 583
25079 448
25080 490
25081 616
25082 484
25083 535
25084 460
25085 578
25086 647
25087 495
25088 481
25089 529
25090 500
25091 519
25092 670
25093 602
25094 563
25095 552
25096 564
25097 605
25098 665
25099 596
25100 611
25101 752
25102 686
25103 574
25104 617
25105 540
25106 556
25107 653
25108 560
25109 487
25110 684
25111 585
25112 556
25113 691
25114 598
25115 582
25116 555
25117 611
25118 576
25119 570
25120 600
25121 538
25122 481
25123 494
25124 551
25125 526
25126 630
25127 593
25128 657
25129 509
25130 513
25131 553
25132 494
25133 561
25134 666
25135 161
25136 177
25137 165
25138 287
25139 325
25140 153
25141 247
25142 221
25143 218
25144 276
25145 217
25146 363
25147 273
25148 349
25149 206
25150 214
25151 279
25152 312
25153 400
25154 313
25155 405
25156 395
25157 407
25158 364
25159 286
25160 416
25161 317
25162 272
25163 343
25164 313
25165 293
25166 404
25167 359
25168 343
25169 469
25170 482
25171 411
25172 479
25173 486
25174 427
25175 376
25176 523
25177 391
25178 430
25179 440
25180 409
25181 403
25182 472
25183 388
25184 544
25185 516
25186 513
25187 397
25188 572
25189 554
25190 461
25191 556
25192 422
25193 431
25194 586
25195 537
25196 478
25197 461
25198 591
25199 460
25200 612
25201 633
25202 512
25203 507
25204 539
25205 463
25206 545
25207 547
25208 636
25209 645
25210 503
25211 436
25212 539
25213 449
25214 455
25215 499
25216 551
25217 621
25218 95
25219 187
25220 218
25221 162
25222 208
25223 109
25224 106
25225 255
25226 120
25227 116
25228 206
25229 277
25230 251
25231 217
25232 167
25233 342
25234 251
25235 248
25236 371
25237 338
25238 381
25239 222
25240 219
25241 293
25242 346
25243 386
25244 225
25245 219
25246 251
25247 354
25248 225
25249 374
25250 265
25251 447
25252 324
25253 381
25254 332
25255 439
25256 336
25257 329
25258 397
25259 376
25260 393
25261 419
25262 266
25263 352
25264 347
25265 336
25266 474
25267 368
25268 356
25269 296
25270 430
25271 332
25272 356
25273 431
25274 458
25275 444
25276 519
25277 380
25278 456
25279 407
25280 412
25281 554
25282 519
25283 522
25284 384
25285 413
25286 505
25287 562
25288 485
25289 562
25290 510
25291 597
25292 566
25293 489
25294 496
25295 558
25296 505
25297 499
25298 453
25299 588
25300 620
25301 499
25302 647
25303 588
25304 524
25305 498
25306 552
25307 566
25308 675
25309 618
25310 579
25311 601
25312 620
25313 736
25314 551
25315 632
25316 680
25317 751
25318 644
25319 393
25320 456
25321 417
25322 324
25323 459
25324 531
25325 401
25326 349
25327 448
25328 419
25329 481
25330 463
25331 388
25332 377
25333 478
25334 501
25335 342
25336 450
25337 427
25338 358
25339 391
25340 488
25341 445
25342 448
25343 402
25344 430
25345 544
25346 556
25347 542
25348 525
25349 531
25350 532
25351 521
25352 510
25353 502
25354 513
25355 595
25356 602
25357 508
25358 562
25359 506
25360 571
25361 558
25362 552
25363 486
25364 538
25365 539
25366 524
25367 527
25368 528
25369 501
25370 479
25371 594
25372 550
25373 521
25374 641
25375 553
25376 601
25377 483
25378 125
25379 127
25380 200
25381 119
25382 192
25383 203
25384 85
25385 201
25386 123
25387 213
25388 131
25389 79
25390 197
25391 86
25392 280
25393 140
25394 130
25395 101
25396 135
25397 206
25398 148
25399 303
25400 233
25401 131
25402 137
25403 153
25404 181
25405 184
25406 261
25407 286
25408 196
25409 306
25410 248
25411 248
25412 339
25413 329
25414 311
25415 287
25416 279
25417 358
25418 420
25419 324
25420 261
25421 361
25422 275
25423 317
25424 369
25425 394
25426 323
25427 303
25428 345
25429 462
25430 348
25431 453
25432 442
25433 422
25434 370
25435 343
25436 374
25437 528
25438 480
25439 526
25440 471
25441 454
25442 505
25443 502
25444 479
25445 510
25446 454
25447 458
25448 458
25449 433
25450 453
25451 529
25452 595
25453 460
25454 588
25455 605
25456 602
25457 619
25458 507
25459 401
25460 416
25461 386
25462 367
25463 512
25464 339
25465 378
25466 425
25467 493
25468 361
25469 452
25470 385
25471 439
25472 405
25473 418
25474 568
25475 442
25476 515
25477 521
25478 540
25479 529
25480 516
25481 569
25482 579
25483 543
25484 533
25485 659
25486 648
25487 518
25488 577
25489 515
25490 580
25491 540
25492 623
25493 659
25494 620
25495 626
25496 685
25497 706
25498 703
25499 553
25500 654
25501 723
25502 756
25503 573
25504 544
25505 557
25506 569
25507 621
25508 522
25509 595
25510 719
25511 690
25512 706
25513 632
25514 560
25515 608
25516 693
25517 750
25518 609
25519 611
25520 647
25521 720
25522 605
25523 721
25524 773
25525 672
25526 773
25527 738
25528 752
25529 835
25530 792
25531 797
25532 793
25533 775
25534 752
25535 829
25536 677
25537 465
25538 536
25539 473
25540 455
25541 610
25542 534
25543 459
25544 588
25545 463
25546 502
25547 645
25548 523
25549 496
25550 501
25551 471
25552 474
25553 573
25554 649
25555 679
25556 617
25557 578
25558 693
25559 592
25560 708
25561 673
25562 675
25563 633
25564 538
25565 706
25566 730
25567 661
25568 698
25569 755
25570 695
25571 780
25572 755
25573 424
25574 442
25575 343
25576 358
25577 316
25578 416
25579 449
25580 397
25581 438
25582 399
25583 324
25584 419
25585 367
25586 439
25587 514
25588 476
25589 411
25590 513
25591 509
25592 481
25593 542
25594 462
25595 469
25596 558
25597 381
25598 552
25599 273
25600 235
25601 273
25602 315
25603 347
25604 321
25605 360
25606 398
25607 433
25608 433
25609 427
25610 344
25611 463
25612 310
25613 440
25614 500
25615 414
25616 460
25617 383
25618 505
25619 491
25620 440
25621 377
25622 468
25623 465
25624 444
25625 364
25626 393
25627 436
25628 495
25629 543
25630 497
25631 483
25632 415
25633 595
25634 519
25635 421
25636 475
25637 468
25638 524
25639 520
25640 599
25641 605
25642 496
25643 477
25644 463
25645 622
25646 488
25647 491
25648 504
25649 512
25650 572
25651 672
25652 645
25653 300
25654 459
25655 331
25656 420
25657 326
25658 383
25659 382
25660 354
25661 448
25662 373
25663 539
25664 478
25665 507
25666 377
25667 526
25668 448
25669 457
25670 551
25671 500
25672 496
25673 446
25674 453
25675 508
25676 554
25677 482
25678 523
25679 538
25680 449
25681 598
25682 481
25683 288
25684 333
25685 282
25686 408
25687 431
25688 384
25689 383
25690 433
25691 311
25692 427
25693 448
25694 376
25695 340
25696 403
25697 472
25698 437
25699 451
25700 442
25701 545
25702 490
25703 468
25704 479
25705 479
25706 522
25707 551
25708 561
25709 566
25710 400
25711 569
25712 576
25713 600
25714 610
25715 436
25716 517
25717 482
25718 616
25719 508
25720 495
25721 534
25722 514
25723 605
25724 612
25725 643
25726 628
25727 648
25728 531
25729 583
25730 692
25731 644
25732 538
25733 349
25734 300
25735 433
25736 334
25737 415
25738 455
25739 436
25740 520
25741 447
25742 363
25743 545
25744 365
25745 544
25746 414
25747 426
25748 463
25749 495
25750 563
25751 511
25752 581
25753 430
25754 594
25755 437
25756 598
25757 511
25758 555
25759 462
25760 561
25761 472
25762 621
25763 636
25764 549
25765 657
25766 498
25767 591
25768 594
25769 613
25770 610
25771 441
25772 565
25773 486
25774 644
25775 522
25776 475
25777 373
25778 325
25779 319
25780 401
25781 410
25782 396
25783 464
25784 459
25785 438
25786 492
25787 434
25788 397
25789 442
25790 436
25791 533
25792 492
25793 451
25794 413
25795 510
25796 484
25797 456
25798 540
25799 414
25800 458
25801 443
25802 507
25803 594
25804 609
25805 614
25806 546
25807 501
25808 541
25809 610
25810 553
25811 635
25812 522
25813 495
25814 618
25815 599
25816 250
25817 152
25818 349
25819 205
25820 317
25821 305
25822 198
25823 288
25824 349
25825 216
25826 333
25827 365
25828 344
25829 404
25830 342
25831 306
25832 398
25833 342
25834 277
25835 342
25836 424
25837 451
25838 389
25839 434
25840 428
25841 337
25842 408
25843 313
25844 431
25845 488
25846 349
25847 484
25848 484
25849 363
25850 333
25851 330
25852 348
25853 360
25854 393
25855 347
25856 517
25857 348
25858 523
25859 438
25860 410
25861 437
25862 385
25863 443
25864 522
25865 480
25866 559
25867 399
25868 507
25869 514
25870 591
25871 406
25872 465
25873 592
25874 519
25875 487
25876 394
25877 455
25878 299
25879 271
25880 463
25881 357
25882 484
25883 405
25884 430
25885 325
25886 352
25887 336
25888 482
25889 425
25890 484
25891 348
25892 416
25893 405
25894 356
25895 473
25896 394
25897 398
25898 534
25899 493
25900 381
25901 553
25902 566
25903 547
25904 496
25905 482
25906 521
25907 548
25908 497
25909 586
25910 461
25911 614
25912 603
25913 620
25914 635
25915 526
25916 496
25917 605
25918 516
25919 429
25920 492
25921 384
25922 416
25923 445
25924 427
25925 337
25926 387
25927 492
25928 391
25929 482
25930 513
25931 381
25932 504
25933 464
25934 514
25935 538
25936 481
25937 386
25938 418
25939 388
25940 315
25941 470
25942 428
25943 340
25944 349
25945 509
25946 427
25947 497
25948 494
25949 470
25950 494
25951 409
25952 509
25953 455
25954 421
25955 544
25956 473
25957 581
25958 565
25959 554
25960 539
25961 443
25962 427
25963 506
25964 637
25965 446
25966 532
25967 479
25968 563
25969 371
25970 479
25971 501
25972 467
25973 436
25974 523
25975 432
25976 418
25977 595
25978 569
25979 555
25980 514
25981 564
25982 598
25983 573
25984 569
25985 643
25986 493
25987 416
25988 462
25989 473
25990 327
25991 456
25992 366
25993 513
25994 462
25995 506
25996 456
25997 514
25998 514
25999 528
26000 419
26001 521
26002 479
26003 488
26004 515
26005 473
26006 397
26007 571
26008 502
26009 407
26010 508
26011 527
26012 453
26013 473
26014 523
26015 604
26016 472
26017 580
26018 579
26019 558
26020 572
26021 599
26022 484
26023 652
26024 482
26025 513
26026 549
26027 580
26028 639
26029 550
26030 706
26031 547
26032 463
26033 540
26034 450
26035 460
26036 398
26037 423
26038 492
26039 462
26040 583
26041 481
26042 484
26043 526
26044 625
26045 560
26046 461
26047 462
26048 627
26049 480
26050 512
26051 551
26052 508
26053 669
26054 649
26055 415
26056 423
26057 459
26058 467
26059 532
26060 525
26061 397
26062 372
26063 409
26064 401
26065 483
26066 511
26067 506
26068 442
26069 479
26070 521
26071 486
26072 547
26073 560
26074 624
26075 591
26076 482
26077 604
26078 579
26079 474
26080 552
26081 583
26082 599
26083 669
26084 674
26085 621
26086 624
26087 635
26088 543
26089 719
26090 540
26091 738
26092 732
26093 578
26094 739
26095 695
26096 668
26097 730
26098 627
26099 682
26100 760
26101 723
26102 578
26103 519
26104 584
26105 626
26106 572
26107 488
26108 581
26109 -35
26110 115
26111 41
26112 151
26113 149
26114 164
26115 4
26116 61
26117 143
26118 136
26119 117
26120 189
26121 13
26122 67
26123 14
26124 176
26125 209
26126 188
26127 173
26128 205
26129 60
26130 215
26131 186
26132 248
26133 178
26134 207
26135 176
26136 85
26137 124
26138 169
26139 278
26140 284
26141 138
26142 155
26143 299
26144 300
26145 169
26146 315
26147 242
26148 307
26149 171
26150 291
26151 349
26152 263
26153 201
26154 297
26155 347
26156 293
26157 360
26158 287
26159 381
26160 336
26161 402
26162 380
26163 421
26164 253
26165 312
26166 318
26167 244
26168 379
26169 326
26170 279
26171 326
26172 398
26173 368
26174 362
26175 451
26176 339
26177 307
26178 371
26179 428
26180 300
26181 234
26182 243
26183 398
26184 353
26185 316
26186 390
26187 398
26188 381
26189 302
26190 452
26191 329
26192 419
26193 319
26194 494
26195 408
26196 422
26197 433
26198 364
26199 383
26200 407
26201 356
26202 519
26203 425
26204 541
26205 463
26206 511
26207 464
26208 578
26209 401
26210 592
26211 485
26212 425
26213 479
26214 468
26215 475
26216 630
26217 503
26218 453
26219 484
26220 548
26221 494
26222 557
26223 518
26224 635
26225 625
26226 652
26227 655
26228 536
26229 652
26230 683
26231 704
26232 578
26233 530
26234 596
26235 656
26236 543
26237 492
26238 532
26239 427
26240 527
26241 519
26242 410
26243 517
26244 395
26245 429
26246 549
26247 559
26248 458
26249 446
26250 485
26251 440
26252 454
26253 506
26254 578
26255 508
26256 548
26257 650
26258 646
26259 515
26260 666
26261 350
26262 93
26263 225
26264 161
26265 142
26266 288
26267 109
26268 175
26269 231
26270 284
26271 217
26272 184
26273 181
26274 173
26275 281
26276 184
26277 300
26278 283
26279 351
26280 225
26281 215
26282 237
26283 361
26284 300
26285 228
26286 300
26287 379
26288 354
26289 308
26290 324
26291 360
26292 395
26293 447
26294 424
26295 310
26296 155
26297 145
26298 213
26299 339
26300 279
26301 261
26302 165
26303 319
26304 341
26305 314
26306 345
26307 240
26308 393
26309 197
26310 386
26311 235
26312 215
26313 393
26314 311
26315 316
26316 289
26317 249
26318 292
26319 328
26320 428
26321 415
26322 426
26323 345
26324 382
26325 354
26326 407
26327 357
26328 351
26329 375
26330 413
26331 461
26332 378
26333 379
26334 487
26335 428
26336 514
26337 415
26338 355
26339 429
26340 399
26341 444
26342 474
26343 321
26344 323
26345 365
26346 392
26347 391
26348 379
26349 374
26350 380
26351 413
26352 422
26353 410
26354 358
26355 505
26356 530
26357 467
26358 557
26359 477
26360 495
26361 513
26362 601
26363 511
26364 557
26365 572
26366 450
26367 551
26368 622
26369 520
26370 536
26371 502
26372 515
26373 541
26374 600
26375 487
26376 475
26377 643
26378 505
26379 322
26380 477
26381 459
26382 470
26383 485
26384 346
26385 483
26386 381
26387 520
26388 346
26389 474
26390 509
26391 436
26392 435
26393 531
26394 503
26395 436
26396 425
26397 519
26398 535
26399 519
26400 599
26401 615
26402 519
26403 582
26404 557
26405 518
26406 618
26407 437
26408 560
26409 446
26410 539
26411 571
26412 515
26413 554
26414 607
26415 518
26416 514
26417 550
26418 571
26419 554
26420 638
26421 538
26422 697
26423 354
26424 436
26425 264
26426 365
26427 281
26428 403
26429 286
26430 322
26431 298
26432 373
26433 476
26434 379
26435 399
26436 423
26437 474
26438 377
26439 525
26440 416
26441 419
26442 403
26443 382
26444 539
26445 400
26446 402
26447 456
26448 472
26449 423
26450 495
26451 574
26452 592
26453 442
26454 539
26455 558
26456 490
26457 629
26458 605
26459 510
26460 486
26461 555
26462 609
26463 613
26464 610
26465 556
26466 635
26467 417
26468 590
26469 606
26470 600
26471 493
26472 553
26473 617
26474 536
26475 525
26476 539
26477 599
26478 548
26479 648
26480 579
26481 666
26482 595
26483 685
26484 678
26485 531
26486 596
26487 616
26488 588
26489 606
26490 725
26491 639
26492 635
26493 716
26494 634
26495 611
26496 620
26497 755
26498 716
26499 718
26500 464
26501 453
26502 512
26503 564
26504 634
26505 504
26506 599
26507 520
26508 481
26509 568
26510 605
26511 442
26512 504
26513 405
26514 448
26515 508
26516 415
26517 528
26518 453
26519 472
26520 424
26521 461
26522 374
26523 537
26524 517
26525 583
26526 530
26527 374
26528 350
26529 353
26530 310
26531 407
26532 422
26533 256
26534 397
26535 419
26536 321
26537 290
26538 295
26539 325
26540 431
26541 359
26542 481
26543 483
26544 410
26545 388
26546 356
26547 490
26548 370
26549 436
26550 340
26551 323
26552 349
26553 465
26554 495
26555 338
26556 351
26557 514
26558 514
26559 468
26560 405
26561 508
26562 546
26563 391
26564 397
26565 488
26566 430
26567 419
26568 541
26569 448
26570 407
26571 518
26572 467
26573 544
26574 490
26575 527
26576 615
26577 483
26578 647
26579 482
26580 513
26581 480
26582 625
26583 512
26584 569
26585 529
26586 671
26587 597
26588 575
26589 698
26590 535
26591 674
26592 534
26593 581
26594 547
26595 569
26596 712
26597 705
26598 656
26599 745
26600 645
26601 774
26602 775
26603 667
26604 597
26605 591
26606 579
26607 747
26608 713
26609 671
26610 765
26611 715
26612 728
26613 710
26614 744
26615 636
26616 701
26617 667
26618 663
26619 399
26620 351
26621 395
26622 394
26623 315
26624 432
26625 455
26626 315
26627 470
26628 451
26629 418
26630 354
26631 338
26632 425
26633 507
26634 441
26635 532
26636 372
26637 399
26638 557
26639 536
26640 442
26641 444
26642 361
26643 441
26644 494
26645 434
26646 489
26647 362
26648 419
26649 508
26650 487
26651 384
26652 383
26653 524
26654 465
26655 454
26656 487
26657 471
26658 410
26659 540
26660 586
26661 555
26662 442
26663 522
26664 543
26665 627
26666 512
26667 494
26668 568
26669 613
26670 537
26671 487
26672 505
26673 301
26674 283
26675 445
26676 367
26677 417
26678 437
26679 471
26680 334
26681 321
26682 414
26683 323
26684 400
26685 482
26686 496
26687 465
26688 366
26689 509
26690 420
26691 513
26692 400
26693 389
26694 563
26695 537
26696 456
26697 575
26698 604
26699 461
26700 570
26701 565
26702 474
26703 617
26704 559
26705 558
26706 604
26707 517
26708 608
26709 474
26710 600
26711 641
26712 520
26713 535
26714 675
26715 653
26716 642
26717 612
26718 527
26719 585
26720 630
26721 587
26722 503
26723 389
26724 436
26725 400
26726 519
26727 480
26728 384
26729 536
26730 437
26731 462
26732 555
26733 471
26734 569
26735 504
26736 551
26737 512
26738 542
26739 567
26740 435
26741 552
26742 449
26743 549
26744 446
26745 486
26746 517
26747 464
26748 470
26749 560
26750 605
26751 517
26752 577
26753 464
26754 475
26755 514
26756 463
26757 501
26758 620
26759 448
26760 545
26761 648
26762 587
26763 569
26764 631
26765 564
26766 635
26767 680
26768 560
26769 695
26770 693
26771 650
26772 602
26773 655
26774 694
26775 707
26776 569
26777 511
26778 513
26779 473
26780 365
26781 420
26782 421
26783 547
26784 399
26785 529
26786 532
26787 531
26788 485
26789 583
26790 522
26791 519
26792 431
26793 584
26794 576
26795 614
26796 307
26797 496
26798 356
26799 488
26800 500
26801 351
26802 429
26803 338
26804 478
26805 493
26806 480
26807 437
26808 400
26809 434
26810 546
26811 524
26812 516
26813 450
26814 475
26815 528
26816 409
26817 563
26818 432
26819 529
26820 503
26821 544
26822 549
26823 458
26824 507
26825 577
26826 366
26827 247
26828 420
26829 297
26830 330
26831 402
26832 296
26833 403
26834 374
26835 317
26836 408
26837 387
26838 365
26839 407
26840 368
26841 446
26842 327
26843 462
26844 311
26845 388
26846 496
26847 396
26848 374
26849 499
26850 527
26851 504
26852 501
26853 420
26854 558
26855 493
26856 542
26857 482
26858 538
26859 431
26860 350
26861 436
26862 456
26863 356
26864 397
26865 486
26866 416
26867 422
26868 551
26869 525
26870 389
26871 448
26872 470
26873 561
26874 442
26875 576
26876 539
26877 485
26878 479
26879 597
26880 575
26881 486
26882 479
26883 502
26884 518
26885 451
26886 561
26887 565
26888 458
26889 526
26890 469
26891 454
26892 603
26893 636
26894 530
26895 564
26896 478
26897 614
26898 656
26899 629
26900 633
26901 594
26902 593
26903 715
26904 678
26905 709
26906 685
26907 696
26908 616
26909 669
26910 736
26911 564
26912 678
26913 620
26914 759
26915 631
26916 730
26917 738
26918 613
26919 779
26920 618
26921 574
26922 549
26923 551
26924 461
26925 526
26926 554
26927 526
26928 632
26929 468
26930 476
26931 625
26932 516
26933 597
26934 528
26935 663
26936 640
26937 573
26938 493
26939 553
26940 655
26941 434
26942 481
26943 519
26944 549
26945 532
26946 486
26947 381
26948 567
26949 492
26950 521
26951 547
26952 430
26953 564
26954 452
26955 481
26956 515
26957 526
26958 631
26959 511
26960 617
26961 500
26962 570
26963 425
26964 477
26965 463
26966 351
26967 505
26968 451
26969 507
26970 367
26971 552
26972 479
26973 374
26974 425
26975 507
26976 570
26977 500
26978 579
26979 454
26980 431
26981 437
26982 605
26983 548
26984 446
26985 589
26986 568
26987 567
26988 651
26989 569
26990 651
26991 535
26992 575
26993 489
26994 514
26995 601
26996 662
26997 601
26998 678
26999 648
27000 480
27001 479
27002 580
27003 629
27004 540
27005 468
27006 537
27007 537
27008 531
27009 601
27010 587
27011 478
27012 631
27013 647
27014 678
27015 511
27016 493
27017 550
27018 624
27019 557
27020 612
27021 694
27022 539
27023 667
27024 637
27025 681
27026 691
27027 695
27028 719
27029 765
27030 732
27031 607
27032 106
27033 138
27034 185
27035 169
27036 146
27037 160
27038 151
27039 257
27040 193
27041 195
27042 322
27043 225
27044 242
27045 357
27046 270
27047 188
27048 235
27049 193
27050 211
27051 236
27052 357
27053 350
27054 327
27055 314
27056 288
27057 332
27058 224
27059 427
27060 339
27061 380
27062 369
27063 300
27064 354
27065 306
27066 285
27067 417
27068 294
27069 314
27070 317
27071 358
27072 453
27073 389
27074 484
27075 396
27076 372
27077 413
27078 484
27079 543
27080 400
27081 385
27082 365
27083 385
27084 376
27085 453
27086 431
27087 477
27088 405
27089 466
27090 504
27091 534
27092 515
27093 466
27094 393
27095 296
27096 307
27097 368
27098 338
27099 304
27100 269
27101 367
27102 220
27103 360
27104 279
27105 403
27106 363
27107 397
27108 290
27109 309
27110 412
27111 427
27112 316
27113 390
27114 371
27115 343
27116 351
27117 493
27118 410
27119 405
27120 322
27121 332
27122 490
27123 355
27124 354
27125 435
27126 344
27127 544
27128 384
27129 462
27130 464
27131 527
27132 427
27133 372
27134 364
27135 418
27136 405
27137 486
27138 374
27139 455
27140 390
27141 491
27142 390
27143 481
27144 521
27145 548
27146 580
27147 541
27148 459
27149 477
27150 481
27151 444
27152 530
27153 454
27154 625
27155 485
27156 574
27157 592
27158 626
27159 498
27160 606
27161 534
27162 554
27163 689
27164 680
27165 677
27166 619
27167 704
27168 483
27169 301
27170 302
27171 314
27172 397
27173 462
27174 385
27175 395
27176 453
27177 358
27178 524
27179 441
27180 472
27181 532
27182 390
27183 548
27184 474
27185 563
27186 389
27187 492
27188 415
27189 550
27190 567
27191 511
27192 417
27193 393
27194 398
27195 469
27196 456
27197 380
27198 341
27199 355
27200 347
27201 352
27202 420
27203 379
27204 494
27205 525
27206 454
27207 499
27208 400
27209 452
27210 580
27211 552
27212 561
27213 520
27214 535
27215 627
27216 475
27217 578
27218 474
27219 617
27220 653
27221 571
27222 672
27223 666
27224 555
27225 507
27226 543
27227 557
27228 659
27229 721
27230 597
27231 644
27232 711
27233 487
27234 368
27235 405
27236 458
27237 521
27238 507
27239 430
27240 415
27241 525
27242 445
27243 515
27244 446
27245 476
27246 527
27247 397
27248 433
27249 505
27250 537
27251 502
27252 614
27253 524
27254 524
27255 452
27256 573
27257 628
27258 450
27259 647
27260 645
27261 286
27262 242
27263 279
27264 310
27265 161
27266 226
27267 319
27268 253
27269 226
27270 196
27271 312
27272 304
27273 303
27274 335
27275 261
27276 268
27277 218
27278 93
27279 215
27280 218
27281 147
27282 125
27283 285
27284 197
27285 187
27286 258
27287 198
27288 264
27289 167
27290 265
27291 182
27292 195
27293 167
27294 255
27295 288
27296 274
27297 269
27298 229
27299 318
27300 284
27301 291
27302 279
27303 220
27304 271
27305 344
27306 251
27307 238
27308 359
27309 239
27310 226
27311 361
27312 371
27313 348
27314 436
27315 362
27316 302
27317 396
27318 306
27319 441
27320 422
27321 473
27322 290
27323 372
27324 375
27325 339
27326 471
27327 455
27328 445
27329 438
27330 384
27331 497
27332 391
27333 535
27334 468
27335 402
27336 443
27337 386
27338 563
27339 425
27340 385
27341 485
27342 557
27343 564
27344 411
27345 547
27346 568
27347 555
27348 561
27349 530
27350 476
27351 588
27352 440
27353 495
27354 322
27355 458
27356 369
27357 383
27358 432
27359 344
27360 478
27361 428
27362 374
27363 518
27364 420
27365 327
27366 408
27367 525
27368 457
27369 415
27370 496
27371 485
27372 346
27373 504
27374 486
27375 431
27376 445
27377 521
27378 518
27379 507
27380 425
27381 541
27382 392
27383 496
27384 465
27385 558
27386 502
27387 488
27388 519
27389 448
27390 476
27391 433
27392 536
27393 459
27394 464
27395 603
27396 553
27397 591
27398 432
27399 458
27400 514
27401 403
27402 446
27403 455
27404 535
27405 438
27406 591
27407 447
27408 421
27409 415
27410 462
27411 573
27412 480
27413 625
27414 546
27415 480
27416 461
27417 526
27418 616
27419 543
27420 479
27421 508
27422 613
27423 656
27424 617
27425 564
27426 707
27427 405
27428 364
27429 380
27430 420
27431 362
27432 486
27433 420
27434 429
27435 545
27436 466
27437 433
27438 572
27439 546
27440 429
27441 454
27442 565
27443 480
27444 585
27445 534
27446 533
27447 506
27448 571
27449 470
27450 451
27451 560
27452 460
27453 518
27454 437
27455 583
27456 459
27457 443
27458 604
27459 443
27460 593
27461 465
27462 583
27463 563
27464 581
27465 580
27466 495
27467 558
27468 486
27469 608
27470 568
27471 573
27472 561
27473 562
27474 547
27475 597
27476 688
27477 649
27478 651
27479 645
27480 665
27481 615
27482 694
27483 531
27484 634
27485 628
27486 611
27487 721
27488 719
27489 709
27490 625
27491 649
27492 450
27493 519
27494 370
27495 373
27496 462
27497 415
27498 533
27499 492
27500 505
27501 584
27502 526
27503 599
27504 604
27505 542
27506 610
27507 622
27508 449
27509 444
27510 497
27511 574
27512 560
27513 590
27514 603
27515 664
27516 601
27517 503
27518 581
27519 501
27520 612
27521 507
27522 604
27523 633
27524 615
27525 703
27526 715
27527 698
27528 581
27529 736
27530 678
27531 751
27532 591
27533 718
27534 650
27535 744
27536 701
27537 669
27538 371
27539 382
27540 345
27541 374
27542 316
27543 302
27544 466
27545 336
27546 450
27547 357
27548 405
27549 520
27550 531
27551 491
27552 427
27553 382
27554 450
27555 435
27556 579
27557 480
27558 513
27559 507
27560 442
27561 566
27562 548
27563 632
27564 500
27565 527
27566 651
27567 605
27568 550
27569 472
27570 553
27571 581
27572 533
27573 633
27574 613
27575 562
27576 526
27577 515
27578 584
27579 643
27580 634
27581 549
27582 584
27583 666
27584 701
27585 699
27586 555
27587 597
27588 740
27589 599
27590 677
27591 646
27592 718
27593 706
27594 663
27595 648
27596 613
27597 770
27598 798
27599 727
27600 688
27601 734
27602 827
27603 775
27604 722
27605 805
27606 839
27607 780
27608 755
27609 728
27610 858
27611 795
27612 753
27613 754
27614 816
27615 770
27616 719
27617 809
27618 722
27619 747
27620 915
27621 453
27622 565
27623 626
27624 458
27625 605
27626 470
27627 526
27628 624
27629 631
27630 528
27631 469
27632 631
27633 575
27634 531
27635 530
27636 586
27637 627
27638 668
27639 587
27640 515
27641 661
27642 544
27643 569
27644 547
27645 540
27646 673
27647 645
27648 695
27649 636
27650 603
27651 659
27652 659
27653 701
27654 629
27655 691
27656 391
27657 552
27658 524
27659 411
27660 494
27661 458
27662 484
27663 487
27664 597
27665 624
27666 515
27667 543
27668 468
27669 659
27670 520
27671 582
27672 532
27673 642
27674 669
27675 574
27676 524
27677 561
27678 544
27679 643
27680 681
27681 720
27682 680
27683 559
27684 571
27685 655
27686 743
27687 661
27688 763
27689 711
27690 592
27691 638
27692 771
27693 429
27694 521
27695 550
27696 576
27697 451
27698 590
27699 465
27700 480
27701 598
27702 639
27703 642
27704 520
27705 622
27706 599
27707 502
27708 580
27709 575
27710 581
27711 646
27712 598
27713 321
27714 239
27715 240
27716 292
27717 226
27718 276
27719 294
27720 274
27721 245
27722 296
27723 366
27724 344
27725 426
27726 339
27727 99
27728 170
27729 47
27730 72
27731 193
27732 164
27733 125
27734 86
27735 67
27736 129
27737 116
27738 105
27739 203
27740 135
27741 133
27742 56
27743 163
27744 265
27745 103
27746 80
27747 129
27748 188
27749 152
27750 231
27751 196
27752 278
27753 294
27754 195
27755 110
27756 288
27757 139
27758 185
27759 164
27760 306
27761 181
27762 199
27763 198
27764 303
27765 313
27766 288
27767 172
27768 367
27769 333
27770 253
27771 295
27772 225
27773 297
27774 271
27775 293
27776 322
27777 297
27778 315
27779 347
27780 380
27781 332
27782 278
27783 339
27784 255
27785 316
27786 335
27787 444
27788 331
27789 333
27790 385
27791 400
27792 320
27793 345
27794 209
27795 222
27796 243
27797 226
27798 296
27799 236
27800 218
27801 399
27802 231
27803 304
27804 413
27805 418
27806 245
27807 445
27808 333
27809 314
27810 321
27811 330
27812 416
27813 454
27814 375
27815 383
27816 362
27817 385
27818 409
27819 330
27820 338
27821 391
27822 464
27823 364
27824 382
27825 489
27826 401
27827 471
27828 401
27829 491
27830 374
27831 480
27832 572
27833 427
27834 384
27835 501
27836 546
27837 567
27838 455
27839 439
27840 583
27841 561
27842 510
27843 520
27844 562
27845 473
27846 587
27847 534
27848 465
27849 528
27850 605
27851 578
27852 618
27853 690
27854 645
27855 643
27856 628
27857 551
27858 566
27859 604
27860 549
27861 438
27862 516
27863 605
27864 579
27865 485
27866 544
27867 607
27868 629
27869 560
27870 560
27871 660
27872 615
27873 459
27874 573
27875 577
27876 499
27877 572
27878 594
27879 424
27880 532
27881 436
27882 486
27883 463
27884 568
27885 646
27886 648
27887 544
27888 479
27889 592
27890 610
27891 680
27892 551
27893 605
27894 636
27895 557
27896 638
27897 642
27898 579
27899 630
27900 620
27901 271
27902 303
27903 256
27904 267
27905 231
27906 269
27907 219
27908 190
27909 381
27910 288
27911 219
27912 386
27913 382
27914 222
27915 393
27916 232
27917 318
27918 326
27919 281
27920 245
27921 413
27922 291
27923 415
27924 399
27925 401
27926 290
27927 459
27928 378
27929 332
27930 439
27931 477
27932 303
27933 450
27934 471
27935 412
27936 483
27937 495
27938 518
27939 334
27940 448
27941 474
27942 548
27943 453
27944 382
27945 495
27946 490
27947 580
27948 535
27949 412
27950 411
27951 254
27952 417
27953 288
27954 307
27955 327
27956 281
27957 309
27958 418
27959 445
27960 320
27961 398
27962 474
27963 327
27964 484
27965 329
27966 413
27967 520
27968 373
27969 487
27970 487
27971 396
27972 530
27973 477
27974 386
27975 547
27976 408
27977 436
27978 399
27979 450
27980 515
27981 493
27982 430
27983 589
27984 594
27985 458
27986 464
27987 515
27988 499
27989 521
27990 381
27991 549
27992 469
27993 374
27994 403
27995 396
27996 456
27997 426
27998 552
27999 576
28000 546
28001 515
28002 521
28003 417
28004 482
28005 384
28006 530
28007 592
28008 426
28009 410
28010 424
28011 600
28012 522
28013 503
28014 618
28015 611
28016 569
28017 632
28018 551
28019 560
28020 564
28021 520
28022 515
28023 668
28024 580
28025 499
28026 564
28027 670
28028 537
28029 660
28030 636
28031 568
28032 583
28033 554
28034 612
28035 671
28036 636
28037 594
28038 581
28039 685
28040 656
28041 618
28042 662
28043 480
28044 643
28045 560
28046 523
28047 492
28048 558
28049 486
28050 592
28051 495
28052 618
28053 586
28054 450
28055 450
28056 472
28057 434
28058 473
28059 457
28060 452
28061 509
28062 398
28063 383
28064 455
28065 439
28066 408
28067 391
28068 485
28069 463
28070 511
28071 489
28072 439
28073 542
28074 619
28075 442
28076 570
28077 576
28078 498
28079 514
28080 572
28081 580
28082 634
28083 536
28084 515
28085 478
28086 467
28087 557
28088 621
28089 503
28090 524
28091 663
28092 601
28093 656
28094 646
28095 610
28096 558
28097 557
28098 586
28099 533
28100 603
28101 612
28102 641
28103 565
28104 530
28105 590
28106 616
28107 640
28108 674
28109 607
28110 594
28111 348
28112 374
28113 478
28114 232
28115 306
28116 343
28117 336
28118 287
28119 336
28120 374
28121 394
28122 333
28123 388
28124 279
28125 294
28126 412
28127 280
28128 364
28129 304
28130 418
28131 277
28132 359
28133 445
28134 388
28135 411
28136 440
28137 435
28138 360
28139 438
28140 367
28141 525
28142 502
28143 526
28144 488
28145 436
28146 501
28147 424
28148 531
28149 547
28150 380
28151 542
28152 568
28153 568
28154 446
28155 501
28156 596
28157 375
28158 361
28159 439
28160 448
28161 496
28162 456
28163 508
28164 504
28165 463
28166 388
28167 404
28168 398
28169 531
28170 578
28171 409
28172 595
28173 561
28174 548
28175 549
28176 566
28177 536
28178 609
28179 571
28180 631
28181 532
28182 603
28183 630
28184 573
28185 491
28186 245
28187 294
28188 280
28189 366
28190 346
28191 388
28192 375
28193 373
28194 323
28195 392
28196 287
28197 292
28198 469
28199 395
28200 324
28201 420
28202 394
28203 424
28204 469
28205 357
28206 480
28207 381
28208 344
28209 329
28210 357
28211 379
28212 374
28213 441
28214 363
28215 473
28216 570
28217 510
28218 469
28219 412
28220 549
28221 463
28222 579
28223 593
28224 451
28225 507
28226 454
28227 518
28228 558
28229 615
28230 540
28231 558
28232 612
28233 522
28234 405
28235 511
28236 301
28237 261
28238 363
28239 318
28240 376
28241 346
28242 212
28243 327
28244 350
28245 249
28246 277
28247 355
28248 323
28249 260
28250 427
28251 390
28252 278
28253 324
28254 265
28255 327
28256 466
28257 375
28258 456
28259 388
28260 378
28261 318
28262 378
28263 341
28264 505
28265 505
28266 365
28267 449
28268 333
28269 504
28270 450
28271 413
28272 525
28273 516
28274 536
28275 538
28276 545
28277 571
28278 584
28279 427
28280 572
28281 557
28282 472
28283 413
28284 609
28285 565
28286 607
28287 473
28288 621
28289 636
28290 471
28291 484
28292 608
28293 490
28294 605
28295 587
28296 515
28297 654
28298 518
28299 540
28300 592
28301 531
28302 566
28303 578
28304 657
28305 588
28306 704
28307 620
28308 704
28309 678
28310 688
28311 566
28312 598
28313 634
28314 620
28315 584
28316 617
28317 727
28318 766
28319 726
28320 802
28321 789
28322 614
28323 717
28324 729
28325 686
28326 715
28327 750
28328 818
28329 684
28330 658
28331 816
28332 772
28333 855
28334 681
28335 768
28336 803
28337 727
28338 856
28339 838
28340 893
28341 790
28342 781
28343 734
28344 885
28345 802
28346 890
28347 837
28348 839
28349 837
28350 830
28351 342
28352 323
28353 271
28354 331
28355 387
28356 442
28357 323
28358 333
28359 356
28360 452
28361 333
28362 332
28363 469
28364 344
28365 533
28366 420
28367 426
28368 505
28369 434
28370 399
28371 351
28372 342
28373 407
28374 394
28375 327
28376 466
28377 343
28378 484
28379 471
28380 417
28381 388
28382 440
28383 508
28384 544
28385 427
28386 537
28387 383
28388 389
28389 440
28390 506
28391 492
28392 572
28393 593
28394 579
28395 633
28396 580
28397 531
28398 540
28399 545
28400 574
28401 666
28402 569
28403 595
28404 499
28405 563
28406 586
28407 551
28408 588
28409 688
28410 542
28411 573
28412 686
28413 598
28414 603
28415 593
28416 660
28417 542
28418 629
28419 616
28420 598
28421 655
28422 583
28423 627
28424 759
28425 630
28426 614
28427 776
28428 765
28429 729
28430 630
28431 704
28432 774
28433 692
28434 791
28435 801
28436 792
28437 739
28438 812
28439 686
28440 827
28441 799
28442 715
28443 796
28444 861
28445 -92
28446 61
28447 64
28448 16
28449 -59
28450 -73
28451 -46
28452 126
28453 74
28454 36
28455 105
28456 160
28457 172
28458 108
28459 98
28460 179
28461 119
28462 157
28463 79
28464 19
28465 157
28466 166
28467 163
28468 130
28469 136
28470 183
28471 91
28472 94
28473 228
28474 89
28475 88
28476 94
28477 116
28478 174
28479 146
28480 225
28481 186
28482 147
28483 234
28484 129
28485 143
28486 302
28487 212
28488 268
28489 179
28490 266
28491 346
28492 226
28493 324
28494 354
28495 371
28496 297
28497 300
28498 274
28499 333
28500 176
28501 363
28502 283
28503 227
28504 253
28505 378
28506 292
28507 281
28508 279
28509 262
28510 421
28511 290
28512 394
28513 326
28514 334
28515 345
28516 350
28517 318
28518 396
28519 324
28520 422
28521 277
28522 300
28523 309
28524 403
28525 333
28526 422
28527 465
28528 379
28529 504
28530 460
28531 361
28532 370
28533 440
28534 373
28535 454
28536 378
28537 389
28538 500
28539 503
28540 384
28541 523
28542 535
28543 442
28544 435
28545 437
28546 524
28547 461
28548 522
28549 452
28550 539
28551 547
28552 549
28553 566
28554 528
28555 502
28556 504
28557 457
28558 458
28559 615
28560 539
28561 471
28562 452
28563 551
28564 479
28565 592
28566 470
28567 601
28568 575
28569 544
28570 623
28571 555
28572 487
28573 506
28574 422
28575 442
28576 536
28577 396
28578 489
28579 568
28580 457
28581 508
28582 455
28583 581
28584 570
28585 383
28586 269
28587 378
28588 297
28589 442
28590 489
28591 306
28592 492
28593 417
28594 370
28595 425
28596 412
28597 359
28598 407
28599 510
28600 493
28601 432
28602 448
28603 484
28604 478
28605 510
28606 541
28607 377
28608 528
28609 506
28610 475
28611 457
28612 488
28613 439
28614 548
28615 431
28616 467
28617 488
28618 614
28619 446
28620 588
28621 482
28622 616
28623 536
28624 481
28625 627
28626 551
28627 485
28628 531
28629 527
28630 568
28631 628
28632 643
28633 642
28634 570
28635 559
28636 619
28637 585
28638 642
28639 719
28640 560
28641 651
28642 591
28643 606
28644 606
28645 583
28646 691
28647 643
28648 736
28649 627
28650 755
28651 614
28652 624
28653 649
28654 402
28655 286
28656 330
28657 434
28658 401
28659 398
28660 476
28661 349
28662 389
28663 355
28664 413
28665 465
28666 506
28667 498
28668 416
28669 404
28670 449
28671 464
28672 486
28673 366
28674 384
28675 439
28676 468
28677 424
28678 524
28679 423
28680 484
28681 502
28682 544
28683 495
28684 569
28685 591
28686 468
28687 480
28688 420
28689 479
28690 446
28691 498
28692 498
28693 550
28694 511
28695 619
28696 625
28697 503
28698 602
28699 670
28700 496
28701 629
28702 668
28703 597
28704 615
28705 533
28706 621
28707 547
28708 594
28709 618
28710 290
28711 410
28712 436
28713 431
28714 317
28715 394
28716 387
28717 386
28718 382
28719 296
28720 365
28721 375
28722 466
28723 315
28724 338
28725 465
28726 468
28727 372
28728 359
28729 507
28730 510
28731 359
28732 474
28733 416
28734 499
28735 390
28736 447
28737 404
28738 389
28739 511
28740 522
28741 507
28742 507
28743 601
28744 443
28745 472
28746 462
28747 413
28748 519
28749 338
28750 429
28751 406
28752 360
28753 339
28754 270
28755 413
28756 434
28757 322
28758 250
28759 246
28760 295
28761 271
28762 369
28763 333
28764 240
28765 382
28766 406
28767 363
28768 280
28769 318
28770 401
28771 366
28772 386
28773 462
28774 500
28775 508
28776 438
28777 365
28778 505
28779 369
28780 455
28781 505
28782 528
28783 438
28784 486
28785 402
28786 538
28787 400
28788 593
28789 570
28790 427
28791 533
28792 349
28793 373
28794 450
28795 341
28796 315
28797 323
28798 297
28799 388
28800 438
28801 347
28802 468
28803 381
28804 452
28805 427
28806 390
28807 357
28808 413
28809 493
28810 433
28811 393
28812 440
28813 395
28814 500
28815 376
28816 573
28817 474
28818 458
28819 434
28820 411
28821 603
28822 550
28823 467
28824 509
28825 452
28826 614
28827 568
28828 494
28829 479
28830 650
28831 540
28832 606
28833 604
28834 619
28835 542
28836 674
28837 630
28838 544
28839 676
28840 523
28841 716
28842 649
28843 625
28844 696
28845 599
28846 329
28847 297
28848 395
28849 410
28850 420
28851 296
28852 403
28853 430
28854 387
28855 326
28856 389
28857 342
28858 489
28859 457
28860 411
28861 354
28862 525
28863 529
28864 428
28865 525
28866 405
28867 570
28868 490
28869 418
28870 460
28871 526
28872 492
28873 478
28874 441
28875 467
28876 436
28877 491
28878 558
28879 614
28880 547
28881 608
28882 479
28883 459
28884 660
28885 568
28886 574
28887 623
28888 657
28889 593
28890 600
28891 529
28892 651
28893 663
28894 522
28895 688
28896 307
28897 374
28898 297
28899 433
28900 463
28901 331
28902 309
28903 385
28904 434
28905 514
28906 379
28907 462
28908 487
28909 533
28910 517
28911 394
28912 389
28913 391
28914 461
28915 370
28916 304
28917 447
28918 487
28919 412
28920 495
28921 354
28922 384
28923 513
28924 350
28925 368
28926 474
28927 466
28928 508
28929 329
28930 443
28931 360
28932 437
28933 463
28934 366
28935 343
28936 475
28937 532
28938 446
28939 430
28940 437
28941 425
28942 383
28943 528
28944 574
28945 429
28946 555
28947 576
28948 448
28949 487
28950 501
28951 563
28952 631
28953 454
28954 452
28955 565
28956 548
28957 586
28958 573
28959 611
28960 553
28961 587
28962 629
28963 631
28964 705
28965 635
28966 684
28967 641
28968 691
28969 633
28970 546
28971 590
28972 711
28973 329
28974 209
28975 387
28976 286
28977 373
28978 372
28979 407
28980 390
28981 339
28982 352
28983 309
28984 407
28985 415
28986 357
28987 439
28988 479
28989 360
28990 420
28991 445
28992 473
28993 491
28994 436
28995 359
28996 398
28997 415
28998 426
28999 426
29000 491
29001 340
29002 449
29003 370
29004 454
29005 368
29006 163
29007 159
29008 214
29009 262
29010 278
29011 277
29012 257
29013 189
29014 299
29015 232
29016 321
29017 216
29018 295
29019 271
29020 179
29021 354
29022 190
29023 295
29024 374
29025 338
29026 317
29027 363
29028 250
29029 393
29030 390
29031 244
29032 360
29033 333
29034 430
29035 299
29036 332
29037 386
29038 297
29039 387
29040 419
29041 429
29042 422
29043 385
29044 443
29045 364
29046 340
29047 396
29048 413
29049 435
29050 465
29051 459
29052 441
29053 485
29054 547
29055 385
29056 425
29057 532
29058 519
29059 499
29060 510
29061 519
29062 582
29063 496
29064 589
29065 534
29066 430
29067 491
29068 469
29069 480
29070 576
29071 530
29072 524
29073 581
29074 463
29075 595
29076 626
29077 490
29078 493
29079 677
29080 556
29081 675
29082 678
29083 571
29084 652
29085 693
29086 533
29087 636
29088 568
29089 698
29090 716
29091 637
29092 574
29093 719
29094 684
29095 693
29096 609
29097 691
29098 731
29099 638
29100 788
29101 783
29102 762
29103 539
29104 715
29105 695
29106 683
29107 643
29108 588
29109 689
29110 662
29111 604
29112 657
29113 654
29114 627
29115 794
29116 777
29117 648
29118 686
29119 457
29120 519
29121 569
29122 481
29123 631
29124 657
29125 553
29126 565
29127 614
29128 616
29129 508
29130 673
29131 624
29132 700
29133 522
29134 554
29135 676
29136 687
29137 599
29138 529
29139 690
29140 546
29141 681
29142 591
29143 574
29144 733
29145 566
29146 695
29147 575
29148 399
29149 454
29150 466
29151 349
29152 322
29153 399
29154 302
29155 378
29156 487
29157 353
29158 395
29159 360
29160 420
29161 493
29162 504
29163 495
29164 446
29165 396
29166 547
29167 547
29168 532
29169 497
29170 585
29171 497
29172 494
29173 444
29174 392
29175 405
29176 502
29177 470
29178 436
29179 525
29180 542
29181 424
29182 465
29183 525
29184 449
29185 551
29186 472
29187 603
29188 543
29189 514
29190 637
29191 624
29192 542
29193 454
29194 608
29195 612
29196 555
29197 452
29198 609
29199 553
29200 560
29201 549
29202 598
29203 530
29204 629
29205 524
29206 646
29207 629
29208 529
29209 582
29210 506
29211 540
29212 672
29213 581
29214 633
29215 562
29216 572
29217 627
29218 706
29219 665
29220 347
29221 452
29222 378
29223 413
29224 311
29225 321
29226 417
29227 458
29228 369
29229 463
29230 383
29231 374
29232 408
29233 374
29234 362
29235 534
29236 388
29237 392
29238 462
29239 405
29240 475
29241 511
29242 569
29243 517
29244 420
29245 589
29246 577
29247 503
29248 501
29249 484
29250 460
29251 572
29252 524
29253 534
29254 535
29255 502
29256 522
29257 462
29258 528
29259 618
29260 478
29261 551
29262 469
29263 171
29264 179
29265 224
29266 284
29267 168
29268 207
29269 339
29270 207
29271 272
29272 214
29273 365
29274 359
29275 240
29276 382
29277 285
29278 380
29279 285
29280 268
29281 389
29282 307
29283 323
29284 411
29285 369
29286 358
29287 433
29288 337
29289 276
29290 269
29291 344
29292 459
29293 397
29294 351
29295 474
29296 323
29297 387
29298 384
29299 405
29300 513
29301 508
29302 363
29303 373
29304 469
29305 378
29306 409
29307 543
29308 552
29309 474
29310 422
29311 579
29312 574
29313 590
29314 446
29315 531
29316 432
29317 468
29318 612
29319 582
29320 391
29321 399
29322 413
29323 265
29324 269
29325 293
29326 336
29327 472
29328 459
29329 438
29330 313
29331 491
29332 495
29333 358
29334 435
29335 513
29336 446
29337 366
29338 476
29339 395
29340 391
29341 430
29342 397
29343 407
29344 375
29345 420
29346 479
29347 488
29348 421
29349 465
29350 578
29351 470
29352 539
29353 536
29354 452
29355 583
29356 475
29357 457
29358 545
29359 369
29360 476
29361 482
29362 552
29363 277
29364 414
29365 356
29366 406
29367 398
29368 402
29369 428
29370 389
29371 457
29372 455
29373 409
29374 441
29375 459
29376 317
29377 439
29378 484
29379 460
29380 529
29381 415
29382 393
29383 368
29384 467
29385 471
29386 432
29387 396
29388 507
29389 509
29390 378
29391 549
29392 525
29393 407
29394 522
29395 428
29396 506
29397 429
29398 565
29399 600
29400 505
29401 511
29402 503
29403 457
29404 470
29405 517
29406 629
29407 648
29408 527
29409 673
29410 571
29411 438
29412 580
29413 536
29414 532
29415 575
29416 476
29417 642
29418 562
29419 522
29420 511
29421 614
29422 667
29423 600
29424 561
29425 697
29426 681
29427 599
29428 521
29429 689
29430 537
29431 479
29432 439
29433 328
29434 429
29435 415
29436 501
29437 461
29438 526
29439 558
29440 469
29441 446
29442 496
29443 539
29444 545
29445 468
29446 524
29447 593
29448 498
29449 439
29450 471
29451 507
29452 425
29453 519
29454 562
29455 484
29456 612
29457 415
29458 439
29459 328
29460 434
29461 396
29462 307
29463 322
29464 462
29465 485
29466 420
29467 420
29468 366
29469 480
29470 346
29471 481
29472 424
29473 395
29474 475
29475 451
29476 460
29477 469
29478 502
29479 401
29480 581
29481 553
29482 584
29483 408
29484 431
29485 510
29486 538
29487 435
29488 566
29489 502
29490 646
29491 500
29492 515
29493 568
29494 566
29495 508
29496 680
29497 662
29498 552
29499 594
29500 589
29501 502
29502 521
29503 466
29504 381
29505 475
29506 476
29507 556
29508 494
29509 448
29510 572
29511 526
29512 523
29513 481
29514 447
29515 614
29516 632
29517 494
29518 580
29519 465
29520 633
29521 530
29522 608
29523 523
29524 571
29525 519
29526 594
29527 662
29528 517
29529 544
29530 617
29531 532
29532 544
29533 596
29534 613
29535 676
29536 679
29537 590
29538 652
29539 551
29540 432
29541 464
29542 432
29543 609
29544 487
29545 500
29546 493
29547 290
29548 442
29549 329
29550 313
29551 448
29552 496
29553 362
29554 360
29555 358
29556 443
29557 521
29558 473
29559 534
29560 478
29561 413
29562 354
29563 387
29564 562
29565 525
29566 540
29567 569
29568 512
29569 484
29570 478
29571 413
29572 425
29573 590
29574 530
29575 410
29576 507
29577 613
29578 465
29579 449
29580 593
29581 464
29582 548
29583 635
29584 561
29585 525
29586 514
29587 579
29588 618
29589 622
29590 516
29591 631
29592 526
29593 504
29594 534
29595 627
29596 520
29597 650
29598 643
29599 581
29600 690
29601 669
29602 714
29603 657
29604 566
29605 743
29606 530
29607 370
29608 386
29609 571
29610 443
29611 446
29612 476
29613 248
29614 291
29615 273
29616 232
29617 275
29618 296
29619 341
29620 362
29621 189
29622 202
29623 216
29624 356
29625 249
29626 261
29627 203
29628 364
29629 329
29630 234
29631 297
29632 358
29633 351
29634 401
29635 316
29636 369
29637 408
29638 440
29639 323
29640 373
29641 415
29642 370
29643 309
29644 340
29645 248
29646 307
29647 204
29648 411
29649 319
29650 271
29651 265
29652 287
29653 417
29654 397
29655 258
29656 389
29657 338
29658 421
29659 337
29660 415
29661 297
29662 319
29663 400
29664 341
29665 506
29666 467
29667 409
29668 405
29669 480
29670 527
29671 370
29672 410
29673 498
29674 556
29675 579
29676 543
29677 503
29678 418
29679 579
29680 525
29681 528
29682 513
29683 491
29684 540
29685 591
29686 474
29687 585
29688 555
29689 611
29690 626
29691 647
29692 523
29693 613
29694 608
29695 544
29696 580
29697 707
29698 552
29699 520
29700 342
29701 243
29702 208
29703 286
29704 365
29705 258
29706 431
29707 257
29708 300
29709 333
29710 351
29711 302
29712 370
29713 370
29714 373
29715 478
29716 306
29717 371
29718 350
29719 402
29720 380
29721 483
29722 520
29723 444
29724 439
29725 458
29726 506
29727 409
29728 416
29729 458
29730 481
29731 435
29732 489
29733 536
29734 453
29735 422
29736 451
29737 554
29738 475
29739 484
29740 496
29741 457
29742 558
29743 501
29744 561
29745 403
29746 425
29747 428
29748 580
29749 606
29750 447
29751 486
29752 478
29753 550
29754 444
29755 488
29756 575
29757 524
29758 627
29759 556
29760 490
29761 470
29762 577
29763 437
29764 557
29765 520
29766 446
29767 526
29768 479
29769 522
29770 629
29771 521
29772 563
29773 623
29774 511
29775 559
29776 472
29777 486
29778 614
29779 669
29780 552
29781 606
29782 660
29783 541
29784 604
29785 720
29786 546
29787 692
29788 605
29789 543
29790 633
29791 552
29792 573
29793 636
29794 522
29795 610
29796 688
29797 567
29798 614
29799 635
29800 583
29801 621
29802 675
29803 568
29804 705
29805 587
29806 725
29807 752
29808 699
29809 679
29810 716
29811 796
29812 765
29813 774
29814 764
29815 768
29816 805
29817 653
29818 743
29819 751
29820 690
29821 848
29822 806
29823 714
29824 733
29825 707
29826 851
29827 892
29828 856
29829 417
29830 586
29831 605
29832 513
29833 499
29834 469
29835 544
29836 532
29837 484
29838 462
29839 514
29840 537
29841 580
29842 617
29843 491
29844 646
29845 493
29846 523
29847 494
29848 438
29849 468
29850 584
29851 436
29852 484
29853 497
29854 618
29855 292
29856 266
29857 401
29858 334
29859 322
29860 397
29861 362
29862 354
29863 439
29864 400
29865 335
29866 400
29867 447
29868 315
29869 479
29870 380
29871 391
29872 449
29873 481
29874 506
29875 508
29876 540
29877 352
29878 479
29879 411
29880 380
29881 465
29882 567
29883 383
29884 420
29885 566
29886 410
29887 496
29888 482
29889 541
29890 620
29891 444
29892 597
29893 581
29894 476
29895 630
29896 605
29897 522
29898 523
29899 529
29900 523
29901 542
29902 522
29903 627
29904 614
29905 672
29906 736
29907 697
29908 448
29909 499
29910 598
29911 451
29912 459
29913 534
29914 509
29915 444
29916 389
29917 536
29918 578
29919 440
29920 447
29921 369
29922 392
29923 459
29924 355
29925 487
29926 510
29927 472
29928 414
29929 426
29930 539
29931 484
29932 426
29933 560
29934 539
29935 499
29936 523
29937 520
29938 456
29939 415
29940 440
29941 431
29942 498
29943 574
29944 537
29945 454
29946 532
29947 453
29948 634
29949 607
29950 489
29951 592
29952 532
29953 499
29954 538
29955 648
29956 658
29957 524
29958 677
29959 623
29960 486
29961 423
29962 370
29963 518
29964 528
29965 455
29966 519
29967 424
29968 547
29969 515
29970 421
29971 417
29972 582
29973 455
29974 431
29975 530
29976 617
29977 604
29978 544
29979 599
29980 455
29981 447
29982 591
29983 632
29984 507
29985 628
29986 575
29987 518
29988 668
29989 533
29990 268
29991 328
29992 336
29993 393
29994 257
29995 288
29996 375
29997 335
29998 307
29999 376
30000 431
30001 334
30002 454
30003 445
30004 334
30005 413
30006 374
30007 343
30008 363
30009 487
30010 351
30011 397
30012 372
30013 452
30014 396
30015 381
30016 444
30017 375
30018 514
30019 420
30020 451
30021 564
30022 583
30023 574
30024 534
30025 589
30026 504
30027 474
30028 515
30029 457
30030 518
30031 586
30032 609
30033 436
30034 493
30035 438
30036 318
30037 386
30038 509
30039 466
30040 486
30041 338
30042 391
30043 512
30044 524
30045 381
30046 376
30047 304
30048 310
30049 350
30050 398
30051 502
30052 359
30053 320
30054 415
30055 403
30056 434
30057 500
30058 374
30059 423
30060 421
30061 555
30062 509
30063 474
30064 393
30065 460
30066 476
30067 465
30068 426
30069 561
30070 425
30071 434
30072 546
30073 506
30074 544
30075 434
30076 582
30077 586
30078 594
30079 429
30080 432
30081 493
30082 464
30083 422
30084 394
30085 430
30086 492
30087 453
30088 455
30089 415
30090 431
30091 498
30092 540
30093 526
30094 552
30095 544
30096 579
30097 501
30098 601
30099 529
30100 507
30101 493
30102 497
30103 551
30104 649
30105 526
30106 618
30107 585
30108 619
30109 490
30110 619
30111 477
30112 512
30113 568
30114 498
30115 580
30116 630
30117 579
30118 643
30119 535
30120 598
30121 532
30122 682
30123 551
30124 597
30125 741
30126 643
30127 588
30128 721
30129 615
30130 201
30131 387
30132 366
30133 212
30134 263
30135 346
30136 350
30137 243
30138 419
30139 273
30140 366
30141 292
30142 349
30143 368
30144 431
30145 415
30146 455
30147 420
30148 420
30149 376
30150 296
30151 402
30152 473
30153 412
30154 337
30155 323
30156 442
30157 420
30158 435
30159 415
30160 486
30161 475
30162 448
30163 363
30164 524
30165 481
30166 351
30167 523
30168 425
30169 540
30170 517
30171 462
30172 415
30173 431
30174 406
30175 559
30176 517
30177 551
30178 618
30179 534
30180 463
30181 336
30182 391
30183 372
30184 410
30185 406
30186 475
30187 412
30188 546
30189 534
30190 404
30191 597
30192 456
30193 576
30194 491
30195 538
30196 457
30197 629
30198 557
30199 560
30200 635
30201 538
30202 495
30203 550
30204 620
30205 488
30206 261
30207 393
30208 313
30209 240
30210 370
30211 366
30212 256
30213 412
30214 390
30215 285
30216 305
30217 264
30218 424
30219 427
30220 431
30221 464
30222 475
30223 467
30224 312
30225 450
30226 411
30227 462
30228 321
30229 401
30230 350
30231 442
30232 508
30233 368
30234 439
30235 515
30236 487
30237 505
30238 340
30239 388
30240 347
30241 153
30242 294
30243 120
30244 261
30245 318
30246 247
30247 322
30248 159
30249 319
30250 340
30251 240
30252 264
30253 323
30254 362
30255 305
30256 203
30257 287
30258 271
30259 318
30260 226
30261 367
30262 244
30263 396
30264 306
30265 356
30266 385
30267 264
30268 375
30269 418
30270 463
30271 438
30272 426
30273 465
30274 465
30275 359
30276 396
30277 466
30278 383
30279 456
30280 508
30281 420
30282 484
30283 335
30284 425
30285 539
30286 379
30287 364
30288 541
30289 364
30290 410
30291 412
30292 413
30293 498
30294 598
30295 570
30296 579
30297 486
30298 556
30299 527
30300 445
30301 447
30302 514
30303 531
30304 582
30305 412
30306 605
30307 478
30308 518
30309 453
30310 461
30311 544
30312 495
30313 552
30314 522
30315 573
30316 498
30317 615
30318 645
30319 552
30320 439
30321 451
30322 478
30323 440
30324 386
30325 317
30326 323
30327 447
30328 353
30329 314
30330 292
30331 294
30332 369
30333 488
30334 374
30335 350
30336 392
30337 446
30338 401
30339 370
30340 480
30341 474
30342 435
30343 492
30344 556
30345 405
30346 416
30347 242
30348 262
30349 367
30350 401
30351 314
30352 328
30353 298
30354 422
30355 425
30356 397
30357 432
30358 416
30359 374
30360 405
30361 493
30362 318
30363 360
30364 355
30365 465
30366 334
30367 392
30368 428
30369 375
30370 376
30371 532
30372 457
30373 458
30374 425
30375 520
30376 538
30377 464
30378 428
30379 558
30380 434
30381 566
30382 491
30383 447
30384 449
30385 517
30386 474
30387 470
30388 453
30389 638
30390 499
30391 497
30392 525
30393 501
30394 565
30395 630
30396 487
30397 581
30398 559
30399 558
30400 522
30401 664
30402 692
30403 617
30404 663
30405 613
30406 709
30407 508
30408 530
30409 413
30410 550
30411 562
30412 531
30413 580
30414 510
30415 453
30416 521
30417 559
30418 584
30419 408
30420 374
30421 498
30422 422
30423 447
30424 517
30425 532
30426 561
30427 430
30428 396
30429 444
30430 541
30431 566
30432 530
30433 560
30434 590
30435 490
30436 509
30437 563
30438 449
30439 575
30440 503
30441 492
30442 570
30443 614
30444 612
30445 626
30446 662
30447 509
30448 543
30449 573
30450 640
30451 509
30452 572
30453 690
30454 585
30455 617
30456 674
30457 604
30458 529
30459 538
30460 569
30461 598
30462 618
30463 575
30464 695
30465 726
30466 638
30467 726
30468 670
30469 623
30470 577
30471 721
30472 633
30473 685
30474 725
30475 657
30476 752
30477 700
30478 620
30479 626
30480 429
30481 397
30482 312
30483 499
30484 392
30485 331
30486 432
30487 377
30488 352
30489 517
30490 388
30491 396
30492 443
30493 564
30494 528
30495 459
30496 490
30497 428
30498 404
30499 588
30500 452
30501 552
30502 585
30503 599
30504 591
30505 550
30506 471
30507 636
30508 515
30509 413
30510 374
30511 395
30512 497
30513 555
30514 498
30515 539
30516 404
30517 540
30518 429
30519 529
30520 399
30521 447
30522 473
30523 530
30524 530
30525 480
30526 532
30527 444
30528 563
30529 465
30530 572
30531 477
30532 576
30533 479
30534 629
30535 474
30536 526
30537 559
30538 599
30539 661
30540 668
30541 598
30542 513
30543 668
30544 561
30545 621
30546 599
30547 550
30548 423
30549 483
30550 585
30551 486
30552 567
30553 498
30554 578
30555 641
30556 535
30557 515
30558 564
30559 584
30560 583
30561 550
30562 555
30563 471
30564 594
30565 568
30566 646
30567 646
30568 685
30569 666
30570 567
30571 541
30572 533
30573 705
30574 672
30575 707
30576 682
30577 548
30578 551
30579 562
30580 733
30581 725
30582 758
30583 351
30584 210
30585 217
30586 359
30587 375
30588 294
30589 313
30590 291
30591 211
30592 342
30593 247
30594 225
30595 415
30596 320
30597 294
30598 333
30599 441
30600 263
30601 300
30602 333
30603 292
30604 352
30605 429
30606 331
30607 341
30608 410
30609 447
30610 430
30611 343
30612 450
30613 499
30614 239
30615 337
30616 272
30617 314
30618 312
30619 451
30620 379
30621 391
30622 471
30623 445
30624 322
30625 429
30626 493
30627 473
30628 384
30629 321
30630 361
30631 417
30632 347
30633 515
30634 456
30635 434
30636 405
30637 470
30638 492
30639 468
30640 563
30641 413
30642 407
30643 508
30644 451
30645 599
30646 457
30647 431
30648 534
30649 493
30650 488
30651 640
30652 560
30653 478
30654 625
30655 530
30656 520
30657 505
30658 389
30659 390
30660 498
30661 417
30662 560
30663 377
30664 509
30665 438
30666 400
30667 568
30668 425
30669 600
30670 443
30671 480
30672 444
30673 481
30674 512
30675 623
30676 620
30677 566
30678 592
30679 562
30680 650
30681 574
30682 621
30683 407
30684 421
30685 446
30686 483
30687 485
30688 530
30689 561
30690 404
30691 553
30692 509
30693 467
30694 536
30695 426
30696 376
30697 437
30698 418
30699 400
30700 395
30701 385
30702 512
30703 407
30704 481
30705 598
30706 583
30707 494
30708 568
30709 593
30710 550
30711 461
30712 463
30713 476
30714 372
30715 386
30716 452
30717 384
30718 514
30719 478
30720 506
30721 422
30722 495
30723 441
30724 449
30725 444
30726 537
30727 446
30728 462
30729 532
30730 534
30731 492
30732 470
30733 575
30734 572
30735 409
30736 571
30737 566
30738 607
30739 609
30740 578
30741 541
30742 465
30743 592
30744 611
30745 658
30746 673
30747 670
30748 539
30749 599
30750 586
30751 622
30752 511
30753 525
30754 532
30755 568
30756 601
30757 592
30758 455
30759 499
30760 476
30761 534
30762 397
30763 529
30764 428
30765 516
30766 516
30767 457
30768 443
30769 494
30770 414
30771 554
30772 545
30773 615
30774 486
30775 629
30776 575
30777 503
30778 494
30779 512
30780 473
30781 162
30782 160
30783 154
30784 137
30785 250
30786 135
30787 195
30788 160
30789 215
30790 106
30791 187
30792 257
30793 117
30794 265
30795 304
30796 283
30797 212
30798 151
30799 233
30800 216
30801 164
30802 153
30803 279
30804 318
30805 347
30806 198
30807 357
30808 320
30809 325
30810 167
30811 307
30812 233
30813 242
30814 269
30815 234
30816 300
30817 409
30818 268
30819 402
30820 269
30821 382
30822 410
30823 365
30824 398
30825 382
30826 404
30827 357
30828 346
30829 451
30830 403
30831 322
30832 390
30833 334
30834 430
30835 496
30836 325
30837 352
30838 476
30839 296
30840 289
30841 249
30842 382
30843 342
30844 309
30845 398
30846 247
30847 303
30848 335
30849 420
30850 265
30851 303
30852 381
30853 425
30854 363
30855 362
30856 410
30857 369
30858 305
30859 411
30860 357
30861 333
30862 388
30863 329
30864 380
30865 421
30866 437
30867 495
30868 388
30869 350
30870 356
30871 355
30872 405
30873 363
30874 411
30875 472
30876 418
30877 525
30878 477
30879 266
30880 338
30881 355
30882 416
30883 405
30884 316
30885 383
30886 479
30887 313
30888 386
30889 338
30890 351
30891 482
30892 487
30893 417
30894 504
30895 490
30896 375
30897 405
30898 524
30899 546
30900 427
30901 486
30902 495
30903 480
30904 424
30905 439
30906 558
30907 459
30908 543
30909 426
30910 546
30911 520
30912 516
30913 486
30914 512
30915 455
30916 632
30917 571
30918 586
30919 478
30920 496
30921 598
30922 606
30923 661
30924 563
30925 598
30926 618
30927 645
30928 632
30929 667
30930 490
30931 554
30932 424
30933 601
30934 463
30935 471
30936 461
30937 507
30938 563
30939 475
30940 627
30941 512
30942 663
30943 480
30944 595
30945 593
30946 602
30947 489
30948 558
30949 541
30950 493
30951 441
30952 581
30953 567
30954 511
30955 596
30956 438
30957 558
30958 513
30959 597
30960 631
30961 648
30962 620
30963 586
30964 671
30965 531
30966 602
30967 705
30968 604
30969 597
30970 547
30971 589
30972 574
30973 690
30974 654
30975 556
30976 729
30977 420
30978 428
30979 378
30980 376
30981 419
30982 519
30983 472
30984 502
30985 580
30986 416
30987 534
30988 496
30989 478
30990 429
30991 630
30992 509
30993 591
30994 503
30995 501
30996 633
30997 518
30998 595
30999 345
31000 515
31001 447
31002 404
31003 401
31004 375
31005 367
31006 441
31007 390
31008 523
31009 486
31010 446
31011 548
31012 484
31013 541
31014 591
31015 535
31016 519
31017 534
31018 506
31019 433
31020 575
31021 502
31022 523
31023 636
31024 649
31025 478
31026 595
31027 505
31028 643
31029 577
31030 604
31031 525
31032 596
31033 549
31034 718
31035 692
31036 589
31037 708
31038 576
31039 680
31040 599
31041 752
31042 621
31043 665
31044 679
31045 749
31046 779
31047 735
31048 671
31049 807
31050 739
31051 645
31052 714
31053 788
31054 741
31055 703
31056 840
31057 663
31058 775
31059 709
31060 834
31061 691
31062 729
31063 776
31064 554
31065 671
31066 523
31067 598
31068 551
31069 595
31070 606
31071 552
31072 693
31073 639
31074 628
31075 613
31076 580
31077 731
31078 705
31079 682
31080 568
31081 653
31082 694
31083 760
31084 694
31085 480
31086 535
31087 500
31088 475
31089 463
31090 451
31091 458
31092 511
31093 536
31094 525
31095 541
31096 591
31097 448
31098 529
31099 625
31100 587
31101 599
31102 613
31103 448
31104 478
31105 507
31106 669
31107 536
31108 551
31109 585
31110 599
31111 644
31112 546
31113 505
31114 548
31115 692
31116 671
31117 580
31118 713
31119 696
31120 576
31121 628
31122 662
31123 551
31124 701
31125 652
31126 567
31127 619
31128 769
31129 635
31130 653
31131 740
31132 803
31133 801
31134 809
31135 651
31136 675
31137 758
31138 753
31139 695
31140 817
31141 808
31142 731
31143 786
31144 859
31145 572
31146 726
31147 677
31148 581
31149 781
31150 745
31151 656
31152 666
31153 626
31154 646
31155 674
31156 494
31157 575
31158 582
31159 603
31160 689
31161 534
31162 607
31163 638
31164 696
31165 371
31166 366
31167 431
31168 310
31169 371
31170 444
31171 370
31172 391
31173 315
31174 474
31175 368
31176 431
31177 428
31178 375
31179 373
31180 389
31181 430
31182 378
31183 455
31184 488
31185 483
31186 402
31187 418
31188 510
31189 388
31190 424
31191 559
31192 464
31193 534
31194 547
31195 562
31196 303
31197 360
31198 341
31199 336
31200 483
31201 456
31202 453
31203 436
31204 386
31205 469
31206 481
31207 352
31208 446
31209 501
31210 430
31211 520
31212 421
31213 419
31214 543
31215 382
31216 470
31217 440
31218 462
31219 452
31220 484
31221 512
31222 423
31223 542
31224 560
31225 581
31226 572
31227 443
31228 553
31229 553
31230 593
31231 506
31232 562
31233 493
31234 589
31235 571
31236 533
31237 540
31238 578
31239 688
31240 606
31241 702
31242 547
31243 616
31244 623
31245 614
31246 630
31247 618
31248 562
31249 655
31250 660
31251 503
31252 571
31253 485
31254 549
31255 516
31256 524
31257 596
31258 634
31259 627
31260 678
31261 559
31262 581
31263 601
31264 663
31265 665
31266 751
31267 593
31268 759
31269 576
31270 755
31271 406
31272 462
31273 562
31274 525
31275 385
31276 436
31277 439
31278 465
31279 435
31280 327
31281 337
31282 323
31283 358
31284 456
31285 507
31286 483
31287 459
31288 371
31289 471
31290 462
31291 526
31292 476
31293 446
31294 505
31295 485
31296 521
31297 554
31298 484
31299 415
31300 592
31301 406
31302 473
31303 546
31304 611
31305 516
31306 493
31307 437
31308 571
31309 579
31310 612
31311 547
31312 538
31313 550
31314 504
31315 641
31316 600
31317 596
31318 572
31319 695
31320 688
31321 525
31322 636
31323 579
31324 531
31325 681
31326 689
31327 553
31328 573
31329 554
31330 441
31331 534
31332 495
31333 463
31334 532
31335 387
31336 471
31337 399
31338 558
31339 519
31340 483
31341 458
31342 576
31343 436
31344 543
31345 574
31346 504
31347 592
31348 581
31349 632
31350 547
31351 466
31352 332
31353 378
31354 469
31355 475
31356 367
31357 359
31358 344
31359 481
31360 357
31361 386
31362 390
31363 359
31364 372
31365 443
31366 479
31367 549
31368 489
31369 502
31370 540
31371 564
31372 467
31373 451
31374 433
31375 386
31376 368
31377 356
31378 305
31379 364
31380 429
31381 294
31382 269
31383 285
31384 282
31385 362
31386 267
31387 370
31388 348
31389 438
31390 437
31391 322
31392 374
31393 327
31394 457
31395 418
31396 448
31397 450
31398 492
31399 477
31400 436
31401 417
31402 434
31403 408
31404 393
31405 461
31406 524
31407 508
31408 520
31409 381
31410 449
31411 413
31412 504
31413 515
31414 468
31415 487
31416 544
31417 525
31418 488
31419 495
31420 576
31421 470
31422 506
31423 454
31424 526
31425 525
31426 519
31427 507
31428 493
31429 592
31430 515
31431 504
31432 375
31433 450
31434 468
31435 429
31436 566
31437 402
31438 430
31439 550
31440 491
31441 505
31442 491
31443 419
31444 417
31445 505
31446 581
31447 446
31448 455
31449 469
31450 455
31451 518
31452 546
31453 570
31454 611
31455 581
31456 480
31457 554
31458 491
31459 535
31460 521
31461 635
31462 568
31463 680
31464 591
31465 709
31466 688
31467 551
31468 527
31469 538
31470 696
31471 678
31472 647
31473 493
31474 488
31475 452
31476 476
31477 455
31478 493
31479 489
31480 453
31481 463
31482 514
31483 466
31484 407
31485 431
31486 544
31487 559
31488 533
31489 595
31490 492
31491 343
31492 383
31493 430
31494 557
31495 404
31496 453
31497 444
31498 508
31499 563
31500 400
31501 424
31502 333
31503 452
31504 506
31505 511
31506 381
31507 383
31508 399
31509 418
31510 554
31511 384
31512 523
31513 548
31514 577
31515 570
31516 469
31517 471
31518 402
31519 330
31520 461
31521 436
31522 354
31523 501
31524 457
31525 344
31526 454
31527 448
31528 472
31529 472
31530 396
31531 398
31532 357
31533 441
31534 384
31535 540
31536 448
31537 441
31538 438
31539 413
31540 385
31541 581
31542 585
31543 595
31544 600
31545 599
31546 510
31547 610
31548 507
31549 616
31550 613
31551 456
31552 590
31553 526
31554 493
31555 538
31556 517
31557 622
31558 472
31559 478
31560 609
31561 525
31562 642
31563 461
31564 483
31565 415
31566 363
31567 440
31568 509
31569 444
31570 358
31571 363
31572 464
31573 487
31574 502
31575 342
31576 368
31577 382
31578 463
31579 423
31580 463
31581 455
31582 453
31583 431
31584 398
31585 411
31586 462
31587 377
31588 405
31589 478
31590 369
31591 364
31592 515
31593 499
31594 358
31595 464
31596 541
31597 495
31598 546
31599 515
31600 386
31601 457
31602 481
31603 415
31604 427
31605 460
31606 546
31607 462
31608 526
31609 485
31610 544
31611 604
31612 508
31613 485
31614 652
31615 528
31616 501
31617 498
31618 329
31619 284
31620 203
31621 280
31622 236
31623 234
31624 257
31625 297
31626 223
31627 316
31628 312
31629 388
31630 366
31631 325
31632 215
31633 226
31634 279
31635 227
31636 414
31637 273
31638 347
31639 318
31640 295
31641 279
31642 350
31643 330
31644 420
31645 418
31646 391
31647 393
31648 317
31649 405
31650 367
31651 343
31652 325
31653 337
31654 507
31655 354
31656 400
31657 428
31658 228
31659 206
31660 210
31661 237
31662 288
31663 294
31664 260
31665 370
31666 243
31667 302
31668 294
31669 382
31670 390
31671 332
31672 430
31673 270
31674 447
31675 304
31676 350
31677 451
31678 303
31679 373
31680 466
31681 459
31682 366
31683 358
31684 466
31685 528
31686 432
31687 555
31688 381
31689 436
31690 504
31691 573
31692 525
31693 436
31694 536
31695 530
31696 501
31697 457
31698 479
31699 460
31700 447
31701 480
31702 583
31703 620
31704 489
31705 650
31706 611
31707 485
31708 505
31709 499
31710 662
31711 489
31712 690
31713 560
31714 542
31715 644
31716 687
31717 603
31718 658
31719 573
31720 509
31721 568
31722 513
31723 654
31724 607
31725 570
31726 572
31727 638
31728 638
31729 533
31730 457
31731 411
31732 495
31733 431
31734 535
31735 551
31736 452
31737 353
31738 343
31739 338
31740 362
31741 463
31742 275
31743 320
31744 304
31745 446
31746 455
31747 378
31748 335
31749 500
31750 493
31751 453
31752 360
31753 491
31754 454
31755 361
31756 469
31757 382
31758 479
31759 538
31760 377
31761 384
31762 491
31763 447
31764 441
31765 459
31766 552
31767 449
31768 462
31769 576
31770 613
31771 604
31772 549
31773 530
31774 477
31775 308
31776 404
31777 400
31778 370
31779 270
31780 353
31781 437
31782 318
31783 401
31784 458
31785 390
31786 433
31787 420
31788 396
31789 328
31790 348
31791 388
31792 383
31793 516
31794 440
31795 495
31796 432
31797 489
31798 520
31799 496
31800 526
31801 537
31802 498
31803 588
31804 594
31805 493
31806 425
31807 466
31808 518
31809 616
31810 521
31811 453
31812 480
31813 338
31814 242
31815 225
31816 242
31817 326
31818 284
31819 257
31820 249
31821 394
31822 404
31823 348
31824 372
31825 414
31826 272
31827 404
31828 441
31829 413
31830 297
31831 328
31832 314
31833 367
31834 318
31835 331
31836 363
31837 313
31838 405
31839 363
31840 514
31841 417
31842 481
31843 353
31844 439
31845 457
31846 416
31847 389
31848 381
31849 548
31850 410
31851 485
31852 399
31853 534
31854 582
31855 581
31856 585
31857 500
31858 541
31859 562
31860 623
31861 611
31862 597
31863 613
31864 653
31865 549
31866 565
31867 574
31868 603
31869 528
31870 569
31871 402
31872 450
31873 384
31874 436
31875 515
31876 444
31877 448
31878 471
31879 555
31880 446
31881 539
31882 446
31883 496
31884 591
31885 475
31886 496
31887 629
31888 463
31889 474
31890 464
31891 662
31892 527
31893 599
31894 518
31895 627
31896 587
31897 607
31898 528
31899 541
31900 622
31901 715
31902 561
31903 690
31904 569
31905 700
31906 662
31907 644
31908 596
31909 681
31910 603
31911 554
31912 470
31913 523
31914 546
31915 539
31916 623
31917 534
31918 607
31919 564
31920 652
31921 564
31922 526
31923 525
31924 702
31925 668
31926 626
31927 579
31928 381
31929 522
31930 478
31931 464
31932 442
31933 432
31934 511
31935 479
31936 495
31937 575
31938 423
31939 459
31940 429
31941 477
31942 437
31943 597
31944 521
31945 545
31946 565
31947 606
31948 520
31949 388
31950 379
31951 397
31952 292
31953 391
31954 420
31955 315
31956 363
31957 304
31958 270
31959 266
31960 427
31961 360
31962 426
31963 344
31964 455
31965 404
31966 281
31967 414
31968 300
31969 401
31970 474
31971 448
31972 388
31973 473
31974 427
31975 469
31976 389
31977 455
31978 444
31979 448
31980 500
31981 469
31982 434
31983 539
31984 499
31985 606
31986 573
31987 533
31988 534
31989 568
31990 575
31991 481
31992 644
31993 541
31994 517
31995 477
31996 610
31997 547
31998 658
31999 419
32000 558
32001 507
32002 542
32003 585
32004 538
32005 375
32006 210
32007 246
32008 248
32009 307
32010 347
32011 343
32012 332
32013 298
32014 349
32015 293
32016 359
32017 248
32018 437
32019 364
32020 413
32021 303
32022 454
32023 369
32024 373
32025 398
32026 406
32027 339
32028 485
32029 512
32030 398
32031 344
32032 320
32033 345
32034 411
32035 346
32036 314
32037 285
32038 279
32039 383
32040 331
32041 305
32042 371
32043 350
32044 473
32045 365
32046 462
32047 435
32048 456
32049 313
32050 378
32051 358
32052 336
32053 511
32054 411
32055 464
32056 427
32057 413
32058 453
32059 499
32060 377
32061 434
32062 510
32063 381
32064 483
32065 462
32066 550
32067 443
32068 518
32069 413
32070 613
32071 523
32072 549
32073 546
32074 480
32075 515
32076 511
32077 588
32078 472
32079 472
32080 553
32081 669
32082 641
32083 533
32084 574
32085 553
32086 330
32087 339
32088 175
32089 290
32090 259
32091 175
32092 349
32093 379
32094 205
32095 369
32096 368
32097 230
32098 260
32099 323
32100 271
32101 286
32102 415
32103 320
32104 392
32105 338
32106 325
32107 396
32108 180
32109 185
32110 324
32111 241
32112 196
32113 301
32114 159
32115 276
32116 223
32117 262
32118 269
32119 222
32120 191
32121 361
32122 306
32123 246
32124 398
32125 294
32126 385
32127 412
32128 390
32129 268
32130 313
32131 411
32132 333
32133 306
32134 319
32135 365
32136 304
32137 301
32138 322
32139 488
32140 481
32141 487
32142 478
32143 456
32144 341
32145 393
32146 414
32147 431
32148 550
32149 532
32150 440
32151 564
32152 476
32153 431
32154 382
32155 433
32156 564
32157 426
32158 469
32159 560
32160 493
32161 527
32162 618
32163 614
32164 604
32165 583
32166 604
32167 454
32168 573
32169 491
32170 609
32171 639
32172 474
32173 603
32174 653
32175 544
32176 530
32177 616
32178 494
32179 702
32180 666
32181 685
32182 436
32183 419
32184 567
32185 509
32186 405
32187 527
32188 516
32189 529
32190 602
32191 588
32192 571
32193 578
32194 573
32195 497
32196 614
32197 206
32198 342
32199 275
32200 259
32201 318
32202 375
32203 394
32204 384
32205 302
32206 332
32207 309
32208 397
32209 442
32210 319
32211 312
32212 408
32213 338
32214 426
32215 405
32216 411
32217 386
32218 488
32219 331
32220 429
32221 458
32222 453
32223 409
32224 494
32225 343
32226 337
32227 486
32228 419
32229 469
32230 402
32231 359
32232 453
32233 428
32234 356
32235 416
32236 425
32237 436
32238 471
32239 528
32240 433
32241 430
32242 394
32243 464
32244 401
32245 519
32246 400
32247 531
32248 554
32249 467
32250 438
32251 514
32252 558
32253 440
32254 513
32255 607
32256 471
32257 540
32258 573
32259 657
32260 288
32261 426
32262 247
32263 353
32264 425
32265 427
32266 317
32267 292
32268 446
32269 393
32270 462
32271 436
32272 475
32273 390
32274 478
32275 324
32276 457
32277 482
32278 524
32279 352
32280 487
32281 365
32282 550
32283 497
32284 396
32285 457
32286 488
32287 407
32288 444
32289 474
32290 528
32291 466
32292 501
32293 503
32294 238
32295 338
32296 233
32297 350
32298 386
32299 355
32300 257
32301 319
32302 392
32303 252
32304 395
32305 425
32306 356
32307 441
32308 307
32309 390
32310 435
32311 444
32312 384
32313 340
32314 492
32315 467
32316 418
32317 406
32318 438
32319 497
32320 516
32321 518
32322 395
32323 472
32324 441
32325 387
32326 442
32327 555
32328 464
32329 564
32330 557
32331 552
32332 311
32333 287
32334 237
32335 264
32336 361
32337 315
32338 388
32339 301
32340 364
32341 234
32342 399
32343 329
32344 248
32345 289
32346 372
32347 416
32348 429
32349 268
32350 297
32351 417
32352 389
32353 446
32354 456
32355 416
32356 424
32357 346
32358 452
32359 427
32360 384
32361 408
32362 353
32363 356
32364 489
32365 491
32366 406
32367 555
32368 561
32369 463
32370 575
32371 465
32372 405
32373 477
32374 506
32375 524
32376 501
32377 450
32378 490
32379 543
32380 573
32381 481
32382 641
32383 585
32384 558
32385 661
32386 578
32387 609
32388 663
32389 526
32390 493
32391 463
32392 470
32393 403
32394 419
32395 419
32396 527
32397 448
32398 488
32399 529
32400 632
32401 559
32402 288
32403 171
32404 284
32405 218
32406 279
32407 189
32408 365
32409 298
32410 240
32411 217
32412 316
32413 204
32414 282
32415 316
32416 398
32417 412
32418 354
32419 366
32420 355
32421 353
32422 440
32423 378
32424 267
32425 341
32426 379
32427 430
32428 293
32429 358
32430 475
32431 337
32432 490
32433 329
32434 408
32435 290
32436 439
32437 338
32438 453
32439 494
32440 485
32441 512
32442 385
32443 436
32444 450
32445 508
32446 501
32447 452
32448 468
32449 403
32450 571
32451 448
32452 455
32453 541
32454 467
32455 589
32456 587
32457 457
32458 435
32459 555
32460 522
32461 604
32462 283
32463 462
32464 285
32465 378
32466 365
32467 404
32468 405
32469 344
32470 359
32471 419
32472 364
32473 417
32474 457
32475 430
32476 505
32477 499
32478 456
32479 375
32480 427
32481 525
32482 535
32483 392
32484 485
32485 380
32486 396
32487 506
32488 482
32489 516
32490 521
32491 553
32492 447
32493 558
32494 551
32495 581
32496 467
32497 552
32498 568
32499 601
32500 539
32501 618
32502 506
32503 538
32504 472
32505 592
32506 488
32507 527
32508 481
32509 556
32510 437
32511 614
32512 588
32513 568
32514 583
32515 614
32516 579
32517 626
32518 505
32519 575
32520 598
32521 547
32522 543
32523 645
32524 518
32525 582
32526 597
32527 537
32528 596
32529 615
32530 526
32531 556
32532 510
32533 573
32534 467
32535 508
32536 530
32537 571
32538 621
32539 383
32540 437
32541 551
32542 489
32543 444
32544 549
32545 468
32546 524
32547 524
32548 466
32549 478
32550 613
32551 621
32552 492
32553 408
32554 472
32555 488
32556 461
32557 419
32558 476
32559 435
32560 533
32561 446
32562 297
32563 431
32564 469
32565 369
32566 488
32567 492
32568 376
32569 434
32570 417
32571 327
32572 382
32573 368
32574 406
32575 342
32576 353
32577 392
32578 536
32579 492
32580 424
32581 498
32582 517
32583 575
32584 445
32585 565
32586 491
32587 468
32588 427
32589 588
32590 466
32591 449
32592 600
32593 478
32594 630
32595 461
32596 482
32597 468
32598 631
32599 625
32600 669
32601 565
32602 583
32603 582
32604 697
32605 529
32606 658
32607 680
32608 598
32609 621
32610 716
32611 577
32612 698
32613 625
32614 727
32615 685
32616 575
32617 724
32618 613
32619 585
32620 755
32621 620
32622 746
32623 699
32624 643
32625 625
32626 659
32627 694
32628 641
32629 426
32630 452
32631 370
32632 441
32633 356
32634 398
32635 368
32636 468
32637 337
32638 421
32639 432
32640 343
32641 338
32642 356
32643 250
32644 289
32645 386
32646 279
32647 348
32648 418
32649 431
32650 437
32651 440
32652 320
32653 411
32654 400
32655 453
32656 463
32657 344
32658 473
32659 336
32660 337
32661 355
32662 477
32663 453
32664 327
32665 485
32666 346
32667 488
32668 473
32669 339
32670 421
32671 337
32672 484
32673 444
32674 364
32675 455
32676 414
32677 518
32678 569
32679 566
32680 503
32681 568
32682 467
32683 500
32684 574
32685 450
32686 413
32687 481
32688 501
32689 448
32690 588
32691 605
32692 469
32693 574
32694 600
32695 546
32696 657
32697 577
32698 579
32699 589
32700 584
32701 672
32702 591
32703 542
32704 696
32705 562
32706 588
32707 590
32708 670
32709 579
32710 624
32711 602
32712 651
32713 684
32714 695
32715 597
32716 602
32717 614
32718 673
32719 710
32720 699
32721 783
32722 715
32723 500
32724 678
32725 637
32726 513
32727 592
32728 536
32729 618
32730 706
32731 700
32732 553
32733 420
32734 427
32735 489
32736 528
32737 449
32738 419
32739 569
32740 470
32741 539
32742 617
32743 585
32744 630
32745 453
32746 464
32747 465
32748 566
32749 481
32750 631
32751 555
32752 580
32753 616
32754 590
32755 606
32756 565
32757 505
32758 499
32759 487
32760 493
32761 664
32762 580
32763 510
32764 598
32765 584
32766 592
32767 469
32768 539
32769 618
32770 619
32771 578
32772 492
32773 523
32774 619
32775 693
32776 667
32777 617
32778 641
32779 678
32780 567
32781 662
32782 524
32783 454
32784 398
32785 517
32786 552
32787 466
32788 386
32789 439
32790 359
32791 433
32792 489
32793 405
32794 382
32795 411
32796 387
32797 477
32798 445
32799 490
32800 373
32801 422
32802 436
32803 511
32804 578
32805 441
32806 546
32807 496
32808 571
32809 453
32810 523
32811 451
32812 510
32813 460
32814 644
32815 633
32816 518
32817 562
32818 522
32819 566
32820 523
32821 646
32822 638
32823 561
32824 564
32825 377
32826 484
32827 394
32828 380
32829 431
32830 492
32831 471
32832 534
32833 456
32834 516
32835 453
32836 481
32837 558
32838 581
32839 607
32840 491
32841 582
32842 569
32843 576
32844 493
32845 526
32846 456
32847 576
32848 600
32849 551
32850 613
32851 485
32852 509
32853 518
32854 536
32855 677
32856 523
32857 557
32858 563
32859 582
32860 579
32861 538
32862 608
32863 614
32864 559
32865 628
32866 605
32867 725
32868 344
32869 529
32870 350
32871 359
32872 495
32873 450
32874 422
32875 278
32876 431
32877 317
32878 363
32879 271
32880 417
32881 431
32882 394
32883 315
32884 414
32885 402
32886 450
32887 475
32888 368
32889 486
32890 385
32891 404
32892 458
32893 541
32894 374
32895 419
32896 370
32897 453
32898 515
32899 502
32900 454
32901 429
32902 456
32903 434
32904 560
32905 329
32906 289
32907 372
32908 354
32909 311
32910 428
32911 416
32912 277
32913 435
32914 343
32915 379
32916 323
32917 386
32918 350
32919 418
32920 406
32921 336
32922 437
32923 470
32924 332
32925 495
32926 348
32927 401
32928 474
32929 490
32930 436
32931 362
32932 403
32933 516
32934 507
32935 463
32936 435
32937 542
32938 542
32939 483
32940 435
32941 514
32942 365
32943 493
32944 457
32945 415
32946 553
32947 515
32948 496
32949 439
32950 526
32951 513
32952 452
32953 468
32954 580
32955 518
32956 559
32957 616
32958 606
32959 450
32960 555
32961 491
32962 574
32963 498
32964 251
32965 354
32966 309
32967 264
32968 390
32969 337
32970 168
32971 299
32972 180
32973 204
32974 261
32975 219
32976 322
32977 243
32978 343
32979 168
32980 331
32981 318
32982 179
32983 328
32984 311
32985 198
32986 315
32987 240
32988 228
32989 224
32990 302
32991 220
32992 394
32993 267
32994 308
32995 246
32996 290
32997 357
32998 304
32999 284
33000 315
33001 420
33002 359
33003 427
33004 440
33005 327
33006 386
33007 448
33008 412
33009 479
33010 346
33011 402
33012 304
33013 313
33014 412
33015 378
33016 278
33017 428
33018 319
33019 311
33020 416
33021 280
33022 308
33023 488
33024 315
33025 470
33026 409
33027 340
33028 331
33029 362
33030 382
33031 479
33032 478
33033 431
33034 484
33035 334
33036 352
33037 297
33038 437
33039 365
33040 504
33041 374
33042 458
33043 332
33044 434
33045 496
33046 362
33047 344
33048 519
33049 495
33050 519
33051 476
33052 454
33053 490
33054 466
33055 454
33056 458
33057 507
33058 562
33059 574
33060 566
33061 445
33062 550
33063 609
33064 545
33065 482
33066 472
33067 573
33068 506
33069 463
33070 531
33071 562
33072 513
33073 661
33074 582
33075 494
33076 643
33077 485
33078 501
33079 649
33080 673
33081 590
33082 553
33083 469
33084 509
33085 554
33086 418
33087 572
33088 440
33089 528
33090 405
33091 417
33092 485
33093 401
33094 367
33095 513
33096 499
33097 354
33098 386
33099 471
33100 314
33101 418
33102 457
33103 313
33104 369
33105 389
33106 381
33107 327
33108 438
33109 455
33110 477
33111 457
33112 484
33113 405
33114 397
33115 516
33116 477
33117 389
33118 461
33119 486
33120 380
33121 377
33122 516
33123 471
33124 533
33125 506
33126 546
33127 423
33128 408
33129 519
33130 554
33131 484
33132 265
33133 360
33134 203
33135 286
33136 241
33137 283
33138 250
33139 330
33140 290
33141 412
33142 375
33143 364
33144 377
33145 260
33146 433
33147 332
33148 381
33149 344
33150 297
33151 357
33152 362
33153 356
33154 456
33155 368
33156 432
33157 408
33158 462
33159 478
33160 506
33161 399
33162 478
33163 489
33164 375
33165 516
33166 419
33167 436
33168 471
33169 479
33170 447
33171 593
33172 413
33173 605
33174 486
33175 610
33176 463
33177 528
33178 562
33179 580
33180 479
33181 544
33182 581
33183 595
33184 422
33185 594
33186 504
33187 560
33188 543
33189 550
33190 314
33191 296
33192 448
33193 380
33194 370
33195 399
33196 342
33197 360
33198 285
33199 399
33200 358
33201 424
33202 384
33203 442
33204 363
33205 407
33206 407
33207 397
33208 533
33209 514
33210 480
33211 372
33212 500
33213 396
33214 418
33215 317
33216 318
33217 480
33218 463
33219 365
33220 460
33221 458
33222 506
33223 521
33224 528
33225 437
33226 518
33227 506
33228 424
33229 476
33230 592
33231 541
33232 513
33233 574
33234 549
33235 498
33236 450
33237 600
33238 581
33239 640
33240 645
33241 554
33242 509
33243 619
33244 502
33245 479
33246 488
33247 581
33248 573
33249 696
33250 291
33251 425
33252 386
33253 321
33254 191
33255 244
33256 224
33257 262
33258 223
33259 321
33260 333
33261 313
33262 335
33263 309
33264 334
33265 389
33266 237
33267 307
33268 392
33269 344
33270 270
33271 357
33272 442
33273 430
33274 384
33275 332
33276 347
33277 295
33278 439
33279 412
33280 368
33281 354
33282 302
33283 481
33284 413
33285 384
33286 424
33287 305
33288 345
33289 378
33290 392
33291 410
33292 344
33293 387
33294 439
33295 359
33296 381
33297 345
33298 400
33299 354
33300 307
33301 316
33302 375
33303 359
33304 318
33305 424
33306 311
33307 357
33308 493
33309 521
33310 513
33311 526
33312 384
33313 536
33314 470
33315 359
33316 418
33317 368
33318 508
33319 577
33320 435
33321 551
33322 413
33323 462
33324 589
33325 424
33326 604
33327 611
33328 497
33329 436
33330 452
33331 471
33332 443
33333 640
33334 540
33335 566
33336 593
33337 594
33338 544
33339 548
33340 584
33341 628
33342 650
33343 658
33344 638
33345 713
33346 601
33347 568
33348 665
33349 591
33350 674
33351 634
33352 746
33353 731
33354 646
33355 607
33356 624
33357 605
33358 676
33359 664
33360 788
33361 720
33362 693
33363 754
33364 746
33365 811
33366 834
33367 784
33368 683
33369 774
33370 785
33371 698
33372 809
33373 785
33374 783
33375 759
33376 703
33377 729
33378 511
33379 523
33380 524
33381 488
33382 536
33383 488
33384 397
33385 575
33386 476
33387 498
33388 423
33389 534
33390 558
33391 448
33392 457
33393 516
33394 583
33395 518
33396 638
33397 542
33398 641
33399 481
33400 676
33401 576
33402 547
33403 529
33404 582
33405 459
33406 472
33407 467
33408 380
33409 529
33410 417
33411 428
33412 518
33413 546
33414 463
33415 407
33416 390
33417 562
33418 437
33419 538
33420 499
33421 537
33422 543
33423 422
33424 439
33425 464
33426 554
33427 545
33428 380
33429 351
33430 307
33431 302
33432 305
33433 478
33434 251
33435 284
33436 312
33437 357
33438 252
33439 287
33440 375
33441 191
33442 234
33443 290
33444 242
33445 408
33446 402
33447 223
33448 352
33449 337
33450 278
33451 431
33452 285
33453 413
33454 312
33455 311
33456 454
33457 463
33458 387
33459 390
33460 412
33461 316
33462 402
33463 434
33464 368
33465 438
33466 478
33467 470
33468 403
33469 354
33470 360
33471 452
33472 528
33473 483
33474 469
33475 438
33476 475
33477 541
33478 546
33479 416
33480 546
33481 450
33482 496
33483 490
33484 592
33485 488
33486 596
33487 450
33488 624
33489 502
33490 532
33491 624
33492 558
33493 620
33494 620
33495 604
33496 620
33497 649
33498 617
33499 589
33500 664
33501 629
33502 577
33503 644
33504 563
33505 613
33506 654
33507 712
33508 696
33509 629
33510 670
33511 659
33512 736
33513 608
33514 739
33515 657
33516 760
33517 694
33518 696
33519 665
33520 726
33521 778
33522 689
33523 767
33524 721
33525 591
33526 494
33527 627
33528 546
33529 506
33530 649
33531 536
33532 565
33533 540
33534 684
33535 592
33536 594
33537 593
33538 594
33539 561
33540 643
33541 582
33542 619
33543 645
33544 773
33545 614
33546 792
33547 788
33548 628
33549 434
33550 524
33551 420
33552 492
33553 549
33554 609
33555 595
33556 570
33557 458
33558 572
33559 635
33560 644
33561 511
33562 623
33563 602
33564 530
33565 681
33566 574
33567 591
33568 591
33569 612
33570 704
33571 526
33572 725
33573 691
33574 633
33575 676
33576 589
33577 685
33578 630
33579 591
33580 340
33581 471
33582 364
33583 452
33584 471
33585 485
33586 471
33587 442
33588 310
33589 505
33590 385
33591 509
33592 529
33593 375
33594 411
33595 364
33596 417
33597 394
33598 552
33599 389
33600 452
33601 500
33602 520
33603 563
33604 466
33605 422
33606 555
33607 546
33608 463
33609 506
33610 476
33611 476
33612 536
33613 536
33614 547
33615 614
33616 546
33617 567
33618 596
33619 494
33620 512
33621 682
33622 598
33623 667
33624 610
33625 563
33626 533
33627 590
33628 563
33629 553
33630 671
33631 676
33632 726
33633 593
33634 698
33635 657
33636 608
33637 586
33638 659
33639 661
33640 607
33641 719
33642 700
33643 750
33644 668
33645 680
33646 744
33647 818
33648 748
33649 657
33650 847
33651 726
33652 678
33653 678
33654 866
33655 683
33656 874
33657 570
33658 582
33659 568
33660 599
33661 532
33662 607
33663 464
33664 631
33665 511
33666 558
33667 561
33668 580
33669 587
33670 696
33671 531
33672 695
33673 652
33674 607
33675 616
33676 707
33677 597
33678 634
33679 757
33680 639
33681 639
33682 730
33683 661
33684 664
33685 595
33686 671
33687 780
33688 634
33689 648
33690 808
33691 763
33692 685
33693 767
33694 704
33695 846
33696 680
33697 440
33698 232
33699 349
33700 183
33701 353
33702 361
33703 341
33704 300
33705 348
33706 363
33707 349
33708 267
33709 408
33710 356
33711 301
33712 416
33713 379
33714 283
33715 447
33716 366
33717 389
33718 366
33719 365
33720 306
33721 411
33722 359
33723 390
33724 383
33725 506
33726 349
33727 397
33728 415
33729 505
33730 532
33731 545
33732 475
33733 595
33734 466
33735 553
33736 409
33737 537
33738 431
33739 487
33740 623
33741 516
33742 459
33743 547
33744 511
33745 526
33746 460
33747 563
33748 583
33749 653
33750 644
33751 576
33752 644
33753 625
33754 690
33755 548
33756 524
33757 599
33758 616
33759 583
33760 716
33761 485
33762 459
33763 482
33764 455
33765 422
33766 400
33767 516
33768 403
33769 521
33770 481
33771 370
33772 527
33773 472
33774 443
33775 538
33776 401
33777 560
33778 473
33779 595
33780 462
33781 598
33782 424
33783 428
33784 423
33785 362
33786 322
33787 366
33788 480
33789 519
33790 360
33791 537
33792 409
33793 413
33794 396
33795 427
33796 553
33797 425
33798 534
33799 575
33800 360
33801 485
33802 422
33803 396
33804 399
33805 456
33806 390
33807 428
33808 392
33809 474
33810 374
33811 365
33812 390
33813 469
33814 574
33815 454
33816 293
33817 255
33818 364
33819 366
33820 309
33821 434
33822 276
33823 347
33824 425
33825 405
33826 309
33827 301
33828 378
33829 282
33830 388
33831 363
33832 322
33833 334
33834 453
33835 357
33836 478
33837 516
33838 362
33839 476
33840 445
33841 468
33842 443
33843 461
33844 463
33845 344
33846 394
33847 529
33848 487
33849 558
33850 530
33851 402
33852 423
33853 580
33854 584
33855 431
33856 572
33857 434
33858 458
33859 436
33860 491
33861 631
33862 479
33863 608
33864 350
33865 196
33866 331
33867 393
33868 398
33869 306
33870 230
33871 417
33872 280
33873 380
33874 333
33875 371
33876 353
33877 347
33878 410
33879 322
33880 344
33881 418
33882 357
33883 456
33884 419
33885 397
33886 344
33887 447
33888 475
33889 348
33890 498
33891 472
33892 382
33893 521
33894 517
33895 481
33896 545
33897 454
33898 347
33899 450
33900 448
33901 326
33902 393
33903 507
33904 323
33905 409
33906 486
33907 488
33908 444
33909 464
33910 442
33911 517
33912 515
33913 420
33914 467
33915 466
33916 472
33917 379
33918 505
33919 276
33920 222
33921 369
33922 247
33923 320
33924 282
33925 387
33926 237
33927 249
33928 384
33929 454
33930 290
33931 436
33932 353
33933 374
33934 368
33935 296
33936 380
33937 474
33938 437
33939 372
33940 408
33941 349
33942 405
33943 381
33944 482
33945 359
33946 391
33947 426
33948 401
33949 417
33950 478
33951 435
33952 411
33953 502
33954 414
33955 409
33956 522
33957 544
33958 414
33959 522
33960 545
33961 535
33962 415
33963 491
33964 574
33965 486
33966 511
33967 600
33968 491
33969 649
33970 517
33971 561
33972 597
33973 560
33974 661
33975 484
33976 638
33977 369
33978 416
33979 568
33980 431
33981 474
33982 498
33983 521
33984 377
33985 265
33986 328
33987 279
33988 292
33989 342
33990 466
33991 415
33992 349
33993 495
33994 306
33995 427
33996 414
33997 396
33998 417
33999 338
34000 341
34001 502
34002 392
34003 429
34004 544
34005 430
34006 492
34007 446
34008 582
34009 567
34010 517
34011 478
34012 587
34013 503
34014 451
34015 550
34016 548
34017 548
34018 454
34019 464
34020 556
34021 574
34022 654
34023 646
34024 640
34025 485
34026 295
34027 375
34028 408
34029 350
34030 397
34031 364
34032 378
34033 247
34034 268
34035 345
34036 251
34037 301
34038 288
34039 367
34040 238
34041 350
34042 283
34043 330
34044 419
34045 277
34046 202
34047 354
34048 205
34049 373
34050 231
34051 333
34052 308
34053 366
34054 249
34055 257
34056 380
34057 330
34058 294
34059 272
34060 385
34061 257
34062 252
34063 288
34064 274
34065 383
34066 327
34067 328
34068 296
34069 471
34070 328
34071 362
34072 362
34073 481
34074 328
34075 400
34076 434
34077 446
34078 338
34079 343
34080 360
34081 384
34082 402
34083 438
34084 467
34085 475
34086 425
34087 432
34088 415
34089 350
34090 532
34091 540
34092 487
34093 510
34094 486
34095 390
34096 383
34097 442
34098 268
34099 410
34100 330
34101 416
34102 383
34103 438
34104 344
34105 301
34106 422
34107 408
34108 448
34109 409
34110 306
34111 331
34112 397
34113 410
34114 416
34115 377
34116 377
34117 467
34118 502
34119 496
34120 426
34121 437
34122 408
34123 539
34124 451
34125 520
34126 471
34127 445
34128 519
34129 527
34130 539
34131 467
34132 509
34133 536
34134 467
34135 525
34136 440
34137 555
34138 442
34139 623
34140 510
34141 599
34142 629
34143 626
34144 524
34145 495
34146 559
34147 601
34148 615
34149 501
34150 692
34151 622
34152 576
34153 572
34154 635
34155 698
34156 596
34157 580
34158 679
34159 647
34160 686
34161 637
34162 610
34163 636
34164 627
34165 644
34166 684
34167 656
34168 669
34169 620
34170 777
34171 653
34172 656
34173 671
34174 754
34175 807
34176 531
34177 558
34178 557
34179 569
34180 677
34181 497
34182 598
34183 537
34184 631
34185 623
34186 517
34187 570
34188 557
34189 563
34190 540
34191 668
34192 597
34193 673
34194 581
34195 678
34196 670
34197 737
34198 726
34199 694
34200 578
34201 572
34202 716
34203 674
34204 641
34205 597
34206 721
34207 662
34208 723
34209 788
34210 739
34211 804
34212 659
34213 655
34214 777
34215 806
34216 844
34217 783
34218 836
34219 854
34220 730
34221 830
34222 835
34223 753
34224 828
34225 872
34226 605
34227 568
34228 639
34229 581
34230 584
34231 517
34232 642
34233 537
34234 697
34235 528
34236 629
34237 557
34238 571
34239 649
34240 562
34241 724
34242 687
34243 674
34244 607
34245 467
34246 467
34247 636
34248 596
34249 553
34250 503
34251 383
34252 387
34253 415
34254 280
34255 318
34256 243
34257 438
34258 398
34259 409
34260 262
34261 344
34262 448
34263 392
34264 378
34265 291
34266 223
34267 249
34268 302
34269 241
34270 298
34271 339
34272 245
34273 249
34274 258
34275 290
34276 432
34277 256
34278 452
34279 335
34280 373
34281 283
34282 464
34283 421
34284 415
34285 396
34286 447
34287 327
34288 485
34289 356
34290 484
34291 531
34292 390
34293 552
34294 419
34295 547
34296 529
34297 461
34298 559
34299 409
34300 541
34301 475
34302 486
34303 477
34304 523
34305 460
34306 428
34307 601
34308 572
34309 549
34310 526
34311 520
34312 593
34313 489
34314 500
34315 455
34316 473
34317 489
34318 399
34319 533
34320 397
34321 558
34322 440
34323 607
34324 567
34325 435
34326 468
34327 529
34328 355
34329 412
34330 444
34331 397
34332 529
34333 511
34334 485
34335 455
34336 396
34337 342
34338 453
34339 279
34340 289
34341 292
34342 418
34343 315
34344 443
34345 316
34346 353
34347 461
34348 342
34349 342
34350 395
34351 431
34352 394
34353 345
34354 469
34355 465
34356 396
34357 490
34358 451
34359 405
34360 526
34361 508
34362 526
34363 465
34364 518
34365 524
34366 525
34367 613
34368 530
34369 550
34370 475
34371 574
34372 475
34373 454
34374 482
34375 413
34376 503
34377 574
34378 549
34379 612
34380 574
34381 582
34382 461
34383 524
34384 668
34385 632
34386 540
34387 641
34388 602
34389 650
34390 613
34391 545
34392 633
34393 658
34394 661
34395 587
34396 715
34397 591
34398 556
34399 645
34400 486
34401 432
34402 421
34403 572
34404 448
34405 519
34406 517
34407 478
34408 411
34409 526
34410 534
34411 510
34412 501
34413 619
34414 608
34415 628
34416 573
34417 490
34418 529
34419 582
34420 503
34421 657
34422 638
34423 604
34424 618
34425 670
34426 594
34427 646
34428 542
34429 653
34430 643
34431 709
34432 647
34433 661
34434 677
34435 562
34436 617
34437 498
34438 578
34439 460
34440 546
34441 644
34442 516
34443 521
34444 601
34445 687
34446 529
34447 654
34448 580
34449 574
34450 391
34451 433
34452 454
34453 329
34454 281
34455 468
34456 440
34457 400
34458 466
34459 330
34460 316
34461 472
34462 509
34463 379
34464 403
34465 478
34466 376
34467 430
34468 453
34469 504
34470 395
34471 400
34472 535
34473 364
34474 319
34475 363
34476 308
34477 198
34478 260
34479 279
34480 400
34481 366
34482 389
34483 427
34484 296
34485 420
34486 305
34487 365
34488 373
34489 248
34490 269
34491 366
34492 366
34493 418
34494 341
34495 423
34496 355
34497 433
34498 381
34499 390
34500 325
34501 372
34502 357
34503 399
34504 351
34505 420
34506 346
34507 413
34508 399
34509 432
34510 386
34511 535
34512 433
34513 362
34514 417
34515 387
34516 523
34517 544
34518 484
34519 423
34520 559
34521 468
34522 452
34523 537
34524 524
34525 455
34526 500
34527 462
34528 469
34529 585
34530 603
34531 423
34532 352
34533 388
34534 350
34535 521
34536 499
34537 525
34538 518
34539 383
34540 499
34541 466
34542 540
34543 544
34544 382
34545 566
34546 588
34547 423
34548 468
34549 526
34550 451
34551 542
34552 566
34553 554
34554 556
34555 413
34556 560
34557 388
34558 443
34559 425
34560 434
34561 423
34562 602
34563 512
34564 555
34565 437
34566 472
34567 563
34568 474
34569 654
34570 554
34571 519
34572 655
34573 672
34574 546
34575 664
34576 658
34577 685
34578 620
34579 640
34580 559
34581 586
34582 582
34583 700
34584 680
34585 682
34586 708
34587 706
34588 624
34589 658
34590 620
34591 689
34592 777
34593 715
34594 716
34595 636
34596 615
34597 621
34598 729
34599 524
34600 524
34601 629
34602 515
34603 509
34604 603
34605 495
34606 554
34607 544
34608 604
34609 639
34610 607
34611 568
34612 600
34613 575
34614 709
34615 557
34616 727
34617 656
34618 657
34619 595
34620 680
34621 710
34622 439
34623 454
34624 420
34625 456
34626 448
34627 513
34628 450
34629 549
34630 532
34631 416
34632 515
34633 548
34634 476
34635 451
34636 578
34637 457
34638 435
34639 534
34640 582
34641 523
34642 430
34643 307
34644 294
34645 291
34646 438
34647 352
34648 319
34649 410
34650 328
34651 403
34652 434
34653 503
34654 422
34655 497
34656 476
34657 461
34658 377
34659 515
34660 407
34661 481
34662 491
34663 384
34664 539
34665 491
34666 464
34667 516
34668 532
34669 505
34670 509
34671 431
34672 548
34673 533
34674 374
34675 486
34676 387
34677 486
34678 449
34679 404
34680 441
34681 408
34682 599
34683 454
34684 428
34685 374
34686 399
34687 389
34688 362
34689 400
34690 444
34691 539
34692 384
34693 477
34694 542
34695 553
34696 459
34697 558
34698 587
34699 532
34700 575
34701 424
34702 459
34703 525
34704 608
34705 440
34706 522
34707 556
34708 610
34709 657
34710 634
34711 660
34712 512
34713 673
34714 648
34715 656
34716 692
34717 616
34718 714
34719 552
34720 678
34721 675
34722 645
34723 607
34724 627
34725 695
34726 659
34727 585
34728 328
34729 377
34730 451
34731 331
34732 429
34733 463
34734 480
34735 406
34736 501
34737 434
34738 350
34739 398
34740 347
34741 419
34742 541
34743 407
34744 475
34745 531
34746 381
34747 398
34748 519
34749 547
34750 510
34751 571
34752 485
34753 583
34754 443
34755 522
34756 572
34757 578
34758 586
34759 451
34760 489
34761 580
34762 502
34763 572
34764 459
34765 617
34766 560
34767 588
34768 520
34769 592
34770 549
34771 578
34772 529
34773 539
34774 634
34775 462
34776 306
34777 403
34778 319
34779 287
34780 307
34781 412
34782 453
34783 459
34784 324
34785 312
34786 471
34787 445
34788 473
34789 427
34790 425
34791 411
34792 513
34793 529
34794 466
34795 547
34796 432
34797 448
34798 434
34799 491
34800 464
34801 584
34802 513
34803 479
34804 599
34805 518
34806 577
34807 617
34808 448
34809 532
34810 468
34811 545
34812 467
34813 445
34814 438
34815 517
34816 457
34817 414
34818 380
34819 486
34820 452
34821 409
34822 471
34823 549
34824 581
34825 428
34826 601
34827 423
34828 502
34829 400
34830 441
34831 425
34832 377
34833 476
34834 447
34835 520
34836 418
34837 458
34838 440
34839 452
34840 503
34841 402
34842 306
34843 361
34844 463
34845 438
34846 402
34847 388
34848 429
34849 433
34850 316
34851 312
34852 346
34853 341
34854 517
34855 456
34856 440
34857 482
34858 507
34859 369
34860 344
34861 301
34862 446
34863 332
34864 366
34865 376
34866 371
34867 491
34868 399
34869 460
34870 424
34871 418
34872 387
34873 386
34874 357
34875 410
34876 447
34877 448
34878 477
34879 387
34880 519
34881 405
34882 509
34883 496
34884 471
34885 448
34886 431
34887 438
34888 556
34889 422
34890 395
34891 468
34892 562
34893 372
34894 461
34895 472
34896 342
34897 495
34898 396
34899 516
34900 330
34901 521
34902 388
34903 378
34904 410
34905 478
34906 490
34907 516
34908 434
34909 499
34910 536
34911 516
34912 420
34913 393
34914 409
34915 430
34916 561
34917 603
34918 546
34919 506
34920 481
34921 609
34922 525
34923 455
34924 297
34925 296
34926 297
34927 383
34928 303
34929 388
34930 330
34931 309
34932 317
34933 416
34934 420
34935 377
34936 443
34937 380
34938 359
34939 360
34940 471
34941 349
34942 416
34943 554
34944 546
34945 412
34946 510
34947 487
34948 512
34949 460
34950 553
34951 475
34952 464
34953 463
34954 512
34955 508
34956 456
34957 449
34958 625
34959 609
34960 520
34961 523
34962 592
34963 650
34964 627
34965 606
34966 620
34967 685
34968 616
34969 629
34970 670
34971 670
34972 724
34973 550
34974 714
34975 561
34976 706
34977 564
34978 692
34979 640
34980 711
34981 704
34982 691
34983 760
34984 774
34985 604
34986 764
34987 808
34988 664
34989 725
34990 723
34991 778
34992 790
34993 709
34994 679
34995 860
34996 874
34997 840
34998 887
34999 870
35000 743
35001 844
35002 786
35003 839
35004 742
35005 920
35006 822
35007 805
35008 917
35009 940
35010 912
35011 898
35012 898
35013 811
35014 839
35015 799
35016 827
35017 825
35018 925
35019 914
35020 884
35021 873
35022 855
35023 975
35024 952
35025 933
35026 614
35027 572
35028 487
35029 580
35030 577
35031 487
35032 491
35033 595
35034 584
35035 487
35036 647
35037 443
35038 439
35039 469
35040 450
35041 586
35042 489
35043 477
35044 407
35045 434
35046 551
35047 463
35048 596
35049 376
35050 530
35051 400
35052 463
35053 575
35054 487
35055 465
35056 457
35057 476
35058 608
35059 509
35060 548
35061 555
35062 621
35063 463
35064 630
35065 627
35066 493
35067 593
35068 414
35069 341
35070 355
35071 521
35072 369
35073 378
35074 475
35075 514
35076 479
35077 473
35078 501
35079 535
35080 413
35081 430
35082 505
35083 565
35084 439
35085 453
35086 498
35087 475
35088 524
35089 570
35090 585
35091 464
35092 522
35093 549
35094 636
35095 561
35096 632
35097 495
35098 318
35099 362
35100 317
35101 341
35102 427
35103 338
35104 433
35105 493
35106 365
35107 507
35108 390
35109 366
35110 349
35111 492
35112 545
35113 534
35114 483
35115 460
35116 493
35117 408
35118 451
35119 499
35120 404
35121 489
35122 487
35123 418
35124 589
35125 564
35126 541
35127 537
35128 493
35129 447
35130 496
35131 645
35132 476
35133 592
35134 433
35135 480
35136 463
35137 609
35138 484
35139 546
35140 481
35141 457
35142 531
35143 374
35144 433
35145 554
35146 525
35147 410
35148 512
35149 497
35150 421
35151 549
35152 418
35153 582
35154 557
35155 431
35156 437
35157 587
35158 553
35159 566
35160 642
35161 556
35162 595
35163 627
35164 476
35165 670
35166 523
35167 474
35168 433
35169 510
35170 430
35171 478
35172 509
35173 441
35174 423
35175 490
35176 393
35177 404
35178 275
35179 316
35180 334
35181 264
35182 363
35183 341
35184 415
35185 338
35186 331
35187 304
35188 406
35189 327
35190 319
35191 454
35192 471
35193 478
35194 476
35195 347
35196 408
35197 395
35198 411
35199 505
35200 448
35201 380
35202 536
35203 523
35204 422
35205 523
35206 451
35207 432
35208 564
35209 570
35210 588
35211 593
35212 501
35213 569
35214 455
35215 530
35216 447
35217 447
35218 443
35219 508
35220 531
35221 364
35222 442
35223 520
35224 460
35225 304
35226 369
35227 395
35228 253
35229 349
35230 463
35231 349
35232 412
35233 307
35234 392
35235 479
35236 345
35237 370
35238 451
35239 355
35240 482
35241 484
35242 446
35243 445
35244 397
35245 548
35246 484
35247 458
35248 517
35249 460
35250 408
35251 519
35252 450
35253 580
35254 602
35255 538
35256 537
35257 617
35258 466
35259 492
35260 413
35261 379
35262 328
35263 409
35264 447
35265 505
35266 503
35267 417
35268 522
35269 362
35270 495
35271 445
35272 437
35273 423
35274 384
35275 479
35276 578
35277 492
35278 537
35279 467
35280 417
35281 474
35282 556
35283 529
35284 577
35285 538
35286 500
35287 535
35288 462
35289 471
35290 522
35291 597
35292 634
35293 685
35294 479
35295 498
35296 555
35297 460
35298 431
35299 548
35300 459
35301 499
35302 580
35303 561
35304 539
35305 498
35306 489
35307 565
35308 570
35309 604
35310 605
35311 642
35312 559
35313 519
35314 453
35315 456
35316 507
35317 639
35318 531
35319 537
35320 641
35321 680
35322 434
35323 440
35324 399
35325 536
35326 513
35327 443
35328 502
35329 463
35330 431
35331 352
35332 387
35333 560
35334 445
35335 556
35336 427
35337 489
35338 481
35339 405
35340 518
35341 490
35342 511
35343 556
35344 605
35345 537
35346 565
35347 579
35348 484
35349 483
35350 568
35351 547
35352 625
35353 577
35354 528
35355 563
35356 608
35357 405
35358 439
35359 403
35360 426
35361 390
35362 467
35363 439
35364 433
35365 468
35366 434
35367 431
35368 530
35369 495
35370 482
35371 605
35372 474
35373 509
35374 487
35375 645
35376 527
35377 464
35378 635
35379 607
35380 581
35381 591
35382 580
35383 524
35384 604
35385 502
35386 603
35387 539
35388 521
35389 489
35390 327
35391 304
35392 432
35393 338
35394 302
35395 399
35396 339
35397 489
35398 345
35399 379
35400 406
35401 511
35402 359
35403 466
35404 462
35405 316
35406 499
35407 418
35408 510
35409 481
35410 532
35411 382
35412 527
35413 367
35414 437
35415 523
35416 551
35417 366
35418 554
35419 501
35420 499
35421 453
35422 520
35423 596
35424 542
35425 290
35426 329
35427 265
35428 334
35429 360
35430 419
35431 368
35432 433
35433 414
35434 259
35435 278
35436 390
35437 394
35438 460
35439 427
35440 378
35441 400
35442 505
35443 413
35444 518
35445 387
35446 374
35447 452
35448 505
35449 340
35450 431
35451 499
35452 360
35453 483
35454 480
35455 425
35456 370
35457 445
35458 381
35459 575
35460 413
35461 415
35462 460
35463 487
35464 609
35465 565
35466 444
35467 496
35468 571
35469 558
35470 613
35471 580
35472 567
35473 557
35474 647
35475 484
35476 534
35477 675
35478 654
35479 603
35480 659
35481 634
35482 612
35483 647
35484 550
35485 692
35486 606
35487 604
35488 496
35489 667
35490 536
35491 700
35492 661
35493 631
35494 467
35495 586
35496 593
35497 513
35498 478
35499 478
35500 463
35501 526
35502 505
35503 396
35504 500
35505 398
35506 487
35507 438
35508 567
35509 466
35510 549
35511 528
35512 523
35513 599
35514 431
35515 432
35516 581
35517 433
35518 548
35519 528
35520 573
35521 573
35522 597
35523 576
35524 512
35525 579
35526 460
35527 425
35528 438
35529 560
35530 465
35531 406
35532 565
35533 584
35534 573
35535 618
35536 562
35537 555
35538 543
35539 576
35540 621
35541 556
35542 649
35543 523
35544 691
35545 622
35546 524
35547 666
35548 514
35549 621
35550 525
35551 558
35552 705
35553 682
35554 566
35555 427
35556 478
35557 321
35558 406
35559 404
35560 441
35561 385
35562 433
35563 517
35564 365
35565 375
35566 354
35567 389
35568 450
35569 343
35570 365
35571 517
35572 409
35573 481
35574 542
35575 572
35576 406
35577 550
35578 547
35579 452
35580 403
35581 524
35582 443
35583 220
35584 194
35585 134
35586 141
35587 237
35588 272
35589 323
35590 149
35591 175
35592 345
35593 353
35594 196
35595 291
35596 197
35597 273
35598 401
35599 266
35600 410
35601 417
35602 346
35603 305
35604 404
35605 385
35606 351
35607 402
35608 286
35609 396
35610 468
35611 354
35612 437
35613 324
35614 326
35615 338
35616 423
35617 366
35618 380
35619 423
35620 417
35621 479
35622 364
35623 433
35624 532
35625 467
35626 525
35627 542
35628 416
35629 508
35630 470
35631 588
35632 557
35633 570
35634 470
35635 589
35636 415
35637 531
35638 441
35639 572
35640 511
35641 483
35642 497
35643 611
35644 558
35645 577
35646 543
35647 552
35648 544
35649 579
35650 486
35651 523
35652 525
35653 532
35654 592
35655 655
35656 633
35657 580
35658 644
35659 696
35660 535
35661 563
35662 735
35663 568
35664 571
35665 762
35666 572
35667 715
35668 627
35669 606
35670 623
35671 715
35672 575
35673 530
35674 592
35675 585
35676 593
35677 561
35678 603
35679 669
35680 642
35681 563
35682 628
35683 589
35684 594
35685 712
35686 703
35687 536
35688 620
35689 549
35690 530
35691 563
35692 609
35693 516
35694 355
35695 382
35696 292
35697 484
35698 475
35699 495
35700 375
35701 317
35702 498
35703 344
35704 481
35705 528
35706 523
35707 540
35708 394
35709 364
35710 418
35711 397
35712 441
35713 547
35714 458
35715 550
35716 490
35717 467
35718 521
35719 555
35720 395
35721 454
35722 553
35723 529
35724 562
35725 478
35726 595
35727 524
35728 442
35729 492
35730 407
35731 377
35732 377
35733 356
35734 249
35735 91
35736 174
35737 172
35738 194
35739 138
35740 199
35741 247
35742 130
35743 178
35744 149
35745 349
35746 258
35747 217
35748 183
35749 252
35750 201
35751 290
35752 214
35753 403
35754 316
35755 304
35756 346
35757 344
35758 344
35759 335
35760 418
35761 349
35762 421
35763 348
35764 224
35765 281
35766 323
35767 243
35768 302
35769 361
35770 254
35771 328
35772 268
35773 437
35774 338
35775 292
35776 289
35777 400
35778 270
35779 353
35780 425
35781 396
35782 302
35783 386
35784 464
35785 405
35786 349
35787 487
35788 450
35789 504
35790 469
35791 367
35792 440
35793 546
35794 497
35795 427
35796 427
35797 444
35798 519
35799 438
35800 435
35801 495
35802 616
35803 544
35804 518
35805 548
35806 626
35807 467
35808 503
35809 640
35810 469
35811 573
35812 608
35813 507
35814 536
35815 593
35816 580
35817 624
35818 645
35819 685
35820 534
35821 603
35822 605
35823 672
35824 597
35825 575
35826 564
35827 696
35828 674
35829 589
35830 623
35831 594
35832 551
35833 597
35834 726
35835 741
35836 700
35837 590
35838 653
35839 743
35840 618
35841 707
35842 648
35843 705
35844 790
35845 683
35846 710
35847 716
35848 689
35849 664
35850 810
35851 865
35852 703
35853 874
35854 730
35855 752
35856 486
35857 372
35858 395
35859 492
35860 444
35861 377
35862 531
35863 445
35864 569
35865 511
35866 489
35867 551
35868 437
35869 491
35870 532
35871 459
35872 625
35873 611
35874 581
35875 498
35876 559
35877 592
35878 501
35879 467
35880 561
35881 656
35882 417
35883 523
35884 446
35885 490
35886 540
35887 516
35888 564
35889 554
35890 426
35891 420
35892 434
35893 490
35894 572
35895 545
35896 505
35897 607
35898 553
35899 526
35900 600
35901 507
35902 427
35903 382
35904 527
35905 526
35906 548
35907 568
35908 582
35909 560
35910 472
35911 574
35912 467
35913 602
35914 602
35915 560
35916 450
35917 441
35918 518
35919 525
35920 546
35921 395
35922 447
35923 484
35924 413
35925 512
35926 460
35927 567
35928 608
35929 452
35930 489
35931 542
35932 613
35933 587
35934 644
35935 626
35936 564
35937 605
35938 495
35939 676
35940 491
35941 692
35942 658
35943 586
35944 686
35945 577
35946 656
35947 714
35948 666
35949 616
35950 609
35951 720
35952 683
35953 567
35954 665
35955 427
35956 528
35957 538
35958 586
35959 501
35960 536
35961 427
35962 552
35963 551
35964 457
35965 501
35966 607
35967 513
35968 648
35969 572
35970 475
35971 527
35972 454
35973 477
35974 464
35975 374
35976 495
35977 510
35978 452
35979 552
35980 378
35981 565
35982 385
35983 555
35984 450
35985 390
35986 561
35987 500
35988 511
35989 448
35990 501
35991 536
35992 424
35993 476
35994 352
35995 485
35996 460
35997 447
35998 488
35999 436
36000 533
36001 516
36002 392
36003 565
36004 517
36005 533
36006 415
36007 558
36008 449
36009 543
36010 564
36011 537
36012 558
36013 475
36014 499
36015 503
36016 350
36017 463
36018 554
36019 440
36020 424
36021 502
36022 455
36023 559
36024 398
36025 572
36026 531
36027 401
36028 474
36029 461
36030 574
36031 585
36032 504
36033 584
36034 543
36035 453
36036 550
36037 624
36038 522
36039 493
36040 628
36041 518
36042 493
36043 534
36044 617
36045 560
36046 668
36047 524
36048 533
36049 582
36050 619
36051 610
36052 632
36053 524
36054 475
36055 592
36056 484
36057 621
36058 497
36059 528
36060 537
36061 589
36062 645
36063 368
36064 349
36065 376
36066 461
36067 502
36068 429
36069 381
36070 408
36071 551
36072 522
36073 505
36074 352
36075 436
36076 514
36077 466
36078 462
36079 433
36080 493
36081 537
36082 558
36083 500
36084 516
36085 571
36086 414
36087 509
36088 448
36089 521
36090 597
36091 608
36092 537
36093 442
36094 577
36095 469
36096 553
36097 652
36098 514
36099 604
36100 579
36101 530
36102 263
36103 292
36104 431
36105 426
36106 343
36107 266
36108 446
36109 345
36110 393
36111 413
36112 376
36113 332
36114 419
36115 366
36116 318
36117 523
36118 450
36119 522
36120 436
36121 341
36122 371
36123 418
36124 419
36125 451
36126 390
36127 460
36128 388
36129 402
36130 433
36131 474
36132 492
36133 587
36134 583
36135 505
36136 594
36137 589
36138 457
36139 561
36140 588
36141 555
36142 475
36143 644
36144 643
36145 669
36146 640
36147 657
36148 561
36149 559
36150 663
36151 667
36152 631
36153 716
36154 647
36155 117
36156 124
36157 187
36158 169
36159 195
36160 127
36161 279
36162 175
36163 239
36164 225
36165 285
36166 340
36167 290
36168 312
36169 332
36170 349
36171 318
36172 323
36173 369
36174 265
36175 224
36176 270
36177 219
36178 236
36179 359
36180 431
36181 259
36182 301
36183 384
36184 361
36185 273
36186 458
36187 276
36188 434
36189 285
36190 289
36191 446
36192 304
36193 374
36194 402
36195 396
36196 394
36197 397
36198 503
36199 470
36200 518
36201 455
36202 481
36203 424
36204 485
36205 525
36206 405
36207 423
36208 576
36209 530
36210 535
36211 534
36212 442
36213 436
36214 479
36215 519
36216 594
36217 472
36218 449
36219 609
36220 466
36221 570
36222 519
36223 621
36224 650
36225 587
36226 619
36227 528
36228 598
36229 674
36230 524
36231 609
36232 642
36233 681
36234 606
36235 665
36236 546
36237 633
36238 688
36239 537
36240 496
36241 569
36242 557
36243 520
36244 522
36245 562
36246 468
36247 543
36248 643
36249 647
36250 536
36251 685
36252 538
36253 579
36254 529
36255 573
36256 586
36257 616
36258 586
36259 738
36260 377
36261 496
36262 483
36263 528
36264 427
36265 532
36266 505
36267 371
36268 434
36269 509
36270 456
36271 570
36272 481
36273 327
36274 338
36275 409
36276 405
36277 363
36278 310
36279 446
36280 385
36281 358
36282 394
36283 328
36284 470
36285 367
36286 506
36287 445
36288 528
36289 505
36290 487
36291 488
36292 515
36293 561
36294 392
36295 506
36296 576
36297 475
36298 582
36299 436
36300 463
36301 464
36302 427
36303 507
36304 451
36305 559
36306 522
36307 521
36308 504
36309 467
36310 479
36311 582
36312 510
36313 420
36314 562
36315 493
36316 594
36317 617
36318 585
36319 482
36320 531
36321 635
36322 619
36323 626
36324 617
36325 468
36326 534
36327 653
36328 547
36329 594
36330 492
36331 666
36332 567
36333 601
36334 513
36335 692
36336 556
36337 710
36338 623
36339 594
36340 599
36341 677
36342 652
36343 640
36344 677
36345 640
36346 463
36347 590
36348 480
36349 428
36350 595
36351 450
36352 445
36353 591
36354 521
36355 583
36356 588
36357 528
36358 491
36359 607
36360 679
36361 530
36362 612
36363 522
36364 647
36365 680
36366 632
36367 506
36368 414
36369 540
36370 439
36371 409
36372 400
36373 502
36374 473
36375 418
36376 468
36377 482
36378 613
36379 499
36380 520
36381 490
36382 592
36383 573
36384 490
36385 460
36386 469
36387 588
36388 481
36389 447
36390 527
36391 456
36392 370
36393 169
36394 331
36395 244
36396 315
36397 206
36398 196
36399 245
36400 174
36401 310
36402 375
36403 314
36404 251
36405 237
36406 393
36407 237
36408 228
36409 303
36410 318
36411 397
36412 244
36413 276
36414 395
36415 306
36416 392
36417 325
36418 380
36419 279
36420 347
36421 423
36422 370
36423 380
36424 330
36425 325
36426 323
36427 405
36428 461
36429 493
36430 476
36431 448
36432 509
36433 440
36434 532
36435 372
36436 528
36437 485
36438 453
36439 412
36440 448
36441 514
36442 445
36443 525
36444 391
36445 574
36446 525
36447 448
36448 403
36449 546
36450 540
36451 409
36452 487
36453 423
36454 453
36455 441
36456 487
36457 534
36458 553
36459 642
36460 495
36461 500
36462 584
36463 589
36464 568
36465 508
36466 460
36467 630
36468 602
36469 522
36470 558
36471 600
36472 487
36473 620
36474 609
36475 611
36476 515
36477 612
36478 692
36479 695
36480 675
36481 564
36482 715
36483 330
36484 432
36485 415
36486 401
36487 317
36488 407
36489 449
36490 426
36491 281
36492 346
36493 323
36494 388
36495 305
36496 461
36497 353
36498 339
36499 487
36500 454
36501 358
36502 462
36503 486
36504 374
36505 395
36506 425
36507 543
36508 390
36509 560
36510 399
36511 464
36512 420
36513 466
36514 604
36515 543
36516 490
36517 531
36518 484
36519 583
36520 633
36521 555
36522 463
36523 607
36524 558
36525 630
36526 535
36527 673
36528 602
36529 483
36530 379
36531 412
36532 447
36533 557
36534 420
36535 591
36536 463
36537 525
36538 507
36539 462
36540 581
36541 453
36542 562
36543 635
36544 499
36545 465
36546 583
36547 541
36548 666
36549 472
36550 478
36551 605
36552 667
36553 546
36554 635
36555 516
36556 544
36557 258
36558 292
36559 271
36560 368
36561 335
36562 394
36563 256
36564 357
36565 361
36566 278
36567 417
36568 286
36569 378
36570 347
36571 417
36572 309
36573 406
36574 260
36575 274
36576 392
36577 267
36578 439
36579 417
36580 455
36581 440
36582 363
36583 323
36584 409
36585 348
36586 444
36587 500
36588 487
36589 449
36590 360
36591 419
36592 439
36593 482
36594 475
36595 524
36596 414
36597 416
36598 513
36599 367
36600 409
36601 508
36602 431
36603 305
36604 244
36605 314
36606 346
36607 202
36608 232
36609 333
36610 268
36611 266
36612 267
36613 356
36614 326
36615 402
36616 422
36617 319
36618 443
36619 343
36620 459
36621 446
36622 396
36623 342
36624 340
36625 342
36626 448
36627 363
36628 359
36629 322
36630 392
36631 362
36632 343
36633 541
36634 509
36635 366
36636 483
36637 493
36638 484
36639 371
36640 362
36641 450
36642 508
36643 471
36644 552
36645 468
36646 469
36647 524
36648 436
36649 561
36650 459
36651 477
36652 626
36653 531
36654 646
36655 640
36656 633
36657 599
36658 493
36659 580
36660 666
36661 677
36662 614
36663 581
36664 542
36665 701
36666 621
36667 602
36668 702
36669 707
36670 576
36671 589
36672 543
36673 608
36674 702
36675 600
36676 687
36677 640
36678 681
36679 628
36680 744
36681 709
36682 663
36683 788
36684 644
36685 784
36686 804
36687 684
36688 706
36689 483
36690 527
36691 533
36692 510
36693 534
36694 402
36695 539
36696 578
36697 435
36698 453
36699 563
36700 621
36701 431
36702 574
36703 607
36704 453
36705 273
36706 319
36707 312
36708 285
36709 470
36710 349
36711 446
36712 355
36713 439
36714 390
36715 390
36716 517
36717 438
36718 500
36719 458
36720 519
36721 430
36722 442
36723 389
36724 402
36725 488
36726 502
36727 393
36728 567
36729 413
36730 440
36731 526
36732 507
36733 442
36734 587
36735 309
36736 257
36737 268
36738 319
36739 302
36740 369
36741 316
36742 357
36743 461
36744 359
36745 488
36746 399
36747 392
36748 336
36749 366
36750 415
36751 374
36752 393
36753 531
36754 427
36755 529
36756 440
36757 441
36758 561
36759 461
36760 469
36761 482
36762 425
36763 565
36764 489
36765 530
36766 451
36767 574
36768 542
36769 586
36770 449
36771 572
36772 505
36773 569
36774 536
36775 487
36776 576
36777 645
36778 671
36779 654
36780 523
36781 567
36782 648
36783 513
36784 671
36785 656
36786 482
36787 535
36788 668
36789 595
36790 515
36791 544
36792 678
36793 562
36794 536
36795 674
36796 289
36797 450
36798 384
36799 317
36800 339
36801 431
36802 518
36803 468
36804 410
36805 452
36806 486
36807 516
36808 452
36809 546
36810 489
36811 470
36812 396
36813 478
36814 473
36815 466
36816 574
36817 431
36818 569
36819 465
36820 461
36821 578
36822 485
36823 544
36824 533
36825 523
36826 601
36827 437
36828 597
36829 576
36830 485
36831 630
36832 547
36833 588
36834 555
36835 495
36836 620
36837 499
36838 619
36839 496
36840 509
36841 565
36842 603
36843 570
36844 623
36845 345
36846 206
36847 399
36848 338
36849 330
36850 364
36851 309
36852 363
36853 339
36854 277
36855 401
36856 345
36857 413
36858 472
36859 334
36860 438
36861 374
36862 485
36863 347
36864 481
36865 447
36866 515
36867 347
36868 391
36869 527
36870 533
36871 392
36872 373
36873 384
36874 400
36875 485
36876 564
36877 580
36878 578
36879 466
36880 571
36881 548
36882 434
36883 617
36884 638
36885 457
36886 576
36887 630
36888 599
36889 635
36890 488
36891 669
36892 521
36893 518
36894 635
36895 502
36896 620
36897 534
36898 568
36899 702
36900 620
36901 458
36902 427
36903 410
36904 362
36905 492
36906 421
36907 459
36908 441
36909 382
36910 557
36911 427
36912 537
36913 488
36914 445
36915 568
36916 480
36917 521
36918 441
36919 503
36920 505
36921 319
36922 234
36923 192
36924 329
36925 240
36926 204
36927 265
36928 293
36929 362
36930 290
36931 342
36932 382
36933 308
36934 304
36935 361
36936 396
36937 360
36938 298
36939 407
36940 280
36941 386
36942 456
36943 409
36944 434
36945 365
36946 347
36947 416
36948 460
36949 387
36950 432
36951 524
36952 388
36953 399
36954 445
36955 490
36956 424
36957 560
36958 374
36959 554
36960 513
36961 412
36962 454
36963 427
36964 554
36965 518
36966 473
36967 448
36968 566
36969 555
36970 518
36971 466
36972 452
36973 510
36974 593
36975 520
36976 564
36977 650
36978 523
36979 613
36980 533
36981 636
36982 559
36983 492
36984 580
36985 685
36986 589
36987 546
36988 505
36989 458
36990 482
36991 525
36992 546
36993 428
36994 562
36995 293
36996 243
36997 265
36998 275
36999 384
37000 414
37001 374
37002 285
37003 271
37004 266
37005 359
37006 436
37007 305
37008 288
37009 379
37010 336
37011 337
37012 477
37013 480
37014 427
37015 463
37016 375
37017 497
37018 363
37019 509
37020 403
37021 314
37022 307
37023 432
37024 425
37025 386
37026 304
37027 370
37028 489
37029 398
37030 319
37031 466
37032 399
37033 369
37034 469
37035 377
37036 283
37037 329
37038 421
37039 432
37040 427
37041 364
37042 319
37043 325
37044 460
37045 355
37046 293
37047 391
37048 309
37049 421
37050 325
37051 427
37052 385
37053 509
37054 414
37055 406
37056 459
37057 414
37058 395
37059 545
37060 526
37061 494
37062 586
37063 451
37064 505
37065 509
37066 570
37067 539
37068 534
37069 553
37070 480
37071 602
37072 520
37073 533
37074 512
37075 487
37076 639
37077 526
37078 616
37079 596
37080 668
37081 694
37082 711
37083 654
37084 670
37085 715
37086 593
37087 568
37088 604
37089 585
37090 750
37091 753
37092 631
37093 751
37094 786
37095 605
37096 447
37097 453
37098 276
37099 346
37100 464
37101 299
37102 389
37103 373
37104 303
37105 321
37106 308
37107 482
37108 494
37109 465
37110 497
37111 524
37112 376
37113 471
37114 543
37115 499
37116 387
37117 342
37118 320
37119 499
37120 423
37121 475
37122 385
37123 439
37124 390
37125 445
37126 481
37127 507
37128 461
37129 559
37130 532
37131 464
37132 431
37133 521
37134 397
37135 501
37136 502
37137 505
37138 592
37139 498
37140 546
37141 498
37142 493
37143 635
37144 652
37145 644
37146 544
37147 617
37148 482
37149 583
37150 552
37151 538
37152 499
37153 448
37154 580
37155 433
37156 580
37157 572
37158 523
37159 589
37160 492
37161 585
37162 609
37163 640
37164 586
37165 561
37166 542
37167 593
37168 553
37169 548
37170 599
37171 675
37172 577
37173 519
37174 707
37175 532
37176 567
37177 639
37178 688
37179 718
37180 714
37181 680
37182 599
37183 504
37184 355
37185 518
37186 407
37187 510
37188 380
37189 439
37190 556
37191 589
37192 525
37193 415
37194 445
37195 459
37196 538
37197 563
37198 441
37199 613
37200 603
37201 521
37202 559
37203 624
37204 642
37205 481
37206 463
37207 605
37208 647
37209 595
37210 562
37211 423
37212 483
37213 506
37214 463
37215 512
37216 602
37217 565
37218 507
37219 642
37220 613
37221 611
37222 687
37223 565
37224 544
37225 541
37226 648
37227 684
37228 651
37229 454
37230 420
37231 544
37232 592
37233 559
37234 561
37235 631
37236 566
37237 642
37238 574
37239 494
37240 438
37241 510
37242 498
37243 452
37244 539
37245 359
37246 419
37247 545
37248 507
37249 505
37250 469
37251 543
37252 479
37253 544
37254 530
37255 589
37256 595
37257 595
37258 592
37259 463
37260 582
37261 594
37262 497
37263 610
37264 596
37265 626
37266 595
37267 633
37268 549
37269 502
37270 515
37271 605
37272 653
37273 573
37274 619
37275 561
37276 537
37277 584
37278 611
37279 550
37280 572
37281 705
37282 602
37283 569
37284 577
37285 595
37286 757
37287 721
37288 701
37289 582
37290 617
37291 417
37292 466
37293 416
37294 530
37295 397
37296 523
37297 534
37298 539
37299 474
37300 480
37301 479
37302 488
37303 521
37304 606
37305 464
37306 459
37307 450
37308 567
37309 607
37310 582
37311 539
37312 468
37313 613
37314 666
37315 508
37316 669
37317 519
37318 639
37319 596
37320 699
37321 602
37322 537
37323 563
37324 567
37325 574
37326 461
37327 589
37328 575
37329 354
37330 349
37331 285
37332 438
37333 318
37334 444
37335 329
37336 454
37337 405
37338 356
37339 406
37340 477
37341 392
37342 400
37343 501
37344 391
37345 451
37346 450
37347 486
37348 542
37349 500
37350 426
37351 396
37352 392
37353 394
37354 473
37355 466
37356 499
37357 496
37358 450
37359 500
37360 610
37361 583
37362 494
37363 560
37364 570
37365 580
37366 467
37367 539
37368 646
37369 504
37370 576
37371 493
37372 406
37373 391
37374 440
37375 363
37376 347
37377 483
37378 402
37379 343
37380 354
37381 391
37382 417
37383 534
37384 382
37385 413
37386 471
37387 421
37388 438
37389 387
37390 332
37391 366
37392 400
37393 404
37394 330
37395 438
37396 522
37397 391
37398 401
37399 312
37400 386
37401 418
37402 393
37403 328
37404 448
37405 439
37406 383
37407 389
37408 325
37409 353
37410 362
37411 378
37412 486
37413 491
37414 443
37415 461
37416 434
37417 492
37418 515
37419 533
37420 455
37421 450
37422 570
37423 521
37424 500
37425 475
37426 438
37427 416
37428 451
37429 448
37430 594
37431 590
37432 553
37433 614
37434 573
37435 521
37436 567
37437 555
37438 553
37439 669
37440 488
37441 689
37442 589
37443 544
37444 521
37445 572
37446 696
37447 539
37448 666
37449 547
37450 600
37451 618
37452 609
37453 664
37454 657
37455 763
37456 728
37457 671
37458 716
37459 776
37460 757
37461 815
37462 818
37463 684
37464 769
37465 645
37466 723
37467 705
37468 667
37469 671
37470 712
37471 384
37472 418
37473 480
37474 377
37475 470
37476 405
37477 419
37478 355
37479 367
37480 553
37481 423
37482 551
37483 488
37484 438
37485 460
37486 598
37487 566
37488 545
37489 486
37490 202
37491 151
37492 208
37493 215
37494 218
37495 218
37496 194
37497 159
37498 267
37499 318
37500 357
37501 215
37502 307
37503 313
37504 239
37505 270
37506 360
37507 382
37508 389
37509 369
37510 261
37511 265
37512 258
37513 426
37514 357
37515 435
37516 430
37517 277
37518 326
37519 414
37520 400
37521 475
37522 379
37523 420
37524 481
37525 354
37526 453
37527 401
37528 473
37529 379
37530 433
37531 521
37532 432
37533 409
37534 539
37535 450
37536 391
37537 490
37538 516
37539 568
37540 399
37541 576
37542 454
37543 558
37544 510
37545 461
37546 563
37547 603
37548 602
37549 536
37550 526
37551 646
37552 623
37553 470
37554 625
37555 572
37556 615
37557 514
37558 648
37559 667
37560 505
37561 686
37562 616
37563 365
37564 486
37565 392
37566 384
37567 509
37568 494
37569 529
37570 481
37571 562
37572 549
37573 205
37574 184
37575 232
37576 358
37577 326
37578 392
37579 267
37580 324
37581 221
37582 304
37583 228
37584 421
37585 424
37586 322
37587 327
37588 409
37589 279
37590 453
37591 409
37592 415
37593 450
37594 455
37595 454
37596 452
37597 335
37598 406
37599 330
37600 362
37601 408
37602 427
37603 488
37604 406
37605 497
37606 457
37607 484
37608 513
37609 544
37610 397
37611 451
37612 546
37613 525
37614 516
37615 546
37616 575
37617 441
37618 583
37619 530
37620 432
37621 441
37622 485
37623 505
37624 639
37625 627
37626 610
37627 470
37628 567
37629 613
37630 576
37631 486
37632 575
37633 592
37634 612
37635 527
37636 579
37637 692
37638 586
37639 563
37640 692
37641 705
37642 614
37643 582
37644 647
37645 753
37646 678
37647 647
37648 650
37649 716
37650 611
37651 778
37652 662
37653 632
37654 649
37655 607
37656 641
37657 619
37658 809
37659 780
37660 649
37661 681
37662 704
37663 827
37664 773
37665 780
37666 815
37667 676
37668 789
37669 822
37670 714
37671 857
37672 827
37673 863
37674 742
37675 705
37676 822
37677 706
37678 707
37679 715
37680 849
37681 789
37682 913
37683 827
37684 833
37685 901
37686 925
37687 908
37688 752
37689 860
37690 438
37691 443
37692 294
37693 338
37694 293
37695 369
37696 270
37697 431
37698 263
37699 419
37700 310
37701 332
37702 452
37703 325
37704 354
37705 427
37706 489
37707 371
37708 358
37709 511
37710 451
37711 467
37712 500
37713 427
37714 538
37715 425
37716 430
37717 369
37718 559
37719 433
37720 534
37721 428
37722 593
37723 587
37724 478
37725 439
37726 511
37727 481
37728 521
37729 440
37730 587
37731 587
37732 483
37733 595
37734 377
37735 470
37736 495
37737 256
37738 134
37739 169
37740 133
37741 276
37742 282
37743 264
37744 164
37745 313
37746 338
37747 240
37748 272
37749 155
37750 257
37751 249
37752 335
37753 182
37754 185
37755 202
37756 286
37757 129
37758 269
37759 173
37760 101
37761 128
37762 144
37763 174
37764 166
37765 266
37766 225
37767 123
37768 289
37769 199
37770 227
37771 311
37772 236
37773 293
37774 347
37775 295
37776 308
37777 199
37778 282
37779 297
37780 261
37781 289
37782 336
37783 384
37784 302
37785 261
37786 272
37787 254
37788 298
37789 245
37790 378
37791 423
37792 381
37793 325
37794 328
37795 382
37796 291
37797 334
37798 379
37799 435
37800 403
37801 340
37802 513
37803 505
37804 430
37805 389
37806 386
37807 529
37808 413
37809 379
37810 509
37811 557
37812 380
37813 418
37814 519
37815 535
37816 401
37817 407
37818 531
37819 512
37820 463
37821 417
37822 430
37823 432
37824 495
37825 447
37826 595
37827 518
37828 482
37829 515
37830 588
37831 628
37832 583
37833 634
37834 534
37835 531
37836 581
37837 585
37838 621
37839 731
37840 673
37841 655
37842 558
37843 629
37844 567
37845 665
37846 646
37847 681
37848 402
37849 498
37850 502
37851 437
37852 528
37853 529
37854 463
37855 536
37856 510
37857 470
37858 602
37859 512
37860 522
37861 636
37862 628
37863 541
37864 590
37865 215
37866 231
37867 151
37868 126
37869 133
37870 112
37871 176
37872 206
37873 142
37874 206
37875 234
37876 256
37877 262
37878 149
37879 326
37880 271
37881 239
37882 341
37883 212
37884 312
37885 227
37886 176
37887 195
37888 284
37889 333
37890 385
37891 373
37892 237
37893 256
37894 367
37895 382
37896 301
37897 362
37898 281
37899 309
37900 333
37901 459
37902 459
37903 488
37904 305
37905 354
37906 423
37907 514
37908 505
37909 454
37910 457
37911 433
37912 361
37913 547
37914 377
37915 379
37916 455
37917 467
37918 395
37919 483
37920 481
37921 538
37922 429
37923 450
37924 477
37925 475
37926 588
37927 627
37928 567
37929 596
37930 447
37931 572
37932 657
37933 508
37934 490
37935 479
37936 575
37937 552
37938 581
37939 559
37940 610
37941 699
37942 574
37943 636
37944 655
37945 568
37946 645
37947 705
37948 585
37949 634
37950 585
37951 732
37952 608
37953 589
37954 587
37955 528
37956 528
37957 625
37958 682
37959 436
37960 423
37961 500
37962 471
37963 452
37964 440
37965 462
37966 565
37967 479
37968 447
37969 555
37970 475
37971 595
37972 502
37973 440
37974 610
37975 553
37976 458
37977 560
37978 542
37979 557
37980 627
37981 452
37982 535
37983 650
37984 636
37985 530
37986 647
37987 642
37988 612
37989 507
37990 609
37991 401
37992 412
37993 359
37994 472
37995 452
37996 429
37997 371
37998 328
37999 481
38000 345
38001 404
38002 521
38003 486
38004 552
38005 514
38006 510
38007 534
38008 497
38009 413
38010 417
38011 555
38012 552
38013 549
38014 495
38015 396
38016 425
38017 147
38018 278
38019 274
38020 118
38021 274
38022 191
38023 255
38024 216
38025 338
38026 175
38027 276
38028 234
38029 305
38030 189
38031 375
38032 291
38033 253
38034 223
38035 249
38036 412
38037 388
38038 423
38039 408
38040 241
38041 253
38042 309
38043 364
38044 265
38045 268
38046 375
38047 277
38048 307
38049 457
38050 396
38051 363
38052 353
38053 384
38054 368
38055 382
38056 472
38057 361
38058 479
38059 542
38060 488
38061 482
38062 455
38063 395
38064 451
38065 543
38066 568
38067 507
38068 413
38069 569
38070 591
38071 426
38072 438
38073 562
38074 507
38075 558
38076 469
38077 566
38078 574
38079 569
38080 629
38081 541
38082 557
38083 533
38084 624
38085 549
38086 554
38087 669
38088 679
38089 595
38090 565
38091 600
38092 616
38093 636
38094 631
38095 619
38096 596
38097 550
38098 582
38099 630
38100 488
38101 593
38102 609
38103 548
38104 550
38105 668
38106 706
38107 626
38108 555
38109 722
38110 558
38111 364
38112 306
38113 425
38114 477
38115 279
38116 305
38117 265
38118 319
38119 362
38120 405
38121 444
38122 347
38123 450
38124 497
38125 350
38126 317
38127 497
38128 434
38129 369
38130 385
38131 432
38132 469
38133 398
38134 497
38135 503
38136 377
38137 458
38138 555
38139 456
38140 391
38141 430
38142 411
38143 499
38144 320
38145 445
38146 346
38147 467
38148 355
38149 533
38150 405
38151 529
38152 506
38153 553
38154 403
38155 409
38156 440
38157 409
38158 460
38159 566
38160 510
38161 563
38162 413
38163 419
38164 508
38165 502
38166 464
38167 550
38168 611
38169 533
38170 549
38171 522
38172 640
38173 509
38174 576
38175 628
38176 644
38177 589
38178 544
38179 578
38180 539
38181 648
38182 689
38183 737
38184 743
38185 578
38186 629
38187 603
38188 658
38189 599
38190 511
38191 501
38192 553
38193 501
38194 530
38195 581
38196 642
38197 567
38198 556
38199 603
38200 552
38201 511
38202 673
38203 532
38204 575
38205 559
38206 382
38207 461
38208 396
38209 521
38210 448
38211 374
38212 524
38213 494
38214 530
38215 429
38216 552
38217 499
38218 541
38219 406
38220 474
38221 463
38222 448
38223 422
38224 572
38225 604
38226 478
38227 523
38228 542
38229 595
38230 456
38231 636
38232 652
38233 470
38234 498
38235 629
38236 500
38237 526
38238 481
38239 486
38240 630
38241 487
38242 531
38243 633
38244 673
38245 591
38246 597
38247 627
38248 606
38249 660
38250 575
38251 643
38252 680
38253 484
38254 534
38255 586
38256 532
38257 512
38258 485
38259 328
38260 328
38261 351
38262 388
38263 357
38264 368
38265 338
38266 518
38267 472
38268 478
38269 482
38270 569
38271 449
38272 394
38273 426
38274 458
38275 406
38276 545
38277 486
38278 563
38279 618
38280 542
38281 497
38282 508
38283 543
38284 479
38285 553
38286 468
38287 585
38288 624
38289 540
38290 630
38291 648
38292 593
38293 598
38294 605
38295 634
38296 517
38297 609
38298 602
38299 627
38300 572
38301 678
38302 531
38303 616
38304 645
38305 613
38306 742
38307 659
38308 652
38309 709
38310 680
38311 389
38312 353
38313 512
38314 498
38315 369
38316 472
38317 414
38318 481
38319 491
38320 429
38321 401
38322 498
38323 531
38324 364
38325 264
38326 307
38327 295
38328 236
38329 252
38330 297
38331 399
38332 350
38333 327
38334 409
38335 235
38336 404
38337 410
38338 255
38339 293
38340 271
38341 355
38342 309
38343 403
38344 380
38345 405
38346 304
38347 431
38348 289
38349 329
38350 411
38351 407
38352 336
38353 448
38354 406
38355 492
38356 505
38357 422
38358 506
38359 525
38360 534
38361 412
38362 463
38363 497
38364 432
38365 522
38366 474
38367 588
38368 424
38369 421
38370 513
38371 345
38372 272
38373 278
38374 382
38375 363
38376 416
38377 299
38378 419
38379 429
38380 307
38381 379
38382 276
38383 455
38384 359
38385 421
38386 323
38387 415
38388 324
38389 441
38390 489
38391 530
38392 501
38393 365
38394 357
38395 351
38396 381
38397 491
38398 487
38399 465
38400 365
38401 477
38402 409
38403 370
38404 442
38405 357
38406 328
38407 362
38408 299
38409 393
38410 323
38411 378
38412 342
38413 273
38414 307
38415 370
38416 300
38417 363
38418 300
38419 250
38420 294
38421 377
38422 441
38423 290
38424 288
38425 353
38426 327
38427 461
38428 301
38429 258
38430 218
38431 270
38432 374
38433 251
38434 420
38435 378
38436 300
38437 282
38438 295
38439 383
38440 373
38441 424
38442 434
38443 374
38444 417
38445 430
38446 318
38447 384
38448 419
38449 430
38450 454
38451 362
38452 128
38453 142
38454 204
38455 237
38456 246
38457 182
38458 168
38459 148
38460 146
38461 123
38462 183
38463 167
38464 144
38465 164
38466 193
38467 156
38468 277
38469 255
38470 189
38471 196
38472 153
38473 260
38474 311
38475 179
38476 290
38477 256
38478 240
38479 267
38480 296
38481 242
38482 235
38483 391
38484 306
38485 410
38486 408
38487 271
38488 304
38489 444
38490 282
38491 279
38492 308
38493 383
38494 357
38495 449
38496 356
38497 500
38498 454
38499 407
38500 517
38501 337
38502 522
38503 464
38504 437
38505 404
38506 419
38507 408
38508 386
38509 378
38510 516
38511 531
38512 386
38513 396
38514 515
38515 597
38516 526
38517 583
38518 418
38519 533
38520 582
38521 428
38522 505
38523 551
38524 606
38525 564
38526 584
38527 500
38528 448
38529 647
38530 472
38531 572
38532 527
38533 611
38534 653
38535 584
38536 632
38537 612
38538 605
38539 666
38540 529
38541 536
38542 562
38543 551
38544 592
38545 641
38546 617
38547 512
38548 616
38549 527
38550 725
38551 593
38552 478
38553 469
38554 384
38555 335
38556 352
38557 300
38558 322
38559 245
38560 261
38561 415
38562 441
38563 295
38564 366
38565 445
38566 474
38567 370
38568 300
38569 444
38570 459
38571 427
38572 396
38573 394
38574 402
38575 490
38576 524
38577 400
38578 557
38579 552
38580 401
38581 564
38582 535
38583 572
38584 422
38585 498
38586 485
38587 460
38588 603
38589 586
38590 609
38591 550
38592 496
38593 560
38594 589
38595 533
38596 479
38597 622
38598 609
38599 509
38600 656
38601 612
38602 521
38603 555
38604 669
38605 624
38606 612
38607 512
38608 570
38609 579
38610 723
38611 555
38612 708
38613 645
38614 641
38615 646
38616 733
38617 575
38618 636
38619 667
38620 694
38621 606
38622 682
38623 587
38624 696
38625 774
38626 619
38627 661
38628 698
38629 658
38630 653
38631 715
38632 770
38633 670
38634 452
38635 439
38636 419
38637 468
38638 305
38639 460
38640 313
38641 392
38642 444
38643 318
38644 476
38645 351
38646 397
38647 516
38648 425
38649 492
38650 374
38651 345
38652 408
38653 468
38654 444
38655 517
38656 457
38657 385
38658 543
38659 383
38660 522
38661 545
38662 520
38663 597
38664 604
38665 434
38666 463
38667 452
38668 605
38669 499
38670 590
38671 526
38672 608
38673 619
38674 652
38675 603
38676 576
38677 572
38678 675
38679 542
38680 545
38681 662
38682 558
38683 523
38684 709
38685 668
38686 648
38687 660
38688 717
38689 611
38690 685
38691 690
38692 670
38693 388
38694 463
38695 431
38696 471
38697 556
38698 517
38699 519
38700 431
38701 404
38702 541
38703 557
38704 486
38705 529
38706 532
38707 489
38708 577
38709 399
38710 501
38711 424
38712 489
38713 561
38714 481
38715 437
38716 632
38717 546
38718 522
38719 512
38720 387
38721 559
38722 424
38723 546
38724 456
38725 429
38726 412
38727 492
38728 521
38729 562
38730 514
38731 565
38732 555
38733 594
38734 558
38735 470
38736 543
38737 482
38738 509
38739 663
38740 656
38741 695
38742 679
38743 486
38744 572
38745 466
38746 569
38747 481
38748 500
38749 633
38750 654
38751 591
38752 589
38753 518
38754 647
38755 682
38756 575
38757 573
38758 526
38759 596
38760 615
38761 524
38762 587
38763 669
38764 709
38765 627
38766 566
38767 616
38768 385
38769 476
38770 444
38771 570
38772 498
38773 404
38774 478
38775 447
38776 451
38777 528
38778 489
38779 468
38780 514
38781 569
38782 576
38783 454
38784 543
38785 470
38786 569
38787 509
38788 496
38789 462
38790 480
38791 381
38792 525
38793 514
38794 489
38795 394
38796 516
38797 457
38798 503
38799 594
38800 593
38801 613
38802 462
38803 575
38804 554
38805 457
38806 572
38807 621
38808 478
38809 472
38810 543
38811 552
38812 675
38813 631
38814 671
38815 682
38816 630
38817 693
38818 562
38819 530
38820 553
38821 653
38822 617
38823 624
38824 546
38825 670
38826 574
38827 590
38828 545
38829 523
38830 672
38831 364
38832 392
38833 510
38834 360
38835 480
38836 344
38837 423
38838 392
38839 385
38840 403
38841 368
38842 441
38843 510
38844 522
38845 474
38846 505
38847 559
38848 422
38849 405
38850 483
38851 539
38852 416
38853 510
38854 425
38855 618
38856 417
38857 506
38858 537
38859 513
38860 532
38861 464
38862 573
38863 470
38864 527
38865 450
38866 617
38867 587
38868 601
38869 621
38870 613
38871 535
38872 586
38873 531
38874 516
38875 497
38876 493
38877 610
38878 575
38879 515
38880 582
38881 532
38882 678
38883 720
38884 682
38885 627
38886 685
38887 664
38888 597
38889 679
38890 706
38891 705
38892 431
38893 420
38894 542
38895 423
38896 574
38897 477
38898 487
38899 557
38900 453
38901 503
38902 454
38903 436
38904 569
38905 591
38906 583
38907 627
38908 571
38909 529
38910 505
38911 517
38912 489
38913 562
38914 561
38915 583
38916 576
38917 658
38918 589
38919 629
38920 614
38921 642
38922 680
38923 632
38924 582
38925 638
38926 611
38927 771
38928 735
38929 684
38930 720
38931 762
38932 281
38933 261
38934 285
38935 265
38936 335
38937 314
38938 248
38939 273
38940 324
38941 298
38942 383
38943 256
38944 216
38945 223
38946 370
38947 303
38948 301
38949 413
38950 349
38951 309
38952 379
38953 250
38954 409
38955 389
38956 263
38957 325
38958 303
38959 398
38960 476
38961 376
38962 314
38963 412
38964 451
38965 323
38966 268
38967 312
38968 277
38969 457
38970 322
38971 316
38972 458
38973 335
38974 469
38975 451
38976 465
38977 447
38978 381
38979 486
38980 432
38981 435
38982 518
38983 374
38984 432
38985 457
38986 436
38987 401
38988 543
38989 394
38990 573
38991 531
38992 407
38993 458
38994 414
38995 573
38996 566
38997 597
38998 560
38999 625
39000 618
39001 484
39002 564
39003 642
39004 602
39005 573
39006 619
39007 619
39008 678
39009 440
39010 430
39011 436
39012 477
39013 363
39014 517
39015 470
39016 461
39017 551
39018 455
39019 409
39020 326
39021 462
39022 496
39023 432
39024 492
39025 371
39026 384
39027 415
39028 486
39029 479
39030 374
39031 445
39032 463
39033 509
39034 488
39035 443
39036 536
39037 532
39038 562
39039 259
39040 278
39041 400
39042 399
39043 324
39044 376
39045 321
39046 325
39047 287
39048 313
39049 332
39050 433
39051 375
39052 306
39053 425
39054 328
39055 317
39056 470
39057 388
39058 404
39059 363
39060 417
39061 434
39062 524
39063 505
39064 451
39065 440
39066 355
39067 431
39068 502
39069 571
39070 447
39071 464
39072 395
39073 476
39074 431
39075 443
39076 443
39077 529
39078 561
39079 496
39080 576
39081 478
39082 571
39083 508
39084 617
39085 541
39086 578
39087 593
39088 552
39089 657
39090 678
39091 508
39092 579
39093 448
39094 624
39095 442
39096 624
39097 537
39098 618
39099 519
39100 431
39101 541
39102 466
39103 508
39104 567
39105 536
39106 425
39107 500
39108 471
39109 584
39110 621
39111 600
39112 554
39113 506
39114 616
39115 503
39116 489
39117 604
39118 641
39119 587
39120 691
39121 690
39122 588
39123 531
39124 592
39125 523
39126 536
39127 532
39128 700
39129 659
39130 716
39131 720
39132 660
39133 735
39134 365
39135 521
39136 420
39137 475
39138 447
39139 515
39140 427
39141 427
39142 514
39143 414
39144 491
39145 522
39146 507
39147 462
39148 556
39149 523
39150 507
39151 494
39152 520
39153 535
39154 448
39155 493
39156 434
39157 437
39158 571
39159 491
39160 490
39161 473
39162 337
39163 400
39164 340
39165 268
39166 263
39167 207
39168 186
39169 177
39170 340
39171 240
39172 300
39173 329
39174 337
39175 368
39176 310
39177 216
39178 417
39179 382
39180 290
39181 366
39182 277
39183 328
39184 309
39185 280
39186 374
39187 369
39188 345
39189 361
39190 419
39191 424
39192 399
39193 479
39194 497
39195 302
39196 495
39197 327
39198 353
39199 470
39200 491
39201 353
39202 342
39203 516
39204 396
39205 539
39206 363
39207 412
39208 505
39209 408
39210 463
39211 532
39212 448
39213 444
39214 521
39215 432
39216 576
39217 514
39218 498
39219 566
39220 429
39221 438
39222 444
39223 520
39224 552
39225 468
39226 569
39227 564
39228 504
39229 575
39230 544
39231 425
39232 476
39233 449
39234 345
39235 412
39236 393
39237 507
39238 482
39239 427
39240 367
39241 506
39242 398
39243 357
39244 481
39245 493
39246 497
39247 473
39248 364
39249 412
39250 554
39251 467
39252 538
39253 434
39254 491
39255 415
39256 421
39257 415
39258 586
39259 513
39260 590
39261 462
39262 523
39263 560
39264 591
39265 537
39266 552
39267 535
39268 470
39269 364
39270 363
39271 410
39272 543
39273 485
39274 262
39275 183
39276 328
39277 324
39278 241
39279 330
39280 319
39281 344
39282 349
39283 292
39284 369
39285 329
39286 298
39287 233
39288 374
39289 293
39290 361
39291 340
39292 399
39293 433
39294 299
39295 394
39296 410
39297 418
39298 281
39299 349
39300 371
39301 388
39302 415
39303 483
39304 481
39305 411
39306 407
39307 474
39308 375
39309 437
39310 411
39311 454
39312 528
39313 408
39314 371
39315 556
39316 465
39317 392
39318 563
39319 505
39320 570
39321 498
39322 540
39323 557
39324 360
39325 363
39326 427
39327 382
39328 456
39329 285
39330 408
39331 284
39332 486
39333 443
39334 467
39335 438
39336 510
39337 356
39338 420
39339 489
39340 525
39341 404
39342 353
39343 441
39344 369
39345 553
39346 516
39347 537
39348 463
39349 518
39350 419
39351 520
39352 412
39353 573
39354 607
39355 416
39356 428
39357 489
39358 573
39359 497
39360 488
39361 641
39362 545
39363 590
39364 533
39365 656
39366 494
39367 525
39368 634
39369 557
39370 628
39371 695
39372 591
39373 650
39374 617
39375 417
39376 481
39377 531
39378 400
39379 569
39380 557
39381 426
39382 450
39383 484
39384 573
39385 636
39386 581
39387 543
39388 600
39389 547
39390 476
39391 668
39392 646
39393 384
39394 381
39395 550
39396 378
39397 571
39398 464
39399 432
39400 543
39401 487
39402 434
39403 466
39404 423
39405 597
39406 509
39407 535
39408 501
39409 443
39410 579
39411 557
39412 488
39413 596
39414 511
39415 499
39416 510
39417 618
39418 618
39419 654
39420 609
39421 528
39422 610
39423 627
39424 561
39425 711
39426 598
39427 452
39428 609
39429 470
39430 483
39431 464
39432 585
39433 596
39434 471
39435 532
39436 626
39437 510
39438 567
39439 617
39440 500
39441 522
39442 615
39443 537
39444 579
39445 530
39446 715
39447 715
39448 620
39449 701
39450 545
39451 595
39452 615
39453 603
39454 673
39455 730
39456 726
39457 764
39458 775
39459 700
39460 645
39461 774
39462 667
39463 706
39464 387
39465 446
39466 380
39467 477
39468 521
39469 443
39470 579
39471 525
39472 528
39473 533
39474 620
39475 545
39476 628
39477 570
39478 484
39479 598
39480 468
39481 646
39482 473
39483 448
39484 340
39485 427
39486 336
39487 384
39488 341
39489 340
39490 531
39491 367
39492 466
39493 506
39494 415
39495 437
39496 526
39497 537
39498 548
39499 498
39500 502
39501 415
39502 477
39503 539
39504 473
39505 568
39506 515
39507 438
39508 472
39509 493
39510 467
39511 615
39512 586
39513 622
39514 559
39515 596
39516 620
39517 549
39518 579
39519 613
39520 563
39521 568
39522 631
39523 527
39524 541
39525 595
39526 650
39527 566
39528 564
39529 575
39530 536
39531 428
39532 589
39533 404
39534 392
39535 440
39536 540
39537 410
39538 567
39539 434
39540 496
39541 500
39542 531
39543 491
39544 617
39545 556
39546 548
39547 586
39548 509
39549 472
39550 470
39551 467
39552 386
39553 378
39554 357
39555 428
39556 515
39557 499
39558 542
39559 406
39560 518
39561 540
39562 416
39563 360
39564 430
39565 383
39566 470
39567 413
39568 443
39569 538
39570 560
39571 540
39572 380
39573 398
39574 536
39575 421
39576 502
39577 494
39578 325
39579 440
39580 446
39581 425
39582 439
39583 542
39584 382
39585 555
39586 507
39587 423
39588 472
39589 578
39590 519
39591 413
39592 439
39593 475
39594 428
39595 467
39596 612
39597 530
39598 459
39599 597
39600 557
39601 654
39602 654
39603 560
39604 497
39605 427
39606 487
39607 406
39608 391
39609 453
39610 481
39611 382
39612 420
39613 456
39614 448
39615 515
39616 363
39617 377
39618 397
39619 489
39620 538
39621 548
39622 413
39623 540
39624 408
39625 437
39626 506
39627 562
39628 449
39629 533
39630 511
39631 499
39632 457
39633 534
39634 555
39635 519
39636 437
39637 433
39638 578
39639 505
39640 505
39641 394
39642 439
39643 421
39644 498
39645 568
39646 504
39647 462
39648 474
39649 474
39650 575
39651 459
39652 466
39653 425
39654 431
39655 619
39656 486
39657 438
39658 611
39659 649
39660 439
39661 514
39662 357
39663 339
39664 405
39665 454
39666 443
39667 426
39668 510
39669 372
39670 384
39671 515
39672 527
39673 490
39674 496
39675 399
39676 407
39677 468
39678 499
39679 430
39680 420
39681 565
39682 445
39683 489
39684 484
39685 570
39686 474
39687 523
39688 440
39689 525
39690 377
39691 388
39692 388
39693 539
39694 561
39695 402
39696 546
39697 490
39698 547
39699 458
39700 431
39701 493
39702 490
39703 490
39704 545
39705 561
39706 507
39707 473
39708 530
39709 646
39710 527
39711 668
39712 646
39713 520
39714 666
39715 363
39716 400
39717 282
39718 399
39719 415
39720 456
39721 327
39722 362
39723 418
39724 428
39725 429
39726 333
39727 403
39728 521
39729 431
39730 446
39731 366
39732 537
39733 408
39734 506
39735 397
39736 444
39737 457
39738 415
39739 560
39740 409
39741 486
39742 502
39743 450
39744 411
39745 598
39746 592
39747 532
39748 526
39749 525
39750 445
39751 579
39752 602
39753 534
39754 495
39755 268
39756 340
39757 187
39758 205
39759 263
39760 336
39761 384
39762 331
39763 377
39764 405
39765 254
39766 334
39767 356
39768 287
39769 411
39770 346
39771 431
39772 299
39773 271
39774 275
39775 282
39776 421
39777 355
39778 412
39779 324
39780 351
39781 382
39782 450
39783 450
39784 362
39785 475
39786 429
39787 380
39788 330
39789 454
39790 382
39791 446
39792 498
39793 394
39794 448
39795 372
39796 449
39797 539
39798 396
39799 565
39800 467
39801 440
39802 576
39803 498
39804 468
39805 589
39806 576
39807 255
39808 305
39809 326
39810 351
39811 355
39812 269
39813 299
39814 363
39815 267
39816 292
39817 373
39818 257
39819 376
39820 368
39821 373
39822 391
39823 458
39824 309
39825 419
39826 326
39827 318
39828 318
39829 430
39830 360
39831 471
39832 388
39833 447
39834 534
39835 378
39836 381
39837 559
39838 480
39839 487
39840 590
39841 590
39842 441
39843 508
39844 600
39845 570
39846 615
39847 606
39848 594
39849 620
39850 478
39851 572
39852 470
39853 482
39854 560
39855 541
39856 611
39857 578
39858 533
39859 649
39860 679
39861 583
39862 622
39863 638
39864 715
39865 642
39866 614
39867 525
39868 462
39869 444
39870 558
39871 524
39872 605
39873 535
39874 486
39875 589
39876 566
39877 657
39878 512
39879 622
39880 516
39881 599
39882 600
39883 525
39884 583
39885 672
39886 695
39887 596
39888 655
39889 605
39890 609
39891 692
39892 743
39893 675
39894 610
39895 731
39896 624
39897 567
39898 745
39899 702
39900 672
39901 743
39902 766
39903 632
39904 600
39905 588
39906 593
39907 663
39908 577
39909 668
39910 518
39911 589
39912 490
39913 660
39914 610
39915 615
39916 653
39917 613
39918 695
39919 554
39920 583
39921 728
39922 683
39923 671
39924 498
39925 474
39926 609
39927 517
39928 490
39929 559
39930 464
39931 610
39932 467
39933 477
39934 570
39935 586
39936 514
39937 492
39938 585
39939 610
39940 505
39941 527
39942 529
39943 643
39944 683
39945 601
39946 543
39947 725
39948 630
39949 607
39950 445
39951 502
39952 595
39953 598
39954 435
39955 452
39956 576
39957 494
39958 472
39959 510
39960 553
39961 523
39962 531
39963 498
39964 435
39965 525
39966 574
39967 464
39968 503
39969 554
39970 462
39971 616
39972 503
39973 628
39974 643
39975 508
39976 426
39977 489
39978 578
39979 594
39980 511
39981 520
39982 592
39983 596
39984 446
39985 641
39986 552
39987 568
39988 486
39989 488
39990 555
39991 506
39992 519
39993 616
39994 551
39995 630
39996 595
39997 571
39998 598
39999 554
40000 538
40001 585
40002 703
40003 679
40004 660
40005 739
40006 673
40007 748
40008 602
40009 676
40010 696
40011 667
40012 655
40013 769
40014 808
40015 652
40016 764
40017 646
40018 787
40019 677
40020 733
40021 709
40022 738
40023 663
40024 710
40025 709
40026 799
40027 733
40028 703
40029 851
40030 767
40031 828
40032 819
40033 801
40034 839
40035 779
40036 753
40037 749
40038 862
40039 889
40040 820
40041 911
40042 803
40043 779
40044 948
40045 863
40046 828
40047 796
40048 961
40049 858
40050 949
40051 913
40052 955
40053 489
40054 517
40055 561
40056 585
40057 612
40058 627
40059 665
40060 509
40061 600
40062 197
40063 251
40064 174
40065 342
40066 227
40067 319
40068 247
40069 378
40070 334
40071 342
40072 304
40073 353
40074 351
40075 388
40076 387
40077 337
40078 395
40079 382
40080 373
40081 394
40082 284
40083 369
40084 300
40085 370
40086 444
40087 301
40088 469
40089 464
40090 324
40091 310
40092 365
40093 488
40094 507
40095 497
40096 366
40097 483
40098 405
40099 491
40100 425
40101 341
40102 450
40103 424
40104 539
40105 512
40106 504
40107 550
40108 463
40109 284
40110 246
40111 385
40112 436
40113 278
40114 280
40115 362
40116 310
40117 443
40118 368
40119 416
40120 381
40121 385
40122 379
40123 429
40124 475
40125 491
40126 367
40127 426
40128 393
40129 524
40130 482
40131 399
40132 346
40133 492
40134 536
40135 556
40136 472
40137 512
40138 392
40139 570
40140 483
40141 558
40142 544
40143 519
40144 587
40145 571
40146 418
40147 467
40148 352
40149 480
40150 365
40151 369
40152 522
40153 493
40154 426
40155 471
40156 410
40157 449
40158 363
40159 402
40160 380
40161 336
40162 298
40163 493
40164 505
40165 502
40166 373
40167 419
40168 348
40169 449
40170 515
40171 380
40172 560
40173 385
40174 481
40175 478
40176 506
40177 404
40178 459
40179 471
40180 451
40181 596
40182 473
40183 431
40184 625
40185 547
40186 540
40187 586
40188 500
40189 455
40190 508
40191 544
40192 668
40193 538
40194 564
40195 576
40196 520
40197 604
40198 545
40199 701
40200 659
40201 652
40202 552
40203 645
40204 551
40205 600
40206 706
40207 720
40208 565
40209 612
40210 626
40211 528
40212 494
40213 449
40214 609
40215 565
40216 573
40217 511
40218 573
40219 619
40220 556
40221 617
40222 422
40223 425
40224 394
40225 365
40226 353
40227 487
40228 309
40229 417
40230 393
40231 376
40232 374
40233 496
40234 469
40235 475
40236 469
40237 424
40238 524
40239 515
40240 457
40241 557
40242 502
40243 490
40244 574
40245 426
40246 428
40247 484
40248 451
40249 587
40250 514
40251 540
40252 454
40253 469
40254 590
40255 548
40256 479
40257 490
40258 539
40259 483
40260 654
40261 597
40262 551
40263 609
40264 640
40265 568
40266 535
40267 578
40268 631
40269 533
40270 598
40271 539
40272 617
40273 417
40274 474
40275 410
40276 438
40277 551
40278 469
40279 604
40280 609
40281 606
40282 628
40283 508
40284 580
40285 509
40286 533
40287 657
40288 594
40289 576
40290 688
40291 600
40292 576
40293 637
40294 597
40295 667
40296 729
40297 711
40298 644
40299 577
40300 692
40301 577
40302 607
40303 630
40304 656
40305 762
40306 754
40307 627
40308 682
40309 749
40310 678
40311 660
40312 775
40313 756
40314 715
40315 809
40316 754
40317 684
40318 716
40319 704
40320 787
40321 755
40322 718
40323 841
40324 857
40325 729
40326 749
40327 754
40328 647
40329 646
40330 499
40331 518
40332 644
40333 614
40334 520
40335 658
40336 692
40337 671
40338 685
40339 698
40340 572
40341 609
40342 608
40343 745
40344 671
40345 664
40346 702
40347 662
40348 679
40349 704
40350 688
40351 687
40352 433
40353 473
40354 455
40355 415
40356 469
40357 510
40358 485
40359 456
40360 581
40361 545
40362 589
40363 533
40364 485
40365 502
40366 553
40367 487
40368 589
40369 517
40370 456
40371 412
40372 330
40373 359
40374 391
40375 319
40376 364
40377 392
40378 355
40379 466
40380 372
40381 434
40382 458
40383 337
40384 450
40385 366
40386 336
40387 353
40388 370
40389 508
40390 375
40391 454
40392 380
40393 314
40394 284
40395 222
40396 306
40397 263
40398 262
40399 331
40400 261
40401 322
40402 311
40403 422
40404 390
40405 356
40406 249
40407 437
40408 342
40409 441
40410 357
40411 386
40412 394
40413 326
40414 426
40415 374
40416 462
40417 394
40418 492
40419 386
40420 387
40421 362
40422 366
40423 384
40424 457
40425 399
40426 459
40427 380
40428 420
40429 433
40430 464
40431 517
40432 475
40433 402
40434 422
40435 403
40436 476
40437 519
40438 531
40439 559
40440 537
40441 573
40442 328
40443 278
40444 434
40445 456
40446 382
40447 344
40448 481
40449 410
40450 388
40451 458
40452 415
40453 377
40454 462
40455 444
40456 417
40457 383
40458 455
40459 532
40460 363
40461 361
40462 420
40463 394
40464 434
40465 371
40466 493
40467 420
40468 377
40469 507
40470 369
40471 391
40472 451
40473 570
40474 446
40475 463
40476 407
40477 430
40478 560
40479 445
40480 447
40481 445
40482 608
40483 458
40484 549
40485 536
40486 463
40487 502
40488 545
40489 629
40490 493
40491 554
40492 644
40493 618
40494 484
40495 521
40496 478
40497 510
40498 518
40499 640
40500 621
40501 591
40502 673
40503 637
40504 555
40505 693
40506 599
40507 647
40508 718
40509 680
40510 765
40511 653
40512 604
40513 319
40514 369
40515 322
40516 339
40517 372
40518 239
40519 234
40520 334
40521 377
40522 269
40523 409
40524 407
40525 285
40526 337
40527 426
40528 449
40529 300
40530 360
40531 386
40532 455
40533 461
40534 416
40535 446
40536 436
40537 379
40538 416
40539 512
40540 349
40541 411
40542 458
40543 492
40544 366
40545 432
40546 396
40547 359
40548 491
40549 481
40550 456
40551 433
40552 575
40553 539
40554 434
40555 502
40556 541
40557 609
40558 430
40559 501
40560 591
40561 525
40562 73
40563 2
40564 -13
40565 142
40566 62
40567 40
40568 46
40569 41
40570 182
40571 158
40572 90
40573 211
40574 149
40575 78
40576 219
40577 211
40578 205
40579 94
40580 98
40581 208
40582 217
40583 263
40584 82
40585 129
40586 203
40587 170
40588 179
40589 174
40590 139
40591 123
40592 294
40593 298
40594 152
40595 153
40596 358
40597 187
40598 264
40599 239
40600 348
40601 205
40602 334
40603 319
40604 349
40605 371
40606 399
40607 368
40608 239
40609 394
40610 258
40611 379
40612 413
40613 282
40614 334
40615 416
40616 460
40617 313
40618 348
40619 306
40620 359
40621 485
40622 328
40623 385
40624 420
40625 425
40626 321
40627 343
40628 482
40629 475
40630 496
40631 491
40632 374
40633 471
40634 393
40635 532
40636 536
40637 507
40638 436
40639 403
40640 504
40641 408
40642 494
40643 534
40644 574
40645 464
40646 517
40647 489
40648 573
40649 580
40650 598
40651 449
40652 543
40653 492
40654 476
40655 557
40656 521
40657 582
40658 479
40659 505
40660 610
40661 555
40662 449
40663 551
40664 548
40665 488
40666 535
40667 513
40668 499
40669 605
40670 565
40671 535
40672 703
40673 572
40674 649
40675 680
40676 694
40677 617
40678 539
40679 680
40680 561
40681 566
40682 610
40683 622
40684 617
40685 657
40686 682
40687 694
40688 689
40689 634
40690 610
40691 673
40692 480
40693 569
40694 510
40695 599
40696 420
40697 414
40698 502
40699 386
40700 381
40701 436
40702 536
40703 418
40704 504
40705 386
40706 414
40707 482
40708 540
40709 412
40710 407
40711 557
40712 565
40713 515
40714 482
40715 550
40716 530
40717 546
40718 490
40719 557
40720 497
40721 604
40722 631
40723 532
40724 631
40725 661
40726 482
40727 239
40728 201
40729 130
40730 312
40731 171
40732 311
40733 292
40734 130
40735 183
40736 312
40737 298
40738 201
40739 309
40740 172
40741 289
40742 243
40743 296
40744 326
40745 357
40746 309
40747 280
40748 252
40749 234
40750 396
40751 412
40752 228
40753 342
40754 326
40755 265
40756 352
40757 412
40758 265
40759 323
40760 359
40761 399
40762 382
40763 470
40764 421
40765 368
40766 478
40767 347
40768 396
40769 421
40770 398
40771 456
40772 489
40773 452
40774 486
40775 509
40776 503
40777 484
40778 493
40779 342
40780 373
40781 414
40782 464
40783 416
40784 440
40785 402
40786 547
40787 512
40788 458
40789 410
40790 420
40791 359
40792 361
40793 338
40794 463
40795 332
40796 313
40797 371
40798 387
40799 347
40800 488
40801 408
40802 471
40803 391
40804 424
40805 375
40806 411
40807 411
40808 351
40809 483
40810 402
40811 366
40812 398
40813 311
40814 276
40815 350
40816 366
40817 407
40818 459
40819 314
40820 354
40821 371
40822 308
40823 451
40824 382
40825 322
40826 400
40827 457
40828 340
40829 378
40830 380
40831 401
40832 457
40833 521
40834 365
40835 438
40836 466
40837 551
40838 507
40839 537
40840 441
40841 415
40842 470
40843 434
40844 323
40845 469
40846 427
40847 406
40848 484
40849 405
40850 444
40851 431
40852 498
40853 483
40854 575
40855 465
40856 570
40857 400
40858 524
40859 584
40860 591
40861 581
40862 225
40863 135
40864 235
40865 217
40866 163
40867 58
40868 154
40869 181
40870 242
40871 96
40872 242
40873 170
40874 105
40875 130
40876 126
40877 228
40878 231
40879 315
40880 316
40881 199
40882 224
40883 328
40884 172
40885 199
40886 325
40887 334
40888 333
40889 239
40890 300
40891 276
40892 207
40893 288
40894 373
40895 235
40896 262
40897 408
40898 244
40899 284
40900 272
40901 407
40902 350
40903 346
40904 335
40905 391
40906 270
40907 295
40908 375
40909 436
40910 305
40911 458
40912 448
40913 416
40914 390
40915 475
40916 386
40917 344
40918 296
40919 357
40920 272
40921 352
40922 324
40923 330
40924 405
40925 293
40926 254
40927 336
40928 310
40929 320
40930 421
40931 330
40932 344
40933 205
40934 378
40935 341
40936 278
40937 369
40938 272
40939 259
40940 348
40941 254
40942 309
40943 353
40944 394
40945 426
40946 356
40947 350
40948 406
40949 395
40950 360
40951 465
40952 470
40953 384
40954 414
40955 377
40956 372
40957 474
40958 354
40959 373
40960 415
40961 541
40962 411
40963 505
40964 423
40965 538
40966 497
40967 493
40968 425
40969 552
40970 577
40971 495
40972 527
40973 424
40974 414
40975 536
40976 563
40977 479
40978 448
40979 494
40980 457
40981 623
40982 468
40983 550
40984 625
40985 538
40986 637
40987 623
40988 657
40989 501
40990 557
40991 598
40992 511
40993 692
40994 684
40995 603
40996 634
40997 643
40998 648
40999 618
41000 755
41001 569
41002 662
41003 640
41004 691
41005 712
41006 641
41007 723
41008 731
41009 615
41010 722
41011 612
41012 712
41013 699
41014 732
41015 789
41016 704
41017 676
41018 800
41019 828
41020 829
41021 795
41022 520
41023 442
41024 441
41025 492
41026 553
41027 509
41028 461
41029 509
41030 479
41031 420
41032 436
41033 561
41034 601
41035 625
41036 458
41037 450
41038 496
41039 537
41040 527
41041 517
41042 580
41043 496
41044 682
41045 544
41046 524
41047 631
41048 675
41049 468
41050 671
41051 600
41052 624
41053 515
41054 594
41055 497
41056 521
41057 506
41058 629
41059 571
41060 549
41061 464
41062 583
41063 475
41064 576
41065 566
41066 636
41067 495
41068 437
41069 478
41070 363
41071 370
41072 380
41073 507
41074 476
41075 518
41076 342
41077 486
41078 434
41079 502
41080 452
41081 462
41082 554
41083 529
41084 460
41085 452
41086 409
41087 450
41088 593
41089 568
41090 437
41091 503
41092 465
41093 496
41094 472
41095 467
41096 584
41097 643
41098 519
41099 641
41100 627
41101 501
41102 535
41103 580
41104 655
41105 666
41106 640
41107 655
41108 587
41109 703
41110 573
41111 404
41112 415
41113 386
41114 447
41115 355
41116 475
41117 375
41118 396
41119 389
41120 456
41121 434
41122 424
41123 410
41124 352
41125 414
41126 431
41127 553
41128 510
41129 442
41130 460
41131 518
41132 402
41133 405
41134 426
41135 587
41136 543
41137 503
41138 550
41139 436
41140 438
41141 507
41142 478
41143 477
41144 408
41145 461
41146 360
41147 344
41148 421
41149 428
41150 413
41151 340
41152 346
41153 487
41154 550
41155 396
41156 480
41157 444
41158 482
41159 464
41160 563
41161 552
41162 441
41163 581
41164 518
41165 597
41166 519
41167 494
41168 506
41169 579
41170 622
41171 471
41172 600
41173 488
41174 494
41175 618
41176 509
41177 513
41178 482
41179 535
41180 511
41181 579
41182 499
41183 558
41184 539
41185 513
41186 538
41187 629
41188 541
41189 505
41190 490
41191 537
41192 593
41193 580
41194 620
41195 654
41196 284
41197 430
41198 423
41199 409
41200 432
41201 303
41202 304
41203 401
41204 403
41205 291
41206 428
41207 423
41208 297
41209 450
41210 392
41211 423
41212 337
41213 485
41214 412
41215 416
41216 360
41217 350
41218 341
41219 410
41220 416
41221 431
41222 521
41223 562
41224 395
41225 537
41226 430
41227 404
41228 455
41229 564
41230 483
41231 561
41232 578
41233 419
41234 437
41235 479
41236 487
41237 428
41238 580
41239 585
41240 504
41241 448
41242 640
41243 577
41244 479
41245 613
41246 598
41247 550
41248 514
41249 604
41250 548
41251 561
41252 393
41253 373
41254 403
41255 353
41256 431
41257 383
41258 388
41259 410
41260 512
41261 562
41262 434
41263 550
41264 438
41265 495
41266 502
41267 600
41268 583
41269 494
41270 566
41271 463
41272 607
41273 472
41274 467
41275 505
41276 437
41277 438
41278 594
41279 443
41280 520
41281 510
41282 500
41283 513
41284 594
41285 503
41286 587
41287 670
41288 564
41289 631
41290 534
41291 657
41292 584
41293 651
41294 599
41295 580
41296 588
41297 745
41298 693
41299 589
41300 638
41301 668
41302 618
41303 570
41304 490
41305 532
41306 537
41307 530
41308 592
41309 560
41310 696
41311 599
41312 552
41313 659
41314 517
41315 488
41316 596
41317 639
41318 557
41319 553
41320 592
41321 528
41322 579
41323 544
41324 497
41325 696
41326 550
41327 579
41328 532
41329 546
41330 626
41331 571
41332 677
41333 531
41334 671
41335 595
41336 629
41337 709
41338 655
41339 572
41340 668
41341 642
41342 556
41343 600
41344 621
41345 746
41346 711
41347 684
41348 663
41349 764
41350 607
41351 744
41352 653
41353 666
41354 739
41355 668
41356 630
41357 470
41358 561
41359 565
41360 479
41361 594
41362 534
41363 624
41364 587
41365 481
41366 601
41367 584
41368 503
41369 569
41370 651
41371 529
41372 482
41373 517
41374 671
41375 606
41376 615
41377 685
41378 631
41379 641
41380 555
41381 697
41382 517
41383 719
41384 647
41385 650
41386 630
41387 551
41388 738
41389 606
41390 739
41391 645
41392 735
41393 633
41394 563
41395 644
41396 521
41397 650
41398 591
41399 651
41400 573
41401 657
41402 639
41403 599
41404 543
41405 635
41406 669
41407 650
41408 661
41409 716
41410 669
41411 687
41412 757
41413 711
41414 718
41415 659
41416 789
41417 613
41418 692
41419 658
41420 809
41421 737
41422 700
41423 755
41424 403
41425 507
41426 442
41427 460
41428 400
41429 538
41430 347
41431 379
41432 550
41433 502
41434 516
41435 444
41436 392
41437 416
41438 504
41439 510
41440 432
41441 432
41442 435
41443 491
41444 471
41445 557
41446 615
41447 504
41448 639
41449 548
41450 580
41451 588
41452 620
41453 522
41454 646
41455 500
41456 686
41457 533
41458 542
41459 451
41460 433
41461 487
41462 634
41463 611
41464 646
41465 532
41466 466
41467 452
41468 572
41469 509
41470 586
41471 446
41472 626
41473 640
41474 574
41475 588
41476 507
41477 512
41478 536
41479 560
41480 477
41481 424
41482 534
41483 464
41484 427
41485 589
41486 559
41487 522
41488 469
41489 467
41490 648
41491 612
41492 587
41493 639
41494 575
41495 651
41496 626
41497 618
41498 523
41499 691
41500 562
41501 694
41502 240
41503 241
41504 198
41505 235
41506 295
41507 323
41508 186
41509 177
41510 378
41511 321
41512 364
41513 274
41514 304
41515 250
41516 409
41517 356
41518 287
41519 247
41520 338
41521 361
41522 277
41523 291
41524 313
41525 335
41526 343
41527 410
41528 361
41529 428
41530 356
41531 308
41532 263
41533 410
41534 417
41535 456
41536 298
41537 332
41538 376
41539 346
41540 487
41541 335
41542 341
41543 394
41544 457
41545 408
41546 356
41547 360
41548 408
41549 413
41550 543
41551 532
41552 517
41553 424
41554 563
41555 431
41556 437
41557 424
41558 450
41559 272
41560 299
41561 309
41562 394
41563 465
41564 392
41565 469
41566 446
41567 307
41568 439
41569 403
41570 374
41571 453
41572 528
41573 464
41574 473
41575 547
41576 540
41577 421
41578 450
41579 570
41580 526
41581 549
41582 528
41583 544
41584 488
41585 601
41586 536
41587 485
41588 524
41589 442
41590 501
41591 491
41592 534
41593 479
41594 468
41595 485
41596 493
41597 408
41598 451
41599 553
41600 372
41601 484
41602 547
41603 389
41604 432
41605 522
41606 490
41607 473
41608 461
41609 525
41610 430
41611 455
41612 446
41613 451
41614 483
41615 452
41616 575
41617 579
41618 432
41619 448
41620 537
41621 427
41622 539
41623 443
41624 519
41625 458
41626 495
41627 406
41628 488
41629 543
41630 575
41631 461
41632 468
41633 352
41634 386
41635 468
41636 336
41637 77
41638 217
41639 232
41640 172
41641 141
41642 151
41643 251
41644 178
41645 135
41646 295
41647 164
41648 198
41649 211
41650 320
41651 135
41652 237
41653 310
41654 155
41655 223
41656 268
41657 291
41658 254
41659 261
41660 308
41661 320
41662 318
41663 208
41664 219
41665 373
41666 373
41667 332
41668 310
41669 403
41670 373
41671 307
41672 229
41673 278
41674 308
41675 345
41676 289
41677 295
41678 193
41679 365
41680 355
41681 349
41682 218
41683 356
41684 305
41685 374
41686 367
41687 258
41688 325
41689 392
41690 261
41691 301
41692 441
41693 313
41694 261
41695 376
41696 456
41697 450
41698 467
41699 304
41700 304
41701 441
41702 351
41703 343
41704 380
41705 479
41706 358
41707 348
41708 493
41709 370
41710 455
41711 411
41712 384
41713 417
41714 366
41715 497
41716 456
41717 405
41718 475
41719 405
41720 520
41721 479
41722 495
41723 565
41724 521
41725 594
41726 618
41727 464
41728 614
41729 493
41730 620
41731 579
41732 519
41733 437
41734 476
41735 386
41736 559
41737 415
41738 530
41739 380
41740 506
41741 527
41742 575
41743 567
41744 423
41745 457
41746 537
41747 581
41748 538
41749 501
41750 597
41751 465
41752 617
41753 613
41754 535
41755 469
41756 456
41757 521
41758 542
41759 509
41760 576
41761 672
41762 648
41763 641
41764 493
41765 554
41766 563
41767 543
41768 603
41769 573
41770 671
41771 535
41772 641
41773 708
41774 636
41775 719
41776 657
41777 615
41778 651
41779 659
41780 778
41781 769
41782 324
41783 368
41784 300
41785 383
41786 441
41787 503
41788 411
41789 357
41790 377
41791 500
41792 385
41793 375
41794 445
41795 355
41796 450
41797 512
41798 466
41799 431
41800 443
41801 478
41802 503
41803 541
41804 425
41805 461
41806 414
41807 520
41808 381
41809 461
41810 550
41811 482
41812 543
41813 496
41814 536
41815 607
41816 613
41817 438
41818 484
41819 421
41820 317
41821 380
41822 416
41823 454
41824 456
41825 458
41826 410
41827 392
41828 351
41829 491
41830 462
41831 366
41832 450
41833 553
41834 427
41835 398
41836 381
41837 424
41838 433
41839 508
41840 564
41841 477
41842 397
41843 470
41844 371
41845 493
41846 349
41847 536
41848 462
41849 422
41850 459
41851 199
41852 96
41853 206
41854 98
41855 59
41856 109
41857 97
41858 109
41859 76
41860 93
41861 130
41862 164
41863 89
41864 270
41865 282
41866 228
41867 284
41868 153
41869 276
41870 173
41871 319
41872 234
41873 211
41874 197
41875 173
41876 292
41877 361
41878 213
41879 190
41880 284
41881 234
41882 399
41883 252
41884 218
41885 315
41886 397
41887 368
41888 426
41889 237
41890 309
41891 282
41892 398
41893 254
41894 361
41895 426
41896 290
41897 388
41898 338
41899 403
41900 381
41901 473
41902 318
41903 348
41904 421
41905 362
41906 362
41907 431
41908 426
41909 493
41910 351
41911 422
41912 494
41913 419
41914 499
41915 448
41916 408
41917 411
41918 500
41919 538
41920 532
41921 507
41922 492
41923 444
41924 486
41925 476
41926 490
41927 457
41928 527
41929 501
41930 446
41931 612
41932 561
41933 619
41934 539
41935 540
41936 483
41937 598
41938 597
41939 483
41940 556
41941 572
41942 482
41943 650
41944 597
41945 569
41946 519
41947 601
41948 590
41949 483
41950 527
41951 526
41952 563
41953 572
41954 611
41955 614
41956 655
41957 542
41958 591
41959 671
41960 410
41961 422
41962 346
41963 525
41964 479
41965 374
41966 518
41967 550
41968 503
41969 417
41970 429
41971 503
41972 399
41973 508
41974 449
41975 401
41976 415
41977 470
41978 519
41979 485
41980 547
41981 440
41982 507
41983 250
41984 350
41985 317
41986 346
41987 403
41988 377
41989 466
41990 414
41991 444
41992 442
41993 335
41994 302
41995 422
41996 254
41997 356
41998 384
41999 431
42000 348
42001 321
42002 310
42003 443
42004 439
42005 299
42006 381
42007 438
42008 474
42009 456
42010 479
42011 447
42012 313
42013 443
42014 509
42015 433
42016 524
42017 506
42018 352
42019 531
42020 482
42021 428
42022 536
42023 377
42024 503
42025 572
42026 493
42027 561
42028 430
42029 487
42030 500
42031 586
42032 598
42033 559
42034 549
42035 459
42036 550
42037 644
42038 509
42039 523
42040 584
42041 546
42042 635
42043 628
42044 532
42045 401
42046 498
42047 425
42048 521
42049 419
42050 503
42051 553
42052 583
42053 468
42054 468
42055 483
42056 317
42057 431
42058 464
42059 385
42060 352
42061 386
42062 357
42063 364
42064 523
42065 509
42066 366
42067 395
42068 369
42069 516
42070 430
42071 433
42072 411
42073 479
42074 449
42075 501
42076 512
42077 463
42078 553
42079 533
42080 486
42081 525
42082 573
42083 490
42084 490
42085 659
42086 652
42087 503
42088 516
42089 624
42090 635
42091 643
42092 543
42093 613
42094 590
42095 664
42096 710
42097 533
42098 692
42099 588
42100 561
42101 729
42102 710
42103 679
42104 701
42105 585
42106 639
42107 724
42108 660
42109 735
42110 513
42111 401
42112 508
42113 523
42114 455
42115 568
42116 564
42117 600
42118 519
42119 599
42120 608
42121 606
42122 627
42123 451
42124 608
42125 581
42126 507
42127 482
42128 470
42129 657
42130 478
42131 498
42132 494
42133 600
42134 582
42135 656
42136 677
42137 633
42138 578
42139 582
42140 572
42141 650
42142 615
42143 515
42144 461
42145 482
42146 535
42147 507
42148 492
42149 522
42150 436
42151 530
42152 454
42153 561
42154 577
42155 617
42156 570
42157 593
42158 583
42159 545
42160 578
42161 597
42162 552
42163 603
42164 612
42165 598
42166 503
42167 663
42168 560
42169 541
42170 670
42171 543
42172 687
42173 576
42174 479
42175 408
42176 510
42177 462
42178 370
42179 348
42180 364
42181 535
42182 463
42183 523
42184 553
42185 396
42186 584
42187 470
42188 453
42189 535
42190 602
42191 603
42192 471
42193 608
42194 595
42195 607
42196 521
42197 623
42198 571
42199 549
42200 569
42201 460
42202 626
42203 628
42204 584
42205 633
42206 530
42207 647
42208 643
42209 702
42210 516
42211 699
42212 600
42213 645
42214 593
42215 640
42216 692
42217 586
42218 596
42219 564
42220 759
42221 587
42222 459
42223 585
42224 532
42225 444
42226 582
42227 558
42228 577
42229 614
42230 463
42231 629
42232 599
42233 603
42234 542
42235 554
42236 537
42237 529
42238 594
42239 666
42240 640
42241 647
42242 691
42243 532
42244 597
42245 688
42246 620
42247 608
42248 642
42249 636
42250 639
42251 721
42252 677
42253 377
42254 460
42255 528
42256 524
42257 480
42258 447
42259 459
42260 491
42261 398
42262 351
42263 211
42264 250
42265 378
42266 368
42267 219
42268 362
42269 333
42270 348
42271 275
42272 388
42273 295
42274 307
42275 325
42276 432
42277 348
42278 394
42279 386
42280 325
42281 488
42282 359
42283 432
42284 485
42285 344
42286 344
42287 409
42288 314
42289 406
42290 400
42291 437
42292 413
42293 455
42294 360
42295 429
42296 383
42297 304
42298 340
42299 387
42300 468
42301 353
42302 335
42303 501
42304 475
42305 475
42306 419
42307 457
42308 433
42309 537
42310 463
42311 531
42312 413
42313 444
42314 415
42315 567
42316 495
42317 421
42318 469
42319 576
42320 426
42321 343
42322 222
42323 247
42324 394
42325 367
42326 413
42327 272
42328 254
42329 397
42330 418
42331 374
42332 311
42333 441
42334 280
42335 324
42336 289
42337 442
42338 310
42339 305
42340 369
42341 462
42342 302
42343 384
42344 471
42345 380
42346 518
42347 440
42348 444
42349 460
42350 395
42351 493
42352 397
42353 487
42354 385
42355 526
42356 495
42357 426
42358 492
42359 491
42360 488
42361 439
42362 427
42363 530
42364 541
42365 560
42366 375
42367 566
42368 480
42369 427
42370 491
42371 510
42372 453
42373 478
42374 577
42375 436
42376 467
42377 522
42378 611
42379 442
42380 528
42381 579
42382 493
42383 645
42384 473
42385 581
42386 626
42387 601
42388 510
42389 551
42390 694
42391 635
42392 596
42393 477
42394 492
42395 458
42396 403
42397 516
42398 535
42399 511
42400 522
42401 556
42402 525
42403 541
42404 478
42405 459
42406 426
42407 579
42408 549
42409 499
42410 548
42411 422
42412 428
42413 543
42414 554
42415 481
42416 608
42417 603
42418 621
42419 449
42420 449
42421 637
42422 526
42423 549
42424 612
42425 623
42426 474
42427 525
42428 509
42429 645
42430 687
42431 567
42432 513
42433 700
42434 598
42435 568
42436 586
42437 498
42438 612
42439 619
42440 530
42441 565
42442 681
42443 521
42444 614
42445 615
42446 580
42447 523
42448 638
42449 508
42450 630
42451 665
42452 498
42453 360
42454 375
42455 458
42456 364
42457 509
42458 431
42459 570
42460 403
42461 451
42462 417
42463 534
42464 569
42465 307
42466 359
42467 327
42468 280
42469 290
42470 274
42471 320
42472 307
42473 366
42474 410
42475 332
42476 384
42477 266
42478 294
42479 335
42480 254
42481 268
42482 424
42483 332
42484 275
42485 371
42486 384
42487 421
42488 460
42489 421
42490 444
42491 355
42492 322
42493 475
42494 370
42495 356
42496 314
42497 497
42498 374
42499 398
42500 499
42501 344
42502 350
42503 468
42504 497
42505 521
42506 390
42507 565
42508 455
42509 582
42510 486
42511 469
42512 476
42513 437
42514 445
42515 490
42516 520
42517 547
42518 564
42519 438
42520 605
42521 610
42522 579
42523 564
42524 610
42525 486
42526 567
42527 659
42528 500
42529 539
42530 523
42531 395
42532 499
42533 589
42534 452
42535 573
42536 573
42537 436
42538 443
42539 562
42540 585
42541 499
42542 514
42543 551
42544 663
42545 625
42546 583
42547 493
42548 586
42549 524
42550 656
42551 518
42552 675
42553 666
42554 574
42555 559
42556 679
42557 447
42558 494
42559 534
42560 554
42561 528
42562 410
42563 563
42564 476
42565 485
42566 506
42567 524
42568 385
42569 398
42570 513
42571 576
42572 492
42573 435
42574 524
42575 569
42576 532
42577 434
42578 436
42579 524
42580 492
42581 500
42582 481
42583 614
42584 536
42585 631
42586 605
42587 663
42588 511
42589 619
42590 636
42591 353
42592 327
42593 373
42594 345
42595 449
42596 432
42597 329
42598 445
42599 459
42600 455
42601 384
42602 488
42603 425
42604 478
42605 370
42606 434
42607 509
42608 440
42609 523
42610 552
42611 556
42612 560
42613 430
42614 590
42615 581
42616 605
42617 544
42618 462
42619 616
42620 630
42621 503
42622 495
42623 652
42624 600
42625 571
42626 590
42627 442
42628 404
42629 531
42630 480
42631 343
42632 497
42633 388
42634 240
42635 415
42636 411
42637 343
42638 311
42639 395
42640 289
42641 261
42642 368
42643 297
42644 408
42645 406
42646 298
42647 289
42648 251
42649 303
42650 169
42651 172
42652 160
42653 268
42654 158
42655 226
42656 175
42657 305
42658 219
42659 287
42660 217
42661 329
42662 364
42663 291
42664 309
42665 270
42666 280
42667 380
42668 353
42669 349
42670 357
42671 365
42672 294
42673 271
42674 354
42675 270
42676 291
42677 324
42678 453
42679 409
42680 375
42681 444
42682 299
42683 351
42684 472
42685 375
42686 385
42687 382
42688 393
42689 404
42690 360
42691 548
42692 508
42693 492
42694 555
42695 460
42696 506
42697 406
42698 583
42699 547
42700 580
42701 503
42702 452
42703 539
42704 584
42705 570
42706 487
42707 542
42708 556
42709 511
42710 559
42711 609
42712 499
42713 457
42714 494
42715 444
42716 416
42717 458
42718 494
42719 279
42720 215
42721 348
42722 337
42723 312
42724 346
42725 340
42726 355
42727 220
42728 335
42729 396
42730 323
42731 380
42732 305
42733 409
42734 414
42735 238
42736 381
42737 424
42738 373
42739 436
42740 355
42741 375
42742 409
42743 343
42744 411
42745 335
42746 454
42747 385
42748 478
42749 446
42750 470
42751 332
42752 377
42753 437
42754 543
42755 469
42756 552
42757 489
42758 496
42759 541
42760 579
42761 597
42762 474
42763 441
42764 430
42765 459
42766 477
42767 433
42768 565
42769 550
42770 573
42771 454
42772 478
42773 455
42774 364
42775 448
42776 415
42777 487
42778 479
42779 539
42780 381
42781 455
42782 387
42783 467
42784 404
42785 601
42786 417
42787 471
42788 534
42789 447
42790 453
42791 554
42792 501
42793 566
42794 556
42795 583
42796 477
42797 684
42798 660
42799 604
42800 601
42801 643
42802 661
42803 687
42804 541
42805 719
42806 688
42807 574
42808 683
42809 648
42810 331
42811 353
42812 274
42813 322
42814 333
42815 399
42816 345
42817 232
42818 237
42819 365
42820 418
42821 347
42822 391
42823 265
42824 303
42825 304
42826 461
42827 409
42828 432
42829 335
42830 452
42831 436
42832 507
42833 431
42834 516
42835 347
42836 516
42837 427
42838 547
42839 498
42840 508
42841 392
42842 388
42843 461
42844 430
42845 456
42846 408
42847 410
42848 434
42849 318
42850 308
42851 325
42852 329
42853 450
42854 320
42855 337
42856 458
42857 414
42858 508
42859 418
42860 456
42861 449
42862 302
42863 347
42864 421
42865 469
42866 337
42867 300
42868 389
42869 456
42870 352
42871 486
42872 470
42873 443
42874 292
42875 280
42876 219
42877 173
42878 272
42879 326
42880 168
42881 150
42882 209
42883 191
42884 242
42885 248
42886 247
42887 237
42888 362
42889 328
42890 229
42891 216
42892 218
42893 324
42894 295
42895 312
42896 396
42897 320
42898 320
42899 425
42900 445
42901 386
42902 298
42903 447
42904 442
42905 453
42906 397
42907 421
42908 309
42909 183
42910 334
42911 275
42912 366
42913 246
42914 248
42915 345
42916 360
42917 277
42918 303
42919 271
42920 388
42921 321
42922 459
42923 460
42924 463
42925 437
42926 444
42927 333
42928 378
42929 309
42930 330
42931 421
42932 442
42933 507
42934 404
42935 407
42936 454
42937 494
42938 477
42939 488
42940 522
42941 391
42942 520
42943 361
42944 542
42945 540
42946 430
42947 396
42948 434
42949 416
42950 585
42951 581
42952 515
42953 582
42954 463
42955 518
42956 610
42957 450
42958 613
42959 619
42960 475
42961 482
42962 582
42963 473
42964 613
42965 615
42966 554
42967 658
42968 653
42969 590
42970 598
42971 550
42972 477
42973 576
42974 575
42975 528
42976 462
42977 456
42978 437
42979 558
42980 529
42981 558
42982 587
42983 555
42984 533
42985 488
42986 644
42987 512
42988 508
42989 529
42990 629
42991 552
42992 504
42993 598
42994 663
42995 584
42996 711
42997 722
42998 418
42999 505
43000 408
43001 442
43002 477
43003 435
43004 411
43005 477
43006 549
43007 473
43008 538
43009 513
43010 474
43011 447
43012 519
43013 485
43014 509
43015 616
43016 459
43017 643
43018 493
43019 615
43020 660
43021 585
43022 560
43023 685
43024 507
43025 528
43026 601
43027 544
43028 668
43029 615
43030 681
43031 626
43032 648
43033 629
43034 711
43035 615
43036 618
43037 735
43038 648
43039 733
43040 688
43041 815
43042 736
43043 770
43044 810
43045 489
43046 502
43047 560
43048 608
43049 473
43050 559
43051 517
43052 633
43053 548
43054 549
43055 549
43056 584
43057 432
43058 587
43059 410
43060 458
43061 433
43062 448
43063 344
43064 370
43065 351
43066 429
43067 436
43068 416
43069 380
43070 448
43071 474
43072 576
43073 506
43074 532
43075 487
43076 609
43077 470
43078 523
43079 504
43080 480
43081 623
43082 457
43083 477
43084 650
43085 599
43086 634
43087 520
43088 638
43089 591
43090 641
43091 687
43092 417
43093 400
43094 418
43095 447
43096 530
43097 542
43098 411
43099 416
43100 563
43101 452
43102 535
43103 573
43104 383
43105 386
43106 493
43107 580
43108 575
43109 502
43110 470
43111 515
43112 552
43113 490
43114 491
43115 473
43116 472
43117 527
43118 593
43119 528
43120 468
43121 545
43122 585
43123 580
43124 684
43125 542
43126 509
43127 528
43128 619
43129 663
43130 623
43131 584
43132 574
43133 708
43134 508
43135 606
43136 508
43137 602
43138 583
43139 688
43140 677
43141 693
43142 671
43143 662
43144 671
43145 604
43146 566
43147 673
43148 719
43149 606
43150 646
43151 367
43152 274
43153 392
43154 227
43155 239
43156 292
43157 244
43158 352
43159 359
43160 399
43161 398
43162 436
43163 339
43164 267
43165 371
43166 414
43167 443
43168 309
43169 428
43170 468
43171 433
43172 472
43173 487
43174 421
43175 499
43176 383
43177 407
43178 420
43179 365
43180 376
43181 464
43182 510
43183 504
43184 454
43185 524
43186 450
43187 459
43188 505
43189 492
43190 541
43191 542
43192 448
43193 462
43194 491
43195 621
43196 482
43197 638
43198 487
43199 583
43200 513
43201 572
43202 661
43203 693
43204 669
43205 574
43206 547
43207 712
43208 592
43209 634
43210 546
43211 592
43212 711
43213 755
43214 650
43215 628
43216 623
43217 747
43218 682
43219 626
43220 655
43221 778
43222 665
43223 529
43224 430
43225 448
43226 580
43227 340
43228 411
43229 449
43230 506
43231 393
43232 368
43233 555
43234 535
43235 503
43236 568
43237 401
43238 443
43239 411
43240 596
43241 583
43242 552
43243 583
43244 539
43245 450
43246 578
43247 423
43248 464
43249 465
43250 443
43251 572
43252 609
43253 558
43254 490
43255 354
43256 488
43257 439
43258 489
43259 453
43260 422
43261 561
43262 498
43263 526
43264 424
43265 440
43266 396
43267 336
43268 474
43269 412
43270 399
43271 501
43272 503
43273 505
43274 548
43275 547
43276 518
43277 434
43278 475
43279 528
43280 427
43281 536
43282 446
43283 516
43284 509
43285 611
43286 504
43287 617
43288 625
43289 471
43290 462
43291 513
43292 551
43293 501
43294 517
43295 635
43296 634
43297 617
43298 633
43299 638
43300 617
43301 532
43302 641
43303 636
43304 657
43305 651
43306 751
43307 563
43308 753
43309 637
43310 691
43311 642
43312 693
43313 626
43314 612
43315 642
43316 665
43317 636
43318 646
43319 806
43320 666
43321 750
43322 458
43323 451
43324 471
43325 470
43326 344
43327 407
43328 470
43329 495
43330 330
43331 386
43332 386
43333 494
43334 426
43335 348
43336 404
43337 382
43338 485
43339 426
43340 481
43341 534
43342 572
43343 536
43344 506
43345 539
43346 416
43347 523
43348 473
43349 521
43350 509
43351 588
43352 488
43353 457
43354 489
43355 613
43356 566
43357 507
43358 499
43359 451
43360 445
43361 608
43362 556
43363 486
43364 528
43365 567
43366 481
43367 597
43368 575
43369 546
43370 486
43371 418
43372 337
43373 400
43374 455
43375 323
43376 344
43377 406
43378 497
43379 422
43380 457
43381 508
43382 419
43383 530
43384 515
43385 440
43386 473
43387 386
43388 534
43389 544
43390 469
43391 605
43392 436
43393 591
43394 497
43395 538
43396 504
43397 425
43398 547
43399 592
43400 445
43401 480
43402 379
43403 345
43404 433
43405 504
43406 386
43407 395
43408 535
43409 532
43410 501
43411 430
43412 443
43413 545
43414 473
43415 581
43416 444
43417 601
43418 473
43419 496
43420 621
43421 510
43422 556
43423 498
43424 591
43425 551
43426 479
43427 520
43428 503
43429 669
43430 630
43431 515
43432 540
43433 589
43434 691
43435 555
43436 678
43437 613
43438 661
43439 726
43440 598
43441 703
43442 640
43443 722
43444 739
43445 589
43446 699
43447 622
43448 688
43449 687
43450 641
43451 714
43452 739
43453 281
43454 295
43455 372
43456 325
43457 335
43458 264
43459 314
43460 371
43461 209
43462 241
43463 322
43464 253
43465 354
43466 408
43467 301
43468 290
43469 265
43470 308
43471 405
43472 414
43473 341
43474 367
43475 308
43476 318
43477 442
43478 371
43479 316
43480 469
43481 393
43482 362
43483 457
43484 353
43485 386
43486 353
43487 359
43488 371
43489 491
43490 394
43491 361
43492 419
43493 471
43494 461
43495 483
43496 553
43497 458
43498 559
43499 510
43500 576
43501 609
43502 451
43503 574
43504 563
43505 466
43506 514
43507 647
43508 606
43509 601
43510 673
43511 547
43512 379
43513 252
43514 283
43515 318
43516 317
43517 246
43518 321
43519 464
43520 439
43521 416
43522 331
43523 433
43524 444
43525 435
43526 498
43527 427
43528 415
43529 515
43530 544
43531 479
43532 406
43533 507
43534 446
43535 571
43536 464
43537 439
43538 517
43539 464
43540 593
43541 497
43542 444
43543 632
43544 489
43545 607
43546 554
43547 546
43548 639
43549 469
43550 553
43551 584
43552 610
43553 517
43554 479
43555 437
43556 431
43557 555
43558 635
43559 563
43560 600
43561 563
43562 628
43563 537
43564 470
43565 561
43566 606
43567 558
43568 502
43569 596
43570 677
43571 608
43572 515
43573 640
43574 582
43575 655
43576 679
43577 714
43578 735
43579 676
43580 595
43581 540
43582 560
43583 506
43584 589
43585 533
43586 465
43587 670
43588 589
43589 499
43590 544
43591 673
43592 573
43593 690
43594 520
43595 547
43596 535
43597 676
43598 690
43599 706
43600 709
43601 725
43602 731
43603 728
43604 308
43605 208
43606 157
43607 188
43608 321
43609 298
43610 354
43611 168
43612 180
43613 300
43614 301
43615 201
43616 325
43617 203
43618 232
43619 372
43620 327
43621 289
43622 387
43623 249
43624 238
43625 268
43626 349
43627 317
43628 252
43629 440
43630 271
43631 314
43632 304
43633 309
43634 277
43635 339
43636 370
43637 373
43638 450
43639 319
43640 393
43641 345
43642 465
43643 332
43644 346
43645 427
43646 337
43647 522
43648 531
43649 424
43650 389
43651 422
43652 411
43653 449
43654 403
43655 415
43656 525
43657 540
43658 513
43659 525
43660 556
43661 583
43662 574
43663 592
43664 603
43665 595
43666 617
43667 527
43668 463
43669 626
43670 612
43671 489
43672 569
43673 534
43674 523
43675 665
43676 609
43677 571
43678 485
43679 596
43680 539
43681 588
43682 482
43683 637
43684 666
43685 629
43686 501
43687 583
43688 645
43689 689
43690 659
43691 571
43692 727
43693 579
43694 636
43695 736
43696 756
43697 255
43698 187
43699 186
43700 177
43701 349
43702 197
43703 314
43704 289
43705 217
43706 385
43707 369
43708 247
43709 244
43710 261
43711 412
43712 417
43713 428
43714 274
43715 439
43716 288
43717 384
43718 296
43719 348
43720 341
43721 458
43722 345
43723 289
43724 354
43725 451
43726 433
43727 303
43728 495
43729 432
43730 435
43731 407
43732 437
43733 479
43734 515
43735 418
43736 446
43737 443
43738 370
43739 546
43740 380
43741 553
43742 405
43743 467
43744 398
43745 416
43746 346
43747 457
43748 434
43749 352
43750 388
43751 469
43752 487
43753 455
43754 486
43755 443
43756 421
43757 390
43758 541
43759 494
43760 468
43761 557
43762 463
43763 498
43764 544
43765 421
43766 568
43767 409
43768 517
43769 519
43770 530
43771 424
43772 460
43773 542
43774 549
43775 485
43776 649
43777 562
43778 518
43779 646
43780 683
43781 532
43782 517
43783 615
43784 597
43785 703
43786 585
43787 730
43788 581
43789 731
43790 743
43791 709
43792 751
43793 642
43794 747
43795 592
43796 593
43797 578
43798 588
43799 594
43800 606
43801 694
43802 642
43803 737
43804 696
43805 637
43806 362
43807 519
43808 475
43809 381
43810 530
43811 551
43812 497
43813 592
43814 524
43815 600
43816 452
43817 517
43818 611
43819 584
43820 622
43821 609
43822 550
43823 593
43824 634
43825 611
43826 562
43827 639
43828 610
43829 612
43830 511
43831 650
43832 554
43833 568
43834 518
43835 544
43836 430
43837 485
43838 476
43839 366
43840 477
43841 437
43842 441
43843 322
43844 415
43845 480
43846 532
43847 505
43848 378
43849 366
43850 452
43851 416
43852 308
43853 439
43854 299
43855 480
43856 465
43857 412
43858 504
43859 507
43860 394
43861 381
43862 405
43863 479
43864 485
43865 421
43866 468
43867 498
43868 442
43869 571
43870 467
43871 594
43872 425
43873 451
43874 497
43875 520
43876 590
43877 534
43878 504
43879 511
43880 486
43881 524
43882 490
43883 473
43884 402
43885 395
43886 520
43887 456
43888 381
43889 413
43890 537
43891 526
43892 438
43893 352
43894 395
43895 517
43896 470
43897 476
43898 494
43899 530
43900 564
43901 484
43902 410
43903 498
43904 421
43905 501
43906 523
43907 344
43908 439
43909 229
43910 258
43911 269
43912 159
43913 294
43914 352
43915 249
43916 166
43917 166
43918 201
43919 302
43920 341
43921 348
43922 202
43923 346
43924 253
43925 400
43926 275
43927 275
43928 358
43929 406
43930 314
43931 352
43932 256
43933 307
43934 382
43935 325
43936 304
43937 304
43938 415
43939 388
43940 410
43941 360
43942 433
43943 461
43944 512
43945 501
43946 342
43947 365
43948 415
43949 389
43950 363
43951 340
43952 250
43953 405
43954 245
43955 224
43956 369
43957 432
43958 439
43959 267
43960 421
43961 300
43962 372
43963 276
43964 301
43965 298
43966 366
43967 487
43968 409
43969 469
43970 479
43971 440
43972 419
43973 377
43974 496
43975 459
43976 447
43977 455
43978 501
43979 453
43980 379
43981 436
43982 441
43983 578
43984 583
43985 484
43986 585
43987 468
43988 514
43989 529
43990 592
43991 471
43992 438
43993 516
43994 461
43995 471
43996 502
43997 511
43998 646
43999 561
44000 613
44001 583
44002 546
44003 606
44004 547
44005 593
44006 704
44007 627
44008 670
44009 624
44010 582
44011 743
44012 720
44013 592
44014 571
44015 764
44016 707
44017 750
44018 606
44019 661
44020 779
44021 745
44022 639
44023 363
44024 397
44025 398
44026 406
44027 330
44028 283
44029 405
44030 281
44031 399
44032 324
44033 364
44034 313
44035 420
44036 317
44037 309
44038 468
44039 422
44040 357
44041 461
44042 351
44043 305
44044 392
44045 277
44046 270
44047 362
44048 355
44049 438
44050 437
44051 370
44052 400
44053 451
44054 466
44055 331
44056 420
44057 429
44058 358
44059 454
44060 477
44061 403
44062 417
44063 386
44064 346
44065 408
44066 505
44067 506
44068 431
44069 535
44070 412
44071 448
44072 529
44073 389
44074 369
44075 388
44076 459
44077 587
44078 416
44079 588
44080 522
44081 447
44082 494
44083 463
44084 613
44085 450
44086 434
44087 621
44088 252
44089 230
44090 318
44091 254
44092 390
44093 284
44094 243
44095 265
44096 416
44097 346
44098 342
44099 316
44100 346
44101 311
44102 448
44103 406
44104 352
44105 418
44106 400
44107 450
44108 416
44109 454
44110 507
44111 436
44112 545
44113 416
44114 540
44115 416
44116 563
44117 467
44118 466
44119 563
44120 402
44121 410
44122 584
44123 516
44124 577
44125 302
44126 429
44127 437
44128 426
44129 400
44130 316
44131 457
44132 381
44133 381
44134 273
44135 282
44136 361
44137 360
44138 469
44139 482
44140 303
44141 328
44142 417
44143 512
44144 371
44145 466
44146 366
44147 183
44148 131
44149 108
44150 151
44151 272
44152 284
44153 301
44154 289
44155 310
44156 340
44157 263
44158 328
44159 219
44160 349
44161 333
44162 266
44163 264
44164 221
44165 214
44166 298
44167 371
44168 423
44169 293
44170 379
44171 451
44172 355
44173 323
44174 291
44175 345
44176 373
44177 253
44178 304
44179 243
44180 425
44181 290
44182 387
44183 375
44184 350
44185 296
44186 321
44187 321
44188 457
44189 339
44190 326
44191 469
44192 376
44193 398
44194 471
44195 392
44196 478
44197 432
44198 379
44199 552
44200 474
44201 381
44202 440
44203 387
44204 449
44205 515
44206 398
44207 490
44208 513
44209 423
44210 496
44211 595
44212 493
44213 572
44214 572
44215 533
44216 526
44217 514
44218 590
44219 506
44220 532
44221 558
44222 561
44223 518
44224 631
44225 576
44226 502
44227 498
44228 592
44229 524
44230 684
44231 394
44232 403
44233 295
44234 349
44235 298
44236 305
44237 356
44238 358
44239 413
44240 426
44241 428
44242 405
44243 374
44244 526
44245 290
44246 301
44247 375
44248 380
44249 313
44250 319
44251 298
44252 422
44253 306
44254 310
44255 419
44256 418
44257 449
44258 498
44259 421
44260 505
44261 521
44262 450
44263 379
44264 433
44265 397
44266 548
44267 481
44268 504
44269 542
44270 430
44271 488
44272 394
44273 396
44274 476
44275 492
44276 510
44277 477
44278 585
44279 494
44280 564
44281 504
44282 441
44283 497
44284 526
44285 572
44286 513
44287 458
44288 522
44289 451
44290 559
44291 466
44292 594
44293 493
44294 637
44295 421
44296 397
44297 529
44298 354
44299 542
44300 409
44301 549
44302 417
44303 490
44304 464
44305 418
44306 502
44307 581
44308 572
44309 555
44310 451
44311 525
44312 471
44313 590
44314 440
44315 631
44316 445
44317 612
44318 565
44319 496
44320 585
44321 293
44322 329
44323 313
44324 484
44325 461
44326 408
44327 396
44328 449
44329 473
44330 421
44331 375
44332 454
44333 424
44334 416
44335 490
44336 471
44337 445
44338 535
44339 454
44340 592
44341 534
44342 614
44343 554
44344 441
44345 632
44346 506
44347 344
44348 391
44349 356
44350 390
44351 395
44352 437
44353 440
44354 518
44355 393
44356 384
44357 555
44358 516
44359 580
44360 438
44361 436
44362 561
44363 517
44364 459
44365 583
44366 528
44367 450
44368 545
44369 532
44370 502
44371 605
44372 535
44373 453
44374 614
44375 597
44376 563
44377 621
44378 509
44379 478
44380 609
44381 545
44382 567
44383 499
44384 529
44385 665
44386 693
44387 612
44388 541
44389 460
44390 541
44391 505
44392 492
44393 588
44394 414
44395 558
44396 587
44397 447
44398 541
44399 488
44400 601
44401 620
44402 487
44403 624
44404 623
44405 602
44406 601
44407 575
44408 591
44409 558
44410 668
44411 606
44412 686
44413 560
44414 667
44415 576
44416 714
44417 640
44418 687
44419 601
44420 673
44421 747
44422 722
44423 685
44424 771
44425 664
44426 623
44427 616
44428 770
44429 763
44430 690
44431 627
44432 819
44433 787
44434 769
44435 837
44436 764
44437 829
44438 764
44439 789
44440 736
44441 428
44442 546
44443 508
44444 612
44445 501
44446 650
44447 482
44448 557
44449 590
44450 611
44451 599
44452 659
44453 684
44454 649
44455 625
44456 610
44457 692
44458 610
44459 672
44460 621
44461 553
44462 598
44463 653
44464 733
44465 710
44466 659
44467 695
44468 774
44469 694
44470 590
44471 565
44472 477
44473 443
44474 495
44475 483
44476 351
44477 484
44478 416
44479 425
44480 317
44481 381
44482 338
44483 504
44484 476
44485 336
44486 453
44487 432
44488 436
44489 524
44490 480
44491 425
44492 392
44493 504
44494 386
44495 504
44496 503
44497 501
44498 463
44499 451
44500 451
44501 615
44502 540
44503 633
44504 535
44505 526
44506 554
44507 614
44508 519
44509 613
44510 490
44511 618
44512 611
44513 583
44514 477
44515 638
44516 523
44517 652
44518 532
44519 485
44520 518
44521 467
44522 364
44523 465
44524 433
44525 552
44526 486
44527 452
44528 524
44529 426
44530 407
44531 573
44532 430
44533 570
44534 447
44535 456
44536 617
44537 503
44538 523
44539 516
44540 475
44541 578
44542 534
44543 519
44544 672
44545 636
44546 583
44547 554
44548 605
44549 571
44550 629
44551 687
44552 660
44553 591
44554 623
44555 635
44556 667
44557 633
44558 739
44559 670
44560 609
44561 706
44562 734
44563 769
44564 686
44565 789
44566 773
44567 657
44568 799
44569 622
44570 511
44571 571
44572 552
44573 521
44574 455
44575 493
44576 516
44577 472
44578 501
44579 508
44580 503
44581 537
44582 543
44583 624
44584 475
44585 498
44586 564
44587 507
44588 631
44589 480
44590 494
44591 666
44592 520
44593 563
44594 492
44595 570
44596 545
44597 553
44598 700
44599 571
44600 649
44601 640
44602 618
44603 635
44604 656
44605 556
44606 681
44607 657
44608 604
44609 614
44610 659
44611 686
44612 605
44613 578
44614 695
44615 629
44616 322
44617 381
44618 291
44619 312
44620 400
44621 495
44622 375
44623 339
44624 453
44625 440
44626 391
44627 368
44628 449
44629 536
44630 386
44631 382
44632 377
44633 407
44634 500
44635 458
44636 554
44637 519
44638 512
44639 538
44640 493
44641 597
44642 617
44643 461
44644 488
44645 523
44646 183
44647 267
44648 119
44649 115
44650 219
44651 167
44652 207
44653 214
44654 180
44655 206
44656 194
44657 321
44658 292
44659 310
44660 289
44661 320
44662 201
44663 366
44664 277
44665 233
44666 286
44667 256
44668 314
44669 352
44670 417
44671 264
44672 324
44673 416
44674 274
44675 291
44676 404
44677 354
44678 391
44679 266
44680 304
44681 348
44682 365
44683 466
44684 398
44685 459
44686 391
44687 473
44688 496
44689 499
44690 327
44691 339
44692 320
44693 328
44694 368
44695 489
44696 493
44697 496
44698 437
44699 374
44700 447
44701 448
44702 431
44703 386
44704 471
44705 543
44706 377
44707 455
44708 406
44709 549
44710 515
44711 504
44712 532
44713 542
44714 462
44715 469
44716 597
44717 524
44718 558
44719 430
44720 551
44721 529
44722 449
44723 550
44724 647
44725 498
44726 513
44727 493
44728 545
44729 502
44730 682
44731 527
44732 558
44733 684
44734 551
44735 612
44736 644
44737 524
44738 582
44739 626
44740 457
44741 483
44742 507
44743 610
44744 605
44745 472
44746 671
44747 595
44748 588
44749 656
44750 502
44751 381
44752 476
44753 345
44754 447
44755 413
44756 513
44757 340
44758 425
44759 441
44760 444
44761 491
44762 516
44763 473
44764 431
44765 354
44766 406
44767 383
44768 352
44769 377
44770 436
44771 390
44772 491
44773 531
44774 559
44775 389
44776 407
44777 539
44778 415
44779 501
44780 536
44781 480
44782 552
44783 548
44784 565
44785 541
44786 420
44787 412
44788 369
44789 334
44790 324
44791 417
44792 498
44793 377
44794 332
44795 467
44796 469
44797 397
44798 399
44799 402
44800 443
44801 444
44802 484
44803 411
44804 461
44805 510
44806 374
44807 406
44808 486
44809 461
44810 450
44811 494
44812 372
44813 425
44814 382
44815 535
44816 457
44817 376
44818 521
44819 504
44820 428
44821 472
44822 498
44823 437
44824 471
44825 491
44826 496
44827 539
44828 473
44829 559
44830 454
44831 433
44832 396
44833 426
44834 443
44835 475
44836 471
44837 550
44838 594
44839 549
44840 413
44841 477
44842 506
44843 485
44844 532
44845 516
44846 526
44847 479
44848 639
44849 658
44850 510
44851 581
44852 469
44853 562
44854 530
44855 506
44856 555
44857 481
44858 173
44859 160
44860 287
44861 207
44862 224
44863 177
44864 310
44865 338
44866 351
44867 308
44868 315
44869 215
44870 316
44871 388
44872 383
44873 375
44874 238
44875 354
44876 376
44877 256
44878 341
44879 287
44880 345
44881 372
44882 353
44883 464
44884 340
44885 339
44886 459
44887 396
44888 483
44889 488
44890 458
44891 445
44892 423
44893 379
44894 345
44895 283
44896 266
44897 342
44898 270
44899 350
44900 343
44901 251
44902 334
44903 423
44904 443
44905 269
44906 284
44907 306
44908 414
44909 432
44910 408
44911 390
44912 331
44913 342
44914 314
44915 461
44916 415
44917 486
44918 415
44919 348
44920 441
44921 390
44922 450
44923 373
44924 438
44925 392
44926 537
44927 418
44928 439
44929 496
44930 508
44931 508
44932 501
44933 460
44934 422
44935 450
44936 458
44937 503
44938 528
44939 482
44940 614
44941 573
44942 503
44943 503
44944 680
44945 507
44946 345
44947 345
44948 463
44949 496
44950 356
44951 345
44952 450
44953 367
44954 296
44955 404
44956 398
44957 307
44958 470
44959 318
44960 396
44961 371
44962 367
44963 350
44964 431
44965 528
44966 465
44967 344
44968 376
44969 532
44970 507
44971 525
44972 445
44973 501
44974 462
44975 379
44976 561
44977 539
44978 584
44979 463
44980 419
44981 454
44982 534
44983 433
44984 412
44985 453
44986 617
44987 459
44988 549
44989 540
44990 506
44991 613
44992 495
44993 568
44994 617
44995 659
44996 604
44997 594
44998 620
44999 670
45000 599
45001 595
45002 512
45003 468
45004 519
45005 464
45006 391
45007 478
45008 340
45009 353
45010 473
45011 438
45012 377
45013 504
45014 527
45015 424
45016 441
45017 488
45018 409
45019 487
45020 453
45021 457
45022 475
45023 466
45024 418
45025 557
45026 452
45027 395
45028 442
45029 463
45030 564
45031 402
45032 423
45033 551
45034 447
45035 555
45036 545
45037 454
45038 528
45039 444
45040 441
45041 534
45042 474
45043 567
45044 485
45045 670
45046 512
45047 608
45048 562
45049 605
45050 653
45051 669
45052 582
45053 646
45054 596
45055 647
45056 605
45057 537
45058 430
45059 420
45060 470
45061 547
45062 547
45063 480
45064 507
45065 523
45066 611
45067 444
45068 496
45069 383
45070 560
45071 564
45072 529
45073 534
45074 584
45075 476
45076 453
45077 550
45078 439
45079 465
45080 498
45081 614
45082 458
45083 476
45084 630
45085 585
45086 489
45087 541
45088 503
45089 544
45090 499
45091 564
45092 607
45093 503
45094 628
45095 540
45096 597
45097 636
45098 711
45099 622
45100 649
45101 565
45102 648
45103 570
45104 710
45105 613
45106 754
45107 741
45108 682
45109 602
45110 781
45111 734
45112 697
45113 728
45114 792
45115 708
45116 649
45117 771
45118 673
45119 560
45120 513
45121 578
45122 523
45123 526
45124 688
45125 514
45126 601
45127 547
45128 707
45129 571
45130 537
45131 548
45132 686
45133 596
45134 658
45135 627
45136 701
45137 548
45138 593
45139 569
45140 736
45141 679
45142 747
45143 668
45144 604
45145 528
45146 618
45147 554
45148 542
45149 528
45150 696
45151 509
45152 501
45153 545
45154 570
45155 497
45156 554
45157 581
45158 531
45159 574
45160 605
45161 550
45162 535
45163 394
45164 419
45165 451
45166 510
45167 551
45168 449
45169 449
45170 450
45171 451
45172 561
45173 455
45174 431
45175 544
45176 590
45177 442
45178 603
45179 479
45180 547
45181 232
45182 239
45183 275
45184 214
45185 341
45186 328
45187 285
45188 292
45189 341
45190 366
45191 322
45192 362
45193 399
45194 361
45195 367
45196 393
45197 368
45198 392
45199 396
45200 436
45201 444
45202 421
45203 314
45204 367
45205 326
45206 368
45207 383
45208 505
45209 497
45210 523
45211 516
45212 540
45213 528
45214 456
45215 545
45216 399
45217 446
45218 496
45219 420
45220 449
45221 462
45222 602
45223 500
45224 392
45225 427
45226 464
45227 370
45228 464
45229 351
45230 366
45231 500
45232 523
45233 398
45234 338
45235 412
45236 447
45237 535
45238 362
45239 462
45240 476
45241 376
45242 382
45243 285
45244 252
45245 332
45246 260
45247 344
45248 272
45249 300
45250 392
45251 443
45252 330
45253 414
45254 462
45255 351
45256 461
45257 454
45258 406
45259 510
45260 524
45261 408
45262 423
45263 530
45264 426
45265 293
45266 267
45267 430
45268 440
45269 288
45270 455
45271 415
45272 462
45273 327
45274 451
45275 375
45276 383
45277 493
45278 462
45279 416
45280 363
45281 434
45282 543
45283 455
45284 395
45285 483
45286 425
45287 550
45288 382
45289 551
45290 529
45291 469
45292 487
45293 525
45294 549
45295 442
45296 473
45297 529
45298 605
45299 639
45300 496
45301 592
45302 635
45303 572
45304 572
45305 466
45306 512
45307 497
45308 453
45309 506
45310 499
45311 542
45312 601
45313 573
45314 482
45315 660
45316 641
45317 632
45318 662
45319 527
45320 429
45321 466
45322 401
45323 565
45324 472
45325 415
45326 533
45327 574
45328 522
45329 451
45330 599
45331 524
45332 583
45333 456
45334 609
45335 471
45336 599
45337 603
45338 560
45339 449
45340 549
45341 563
45342 642
45343 578
45344 551
45345 674
45346 614
45347 648
45348 658
45349 626
45350 657
45351 495
45352 403
45353 354
45354 339
45355 413
45356 344
45357 398
45358 410
45359 460
45360 492
45361 503
45362 507
45363 533
45364 414
45365 516
45366 415
45367 417
45368 565
45369 529
45370 507
45371 420
45372 528
45373 501
45374 500
45375 609
45376 570
45377 628
45378 631
45379 637
45380 598
45381 547
45382 599
45383 664
45384 669
45385 594
45386 623
45387 663
45388 537
45389 557
45390 654
45391 573
45392 614
45393 684
45394 464
45395 423
45396 540
45397 452
45398 439
45399 454
45400 603
45401 447
45402 549
45403 502
45404 460
45405 508
45406 631
45407 629
45408 521
45409 669
45410 559
45411 606
45412 492
45413 526
45414 582
45415 389
45416 471
45417 445
45418 427
45419 392
45420 480
45421 527
45422 549
45423 523
45424 535
45425 505
45426 372
45427 336
45428 480
45429 334
45430 406
45431 416
45432 388
45433 406
45434 523
45435 342
45436 444
45437 380
45438 536
45439 374
45440 499
45441 469
45442 446
45443 444
45444 451
45445 404
45446 525
45447 516
45448 509
45449 501
45450 433
45451 437
45452 486
45453 571
45454 639
45455 558
45456 531
45457 503
45458 415
45459 393
45460 528
45461 518
45462 530
45463 589
45464 607
45465 571
45466 453
45467 454
45468 470
45469 462
45470 295
45471 330
45472 495
45473 442
45474 335
45475 308
45476 449
45477 262
45478 340
45479 293
45480 363
45481 282
45482 323
45483 322
45484 245
45485 352
45486 391
45487 292
45488 293
45489 329
45490 292
45491 454
45492 334
45493 304
45494 313
45495 346
45496 481
45497 441
45498 284
45499 380
45500 381
45501 213
45502 301
45503 357
45504 218
45505 339
45506 254
45507 397
45508 234
45509 368
45510 392
45511 389
45512 315
45513 284
45514 353
45515 439
45516 307
45517 369
45518 487
45519 339
45520 323
45521 329
45522 432
45523 427
45524 357
45525 531
45526 538
45527 506
45528 509
45529 493
45530 386
45531 441
45532 416
45533 492
45534 541
45535 511
45536 544
45537 520
45538 573
45539 452
45540 595
45541 479
45542 567
45543 470
45544 475
45545 482
45546 449
45547 612
45548 496
45549 498
45550 522
45551 437
45552 538
45553 564
45554 487
45555 489
45556 506
45557 584
45558 435
45559 526
45560 444
45561 531
45562 461
45563 432
45564 425
45565 477
45566 483
45567 531
45568 593
45569 515
45570 570
45571 644
45572 560
45573 510
45574 623
45575 660
45576 509
45577 544
45578 602
45579 403
45580 364
45581 321
45582 338
45583 401
45584 396
45585 416
45586 504
45587 475
45588 443
45589 414
45590 543
45591 398
45592 543
45593 432
45594 541
45595 576
45596 514
45597 538
45598 594
45599 462
45600 581
45601 529
45602 604
45603 504
45604 443
45605 485
45606 534
45607 593
45608 614
45609 608
45610 604
45611 462
45612 541
45613 505
45614 584
45615 593
45616 540
45617 561
45618 656
45619 502
45620 538
45621 520
45622 521
45623 689
45624 662
45625 596
45626 653
45627 665
45628 630
45629 730
45630 559
45631 753
45632 683
45633 636
45634 660
45635 717
45636 685
45637 783
45638 749
45639 613
45640 631
45641 736
45642 500
45643 650
45644 461
45645 622
45646 597
45647 486
45648 547
45649 593
45650 579
45651 660
45652 576
45653 589
45654 539
45655 581
45656 552
45657 589
45658 666
45659 600
45660 579
45661 578
45662 727
45663 611
45664 729
45665 722
45666 621
45667 649
45668 587
45669 722
45670 626
45671 624
45672 669
45673 565
45674 511
45675 655
45676 642
45677 651
45678 536
45679 690
45680 375
45681 455
45682 387
45683 463
45684 365
45685 338
45686 475
45687 453
45688 517
45689 520
45690 383
45691 497
45692 521
45693 505
45694 509
45695 402
45696 485
45697 457
45698 583
45699 571
45700 470
45701 412
45702 444
45703 570
45704 512
45705 607
45706 266
45707 324
45708 205
45709 286
45710 349
45711 385
45712 253
45713 267
45714 344
45715 405
45716 277
45717 268
45718 262
45719 244
45720 274
45721 409
45722 392
45723 428
45724 432
45725 308
45726 424
45727 392
45728 300
45729 485
45730 289
45731 326
45732 355
45733 340
45734 344
45735 478
45736 396
45737 454
45738 322
45739 478
45740 433
45741 427
45742 439
45743 507
45744 354
45745 485
45746 333
45747 523
45748 421
45749 500
45750 495
45751 511
45752 540
45753 479
45754 529
45755 534
45756 448
45757 508
45758 535
45759 428
45760 519
45761 594
45762 597
45763 439
45764 479
45765 438
45766 526
45767 389
45768 351
45769 435
45770 496
45771 549
45772 487
45773 502
45774 394
45775 447
45776 468
45777 422
45778 604
45779 452
45780 482
45781 594
45782 579
45783 475
45784 478
45785 535
45786 564
45787 444
45788 500
45789 583
45790 481
45791 494
45792 506
45793 611
45794 645
45795 679
45796 595
45797 603
45798 647
45799 692
45800 672
45801 682
45802 559
45803 564
45804 696
45805 615
45806 740
45807 652
45808 761
45809 788
45810 722
45811 632
45812 723
45813 690
45814 702
45815 686
45816 721
45817 807
45818 490
45819 477
45820 430
45821 369
45822 500
45823 542
45824 174
45825 102
45826 88
45827 253
45828 126
45829 94
45830 221
45831 123
45832 204
45833 160
45834 120
45835 214
45836 168
45837 148
45838 276
45839 173
45840 255
45841 191
45842 200
45843 209
45844 319
45845 189
45846 305
45847 374
45848 361
45849 197
45850 282
45851 228
45852 347
45853 268
45854 358
45855 416
45856 349
45857 401
45858 277
45859 298
45860 252
45861 410
45862 276
45863 337
45864 416
45865 306
45866 305
45867 341
45868 481
45869 412
45870 413
45871 360
45872 509
45873 506
45874 336
45875 369
45876 488
45877 531
45878 366
45879 465
45880 388
45881 417
45882 432
45883 468
45884 499
45885 500
45886 509
45887 533
45888 532
45889 451
45890 479
45891 524
45892 601
45893 634
45894 511
45895 460
45896 611
45897 600
45898 632
45899 613
45900 669
45901 558
45902 589
45903 622
45904 697
45905 523
45906 693
45907 562
45908 554
45909 621
45910 349
45911 507
45912 338
45913 408
45914 495
45915 523
45916 465
45917 459
45918 364
45919 444
45920 444
45921 507
45922 558
45923 488
45924 582
45925 589
45926 539
45927 545
45928 536
45929 602
45930 436
45931 501
45932 545
45933 566
45934 486
45935 618
45936 510
45937 511
45938 553
45939 576
45940 613
45941 620
45942 624
45943 588
45944 502
45945 588
45946 692
45947 570
45948 689
45949 426
45950 419
45951 583
45952 589
45953 407
45954 485
45955 593
45956 416
45957 585
45958 569
45959 544
45960 460
45961 531
45962 505
45963 490
45964 546
45965 605
45966 482
45967 611
45968 613
45969 421
45970 293
45971 419
45972 362
45973 399
45974 301
45975 360
45976 306
45977 338
45978 295
45979 355
45980 489
45981 347
45982 456
45983 452
45984 497
45985 459
45986 452
45987 430
45988 447
45989 554
45990 476
45991 513
45992 545
45993 583
45994 536
45995 549
45996 567
45997 451
45998 601
45999 430
46000 452
46001 361
46002 329
46003 271
46004 433
46005 353
46006 439
46007 283
46008 266
46009 435
46010 360
46011 383
46012 418
46013 490
46014 396
46015 479
46016 339
46017 351
46018 473
46019 367
46020 353
46021 478
46022 431
46023 462
46024 352
46025 365
46026 467
46027 515
46028 383
46029 557
46030 552
46031 437
46032 512
46033 391
46034 549
46035 405
46036 541
46037 508
46038 573
46039 469
46040 377
46041 371
46042 535
46043 464
46044 361
46045 359
46046 546
46047 534
46048 560
46049 445
46050 454
46051 464
46052 467
46053 558
46054 566
46055 413
46056 574
46057 558
46058 509
46059 465
46060 570
46061 590
46062 495
46063 472
46064 504
46065 429
46066 451
46067 463
46068 421
46069 525
46070 517
46071 531
46072 366
46073 439
46074 547
46075 392
46076 507
46077 472
46078 479
46079 422
46080 547
46081 302
46082 231
46083 292
46084 261
46085 254
46086 254
46087 211
46088 419
46089 241
46090 406
46091 388
46092 370
46093 390
46094 442
46095 363
46096 436
46097 344
46098 471
46099 398
46100 286
46101 434
46102 341
46103 456
46104 369
46105 382
46106 385
46107 439
46108 468
46109 505
46110 449
46111 382
46112 349
46113 373
46114 416
46115 487
46116 454
46117 572
46118 472
46119 510
46120 517
46121 577
46122 460
46123 484
46124 565
46125 579
46126 555
46127 453
46128 448
46129 426
46130 459
46131 395
46132 385
46133 443
46134 363
46135 489
46136 432
46137 512
46138 428
46139 530
46140 585
46141 552
46142 442
46143 598
46144 539
46145 448
46146 520
46147 611
46148 437
46149 484
46150 633
46151 521
46152 472
46153 598
46154 654
46155 498
46156 501
46157 567
46158 670
46159 522
46160 679
46161 534
46162 655
46163 420
46164 537
46165 474
46166 421
46167 452
46168 599
46169 537
46170 431
46171 561
46172 606
46173 622
46174 562
46175 637
46176 478
46177 464
46178 480
46179 482
46180 467
46181 536
46182 614
46183 619
46184 509
46185 593
46186 510
46187 650
46188 690
46189 577
46190 527
46191 585
46192 458
46193 381
46194 317
46195 334
46196 330
46197 183
46198 359
46199 197
46200 345
46201 218
46202 268
46203 316
46204 236
46205 367
46206 335
46207 394
46208 314
46209 286
46210 368
46211 311
46212 407
46213 463
46214 466
46215 295
46216 412
46217 366
46218 463
46219 467
46220 510
46221 472
46222 415
46223 347
46224 339
46225 514
46226 480
46227 418
46228 409
46229 376
46230 424
46231 457
46232 430
46233 469
46234 537
46235 500
46236 416
46237 563
46238 444
46239 483
46240 467
46241 568
46242 580
46243 625
46244 520
46245 600
46246 533
46247 550
46248 479
46249 611
46250 633
46251 556
46252 647
46253 500
46254 553
46255 511
46256 686
46257 677
46258 668
46259 609
46260 585
46261 664
46262 721
46263 661
46264 629
46265 661
46266 701
46267 438
46268 516
46269 454
46270 423
46271 494
46272 391
46273 426
46274 427
46275 534
46276 564
46277 537
46278 479
46279 550
46280 602
46281 495
46282 411
46283 463
46284 475
46285 478
46286 524
46287 424
46288 585
46289 609
46290 445
46291 453
46292 530
46293 477
46294 559
46295 645
46296 628
46297 566
46298 423
46299 431
46300 572
46301 517
46302 411
46303 577
46304 556
46305 437
46306 624
46307 508
46308 567
46309 461
46310 592
46311 487
46312 559
46313 671
46314 674
46315 615
46316 480
46317 539
46318 388
46319 388
46320 457
46321 460
46322 525
46323 566
46324 413
46325 546
46326 511
46327 561
46328 429
46329 607
46330 449
46331 575
46332 539
46333 572
46334 466
46335 588
46336 545
46337 440
46338 477
46339 594
46340 596
46341 517
46342 533
46343 554
46344 529
46345 544
46346 435
46347 441
46348 473
46349 428
46350 444
46351 385
46352 425
46353 381
46354 358
46355 485
46356 398
46357 340
46358 372
46359 418
46360 466
46361 402
46362 335
46363 345
46364 237
46365 302
46366 261
46367 326
46368 367
46369 315
46370 272
46371 390
46372 297
46373 334
46374 308
46375 274
46376 384
46377 294
46378 375
46379 428
46380 441
46381 348
46382 377
46383 450
46384 276
46385 461
46386 326
46387 488
46388 342
46389 351
46390 367
46391 317
46392 425
46393 371
46394 373
46395 414
46396 341
46397 439
46398 444
46399 533
46400 412
46401 576
46402 499
46403 560
46404 588
46405 427
46406 471
46407 493
46408 568
46409 431
46410 442
46411 508
46412 501
46413 494
46414 480
46415 484
46416 599
46417 650
46418 412
46419 552
46420 576
46421 523
46422 462
46423 466
46424 583
46425 572
46426 431
46427 462
46428 513
46429 485
46430 570
46431 473
46432 414
46433 345
46434 376
46435 334
46436 315
46437 416
46438 427
46439 470
46440 516
46441 494
46442 515
46443 474
46444 536
46445 373
46446 392
46447 510
46448 535
46449 499
46450 378
46451 406
46452 424
46453 524
46454 463
46455 513
46456 581
46457 544
46458 567
46459 591
46460 450
46461 511
46462 597
46463 457
46464 497
46465 607
46466 531
46467 517
46468 576
46469 381
46470 506
46471 461
46472 457
46473 527
46474 529
46475 514
46476 518
46477 562
46478 431
46479 597
46480 529
46481 467
46482 477
46483 566
46484 626
46485 598
46486 615
46487 618
46488 613
46489 545
46490 574
46491 544
46492 557
46493 507
46494 667
46495 578
46496 639
46497 359
46498 445
46499 369
46500 435
46501 521
46502 489
46503 520
46504 454
46505 356
46506 372
46507 375
46508 521
46509 547
46510 378
46511 576
46512 558
46513 438
46514 554
46515 474
46516 511
46517 550
46518 573
46519 470
46520 613
46521 619
46522 485
46523 469
46524 551
46525 537
46526 543
46527 644
46528 624
46529 689
46530 656
46531 501
46532 595
46533 478
46534 498
46535 466
46536 589
46537 565
46538 629
46539 507
46540 672
46541 479
46542 459
46543 478
46544 364
46545 390
46546 330
46547 393
46548 366
46549 446
46550 405
46551 450
46552 454
46553 496
46554 503
46555 444
46556 517
46557 502
46558 557
46559 550
46560 549
46561 396
46562 516
46563 588
46564 436
46565 445
46566 443
46567 571
46568 410
46569 437
46570 527
46571 583
46572 610
46573 451
46574 602
46575 450
46576 451
46577 623
46578 574
46579 614
46580 501
46581 526
46582 628
46583 678
46584 661
46585 663
46586 713
46587 682
46588 680
46589 559
46590 578
46591 287
46592 282
46593 325
46594 302
46595 338
46596 332
46597 365
46598 298
46599 291
46600 365
46601 430
46602 408
46603 282
46604 396
46605 340
46606 464
46607 315
46608 300
46609 333
46610 422
46611 477
46612 318
46613 460
46614 324
46615 482
46616 400
46617 400
46618 416
46619 395
46620 366
46621 349
46622 421
46623 360
46624 332
46625 414
46626 474
46627 329
46628 481
46629 411
46630 281
46631 193
46632 317
46633 294
46634 253
46635 388
46636 215
46637 289
46638 299
46639 293
46640 410
46641 277
46642 260
46643 417
46644 377
46645 456
46646 411
46647 432
46648 410
46649 433
46650 439
46651 479
46652 340
46653 339
46654 304
46655 402
46656 335
46657 439
46658 417
46659 494
46660 360
46661 408
46662 504
46663 490
46664 406
46665 508
46666 450
46667 415
46668 524
46669 559
46670 548
46671 516
46672 442
46673 616
46674 481
46675 434
46676 564
46677 634
46678 552
46679 635
46680 450
46681 459
46682 540
46683 483
46684 556
46685 487
46686 572
46687 669
46688 604
46689 647
46690 659
46691 517
46692 382
46693 416
46694 416
46695 493
46696 531
46697 494
46698 461
46699 390
46700 446
46701 430
46702 578
46703 407
46704 592
46705 597
46706 451
46707 426
46708 623
46709 489
46710 545
46711 486
46712 610
46713 602
46714 597
46715 521
46716 556
46717 467
46718 660
46719 589
46720 615
46721 485
46722 542
46723 477
46724 531
46725 433
46726 593
46727 608
46728 470
46729 579
46730 600
46731 571
46732 528
46733 525
46734 641
46735 535
46736 492
46737 626
46738 558
46739 299
46740 333
46741 441
46742 352
46743 400
46744 278
46745 311
46746 383
46747 344
46748 414
46749 383
46750 331
46751 405
46752 448
46753 401
46754 402
46755 468
46756 382
46757 419
46758 492
46759 555
46760 362
46761 357
46762 406
46763 456
46764 394
46765 458
46766 334
46767 337
46768 485
46769 332
46770 357
46771 323
46772 353
46773 482
46774 442
46775 430
46776 356
46777 -39
46778 16
46779 -44
46780 81
46781 50
46782 86
46783 57
46784 133
46785 37
46786 67
46787 135
46788 28
46789 23
46790 25
46791 106
46792 169
46793 113
46794 -12
46795 76
46796 189
46797 204
46798 185
46799 206
46800 40
46801 54
46802 174
46803 239
46804 109
46805 94
46806 124
46807 265
46808 88
46809 260
46810 106
46811 118
46812 262
46813 209
46814 210
46815 183
46816 232
46817 288
46818 141
46819 263
46820 240
46821 292
46822 169
46823 314
46824 231
46825 267
46826 307
46827 258
46828 373
46829 299
46830 290
46831 288
46832 382
46833 219
46834 411
46835 308
46836 321
46837 415
46838 363
46839 305
46840 352
46841 394
46842 443
46843 251
46844 325
46845 443
46846 314
46847 267
46848 350
46849 318
46850 457
46851 436
46852 453
46853 369
46854 382
46855 315
46856 479
46857 437
46858 344
46859 511
46860 536
46861 457
46862 378
46863 525
46864 454
46865 422
46866 494
46867 567
46868 388
46869 573
46870 581
46871 423
46872 409
46873 501
46874 450
46875 451
46876 591
46877 602
46878 545
46879 507
46880 640
46881 562
46882 510
46883 524
46884 370
46885 478
46886 455
46887 455
46888 368
46889 440
46890 369
46891 476
46892 407
46893 357
46894 552
46895 458
46896 398
46897 539
46898 389
46899 583
46900 524
46901 567
46902 580
46903 523
46904 379
46905 557
46906 494
46907 442
46908 492
46909 454
46910 423
46911 427
46912 444
46913 467
46914 517
46915 554
46916 583
46917 450
46918 587
46919 462
46920 542
46921 497
46922 458
46923 559
46924 619
46925 396
46926 484
46927 378
46928 532
46929 426
46930 585
46931 539
46932 539
46933 389
46934 567
46935 480
46936 426
46937 562
46938 498
46939 445
46940 561
46941 505
46942 613
46943 432
46944 397
46945 401
46946 435
46947 352
46948 347
46949 470
46950 437
46951 524
46952 533
46953 459
46954 465
46955 506
46956 471
46957 479
46958 588
46959 421
46960 569
46961 375
46962 474
46963 372
46964 467
46965 512
46966 382
46967 393
46968 415
46969 480
46970 423
46971 458
46972 592
46973 564
46974 537
46975 531
46976 461
46977 427
46978 493
46979 410
46980 376
46981 357
46982 253
46983 297
46984 382
46985 289
46986 281
46987 286
46988 357
46989 319
46990 392
46991 428
46992 404
46993 469
46994 338
46995 435
46996 345
46997 428
46998 478
46999 529
47000 395
47001 564
47002 367
47003 424
47004 407
47005 537
47006 456
47007 415
47008 527
47009 485
47010 565
47011 591
47012 515
47013 567
47014 453
47015 453
47016 583
47017 564
47018 492
47019 601
47020 576
47021 622
47022 622
47023 531
47024 586
47025 629
47026 549
47027 561
47028 544
47029 573
47030 619
47031 642
47032 593
47033 624
47034 547
47035 561
47036 657
47037 536
47038 665
47039 703
47040 615
47041 389
47042 505
47043 430
47044 526
47045 513
47046 441
47047 547
47048 456
47049 552
47050 466
47051 568
47052 426
47053 526
47054 432
47055 585
47056 515
47057 471
47058 594
47059 558
47060 458
47061 521
47062 444
47063 489
47064 446
47065 441
47066 350
47067 482
47068 462
47069 499
47070 373
47071 416
47072 481
47073 478
47074 424
47075 493
47076 479
47077 561
47078 494
47079 488
47080 386
47081 434
47082 409
47083 428
47084 457
47085 570
47086 405
47087 405
47088 320
47089 461
47090 423
47091 485
47092 348
47093 331
47094 474
47095 357
47096 522
47097 405
47098 377
47099 502
47100 445
47101 373
47102 458
47103 430
47104 561
47105 412
47106 533
47107 599
47108 441
47109 540
47110 541
47111 544
47112 443
47113 444
47114 632
47115 548
47116 540
47117 499
47118 477
47119 559
47120 561
47121 623
47122 534
47123 535
47124 521
47125 585
47126 569
47127 677
47128 666
47129 672
47130 648
47131 675
47132 710
47133 685
47134 638
47135 570
47136 632
47137 718
47138 640
47139 573
47140 759
47141 668
47142 779
47143 710
47144 625
47145 638
47146 771
47147 702
47148 748
47149 458
47150 483
47151 628
47152 474
47153 376
47154 369
47155 308
47156 341
47157 426
47158 414
47159 370
47160 504
47161 480
47162 381
47163 451
47164 540
47165 479
47166 466
47167 542
47168 420
47169 507
47170 396
47171 397
47172 424
47173 567
47174 461
47175 570
47176 428
47177 566
47178 604
47179 615
47180 488
47181 534
47182 501
47183 621
47184 471
47185 563
47186 510
47187 495
47188 499
47189 524
47190 659
47191 622
47192 675
47193 666
47194 531
47195 453
47196 443
47197 587
47198 435
47199 503
47200 570
47201 536
47202 512
47203 557
47204 489
47205 511
47206 617
47207 550
47208 561
47209 622
47210 588
47211 472
47212 426
47213 440
47214 539
47215 466
47216 460
47217 627
47218 591
47219 625
47220 608
47221 550
47222 571
47223 546
47224 442
47225 523
47226 445
47227 462
47228 516
47229 572
47230 578
47231 442
47232 579
47233 468
47234 551
47235 558
47236 516
47237 551
47238 470
47239 474
47240 588
47241 528
47242 484
47243 454
47244 481
47245 515
47246 460
47247 567
47248 387
47249 478
47250 511
47251 496
47252 449
47253 510
47254 605
47255 414
47256 441
47257 598
47258 624
47259 449
47260 524
47261 533
47262 550
47263 561
47264 528
47265 663
47266 537
47267 520
47268 632
47269 608
47270 550
47271 575
47272 591
47273 532
47274 678
47275 612
47276 660
47277 512
47278 543
47279 622
47280 555
47281 543
47282 650
47283 740
47284 721
47285 395
47286 449
47287 383
47288 341
47289 442
47290 405
47291 316
47292 359
47293 478
47294 417
47295 373
47296 429
47297 500
47298 359
47299 324
47300 487
47301 494
47302 361
47303 489
47304 428
47305 518
47306 495
47307 379
47308 392
47309 394
47310 427
47311 367
47312 567
47313 537
47314 476
47315 470
47316 502
47317 598
47318 485
47319 544
47320 609
47321 445
47322 513
47323 453
47324 478
47325 540
47326 641
47327 463
47328 522
47329 515
47330 616
47331 687
47332 484
47333 631
47334 543
47335 644
47336 471
47337 559
47338 659
47339 675
47340 676
47341 695
47342 542
47343 583
47344 602
47345 654
47346 544
47347 639
47348 607
47349 579
47350 618
47351 672
47352 655
47353 649
47354 636
47355 666
47356 429
47357 508
47358 368
47359 384
47360 518
47361 438
47362 427
47363 346
47364 507
47365 374
47366 483
47367 447
47368 528
47369 513
47370 526
47371 543
47372 521
47373 569
47374 470
47375 584
47376 455
47377 554
47378 459
47379 447
47380 505
47381 508
47382 512
47383 481
47384 396
47385 398
47386 497
47387 503
47388 483
47389 463
47390 434
47391 486
47392 431
47393 575
47394 551
47395 329
47396 384
47397 438
47398 472
47399 467
47400 510
47401 368
47402 513
47403 511
47404 493
47405 368
47406 477
47407 468
47408 553
47409 485
47410 487
47411 378
47412 448
47413 431
47414 434
47415 547
47416 473
47417 443
47418 431
47419 398
47420 444
47421 548
47422 578
47423 574
47424 479
47425 598
47426 513
47427 526
47428 446
47429 480
47430 490
47431 362
47432 495
47433 478
47434 433
47435 470
47436 478
47437 397
47438 372
47439 385
47440 536
47441 405
47442 512
47443 551
47444 587
47445 435
47446 491
47447 396
47448 512
47449 542
47450 404
47451 439
47452 518
47453 447
47454 380
47455 544
47456 407
47457 549
47458 381
47459 340
47460 264
47461 417
47462 275
47463 404
47464 461
47465 411
47466 465
47467 434
47468 394
47469 302
47470 420
47471 373
47472 367
47473 423
47474 494
47475 398
47476 496
47477 321
47478 352
47479 379
47480 490
47481 410
47482 446
47483 379
47484 434
47485 423
47486 358
47487 440
47488 478
47489 516
47490 548
47491 484
47492 499
47493 421
47494 574
47495 480
47496 579
47497 464
47498 439
47499 571
47500 466
47501 474
47502 557
47503 584
47504 601
47505 518
47506 480
47507 545
47508 494
47509 577
47510 476
47511 549
47512 574
47513 613
47514 570
47515 669
47516 390
47517 486
47518 415
47519 437
47520 420
47521 388
47522 397
47523 361
47524 387
47525 391
47526 383
47527 543
47528 458
47529 509
47530 550
47531 482
47532 509
47533 583
47534 533
47535 531
47536 502
47537 453
47538 461
47539 573
47540 605
47541 519
47542 482
47543 521
47544 623
47545 610
47546 622
47547 649
47548 519
47549 523
47550 423
47551 445
47552 422
47553 548
47554 408
47555 457
47556 469
47557 418
47558 441
47559 485
47560 461
47561 528
47562 399
47563 553
47564 530
47565 453
47566 435
47567 481
47568 552
47569 456
47570 464
47571 625
47572 489
47573 603
47574 584
47575 564
47576 647
47577 515
47578 680
47579 545
47580 677
47581 593
47582 695
47583 521
47584 708
47585 558
47586 557
47587 612
47588 544
47589 573
47590 730
47591 707
47592 742
47593 649
47594 711
47595 648
47596 538
47597 711
47598 579
47599 610
47600 701
47601 649
47602 586
47603 692
47604 565
47605 702
47606 556
47607 568
47608 619
47609 602
47610 627
47611 524
47612 630
47613 544
47614 664
47615 580
47616 707
47617 684
47618 733
47619 582
47620 629
47621 570
47622 755
47623 634
47624 654
47625 595
47626 638
47627 610
47628 393
47629 565
47630 429
47631 535
47632 579
47633 444
47634 574
47635 532
47636 446
47637 519
47638 583
47639 326
47640 440
47641 424
47642 350
47643 524
47644 524
47645 468
47646 388
47647 528
47648 367
47649 524
47650 400
47651 561
47652 98
47653 123
47654 174
47655 134
47656 146
47657 108
47658 165
47659 158
47660 123
47661 173
47662 258
47663 90
47664 202
47665 285
47666 279
47667 289
47668 260
47669 212
47670 146
47671 237
47672 280
47673 212
47674 237
47675 189
47676 201
47677 355
47678 243
47679 330
47680 354
47681 236
47682 370
47683 246
47684 341
47685 237
47686 328
47687 329
47688 374
47689 393
47690 263
47691 258
47692 396
47693 433
47694 412
47695 316
47696 323
47697 374
47698 444
47699 353
47700 353
47701 393
47702 415
47703 320
47704 414
47705 392
47706 500
47707 409
47708 478
47709 497
47710 500
47711 545
47712 472
47713 322
47714 348
47715 436
47716 352
47717 494
47718 485
47719 387
47720 479
47721 518
47722 456
47723 453
47724 392
47725 480
47726 387
47727 525
47728 562
47729 389
47730 587
47731 415
47732 491
47733 410
47734 523
47735 588
47736 522
47737 591
47738 545
47739 550
47740 489
47741 518
47742 532
47743 499
47744 508
47745 537
47746 646
47747 665
47748 574
47749 530
47750 494
47751 617
47752 519
47753 657
47754 692
47755 494
47756 414
47757 420
47758 431
47759 473
47760 497
47761 619
47762 471
47763 449
47764 608
47765 522
47766 555
47767 503
47768 568
47769 494
47770 522
47771 591
47772 519
47773 603
47774 624
47775 594
47776 704
47777 624
47778 689
47779 720
47780 665
47781 617
47782 661
47783 688
47784 432
47785 573
47786 527
47787 439
47788 545
47789 527
47790 552
47791 429
47792 460
47793 583
47794 619
47795 525
47796 516
47797 485
47798 631
47799 539
47800 647
47801 582
47802 625
47803 586
47804 577
47805 582
47806 671
47807 575
47808 603
47809 625
47810 717
47811 586
47812 626
47813 560
47814 612
47815 651
47816 569
47817 616
47818 573
47819 744
47820 689
47821 621
47822 734
47823 742
47824 751
47825 657
47826 778
47827 779
47828 790
47829 362
47830 339
47831 466
47832 325
47833 337
47834 447
47835 492
47836 419
47837 355
47838 428
47839 424
47840 518
47841 492
47842 565
47843 502
47844 493
47845 581
47846 415
47847 512
47848 427
47849 575
47850 616
47851 444
47852 489
47853 538
47854 485
47855 624
47856 498
47857 628
47858 539
47859 601
47860 525
47861 623
47862 617
47863 660
47864 634
47865 512
47866 599
47867 718
47868 695
47869 711
47870 696
47871 731
47872 406
47873 446
47874 595
47875 536
47876 345
47877 311
47878 433
47879 423
47880 484
47881 492
47882 475
47883 508
47884 503
47885 351
47886 438
47887 481
47888 414
47889 378
47890 522
47891 496
47892 478
47893 556
47894 441
47895 473
47896 561
47897 494
47898 593
47899 511
47900 438
47901 591
47902 494
47903 465
47904 619
47905 598
47906 502
47907 474
47908 532
47909 507
47910 668
47911 642
47912 678
47913 557
47914 535
47915 685
47916 535
47917 437
47918 516
47919 438
47920 582
47921 488
47922 459
47923 617
47924 460
47925 631
47926 454
47927 572
47928 519
47929 500
47930 531
47931 518
47932 653
47933 569
47934 610
47935 644
47936 510
47937 457
47938 488
47939 615
47940 568
47941 557
47942 587
47943 543
47944 559
47945 574
47946 576
47947 501
47948 534
47949 571
47950 525
47951 623
47952 567
47953 554
47954 651
47955 514
47956 534
47957 539
47958 625
47959 625
47960 626
47961 579
47962 560
47963 470
47964 481
47965 633
47966 479
47967 592
47968 640
47969 524
47970 564
47971 602
47972 550
47973 646
47974 707
47975 560
47976 685
47977 649
47978 576
47979 687
47980 745
47981 646
47982 585
47983 488
47984 546
47985 515
47986 509
47987 459
47988 439
47989 588
47990 442
47991 459
47992 462
47993 480
47994 461
47995 552
47996 487
47997 616
47998 614
47999 613
48000 558
48001 647
48002 655
48003 640
48004 674
48005 600
48006 615
48007 568
48008 580
48009 540
48010 674
48011 405
48012 524
48013 394
48014 392
48015 463
48016 389
48017 378
48018 476
48019 463
48020 529
48021 526
48022 538
48023 365
48024 372
48025 513
48026 417
48027 393
48028 465
48029 398
48030 444
48031 524
48032 541
48033 526
48034 528
48035 445
48036 493
48037 506
48038 411
48039 422
48040 469
48041 519
48042 540
48043 562
48044 544
48045 524
48046 504
48047 460
48048 475
48049 444
48050 546
48051 592
48052 552
48053 629
48054 493
48055 616
48056 622
48057 478
48058 125
48059 56
48060 87
48061 251
48062 224
48063 197
48064 192
48065 139
48066 205
48067 280
48068 204
48069 166
48070 194
48071 161
48072 120
48073 168
48074 206
48075 256
48076 208
48077 305
48078 149
48079 253
48080 178
48081 337
48082 327
48083 267
48084 369
48085 351
48086 354
48087 206
48088 333
48089 238
48090 358
48091 376
48092 388
48093 347
48094 383
48095 259
48096 317
48097 269
48098 307
48099 394
48100 378
48101 362
48102 298
48103 403
48104 415
48105 299
48106 371
48107 328
48108 409
48109 306
48110 395
48111 408
48112 437
48113 369
48114 516
48115 451
48116 485
48117 520
48118 437
48119 512
48120 527
48121 510
48122 449
48123 408
48124 534
48125 448
48126 409
48127 573
48128 409
48129 544
48130 516
48131 482
48132 599
48133 455
48134 622
48135 601
48136 632
48137 492
48138 465
48139 562
48140 429
48141 497
48142 516
48143 637
48144 587
48145 627
48146 550
48147 648
48148 513
48149 491
48150 517
48151 638
48152 594
48153 535
48154 671
48155 520
48156 622
48157 574
48158 667
48159 719
48160 744
48161 727
48162 727
48163 639
48164 683
48165 705
48166 753
48167 587
48168 665
48169 731
48170 606
48171 645
48172 759
48173 731
48174 719
48175 714
48176 748
48177 677
48178 794
48179 775
48180 653
48181 816
48182 734
48183 810
48184 804
48185 557
48186 383
48187 456
48188 559
48189 561
48190 543
48191 509
48192 570
48193 542
48194 403
48195 498
48196 511
48197 432
48198 505
48199 551
48200 533
48201 573
48202 460
48203 558
48204 569
48205 436
48206 455
48207 513
48208 543
48209 577
48210 655
48211 642
48212 534
48213 664
48214 612
48215 585
48216 564
48217 609
48218 634
48219 520
48220 606
48221 630
48222 574
48223 647
48224 599
48225 570
48226 599
48227 690
48228 750
48229 464
48230 543
48231 569
48232 425
48233 508
48234 568
48235 430
48236 514
48237 606
48238 604
48239 445
48240 560
48241 525
48242 497
48243 395
48244 513
48245 446
48246 486
48247 437
48248 473
48249 544
48250 358
48251 446
48252 551
48253 418
48254 375
48255 470
48256 475
48257 461
48258 402
48259 576
48260 441
48261 547
48262 447
48263 595
48264 579
48265 481
48266 312
48267 285
48268 246
48269 270
48270 235
48271 319
48272 344
48273 271
48274 225
48275 333
48276 256
48277 374
48278 303
48279 249
48280 374
48281 289
48282 255
48283 328
48284 294
48285 271
48286 280
48287 272
48288 339
48289 308
48290 354
48291 380
48292 390
48293 418
48294 400
48295 326
48296 424
48297 332
48298 375
48299 440
48300 430
48301 437
48302 365
48303 433
48304 447
48305 380
48306 431
48307 508
48308 377
48309 520
48310 242
48311 291
48312 395
48313 243
48314 351
48315 388
48316 282
48317 397
48318 448
48319 298
48320 417
48321 350
48322 458
48323 355
48324 443
48325 347
48326 513
48327 517
48328 391
48329 457
48330 493
48331 427
48332 463
48333 359
48334 402
48335 485
48336 527
48337 561
48338 513
48339 574
48340 543
48341 175
48342 318
48343 211
48344 182
48345 290
48346 379
48347 255
48348 387
48349 345
48350 262
48351 259
48352 353
48353 262
48354 283
48355 313
48356 238
48357 389
48358 309
48359 326
48360 407
48361 362
48362 296
48363 457
48364 352
48365 399
48366 410
48367 440
48368 457
48369 307
48370 182
48371 191
48372 298
48373 307
48374 234
48375 247
48376 325
48377 214
48378 377
48379 255
48380 369
48381 365
48382 321
48383 291
48384 382
48385 379
48386 424
48387 397
48388 350
48389 262
48390 275
48391 293
48392 460
48393 336
48394 389
48395 373
48396 342
48397 425
48398 407
48399 453
48400 331
48401 403
48402 389
48403 403
48404 382
48405 412
48406 414
48407 384
48408 384
48409 446
48410 396
48411 462
48412 452
48413 464
48414 549
48415 503
48416 499
48417 530
48418 491
48419 434
48420 607
48421 572
48422 603
48423 508
48424 573
48425 631
48426 604
48427 570
48428 609
48429 529
48430 678
48431 519
48432 440
48433 497
48434 449
48435 513
48436 457
48437 562
48438 512
48439 515
48440 602
48441 493
48442 636
48443 488
48444 653
48445 602
48446 548
48447 508
48448 577
48449 399
48450 477
48451 398
48452 505
48453 391
48454 528
48455 506
48456 473
48457 563
48458 395
48459 488
48460 393
48461 457
48462 505
48463 521
48464 398
48465 497
48466 434
48467 398
48468 401
48469 506
48470 482
48471 319
48472 286
48473 299
48474 419
48475 420
48476 421
48477 440
48478 469
48479 335
48480 378
48481 354
48482 294
48483 462
48484 450
48485 430
48486 402
48487 496
48488 497
48489 422
48490 364
48491 355
48492 264
48493 340
48494 280
48495 429
48496 432
48497 320
48498 377
48499 463
48500 464
48501 312
48502 442
48503 386
48504 455
48505 408
48506 476
48507 395
48508 419
48509 359
48510 415
48511 452
48512 560
48513 564
48514 465
48515 478
48516 571
48517 540
48518 436
48519 592
48520 483
48521 593
48522 469
48523 405
48524 247
48525 417
48526 276
48527 454
48528 354
48529 424
48530 408
48531 480
48532 441
48533 486
48534 349
48535 499
48536 412
48537 391
48538 392
48539 434
48540 469
48541 426
48542 399
48543 385
48544 429
48545 499
48546 523
48547 453
48548 518
48549 565
48550 480
48551 508
48552 468
48553 443
48554 502
48555 551
48556 460
48557 461
48558 546
48559 423
48560 290
48561 482
48562 479
48563 317
48564 471
48565 379
48566 488
48567 451
48568 392
48569 391
48570 435
48571 388
48572 371
48573 499
48574 395
48575 489
48576 496
48577 482
48578 427
48579 441
48580 451
48581 585
48582 482
48583 403
48584 452
48585 449
48586 543
48587 510
48588 523
48589 441
48590 471
48591 633
48592 478
48593 571
48594 589
48595 575
48596 483
48597 430
48598 481
48599 395
48600 423
48601 488
48602 502
48603 510
48604 421
48605 433
48606 540
48607 498
48608 475
48609 415
48610 474
48611 210
48612 248
48613 299
48614 277
48615 188
48616 205
48617 151
48618 138
48619 180
48620 328
48621 296
48622 329
48623 233
48624 293
48625 186
48626 317
48627 230
48628 227
48629 280
48630 242
48631 205
48632 313
48633 395
48634 282
48635 242
48636 238
48637 250
48638 243
48639 287
48640 401
48641 300
48642 398
48643 403
48644 400
48645 309
48646 460
48647 414
48648 322
48649 360
48650 342
48651 421
48652 355
48653 388
48654 513
48655 388
48656 325
48657 301
48658 355
48659 392
48660 326
48661 339
48662 266
48663 383
48664 418
48665 294
48666 311
48667 471
48668 308
48669 392
48670 405
48671 398
48672 316
48673 478
48674 412
48675 333
48676 337
48677 488
48678 337
48679 438
48680 459
48681 426
48682 429
48683 491
48684 566
48685 537
48686 553
48687 476
48688 406
48689 573
48690 504
48691 451
48692 535
48693 454
48694 573
48695 564
48696 480
48697 501
48698 530
48699 526
48700 572
48701 516
48702 471
48703 537
48704 632
48705 583
48706 604
48707 384
48708 331
48709 358
48710 498
48711 480
48712 350
48713 425
48714 504
48715 405
48716 463
48717 344
48718 460
48719 407
48720 352
48721 500
48722 413
48723 379
48724 338
48725 68
48726 86
48727 108
48728 148
48729 166
48730 117
48731 224
48732 212
48733 110
48734 145
48735 98
48736 151
48737 126
48738 215
48739 176
48740 271
48741 228
48742 146
48743 292
48744 215
48745 171
48746 135
48747 257
48748 251
48749 275
48750 321
48751 282
48752 196
48753 201
48754 236
48755 225
48756 322
48757 382
48758 361
48759 258
48760 308
48761 312
48762 251
48763 379
48764 280
48765 378
48766 397
48767 380
48768 291
48769 300
48770 456
48771 445
48772 281
48773 470
48774 483
48775 431
48776 452
48777 441
48778 400
48779 462
48780 419
48781 459
48782 348
48783 460
48784 431
48785 266
48786 372
48787 351
48788 288
48789 307
48790 423
48791 381
48792 427
48793 329
48794 433
48795 494
48796 371
48797 342
48798 472
48799 402
48800 452
48801 418
48802 368
48803 396
48804 475
48805 447
48806 434
48807 428
48808 504
48809 461
48810 472
48811 512
48812 522
48813 540
48814 584
48815 470
48816 597
48817 486
48818 576
48819 576
48820 497
48821 527
48822 551
48823 331
48824 490
48825 456
48826 339
48827 488
48828 508
48829 413
48830 424
48831 374
48832 387
48833 397
48834 498
48835 334
48836 423
48837 518
48838 390
48839 415
48840 399
48841 435
48842 549
48843 546
48844 443
48845 596
48846 470
48847 461
48848 604
48849 602
48850 556
48851 504
48852 431
48853 449
48854 593
48855 479
48856 502
48857 645
48858 595
48859 656
48860 615
48861 659
48862 678
48863 682
48864 562
48865 586
48866 584
48867 641
48868 446
48869 380
48870 389
48871 482
48872 482
48873 534
48874 481
48875 442
48876 356
48877 423
48878 397
48879 436
48880 363
48881 315
48882 386
48883 449
48884 392
48885 380
48886 337
48887 397
48888 294
48889 481
48890 491
48891 305
48892 302
48893 322
48894 436
48895 328
48896 485
48897 527
48898 390
48899 459
48900 445
48901 506
48902 375
48903 479
48904 450
48905 542
48906 559
48907 565
48908 522
48909 575
48910 482
48911 415
48912 462
48913 462
48914 428
48915 437
48916 447
48917 503
48918 519
48919 547
48920 425
48921 324
48922 462
48923 468
48924 423
48925 458
48926 452
48927 450
48928 369
48929 355
48930 440
48931 353
48932 429
48933 158
48934 219
48935 211
48936 238
48937 142
48938 152
48939 329
48940 164
48941 300
48942 325
48943 263
48944 327
48945 184
48946 276
48947 292
48948 299
48949 217
48950 201
48951 315
48952 262
48953 275
48954 246
48955 339
48956 255
48957 298
48958 275
48959 305
48960 419
48961 411
48962 395
48963 337
48964 425
48965 388
48966 405
48967 399
48968 402
48969 318
48970 455
48971 427
48972 475
48973 408
48974 419
48975 409
48976 370
48977 428
48978 408
48979 416
48980 524
48981 421
48982 482
48983 371
48984 474
48985 453
48986 512
48987 568
48988 483
48989 408
48990 461
48991 597
48992 562
48993 551
48994 521
48995 590
48996 535
48997 494
48998 535
48999 439
49000 631
49001 529
49002 533
49003 580
49004 469
49005 635
49006 526
49007 600
49008 629
49009 616
49010 621
49011 586
49012 511
49013 562
49014 595
49015 602
49016 611
49017 613
49018 597
49019 763
49020 584
49021 429
49022 467
49023 596
49024 561
49025 482
49026 558
49027 519
49028 537
49029 470
49030 456
49031 655
49032 526
49033 634
49034 509
49035 552
49036 506
49037 493
49038 607
49039 651
49040 539
49041 601
49042 697
49043 533
49044 656
49045 680
49046 525
49047 561
49048 555
49049 638
49050 579
49051 569
49052 564
49053 717
49054 590
49055 768
49056 631
49057 642
49058 747
49059 640
49060 716
49061 671
49062 682
49063 816
49064 687
49065 683
49066 688
49067 815
49068 687
49069 744
49070 529
49071 521
49072 454
49073 455
49074 497
49075 583
49076 628
49077 549
49078 407
49079 515
49080 457
49081 443
49082 368
49083 556
49084 500
49085 538
49086 463
49087 425
49088 390
49089 419
49090 330
49091 302
49092 303
49093 370
49094 410
49095 349
49096 358
49097 371
49098 350
49099 427
49100 455
49101 344
49102 442
49103 415
49104 345
49105 336
49106 431
49107 359
49108 515
49109 462
49110 386
49111 429
49112 373
49113 555
49114 543
49115 454
49116 377
49117 478
49118 485
49119 552
49120 527
49121 407
49122 565
49123 485
49124 622
49125 626
49126 511
49127 608
49128 470
49129 604
49130 628
49131 560
49132 578
49133 517
49134 589
49135 526
49136 559
49137 583
49138 652
49139 727
49140 717
49141 583
49142 634
49143 568
49144 719
49145 711
49146 707
49147 757
49148 686
49149 594
49150 695
49151 674
49152 703
49153 741
49154 633
49155 696
49156 801
49157 642
49158 669
49159 749
49160 790
49161 823
49162 801
49163 666
49164 658
49165 749
49166 852
49167 865
49168 745
49169 764
49170 737
49171 747
49172 875
49173 895
49174 794
49175 748
49176 835
49177 907
49178 769
49179 796
49180 774
49181 945
49182 369
49183 381
49184 335
49185 340
49186 380
49187 370
49188 292
49189 472
49190 417
49191 434
49192 374
49193 385
49194 465
49195 363
49196 312
49197 395
49198 483
49199 485
49200 505
49201 413
49202 377
49203 370
49204 354
49205 456
49206 525
49207 423
49208 467
49209 541
49210 407
49211 409
49212 489
49213 450
49214 527
49215 588
49216 524
49217 458
49218 521
49219 449
49220 636
49221 577
49222 525
49223 504
49224 599
49225 534
49226 591
49227 526
49228 603
49229 636
49230 583
49231 571
49232 533
49233 671
49234 613
49235 543
49236 533
49237 414
49238 469
49239 533
49240 445
49241 544
49242 414
49243 497
49244 551
49245 534
49246 513
49247 429
49248 468
49249 504
49250 488
49251 478
49252 608
49253 495
49254 645
49255 621
49256 504
49257 504
49258 637
49259 548
49260 655
49261 662
49262 592
49263 589
49264 627
49265 675
49266 587
49267 637
49268 558
49269 599
49270 696
49271 486
49272 372
49273 459
49274 478
49275 437
49276 483
49277 390
49278 523
49279 345
49280 435
49281 353
49282 361
49283 479
49284 498
49285 524
49286 477
49287 551
49288 220
49289 385
49290 246
49291 210
49292 358
49293 385
49294 239
49295 409
49296 402
49297 399
49298 414
49299 434
49300 382
49301 285
49302 383
49303 365
49304 455
49305 413
49306 470
49307 156
49308 260
49309 212
49310 269
49311 339
49312 156
49313 316
49314 187
49315 260
49316 355
49317 258
49318 305
49319 350
49320 197
49321 292
49322 343
49323 309
49324 360
49325 333
49326 254
49327 362
49328 374
49329 282
49330 366
49331 385
49332 284
49333 401
49334 396
49335 337
49336 403
49337 386
49338 339
49339 324
49340 407
49341 284
49342 381
49343 298
49344 415
49345 254
49346 448
49347 381
49348 446
49349 454
49350 480
49351 370
49352 341
49353 441
49354 477
49355 460
49356 486
49357 517
49358 409
49359 521
49360 516
49361 531
49362 535
49363 524
49364 532
49365 463
49366 509
49367 405
49368 563
49369 420
49370 544
49371 575
49372 548
49373 442
49374 482
49375 478
49376 516
49377 508
49378 578
49379 506
49380 548
49381 641
49382 623
49383 576
49384 604
49385 606
49386 529
49387 641
49388 508
49389 492
49390 654
49391 671
49392 508
49393 680
49394 560
49395 696
49396 676
49397 703
49398 667
49399 674
49400 642
49401 712
49402 672
49403 550
49404 726
49405 695
49406 668
49407 572
49408 584
49409 765
49410 669
49411 737
49412 619
49413 725
49414 617
49415 784
49416 711
49417 665
49418 762
49419 741
49420 678
49421 787
49422 794
49423 697
49424 823
49425 362
49426 527
49427 525
49428 374
49429 405
49430 542
49431 440
49432 438
49433 550
49434 555
49435 427
49436 591
49437 548
49438 593
49439 506
49440 400
49441 287
49442 416
49443 409
49444 429
49445 363
49446 420
49447 375
49448 389
49449 332
49450 353
49451 322
49452 455
49453 391
49454 479
49455 452
49456 376
49457 365
49458 313
49459 349
49460 333
49461 305
49462 418
49463 522
49464 477
49465 461
49466 471
49467 378
49468 362
49469 414
49470 381
49471 387
49472 428
49473 484
49474 423
49475 475
49476 530
49477 558
49478 414
49479 480
49480 494
49481 486
49482 543
49483 546
49484 494
49485 383
49486 387
49487 531
49488 482
49489 598
49490 587
49491 568
49492 523
49493 463
49494 527
49495 516
49496 471
49497 442
49498 501
49499 494
49500 435
49501 626
49502 497
49503 592
49504 516
49505 639
49506 551
49507 622
49508 616
49509 561
49510 551
49511 693
49512 522
49513 569
49514 659
49515 551
49516 620
49517 671
49518 548
49519 709
49520 644
49521 711
49522 680
49523 567
49524 613
49525 600
49526 771
49527 689
49528 775
49529 756
49530 306
49531 478
49532 359
49533 453
49534 429
49535 459
49536 476
49537 376
49538 553
49539 453
49540 425
49541 508
49542 448
49543 516
49544 429
49545 462
49546 471
49547 583
49548 467
49549 476
49550 569
49551 436
49552 629
49553 517
49554 563
49555 596
49556 569
49557 652
49558 577
49559 559
49560 567
49561 564
49562 589
49563 499
49564 307
49565 377
49566 274
49567 434
49568 299
49569 437
49570 449
49571 415
49572 318
49573 358
49574 495
49575 337
49576 481
49577 450
49578 354
49579 404
49580 360
49581 449
49582 430
49583 393
49584 384
49585 484
49586 417
49587 463
49588 553
49589 454
49590 478
49591 480
49592 466
49593 582
49594 452
49595 438
49596 556
49597 440
49598 439
49599 470
49600 514
49601 521
49602 502
49603 583
49604 590
49605 467
49606 581
49607 515
49608 498
49609 642
49610 343
49611 284
49612 441
49613 435
49614 393
49615 461
49616 485
49617 463
49618 355
49619 349
49620 391
49621 408
49622 480
49623 494
49624 354
49625 534
49626 401
49627 399
49628 514
49629 504
49630 393
49631 465
49632 544
49633 441
49634 585
49635 501
49636 444
49637 405
49638 499
49639 606
49640 474
49641 477
49642 605
49643 589
49644 614
49645 516
49646 620
49647 518
49648 644
49649 592
49650 617
49651 587
49652 543
49653 511
49654 521
49655 528
49656 538
49657 602
49658 628
49659 679
49660 640
49661 534
49662 550
49663 505
49664 641
49665 528
49666 345
49667 420
49668 390
49669 336
49670 464
49671 479
49672 472
49673 484
49674 439
49675 451
49676 384
49677 392
49678 510
49679 495
49680 446
49681 483
49682 444
49683 558
49684 427
49685 530
49686 444
49687 479
49688 592
49689 433
49690 524
49691 493
49692 300
49693 400
49694 408
49695 375
49696 252
49697 418
49698 423
49699 446
49700 286
49701 429
49702 472
49703 349
49704 361
49705 310
49706 321
49707 352
49708 434
49709 375
49710 484
49711 349
49712 477
49713 378
49714 321
49715 355
49716 442
49717 442
49718 446
49719 482
49720 397
49721 457
49722 434
49723 427
49724 446
49725 516
49726 391
49727 458
49728 447
49729 380
49730 425
49731 389
49732 408
49733 425
49734 428
49735 536
49736 379
49737 432
49738 380
49739 448
49740 562
49741 544
49742 592
49743 588
49744 435
49745 509
49746 573
49747 449
49748 586
49749 521
49750 501
49751 471
49752 522
49753 608
49754 496
49755 510
49756 562
49757 648
49758 691
49759 525
49760 624
49761 545
49762 657
49763 666
49764 564
49765 678
49766 731
49767 657
49768 672
49769 761
49770 767
49771 435
49772 316
49773 327
49774 436
49775 410
49776 458
49777 515
49778 514
49779 402
49780 416
49781 377
49782 425
49783 518
49784 505
49785 534
49786 510
49787 497
49788 512
49789 497
49790 537
49791 569
49792 614
49793 449
49794 463
49795 635
49796 470
49797 562
49798 523
49799 460
49800 474
49801 443
49802 366
49803 435
49804 517
49805 386
49806 539
49807 405
49808 517
49809 372
49810 513
49811 543
49812 391
49813 418
49814 392
49815 533
49816 483
49817 469
49818 517
49819 388
49820 431
49821 518
49822 440
49823 592
49824 554
49825 571
49826 543
49827 523
49828 473
49829 470
49830 474
49831 499
49832 615
49833 469
49834 367
49835 443
49836 531
49837 475
49838 457
49839 530
49840 571
49841 577
49842 461
49843 421
49844 598
49845 583
49846 616
49847 618
49848 622
49849 509
49850 508
49851 636
49852 474
49853 479
49854 624
49855 657
49856 627
49857 611
49858 688
49859 550
49860 501
49861 671
49862 598
49863 675
49864 544
49865 555
49866 680
49867 564
49868 666
49869 558
49870 663
49871 583
49872 767
49873 699
49874 666
49875 621
49876 641
49877 702
49878 627
49879 779
49880 678
49881 648
49882 682
49883 658
49884 384
49885 436
49886 413
49887 440
49888 539
49889 512
49890 512
49891 447
49892 416
49893 580
49894 449
49895 349
49896 455
49897 372
49898 382
49899 321
49900 393
49901 507
49902 527
49903 360
49904 507
49905 487
49906 431
49907 495
49908 540
49909 399
49910 469
49911 499
49912 413
49913 439
49914 470
49915 550
49916 471
49917 457
49918 549
49919 475
49920 425
49921 610
49922 513
49923 636
49924 463
49925 421
49926 462
49927 496
49928 455
49929 454
49930 521
49931 357
49932 548
49933 466
49934 469
49935 390
49936 520
49937 549
49938 576
49939 585
49940 515
49941 495
49942 441
49943 580
49944 443
49945 577
49946 605
49947 567
49948 591
49949 523
49950 634
49951 324
49952 331
49953 350
49954 378
49955 407
49956 260
49957 373
49958 332
49959 341
49960 304
49961 407
49962 391
49963 282
49964 292
49965 283
49966 336
49967 359
49968 315
49969 465
49970 434
49971 393
49972 511
49973 433
49974 328
49975 408
49976 506
49977 375
49978 514
49979 541
49980 456
49981 485
49982 478
49983 449
49984 441
49985 508
49986 465
49987 596
49988 485
49989 416
49990 594
49991 550
49992 465
49993 559
49994 495
49995 554
49996 638
49997 609
49998 568
49999 591
Negative cycle: none
Execution time: 3.1342 ms
